timestamp,open,high,low,close,volume
2022-01-01T00:00:00Z,46197.5,46928,46197,46783.5,9955.966
2022-01-01T04:00:00Z,46783.5,47546,46602.5,47194,15783.312
2022-01-01T08:00:00Z,47194,47327,46698.5,46746,16142.54
2022-01-01T12:00:00Z,46746,47468,46744.5,47204.5,17255.726
2022-01-01T16:00:00Z,47204.5,47949,47173,47338,16332.161
2022-01-01T20:00:00Z,47338,47822,47219.5,47736,13593.399
2022-01-02T00:00:00Z,47736,47762,47261,47323,16048.547
2022-01-02T04:00:00Z,47323,47409.5,46765.5,47163.5,15070.254
2022-01-02T08:00:00Z,47163.5,47489.5,46964,47220.5,15746.153
2022-01-02T12:00:00Z,47220.5,47448,47000,47323.5,19161.044
2022-01-02T16:00:00Z,47323.5,47988,46638.5,46902.5,26915.623
2022-01-02T20:00:00Z,46902.5,47466.5,46816.5,47282.5,13079.594
2022-01-03T00:00:00Z,47282.5,47282.5,46722,46796,16623.56
2022-01-03T04:00:00Z,46796,47200,46752,47039.5,15259.125
2022-01-03T08:00:00Z,47039.5,47418.5,46767.5,47353,16555.247
2022-01-03T12:00:00Z,47353,47556,46587,46679.5,22770.886
2022-01-03T16:00:00Z,46679.5,46780,46256.5,46360,15992.526
2022-01-03T20:00:00Z,46360,46559.5,45678.5,46433,16713.574
2022-01-04T00:00:00Z,46433,46528.5,45943,46308.5,14152.746
2022-01-04T04:00:00Z,46308.5,46547.5,46015,46520.5,15822.056
2022-01-04T08:00:00Z,46520.5,46738.5,46275,46704.5,15828.417
2022-01-04T12:00:00Z,46704.5,47534,46394.5,46941.5,27972.913
2022-01-04T16:00:00Z,46941.5,46972.5,45506.5,46040,26267.484
2022-01-04T20:00:00Z,46040,46415,45746,45823.5,13242.933
2022-01-05T00:00:00Z,45823.5,46539,45712,46400.5,18615.406
2022-01-05T04:00:00Z,46400.5,46514,46232.5,46390,14372.377
2022-01-05T08:00:00Z,46390,47065,46108.5,46262,24522.59
2022-01-05T12:00:00Z,46262,46831.5,45904,46604,33790.972
2022-01-05T16:00:00Z,46601.5,46658.5,44330,44661,35703.368
2022-01-05T20:00:00Z,44661,44808,42436,43413,47497.707
2022-01-06T00:00:00Z,43397,43759.5,42811,42822.5,25773.625
2022-01-06T04:00:00Z,42822.5,43241.5,42569.5,43215,23360.777
2022-01-06T08:00:00Z,43215,43236.5,42405.5,42858.5,23923.739
2022-01-06T12:00:00Z,42858.5,43220.5,42625,42931.5,24886.568
2022-01-06T16:00:00Z,42931.5,43485.5,42740,43413.5,18730.992
2022-01-06T20:00:00Z,43413.5,43555,42994,43075.5,16744.38
2022-01-07T00:00:00Z,43075.5,43133.5,41538.5,41781,34114.51
2022-01-07T04:00:00Z,41781,41919.5,40958.5,41684,32614.285
2022-01-07T08:00:00Z,41684,42881.5,41599.5,42237.5,23529.912
2022-01-07T12:00:00Z,42237.5,42749.5,40578,41300,36015.192
2022-01-07T16:00:00Z,41305.5,42303.5,40913,41755.5,23401.008
2022-01-07T20:00:00Z,41755.5,42045,41327,41546,12673.695
2022-01-08T00:00:00Z,41546,42237,41546,41788.5,14699.06
2022-01-08T04:00:00Z,41788.5,41982.5,41712,41896.5,12524.549
2022-01-08T08:00:00Z,41896.5,42205.5,41748,41929,15767.053
2022-01-08T12:00:00Z,41929,42040,41420,41599,19964.812
2022-01-08T16:00:00Z,41599,41722,40507.5,40832.5,35257.97
2022-01-08T20:00:00Z,40832.5,42307.5,40719,41676,20714.374
2022-01-09T00:00:00Z,41676,42159,41380,41823,17513.792
2022-01-09T04:00:00Z,41823,42080,41668,41776.5,12553.586
2022-01-09T08:00:00Z,41776.5,41978.5,41400,41860.5,19580.208
2022-01-09T12:00:00Z,41860.5,41916.5,41185,41614,24836.452
2022-01-09T16:00:00Z,41614,42726,41547,42665,23933.236
2022-01-09T20:00:00Z,42665,42759,41763.5,41848,20060.478
2022-01-10T00:00:00Z,41848,42020,41588,41983.5,14760.661
2022-01-10T04:00:00Z,41983.5,42247,41838,42054,17425.23
2022-01-10T08:00:00Z,42054,42120,41444,41555,19252.6
2022-01-10T12:00:00Z,41555,41600,39611,40959.5,52206.784
2022-01-10T16:00:00Z,40959.5,42117.5,40556.5,41278,35985.386
2022-01-10T20:00:00Z,41278,41975.5,41146,41797.5,14439.077
2022-01-11T00:00:00Z,41797.5,42398.5,41528,42272,17702.716
2022-01-11T04:00:00Z,42272,42360,41982.5,42207,15170.215
2022-01-11T08:00:00Z,42207,42650,41600,41831,25815.482
2022-01-11T12:00:00Z,41835,42205.5,41268.5,41727,26716.68
2022-01-11T16:00:00Z,41727,43094.5,41676,42971.5,29848.69
2022-01-11T20:00:00Z,42971.5,43096,42608.5,42722,12186.744
2022-01-12T00:00:00Z,42722,42965,42443,42610,13976.47
2022-01-12T04:00:00Z,42610,42875,42445.5,42549,17234.242
2022-01-12T08:00:00Z,42549,43454,42502.5,42927,27750.076
2022-01-12T12:00:00Z,42927,44069,42867,43554,35474.619
2022-01-12T16:00:00Z,43554,43889,43321.5,43740,15973.196
2022-01-12T20:00:00Z,43740,44347.5,43630.5,43903.5,13594.135
2022-01-13T00:00:00Z,43904.5,44047,43412,43500,15813.225
2022-01-13T04:00:00Z,43500,43800,43482.5,43693,15793.831
2022-01-13T08:00:00Z,43693,44024,43473.5,43592,27258.465
2022-01-13T12:00:00Z,43592,44401,42861,43177.5,40046.791
2022-01-13T16:00:00Z,43177.5,43450,42515.5,42687,25096.332
2022-01-13T20:00:00Z,42687,42868.5,42305.5,42554.5,18226.597
2022-01-14T00:00:00Z,42554.5,42756,42348.5,42618,21010.684
2022-01-14T04:00:00Z,42618,42956,42575.5,42627.5,19663.709
2022-01-14T08:00:00Z,42627.5,42675,41815,41989.5,32461.746
2022-01-14T12:00:00Z,41989.5,43343,41737,43106,43067.751
2022-01-14T16:00:00Z,43106,43412.5,42780,43097,19258.873
2022-01-14T20:00:00Z,43097,43462,43008,43068,15377.927
2022-01-15T00:00:00Z,43068,43176.5,42877.5,42924,17696.599
2022-01-15T04:00:00Z,42924,43087.5,42710.5,43075,20563.865
2022-01-15T08:00:00Z,43075,43286,42872.5,43013,18620.57
2022-01-15T12:00:00Z,43013,43400,42537.5,43393,31075.318
2022-01-15T16:00:00Z,43393,43564,43232,43521,18370.391
2022-01-15T20:00:00Z,43521,43822.5,43080.5,43087,18590.95
2022-01-16T00:00:00Z,43087,43143.5,42821.5,42966.5,20299.107
2022-01-16T04:00:00Z,42966.5,43255,42853.5,43200.5,16624.917
2022-01-16T08:00:00Z,43200.5,43301,42744.5,42954,18661.792
2022-01-16T12:00:00Z,42954,43437,42576.5,43207,31817.275
2022-01-16T16:00:00Z,43207,43470.5,42782.5,42815,15319.266
2022-01-16T20:00:00Z,42815,43256,42733,43053,13854.367
2022-01-17T00:00:00Z,43052.5,43155,42616.5,42632.5,18448.037
2022-01-17T04:00:00Z,42632.5,42951,42317,42643.5,24170.426
2022-01-17T08:00:00Z,42643.5,42893.5,42559.5,42654,17493.716
2022-01-17T12:00:00Z,42654,42768.5,42355,42461.5,21845.804
2022-01-17T16:00:00Z,42461.5,42518,41827,42214.5,22127.68
2022-01-17T20:00:00Z,42214.5,42375.5,41529.5,42181.5,18667.948
2022-01-18T00:00:00Z,42181.5,42430.5,41958.5,42028,16324.419
2022-01-18T04:00:00Z,42028,42319,41864.5,42042,20284.92
2022-01-18T08:00:00Z,42042,42043,41440.5,41849.5,30460.458
2022-01-18T12:00:00Z,41849.5,41932,41264,41574,38432.839
2022-01-18T16:00:00Z,41573.5,41762,41368.5,41681,14728.18
2022-01-18T20:00:00Z,41681,42670,41483,42336.5,20829.012
2022-01-19T00:00:00Z,42336.5,42509.5,41560,41682,28909.45
2022-01-19T04:00:00Z,41682,41832,41142,41257.5,28874.485
2022-01-19T08:00:00Z,41257.5,42153.5,41125,42018.5,35443.182
2022-01-19T12:00:00Z,42018.5,42572,41851.5,41994.5,37593.27
2022-01-19T16:00:00Z,41994.5,42356,41690.5,41857,20358.074
2022-01-19T20:00:00Z,41858,41977.5,41543.5,41650,15238.091
2022-01-20T00:00:00Z,41650,42063,41638,41919,19299.443
2022-01-20T04:00:00Z,41919,42167.5,41757,42065,17577.529
2022-01-20T08:00:00Z,42065,42239,41801.5,42140,21212.587
2022-01-20T12:00:00Z,42138.5,43461.5,41913.5,43291.5,44983.863
2022-01-20T16:00:00Z,43291.5,43500,42831,42930.5,22581.728
2022-01-20T20:00:00Z,42930.5,42994,40537.5,40655,49688.92
2022-01-21T00:00:00Z,40655,41084,38196,38438,64853.22
2022-01-21T04:00:00Z,38438,39145.5,38412.5,39102,41716.874
2022-01-21T08:00:00Z,39102,39262.5,38652.5,38874.5,29113.783
2022-01-21T12:00:00Z,38874.5,39021.5,37675.5,38840.5,69313.596
2022-01-21T16:00:00Z,38840.5,39053.5,37820,37969,29785.81
2022-01-21T20:00:00Z,37969,38454.5,35390.5,36430.5,62914.776
2022-01-22T00:00:00Z,36430.5,36812.5,35990,36313,41126.433
2022-01-22T04:00:00Z,36313,36400,35096,35385,39157.23
2022-01-22T08:00:00Z,35389.5,35918,33980,35407.5,58024.038
2022-01-22T12:00:00Z,35412,36183,34802.5,34838,38998.283
2022-01-22T16:00:00Z,34838,35500,34261.5,34526.5,37161.136
2022-01-22T20:00:00Z,34526.5,35708.5,34433.5,35052,19666.603
2022-01-23T00:00:00Z,35052,35521.5,34819,35060,25052.124
2022-01-23T04:00:00Z,35060,35764,34950,35579.5,45880.856
2022-01-23T08:00:00Z,35579.5,36151.5,35336.5,35697,39075.494
2022-01-23T12:00:00Z,35697,36078.5,35063,35300,38281.898
2022-01-23T16:00:00Z,35300,35447.5,34589,34765,22650.114
2022-01-23T20:00:00Z,34765,36528.5,34697.5,36266,23482.118
2022-01-24T00:00:00Z,36267,36267,35162.5,35338.5,27815.22
2022-01-24T04:00:00Z,35338.5,35477.5,34804.5,34874,30533.934
2022-01-24T08:00:00Z,34874,35561,33011.5,33699,65439.592
2022-01-24T12:00:00Z,33699,34364.5,32921,34240,61631.712
2022-01-24T16:00:00Z,34240,36434,33792,36077.5,44500.341
2022-01-24T20:00:00Z,36077.5,37551,35959,36673,20959.924
2022-01-25T00:00:00Z,36673.5,36682.5,35972.5,36427,19688.066
2022-01-25T04:00:00Z,36427,36497.5,35720,36069.5,25704.145
2022-01-25T08:00:00Z,36069.5,36797.5,36034,36401,32713.709
2022-01-25T12:00:00Z,36401,37162,35966,36548,43677.763
2022-01-25T16:00:00Z,36548,37550,36525.5,37076,24961.015
2022-01-25T20:00:00Z,37076,37108.5,36428.5,36963,17277.756
2022-01-26T00:00:00Z,36963,37499.5,36560,37388,23190.35
2022-01-26T04:00:00Z,37388,37983.5,37152,37342,31954.243
2022-01-26T08:00:00Z,37342,38246.5,37342,38077,40133.769
2022-01-26T12:00:00Z,38076.5,38497.5,37616,37992,40925.313
2022-01-26T16:00:00Z,37992,38909,37420,37556.5,44159.477
2022-01-26T20:00:00Z,37556.5,37556.5,36262.5,36794,30415.514
2022-01-27T00:00:00Z,36794,37050,35496,35729.5,36141.054
2022-01-27T04:00:00Z,35730.5,36290,35684,36163.5,25237.499
2022-01-27T08:00:00Z,36163.5,36795,35821.5,36698,29254.573
2022-01-27T12:00:00Z,36698,37230,36487,36656,39489.478
2022-01-27T16:00:00Z,36656,36796.5,35872.5,36211,27419.026
2022-01-27T20:00:00Z,36211,37221,35521.5,37160.5,21126.469
2022-01-28T00:00:00Z,37160.5,37460,36622.5,37341.5,26316.819
2022-01-28T04:00:00Z,37341.5,37474.5,36777,36793.5,29996.489
2022-01-28T08:00:00Z,36793.5,36884.5,36317,36438,31817.773
2022-01-28T12:00:00Z,36438,37320,36160.5,37188,39648.278
2022-01-28T16:00:00Z,37188,37378,36772.5,37228,18778.845
2022-01-28T20:00:00Z,37228,38015,37144,37713.5,15991.642
2022-01-29T00:00:00Z,37713.5,37987,37463,37731.5,20807.483
2022-01-29T04:00:00Z,37731.5,37945,37601,37842.5,20349.045
2022-01-29T08:00:00Z,37842.5,37934.5,37584,37744,17472.394
2022-01-29T12:00:00Z,37744,38200,37292,37553,31772.819
2022-01-29T16:00:00Z,37553,37959.5,37307.5,37859,14496.507
2022-01-29T20:00:00Z,37859,38746.5,37837,38182,15242.005
2022-01-30T00:00:00Z,38180,38293.5,37739.5,37915,14954.335
2022-01-30T04:00:00Z,37915,38322,37894,38252.5,13278.932
2022-01-30T08:00:00Z,38252.5,38368,37838,38116.5,18164.368
2022-01-30T12:00:00Z,38116.5,38166,37707.5,37945,20111.254
2022-01-30T16:00:00Z,37945,38064.5,37425.5,37503,15267.831
2022-01-30T20:00:00Z,37503,38248.5,37330,37877,13885.308
2022-01-31T00:00:00Z,37877,37951,36620,37003,22916.288
2022-01-31T04:00:00Z,37003,37177.5,36793.5,37105,16134.218
2022-01-31T08:00:00Z,37105,37350,36881.5,37278,19348.141
2022-01-31T12:00:00Z,37278,37908,36803,37709,40327.183
2022-01-31T16:00:00Z,37709,38763.5,37679,38434.5,28518.484
2022-01-31T20:00:00Z,38434.5,38740.5,38257.5,38469,11131.474
2022-02-01T00:00:00Z,38469,38652.5,38182.5,38590,15711.339
2022-02-01T04:00:00Z,38590,38645.5,38244,38437.5,15135.41
2022-02-01T08:00:00Z,38437.5,39111.5,38011,38440,30881.817
2022-02-01T12:00:00Z,38438,39040.5,38193,38622.5,40353.364
2022-02-01T16:00:00Z,38622.5,39281,38344,38381,23414.778
2022-02-01T20:00:00Z,38381,38910,38371,38704.5,10592.41
2022-02-02T00:00:00Z,38704.5,38864,38367.5,38559,18035.137
2022-02-02T04:00:00Z,38559,38560,38184,38266.5,19357.766
2022-02-02T08:00:00Z,38266.5,38600,38219,38494,17400.312
2022-02-02T12:00:00Z,38494,38749.5,37344,37417.5,39838.051
2022-02-02T16:00:00Z,37417.5,37669.5,37057,37543.5,26678.735
2022-02-02T20:00:00Z,37543.5,37634.5,36555,36885,21290.294
2022-02-03T00:00:00Z,36885,37032.5,36715.5,36817.5,19568.066
2022-02-03T08:00:00Z,36998,37075.5,36255,36760,25576.247
2022-02-03T12:00:00Z,36760,36967.5,36230,36900,36150.49
2022-02-03T16:00:00Z,36900,37112.5,36432,36540,16912.918
2022-02-03T20:00:00Z,36540,37378.5,36253,37318,15079.244
2022-02-04T00:00:00Z,37318,37450,37018,37305.5,15695.207
2022-02-04T04:00:00Z,37305.5,38222,37254.5,37883,30177.149
2022-02-04T08:00:00Z,37883,38250,37805,37820,19029.746
2022-02-04T12:00:00Z,37820,39840,37310,39503.5,54724.257
2022-02-04T16:00:00Z,39503.5,40899,39471.5,40735,29590.281
2022-02-04T20:00:00Z,40736.5,41748.5,40398,41582,15132.834
2022-02-05T00:00:00Z,41582,41931,41188,41454.5,18091.929
2022-02-05T04:00:00Z,41454.5,41747,41378,41391,18134.074
2022-02-05T08:00:00Z,41391,41683,41232,41457.5,23071.605
2022-02-05T12:00:00Z,41457.5,41910,41335,41768,28847.592
2022-02-05T16:00:00Z,41768,41863,40957,41557.5,31181.612
2022-02-05T20:00:00Z,41557.5,41782,41350.5,41390,14892.157
2022-02-06T00:00:00Z,41390,41644.5,41344,41446,14034.879
2022-02-06T04:00:00Z,41446,41726.5,41325,41617,12801.389
2022-02-06T08:00:00Z,41617,41706.5,41457,41533,11853.742
2022-02-06T12:00:00Z,41533,42230,41124,41502,34179.406
2022-02-06T16:00:00Z,41502,41761.5,41413,41720,14792.904
2022-02-06T20:00:00Z,41720,42678,41495.5,42383,16587.82
2022-02-07T00:00:00Z,42383,42944,41643.5,42818,42634.145
2022-02-07T04:00:00Z,42818,43042.5,42563.5,42734.5,21943.587
2022-02-07T08:00:00Z,42734.5,42782,42250.5,42723.5,23064.878
2022-02-07T12:00:00Z,42723.5,43898.5,42482.5,43833.5,41449.586
2022-02-07T16:00:00Z,43833.5,44534,43498.5,44265,43348.108
2022-02-07T20:00:00Z,44265,44446,43765,43852,19108.706
2022-02-08T00:00:00Z,43852,44189,43582,44181,20501.818
2022-02-08T04:00:00Z,44181,45538.5,44091,44841,40677.643
2022-02-08T08:00:00Z,44842.5,44909.5,43535,43975,47467.085
2022-02-08T12:00:00Z,43975,43975,42871,43426,46256.998
2022-02-08T16:00:00Z,43426,43676.5,42648,42996.5,30211.031
2022-02-08T20:00:00Z,42996.5,44381,42936.5,44018.5,29021.692
2022-02-09T00:00:00Z,44018.5,44308.5,43103,43322.5,34727.494
2022-02-09T04:00:00Z,43324,43924,43103.5,43792.5,25056.664
2022-02-09T08:00:00Z,43798,43926,43163,43700,31063.739
2022-02-09T12:00:00Z,43700,44457,43610.5,43855.5,41369.432
2022-02-09T16:00:00Z,43858.5,44724.5,43592,44481.5,28664.982
2022-02-09T20:00:00Z,44481.5,44835.5,44241,44381.5,20204.078
2022-02-10T00:00:00Z,44381.5,44400.5,43555.5,43749,26536.877
2022-02-10T04:00:00Z,43749,44116,43551,44076.5,22064.01
2022-02-10T08:00:00Z,44076.5,45199,44059,44846,52396.004
2022-02-10T12:00:00Z,44846,45694.5,43176.5,44958.5,83347.726
2022-02-10T16:00:00Z,44958.5,45850,44344,44361.5,49651.875
2022-02-10T20:00:00Z,44361.5,44594,43303.5,43467,34721.016
2022-02-11T00:00:00Z,43467,43719.5,42569.5,43315,43851.667
2022-02-11T04:00:00Z,43315,43389.5,42799,43329,35371.454
2022-02-11T08:00:00Z,43332,43594.5,42843,43330.5,27490.529
2022-02-11T12:00:00Z,43330.5,43928,43234.5,43674.5,34795.126
2022-02-11T16:00:00Z,43674.5,43776,42044.5,42724.5,30158.145
2022-02-11T20:00:00Z,42721,42845.5,41925,42368.5,20788.493
2022-02-12T00:00:00Z,42368.5,42475.5,42145,42277,13675.038
2022-02-12T04:00:00Z,42277,42418,41738,42093.5,22479.839
2022-02-12T08:00:00Z,42093.5,42430.5,41873.5,42389,23336.001
2022-02-12T12:00:00Z,42389,42427,41779.5,42112.5,27014.812
2022-02-12T16:00:00Z,42112.5,43000,41976.5,42663,29963.819
2022-02-12T20:00:00Z,42663,42750.5,41700,42201.5,18964.016
2022-02-13T00:00:00Z,42201.5,42480,42043.5,42210.5,17312.986
2022-02-13T04:00:00Z,42210.5,42437.5,42102,42395,12269.369
2022-02-13T08:00:00Z,42395,42655.5,42222.5,42477,21251.218
2022-02-13T12:00:00Z,42477,42765.5,42161.5,42568,23036.871
2022-02-13T16:00:00Z,42568,42589,41853.5,42018.5,23551.546
2022-02-13T20:00:00Z,42018.5,42480,41931.5,42041,13154.633
2022-02-14T00:00:00Z,42041,42161,41532,41895.5,25623.137
2022-02-14T04:00:00Z,41895.5,42361,41719,42311.5,16887.098
2022-02-14T08:00:00Z,42311.5,42424.5,41906.5,42103,20671.717
2022-02-14T12:00:00Z,42103,42837.5,41941.5,42583,30541.074
2022-02-14T16:00:00Z,42583,42829,41787,42099,17702.332
2022-02-14T20:00:00Z,42097.5,42811.5,41968,42541.5,9743.207
2022-02-15T00:00:00Z,42541.5,43690,42437.5,43571,21817.986
2022-02-15T04:00:00Z,43571,43784.5,43400,43688,12371.936
2022-02-15T08:00:00Z,43688,44430,43609,44239.5,30462.594
2022-02-15T12:00:00Z,44239.5,44513,44028,44207,21619.677
2022-02-15T16:00:00Z,44207,44275,43867,44006,12176.539
2022-02-15T20:00:00Z,44006,44772,43964.5,44564,11897.854
2022-02-16T00:00:00Z,44564,44568.5,43880.5,43964.5,15334.365
2022-02-16T04:00:00Z,43964.5,44180,43660,44159.5,17297.688
2022-02-16T08:00:00Z,44159.5,44340.5,43859,44155,16636.615
2022-02-16T12:00:00Z,44155,44198,43292.5,43581.5,27161.607
2022-02-16T16:00:00Z,43581.5,44327,43341.5,44197,12973.562
2022-02-16T20:00:00Z,44197,44364.5,43819,43855,9918.31
2022-02-17T00:00:00Z,43853,44142.5,43557,43565,15415.312
2022-02-17T04:00:00Z,43564,43935.5,43321.5,43894.5,20464.765
2022-02-17T08:00:00Z,43894.5,44009,42900,43152.5,27059.808
2022-02-17T12:00:00Z,43152.5,43330,41661,41901.5,38598.143
2022-02-17T16:00:00Z,41901.5,42082.5,40731,41160,30761.395
2022-02-17T20:00:00Z,41160,41166,40025.5,40487,20939.512
2022-02-18T00:00:00Z,40487,40915,40263,40669.5,16746.651
2022-02-18T04:00:00Z,40669.5,40759.5,40468.5,40638.5,12532.544
2022-02-18T08:00:00Z,40638.5,40944,40080,40163,22767.727
2022-02-18T12:00:00Z,40163,40766.5,39620,39814.5,38388.777
2022-02-18T16:00:00Z,39814.5,40423.5,39423,40182,26466.311
2022-02-18T20:00:00Z,40182,40258,39720.5,39971.5,9254.769
2022-02-19T00:00:00Z,39971.5,40293.5,39904.5,40108,9554.178
2022-02-19T04:00:00Z,40108,40443.5,40050.5,40239,13130.049
2022-02-19T08:00:00Z,40239,40278,39628.5,39824.5,24200.279
2022-02-19T12:00:00Z,39824.5,40060.5,39624,39958,18747.817
2022-02-19T16:00:00Z,39958,40342,39825.5,39954,14978.396
2022-02-19T20:00:00Z,39954,40129,39772.5,40058,6714.514
2022-02-20T00:00:00Z,40058,40093.5,39682.5,39777.5,14413.621
2022-02-20T04:00:00Z,39777.5,39827.5,38558,38776.5,41925.158
2022-02-20T08:00:00Z,38776.5,38829,37943,38314,35524.709
2022-02-20T12:00:00Z,38314,38596.5,38008,38316.5,27452.088
2022-02-20T16:00:00Z,38316.5,38481.5,38156,38375,11438.183
2022-02-20T20:00:00Z,38375,38971,38031,38368,17001.183
2022-02-21T00:00:00Z,38368,39362,38174.5,38895,30005.986
2022-02-21T04:00:00Z,38895,39477,38887.5,39266.5,20027.353
2022-02-21T08:00:00Z,39266.5,39337,37321,37561,39587.926
2022-02-21T12:00:00Z,37561,39276,37184,38809.5,61413.377
2022-02-21T16:00:00Z,38809.5,39127.5,37533.5,38117,28706.606
2022-02-21T20:00:00Z,38117,38424,36770.5,36987.5,24990.705
2022-02-22T00:00:00Z,36987.5,37450,36320.5,36576,33445.682
2022-02-22T04:00:00Z,36574.5,37241,36499.5,36752,34047.231
2022-02-22T08:00:00Z,36751,37864.5,36739,37521,34409.524
2022-02-22T12:00:00Z,37521,38320,37278,37758,40423.069
2022-02-22T16:00:00Z,37758,38185,37382,38063.5,22583.675
2022-02-22T20:00:00Z,38063.5,38430,37762,38234,12995.54
2022-02-23T00:00:00Z,38234,38352,37529.5,37751,19639.45
2022-02-23T04:00:00Z,37751,38225.5,37709,38151.5,20701.504
2022-02-23T08:00:00Z,38151.5,39138.5,38085.5,38784,31385.227
2022-02-23T12:00:00Z,38784,39250,38455,38526,29777.988
2022-02-23T16:00:00Z,38525.5,38787.5,37518,37600.5,25990.577
2022-02-23T20:00:00Z,37600.5,37775.5,37041,37235.5,19804.283
2022-02-24T00:00:00Z,37235.5,37395.5,34689.5,34918.5,59356.474
2022-02-24T04:00:00Z,34918.5,35511,34314,35303.5,57199.868
2022-02-24T08:00:00Z,35303.5,35880,34831,35458.5,46504.137
2022-02-24T12:00:00Z,35459.5,36121,35063.5,35918.5,47258.093
2022-02-24T16:00:00Z,35918.5,37379.5,35732.5,37300.5,32256.334
2022-02-24T20:00:00Z,37300,39828,37284,38331,28095.364
2022-02-25T00:00:00Z,38331,39020,38135.5,38919.5,28567.275
2022-02-25T04:00:00Z,38919.5,38938,38284.5,38459.5,28740.118
2022-02-25T08:00:00Z,38460,38892,38010.5,38742,29795.202
2022-02-25T12:00:00Z,38742,39684,38683,39425.5,44467.333
2022-02-25T16:00:00Z,39425.5,39600,38524.5,38656,19507.218
2022-02-25T20:00:00Z,38656,39599.5,38587,39200.5,12006.374
2022-02-26T00:00:00Z,39200.5,40312,39056.5,39374.5,19388.112
2022-02-26T04:00:00Z,39374.5,39451,38940.5,39183.5,16700.878
2022-02-26T08:00:00Z,39183.5,39566,38557.5,38915.5,27078.174
2022-02-26T12:00:00Z,38915,39361.5,38751,39197.5,20656.403
2022-02-26T16:00:00Z,39197.5,39442,38800.5,39239.5,15875.776
2022-02-26T20:00:00Z,39239.5,39685,38888.5,39087,11922.799
2022-02-27T00:00:00Z,39087,39231.5,38171,38580.5,19457.221
2022-02-27T04:00:00Z,38580.5,38864,38435,38770.5,14274.891
2022-02-27T08:00:00Z,38770.5,39549,38610.5,39478.5,28323.873
2022-02-27T12:00:00Z,39478.5,39867.5,38577.5,39341,53736.727
2022-02-27T16:00:00Z,39343.5,39444,37478,37571.5,25517.476
2022-02-27T20:00:00Z,37571.5,38266.5,36943,37666,31676.316
2022-02-28T00:00:00Z,37666.5,38375,37424.5,37760.5,27100.35
2022-02-28T04:00:00Z,37760.5,38466,37450,38341.5,33511.894
2022-02-28T08:00:00Z,38341.5,38676.5,38083.5,38327,27181.387
2022-02-28T12:00:00Z,38327,40924,37913,40822,69591.32
2022-02-28T16:00:00Z,40822,41473,40701,41332,43106.387
2022-02-28T20:00:00Z,41332,44215,41247,43161,36994.47
2022-03-01T00:00:00Z,43161,43750,42850.5,43142.5,25673.979
2022-03-01T04:00:00Z,43142.5,43553,43029.5,43487.5,25103.163
2022-03-01T08:00:00Z,43485,43867.5,42824.5,43587,32849.662
2022-03-01T12:00:00Z,43587,44948,43358,43639,60265.924
2022-03-01T16:00:00Z,43639,44079.5,43216.5,43712,23389.103
2022-03-01T20:00:00Z,43712,44512,43684.5,44413.5,11607.142
2022-03-02T00:00:00Z,44413.5,44770,43826,44339.5,29446.553
2022-03-02T04:00:00Z,44339.5,44544,43652,43952,29694.995
2022-03-02T08:00:00Z,43952,44323.5,43733,44091,29127.529
2022-03-02T12:00:00Z,44090,45336,43320.5,44128,59531.185
2022-03-02T16:00:00Z,44128,44500,43420,43683,16389.775
2022-03-02T20:00:00Z,43683,44354.5,43667,43883.5,8075.304
2022-03-03T00:00:00Z,43883.5,44040,43189,43305.5,23907.967
2022-03-03T04:00:00Z,43305.5,43669,42896.5,43460.5,27526.97
2022-03-03T08:00:00Z,43460.5,43625,43059,43365.5,23235.917
2022-03-03T12:00:00Z,43365.5,44087,42331,42528.5,47286.047
2022-03-03T16:00:00Z,42528.5,42737.5,42039.5,42205.5,32718.671
2022-03-03T20:00:00Z,42205.5,42682,41807.5,42438.5,16126.664
2022-03-04T00:00:00Z,42438.5,42505.5,41050,41440,33714.025
2022-03-04T04:00:00Z,41440,41478,41095,41417,22652.497
2022-03-04T08:00:00Z,41417,41869,40830.5,41631.5,42149.365
2022-03-04T12:00:00Z,41626.5,41813.5,40537,40683,52789.23
2022-03-04T16:00:00Z,40683,40940,39641,39759,27211.034
2022-03-04T20:00:00Z,39757.5,39862,38534,39118.5,25316.65
2022-03-05T00:00:00Z,39118.5,39165,38541.5,39020,20501.57
2022-03-05T04:00:00Z,39020,39106.5,38704,38988,21110.54
2022-03-05T08:00:00Z,38988,39270,38777.5,39104.5,23599.073
2022-03-05T12:00:00Z,39104.5,39349,38871.5,39132.5,24714.577
2022-03-05T16:00:00Z,39132.5,39576,39100,39406,18691.881
2022-03-05T20:00:00Z,39406,39550,39261.5,39364.5,8130.578
2022-03-06T00:00:00Z,39364.5,39692,39254.5,39276.5,16510.041
2022-03-06T04:00:00Z,39276.5,39654,38779.5,39365.5,33006.009
2022-03-06T08:00:00Z,39365.5,39365.5,38072,38317,41709.906
2022-03-06T12:00:00Z,38317,39029.5,38268,38836.5,40195.318
2022-03-06T16:00:00Z,38836,39343,38493.5,38649.5,24200.7
2022-03-06T20:00:00Z,38649.5,39255,38124.5,38391,16904.323
2022-03-07T00:00:00Z,38391,38529.5,37558,37852.5,38584.787
2022-03-07T04:00:00Z,37852.5,38217,37749,37875.5,29331.384
2022-03-07T08:00:00Z,37875.5,38401,37654,38339.5,36483.065
2022-03-07T12:00:00Z,38339.5,39290,38338.5,39081.5,52223.082
2022-03-07T16:00:00Z,39081.5,39552,37170,37275.5,45020.948
2022-03-07T20:00:00Z,37275.5,38502.5,37133,37974,25278.542
2022-03-08T00:00:00Z,37974,38950,37850.5,38672,33537.417
2022-03-08T04:00:00Z,38672,38817,37989,38525,37253.619
2022-03-08T08:00:00Z,38524.5,39197.5,38440,38973,38596.893
2022-03-08T16:00:00Z,38635.5,39355,38119.5,38753.5,36635.29
2022-03-08T20:00:00Z,38753.5,38878,38370,38709.5,8802.17
2022-03-09T00:00:00Z,38709.5,41449.5,38638.5,41221,51854.902
2022-03-09T04:00:00Z,41222,41894.5,41221,41805,38721.111
2022-03-09T08:00:00Z,41805,42449.5,41643,42141.5,35843.264
2022-03-09T12:00:00Z,42141.5,42606,41650,42531,41761.472
2022-03-09T16:00:00Z,42532,42569,41766,42197.5,18747.9
2022-03-09T20:00:00Z,42197.5,42312,41673,41933.5,10552.466
2022-03-10T00:00:00Z,41933.5,42023.5,40538.5,40756.5,33158.759
2022-03-10T04:00:00Z,40756.5,40821.5,38811,39206,55730.891
2022-03-10T08:00:00Z,39206,39274,38762.5,39061,33335.233
2022-03-10T12:00:00Z,39061,40266,38513.5,39149,67818.835
2022-03-10T16:00:00Z,39149,39539.5,38865.5,39410.5,15421.436
2022-03-10T20:00:00Z,39410.5,39654,39043.5,39400.5,9914.824
2022-03-11T00:00:00Z,39400.5,39414.5,38205,38701.5,39297.809
2022-03-11T04:00:00Z,38701.5,39300,38310,39100.5,38226.789
2022-03-11T08:00:00Z,39100.5,40209.5,38782.5,39884.5,53849.961
2022-03-11T12:00:00Z,39885.5,40229,38887.5,39057.5,55351.595
2022-03-11T16:00:00Z,39057.5,39071,38505,38778.5,19764.41
2022-03-11T20:00:00Z,38778.5,39150,38290.5,38710,12408.232
2022-03-12T00:00:00Z,38710,39277,38637,39066,17074.005
2022-03-12T04:00:00Z,39066,39236,38915,39086,14922.698
2022-03-12T08:00:00Z,39086,39259.5,38941.5,39053.5,19132.992
2022-03-12T12:00:00Z,39053.5,39234.5,38650,39017,23842.343
2022-03-12T16:00:00Z,39016.5,39434.5,38904.5,39007,12823.806
2022-03-12T20:00:00Z,39007,39184.5,38700,38781.5,6157.927
2022-03-13T00:00:00Z,38781.5,39245,38683,39163,13951.138
2022-03-13T04:00:00Z,39163,39289.5,39051.5,39068.5,9973.553
2022-03-13T08:00:00Z,39068.5,39113,38587,38725.5,19357.618
2022-03-13T12:00:00Z,38725.5,39055,38344.5,38920,31675.628
2022-03-13T16:00:00Z,38920,39039.5,38834.5,38847.5,8528.525
2022-03-13T20:00:00Z,38847,38847.5,37547.5,37743,20175.875
2022-03-14T00:00:00Z,37742,38327.5,37522,38127.5,23721.935
2022-03-14T04:00:00Z,38126,39161,38108,39057.5,42203.812
2022-03-14T08:00:00Z,39057.5,39299,38838.5,38896.5,27791.52
2022-03-14T12:00:00Z,38896.5,39151,38601.5,38939,43916.322
2022-03-14T16:00:00Z,38939,39030,38396.5,38787.5,17474.988
2022-03-14T20:00:00Z,38785.5,39915.5,38582,39646,20805.317
2022-03-15T00:00:00Z,39646,39784,38605.5,38743.5,33471.575
2022-03-15T04:00:00Z,38744.5,38965,38085.5,38422.5,28719.576
2022-03-15T08:00:00Z,38422.5,38774.5,38241.5,38622.5,25473.201
2022-03-15T12:00:00Z,38622.5,39250,38452,38998.5,45777.963
2022-03-15T16:00:00Z,38998.5,39853.5,38908.5,39738.5,28484.348
2022-03-15T20:00:00Z,39738.5,39912,39247.5,39291,18790.31
2022-03-16T00:00:00Z,39291.5,41749.5,38790.5,39138,66026.217
2022-03-16T04:00:00Z,39137.5,39640,38901.5,39555,33655.468
2022-03-16T08:00:00Z,39555,40706,39539,40517,50710.842
2022-03-16T12:00:00Z,40516,41243,40255.5,40631,50875.095
2022-03-16T16:00:00Z,40631,40937.5,39281.5,40858,52151.742
2022-03-16T20:00:00Z,40855,41457,40753.5,41113,21514.504
2022-03-17T00:00:00Z,41113,41394,40808,40989,26367.488
2022-03-17T04:00:00Z,40989,41487,40537.5,40714.5,37399.539
2022-03-17T08:00:00Z,40714.5,40937.5,40487,40736,24356.892
2022-03-17T12:00:00Z,40736,41214,40701.5,40778,43447.312
2022-03-17T16:00:00Z,40778,40868,40553,40848,15867.283
2022-03-17T20:00:00Z,40838,41046,40623,40886,8514.719
2022-03-18T00:00:00Z,40886,40902,40211,40498.5,27020.699
2022-03-18T04:00:00Z,40498.5,40887.5,40418,40551,25540.234
2022-03-18T08:00:00Z,40551,40729,40122.5,40374.5,32152.574
2022-03-18T12:00:00Z,40374.5,41046.5,40272,40920.5,46800.96
2022-03-18T16:00:00Z,40920.5,42066,40894,42028.5,44461.15
2022-03-18T20:00:00Z,42024,42338.5,41634,41766,19244.89
2022-03-19T00:00:00Z,41766,42013.5,41517.5,41801,18941.773
2022-03-19T04:00:00Z,41801,41949.5,41545,41618,16602.415
2022-03-19T08:00:00Z,41618,41803,41583.5,41730.5,14392.469
2022-03-19T12:00:00Z,41730.5,42090.5,41659.5,41930,23924.313
2022-03-19T16:00:00Z,41932,42167,41796.5,42033.5,15130.305
2022-03-19T20:00:00Z,42033.5,42427,41725,42214.5,19032.847
2022-03-20T00:00:00Z,42214.5,42285,41772,41937.5,18424.885
2022-03-20T04:00:00Z,41937.5,42010,41760.5,41866,12632.522
2022-03-20T08:00:00Z,41866,41939.5,41559,41576.5,19911.984
2022-03-20T12:00:00Z,41576.5,41676,41243.5,41336.5,28983.131
2022-03-20T16:00:00Z,41336.5,41485,40901,41358.5,20631.937
2022-03-20T20:00:00Z,41358.5,41652,41076.5,41249,15191.538
2022-03-21T00:00:00Z,41249,41429,40459,40805,33374.765
2022-03-21T04:00:00Z,40805,41103,40690,41075,22159.154
2022-03-21T08:00:00Z,41075,41472,41063.5,41213.5,29662.82
2022-03-21T12:00:00Z,41213.5,41520,40731.5,41193.5,46922.903
2022-03-21T16:00:00Z,41193.5,41202.5,40729,41161.5,23924.701
2022-03-21T20:00:00Z,41161.5,41343.5,40926,40980,8158.137
2022-03-22T00:00:00Z,40980,42523.5,40849,42245.5,43326.316
2022-03-22T04:00:00Z,42245.5,43420.5,42016,42224,46444.185
2022-03-22T08:00:00Z,42224,43026.5,42089,42986,32154.954
2022-03-22T12:00:00Z,42986,43230.5,42564.5,42580,29648.303
2022-03-22T16:00:00Z,42580,42731.5,42278.5,42288,11262.413
2022-03-22T20:00:00Z,42288,42890.5,42247,42348.5,13945.61
2022-03-23T00:00:00Z,42348.5,42505.5,41866.5,42060.5,25292.314
2022-03-23T04:00:00Z,42060.5,42231,41727,42088,27224.926
2022-03-23T08:00:00Z,42088,42323.5,41856.5,42022.5,21434.927
2022-03-23T12:00:00Z,42023,42727.5,41865,42618,35730.797
2022-03-23T16:00:00Z,42618,42765,42023,42185.5,21015.121
2022-03-23T20:00:00Z,42185.5,43028,42158.5,42886.5,13018.334
2022-03-24T00:00:00Z,42886.5,43293.5,42651.5,42714.5,28420.67
2022-03-24T04:00:00Z,42714.5,43497.5,42714,43080,31216.647
2022-03-24T08:00:00Z,43080,43216,42822.5,42961.5,23459.374
2022-03-24T12:00:00Z,42961.5,44034,42592.5,43990.5,53511.942
2022-03-24T16:00:00Z,43990,44232,43778,43914.5,20541.428
2022-03-24T20:00:00Z,43914.5,44106,43814,43995,7934.855
2022-03-25T00:00:00Z,43995,44400,43867,43974.5,21436.793
2022-03-25T04:00:00Z,43974.5,44207.5,43912,43923,19600.577
2022-03-25T08:00:00Z,43923,44656.5,43600,44577,38843.692
2022-03-25T12:00:00Z,44578,45090,44209,44338.5,51381.299
2022-03-25T16:00:00Z,44340,44596,44024.5,44444,22939.604
2022-03-25T20:00:00Z,44444,44606,44243.5,44314,7350.025
2022-03-26T00:00:00Z,44314,44453,44071,44396.5,12276.843
2022-03-26T04:00:00Z,44396.5,44539,44346,44501,11070.364
2022-03-26T08:00:00Z,44502,44570,44333,44341.5,10531.979
2022-03-26T12:00:00Z,44341.5,44408,44165,44206,16064.654
2022-03-26T16:00:00Z,44206,44451,44121.5,44356.5,9684.474
2022-03-26T20:00:00Z,44356.5,44793,44241,44511,13860.753
2022-03-27T00:00:00Z,44510,44942.5,44488,44714.5,15911.549
2022-03-27T04:00:00Z,44714.5,44765,44548,44744,8717.087
2022-03-27T08:00:00Z,44744,44755,44503,44572.5,9147.367
2022-03-27T12:00:00Z,44572.5,44935.5,44429.5,44859.5,20565.56
2022-03-27T16:00:00Z,44860,45040.5,44738.5,44831,10701.449
2022-03-27T20:00:00Z,44831,46977.5,44694,46834,37223.839
2022-03-28T00:00:00Z,46834,47714.5,46667.5,47054.5,24548.532
2022-03-28T04:00:00Z,47054.5,47389.5,46752.5,46972.5,24763.164
2022-03-28T08:00:00Z,46972.5,47386,46824,47260,19088.873
2022-03-28T12:00:00Z,47260,47898.5,47122,47428.5,32282.975
2022-03-28T16:00:00Z,47428.5,48200,47317,47942.5,16117.274
2022-03-28T20:00:00Z,47942.5,48100,46875,47125.5,17714.419
2022-03-29T00:00:00Z,47125.5,47599.5,47065,47319.5,15140.737
2022-03-29T04:00:00Z,47319.5,47753,47298,47334,18659.427
2022-03-29T08:00:00Z,47334,47971.5,47325.5,47893.5,20963.447
2022-03-29T12:00:00Z,47893.5,48097.5,47307.5,47416.5,28443.612
2022-03-29T16:00:00Z,47416.5,47850.5,47100,47696.5,17825.498
2022-03-29T20:00:00Z,47696.5,47707,46927.5,47414,12159.585
2022-03-30T00:00:00Z,47414,47447,46525,47431.5,25131.546
2022-03-30T04:00:00Z,47431.5,47595,47122,47362.5,19962.566
2022-03-30T08:00:00Z,47362.5,47490,47049,47305,19689.826
2022-03-30T12:00:00Z,47305,47330,46857.5,47145,23741.507
2022-03-30T16:00:00Z,47144,47680,46803.5,47037.5,18730.532
2022-03-30T20:00:00Z,47037.5,47268,46819,47035.5,9775.521
2022-03-31T00:00:00Z,47035.5,47423,46947.5,47072,16402.873
2022-03-31T04:00:00Z,47072,47150,46891,47138.5,11727.06
2022-03-31T08:00:00Z,47138.5,47369.5,47049.5,47131.5,17182.981
2022-03-31T12:00:00Z,47131.5,47612.5,46216.5,46444.5,46405.264
2022-03-31T16:00:00Z,46444.5,46493,45483.5,45576.5,27033.305
2022-03-31T20:00:00Z,45576.5,45837,45172.5,45496.5,10063.945
2022-04-01T00:00:00Z,45496.5,45628,44195,44575.5,35845.044
2022-04-01T04:00:00Z,44574,45073,44525,44985.5,17330.456
2022-04-01T08:00:00Z,44985.5,45304.5,44966.5,45038.5,17561.263
2022-04-01T12:00:00Z,45038.5,46697.5,44678.5,46538.5,39348.385
2022-04-01T16:00:00Z,46538.5,46591.5,45914.5,46358.5,15368.225
2022-04-01T20:00:00Z,46358.5,46421.5,46063,46262,6688.915
2022-04-02T00:00:00Z,46262,47233,46070.5,46578,23433.492
2022-04-02T04:00:00Z,46578,46655,46386,46579,9183.64
2022-04-02T08:00:00Z,46582,46743.5,46471.5,46531,8516.639
2022-04-02T12:00:00Z,46530.5,46929,46112,46282.5,25767.605
2022-04-02T16:00:00Z,46282.5,46473,45596.5,46108.5,16832.273
2022-04-02T20:00:00Z,46108.5,46326.5,45757,45796.5,8254.728
2022-04-03T00:00:00Z,45796.5,46059,45515.5,45924,12507.772
2022-04-03T04:00:00Z,45924,46562,45913,46353,12749.622
2022-04-03T08:00:00Z,46353,46436.5,46065.5,46239.5,13444.742
2022-04-03T12:00:00Z,46239.5,46714,46178,46392.5,17375.403
2022-04-03T16:00:00Z,46392.5,46764,46195.5,46389,7884.616
2022-04-03T20:00:00Z,46390,47469,46237.5,46394.5,18264.444
2022-04-04T00:00:00Z,46394.5,46434,45738.5,45985.5,16662.372
2022-04-04T04:00:00Z,45985.5,46286.5,45811,46162,13732.799
2022-04-04T08:00:00Z,46162,46264.5,45779.5,46145.5,18259.756
2022-04-04T12:00:00Z,46145.5,46340,45541,45626,23996.599
2022-04-04T16:00:00Z,45627.5,45929,45087,45914.5,13255.792
2022-04-04T20:00:00Z,45914.5,46879,45709.5,46574.5,16231.227
2022-04-05T00:00:00Z,46574.5,46782.5,46408.5,46655,13312.184
2022-04-05T04:00:00Z,46655,46885,46575,46720.5,12618.783
2022-04-05T08:00:00Z,46720.5,46740,46502,46679,11673.129
2022-04-05T12:00:00Z,46679,47209,45646.5,45743.5,37107.587
2022-04-05T16:00:00Z,45743.5,46167,45434.5,46020.5,13445.237
2022-04-05T20:00:00Z,46020.5,46095,45330,45475,9403.473
2022-04-06T00:00:00Z,45475,45479.5,44372,45191,22317.434
2022-04-06T04:00:00Z,45189.5,45480,45098,45253,13595.162
2022-04-06T08:00:00Z,45251.5,45430,44634.5,44792.5,25768.112
2022-04-06T12:00:00Z,44792.5,44971.5,43688,44149,32263.414
2022-04-06T16:00:00Z,44149,44270.5,43150,43741,20770.124
2022-04-06T20:00:00Z,43741,44025,43097.5,43150.5,10109.519
2022-04-07T00:00:00Z,43152,43536,42691.5,43278.5,22961.843
2022-04-07T04:00:00Z,43278.5,43512,43191,43410,15333.96
2022-04-07T08:00:00Z,43410,43807.5,43243,43730.5,22143.581
2022-04-07T12:00:00Z,43730.5,43874,42986.5,43305,29312.663
2022-04-07T16:00:00Z,43305,43796,43250,43357.5,11480.417
2022-04-07T20:00:00Z,43356.5,43716,43172.5,43422.5,9484.144
2022-04-08T00:00:00Z,43422.5,43665.5,43281,43578,14431.088
2022-04-08T04:00:00Z,43578,43756,43401,43738.5,20360.431
2022-04-08T08:00:00Z,43739.5,43960,43238.5,43285.5,25426.499
2022-04-08T12:00:00Z,43285.5,43944,42734,43630.5,36358.147
2022-04-08T16:00:00Z,43630.5,43699.5,42370,42706.5,22099.836
2022-04-08T20:00:00Z,42706.5,42849,42080,42243.5,16785.461
2022-04-09T00:00:00Z,42243.5,42440,42103.5,42358.5,15268.156
2022-04-09T04:00:00Z,42357.5,42607.5,42322.5,42458,12657.31
2022-04-09T08:00:00Z,42458,42520.5,42306.5,42425.5,10433.368
2022-04-09T12:00:00Z,42425.5,42496.5,42163.5,42210,11669.545
2022-04-09T16:00:00Z,42201.5,42606,42157,42493,11557.929
2022-04-09T20:00:00Z,42493,42775,42361.5,42722,9281.384
2022-04-10T00:00:00Z,42722,42866.5,42563.5,42755.5,10951.319
2022-04-10T04:00:00Z,42755.5,42770,42562.5,42614,11208.077
2022-04-10T08:00:00Z,42614,42698,42422.5,42662,14684.705
2022-04-10T12:00:00Z,42662,42830.5,42508,42720,16660.387
2022-04-10T16:00:00Z,42720,43288.5,42641,43215.5,16111.299
2022-04-11T00:00:00Z,42128,42388,41725.5,42100.5,24834.877
2022-04-11T04:00:00Z,42100.5,42327,42071,42281.5,16526.088
2022-04-11T08:00:00Z,42281.5,42328,40940.5,41043,37580.114
2022-04-11T12:00:00Z,41043.5,41230.5,40531,40559.5,27525.311
2022-04-11T16:00:00Z,40559.5,40884.5,39737.5,39960,21024.587
2022-04-11T20:00:00Z,39960,40228.5,39161.5,39497,22387.079
2022-04-12T00:00:00Z,39497,39813.5,39258.5,39710,20980.315
2022-04-12T04:00:00Z,39710,40162,39594.5,40146,24700.093
2022-04-12T08:00:00Z,40146,40435,40007.5,40350.5,18564.409
2022-04-12T12:00:00Z,40350.5,40676.5,39768.5,40154,31326.859
2022-04-12T16:00:00Z,40154,40360,39237.5,39275,18789.117
2022-04-12T20:00:00Z,39275,40261,39225.5,40049.5,15560.401
2022-04-13T00:00:00Z,40049.5,40250,39567.5,40053,22405.592
2022-04-13T04:00:00Z,40053,40197.5,39833.5,40103,21229.686
2022-04-13T08:00:00Z,40103,40189.5,39664,39687,20822.503
2022-04-13T12:00:00Z,39677,41378,39595.5,41133,41047.651
2022-04-13T16:00:00Z,41133,41533.5,40815,41035,16261.393
2022-04-13T20:00:00Z,41035,41370.5,40970.5,41126,9292.37
2022-04-14T00:00:00Z,41126,41485.5,41040,41296,16251.072
2022-04-14T04:00:00Z,41296,41384,41126.5,41249,16417.974
2022-04-14T08:00:00Z,41249,41300,40828,40902.5,19315.653
2022-04-14T12:00:00Z,40903.5,41274,39905.5,39950,38548.124
2022-04-14T16:00:00Z,39950,40046,39534.5,39747.5,17988.219
2022-04-14T20:00:00Z,39747.5,39984,39637.5,39916.5,8708.087
2022-04-15T00:00:00Z,39916.5,40181,39737,40170,18116.907
2022-04-15T04:00:00Z,40170.5,40431,39924.5,40218,23636.309
2022-04-15T08:00:00Z,40218,40379.5,40018.5,40199,17274.61
2022-04-15T12:00:00Z,40199,40848.5,39920.5,40393,23474.357
2022-04-15T16:00:00Z,40393,40628,40215,40291,11354.959
2022-04-15T20:00:00Z,40291,40578,40256.5,40518,7267.208
2022-04-16T00:00:00Z,40518,40672.5,40393,40414,10724.283
2022-04-16T04:00:00Z,40414,40541,40345,40371.5,9060.606
2022-04-16T08:00:00Z,40371.5,40476,40256,40399.5,11492.696
2022-04-16T12:00:00Z,40399.5,40557.5,39974.5,40052.5,17217.346
2022-04-16T16:00:00Z,40051,40236,39995,40192,7960.421
2022-04-16T20:00:00Z,40192,40676,40166,40354,11076.142
2022-04-17T00:00:00Z,40354,40405.5,40103,40216,12173.27
2022-04-17T04:00:00Z,40216,40408,40210,40273.5,9521.963
2022-04-17T08:00:00Z,40273.5,40506,40265,40443,10546.476
2022-04-17T12:00:00Z,40443,40566,40170.5,40423,18152.589
2022-04-17T16:00:00Z,40423,40447,39800,40350,13581.653
2022-04-17T20:00:00Z,40351.5,40424,39520,39650.5,17847.35
2022-04-18T00:00:00Z,39650.5,39866,39552,39784.5,13490.307
2022-04-18T04:00:00Z,39784.5,39815,38491,38898.5,36697.058
2022-04-18T08:00:00Z,38892,39098,38777.5,38975.5,17413.2
2022-04-18T12:00:00Z,38975.5,39580.5,38973.5,39235,27417.796
2022-04-18T16:00:00Z,39235,41066.5,39014.5,40662,27618.534
2022-04-18T20:00:00Z,40661,41079,40615.5,40772.5,11022.766
2022-04-19T00:00:00Z,40772.5,41248,40575,40674.5,21037.857
2022-04-19T04:00:00Z,40674.5,40854,40544.5,40659.5,17188.535
2022-04-19T08:00:00Z,40659.5,41002,40550,40671,20742.214
2022-04-19T12:00:00Z,40671,41766.5,40638,41460.5,40893.51
2022-04-19T16:00:00Z,41460.5,41552,41172,41422,10367.652
2022-04-19T20:00:00Z,41422,41533,41215.5,41487,8095.035
2022-04-20T00:00:00Z,41487,41541,41207.5,41367.5,14857.203
2022-04-20T04:00:00Z,41367.5,41636.5,41242,41314,20900.132
2022-04-20T08:00:00Z,41314,42200,41280,42093,32486.561
2022-04-20T12:00:00Z,42093,42187,41043.5,41244,34016.83
2022-04-20T16:00:00Z,41244,41437.5,40872.5,41161.5,15479.434
2022-04-20T20:00:00Z,41161.5,41635.5,41120.5,41332.5,14099.139
2022-04-21T00:00:00Z,41332.5,41748,41300.5,41676.5,20130.486
2022-04-21T04:00:00Z,41676.5,41950,41396,41849.5,26854.479
2022-04-21T08:00:00Z,41848.5,42700,41744,42442,41341.91
2022-04-21T12:00:00Z,42442,42980,42138.5,42155.5,37822.742
2022-04-21T16:00:00Z,42155.5,42191,41200,41212,33695.93
2022-04-21T20:00:00Z,41228,41305,39710,40450,30700.057
2022-04-22T00:00:00Z,40450,40636,40205.5,40467,22455.419
2022-04-22T04:00:00Z,40467,40768.5,40258,40678,26554.392
2022-04-22T08:00:00Z,40678,40757,40119.5,40555,22189.065
2022-04-22T12:00:00Z,40555,40623,39301,39411,40893.676
2022-04-22T16:00:00Z,39411,39747,39140,39476.5,21168.921
2022-04-22T20:00:00Z,39477.5,39792.5,39369,39670,9488.175
2022-04-23T00:00:00Z,39670,39839,39385,39443.5,12373.673
2022-04-23T04:00:00Z,39443.5,39644.5,39261.5,39570,12411.116
2022-04-23T08:00:00Z,39570,39658.5,39475.5,39573,10161.926
2022-04-23T12:00:00Z,39573,39788,39506,39753.5,14376.113
2022-04-23T16:00:00Z,39753.5,39951.5,39640,39731,10120.418
2022-04-23T20:00:00Z,39731,39923,39303,39419,10318.617
2022-04-24T00:00:00Z,39420,39805,39392.5,39746.5,13146.587
2022-04-24T04:00:00Z,39746.5,39783.5,39602.5,39716.5,10262.909
2022-04-24T08:00:00Z,39716.5,39770.5,39533.5,39590,12258.717
2022-04-24T12:00:00Z,39590,39923,39339.5,39632,23184.266
2022-04-24T16:00:00Z,39632,39787.5,38915,39670,21491.092
2022-04-24T20:00:00Z,39670,39750,39407,39435,11888.588
2022-04-25T00:00:00Z,39435,39481,38650,39224.5,27789.327
2022-04-25T04:00:00Z,39224.5,39227,38158.5,38432.5,35110.712
2022-04-25T08:00:00Z,38432.5,38929.5,38181.5,38808,27677.187
2022-04-25T12:00:00Z,38808,39400,38602.5,38970.5,43035.095
2022-04-25T16:00:00Z,38970.5,40368,38899,40216,28050.505
2022-04-25T20:00:00Z,40216,40594,40033.5,40405.5,13491.712
2022-04-26T00:00:00Z,40405.5,40770.5,40364.5,40513.5,21046.011
2022-04-26T04:00:00Z,40513.5,40685.5,40370,40588,23512.098
2022-04-26T08:00:00Z,40588,40808,40236,40449,25862.612
2022-04-26T12:00:00Z,40449,40616,38515.5,38540.5,63294.809
2022-04-26T16:00:00Z,38540.5,38856.5,37800,38256.5,44578.14
2022-04-26T20:00:00Z,38256.5,38428,37673,38092,21904.95
2022-04-27T00:00:00Z,38092,38448.5,37852,38316.5,21550.278
2022-04-27T04:00:00Z,38316.5,39075.5,38282,39072.5,30248.707
2022-04-27T08:00:00Z,39049,39191,38618.5,38995.5,35359.818
2022-04-27T12:00:00Z,38995.5,39449,38412.5,38984,47672.913
2022-04-27T16:00:00Z,38984,39283,38646.5,38837,17317.803
2022-04-27T20:00:00Z,38837,39371,38809,39199.5,11786.886
2022-04-28T00:00:00Z,39199.5,39673,39124.5,39322.5,31267.379
2022-04-28T04:00:00Z,39323.5,39635,39201,39362,24404.92
2022-04-28T08:00:00Z,39365.5,39900,39337.5,39666.5,24613.375
2022-04-28T12:00:00Z,39666.5,40306,38861.5,39431.5,68971.9
2022-04-28T16:00:00Z,39434,40359,39297.5,39963,29109.231
2022-04-28T20:00:00Z,39965,40200,39587,39730,14044.155
2022-04-29T00:00:00Z,39730,39907.5,39258.5,39512,24886.653
2022-04-29T04:00:00Z,39512,39622,39347,39580,17773.06
2022-04-29T08:00:00Z,39580,39603.5,38593.5,38727,37327.01
2022-04-29T12:00:00Z,38727,39370.5,38610,38985,38281.597
2022-04-29T16:00:00Z,38987,39056.5,38153,38317.5,25118.35
2022-04-29T20:00:00Z,38325,38637.5,38281,38564,9890.874
2022-04-30T00:00:00Z,38564.5,38764.5,38521.5,38632.5,14802.299
2022-04-30T04:00:00Z,38632.5,38752.5,38468.5,38627.5,12636.315
2022-04-30T08:00:00Z,38627.5,38672,38520.5,38559.5,9596.909
2022-04-30T12:00:00Z,38559.5,38621.5,38125,38444,22549.848
2022-04-30T16:00:00Z,38444,38584,38190,38449.5,11223.816
2022-04-30T20:00:00Z,38449.5,38449.5,37550,37609,18752.617
2022-05-01T00:00:00Z,37608,38056.5,37364,38014,24663.181
2022-05-01T04:00:00Z,38014,38154,37866,37939.5,11950.964
2022-05-01T08:00:00Z,37939.5,38076.5,37842,37922,11795.868
2022-05-01T12:00:00Z,37922,38623,37820.5,38466,19237.103
2022-05-01T16:00:00Z,38466.5,38659.5,37706.5,37788.5,19789.871
2022-05-01T20:00:00Z,37788.5,38600,37658.5,38442.5,18389.581
2022-05-02T00:00:00Z,38442.5,38794.5,38345,38650.5,23182.11
2022-05-02T04:00:00Z,38650.5,39164,38568.5,38882.5,29155.909
2022-05-02T08:00:00Z,38882.5,39060,38468.5,38516.5,30615.128
2022-05-02T12:00:00Z,38516,39150,38220,38681.5,51414.406
2022-05-02T16:00:00Z,38681.5,38853,38044.5,38546.5,21404.351
2022-05-02T20:00:00Z,38531,38906,38275.5,38515,14663.328
2022-05-03T00:00:00Z,38515,38611.5,38306.5,38507,21603.01
2022-05-03T04:00:00Z,38506,38560,38378,38541.5,20939.264
2022-05-03T08:00:00Z,38542.5,38638,38253,38545.5,23649.952
2022-05-03T12:00:00Z,38545.5,38583.5,38139,38314.5,29863.647
2022-05-03T16:00:00Z,38314.5,38383,37495,37699,23664.86
2022-05-03T20:00:00Z,37695,38025.5,37514.5,37710.5,14696.296
2022-05-04T00:00:00Z,37710.5,38084.5,37650.5,37988,19212.227
2022-05-04T04:00:00Z,37988,38746,37925.5,38688.5,35114.397
2022-05-04T08:00:00Z,38688.5,39096,38667,39008,34121.781
2022-05-04T12:00:00Z,39008,39179.5,38670.5,38985,25036.201
2022-05-04T16:00:00Z,38985.5,40044,38619.5,39853.5,50792.485
2022-05-04T20:00:00Z,39853.5,39941,39629,39706,10434.984
2022-05-05T00:00:00Z,39706,39810,39567,39740.5,11528.295
2022-05-05T04:00:00Z,39740.5,39859.5,39507.5,39573.5,14765.887
2022-05-05T08:00:00Z,39573.5,39623.5,39400,39486.5,14492.939
2022-05-05T12:00:00Z,39486.5,39539,36317,36881,82818.608
2022-05-05T16:00:00Z,36881,37303,35524,36293.5,53029.955
2022-05-05T20:00:00Z,36293.5,36570,36095,36520,19721.402
2022-05-06T00:00:00Z,36520,36650.5,36131,36437.5,24935.46
2022-05-06T04:00:00Z,36437.5,36522,35800,36352.5,27839.346
2022-05-06T08:00:00Z,36353,36493.5,35554.5,35759,37226.559
2022-05-06T12:00:00Z,35759,36409.5,35216.5,35978.5,73351.855
2022-05-06T16:00:00Z,35978.5,36210,35813.5,35973.5,17852.824
2022-05-06T20:00:00Z,35973.5,36091,35843.5,35986.5,8094.442
2022-05-07T00:00:00Z,35986.5,36033.5,35725,35787,13405.263
2022-05-07T04:00:00Z,35787,35923,35703.5,35889,15471.931
2022-05-07T08:00:00Z,35889,36123.5,35851.5,36032,17154.223
2022-05-07T12:00:00Z,36032,36064.5,35834,35935.5,13602.456
2022-05-07T16:00:00Z,35935.5,35977,35831,35856.5,6842.206
2022-05-07T20:00:00Z,35856.5,35856.5,34750,35449.5,38519.977
2022-05-08T00:00:00Z,35449.5,35489.5,34183,34463.5,54125.055
2022-05-08T04:00:00Z,34463.5,34943,34313,34583.5,24110.087
2022-05-08T08:00:00Z,34583.5,34862.5,34488.5,34769.5,17054.184
2022-05-08T12:00:00Z,34769.5,34837,34272.5,34349,27223.013
2022-05-08T16:00:00Z,34349,34732.5,33668.5,34574,35326.107
2022-05-08T20:00:00Z,34574,34625.5,33907,34024,18743.877
2022-05-09T00:00:00Z,34024,34236.5,33261,33551,37600.637
2022-05-09T04:00:00Z,33551,33831,33327.5,33507,29462.924
2022-05-09T08:00:00Z,33507,33767,32615.5,33101.5,62035.23
2022-05-09T12:00:00Z,33101,33421.5,32039.5,32333.5,68951.775
2022-05-09T16:00:00Z,32333.5,32588,30311,30963,78899.399
2022-05-09T20:00:00Z,30963,31874.5,30011.5,30069.5,47991.191
2022-05-10T00:00:00Z,30069.5,31447,29702.5,30644,62773.683
2022-05-10T04:00:00Z,30646.5,32662.5,30594.5,31622,67356.647
2022-05-10T08:00:00Z,31620,32008.5,31227,31619.5,42395.155
2022-05-10T12:00:00Z,31619.5,32367.5,30836,31296.5,62403.741
2022-05-10T16:00:00Z,31296.5,31781.5,30950,31312.5,20191.93
2022-05-10T20:00:00Z,31312.5,31339,30136.5,31005.5,29002.588
2022-05-11T00:00:00Z,31005.5,31685,30608.5,31185,36808.854
2022-05-11T04:00:00Z,31185,31906,30189,30600,48315.264
2022-05-11T08:00:00Z,30597,32172.5,30360,31526,45298.195
2022-05-11T12:00:00Z,31520,32021.5,29027.5,30966.5,88155.273
2022-05-11T16:00:00Z,30966.5,31123.5,29162,29357.5,33284.551
2022-05-11T20:00:00Z,29357.5,29629,27700,29069,35456.854
2022-05-12T00:00:00Z,29076,30191,28330,28376.5,53878.333
2022-05-12T04:00:00Z,28377,28573,26612,28062,88581.004
2022-05-12T08:00:00Z,28053,29279.5,27442,28475.5,47524.45
2022-05-12T12:00:00Z,28475.5,29820,27886.5,29026.5,56719.201
2022-05-12T16:00:00Z,29026.5,29950,28173.5,28633.5,31561.99
2022-05-12T20:00:00Z,28633.5,29290,28004,29026,16949.6
2022-05-13T00:00:00Z,29026,30780,28742.5,30564,44680.257
2022-05-13T04:00:00Z,30564,31065,30163.5,30176.5,39143.712
2022-05-13T08:00:00Z,30176.5,30758,30173,30656,32818.551
2022-05-13T12:00:00Z,30655,31009.5,30214.5,30331.5,41048.478
2022-05-13T16:00:00Z,30328,30513.5,29378,30074,30311.212
2022-05-13T20:00:00Z,30074,30135.5,29182,29271,14724.654
2022-05-14T00:00:00Z,29271,29799,29204,29562.5,21093.366
2022-05-14T08:00:00Z,29406.5,29574.5,28803,29053,26219.032
2022-05-14T12:00:00Z,29053,29233.5,28628,28801,28149.462
2022-05-14T16:00:00Z,28801,29911,28605,29316.5,28243.898
2022-05-14T20:00:00Z,29316.5,30339.5,29266.5,30085,17327.184
2022-05-15T00:00:00Z,30085,30267.5,29539,29714,19484.22
2022-05-15T04:00:00Z,29714,30048.5,29456,29817.5,19735.854
2022-05-15T08:00:00Z,29817.5,30315,29528,30238,24899.741
2022-05-15T12:00:00Z,30238,30558,29769.5,30012,33694.081
2022-05-15T16:00:00Z,30012,30510.5,29928.5,30463,14944.194
2022-05-15T20:00:00Z,30463,31471,30356,31328,23515.522
2022-05-16T00:00:00Z,31329,31329,30194,30300,27943.78
2022-05-16T04:00:00Z,30300,30445.5,29282.5,29565,41175.739
2022-05-16T08:00:00Z,29565,30180,29410.5,29929,33698.057
2022-05-16T12:00:00Z,29929,30238,29300.5,29643,47570.22
2022-05-16T16:00:00Z,29643,29972.5,29050.5,29558.5,22189.522
2022-05-16T20:00:00Z,29558.5,30238,29524,29850.5,15728.365
2022-05-17T00:00:00Z,29850,30520,29750,30353,32095.589
2022-05-17T04:00:00Z,30353,30572,30230,30401.5,27847.568
2022-05-17T08:00:00Z,30401.5,30790,30268,30316,29826.553
2022-05-17T12:00:00Z,30316,30741.5,29934.5,30128,44147.119
2022-05-17T16:00:00Z,30128,30285,29411.5,30073.5,30647.028
2022-05-17T20:00:00Z,30073.5,30657.5,30019.5,30420.5,19357.981
2022-05-18T00:00:00Z,30420.5,30694,29710.5,29808,34414.281
2022-05-18T04:00:00Z,29808,30063.5,29648,29886,30465.6
2022-05-18T08:00:00Z,29886,30020.5,29712.5,29808.5,24840.62
2022-05-18T12:00:00Z,29808.5,29879,28849.5,28960.5,49010.327
2022-05-18T16:00:00Z,28960.5,29515.5,28721,29252.5,30392.114
2022-05-18T20:00:00Z,29252.5,29385,28625,28688.5,19082.585
2022-05-19T00:00:00Z,28688.5,29320.5,28670,29168.5,34725.695
2022-05-19T04:00:00Z,29168.5,29412.5,29009,29175,35770.37
2022-05-19T08:00:00Z,29175,29521,28834.5,29486.5,40122.977
2022-05-19T12:00:00Z,29486.5,30552,29342,30390,72302.427
2022-05-19T16:00:00Z,30390,30450,29965,29970,27246.087
2022-05-19T20:00:00Z,29970,30486.5,29946,30324,14896.566
2022-05-20T00:00:00Z,30324,30779,30131.5,30179.5,36734.243
2022-05-20T04:00:00Z,30179.5,30357,29848,30264.5,38199.233
2022-05-20T08:00:00Z,30264.5,30543,30113,30414.5,31880.542
2022-05-20T12:00:00Z,30414.5,30453,29048,29126.5,59702.112
2022-05-20T16:00:00Z,29126.5,29334.5,28700,29267,39361.199
2022-05-20T20:00:00Z,29267,29367.5,29101.5,29181,13646.491
2022-05-21T00:00:00Z,29181,29320.5,28920,29230,19048.689
2022-05-21T04:00:00Z,29230,29540.5,29180.5,29402,16847.289
2022-05-21T08:00:00Z,29402,29455.5,29142,29265.5,17502.887
2022-05-21T12:00:00Z,29265.5,29626.5,29170,29524.5,23976.457
2022-05-21T16:00:00Z,29524.5,29635.5,29370.5,29441.5,14292.027
2022-05-21T20:00:00Z,29441.5,29504.5,29290,29418.5,10280.924
2022-05-22T00:00:00Z,29418.5,29522.5,29306.5,29341,13019.349
2022-05-22T04:00:00Z,29341,29429.5,29230,29415,13569.804
2022-05-22T08:00:00Z,29415,30323.5,29396,29898,47234.668
2022-05-22T12:00:00Z,29898,30241,29674.5,29843,30223.691
2022-05-22T16:00:00Z,29843,30181,29737.5,29936.5,19670.332
2022-05-22T20:00:00Z,29936.5,30488.5,29908.5,30289,17876.512
2022-05-23T00:00:00Z,30289,30457,30048.5,30170.5,24765.947
2022-05-23T04:00:00Z,30170.5,30664.5,30110,30449,40397.258
2022-05-23T08:00:00Z,30448.5,30615.5,30283,30392.5,30649.911
2022-05-23T12:00:00Z,30394,30627,29956.5,30369,61444.15
2022-05-23T16:00:00Z,30369,30533.5,29059,29075.5,39397.441
2022-05-23T20:00:00Z,29073,29460.5,28841,29088.5,30078.617
2022-05-24T00:00:00Z,29088.5,29308.5,29035,29281,23538.957
2022-05-24T04:00:00Z,29281,29416,29226.5,29381,26847.02
2022-05-24T08:00:00Z,29381,29413.5,29097.5,29273.5,29850.142
2022-05-24T12:00:00Z,29274.5,29630,28640.5,29367.5,68239.538
2022-05-24T16:00:00Z,29367.5,29573,29079.5,29365,26574.725
2022-05-24T20:00:00Z,29365,29839.5,29238,29634.5,20456.517
2022-05-25T00:00:00Z,29634.5,30228,29530.5,30194,39970.772
2022-05-25T04:00:00Z,30194,30210,29670.5,29702,35678.987
2022-05-25T08:00:00Z,29702,29940,29343.5,29394,39278.686
2022-05-25T12:00:00Z,29394,29905.5,29322,29626.5,42671.528
2022-05-25T16:00:00Z,29626.5,30038.5,29419,29587,30126.588
2022-05-25T20:00:00Z,29579.5,29874.5,29519.5,29527,15536.708
2022-05-26T00:00:00Z,29527,29883.5,29482,29836,30301.319
2022-05-26T04:00:00Z,29836,29872.5,29512.5,29704,35372.5
2022-05-26T08:00:00Z,29704,29717,28854.5,28988,59080.422
2022-05-26T12:00:00Z,28988,29471,27975,29365,91475.359
2022-05-26T16:00:00Z,29365,29769,29350,29380,29501.77
2022-05-26T20:00:00Z,29380,29686.5,29172.5,29208,17956.023
2022-05-27T00:00:00Z,29223,29385.5,28821,29000.5,36448.42
2022-05-27T04:00:00Z,29000.5,29194,28608.5,28970,49574.716
2022-05-27T08:00:00Z,28970,29120,28761.5,28893,30804.701
2022-05-27T12:00:00Z,28894.5,29354,28626.5,28827.5,53434.877
2022-05-27T16:00:00Z,28827.5,29033,28260,28846,34029.578
2022-05-27T20:00:00Z,28846,28997,28504.5,28609.5,17018.715
2022-05-28T00:00:00Z,28610,28819.5,28517,28796,22429.162
2022-05-28T04:00:00Z,28796,28923,28726,28861,17492.32
2022-05-28T08:00:00Z,28861,28906,28749.5,28813.5,17975.253
2022-05-28T12:00:00Z,28813.5,29264.5,28775.5,28981.5,29958.663
2022-05-28T16:00:00Z,28981.5,29065.5,28782,29016.5,16049.029
2022-05-28T20:00:00Z,29016.5,29159.5,28955,29029.5,8642.213
2022-05-29T00:00:00Z,29029.5,29043.5,28825,28964.5,15073.437
2022-05-29T04:00:00Z,28964.5,29061,28900.5,29006.5,12491.926
2022-05-29T08:00:00Z,29006.5,29232.5,28957.5,29210,28577.847
2022-05-29T12:00:00Z,29210,29478.5,29163.5,29218.5,29203.578
2022-05-29T16:00:00Z,29218.5,29356,29081.5,29128,12874.559
2022-05-29T20:00:00Z,29128,29595,29093.5,29461.5,17321.626
2022-05-30T00:00:00Z,29461,30401,29308.5,30351.5,50839.93
2022-05-30T04:00:00Z,30351.5,30937,30232,30633,43345.238
2022-05-30T08:00:00Z,30633,30769.5,30567,30667.5,22794.711
2022-05-30T12:00:00Z,30667.5,30932.5,30263.5,30635.5,41128.804
2022-05-30T16:00:00Z,30635.5,30859,30570.5,30643,12366.617
2022-05-30T20:00:00Z,30643,32273,30560,31737.5,44226.05
2022-05-31T00:00:00Z,31737.5,31861,31449.5,31771.5,25567.283
2022-05-31T04:00:00Z,31771.5,31801.5,31441,31577.5,22823.263
2022-05-31T08:00:00Z,31577.5,31834,31501,31760.5,24554.665
2022-05-31T12:00:00Z,31760.5,32184,31228.5,32057.5,54370.229
2022-05-31T16:00:00Z,32057.5,32420,31579,31632.5,37920.192
2022-05-31T20:00:00Z,31632.5,31932.5,31597.5,31798,11535.292
2022-06-01T00:00:00Z,31798,31984.5,31619,31632,21441.434
2022-06-01T04:00:00Z,31632,31670,31377,31466.5,25337.711
2022-06-01T08:00:00Z,31466.5,31691.5,31424,31585.5,23717.427
2022-06-01T12:00:00Z,31585.5,31900.5,30705,30727.5,68649.838
2022-06-01T16:00:00Z,30727.5,30731.5,29868.5,30104.5,51731.47
2022-06-01T20:00:00Z,30104.5,30139.5,29293,29780,29060.589
2022-06-02T00:00:00Z,29780,29882.5,29567,29703.5,19557.324
2022-06-02T04:00:00Z,29703.5,30100,29627.5,29940,25565.694
2022-06-02T08:00:00Z,29940,30185.5,29835,30149,23313.333
2022-06-02T12:00:00Z,30149,30389.5,29575,30201.5,55132.486
2022-06-02T16:00:00Z,30201.5,30406.5,29964.5,30280.5,18241.714
2022-06-02T20:00:00Z,30280.5,30708.5,30228,30451.5,22305.049
2022-06-03T00:00:00Z,30451.5,30698.5,30340.5,30521.5,28039.26
2022-06-03T04:00:00Z,30521.5,30556.5,30276,30440.5,26950.183
2022-06-03T08:00:00Z,30440.5,30520.5,29652.5,29734,54013.525
2022-06-03T12:00:00Z,29734,29868,29258,29481.5,49537.251
2022-06-03T16:00:00Z,29481.5,29656.5,29376,29552,13637.099
2022-06-03T20:00:00Z,29552,29860.5,29540.5,29678.5,12714.036
2022-06-04T00:00:00Z,29678.5,29739,29461,29537,18435.642
2022-06-04T04:00:00Z,29537,29718.5,29524.5,29678,14683.006
2022-06-04T08:00:00Z,29678,29779.5,29567.5,29657,16635.779
2022-06-04T12:00:00Z,29657,29965.5,29460.5,29830.5,33999.341
2022-06-04T16:00:00Z,29830.5,29831.5,29589,29632.5,12362.273
2022-06-04T20:00:00Z,29632.5,29949.5,29608.5,29844.5,11989.407
2022-06-05T00:00:00Z,29844.5,29873,29656.5,29742,12427.309
2022-06-05T04:00:00Z,29742,29800,29627,29628,13302.666
2022-06-05T08:00:00Z,29628,29720.5,29510.5,29699,21635.997
2022-06-05T12:00:00Z,29699,29956.5,29602,29946.5,24479.288
2022-06-05T16:00:00Z,29947.5,30169,29738,30030.5,29753.334
2022-06-05T20:00:00Z,30030.5,30109.5,29791,29895,16322.991
2022-06-06T00:00:00Z,29895,31275.5,29865,31249,57018.244
2022-06-06T04:00:00Z,31249,31430,31142,31290,29253.712
2022-06-06T08:00:00Z,31290,31600,31277.5,31399,28904.709
2022-06-06T12:00:00Z,31399,31760,31161.5,31545,50030.094
2022-06-06T16:00:00Z,31545,31559.5,31060,31476,26336.934
2022-06-06T20:00:00Z,31476,31602.5,31275,31373.5,12897.785
2022-06-07T00:00:00Z,31373.5,31382.5,29187,29542,89934.864
2022-06-07T04:00:00Z,29542,29605.5,29372.5,29558,26416.13
2022-06-07T08:00:00Z,29558,29714.5,29320.5,29494.5,29517.852
2022-06-07T12:00:00Z,29494.5,30016.5,29378,29867.5,45070.898
2022-06-07T16:00:00Z,29867.5,31411,29724,31042,45701.066
2022-06-07T20:00:00Z,31042,31580,30321.5,31126,59151.106
2022-06-08T00:00:00Z,31126,31328.5,29834.5,30013.5,70915.805
2022-06-08T04:00:00Z,30013.5,30687,29862.5,30552,51650.678
2022-06-08T08:00:00Z,30552,30612,30333,30409,24623.207
2022-06-08T12:00:00Z,30409,30898,30034,30470.5,55304.086
2022-06-08T16:00:00Z,30470.5,30542.5,29905,30129,23289.702
2022-06-08T20:00:00Z,30129,30491,30093,30183,14458.522
2022-06-09T00:00:00Z,30183,30299,30046.5,30269.5,28860.473
2022-06-09T04:00:00Z,30269.5,30483,30214,30481,28858.887
2022-06-09T08:00:00Z,30481,30701.5,30267,30296,42600.371
2022-06-09T12:00:00Z,30296,30368,29915.5,30283,59052.361
2022-06-09T16:00:00Z,30283,30423.5,29957.5,29991.5,20399.262
2022-06-09T20:00:00Z,29991.5,30233,29950,30087.5,17115.304
2022-06-10T00:00:00Z,30087.5,30348.5,29523.5,30094.5,47710.149
2022-06-10T04:00:00Z,30094.5,30210.5,30027.5,30033.5,19684.633
2022-06-10T08:00:00Z,30033.5,30096.5,29841.5,29998,27068.069
2022-06-10T12:00:00Z,29998,30165,29200,29436,73896.473
2022-06-10T16:00:00Z,29436,29460,28832.5,28957,34189.496
2022-06-10T20:00:00Z,28957,29387.5,28953,29071.5,17308.746
2022-06-11T00:00:00Z,29071.5,29293.5,29030,29250.5,13619.986
2022-06-11T04:00:00Z,29250.5,29418.5,29225,29299,17050.433
2022-06-11T08:00:00Z,29299,29315,28562,28720,48443.288
2022-06-11T12:00:00Z,28720,28845.5,28224.5,28383.5,65041.439
2022-06-11T16:00:00Z,28383.5,28778.5,28073.5,28573,33609.896
2022-06-11T20:00:00Z,28573,28668.5,28232,28405,16278.613
2022-06-12T00:00:00Z,28405,28521,27246.5,27530.5,53744.953
2022-06-12T04:00:00Z,27530.5,27655.5,27151,27625,32483.548
2022-06-12T08:00:00Z,27625,27690.5,27329.5,27437.5,23518.794
2022-06-12T12:00:00Z,27437.5,28320,26858,28068,64119.4
2022-06-12T16:00:00Z,28068,28215,27401.5,27405,25408.75
2022-06-12T20:00:00Z,27405,27533.5,26534.5,26558.5,32356.974
2022-06-13T00:00:00Z,26558.5,26867,24863,25487.5,101364.697
2022-06-13T04:00:00Z,25487.5,26234,24544,24778.5,96181.581
2022-06-13T08:00:00Z,24778.5,24913.5,23466,23705,120885.753
2022-06-13T12:00:00Z,23705,24349.5,22565.5,23247.5,126247.454
2022-06-13T16:00:00Z,23247.5,24186,23088.5,23156,46096.262
2022-06-13T20:00:00Z,23156,23770,21910,22465.5,39586.891
2022-06-14T00:00:00Z,22464.5,22775.5,20827.5,22109,123013.819
2022-06-14T04:00:00Z,22109,23330,21760,22875.5,113693.811
2022-06-14T08:00:00Z,22875.5,22979.5,21722.5,21987.5,65199.833
2022-06-14T12:00:00Z,21987.5,22800.5,21807.5,22685.5,89781.968
2022-06-14T16:00:00Z,22685.5,22773.5,22119,22184,34309.156
2022-06-14T20:00:00Z,22184,22325,21345.5,22132,33362.672
2022-06-15T00:00:00Z,22133.5,22290.5,21387.5,21441.5,49020.1
2022-06-15T04:00:00Z,21441.5,21477.5,20622,20700,102746.657
2022-06-15T08:00:00Z,20700,21284,20086,21169.5,97351.835
2022-06-15T12:00:00Z,21169.5,21786.5,21041,21414,79732.394
2022-06-15T16:00:00Z,21414,22435.5,20240,21618.5,102273.819
2022-06-15T20:00:00Z,21618.5,22796.5,21445.5,22577.5,36910.972
2022-06-16T00:00:00Z,22577.5,22989.5,22152,22199.5,53452.407
2022-06-16T04:00:00Z,22199.5,22346.5,21638,21753,53569.262
2022-06-16T08:00:00Z,21753,21886.5,20852,21027,85737.086
2022-06-16T16:00:00Z,21061,21445.5,20796.5,20864.5,34746.276
2022-06-16T20:00:00Z,20864.5,21031,20215.5,20379,39560.523
2022-06-17T00:00:00Z,20379,21044.5,20224,20361.5,68896.719
2022-06-17T04:00:00Z,20361.5,21278,20305,21091.5,73906.388
2022-06-17T08:00:00Z,21091.5,21354,20843,20975,58069.427
2022-06-17T12:00:00Z,20975,21044.5,20376,20655.5,68911.155
2022-06-17T16:00:00Z,20655.5,20781.5,20426.5,20510,25296.726
2022-06-17T20:00:00Z,20510,20711,20350,20448.5,20223.554
2022-06-18T00:00:00Z,20448.5,20761,20304,20443,36033.992
2022-06-18T04:00:00Z,20443,20525,19027,19236.5,70286.902
2022-06-18T08:00:00Z,19237.5,19514.5,18704,19229.5,75401.399
2022-06-18T12:00:00Z,19229.5,19270.5,18930,18936.5,41575.392
2022-06-18T16:00:00Z,18936.5,19081.5,18016.5,18053.5,72786.785
2022-06-18T20:00:00Z,18053.5,19484,17590,18955.5,92207.258
2022-06-19T00:00:00Z,18955.5,19184,18210,18291,53035.888
2022-06-19T04:00:00Z,18291,18606.5,17941.5,18285.5,57250.897
2022-06-19T08:00:00Z,18285.5,20048,18250.5,19689,91824.269
2022-06-19T12:00:00Z,19689,19933,19136.5,19825.5,65998.148
2022-06-19T16:00:00Z,19825.5,20348,19373,20113,37582.866
2022-06-19T20:00:00Z,20113,20819,20047.5,20573,45256.265
2022-06-20T00:00:00Z,20573,20660,19635.5,19973,62313.188
2022-06-20T04:00:00Z,19973,20248.5,19765.5,20077.5,54138.9
2022-06-20T08:00:00Z,20077.5,21029,20016,20795.5,78577.196
2022-06-20T12:00:00Z,20795.5,21083,20360,20821,67286.197
2022-06-20T16:00:00Z,20821,20824.5,19835.5,20074,45524.472
2022-06-20T20:00:00Z,20074,20784.5,20003.5,20575.5,27344.282
2022-06-21T00:00:00Z,20575.5,20778.5,20350,20610.5,46387.425
2022-06-21T04:00:00Z,20610.5,21329,20474.5,21115,61616.763
2022-06-21T08:00:00Z,21115,21464.5,20912,20961,49999.844
2022-06-21T12:00:00Z,20961,21717.5,20848.5,21390,67782.397
2022-06-21T16:00:00Z,21390,21550.5,20873.5,20892,27600.752
2022-06-21T20:00:00Z,20892,21054,20548.5,20720.5,28282.16
2022-06-22T00:00:00Z,20720.5,20735,20247.5,20304,53072.569
2022-06-22T04:00:00Z,20304,20586.5,19950,20086.5,74075.932
2022-06-22T08:00:00Z,20086.5,20665,20033,20500,52119.098
2022-06-22T12:00:00Z,20500,20890,20033.5,20081,96021.006
2022-06-22T16:00:00Z,20081,20375,19836,20109,51976.967
2022-06-22T20:00:00Z,20109,20234.5,19758,19979,35649.684
2022-06-23T00:00:00Z,19979,20607,19878,20208.5,46723.642
2022-06-23T04:00:00Z,20208.5,20646,20158,20453,46263.38
2022-06-23T08:00:00Z,20453,20808,20450,20637,44867.018
2022-06-23T12:00:00Z,20637,20820,20281,20347,40968.315
2022-06-23T16:00:00Z,20347,20945,20171,20907,26364.403
2022-06-23T20:00:00Z,20907,21233,20664.5,21102,25525.133
2022-06-24T00:00:00Z,21102,21370.5,20970,21073,35267.156
2022-06-24T04:00:00Z,21073,21168,20738,20908,36782.566
2022-06-24T08:00:00Z,20908,21324.5,20744,21168.5,36037.166
2022-06-24T12:00:00Z,21168.5,21457.5,20820,20884,38181.518
2022-06-24T16:00:00Z,20884,21259.5,20788,21245,23281.397
2022-06-24T20:00:00Z,21245,21555.5,21140.5,21235.5,19047.509
2022-06-25T00:00:00Z,21235.5,21373,21120.5,21298,24096.393
2022-06-25T04:00:00Z,21298,21610,21180,21500.5,36428.244
2022-06-25T08:00:00Z,21500.5,21550.5,21316,21336.5,27095.567
2022-06-25T12:00:00Z,21336.5,21371,20909.5,20964,40688.541
2022-06-25T16:00:00Z,20964,21253,20915,21202,21881.392
2022-06-25T20:00:00Z,21202,21590,21142.5,21489,24477.776
2022-06-26T00:00:00Z,21489,21544.5,21280.5,21425,29153.524
2022-06-26T04:00:00Z,21425,21522,21334.5,21395,30527.617
2022-06-26T08:00:00Z,21395,21797.5,21364.5,21706.5,34929.41
2022-06-26T12:00:00Z,21706.5,21886,21194,21322,47261.273
2022-06-26T16:00:00Z,21322,21442,21130,21281.5,24637.416
2022-06-26T20:00:00Z,21281.5,21422,20956,21024.5,26735.092
2022-06-27T00:00:00Z,21024.5,21174,20910,21157.5,27266.873
2022-06-27T04:00:00Z,21157.5,21391,21127.5,21360,32489.849
2022-06-27T08:00:00Z,21361,21533,21285,21303,42566.341
2022-06-27T12:00:00Z,21303,21342.5,20573.5,20740,68714.396
2022-06-27T16:00:00Z,20740,20917.5,20492,20840,29208.251
2022-06-27T20:00:00Z,20840,20949,20666,20723.5,32023.887
2022-06-28T00:00:00Z,20723.5,20855,20494.5,20715,43404.458
2022-06-28T04:00:00Z,20715,20912,20686,20874.5,43233.485
2022-06-28T08:00:00Z,20874.5,21204,20862,20996.5,60550.262
2022-06-28T12:00:00Z,20996.5,21130,20585,20601,63716.54
2022-06-28T16:00:00Z,20601,20754.5,20200,20246.5,52962.453
2022-06-28T20:00:00Z,20246.5,20440,20187,20265,36367.757
2022-06-29T00:00:00Z,20265,20378,20139.5,20271,43593.902
2022-06-29T04:00:00Z,20271,20354,19890,20075,73715.064
2022-06-29T08:00:00Z,20075,20215,19835,20089.5,54031.384
2022-06-29T12:00:00Z,20089.5,20171.5,19879,20071,52223.547
2022-06-29T16:00:00Z,20071,20249.5,19917,20210,47040.519
2022-06-29T20:00:00Z,20210,20417,20033.5,20102.5,51543.358
2022-06-30T00:00:00Z,20102.5,20152.5,19934,20057.5,51089.607
2022-06-30T04:00:00Z,20057.5,20070,19295,19417,90913.891
2022-06-30T08:00:00Z,19417,19420.5,18907,19082.5,112937.472
2022-06-30T12:00:00Z,19082.5,19310.5,18745,19124,105446.06
2022-06-30T16:00:00Z,19124,19270,18840.5,18920.5,66333.338
2022-06-30T20:00:00Z,18920.5,19960,18616.5,19924.5,80890.639
2022-07-01T00:00:00Z,19924.5,20896.5,19643,19711.5,110517.963
2022-07-01T04:00:00Z,19711.5,19740.5,19301.5,19563.5,100833.839
2022-07-01T08:00:00Z,19563.5,19797.5,18954,19169.5,72586.012
2022-07-01T12:00:00Z,19169.5,19650,19113,19278.5,91412.229
2022-07-01T16:00:00Z,19278.5,19529.5,19236,19371.5,70503.151
2022-07-01T20:00:00Z,19371.5,19670,19206.5,19264.5,57902.904
2022-07-02T00:00:00Z,19264.5,19375.5,19050,19118,54646.888
2022-07-02T04:00:00Z,19118,19284,19095.5,19115.5,60888.258
2022-07-02T08:00:00Z,19115.5,19268,18962.5,19181.5,55286.218
2022-07-02T12:00:00Z,19181.5,19438.5,19134.5,19211.5,58660.398
2022-07-02T16:00:00Z,19211.5,19394,19176.5,19256,47717.727
2022-07-02T20:00:00Z,19256,19367,19186,19236,40241.472
2022-07-03T00:00:00Z,19236,19290,19154.5,19251,38952.197
2022-07-03T04:00:00Z,19251,19378,18772.5,19120.5,83812.596
2022-07-03T08:00:00Z,19120.5,19141,18920,19074,53241.231
2022-07-03T12:00:00Z,19074,19105.5,18952.5,19032,55088.615
2022-07-03T16:00:00Z,19032,19544.5,19002.5,19474.5,52178.414
2022-07-03T20:00:00Z,19474.5,19632.5,19197,19299,54892.509
2022-07-04T00:00:00Z,19299,19326,19042,19085,47071.331
2022-07-04T04:00:00Z,19085,19175.5,19067,19110.5,38101.863
2022-07-04T08:00:00Z,19110.5,19842,19099,19800,76628.278
2022-07-04T12:00:00Z,19800,20123,19504,19795.5,91529.036
2022-07-04T16:00:00Z,19795.5,20043,19671,19830,52657.682
2022-07-04T20:00:00Z,19830,20350,19731.5,20230.5,57085.224
2022-07-05T00:00:00Z,20230.5,20475,20157,20308.5,62328.557
2022-07-05T04:00:00Z,20308.5,20451,20176,20214,44868.775
2022-07-05T08:00:00Z,20214,20214,19472,19519.5,58603.024
2022-07-05T12:00:00Z,19519.5,19578,19301.5,19504,64894.438
2022-07-05T16:00:00Z,19504,20506,19471,20395.5,54445.128
2022-07-05T20:00:00Z,20395.5,20749.5,20107.5,20176.5,54011.055
2022-07-06T00:00:00Z,20176.5,20379,19760.5,19943.5,54465.533
2022-07-06T04:00:00Z,19943.5,20323,19860.5,20157.5,67381.124
2022-07-06T08:00:00Z,20157.5,20294.5,20033,20101.5,45118.515
2022-07-06T12:00:00Z,20101.5,20366,19957,20148,59898.829
2022-07-06T16:00:00Z,20148,20478.5,20134,20320,37478.806
2022-07-06T20:00:00Z,20320,20670,20271,20560,28825.477
2022-07-07T00:00:00Z,20560,20589.5,20382,20481,30657.344
2022-07-07T04:00:00Z,20481,20492.5,20260,20440,39609.461
2022-07-07T08:00:00Z,20440,20613.5,20392,20509.5,42367.509
2022-07-07T12:00:00Z,20509.5,21028,20377,20886,63702.015
2022-07-07T16:00:00Z,20886,21836,20836,21808.5,60140.715
2022-07-07T20:00:00Z,21808.5,21834,21526.5,21618,39821.156
2022-07-08T00:00:00Z,21618,22550.5,21579.5,22126,60790.13
2022-07-08T04:00:00Z,22126,22243,21721,21799,47187.938
2022-07-08T08:00:00Z,21799,21822,21318,21580.5,59657.876
2022-07-08T12:00:00Z,21580.5,22126.5,21186,21957,83606.234
2022-07-08T16:00:00Z,21957,21962,21538,21814.5,44384.193
2022-07-08T20:00:00Z,21814.5,22034,21584,21594.5,29966.371
2022-07-09T00:00:00Z,21594.5,21694.5,21411,21611.5,37441.822
2022-07-09T04:00:00Z,21611.5,21725,21490,21650,26029.531
2022-07-09T08:00:00Z,21650,21775,21319.5,21438,40118.112
2022-07-09T12:00:00Z,21438,21715,21381,21544.5,36436.315
2022-07-09T16:00:00Z,21544.5,21977.5,21515.5,21620.5,37112.902
2022-07-09T20:00:00Z,21620.5,21749,21546.5,21589.5,26020.035
2022-07-10T00:00:00Z,21589.5,21600.5,21140,21295.5,38319.796
2022-07-10T04:00:00Z,21295.5,21365,21158.5,21335.5,32278.946
2022-07-10T08:00:00Z,21335.5,21416.5,21173,21300,31111.911
2022-07-10T12:00:00Z,21300,21340,20832,20897.5,40911.843
2022-07-10T16:00:00Z,20897.5,21032,20659,20920,35295.413
2022-07-10T20:00:00Z,20920,21169,20692,20849.5,32707.168
2022-07-11T00:00:00Z,20849.5,20850.5,20439.5,20532.5,42320.17
2022-07-11T04:00:00Z,20532.5,20590.5,20345.5,20422,39328.918
2022-07-11T08:00:00Z,20422,20613,20400.5,20460,38014.008
2022-07-11T12:00:00Z,20460,20740,20260,20418.5,53220.924
2022-07-11T16:00:00Z,20418.5,20692,20386.5,20492,27179.342
2022-07-11T20:00:00Z,20492,20542,19866,19951,43370.463
2022-07-12T00:00:00Z,19951,19985,19780,19929.5,35360.587
2022-07-12T04:00:00Z,19929.5,20040.5,19612,19716.5,48224.008
2022-07-12T08:00:00Z,19716.5,19816.5,19549.5,19762.5,46161.397
2022-07-12T12:00:00Z,19762.5,19992.5,19680,19872,56293.67
2022-07-12T16:00:00Z,19872,19988.5,19266,19378,36102.79
2022-07-12T20:00:00Z,19378,19531.5,19228,19318,36283.962
2022-07-13T00:00:00Z,19318,19561,19256,19456,34188.712
2022-07-13T04:00:00Z,19456,19850,19405.5,19699,45961.324
2022-07-13T08:00:00Z,19699,19919.5,19663,19840,43124.774
2022-07-13T12:00:00Z,19840,20111,18907,19451.5,121765.281
2022-07-13T16:00:00Z,19451.5,20044,19235.5,19649.5,56018.476
2022-07-13T20:00:00Z,19649.5,20347.5,19582,20230.5,46958.388
2022-07-14T00:00:00Z,20230.5,20424,20162,20219.5,41544.8
2022-07-14T04:00:00Z,20219.5,20272,19900,19985.5,45941.622
2022-07-14T08:00:00Z,19985.5,20051.5,19637.5,19733,45749.578
2022-07-14T12:00:00Z,19733,20466,19613.5,20389.5,75326.518
2022-07-14T16:00:00Z,20389.5,20899,20155.5,20608,59817.773
2022-07-14T20:00:00Z,20608,20716,20440,20585.5,30430.26
2022-07-15T00:00:00Z,20585.5,20824.5,20382,20608,57125.588
2022-07-15T04:00:00Z,20608,20924.5,20494.5,20831.5,43483.434
2022-07-15T08:00:00Z,20831.5,21041,20722.5,20772.5,40129.696
2022-07-15T12:00:00Z,20772.5,21085,20763.5,20795,44339.399
2022-07-15T16:00:00Z,20795,21181.5,20638.5,21160.5,31939.331
2022-07-15T20:00:00Z,21160.5,21200,20765,20834.5,23953.338
2022-07-16T00:00:00Z,20834.5,20858.5,20606.5,20734,25511.899
2022-07-16T04:00:00Z,20734,20753.5,20476,20546,27502.178
2022-07-16T08:00:00Z,20546,20683.5,20540.5,20615,18134.8
2022-07-16T12:00:00Z,20615,20956,20593.5,20942.5,35605.514
2022-07-16T16:00:00Z,20942.5,21586.5,20926.5,21192,56249.927
2022-07-16T20:00:00Z,21192,21347,20916.5,21199.5,22284.293
2022-07-17T00:00:00Z,21199.5,21456.5,21083.5,21324.5,28553.591
2022-07-17T04:00:00Z,21324.5,21675,21238.5,21470.5,35650.489
2022-07-17T08:00:00Z,21470.5,21548.5,21220,21456,35310.688
2022-07-17T12:00:00Z,21456,21498.5,21087,21169,38679.503
2022-07-17T16:00:00Z,21169,21355.5,20830,21028,35131.977
2022-07-17T20:00:00Z,21028,21075,20752.5,20802.5,20811.231
2022-07-18T00:00:00Z,20802.5,21379.5,20771.5,21283.5,38626.129
2022-07-18T04:00:00Z,21283.5,22406,21170,22250,75310.777
2022-07-18T08:00:00Z,22250,22520,21982,22138.5,51834.783
2022-07-18T12:00:00Z,22138.5,22778.5,21909,22682,53499.152
2022-07-18T16:00:00Z,22682,22718,21403,21618,53084.476
2022-07-18T20:00:00Z,21618,22650.5,21447.5,22442,37120.161
2022-07-19T00:00:00Z,22442.5,22967,21813,21903,64220.812
2022-07-19T04:00:00Z,21903,22131.5,21585,21767,49116.347
2022-07-19T08:00:00Z,21767,22232,21701.5,21982.5,38232.058
2022-07-19T12:00:00Z,21982.5,23197,21980.5,23130.5,85311.492
2022-07-19T16:00:00Z,23130.5,23704,22958,23398,53079.683
2022-07-20T00:00:00Z,23398.5,23522.5,22942,23445.5,40834.707
2022-07-20T04:00:00Z,23445.5,23860,23312,23387.5,44241.606
2022-07-20T08:00:00Z,23387.5,23891.5,23316.5,23733.5,43410.804
2022-07-20T12:00:00Z,23733.5,24270,23575.5,24167.5,56347.627
2022-07-20T16:00:00Z,24167.5,24195,23425.5,23659,45090.05
2022-07-20T20:00:00Z,23659,23794,22926,23223.5,43833.66
2022-07-21T00:00:00Z,23223.5,23431,22659,22768,45400.756
2022-07-21T04:00:00Z,22768,23078,22632,22922.5,42828.502
2022-07-21T08:00:00Z,22922.5,23058.5,22463,22602.5,39664.644
2022-07-21T12:00:00Z,22602.5,22836.5,22338,22637.5,44091.054
2022-07-21T16:00:00Z,22637.5,23189.5,22627.5,23184.5,42887.02
2022-07-21T20:00:00Z,23184.5,23290,22929.5,23138.5,24654.489
2022-07-22T00:00:00Z,23138.5,23340.5,22852.5,22900,31928.418
2022-07-22T04:00:00Z,22900,23305.5,22800,23103.5,38493.957
2022-07-22T08:00:00Z,23103.5,23637.5,23063.5,23610,44270.248
2022-07-22T12:00:00Z,23610,23768,23222.5,23279,52744.939
2022-07-22T16:00:00Z,23279,23329.5,22536,22572.5,45266.686
2022-07-22T20:00:00Z,22572.5,22772,22494,22670,22820.813
2022-07-23T00:00:00Z,22670,22883,22541,22792.5,21995.251
2022-07-23T04:00:00Z,22792.5,22980,22666,22758.5,30136.445
2022-07-23T08:00:00Z,22758.5,22862,22205.5,22221.5,36988.121
2022-07-23T12:00:00Z,22221.5,22372,22050,22208,39212.111
2022-07-23T16:00:00Z,22208,22315,21934.5,22265,28841.634
2022-07-23T20:00:00Z,22265,22539,22210,22434.5,22101.046
2022-07-24T00:00:00Z,22434.5,22655,22284.5,22322.5,24574.633
2022-07-24T04:00:00Z,22322.5,22820,22247.5,22691,34065.442
2022-07-24T08:00:00Z,22691,22804.5,22470,22644,36881.787
2022-07-24T12:00:00Z,22644,22904.5,22431,22850,37003.547
2022-07-24T16:00:00Z,22850,22879.5,22626.5,22701,21652.467
2022-07-24T20:00:00Z,22701,23006.5,22514.5,22571.5,27684.783
2022-07-25T00:00:00Z,22571.5,22653,21769,21857.5,47926.306
2022-07-25T04:00:00Z,21857.5,21980,21733,21947.5,31051.618
2022-07-25T08:00:00Z,21947.5,22093.5,21857.5,21923,29222.968
2022-07-25T12:00:00Z,21923,21986.5,21681.5,21884.5,38817.053
2022-07-25T16:00:00Z,21884.5,21996,21551.5,21875.5,27436.631
2022-07-25T20:00:00Z,21875.5,22245,21243,21294.5,41464.552
2022-07-26T00:00:00Z,21294.5,21330,20839,21123,38101.839
2022-07-26T04:00:00Z,21123,21240,21007,21052,28197.361
2022-07-26T08:00:00Z,21052,21143.5,20924.5,21075,22836.074
2022-07-26T12:00:00Z,21075,21179,20709,20733,43458.182
2022-07-26T16:00:00Z,20733,21066.5,20730,20904,25996.627
2022-07-26T20:00:00Z,20904,21282,20800.5,21234,33496.242
2022-07-27T00:00:00Z,21234,21268,21035,21067.5,27589.474
2022-07-27T04:00:00Z,21067.5,21438.5,21054,21333.5,34960.755
2022-07-27T08:00:00Z,21333.5,21424,21122,21192,26454.817
2022-07-27T12:00:00Z,21192,21543,21149,21529.5,32722.679
2022-07-27T16:00:00Z,21529.5,23109.5,21456.5,22768,78220.31
2022-07-27T20:00:00Z,22768,22999,22586.5,22952.5,27879.053
2022-07-28T00:00:00Z,22952.5,23458.5,22706.5,23139.5,36214.589
2022-07-28T04:00:00Z,23139.5,23271,22892,22931,31937.168
2022-07-28T08:00:00Z,22931,23142,22828,23115.5,30744.084
2022-07-28T12:00:00Z,23115.5,23987,22596,23748,86552.439
2022-07-28T16:00:00Z,23748,24106.5,23676.5,23795.5,31785.804
2022-07-28T20:00:00Z,23795.5,24199,23747,23852,27378.1
2022-07-29T00:00:00Z,23852,23953,23711,23920,22722.818
2022-07-29T04:00:00Z,23920,24459.5,23826,23949,49363.807
2022-07-29T08:00:00Z,23949,24137,23557.5,23724.5,35637.193
2022-07-29T12:00:00Z,23724.5,24225.5,23421,24013.5,57406.184
2022-07-29T16:00:00Z,24013.5,24037.5,23612,23898,31377.394
2022-07-29T20:00:00Z,23898,24135.5,23700,23775,20767.289
2022-07-30T00:00:00Z,23775,23969.5,23681,23805,23119.716
2022-07-30T04:00:00Z,23805,23911,23634.5,23879,19800.303
2022-07-30T08:00:00Z,23879,24056.5,23737,23960,21867.166
2022-07-30T12:00:00Z,23960,24685,23923,24526,46397.206
2022-07-30T16:00:00Z,24526,24598,23870.5,23925,28902.831
2022-07-30T20:00:00Z,23925,24077,23516,23626.5,31163.817
2022-07-31T00:00:00Z,23626.5,23872,23509.5,23729.5,22718.143
2022-07-31T04:00:00Z,23729.5,23824,23654,23702,19449.499
2022-07-31T08:00:00Z,23702,23845,23551,23783,24791.948
2022-07-31T12:00:00Z,23783,23850.5,23592,23757,21636.657
2022-07-31T16:00:00Z,23757,24179,23385.5,23829,32126.408
2022-07-31T20:00:00Z,23829,23875,23220.5,23286,23512.473
2022-08-01T00:00:00Z,23286,23451.5,23247.5,23364.5,19360.616
2022-08-01T04:00:00Z,23364.5,23400,23104,23306.5,30939.066
2022-08-01T08:00:00Z,23306.5,23365.5,22936.5,23210.5,32288.474
2022-08-01T12:00:00Z,23210.5,23489,22955.5,23317.5,43801.272
2022-08-01T16:00:00Z,23317.5,23337,22840,22940.5,32083.733
2022-08-01T20:00:00Z,22940.5,23399.5,22895.5,23253,24270.717
2022-08-02T00:00:00Z,23253,23429.5,22777,22841.5,35547.175
2022-08-02T04:00:00Z,22841.5,22920,22703.5,22875,28543.166
2022-08-02T08:00:00Z,22875,22957,22645.5,22869,30191.341
2022-08-02T12:00:00Z,22869,23138,22655,22961.5,53086.073
2022-08-02T16:00:00Z,22961.5,23441.5,22856.5,22929,37949.788
2022-08-02T20:00:00Z,22929,23131,22892.5,22967.5,18985.316
2022-08-03T00:00:00Z,22967.5,23053.5,22676.5,22848.5,26899.041
2022-08-03T04:00:00Z,22848.5,23059.5,22789.5,22973.5,28654.229
2022-08-03T08:00:00Z,22973.5,23476,22973.5,23405,42228.192
2022-08-03T12:00:00Z,23405,23645.5,23208,23360,48112.854
2022-08-03T16:00:00Z,23360,23574,23265,23452,26634.5
2022-08-03T20:00:00Z,23452,23483.5,22710.5,22807,35378.957
2022-08-04T00:00:00Z,22807,23207.5,22783,23080.5,29225.73
2022-08-04T04:00:00Z,23080.5,23169,22808.5,22932,31876.081
2022-08-04T08:00:00Z,22932,22943.5,22758.5,22870.5,26465.845
2022-08-04T12:00:00Z,22870.5,23123.5,22740,22909.5,42580.113
2022-08-04T16:00:00Z,22909.5,22963.5,22379,22435,35969.761
2022-08-04T20:00:00Z,22435,22653,22433,22604,15488.028
2022-08-05T00:00:00Z,22604,23200,22575.5,23168.5,34995.439
2022-08-05T04:00:00Z,23168.5,23434.5,23069,23189,35449.312
2022-08-05T08:00:00Z,23189,23442,23100,23404.5,25667.498
2022-08-05T12:00:00Z,23404.5,23473.5,22878,22989.5,49206.346
2022-08-05T16:00:00Z,22989.5,23093,22743.5,22923,25382.349
2022-08-05T20:00:00Z,22923,23307,22832,23295,21264.672
2022-08-06T00:00:00Z,23295,23338.5,23153,23163,16974.229
2022-08-06T04:00:00Z,23163,23223.5,23130.5,23190.5,14731.164
2022-08-06T08:00:00Z,23190.5,23244.5,23096,23146,17246.725
2022-08-06T12:00:00Z,23146,23220,23146,23189,14086.811
2022-08-06T16:00:00Z,23189,23246,22975.5,23175.5,18108.009
2022-08-06T20:00:00Z,23175.5,23209,22894,22943.5,19371.823
2022-08-07T00:00:00Z,22943.5,23036,22839,22979,21117.842
2022-08-07T04:00:00Z,22979,23013.5,22928.5,22999.5,13520.967
2022-08-07T08:00:00Z,22999.5,23039.5,22880.5,23024.5,15702.399
2022-08-07T12:00:00Z,23024.5,23171.5,23003,23008,23372.849
2022-08-07T16:00:00Z,23008,23293,22985,23148.5,18660.328
2022-08-07T20:00:00Z,23148.5,23393,23051.5,23164,20143.027
2022-08-08T00:00:00Z,23164,23338,23148,23297,24359.835
2022-08-08T04:00:00Z,23297,23850,23276.5,23810,48896.295
2022-08-08T08:00:00Z,23810,24186.5,23770,24165.5,42209.401
2022-08-08T12:00:00Z,24165.5,24246,23901,23996,36332.973
2022-08-08T16:00:00Z,23996,24011,23801.5,23930.5,23012.375
2022-08-08T20:00:00Z,23930.5,24106.5,23681.5,23818,22638.267
2022-08-09T00:00:00Z,23818,23870.5,23635.5,23832,20798.766
2022-08-09T04:00:00Z,23832,23920,23760.5,23872,23150.384
2022-08-09T08:00:00Z,23872,23887,23172.5,23256.5,51617.897
2022-08-09T12:00:00Z,23256.5,23310.5,22856,23062,42828.058
2022-08-09T16:00:00Z,23062,23122.5,22963,23051,20594.803
2022-08-09T20:00:00Z,23051,23246.5,23042,23136.5,17078.446
2022-08-10T00:00:00Z,23136.5,23136.5,22644.5,22846.5,33466.678
2022-08-10T04:00:00Z,22846.5,22993.5,22827,22949.5,21507.674
2022-08-10T08:00:00Z,22949.5,23189.5,22949.5,23107.5,25630.149
2022-08-10T12:00:00Z,23107.5,24164.5,22993,23996,75696.693
2022-08-10T16:00:00Z,23996,24094.5,23484,23630,22119.504
2022-08-10T20:00:00Z,23630,24221,23621,23955,23972.095
2022-08-11T00:00:00Z,23955,24490,23914.5,24321,35215.857
2022-08-11T04:00:00Z,24321,24744,24288.5,24437.5,42641.067
2022-08-11T08:00:00Z,24437.5,24675,24357.5,24558,25603.429
2022-08-11T12:00:00Z,24558,24925.5,24290,24348,62202.514
2022-08-11T16:00:00Z,24348,24420,24088,24220,27241.04
2022-08-11T20:00:00Z,24220,24328,23862.5,23938.5,24223.062
2022-08-12T00:00:00Z,23938.5,24083.5,23761,24000.5,28422.844
2022-08-12T04:00:00Z,24000.5,24036.5,23868,23946,22354.242
2022-08-12T08:00:00Z,23946,24125,23572.5,23661,39003.116
2022-08-12T12:00:00Z,23661,23992.5,23640.5,23964,30306.807
2022-08-12T16:00:00Z,23964,24253,23940,24175,20971.329
2022-08-12T20:00:00Z,24175,24448,24047.5,24396.5,22141.433
2022-08-13T00:00:00Z,24396.5,24812.5,24336.5,24801,31040.538
2022-08-13T04:00:00Z,24801,24887.5,24557,24574,29592.027
2022-08-13T08:00:00Z,24574,24652,24295.5,24437,34225.69
2022-08-13T12:00:00Z,24437,24601,24300,24513,23482.186
2022-08-13T16:00:00Z,24513,24589.5,24336.5,24400.5,18170.159
2022-08-13T20:00:00Z,24400.5,24544,24322,24434,15418.675
2022-08-14T00:00:00Z,24434,24636.5,24337.5,24566.5,24958.602
2022-08-14T04:00:00Z,24566.5,25038.5,24500.5,24880,36423.643
2022-08-14T08:00:00Z,24880,24880.5,24519,24561,34407.483
2022-08-14T12:00:00Z,24561,24586.5,24400,24517,20929.206
2022-08-14T16:00:00Z,24517,24553.5,24133,24269,28112.656
2022-08-14T20:00:00Z,24269,24416.5,24162,24290.5,17951.934
2022-08-15T00:00:00Z,24290.5,25207,24154,24871.5,54800.77
2022-08-15T04:00:00Z,24871.5,24984.5,23932,24013,57746.938
2022-08-15T08:00:00Z,24013,24291,23863,24035.5,32597.846
2022-08-15T12:00:00Z,24035.5,24242,23886.5,24211.5,30933.276
2022-08-15T16:00:00Z,24211.5,24258,23954,23964,22267.958
2022-08-15T20:00:00Z,23964,24172,23760.5,24086.5,27676.07
2022-08-16T00:00:00Z,24086.5,24230,23846.5,24067.5,30299.211
2022-08-16T04:00:00Z,24067.5,24129,23790,24053.5,26795.937
2022-08-16T08:00:00Z,24053.5,24131.5,23956.5,24021,19859.855
2022-08-16T12:00:00Z,24021,24076,23660.5,23885,40857.425
2022-08-16T16:00:00Z,23885,24042,23677.5,23918,30081.161
2022-08-16T20:00:00Z,23918,23974.5,23800,23841.5,15854.906
2022-08-17T00:00:00Z,23841.5,24064.5,23818,23991,28197.092
2022-08-17T04:00:00Z,23991,24438,23750,23775,45639.008
2022-08-17T08:00:00Z,23775,23902,23677.5,23733,27815.033
2022-08-17T12:00:00Z,23733,23744,23314,23381,46042.128
2022-08-17T16:00:00Z,23381,23617.5,23225,23260,28745.768
2022-08-17T20:00:00Z,23260,23395,23170,23325.5,16236.468
2022-08-18T00:00:00Z,23325.5,23499,23276.5,23420,20268.011
2022-08-18T04:00:00Z,23420,23449.5,23317,23395.5,23936.234
2022-08-18T08:00:00Z,23395.5,23562.5,23333.5,23514.5,23403.319
2022-08-18T12:00:00Z,23514.5,23582.5,23340,23438,30061.8
2022-08-18T16:00:00Z,23438,23452,23222.5,23337,30619.365
2022-08-18T20:00:00Z,23337,23436.5,23100,23186,22932.976
2022-08-19T00:00:00Z,23186,23195,22700,22757,39708.252
2022-08-19T04:00:00Z,22757,22821,21323,21886,67658.295
2022-08-19T08:00:00Z,21886,21899.5,21253.5,21456,53837.215
2022-08-19T12:00:00Z,21456,21577.5,21250.5,21431.5,37334.022
2022-08-19T16:00:00Z,21431.5,21640,21137.5,21315.5,28733.284
2022-08-19T20:00:00Z,21315.5,21365.5,20771.5,20818.5,36604.16
2022-08-20T00:00:00Z,20818.5,21176,20780,21124,27021.97
2022-08-20T04:00:00Z,21124,21350,21069.5,21290,28164.144
2022-08-20T08:00:00Z,21290,21294.5,21108,21220,20786.386
2022-08-20T12:00:00Z,21220,21324,21188.5,21287,19283.238
2022-08-20T16:00:00Z,21287,21345.5,20930.5,20974.5,26380.837
2022-08-20T20:00:00Z,20974.5,21232.5,20753,21122.5,30451.614
2022-08-21T00:00:00Z,21122.5,21310,21106.5,21196,23748.978
2022-08-21T04:00:00Z,21196,21265.5,21058.5,21234.5,20541.093
2022-08-21T08:00:00Z,21234.5,21545,21212.5,21510,36943.374
2022-08-21T12:00:00Z,21510,21569,21308.5,21408,23219.388
2022-08-21T16:00:00Z,21408,21539,21317.5,21495.5,18934.198
2022-08-21T20:00:00Z,21495.5,21774,21269.5,21502.5,36101.31
2022-08-22T00:00:00Z,21502.5,21517,21352.5,21405,20489.594
2022-08-22T08:00:00Z,21090,21324,20890,21235.5,45788.777
2022-08-22T12:00:00Z,21235.5,21426.5,21073.5,21387.5,41187.526
2022-08-22T16:00:00Z,21387.5,21516,20952,21038.5,27250.946
2022-08-22T20:00:00Z,21038.5,21406.5,21034,21381.5,22116.152
2022-08-23T00:00:00Z,21381.5,21454,21210,21225.5,26794.306
2022-08-23T04:00:00Z,21225.5,21299,20881,21292.5,45006.452
2022-08-23T08:00:00Z,21292.5,21550.5,21289.5,21443.5,44931.186
2022-08-23T12:00:00Z,21443.5,21678.5,21318.5,21473.5,45184.226
2022-08-23T16:00:00Z,21473.5,21586,21353,21513.5,24145.545
2022-08-23T20:00:00Z,21513.5,21648.5,21430.5,21517,19897.516
2022-08-24T00:00:00Z,21517,21549,21136.5,21253.5,33349.796
2022-08-24T04:00:00Z,21253.5,21487,21225.5,21302.5,31250.469
2022-08-24T08:00:00Z,21302.5,21460.5,21255,21427.5,25190.003
2022-08-24T12:00:00Z,21427.5,21642.5,21376.5,21612,33097.425
2022-08-24T16:00:00Z,21612,21894,21609,21703.5,33386.449
2022-08-24T20:00:00Z,21703.5,21759,21353.5,21357,23117.824
2022-08-25T00:00:00Z,21357,21623.5,21300,21458,34214.16
2022-08-25T04:00:00Z,21458,21758.5,21457.5,21742,30306.885
2022-08-25T08:00:00Z,21742,21815,21614.5,21724,28687.58
2022-08-25T12:00:00Z,21724,21774.5,21474.5,21557.5,36106.835
2022-08-25T16:00:00Z,21557.5,21633,21415.5,21585.5,21889.732
2022-08-25T20:00:00Z,21585.5,21670,21505.5,21550.5,16126.09
2022-08-26T00:00:00Z,21550.5,21601,21424,21540,26809.234
2022-08-26T04:00:00Z,21540,21551.5,21316,21438,35182.783
2022-08-26T08:00:00Z,21438,21457.5,21100.5,21180,33902.849
2022-08-26T12:00:00Z,21180,21860,20627.5,20763.5,115928.666
2022-08-26T16:00:00Z,20763.5,20822,20523.5,20632,33519.953
2022-08-26T20:00:00Z,20632,20736,20094,20226.5,37211.928
2022-08-27T00:00:00Z,20226.5,20349,20121,20188,27027.869
2022-08-27T04:00:00Z,20188,20259.5,19911.5,20253.5,39197.758
2022-08-27T08:00:00Z,20253.5,20256.5,20125,20196,19188.354
2022-08-27T12:00:00Z,20196,20225.5,19784,19967,36938.88
2022-08-27T16:00:00Z,19967,20082,19828,20004,24057.567
2022-08-27T20:00:00Z,20004,20083,19845.5,20022.5,19858.539
2022-08-28T00:00:00Z,20022.5,20142.5,19914.5,19981,21661.898
2022-08-28T04:00:00Z,19981,20068.5,19927.5,20039.5,19697.867
2022-08-28T08:00:00Z,20039.5,20092.5,19930,20018.5,22125.298
2022-08-28T12:00:00Z,20018.5,20041.5,19797,20006,31488.38
2022-08-28T16:00:00Z,20006,20137,19943,19958.5,23241.617
2022-08-28T20:00:00Z,19958.5,20033,19506.5,19545,29812.1
2022-08-29T00:00:00Z,19545,19939,19542,19849.5,38786.572
2022-08-29T04:00:00Z,19849.5,19923,19731,19882.5,28806.486
2022-08-29T08:00:00Z,19882.5,19908.5,19754,19811.5,26085.359
2022-08-29T12:00:00Z,19811.5,20374.5,19797.5,20259,62390.129
2022-08-29T16:00:00Z,20259,20421.5,20083,20099.5,28522.016
2022-08-29T20:00:00Z,20099.5,20345.5,20078,20290.5,17347.866
2022-08-30T00:00:00Z,20290.5,20290.5,20106.5,20268.5,27541.055
2022-08-30T04:00:00Z,20268.5,20572.5,20257,20436.5,40931.224
2022-08-30T08:00:00Z,20436.5,20505.5,20334,20405.5,25314.544
2022-08-30T12:00:00Z,20405.5,20446,19641,19746.5,64715.622
2022-08-30T16:00:00Z,19746.5,20083.5,19528.5,19939,48238.932
2022-08-30T20:00:00Z,19939,20043.5,19739,19800,23832.613
2022-08-31T00:00:00Z,19800,20450,19788.5,20403.5,38469.221
2022-08-31T04:00:00Z,20403.5,20488,20185,20255,30005.46
2022-08-31T08:00:00Z,20255,20398,20115,20309,34034.799
2022-08-31T12:00:00Z,20309,20426.5,19864.5,20130,48891.991
2022-08-31T16:00:00Z,20130,20317.5,19870,20217.5,31094.555
2022-08-31T20:00:00Z,20217.5,20282.5,19958,20043,19177.734
2022-09-01T00:00:00Z,20043,20190,19907,20011.5,33468.1
2022-09-01T04:00:00Z,20011.5,20124,19791.5,19884.5,37230.807
2022-09-01T08:00:00Z,19884.5,20110,19812,20059.5,38529.515
2022-09-01T12:00:00Z,20059.5,20082.5,19643.5,19772,52488.359
2022-09-01T16:00:00Z,19772,19925.5,19554.5,19855.5,43262.947
2022-09-01T20:00:00Z,19855.5,20166,19829,20120.5,22039.471
2022-09-02T00:00:00Z,20120.5,20233.5,19947,20144.5,29606.213
2022-09-02T04:00:00Z,20144.5,20285.5,20026.5,20097.5,31387.468
2022-09-02T08:00:00Z,20097.5,20160,19979,20075.5,25545.993
2022-09-02T12:00:00Z,20075.5,20437,20012,20355,62274.09
2022-09-02T16:00:00Z,20355,20376,19742.5,19900,51244.218
2022-09-02T20:00:00Z,19900,20008,19852,19938.5,17160.294
2022-09-03T00:00:00Z,19938.5,20041.5,19860.5,19886.5,17589.456
2022-09-03T04:00:00Z,19886.5,19950,19744,19806.5,23137.26
2022-09-03T08:00:00Z,19806.5,19854,19719,19788.5,22976.251
2022-09-03T12:00:00Z,19788.5,19890,19737.5,19757,21742.032
2022-09-03T16:00:00Z,19757,19821.5,19640.5,19698.5,20396.052
2022-09-03T20:00:00Z,19698.5,19833.5,19667,19818,13552.573
2022-09-04T00:00:00Z,19818,19845,19731.5,19762.5,13278.479
2022-09-04T04:00:00Z,19762.5,19795,19606,19620.5,19866.525
2022-09-04T08:00:00Z,19620.5,19840,19574.5,19835,30112.726
2022-09-04T12:00:00Z,19835,19923.5,19639,19776,36967.633
2022-09-04T16:00:00Z,19776,19941.5,19711.5,19869.5,23667.077
2022-09-04T20:00:00Z,19869.5,20018,19806,19992,20026.348
2022-09-05T00:00:00Z,19992,20050,19799,19870,28006.622
2022-09-05T04:00:00Z,19870,19896.5,19671.5,19739,30843.048
2022-09-05T08:00:00Z,19739,19791.5,19625,19689,29648.273
2022-09-05T12:00:00Z,19689,19939,19657,19844,35852.725
2022-09-05T16:00:00Z,19844,19897,19661,19699.5,23250.069
2022-09-05T20:00:00Z,19699.5,19855.5,19689.5,19779.5,19383.45
2022-09-06T00:00:00Z,19779.5,20180,19665,19770.5,62287.625
2022-09-06T04:00:00Z,19770.5,19934,19724,19895.5,34091.607
2022-09-06T08:00:00Z,19895.5,20025.5,19850,19905.5,35617.228
2022-09-06T12:00:00Z,19905.5,19980,19652,19807.5,48707.63
2022-09-06T16:00:00Z,19807.5,19842,18735,18811.5,73160.955
2022-09-06T20:00:00Z,18811.5,19050,18633,18778.5,28598.781
2022-09-07T00:00:00Z,18778.5,18858.5,18507.5,18734.5,45935.368
2022-09-07T04:00:00Z,18734.5,18828,18664,18789.5,32365.027
2022-09-07T08:00:00Z,18789.5,18844,18682.5,18725.5,23877.598
2022-09-07T12:00:00Z,18725.5,18949.5,18666,18859.5,35215.634
2022-09-07T16:00:00Z,18859.5,19185,18842,18981.5,33339.558
2022-09-07T20:00:00Z,18981.5,19459.5,18978.5,19296,37037.246
2022-09-08T00:00:00Z,19296,19378.5,19155.5,19217.5,24876.955
2022-09-08T04:00:00Z,19217.5,19378,19053.5,19167,36682.726
2022-09-08T08:00:00Z,19167,19392,19145,19310,25671.562
2022-09-08T12:00:00Z,19310,19379,19016.5,19251,56898.695
2022-09-08T16:00:00Z,19251,19349.5,19092,19349.5,23577.276
2022-09-08T20:00:00Z,19349.5,19458,19256,19317.5,18365.389
2022-09-09T00:00:00Z,19317.5,19945.5,19294,19942.5,39723.875
2022-09-09T04:00:00Z,19942.5,20809.5,19926,20631,80915.972
2022-09-09T08:00:00Z,20631,21191,20625,20943.5,49490.133
2022-09-09T12:00:00Z,20943.5,21339,20921,21264,47150.51
2022-09-09T16:00:00Z,21264,21438,21132,21287.5,31950.47
2022-09-09T20:00:00Z,21287.5,21638.5,21189.5,21365,25917.968
2022-09-10T00:00:00Z,21365,21390.5,21167,21305,19285.944
2022-09-10T04:00:00Z,21305,21670.5,21250.5,21283,29881.893
2022-09-10T08:00:00Z,21283,21393,21258,21290,19232.454
2022-09-10T12:00:00Z,21290,21368,21126.5,21223.5,26384.37
2022-09-10T16:00:00Z,21223.5,21641,21175.5,21580.5,25631.713
2022-09-10T20:00:00Z,21580.5,21807.5,21361.5,21646.5,31347.508
2022-09-11T00:00:00Z,21646.5,21680.5,21455,21546.5,18903.978
2022-09-11T04:00:00Z,21546.5,21643.5,21350.5,21608.5,23621.714
2022-09-11T08:00:00Z,21608.5,21724,21560.5,21613,21136.317
2022-09-11T12:00:00Z,21613,21751,21460,21639.5,23217.303
2022-09-11T16:00:00Z,21639.5,21869,21532.5,21621.5,21895.458
2022-09-11T20:00:00Z,21621.5,21850,21455.5,21829,21152.323
2022-09-12T00:00:00Z,21829,22373,21560,21660.5,53188.516
2022-09-12T04:00:00Z,21660.5,22230,21630.5,22191.5,30839.722
2022-09-12T08:00:00Z,22191.5,22464,21974,22310,37762.399
2022-09-12T12:00:00Z,22310,22477,22016,22116.5,36845.066
2022-09-12T16:00:00Z,22116.5,22454,22024,22421,23794.596
2022-09-12T20:00:00Z,22421,22491,22258,22398,16292.452
2022-09-13T00:00:00Z,22398,22449.5,22069,22234.5,28005.63
2022-09-13T04:00:00Z,22234.5,22650,22183,22277.5,37345.679
2022-09-13T08:00:00Z,22277.5,22713,22194,22528.5,38220.354
2022-09-13T12:00:00Z,22528.5,22790,20772.5,20833.5,104617.091
2022-09-13T16:00:00Z,20833.5,20922.5,20048,20282.5,53292.319
2022-09-13T20:00:00Z,20282.5,20405,19859,20170,27139.742
2022-09-14T00:00:00Z,20170,20527,20041,20323.5,30952.749
2022-09-14T04:00:00Z,20323.5,20404.5,20139.5,20251,25940.37
2022-09-14T08:00:00Z,20251,20419,20074,20226.5,25353.048
2022-09-14T12:00:00Z,20226.5,20386.5,20074.5,20177,46880.516
2022-09-14T16:00:00Z,20177,20235,19612.5,19939,42163.19
2022-09-14T20:00:00Z,19939,20384,19841.5,20225,22043.434
2022-09-15T00:00:00Z,20225,20263,19907.5,20013.5,31019.83
2022-09-15T04:00:00Z,20013.5,20314,19944.5,20190,41153.164
2022-09-15T08:00:00Z,20190,20208.5,20017,20137,27139.462
2022-09-15T12:00:00Z,20137,20180,19485.5,19725,56795.062
2022-09-15T16:00:00Z,19725,19934,19637.5,19770.5,25233.753
2022-09-15T20:00:00Z,19770.5,19880,19567,19687,19551.432
2022-09-16T00:00:00Z,19687,19799.5,19571.5,19736,20857.542
2022-09-16T04:00:00Z,19736,19845,19717,19729,22868.903
2022-09-16T08:00:00Z,19729,19875.5,19598,19853.5,29032.323
2022-09-16T12:00:00Z,19853.5,19861,19450,19648,45885.901
2022-09-16T16:00:00Z,19648,19648,19312,19608,36046.813
2022-09-16T20:00:00Z,19608,19800.5,19602.5,19789,15315.726
2022-09-17T00:00:00Z,19789,20052.5,19758,19869.5,29718.096
2022-09-17T04:00:00Z,19869.5,19968.5,19778,19832.5,16475.663
2022-09-17T08:00:00Z,19832.5,19903,19795,19799,18738.62
2022-09-17T12:00:00Z,19799,20006.5,19738,19950.5,23153.749
2022-09-17T16:00:00Z,19950.5,20179,19927,20006.5,30041.739
2022-09-17T20:00:00Z,20006.5,20144,19937.5,20114.5,13216.244
2022-09-18T00:00:00Z,20114.5,20116,19941,19985,18548.287
2022-09-18T04:00:00Z,19985,20094,19944,20051.5,18622.895
2022-09-18T08:00:00Z,20051.5,20098.5,19754,19913.5,32527.998
2022-09-18T12:00:00Z,19913.5,20018,19715,19801,29763.47
2022-09-18T16:00:00Z,19801,19864,19552,19710.5,30432.049
2022-09-18T20:00:00Z,19710.5,19735.5,19325,19402,32138.937
2022-09-19T00:00:00Z,19402,19502.5,18660,18763,54499.935
2022-09-19T04:00:00Z,18763,18859,18230,18453,47350.172
2022-09-19T08:00:00Z,18453,18785.5,18359.5,18668,40131.051
2022-09-19T12:00:00Z,18668.5,19419.5,18661,19079.5,64819.186
2022-09-19T16:00:00Z,19079.5,19541.5,18868.5,19513.5,34712.557
2022-09-19T20:00:00Z,19513.5,19681,19420.5,19535.5,28557.019
2022-09-20T00:00:00Z,19535.5,19634,19177.5,19361,34257.613
2022-09-20T04:00:00Z,19361,19580.5,19237,19359.5,35968.513
2022-09-20T08:00:00Z,19359.5,19421.5,19155.5,19218.5,26499.339
2022-09-20T12:00:00Z,19218.5,19252.5,18769,19224,63061.642
2022-09-20T16:00:00Z,19224,19299.5,18722.5,18981.5,44997.232
2022-09-20T20:00:00Z,18981.5,19080.5,18777.5,18865,20947.884
2022-09-21T00:00:00Z,18865,19045.5,18821,19011.5,22201.324
2022-09-21T04:00:00Z,19011.5,19113,18782,18935,38559.237
2022-09-21T08:00:00Z,18935,19194,18817,19152.5,33475.238
2022-09-21T12:00:00Z,19152.5,19475,19091,19187.5,57962.237
2022-09-21T16:00:00Z,19187.5,19997.5,18600,18990.5,108961.738
2022-09-21T20:00:00Z,18990.5,19058,18135.5,18444,56401.506
2022-09-22T00:00:00Z,18444,18773,18345.5,18677,35207.989
2022-09-22T04:00:00Z,18677,18952.5,18610.5,18930.5,38299.078
2022-09-22T08:00:00Z,18930.5,19282,18903,19230,46099.874
2022-09-22T12:00:00Z,19230,19315,18800,18982.5,47034.461
2022-09-22T16:00:00Z,18982.5,19480,18767.5,19304.5,35706.641
2022-09-22T20:00:00Z,19304,19499,19156,19402,20543.381
2022-09-23T00:00:00Z,19402,19467.5,19230,19391.5,29206.751
2022-09-23T04:00:00Z,19391.5,19493.5,19204,19223.5,29222.776
2022-09-23T08:00:00Z,19223.5,19271.5,18825,18847.5,39843.955
2022-09-23T12:00:00Z,18847.5,19060.5,18519.5,18705,71249.804
2022-09-23T16:00:00Z,18705,18833,18557,18798,35470.222
2022-09-23T20:00:00Z,18798,19388.5,18790.5,19277.5,30736.364
2022-09-24T00:00:00Z,19277.5,19299.5,19020,19111,23418.429
2022-09-24T04:00:00Z,19111,19170.5,18913.5,18982,21955.581
2022-09-24T08:00:00Z,18982,19101.5,18929,19042,23414.02
2022-09-24T16:00:00Z,19111,19182.5,19042.5,19094.5,18024.679
2022-09-24T20:00:00Z,19094.5,19137,18798,18910.5,25967.813
2022-09-25T00:00:00Z,18910.5,19046.5,18901.5,19039,17465.946
2022-09-25T04:00:00Z,19039,19118.5,18929,19086,20184.636
2022-09-25T08:00:00Z,19086,19167.5,18974.5,19108,18389.433
2022-09-25T12:00:00Z,19108,19130.5,18833,18978,32938.567
2022-09-25T16:00:00Z,18978,19111.5,18856,18904.5,24469.402
2022-09-25T20:00:00Z,18904.5,18940,18617.5,18797,28767.733
2022-09-26T00:00:00Z,18797,18933.5,18713.5,18859,28108.653
2022-09-26T04:00:00Z,18859,18921,18674,18899.5,37511.994
2022-09-26T08:00:00Z,18899.5,19318.5,18794,18859.5,58464.561
2022-09-26T12:00:00Z,18859.5,19277.5,18805,19114,51153.162
2022-09-26T16:00:00Z,19114,19266,18965,19198,22530.102
2022-09-26T20:00:00Z,19198,19244.5,19071,19227,17668.241
2022-09-27T00:00:00Z,19227,20296,19191,20101,79501.951
2022-09-27T04:00:00Z,20101,20349,19961,20183.5,42347.787
2022-09-27T08:00:00Z,20183.5,20333,20099,20231,33058.783
2022-09-27T12:00:00Z,20231,20380,19876,19892,51723.554
2022-09-27T16:00:00Z,19892,19954,18803,19065.5,94451.755
2022-09-27T20:00:00Z,19065.5,19149.5,18914,19066.5,21610.253
2022-09-28T00:00:00Z,19066.5,19222.5,18458,18732,52059.782
2022-09-28T04:00:00Z,18732,18867.5,18612,18772,33833.059
2022-09-28T08:00:00Z,18772,19138.5,18555.5,18943,54958.516
2022-09-28T12:00:00Z,18943,19500,18936,19489,63634.628
2022-09-28T16:00:00Z,19489,19662,19263,19542,47710.511
2022-09-28T20:00:00Z,19542,19780,19391,19417,28491.525
2022-09-29T00:00:00Z,19417,19600,19282,19506,36894.262
2022-09-29T04:00:00Z,19506,19623,19262,19349,38784.707
2022-09-29T08:00:00Z,19349,19544.5,19293.5,19464,32083.152
2022-09-29T12:00:00Z,19464,19475.5,18830.5,19278,91065.378
2022-09-29T16:00:00Z,19278,19648,19113,19408,70394.38
2022-09-29T20:00:00Z,19408,19619,19384,19589.5,25332.031
2022-09-30T00:00:00Z,19589.5,19699.5,19314,19391.5,36024.054
2022-09-30T04:00:00Z,19391.5,19630.5,19387,19567.5,26681.25
2022-09-30T08:00:00Z,19567.5,19630,19408.5,19438.5,27647.851
2022-09-30T12:00:00Z,19438.5,20176.5,19156.5,19756.5,100822.171
2022-09-30T16:00:00Z,19756.5,19871,19475,19486,47990.157
2022-09-30T20:00:00Z,19486,19540.5,19233,19408,28999.341
2022-10-01T00:00:00Z,19408,19468,19342,19403.5,17952.815
2022-10-01T04:00:00Z,19403.5,19408.5,19251,19301,18373.304
2022-10-01T08:00:00Z,19301,19354.5,19145,19302.5,22574.478
2022-10-01T12:00:00Z,19302.5,19387,19229,19318.5,20341.417
2022-10-01T16:00:00Z,19318.5,19339.5,19199,19256.5,19205.919
2022-10-01T20:00:00Z,19256.5,19330,19190,19299.5,12919.353
2022-10-02T00:00:00Z,19299.5,19335.5,19225,19295.5,14573.567
2022-10-02T04:00:00Z,19295.5,19385.5,19221,19273,19924.811
2022-10-02T08:00:00Z,19273,19285,19024,19182,30220.788
2022-10-02T12:00:00Z,19182,19234.5,19061,19133.5,19650.295
2022-10-02T16:00:00Z,19133.5,19326.5,19124.5,19246.5,21693.77
2022-10-02T20:00:00Z,19246.5,19287,18906,19046,30214.165
2022-10-03T00:00:00Z,19046,19243.5,18953.5,19157,25117.283
2022-10-03T04:00:00Z,19157,19300,19052,19186,27789.775
2022-10-03T08:00:00Z,19186,19246.5,19115,19239,19672.422
2022-10-03T12:00:00Z,19239,19494.5,19126,19338,56954.735
2022-10-03T16:00:00Z,19338,19648,19311,19540,39854.051
2022-10-03T20:00:00Z,19540,19718,19512,19627.5,21507.094
2022-10-04T00:00:00Z,19627.5,19722,19496,19597,26489.604
2022-10-04T04:00:00Z,19597,19972,19556.5,19964.5,49517.216
2022-10-04T08:00:00Z,19964.5,20163.5,19814,19939,53575.03
2022-10-04T12:00:00Z,19939,20280,19908,20099,46691.853
2022-10-04T16:00:00Z,20099,20275.5,19877,20217.5,32990.729
2022-10-04T20:00:00Z,20217.5,20466.5,20150,20338,30292.667
2022-10-05T00:00:00Z,20338,20360,20150,20191.5,23346.752
2022-10-05T04:00:00Z,20191.5,20297,20078.5,20225,28414.335
2022-10-05T08:00:00Z,20225,20243.5,19959,20031,36327.446
2022-10-05T12:00:00Z,20031,20071.5,19740,19999.5,56735.403
2022-10-05T16:00:00Z,19999.5,20350,19954.5,20122,45062.515
2022-10-05T20:00:00Z,20122,20215,19978.5,20161,22788.816
2022-10-06T00:00:00Z,20161,20443,20149,20357,39610.727
2022-10-06T04:00:00Z,20357,20448,20161,20225,40013.386
2022-10-06T08:00:00Z,20225,20259.5,20085.5,20244.5,31083.796
2022-10-06T12:00:00Z,20244.5,20327,19873.5,20000.5,72500.168
2022-10-06T16:00:00Z,20000.5,20255,19938,20000.5,29680.845
2022-10-06T20:00:00Z,20000.5,20063.5,19839,19951,21968.675
2022-10-07T00:00:00Z,19951,20042,19934,19974,18775.172
2022-10-07T04:00:00Z,19974,20000,19794,19915,30584.601
2022-10-07T08:00:00Z,19915,20011,19904.5,19986.5,24355.068
2022-10-07T12:00:00Z,19986.5,20050.5,19457,19570,79136.294
2022-10-07T16:00:00Z,19570,19595.5,19313.5,19453,38935.191
2022-10-07T20:00:00Z,19453,19629.5,19433,19517,19181.348
2022-10-08T00:00:00Z,19517,19611.5,19485,19490,16121.065
2022-10-08T04:00:00Z,19490,19532.5,19411,19487,17246.689
2022-10-08T08:00:00Z,19487,19533.5,19441,19523.5,14724.256
2022-10-08T12:00:00Z,19523.5,19528,19404.5,19478,19450.981
2022-10-08T16:00:00Z,19478,19517.5,19428,19455,14772.833
2022-10-08T20:00:00Z,19455,19466.5,19228,19403.5,28764.419
2022-10-09T00:00:00Z,19403.5,19440.5,19319.5,19360,16268.482
2022-10-09T04:00:00Z,19360,19424,19309,19398,15892.452
2022-10-09T08:00:00Z,19398,19540,19363,19457.5,25790.513
2022-10-09T12:00:00Z,19457.5,19533,19451,19521,20139.984
2022-10-09T16:00:00Z,19521,19541.5,19340,19457,20745.73
2022-10-09T20:00:00Z,19457,19488.5,19359,19430.5,13452.051
2022-10-10T00:00:00Z,19430.5,19513.5,19395,19438.5,17630.427
2022-10-10T04:00:00Z,19438.5,19463,19359.5,19399.5,18769.792
2022-10-10T08:00:00Z,19399.5,19403.5,19120,19322,43711.822
2022-10-10T12:00:00Z,19322,19427.5,19210,19261.5,36612.199
2022-10-10T16:00:00Z,19261.5,19348,19087,19203,36692.629
2022-10-10T20:00:00Z,19203,19272,19010.5,19117.5,20841.811
2022-10-11T00:00:00Z,19117.5,19119.5,18944,19033.5,33715.665
2022-10-11T04:00:00Z,19033.5,19103.5,19003.5,19072,22724.081
2022-10-11T08:00:00Z,19072,19147,19024.5,19143.5,20800.032
2022-10-11T12:00:00Z,19143.5,19253.5,18850,19133.5,61683.739
2022-10-11T16:00:00Z,19133.5,19170.5,18910,18983.5,27165.685
2022-10-11T20:00:00Z,18983.5,19050.5,18980,19049.5,14276.81
2022-10-12T00:00:00Z,19049.5,19117,19017,19037,22122.294
2022-10-12T04:00:00Z,19037,19188.5,19034,19102,27203.826
2022-10-12T08:00:00Z,19102,19185,19080,19105.5,20072.675
2022-10-12T12:00:00Z,19105.5,19173.5,18960,19129,40751.162
2022-10-12T16:00:00Z,19129,19165,19032,19127.5,18236.723
2022-10-12T20:00:00Z,19127.5,19223.5,19122,19144.5,16869.171
2022-10-13T00:00:00Z,19144.5,19161.5,19007.5,19078,23505.173
2022-10-13T04:00:00Z,19078,19098.5,18945,18998,26277.648
2022-10-13T08:00:00Z,18998,19028,18556,18740,56901.174
2022-10-13T12:00:00Z,18740,19035,18130,18940,117703.83
2022-10-13T16:00:00Z,18940,19500,18894,19354,55124.89
2022-10-13T20:00:00Z,19354,19478,19320,19371.5,20313.898
2022-10-14T00:00:00Z,19371.5,19953.5,19332.5,19814.5,53702.149
2022-10-14T04:00:00Z,19814.5,19850,19572,19644,32574.045
2022-10-14T08:00:00Z,19644,19745,19532,19600,34577.996
2022-10-14T12:00:00Z,19600,19849.5,19298,19347.5,63663.588
2022-10-14T16:00:00Z,19347.5,19388.5,19099,19157,34271.642
2022-10-14T20:00:00Z,19157,19206.5,19062.5,19169.5,17479.2
2022-10-15T00:00:00Z,19169.5,19212,19124,19191,14915.222
2022-10-15T04:00:00Z,19191,19196,19125.5,19154.5,14173.261
2022-10-15T08:00:00Z,19154.5,19165.5,19028,19156,24179.876
2022-10-15T12:00:00Z,19156,19185,19087,19121,19388.898
2022-10-15T16:00:00Z,19121,19150.5,19050,19087,13294.922
2022-10-15T20:00:00Z,19087,19118,18966,19057.5,20628.225
2022-10-16T00:00:00Z,19057.5,19154.5,19055,19110,13304.575
2022-10-16T04:00:00Z,19110,19145,19102,19121.5,12913.611
2022-10-16T08:00:00Z,19121.5,19180.5,19078,19132.5,19402.878
2022-10-16T12:00:00Z,19132.5,19161,19097,19145.5,15098.502
2022-10-16T16:00:00Z,19145.5,19369.5,19112,19363.5,18745.707
2022-10-16T20:00:00Z,19363.5,19409.5,19090,19249,28001.499
2022-10-17T00:00:00Z,19249,19294,19144,19178.5,19453.025
2022-10-17T04:00:00Z,19178.5,19305,19153,19283,28381.493
2022-10-17T08:00:00Z,19283,19545.5,19236,19460.5,37629.364
2022-10-17T12:00:00Z,19460.5,19675.5,19423,19534.5,52782.155
2022-10-17T16:00:00Z,19534.5,19588.5,19441.5,19526,24841.759
2022-10-17T20:00:00Z,19526,19624,19473,19547.5,18404.235
2022-10-18T00:00:00Z,19547.5,19622,19483,19549.5,24940.864
2022-10-18T04:00:00Z,19549.5,19704.5,19540,19663.5,33846.979
2022-10-18T08:00:00Z,19663.5,19668,19477.5,19565,29563.491
2022-10-18T12:00:00Z,19565,19679,19280,19363,52483.323
2022-10-18T16:00:00Z,19363,19431,19079,19206.5,35449.522
2022-10-18T20:00:00Z,19206.5,19421.5,19189,19317,26862.822
2022-10-19T00:00:00Z,19317,19345,19210,19275.5,19691.232
2022-10-19T04:00:00Z,19275.5,19295,19135.5,19209,27662.045
2022-10-19T08:00:00Z,19209,19272,19136,19191.5,25782.228
2022-10-19T12:00:00Z,19191.5,19292.5,19056,19256.5,52188.796
2022-10-19T16:00:00Z,19256.5,19268,19087,19219,22278.97
2022-10-19T20:00:00Z,19219,19237.5,19074,19118,17679.67
2022-10-20T00:00:00Z,19118,19154.5,18892,19030,36843.193
2022-10-20T04:00:00Z,19030,19196.5,19029,19135,28265.118
2022-10-20T08:00:00Z,19135,19240.5,19097,19197.5,24295.783
2022-10-20T12:00:00Z,19197.5,19338,19118,19245,46025.488
2022-10-20T16:00:00Z,19245,19246,18951.5,19051.5,38381.391
2022-10-20T20:00:00Z,19051.5,19090,18922,19034.5,18954.968
2022-10-21T00:00:00Z,19034.5,19119.5,18990.5,19039.5,20266.806
2022-10-21T04:00:00Z,19039.5,19070,18983,19017,17797.122
2022-10-21T08:00:00Z,19017,19028,18885,18933,29440.549
2022-10-21T12:00:00Z,18933,19158,18635,19151,71481.946
2022-10-21T16:00:00Z,19151,19238,19077.5,19175.5,28755.115
2022-10-21T20:00:00Z,19175.5,19236,19128,19150,13228.823
2022-10-22T00:00:00Z,19150,19170,19101.5,19139,13652.996
2022-10-22T04:00:00Z,19139,19162,19122.5,19151,11726.35
2022-10-22T08:00:00Z,19151,19175,19128,19165,11602.349
2022-10-22T12:00:00Z,19165,19243,19145,19220,21212.705
2022-10-22T16:00:00Z,19220,19233.5,19124.5,19172,15645.204
2022-10-22T20:00:00Z,19172,19211.5,19164,19190.5,10726.598
2022-10-23T00:00:00Z,19190.5,19205.5,19156,19186,12625.519
2022-10-23T04:00:00Z,19186,19209,19139,19153,13414.33
2022-10-23T08:00:00Z,19153,19175,19117,19143,11890.179
2022-10-23T12:00:00Z,19143,19198,19060.5,19179,21102.392
2022-10-23T16:00:00Z,19179,19530,19159.5,19497.5,40071.538
2022-10-23T20:00:00Z,19497.5,19694,19446,19569,32341.77
2022-10-24T00:00:00Z,19569,19600,19345,19392.5,32272.224
2022-10-24T04:00:00Z,19392.5,19392.5,19245,19313.5,32433.048
2022-10-24T08:00:00Z,19313.5,19434.5,19286,19410.5,25597.156
2022-10-24T12:00:00Z,19410.5,19436.5,19147,19291,45219.26
2022-10-24T16:00:00Z,19291,19412,19212.5,19330,19769.939
2022-10-24T20:00:00Z,19330,19402,19294,19317,11174.908
2022-10-25T00:00:00Z,19317,19349.5,19239,19328.5,19717.771
2022-10-25T04:00:00Z,19328.5,19361.5,19264,19295,17796.178
2022-10-25T08:00:00Z,19295,19314,19228,19285,20087.63
2022-10-25T12:00:00Z,19285,19807.5,19251,19748,65950.887
2022-10-25T16:00:00Z,19748,20416,19721.5,20273,82875.085
2022-10-25T20:00:00Z,20273,20295,19982,20078,32378.18
2022-10-26T00:00:00Z,20078,20305.5,20050.5,20248.5,28292.001
2022-10-26T04:00:00Z,20248.5,20378.5,20135.5,20344.5,26578.073
2022-10-26T08:00:00Z,20344.5,20798.5,20284.5,20609.5,51381.752
2022-10-26T12:00:00Z,20609.5,21020,20344,20845.5,74842.457
2022-10-26T16:00:00Z,20845.5,20994,20642,20761.5,31774.903
2022-10-26T20:00:00Z,20761.5,20906,20697,20768.5,20432.624
2022-10-27T00:00:00Z,20768.5,20845.5,20602,20753,26594.047
2022-10-27T04:00:00Z,20753,20871,20682.5,20712.5,25053.387
2022-10-27T08:00:00Z,20712.5,20750,20464.5,20620.5,33724.646
2022-10-27T12:00:00Z,20620.5,20766,20431,20563.5,46666.861
2022-10-27T16:00:00Z,20563.5,20679.5,20498.5,20628.5,14191.005
2022-10-28T00:00:00Z,20293,20336.5,20161,20293,26476.162
2022-10-28T04:00:00Z,20293,20308.5,20050.5,20069.5,31058.107
2022-10-28T08:00:00Z,20069.5,20233.5,20017,20162.5,29662.053
2022-10-28T12:00:00Z,20162.5,20586,19983,20482,57972.911
2022-10-28T16:00:00Z,20482,20748.5,20450.5,20609.5,36142.363
2022-10-28T20:00:00Z,20609.5,20734.5,20571,20595,16247.892
2022-10-29T00:00:00Z,20595,20815,20558.5,20755,22873.456
2022-10-29T04:00:00Z,20755,20776.5,20625,20774.5,20950.883
2022-10-29T08:00:00Z,20774.5,21089,20655,20700.5,45480.284
2022-10-29T12:00:00Z,20700.5,20946,20682.5,20923.5,28765.756
2022-10-29T16:00:00Z,20923.5,20979.5,20761.5,20837,20075.767
2022-10-29T20:00:00Z,20837,20899,20708.5,20807.5,14159.287
2022-10-30T00:00:00Z,20807.5,20835,20704.5,20776,13568.48
2022-10-30T04:00:00Z,20776,20932,20744.5,20852,18690.751
2022-10-30T08:00:00Z,20852,20884.5,20632.5,20769.5,22355.538
2022-10-30T12:00:00Z,20769.5,20778,20618.5,20679,23097.978
2022-10-30T16:00:00Z,20679,20701,20546.5,20646.5,18908.005
2022-10-30T20:00:00Z,20646.5,20740,20511.5,20624.5,20323.93
2022-10-31T00:00:00Z,20624.5,20673,20417.5,20505.5,26027.627
2022-10-31T04:00:00Z,20505.5,20589.5,20460,20544.5,21754.568
2022-10-31T08:00:00Z,20544.5,20843.5,20453.5,20731.5,39423.873
2022-10-31T12:00:00Z,20731.5,20755,20226.5,20388,53458.55
2022-10-31T16:00:00Z,20388,20529,20320,20355,19957.087
2022-10-31T20:00:00Z,20355,20508,20341,20477.5,13994.352
2022-11-01T00:00:00Z,20477.5,20585,20427.5,20481.5,20427.42
2022-11-01T04:00:00Z,20481.5,20659,20464.5,20598.5,25075.95
2022-11-01T08:00:00Z,20598.5,20695,20487.5,20525.5,28685.398
2022-11-01T12:00:00Z,20525.5,20567.5,20317.5,20432.5,34314.869
2022-11-01T16:00:00Z,20432.5,20504.5,20367.5,20438,15984.321
2022-11-01T20:00:00Z,20438,20491.5,20418.5,20473,13234.583
2022-11-02T00:00:00Z,20473,20556,20397,20520.5,19535.029
2022-11-02T04:00:00Z,20520.5,20559,20345,20415,24345.136
2022-11-02T08:00:00Z,20415,20539,20340,20424,26073.879
2022-11-02T12:00:00Z,20424,20446,20353.5,20398.5,18122.112
2022-11-02T16:00:00Z,20398.5,20800,20109,20251.5,90008.702
2022-11-02T20:00:00Z,20251.5,20281,20053.5,20141.5,24907.746
2022-11-03T00:00:00Z,20141.5,20337.5,20114.5,20309.5,24719.485
2022-11-03T04:00:00Z,20309.5,20398,20282.5,20304,19765.201
2022-11-03T08:00:00Z,20304,20338,20036,20120,30753.737
2022-11-03T12:00:00Z,20120,20327.5,20025,20252.5,33695.649
2022-11-03T16:00:00Z,20252.5,20300,20170,20247.5,16740.778
2022-11-03T20:00:00Z,20247.5,20257,20148,20198,13598.272
2022-11-04T00:00:00Z,20198,20311.5,20174.5,20307.5,17137.351
2022-11-04T04:00:00Z,20307.5,20686,20295.5,20611,41269.546
2022-11-04T08:00:00Z,20611,20669.5,20549.5,20556,21740.368
2022-11-04T12:00:00Z,20556,21305.5,20373.5,20838.5,98364.149
2022-11-04T16:00:00Z,20838.5,21107,20675,21107,43703.567
2022-11-04T20:00:00Z,21107,21210,21050.5,21146.5,18452.101
2022-11-05T00:00:00Z,21146.5,21476,21083,21445,32249.807
2022-11-05T04:00:00Z,21445,21466.5,21363.5,21385.5,15923.683
2022-11-05T08:00:00Z,21385.5,21429,21238.5,21403.5,24996.622
2022-11-05T12:00:00Z,21403.5,21420,21215.5,21302,22958.565
2022-11-05T16:00:00Z,21302,21345,21260.5,21331,15623.963
2022-11-05T20:00:00Z,21331,21380.5,21240,21300,10895.105
2022-11-06T00:00:00Z,21300,21362.5,21184,21236.5,19422.532
2022-11-06T04:00:00Z,21236.5,21253,21146.5,21194,16562.524
2022-11-06T08:00:00Z,21194,21311.5,21178.5,21255,20836.276
2022-11-06T12:00:00Z,21255,21288.5,21193,21244,15048.42
2022-11-06T16:00:00Z,21244,21282,21154,21196.5,21500.145
2022-11-06T20:00:00Z,21196.5,21213,20888,20912,25561.871
2022-11-07T00:00:00Z,20912,21069.5,20822.5,20918,32700.303
2022-11-07T04:00:00Z,20918,20918,20606,20624.5,44544.094
2022-11-07T08:00:00Z,20624.5,20797.5,20570,20720.5,31079.181
2022-11-07T12:00:00Z,20720.5,20789,20618,20754.5,28923.563
2022-11-07T16:00:00Z,20754.5,20878,20641.5,20832.5,20968.898
2022-11-07T20:00:00Z,20832.5,20875,20371.5,20576,30555.415
2022-11-08T00:00:00Z,20576,20663.5,20111,20140.5,49553.39
2022-11-08T04:00:00Z,20140.5,20232.5,19333,19785,91090.033
2022-11-08T08:00:00Z,19785,19786.5,19574,19688.5,26622.994
2022-11-08T12:00:00Z,19688.5,19734.5,19219,19515,50042.887
2022-11-08T16:00:00Z,19514,20674,16839,18244.5,261362.539
2022-11-08T20:00:00Z,18244.5,18714.5,17794.5,18531.5,64599.199
2022-11-09T00:00:00Z,18531.5,18571,17980,18303,39690.166
2022-11-09T04:00:00Z,18303,18495,18157.5,18224.5,36743.415
2022-11-09T08:00:00Z,18224.5,18241.5,17230.5,17802,92049.658
2022-11-09T12:00:00Z,17802,18009.5,16883.5,17105.5,97942.78
2022-11-09T16:00:00Z,17105.5,17309.5,16417.5,16767,83074.138
2022-11-09T20:00:00Z,16767,16882,15481,15895,105830.433
2022-11-10T00:00:00Z,15895,16561.5,15724.5,16349,66857.268
2022-11-10T04:00:00Z,16349,16892.5,16188,16741.5,58731.078
2022-11-10T08:00:00Z,16741.5,16938,16246,16381,57926.523
2022-11-10T12:00:00Z,16381,17939.5,16372,17543.5,126562.797
2022-11-10T16:00:00Z,17543.5,17963,17101,17443.5,62921.512
2022-11-10T20:00:00Z,17443.5,18170,17362,17588,39061.174
2022-11-11T00:00:00Z,17588,17671.5,16875.5,17049.5,46043.26
2022-11-11T04:00:00Z,17049.5,17470.5,16991,17397,41172.727
2022-11-11T08:00:00Z,17397,17498.5,17207.5,17335.5,32799.45
2022-11-11T12:00:00Z,17335.5,17529,16335,16862,107694.793
2022-11-11T16:00:00Z,16862,17029,16530.5,16838,45813.351
2022-11-11T20:00:00Z,16838,17131,16548,17050,29083.869
2022-11-12T00:00:00Z,17050,17100,16763,16891,21403.415
2022-11-12T04:00:00Z,16891,16924,16620,16804,29307.438
2022-11-12T08:00:00Z,16804,16964,16713,16853.5,27404.109
2022-11-12T12:00:00Z,16853.5,16986,16747.5,16919,25111.441
2022-11-12T16:00:00Z,16919,16948,16820,16882.5,16188.416
2022-11-12T20:00:00Z,16882.5,16884.5,16753,16802,13849.414
2022-11-13T00:00:00Z,16802,16944,16774,16906.5,17267.951
2022-11-13T04:00:00Z,16906.5,16915.5,16558,16759,30771.952
2022-11-13T08:00:00Z,16759,16780,16421.5,16650,38220.199
2022-11-13T12:00:00Z,16650,16709.5,16513.5,16572.5,24832.027
2022-11-13T16:00:00Z,16572.5,16620.5,16462,16554.5,19413.704
2022-11-13T20:00:00Z,16554.5,16582.5,16231,16327,24569.695
2022-11-14T00:00:00Z,16327,16404.5,15895,16128,48741.982
2022-11-14T04:00:00Z,16128,16882.5,15805,16806.5,92259.393
2022-11-14T08:00:00Z,16806.5,16913.5,16632,16746,41336.267
2022-11-14T12:00:00Z,16746,17189,16408,16586.5,78733.114
2022-11-14T16:00:00Z,16586.5,16666.5,16172,16251,35524.926
2022-11-14T20:00:00Z,16251,16759.5,16190,16606,29330.097
2022-11-15T00:00:00Z,16606,16881.5,16515,16809,34740.379
2022-11-15T04:00:00Z,16809,16936,16641,16845.5,34758.153
2022-11-15T08:00:00Z,16845.5,16990,16703,16781.5,41582.506
2022-11-15T12:00:00Z,16781.5,17125,16730,16985.5,57227.394
2022-11-15T16:00:00Z,16985.5,17069,16611,16855,39432.097
2022-11-15T20:00:00Z,16855,16937,16739,16892,21139.756
2022-11-16T00:00:00Z,16892,17011,16765.5,16962.5,29645.205
2022-11-16T04:00:00Z,16962.5,16969,16786.5,16825,27650.012
2022-11-16T08:00:00Z,16825,16858,16644.5,16698.5,32920.522
2022-11-16T12:00:00Z,16698.5,16711,16373.5,16431,58589.45
2022-11-16T16:00:00Z,16431,16623,16402.5,16546,25917.554
2022-11-16T20:00:00Z,16546,16754.5,16485.5,16643.5,21937.651
2022-11-17T00:00:00Z,16643.5,16733.5,16503,16519,25463.795
2022-11-17T04:00:00Z,16519,16610.5,16403,16595.5,31590.015
2022-11-17T08:00:00Z,16595.5,16618.5,16460,16581.5,27764.244
2022-11-17T12:00:00Z,16581.5,16704,16422.5,16526,45755.215
2022-11-17T16:00:00Z,16526,16734,16509.5,16617,31351.179
2022-11-17T20:00:00Z,16617,16734,16605,16690.5,17516.836
2022-11-18T00:00:00Z,16690.5,16988.5,16679,16857,40473.551
2022-11-18T04:00:00Z,16857,16866,16731.5,16758.5,26033.272
2022-11-18T08:00:00Z,16758.5,16853,16687,16757.5,31756.104
2022-11-18T12:00:00Z,16757.5,16815.5,16615,16694,27706.515
2022-11-18T16:00:00Z,16694,16729.5,16538.5,16650,25317.285
2022-11-18T20:00:00Z,16650,16715.5,16620,16696,14401.397
2022-11-19T00:00:00Z,16696,16700.5,16570.5,16623.5,20454.731
2022-11-19T04:00:00Z,16623.5,16637.5,16547,16589,21125.218
2022-11-19T08:00:00Z,16589,16668,16576,16664.5,16162.184
2022-11-19T12:00:00Z,16664.5,16671.5,16623,16646.5,17976.491
2022-11-19T16:00:00Z,16646.5,16658,16600.5,16620,20640.223
2022-11-19T20:00:00Z,16620,16805.5,16620,16694,27890.886
2022-11-20T00:00:00Z,16694,16740.5,16662.5,16679,18727.532
2022-11-20T04:00:00Z,16679,16729.5,16666,16710,15130.13
2022-11-20T08:00:00Z,16710,16720.5,16460.5,16519.5,35660.035
2022-11-20T12:00:00Z,16519.5,16612,16457,16572.5,28482.246
2022-11-20T16:00:00Z,16572.5,16604,16524,16584.5,12624.398
2022-11-20T20:00:00Z,16584.5,16590,16182,16276,38466.784
2022-11-21T00:00:00Z,16276,16287.5,15889,16071.5,52620.219
2022-11-21T04:00:00Z,16071.5,16306.5,15954,16035,50119.62
2022-11-21T08:00:00Z,16035,16158,15967.5,16080,29742.856
2022-11-21T12:00:00Z,16080,16268,16024,16125,31504.943
2022-11-21T16:00:00Z,16125,16132.5,15586,15716.5,48220.367
2022-11-21T20:00:00Z,15716.5,15886,15453,15767,49441.379
2022-11-22T00:00:00Z,15767,15965.5,15736.5,15843,30595.869
2022-11-22T04:00:00Z,15843,15880,15620,15753.5,41143.293
2022-11-22T08:00:00Z,15753.5,15815.5,15660,15744,29393.601
2022-11-22T12:00:00Z,15744,16307.5,15685,16243,75676.382
2022-11-22T16:00:00Z,16243,16290,16056.5,16172.5,27246.464
2022-11-22T20:00:00Z,16172.5,16257.5,16095.5,16230.5,18928.805
2022-11-23T00:00:00Z,16230.5,16587.5,16161.5,16575,54252.27
2022-11-23T04:00:00Z,16575,16648,16451,16575,34358.163
2022-11-23T08:00:00Z,16575,16660,16500,16585,31085.72
2022-11-23T12:00:00Z,16585,16603,16344,16430,38870.369
2022-11-23T16:00:00Z,16430,16713,16325,16477.5,42684.079
2022-11-23T20:00:00Z,16477.5,16670.5,16430,16601.5,25594.934
2022-11-24T00:00:00Z,16601.5,16805.5,16537.5,16713.5,37900.093
2022-11-24T04:00:00Z,16713.5,16735.5,16615.5,16624,28238.092
2022-11-24T08:00:00Z,16624,16640,16490.5,16576.5,32740.104
2022-11-24T12:00:00Z,16576.5,16604,16459,16560,25627.055
2022-11-24T16:00:00Z,16560,16673,16520,16578,29977.31
2022-11-24T20:00:00Z,16578,16634,16540,16600.5,13577.509
2022-11-25T00:00:00Z,16600.5,16618,16474,16490.5,21610.221
2022-11-25T04:00:00Z,16490.5,16498.5,16340.5,16460,32258.886
2022-11-25T08:00:00Z,16460,16587.5,16407,16525,27781.438
2022-11-25T12:00:00Z,16525,16577,16440,16508,31767.403
2022-11-25T16:00:00Z,16508,16550,16458,16520,17650.921
2022-11-25T20:00:00Z,16520,16625.5,16481,16523.5,19799.961
2022-11-26T00:00:00Z,16523.5,16694.5,16515,16620.5,22595.182
2022-11-26T04:00:00Z,16620.5,16648,16533,16584,20859.815
2022-11-26T08:00:00Z,16584,16630,16554.5,16577.5,16157.811
2022-11-26T12:00:00Z,16577.5,16681.5,16487.5,16514,26272.259
2022-11-26T16:00:00Z,16514,16533,16424,16490.5,19239.275
2022-11-26T20:00:00Z,16490.5,16545,16383,16457.5,18948.451
2022-11-27T00:00:00Z,16457.5,16569.5,16450,16526,19651.971
2022-11-27T04:00:00Z,16526,16595,16525,16559,21272.704
2022-11-27T08:00:00Z,16559,16592,16511,16553.5,21424.69
2022-11-27T12:00:00Z,16553.5,16580,16520,16570,21648.012
2022-11-27T16:00:00Z,16570,16578,16526,16553,14066.986
2022-11-27T20:00:00Z,16553,16591,16408,16433.5,19960.759
2022-11-28T00:00:00Z,16433.5,16482,16048.5,16170,62609.597
2022-11-28T04:00:00Z,16170,16233,16134,16215.5,23165.434
2022-11-28T08:00:00Z,16215.5,16257.5,16171.5,16203,20365.471
2022-11-28T12:00:00Z,16203,16298.5,16114,16136,32583.178
2022-11-28T16:00:00Z,16136,16384.5,15997,16215.5,59045.068
2022-11-28T20:00:00Z,16215.5,16261,16176.5,16204,14242.274
2022-11-29T00:00:00Z,16204,16301,16095,16282,28789.999
2022-11-29T04:00:00Z,16282,16532.5,16277.5,16462,42317.612
2022-11-29T08:00:00Z,16462,16546,16430.5,16493.5,24771.541
2022-11-29T12:00:00Z,16493.5,16506,16332,16394.5,37140.949
2022-11-29T16:00:00Z,16394.5,16479,16345,16421.5,23026.242
2022-11-29T20:00:00Z,16421.5,16522.5,16421.5,16438.5,17051.728
2022-11-30T00:00:00Z,16438.5,17086,16427,16844,67591.982
2022-11-30T08:00:00Z,16885.5,16930,16835,16877,23101.123
2022-11-30T12:00:00Z,16877,16893,16768,16863.5,33857.651
2022-11-30T16:00:00Z,16863.5,17143,16709.5,17052,50451.081
2022-11-30T20:00:00Z,17052,17255,17025,17158,29642.867
2022-12-01T00:00:00Z,17158,17227.5,17086,17148.5,27788.642
2022-12-01T04:00:00Z,17148.5,17162,17061.5,17069.5,20886.895
2022-12-01T08:00:00Z,17069.5,17134.5,17045,17102.5,23618.225
2022-12-01T12:00:00Z,17102.5,17339,16898,16976.5,56331.543
2022-12-01T16:00:00Z,16976.5,16997.5,16901.5,16951,18749.649
2022-12-01T20:00:00Z,16951,16984.5,16866.5,16976.5,22311.027
2022-12-02T00:00:00Z,16976.5,17044,16862,16905.5,28817.635
2022-12-02T04:00:00Z,16905.5,16970,16886.5,16953.5,23309.805
2022-12-02T08:00:00Z,16953.5,17039,16935,16992,19885.578
2022-12-02T12:00:00Z,16992,17099.5,16782,16937,50047.835
2022-12-02T16:00:00Z,16937,16993,16903,16985.5,16974.978
2022-12-02T20:00:00Z,16985.5,17090.5,16978.5,17088.5,17100.639
2022-12-03T00:00:00Z,17088.5,17155.5,17010.5,17017,19897.137
2022-12-03T04:00:00Z,17017,17034.5,16926.5,16963,21170.629
2022-12-03T08:00:00Z,16963,16984,16890.5,16945.5,18655.509
2022-12-03T12:00:00Z,16945.5,16979.5,16923,16961.5,22223.988
2022-12-03T16:00:00Z,16961.5,16983.5,16937,16953.5,16522
2022-12-03T20:00:00Z,16953.5,16955,16862.5,16887.5,22454.592
2022-12-04T00:00:00Z,16887.5,17047,16887,16959.5,23006.255
2022-12-04T04:00:00Z,16959.5,17069,16959,16993,26358.779
2022-12-04T08:00:00Z,16993,17047,16908.5,16946.5,20642.438
2022-12-04T12:00:00Z,16946.5,17062,16919.5,17026.5,28117.111
2022-12-04T16:00:00Z,17026.5,17156,16972,17083,40640.646
2022-12-04T20:00:00Z,17083,17200,17068.5,17103,20719.871
2022-12-05T00:00:00Z,17103,17330.5,17073.5,17199,40062.077
2022-12-05T04:00:00Z,17199,17421,17195.5,17308.5,39060.383
2022-12-05T08:00:00Z,17308.5,17378.5,17278,17306,23314.618
2022-12-05T12:00:00Z,17306,17306,17020.5,17084.5,44045.791
2022-12-05T16:00:00Z,17084.5,17128.5,16870.5,16928.5,36263.008
2022-12-05T20:00:00Z,16928.5,16991,16905.5,16969,17180.788
2022-12-06T00:00:00Z,16969,17097.5,16969,17002.5,25335.595
2022-12-06T04:00:00Z,17002.5,17022.5,16960.5,17001,16434.366
2022-12-06T08:00:00Z,17001,17040.5,16910.5,16983,23668.629
2022-12-06T12:00:00Z,16983,17030.5,16926,16979,25243.157
2022-12-06T16:00:00Z,16979,17015,16912.5,16971.5,18185.586
2022-12-06T20:00:00Z,16971.5,17110,16953.5,17084,22866.526
2022-12-07T00:00:00Z,17084,17137,17021.5,17026.5,26546.573
2022-12-07T04:00:00Z,17026.5,17043,16720,16759.5,44142.726
2022-12-07T08:00:00Z,16759.5,16824,16680,16785,30614.967
2022-12-07T12:00:00Z,16785,16880,16758.5,16824.5,31188.98
2022-12-07T16:00:00Z,16824.5,16834,16767.5,16803,19010.601
2022-12-07T20:00:00Z,16803,16849,16780,16821.5,12561.414
2022-12-08T00:00:00Z,16821.5,16873.5,16772.5,16821,24927.017
2022-12-08T04:00:00Z,16821,16832.5,16777,16814,21389.036
2022-12-08T08:00:00Z,16814,16848,16722.5,16836,22892.184
2022-12-08T12:00:00Z,16836,16953,16790,16912.5,34507.632
2022-12-08T16:00:00Z,16912.5,17296.5,16907,17247,50272.915
2022-12-08T20:00:00Z,17247,17293,17150.5,17223.5,22560.079
2022-12-09T00:00:00Z,17223.5,17292,17189,17202.5,20783.401
2022-12-09T04:00:00Z,17202.5,17234,17188.5,17211.5,15727.24
2022-12-09T08:00:00Z,17211.5,17264,17201,17237.5,15726.165
2022-12-09T12:00:00Z,17237.5,17352.5,17067.5,17175,48670.058
2022-12-09T16:00:00Z,17175,17184,17118,17138.5,13756.054
2022-12-09T20:00:00Z,17138.5,17153,17062,17124,16705.664
2022-12-10T00:00:00Z,17124,17164,17120,17143,12147.541
2022-12-10T04:00:00Z,17143,17175,17130.5,17151,13636.075
2022-12-10T08:00:00Z,17151,17169,17113.5,17165,15394.862
2022-12-10T12:00:00Z,17165,17217,17138.5,17206,20712.673
2022-12-10T16:00:00Z,17206,17225.5,17156.5,17167.5,15411.278
2022-12-10T20:00:00Z,17167.5,17173.5,17095,17126.5,15269.122
2022-12-11T00:00:00Z,17126.5,17169,17122,17154,13940.301
2022-12-11T04:00:00Z,17154,17195.5,17151,17178,14586.957
2022-12-11T08:00:00Z,17178,17178,17141,17165.5,11258.326
2022-12-11T12:00:00Z,17165.5,17166,17131.5,17151,12246.469
2022-12-11T16:00:00Z,17151,17268.5,17132,17173.5,23789.688
2022-12-11T20:00:00Z,17173.5,17174,17071.5,17091,19045.035
2022-12-12T00:00:00Z,17091,17091,16870.5,16905.5,41486.925
2022-12-12T04:00:00Z,16905.5,16934.5,16894.5,16915.5,15280.307
2022-12-12T08:00:00Z,16915.5,17003.5,16896.5,16983.5,20137.384
2022-12-12T12:00:00Z,16983.5,17045.5,16918.5,17004.5,31071.569
2022-12-12T16:00:00Z,17004.5,17042.5,16981.5,17041,13305.819
2022-12-12T20:00:00Z,17041,17237.5,17041,17201,33832.511
2022-12-13T00:00:00Z,17201,17232,17120.5,17148.5,17827.331
2022-12-13T04:00:00Z,17148.5,17201,17081.5,17159.5,26196.821
2022-12-13T08:00:00Z,17159.5,17513,17151.5,17438.5,45498.503
2022-12-13T12:00:00Z,17438.5,18000,17393,17756,88605.823
2022-12-13T16:00:00Z,17756,17837,17620.5,17743.5,27313.866
2022-12-13T20:00:00Z,17743.5,17815,17709,17782.5,15552.036
2022-12-14T00:00:00Z,17782.5,17842,17756,17787.5,18767.07
2022-12-14T04:00:00Z,17787.5,17817,17742,17809.5,17228.169
2022-12-14T08:00:00Z,17809.5,17877.5,17785.5,17825.5,22800.197
2022-12-14T12:00:00Z,17825.5,18100,17819.5,18055,52728.144
2022-12-14T16:00:00Z,18055,18380,17709.5,17796.5,97740.917
2022-12-14T20:00:00Z,17796.5,17949,17667,17805,29611.261
2022-12-15T00:00:00Z,17805,17851.5,17569.5,17727,29702.437
2022-12-15T04:00:00Z,17727,17746,17685,17691,17407.067
2022-12-15T08:00:00Z,17691,17720.5,17613,17717.5,21486.339
2022-12-15T12:00:00Z,17717.5,17720,17380,17428,50517.511
2022-12-15T16:00:00Z,17428,17470,17324,17442.5,34587.27
2022-12-15T20:00:00Z,17442.5,17455.5,17281,17347.5,28945.875
2022-12-16T00:00:00Z,17347.5,17412,17335,17410,18237.277
2022-12-16T04:00:00Z,17410,17529,17359,17502,26010.605
2022-12-16T08:00:00Z,17502,17515.5,16910.5,17016.5,72500.443
2022-12-16T12:00:00Z,17016.5,17072.5,16879.5,16961,35235.118
2022-12-16T16:00:00Z,16961,16967,16723.5,16857,37299.91
2022-12-16T20:00:00Z,16857,16942.5,16523.5,16624.5,45433.38
2022-12-17T00:00:00Z,16624.5,16717.5,16570,16663.5,31087.23
2022-12-17T04:00:00Z,16663.5,16758.5,16643,16734,22512.55
2022-12-17T08:00:00Z,16734,16745,16651,16694.5,19112.061
2022-12-17T12:00:00Z,16694.5,16715,16633.5,16688.5,22476.63
2022-12-17T16:00:00Z,16688.5,16706,16638,16679.5,15181.315
2022-12-17T20:00:00Z,16679.5,16783,16677,16765,17954.401
2022-12-18T00:00:00Z,16765,16768,16693,16730.5,14865.43
2022-12-18T04:00:00Z,16730.5,16786.5,16710.5,16735.5,19376.898
2022-12-18T08:00:00Z,16735.5,16750,16653.5,16697.5,19590.659
2022-12-18T12:00:00Z,16697.5,16724,16662,16673,16719.997
2022-12-18T16:00:00Z,16673,16781,16670,16736.5,19466.147
2022-12-18T20:00:00Z,16736.5,16847,16712,16727.5,19430.451
2022-12-19T00:00:00Z,16727.5,16800,16618.5,16670,30670.052
2022-12-19T04:00:00Z,16670,16736.5,16661,16710,22787.067
2022-12-19T08:00:00Z,16710,16770.5,16701,16720,20149.041
2022-12-19T12:00:00Z,16720,16754.5,16654.5,16661,25756.101
2022-12-19T16:00:00Z,16661,16690.5,16509.5,16548.5,34759.57
2022-12-19T20:00:00Z,16548.5,16638.5,16246,16427.5,38075.373
2022-12-20T00:00:00Z,16427.5,16845,16385,16713.5,48067.341
2022-12-20T04:00:00Z,16713.5,16865,16681,16791.5,31583.77
2022-12-20T08:00:00Z,16791.5,16847,16753.5,16803,23627.546
2022-12-20T12:00:00Z,16803,17042.5,16705,16909,48660.203
2022-12-20T16:00:00Z,16909,16923,16760.5,16890,27840.519
2022-12-20T20:00:00Z,16890,16915,16823.5,16886.5,13978.027
2022-12-21T00:00:00Z,16886.5,16911,16784,16827.5,23846.162
2022-12-21T04:00:00Z,16827.5,16842.5,16760.5,16806.5,19416.208
2022-12-21T08:00:00Z,16806.5,16884.5,16789.5,16870.5,20784.986
2022-12-21T12:00:00Z,16870.5,16910,16722,16849.5,39468.816
2022-12-21T16:00:00Z,16849.5,16852.5,16713.5,16744.5,25826.135
2022-12-21T20:00:00Z,16744.5,16825,16722.5,16815.5,18809.1
2022-12-22T00:00:00Z,16815.5,16847.5,16800,16841,20367.688
2022-12-22T04:00:00Z,16841,16845,16776,16817.5,21801.657
2022-12-22T08:00:00Z,16817.5,16853,16793,16823.5,23940.68
2022-12-22T12:00:00Z,16823.5,16833,16605.5,16630.5,45603.117
2022-12-22T16:00:00Z,16630.5,16662,16560,16655.5,25588.114
2022-12-22T20:00:00Z,16655.5,16846.5,16643.5,16818.5,32929.423
2022-12-23T00:00:00Z,16818.5,16889.5,16768.5,16828.5,24580.475
2022-12-23T04:00:00Z,16828.5,16845,16799.5,16838.5,18709.385
2022-12-23T08:00:00Z,16838.5,16880,16804,16836,19234.485
2022-12-23T12:00:00Z,16836,16943,16729,16826,48204.625
2022-12-23T16:00:00Z,16826,16848.5,16810.5,16839.5,16031.874
2022-12-23T20:00:00Z,16839.5,16842,16761,16778,14694.774
2022-12-24T00:00:00Z,16778,16832,16777.5,16830.5,13137.91
2022-12-24T04:00:00Z,16830.5,16842,16797,16834,12225.706
2022-12-24T08:00:00Z,16834,16835.5,16812,16818,11020.791
2022-12-24T12:00:00Z,16818,16829,16809,16828,12212.987
2022-12-24T16:00:00Z,16828,16852,16815.5,16829.5,14863.066
2022-12-24T20:00:00Z,16829.5,16841.5,16798.5,16825.5,12594.509
2022-12-25T00:00:00Z,16825.5,16838,16818.5,16824.5,12527.985
2022-12-25T04:00:00Z,16824.5,16825.5,16796.5,16815.5,15432.395
2022-12-25T08:00:00Z,16815.5,16828,16811,16816,11380.135
2022-12-25T12:00:00Z,16816,16845.5,16715,16784.5,29836.863
2022-12-25T16:00:00Z,16784.5,16812.5,16724,16783,19262.864
2022-12-25T20:00:00Z,16783,16836,16751,16819.5,12549.716
2022-12-26T00:00:00Z,16819.5,16887.5,16811,16880,23137.097
2022-12-26T04:00:00Z,16880,16909,16826,16835,21982.757
2022-12-26T08:00:00Z,16835,16857,16811,16849,17236.892
2022-12-26T12:00:00Z,16849,16853,16780,16800.5,17388.64
2022-12-26T16:00:00Z,16800.5,16848.5,16788,16831,13277.6
2022-12-26T20:00:00Z,16831,16933,16810,16905.5,15776.079
2022-12-27T00:00:00Z,16905.5,16956,16829.5,16864,23531.678
2022-12-27T04:00:00Z,16864,16883.5,16842.5,16856,13649.142
2022-12-27T08:00:00Z,16856,16867.5,16799.5,16821,20764.819
2022-12-27T12:00:00Z,16821,16829,16723,16787,29113.625
2022-12-27T16:00:00Z,16787,16790.5,16588,16679,33586.095
2022-12-27T20:00:00Z,16679,16715.5,16648.5,16701,15300.839
2022-12-28T00:00:00Z,16701,16743,16555,16643,35420.31
2022-12-28T04:00:00Z,16643,16667.5,16579.5,16638,26773.173
2022-12-28T08:00:00Z,16638,16675,16625.5,16668.5,16573.145
2022-12-28T12:00:00Z,16668.5,16771,16563.5,16571.5,41770.198
2022-12-28T16:00:00Z,16571.5,16656.5,16560,16591.5,20073.462
2022-12-28T20:00:00Z,16591.5,16607,16464.5,16541.5,28232.253
2022-12-29T00:00:00Z,16541.5,16584.5,16487.5,16553,21992.239
2022-12-29T04:00:00Z,16553,16574,16534.5,16554,15787.719
2022-12-29T08:00:00Z,16554,16623.5,16520,16594,25730.304
2022-12-29T12:00:00Z,16594,16657.5,16588.5,16608,29677.611
2022-12-29T16:00:00Z,16608,16644.5,16584,16602.5,14266.666
2022-12-29T20:00:00Z,16602.5,16646.5,16550,16633,20180.363
2022-12-30T00:00:00Z,16633,16641,16581,16598.5,21821.216
2022-12-30T04:00:00Z,16598.5,16610.5,16430,16476.5,39032.173
2022-12-30T08:00:00Z,16476.5,16530.5,16461.5,16496,24928.643
2022-12-30T12:00:00Z,16496,16573.5,16342.5,16555,48473.784
2022-12-30T16:00:00Z,16555,16574.5,16518,16526,30635.496
2022-12-30T20:00:00Z,16526,16667,16526,16609,25355.78
2022-12-31T00:00:00Z,16609,16614,16557,16558.5,13967.729
2022-12-31T04:00:00Z,16558.5,16568,16537.5,16567.5,12706.829
2022-12-31T08:00:00Z,16567.5,16583.5,16546,16571,14697.48
2022-12-31T12:00:00Z,16571,16643.5,16547,16589,25663.563
2022-12-31T16:00:00Z,16589,16610,16569.5,16571,9841.003
2022-12-31T20:00:00Z,16571,16575,16474.5,16543,20182.727
2023-01-01T00:00:00Z,16543,16563,16513.5,16536,15316.2
2023-01-01T04:00:00Z,16536,16550,16502,16529,14350.138
2023-01-01T08:00:00Z,16529,16553,16508,16551.5,13787.724
2023-01-01T12:00:00Z,16551.5,16570,16531,16554,15940.034
2023-01-01T16:00:00Z,16554,16617,16554,16596,19617.299
2023-01-01T20:00:00Z,16596,16618.5,16580,16607.5,11840.006
2023-01-02T00:00:00Z,16607.5,16700,16543,16654.5,25150.564
2023-01-02T04:00:00Z,16654.5,16760,16615,16709.5,36691.513
2023-01-02T08:00:00Z,16709.5,16761.5,16696.5,16725.5,27996.712
2023-01-02T16:00:00Z,16725.5,16728.5,16699,16728,10816.701
2023-01-02T20:00:00Z,16728,16790,16649.5,16663,20987.868
2023-01-03T00:00:00Z,16663,16696.5,16641,16684.5,17570.578
2023-01-03T04:00:00Z,16684.5,16769.5,16677,16722,27956.749
2023-01-03T08:00:00Z,16722,16746,16690.5,16711,17118.604
2023-01-03T12:00:00Z,16711,16762.5,16615,16672,42402.376
2023-01-03T16:00:00Z,16672,16680.5,16599.5,16637,29516.769
2023-01-03T20:00:00Z,16637,16683.5,16636,16665,15552.136
2023-01-04T00:00:00Z,16665,16863.5,16647,16852,51228.726
2023-01-04T04:00:00Z,16852,16905.5,16838,16869.5,36552.476
2023-01-04T08:00:00Z,16869.5,16918.5,16833.5,16838,24710.661
2023-01-04T12:00:00Z,16838,16857.5,16769,16852,29497.6
2023-01-04T16:00:00Z,16852,16990,16787.5,16841,58633.245
2023-01-04T20:00:00Z,16841,16865,16772.5,16853.5,26847.873
2023-01-05T00:00:00Z,16853.5,16876,16809.5,16823.5,17344.25
2023-01-05T04:00:00Z,16823.5,16846,16785,16813,15818.782
2023-01-05T08:00:00Z,16813,16825.5,16772.5,16822.5,18695.37
2023-01-05T12:00:00Z,16822.5,16866,16746.5,16835,37977.488
2023-01-05T16:00:00Z,16835,16860.5,16790.5,16850,18155.563
2023-01-05T20:00:00Z,16850,16856,16807.5,16820,13677.462
2023-01-06T00:00:00Z,16820,16857,16793,16820,16846.016
2023-01-06T04:00:00Z,16820,16822.5,16772,16784.5,20031.005
2023-01-06T08:00:00Z,16784.5,16802.5,16701,16735.5,21359.803
2023-01-06T12:00:00Z,16735.5,16835.5,16675,16831,45211.021
2023-01-06T16:00:00Z,16831,16952,16799.5,16927,31128.459
2023-01-06T20:00:00Z,16927,17034.5,16886,16948,45331.573
2023-01-07T00:00:00Z,16948,16979.5,16930,16950,15463.633
2023-01-07T04:00:00Z,16950,16951,16921.5,16945.5,11523.072
2023-01-07T08:00:00Z,16945.5,16949.5,16914,16922.5,11851.932
2023-01-07T12:00:00Z,16922.5,16945,16909,16938,14854.223
2023-01-07T16:00:00Z,16938,16944,16918.5,16944,10576.323
2023-01-07T20:00:00Z,16944,16952.5,16930.5,16943.5,9148.371
2023-01-08T00:00:00Z,16943.5,16953.5,16914,16942.5,12355.568
2023-01-08T04:00:00Z,16942.5,16951,16935,16948.5,8615.059
2023-01-08T08:00:00Z,16948.5,16966.5,16927,16927.5,18377.85
2023-01-08T12:00:00Z,16927.5,17015,16922.5,16995.5,19820.84
2023-01-08T16:00:00Z,16995.5,17018.5,16920.5,16931.5,22094.962
2023-01-08T20:00:00Z,16931.5,17188,16928,17127.5,40791.877
2023-01-09T00:00:00Z,17127.5,17246.5,17105.5,17195.5,52238.663
2023-01-09T04:00:00Z,17195.5,17253.5,17179.5,17197.5,22672.859
2023-01-09T08:00:00Z,17197.5,17276.5,17185.5,17235.5,26238.797
2023-01-09T12:00:00Z,17235.5,17328.5,17192.5,17267.5,35060.498
2023-01-09T16:00:00Z,17267.5,17392.5,17265.5,17295,34432.139
2023-01-09T20:00:00Z,17295,17307.5,17128,17177.5,40396.603
2023-01-10T00:00:00Z,17177.5,17234.5,17150,17204,20494.076
2023-01-10T04:00:00Z,17204,17233,17187,17199.5,15752.046
2023-01-10T08:00:00Z,17199.5,17280,17189.5,17249.5,24309.933
2023-01-10T12:00:00Z,17249.5,17370,17212,17322.5,44266.029
2023-01-10T16:00:00Z,17322.5,17450,17282,17426,29459.496
2023-01-10T20:00:00Z,17426,17489,17402,17435,21431.45
2023-01-11T00:00:00Z,17435,17501.5,17366.5,17414,24104.23
2023-01-11T04:00:00Z,17414,17456.5,17390,17443.5,18327.891
2023-01-11T08:00:00Z,17443.5,17468,17410,17433.5,14346.648
2023-01-11T12:00:00Z,17433.5,17435,17319,17334.5,27302.214
2023-01-11T16:00:00Z,17334.5,17555,17330,17545,38352.532
2023-01-11T20:00:00Z,17545,18005,17506.5,17941,58492.668
2023-01-12T00:00:00Z,17941,18383,17907.5,18224.5,62684.175
2023-01-12T04:00:00Z,18224.5,18235,18078,18136.5,23297.816
2023-01-12T08:00:00Z,18136.5,18220,18070,18199.5,20128.896
2023-01-12T12:00:00Z,18199.5,18354.5,17928,18083.5,88676.148
2023-01-12T16:00:00Z,18083.5,19036,18053.5,18883,97002.854
2023-01-12T20:00:00Z,18883,19110,18763,18843,33117.316
2023-01-13T00:00:00Z,18843,18883,18717,18874,20969.577
2023-01-13T04:00:00Z,18874,18875.5,18781,18823.5,17040.474
2023-01-13T08:00:00Z,18823.5,19052.5,18811,18920.5,34733.916
2023-01-13T12:00:00Z,18920.5,19302,18813,19256.5,58608.006
2023-01-13T16:00:00Z,19256.5,19394.5,19060,19357.5,46061.526
2023-01-13T20:00:00Z,19357.5,20004,19316,19924.5,70617.884
2023-01-14T00:00:00Z,19924.5,21532,19887.5,20995.5,126182.41
2023-01-14T04:00:00Z,20995.5,21063.5,20813,20927.5,29632.684
2023-01-14T08:00:00Z,20927.5,21043.5,20257,20738.5,76935.782
2023-01-14T12:00:00Z,20738.5,21236,20573,20797.5,60782.261
2023-01-14T16:00:00Z,20797.5,20936,20675.5,20805,26536.114
2023-01-14T20:00:00Z,20805,21086,20782.5,20964,20947.791
2023-01-15T00:00:00Z,20964,21008.5,20580,20736,31741.436
2023-01-15T04:00:00Z,20736,20799,20680.5,20750.5,19021.99
2023-01-15T08:00:00Z,20750.5,20775,20590,20740,32619.961
2023-01-15T12:00:00Z,20740,21007,20666.5,20926,46397.613
2023-01-15T16:00:00Z,20926,21069,20674.5,20873,38394.416
2023-01-15T20:00:00Z,20873,20968.5,20743,20886.5,22526.393
2023-01-16T00:00:00Z,20886.5,21452,20785.5,21091.5,74132.746
2023-01-16T04:00:00Z,21091.5,21276.5,21055.5,21121,27161.696
2023-01-16T08:00:00Z,21121,21123,20658,20825.5,46500.873
2023-01-16T12:00:00Z,20825.5,21063.5,20620.5,20995,42225.12
2023-01-16T16:00:00Z,20995,21424.5,20919,21315,44500.482
2023-01-16T20:00:00Z,21315,21480,21052,21194,36371.879
2023-01-17T00:00:00Z,21194,21304,20843,21130.5,32691.938
2023-01-17T04:00:00Z,21130.5,21238.5,21067,21139,21641.043
2023-01-17T08:00:00Z,21139,21251.5,21086.5,21224.5,22128.588
2023-01-17T12:00:00Z,21224.5,21620,21030.5,21183.5,79355.14
2023-01-17T16:00:00Z,21183.5,21419,21086,21339.5,30446.775
2023-01-17T20:00:00Z,21339.5,21410.5,21126.5,21133,21788.621
2023-01-18T00:00:00Z,21133,21378,21109,21263,24279.113
2023-01-18T04:00:00Z,21263,21321,21234.5,21308.5,17392.693
2023-01-18T08:00:00Z,21308.5,21315,21159.5,21208.5,22975.365
2023-01-18T12:00:00Z,21208.5,21661.5,20836,21041.5,103638.431
2023-01-18T16:00:00Z,21041.5,21138,20408.5,20904,113157.337
2023-01-18T20:00:00Z,20904,20939.5,20634.5,20683.5,23913.388
2023-01-19T00:00:00Z,20683.5,20820.5,20667,20749,20585.597
2023-01-19T04:00:00Z,20749,20874,20749,20819.5,17428.022
2023-01-19T08:00:00Z,20819.5,20847.5,20715.5,20749.5,18794.018
2023-01-19T12:00:00Z,20749.5,20956,20670,20873,34713.502
2023-01-19T16:00:00Z,20873,21141,20796,21093,30883.593
2023-01-19T20:00:00Z,21093,21185,20922,21071.5,28116.386
2023-01-20T00:00:00Z,21071.5,21218.5,21016.5,21091.5,26032.487
2023-01-20T04:00:00Z,21091.5,21128,20867,20958,30373.278
2023-01-20T08:00:00Z,20958,20993.5,20903.5,20964.5,19360.55
2023-01-20T12:00:00Z,20964.5,21245,20956.5,21144.5,39025.36
2023-01-20T16:00:00Z,21144.5,21528,21143.5,21498,48791.839
2023-01-20T20:00:00Z,21498,22754.5,21498,22667,98227.136
2023-01-21T00:00:00Z,22667,22794,22427.5,22550.5,34771.189
2023-01-21T04:00:00Z,22550.5,22673,22520,22635.5,15816.902
2023-01-21T08:00:00Z,22635.5,23338,22600.5,22910.5,88830.634
2023-01-21T12:00:00Z,22910.5,23289,22853.5,23005,50909.937
2023-01-21T16:00:00Z,23005,23365,22989.5,23281,51058.375
2023-01-21T20:00:00Z,23281,23308.5,22692,22789.5,35918.005
2023-01-22T00:00:00Z,22789.5,22979.5,22614.5,22771.5,26054.054
2023-01-22T04:00:00Z,22771.5,22974.5,22727,22900.5,22391.55
2023-01-22T08:00:00Z,22900.5,22942.5,22729.5,22779.5,24095.57
2023-01-22T12:00:00Z,22779.5,23071.5,22636.5,22784.5,41010.829
2023-01-22T16:00:00Z,22784.5,22953,22677,22712.5,27630.048
2023-01-22T20:00:00Z,22712.5,22770,22280,22702.5,44666.359
2023-01-23T00:00:00Z,22702.5,22818,22644,22655,22822.214
2023-01-23T04:00:00Z,22655,22784.5,22600,22687,19834.679
2023-01-23T08:00:00Z,22687,22949,22655,22900,27785.389
2023-01-23T12:00:00Z,22900,23133,22491,22840,62152.251
2023-01-23T16:00:00Z,22840,23185,22653,22787.5,46718.174
2023-01-23T20:00:00Z,22787.5,23038.5,22755,22910,24479.759
2023-01-24T00:00:00Z,22910,23148.5,22864.5,23083.5,22605.497
2023-01-24T04:00:00Z,23083.5,23167.5,23018.5,23057.5,19819.287
2023-01-24T08:00:00Z,23057.5,23094.5,22762.5,22907.5,35632.279
2023-01-24T12:00:00Z,22907.5,23023.5,22703,22918,46774.566
2023-01-24T16:00:00Z,22918,23062,22777.5,23011,24631.787
2023-01-24T20:00:00Z,23011,23068,22444.5,22623.5,43403.975
2023-01-25T00:00:00Z,22623.5,22695,22328,22637.5,40885.369
2023-01-25T04:00:00Z,22637.5,22753.5,22598,22702,23196.096
2023-01-25T08:00:00Z,22702,22725,22476,22592.5,30560.491
2023-01-25T12:00:00Z,22592.5,22735.5,22328.5,22572.5,43151.341
2023-01-25T16:00:00Z,22572.5,22750,22510,22741.5,26932.666
2023-01-25T20:00:00Z,22741.5,23828,22741.5,23051.5,86185.397
2023-01-26T00:00:00Z,23051.5,23270,23042.5,23128,23887.452
2023-01-26T04:00:00Z,23128,23187.5,22890,22962.5,29958.429
2023-01-26T08:00:00Z,22962.5,23041.5,22844.5,22986,35575.269
2023-01-26T12:00:00Z,22986,23234.5,22870.5,22950.5,65197.441
2023-01-26T16:00:00Z,22950.5,23101.5,22851.5,23067.5,25883.381
2023-01-26T20:00:00Z,23067.5,23166,22960.5,23000.5,17891.716
2023-01-27T00:00:00Z,23000.5,23066.5,22518.5,22759,36801.212
2023-01-27T04:00:00Z,22759,23090,22749,23072,32173.377
2023-01-27T08:00:00Z,23072,23083,22900,22958.5,21754.387
2023-01-27T12:00:00Z,22958.5,23139,22835.5,22929,49804.698
2023-01-27T16:00:00Z,22929,23278.5,22919,23246.5,26406.227
2023-01-27T20:00:00Z,23246.5,23497.5,22943,23063.5,37516.172
2023-01-28T00:00:00Z,23063.5,23177,23036,23107.5,17143.041
2023-01-28T04:00:00Z,23107.5,23120.5,22945,22984,17137.935
2023-01-28T08:00:00Z,22984,23013.5,22900,22975,18374.325
2023-01-28T12:00:00Z,22975,23038,22870,23006,21241.432
2023-01-28T16:00:00Z,23006,23048,22965,23031,16610.227
2023-01-28T20:00:00Z,23031,23035,22934,23016.5,11664.441
2023-01-29T00:00:00Z,23016.5,23504,22962,23183,49188.344
2023-01-29T04:00:00Z,23183,23259.5,23144,23195.5,15934.77
2023-01-29T08:00:00Z,23195.5,23608.5,23149,23426.5,47423.891
2023-01-29T12:00:00Z,23426.5,23669,23346,23516,36710.085
2023-01-29T16:00:00Z,23516,23970,23467,23905,56934.531
2023-01-29T20:00:00Z,23905,23916,23619,23749,28125.014
2023-01-30T00:00:00Z,23749,23808,23580,23705.5,25988.41
2023-01-30T04:00:00Z,23705.5,23773,23607,23654,23052.31
2023-01-30T08:00:00Z,23654,23683,23016,23073,78900.978
2023-01-30T12:00:00Z,23073,23291.5,22962,23173.5,44219.012
2023-01-30T16:00:00Z,23173.5,23244,22601,22779.5,40458.824
2023-01-30T20:00:00Z,22779.5,22835.5,22485,22821.5,30595.374
2023-01-31T00:00:00Z,22821.5,22903,22716.5,22826,23352.123
2023-01-31T04:00:00Z,22826,22975,22733,22962,24026.1
2023-01-31T08:00:00Z,22962,22984,22802,22855.5,20643.044
2023-01-31T12:00:00Z,22855.5,23204,22843.5,23110,44731.244
2023-01-31T16:00:00Z,23110,23210,23070,23156,22761.941
2023-01-31T20:00:00Z,23156,23330,22802,23123,41971.449
2023-02-01T00:00:00Z,23123,23170,22981,23121,21340.272
2023-02-01T04:00:00Z,23121,23156,23009,23067,18879.106
2023-02-01T08:00:00Z,23067,23089.5,22912,23069.5,24078.316
2023-02-01T12:00:00Z,23069.5,23134.5,22936,22974,26948.737
2023-02-01T16:00:00Z,22974,23485,22750.5,23372.5,65324.235
2023-02-01T20:00:00Z,23372.5,23831,23313.5,23723,39527.149
2023-02-02T00:00:00Z,23723,24266,23687,23850,43018.059
2023-02-02T04:00:00Z,23850,23921.5,23658.5,23778,22603.578
2023-02-02T08:00:00Z,23778,23848,23747,23816.5,14290.741
2023-02-02T12:00:00Z,23816.5,23942.5,23522.5,23837,40250.2
2023-02-02T16:00:00Z,23837,24141.5,23720.5,23799,29216.693
2023-02-02T20:00:00Z,23799,23921,23354.5,23485.5,29999.039
2023-02-03T00:00:00Z,23485.5,23584,23411,23528.5,27515.885
2023-02-03T04:00:00Z,23528.5,23559.5,23443,23449.5,18659.014
2023-02-03T08:00:00Z,23449.5,23533.5,23325.5,23526,29414.356
2023-02-03T12:00:00Z,23526,23699.5,23223,23595.5,62414.445
2023-02-03T16:00:00Z,23595.5,23709,23300,23306,29038.684
2023-02-03T20:00:00Z,23306,23466,23200.5,23425,18919.486
2023-02-04T00:00:00Z,23425,23452,23328.5,23340.5,15615.925
2023-02-04T04:00:00Z,23340.5,23357.5,23250,23331.5,18101.427
2023-02-04T08:00:00Z,23331.5,23368,23290.5,23358.5,13598.416
2023-02-04T12:00:00Z,23358.5,23582,23337.5,23412,29720.266
2023-02-04T16:00:00Z,23412,23463.5,23354,23421,15879.171
2023-02-05T00:00:00Z,23317.5,23363,23223,23342,17842.635
2023-02-05T04:00:00Z,23342,23430,23325.5,23375.5,14735.115
2023-02-05T08:00:00Z,23375.5,23414,23339,23353,13723.132
2023-02-05T12:00:00Z,23353,23368,23000,23097.5,38948.383
2023-02-05T16:00:00Z,23097.5,23151,22749.5,22891.5,39040.625
2023-02-05T20:00:00Z,22891.5,23031,22793,22929,17134.573
2023-02-06T00:00:00Z,22929,23090,22819.5,22889.5,22131.195
2023-02-06T04:00:00Z,22889.5,22920,22610,22871,29760.93
2023-02-06T08:00:00Z,22871,22932,22726.5,22874,27412.645
2023-02-06T12:00:00Z,22874,23051,22740.5,23042.5,36414.583
2023-02-06T16:00:00Z,23042.5,23150,22916,23024,27454.014
2023-02-06T20:00:00Z,23024,23024.5,22629.5,22755,24742.964
2023-02-07T00:00:00Z,22755,22893.5,22740.5,22869.5,19094.737
2023-02-07T04:00:00Z,22869.5,22977,22857,22901.5,20093.747
2023-02-07T08:00:00Z,22901.5,23058,22856.5,22971,24964.434
2023-02-07T12:00:00Z,22971,23034.5,22870,22898.5,24649.9
2023-02-07T16:00:00Z,22898.5,23345.5,22760,23084,63625.697
2023-02-07T20:00:00Z,23084,23303.5,23022.5,23238,24196.501
2023-02-08T00:00:00Z,23238,23450,23221.5,23257,27255.98
2023-02-08T04:00:00Z,23257,23283.5,23176,23231.5,18264.527
2023-02-08T08:00:00Z,23231.5,23235,23126.5,23154,15565.484
2023-02-08T12:00:00Z,23154,23194,22853,22867,36038.46
2023-02-08T16:00:00Z,22867,23034.5,22664,22870.5,43047.432
2023-02-08T20:00:00Z,22870.5,22978.5,22767,22956,18629.087
2023-02-09T00:00:00Z,22956,23004.5,22429.5,22512,45490.391
2023-02-09T04:00:00Z,22512,22726,22353.5,22665.5,33023.914
2023-02-09T08:00:00Z,22665.5,22759,22655,22677,21150.986
2023-02-09T12:00:00Z,22677,22832.5,22548,22602.5,41181.362
2023-02-09T16:00:00Z,22602.5,22615.5,21866,22030,52845.757
2023-02-09T20:00:00Z,22030,22075,21693,21794,43431.864
2023-02-10T00:00:00Z,21794,21932,21761.5,21813,22927.939
2023-02-10T04:00:00Z,21813,21913.5,21615.5,21901,31095.468
2023-02-10T08:00:00Z,21901,21919,21706,21727.5,23695.476
2023-02-10T12:00:00Z,21727.5,21894,21503,21651,40460.646
2023-02-10T16:00:00Z,21651,21788,21549,21763.5,26533.001
2023-02-10T20:00:00Z,21763.5,21783,21435,21620.5,27738.682
2023-02-11T00:00:00Z,21620.5,21715.5,21596.5,21667.5,19715.714
2023-02-11T04:00:00Z,21667.5,21704,21633,21681,13993.549
2023-02-11T08:00:00Z,21681,21695,21649,21688,15077.088
2023-02-11T12:00:00Z,21688,21765.5,21652.5,21725,21266.973
2023-02-11T16:00:00Z,21725,21726,21610.5,21655,17437.931
2023-02-11T20:00:00Z,21655,21888,21638,21849,19476.997
2023-02-12T00:00:00Z,21849,21869,21752,21769.5,14421.42
2023-02-12T04:00:00Z,21769.5,21802.5,21753.5,21788.5,12067.347
2023-02-12T08:00:00Z,21788.5,21938.5,21788.5,21872,20989.685
2023-02-12T12:00:00Z,21872,21985.5,21751,21926,25405.886
2023-02-12T16:00:00Z,21926,22072.5,21898,21976,23680.889
2023-02-12T20:00:00Z,21976,22011,21621,21774,28078.755
2023-02-13T00:00:00Z,21774,21854.5,21621,21794,32591.325
2023-02-13T04:00:00Z,21794,21883.5,21783.5,21856,20031.024
2023-02-13T08:00:00Z,21856,21860,21411.5,21593.5,44394.602
2023-02-13T12:00:00Z,21593.5,21690,21551.5,21555,27321.979
2023-02-13T16:00:00Z,21555,21674.5,21340,21602,33100.575
2023-02-13T20:00:00Z,21602,21838,21558,21764,23030.284
2023-02-14T00:00:00Z,21764,21806.5,21672.5,21687,20637.478
2023-02-14T04:00:00Z,21687,21776,21675,21754.5,16371.347
2023-02-14T08:00:00Z,21754.5,21869,21661,21796,24776.387
2023-02-14T12:00:00Z,21796,22300,21529,22028.5,108040.068
2023-02-14T16:00:00Z,22028.5,22231.5,21913,22197.5,34348.243
2023-02-14T20:00:00Z,22197.5,22265.5,22111,22185.5,20845.878
2023-02-15T00:00:00Z,22185.5,22185.5,22032,22089,17169.939
2023-02-15T04:00:00Z,22089,22155,22062.5,22100.5,18367.356
2023-02-15T08:00:00Z,22100.5,22494.5,22076.5,22439,35093.655
2023-02-15T12:00:00Z,22439,22899.5,22438.5,22810.5,69043.738
2023-02-15T16:00:00Z,22810.5,23355.5,22742.5,23316,54640.278
2023-02-15T20:00:00Z,23316,24406.5,23291.5,24340,71537.47
2023-02-16T00:00:00Z,24340,24937.5,24294,24746.5,46633.624
2023-02-16T04:00:00Z,24746.5,24767,24460.5,24631,28821.153
2023-02-16T08:00:00Z,24631,24680,24526.5,24587.5,20012.101
2023-02-16T12:00:00Z,24587.5,25081,24319.5,25074.5,67727.361
2023-02-16T16:00:00Z,25074.5,25255,24621,24868,59553.234
2023-02-16T20:00:00Z,24868,24868,23516.5,23520,62496.337
2023-02-17T00:00:00Z,23520,23905.5,23351,23833,37793.946
2023-02-17T04:00:00Z,23833,23876,23611.5,23637.5,27421.917
2023-02-17T08:00:00Z,23637.5,23862,23531,23790.5,30655.371
2023-02-17T12:00:00Z,23790.5,24270,23696.5,24123,71659.249
2023-02-17T16:00:00Z,24123,24555,23907.5,24519.5,65150.48
2023-02-17T20:00:00Z,24519.5,25031,24050,24574.5,64215.626
2023-02-18T00:00:00Z,24574.5,24783,24514,24614,23109.107
2023-02-18T04:00:00Z,24614,24681.5,24431.5,24513.5,19514.415
2023-02-18T08:00:00Z,24513.5,24600,24434.5,24517,18014.144
2023-02-18T12:00:00Z,24517,24733,24485.5,24661.5,20734.975
2023-02-18T16:00:00Z,24661.5,24878.5,24560,24602.5,25758.308
2023-02-18T20:00:00Z,24602.5,24659,24512.5,24630,15247.797
2023-02-19T00:00:00Z,24630,24764,24619.5,24675.5,15872.613
2023-02-19T04:00:00Z,24675.5,24848,24558.5,24572.5,22042.823
2023-02-19T08:00:00Z,24572.5,24700,24553.5,24663.5,17362.742
2023-02-19T12:00:00Z,24663.5,25047,24650,24919.5,36829.86
2023-02-19T16:00:00Z,24919.5,25187,24272,24508,69133.051
2023-02-19T20:00:00Z,24508,24566.5,24186,24262.5,28693.453
2023-02-20T00:00:00Z,24262.5,24461.5,23830,24408.5,44754.299
2023-02-20T04:00:00Z,24408.5,24541,24393.5,24502.5,24115.404
2023-02-20T08:00:00Z,24502.5,24989.5,24371.5,24901.5,53044.913
2023-02-20T12:00:00Z,24901.5,25138,24732.5,24954.5,47430.913
2023-02-20T16:00:00Z,24954.5,24965,24630,24872.5,33018.117
2023-02-20T20:00:00Z,24872.5,24883,24650,24840.5,15912.512
2023-02-21T00:00:00Z,24840.5,25106,24781.5,24921.5,29694.748
2023-02-21T04:00:00Z,24921.5,25041.5,24850,24993,22018.13
2023-02-21T08:00:00Z,24993,25283.5,24543.5,24566.5,71548.856
2023-02-21T12:00:00Z,24566.5,24777,24386.5,24550.5,42572.149
2023-02-21T16:00:00Z,24550.5,24742,24270,24601,40223.977
2023-02-21T20:00:00Z,24601,24633.5,24142.5,24442,31460.648
2023-02-22T00:00:00Z,24442,24464.5,23851,24191.5,44238.567
2023-02-22T04:00:00Z,24191.5,24211,23926,24054.5,30168.943
2023-02-22T08:00:00Z,24054.5,24199,23861.5,24152,32681.197
2023-02-22T12:00:00Z,24152,24221,23625.5,23714,55084.169
2023-02-22T16:00:00Z,23714,23965,23566,23782,44857.827
2023-02-22T20:00:00Z,23782,24207,23729,24170,25015.358
2023-02-23T00:00:00Z,24170,24585.5,24116,24443.5,39151.99
2023-02-23T04:00:00Z,24443.5,24513.5,24303.5,24367,24482.989
2023-02-23T08:00:00Z,24367,24482,23640.5,23769.5,55679.156
2023-02-23T12:00:00Z,23769.5,24217.5,23596,23940.5,70677.463
2023-02-23T16:00:00Z,23940.5,24045.5,23712.5,23966,35260.766
2023-02-23T20:00:00Z,23966,24063,23748,23927.5,19657.433
2023-02-24T00:00:00Z,23927.5,24119,23883,23944,23313.653
2023-02-24T04:00:00Z,23944,23972.5,23762.5,23824.5,26029.379
2023-02-24T08:00:00Z,23824.5,23959.5,23753,23876,23732.184
2023-02-24T12:00:00Z,23876,24014,23323,23340,60858.227
2023-02-24T16:00:00Z,23340,23341.5,22824.5,23168.5,53018.874
2023-02-24T20:00:00Z,23168.5,23319,22966,23178.5,23856.96
2023-02-25T00:00:00Z,23178.5,23207,23040.5,23067.5,19279.457
2023-02-25T04:00:00Z,23067.5,23115.5,23013.5,23106.5,19150.692
2023-02-25T08:00:00Z,23106.5,23142.5,22903,22975.5,24298.843
2023-02-25T12:00:00Z,22975.5,23075,22856.5,22997,26131.463
2023-02-25T16:00:00Z,22997,23078,22907,22978,23107.436
2023-02-25T20:00:00Z,22978,23176,22712,23147.5,27720.11
2023-02-26T00:00:00Z,23147.5,23239.5,23055,23205.5,22663.542
2023-02-26T04:00:00Z,23205.5,23214,23085,23140,17611.635
2023-02-26T08:00:00Z,23140,23281,23104.5,23240,19948.458
2023-02-26T12:00:00Z,23240,23313,23116.5,23240,23553.196
2023-02-26T16:00:00Z,23240,23528.5,23131,23489,31312.586
2023-02-26T20:00:00Z,23489,23670,23312.5,23544.5,29431.752
2023-02-27T00:00:00Z,23544.5,23628,23423,23541,22766.217
2023-02-27T04:00:00Z,23541,23541.5,23342.5,23408.5,23841.992
2023-02-27T08:00:00Z,23408.5,23440,23328.5,23417.5,18034.365
2023-02-27T12:00:00Z,23417.5,23890,23374.5,23543,52253.427
2023-02-27T16:00:00Z,23543,23599,23141.5,23263.5,44651.338
2023-02-27T20:00:00Z,23263.5,23565,23098,23480.5,25190.306
2023-02-28T00:00:00Z,23480.5,23534,23337.5,23444.5,19214.075
2023-02-28T04:00:00Z,23444.5,23448,23207,23221.5,21452.709
2023-02-28T08:00:00Z,23221.5,23409,23195,23380,22584.378
2023-02-28T12:00:00Z,23380,23558,23305.5,23509,37237.686
2023-02-28T16:00:00Z,23509,23594.5,23198,23244.5,29249.442
2023-02-28T20:00:00Z,23244.5,23329,23013,23119,30886.608
2023-03-01T00:00:00Z,23119,23478.5,23012,23424.5,35299.923
2023-03-01T04:00:00Z,23424.5,23848.5,23408,23716,39355.589
2023-03-01T08:00:00Z,23716,24008,23677.5,23743,31902.693
2023-03-01T12:00:00Z,23743,23888,23569,23709.5,42336.347
2023-03-01T16:00:00Z,23709.5,23746,23330.5,23360.5,30522.325
2023-03-01T20:00:00Z,23360.5,23678,23305,23637,22956.798
2023-03-02T00:00:00Z,23637,23796,23417,23488,27802.598
2023-03-02T04:00:00Z,23488,23530.5,23330,23384,24750.772
2023-03-02T08:00:00Z,23384,23459.5,23333,23408.5,23145.391
2023-03-02T12:00:00Z,23408.5,23422.5,23189,23350,36086.984
2023-03-02T16:00:00Z,23350,23495,23222,23459.5,23524.254
2023-03-02T20:00:00Z,23459.5,23550,23376,23453.5,22764.545
2023-03-03T00:00:00Z,23453.5,23462.5,21934.5,22312.5,81861.973
2023-03-03T04:00:00Z,22312.5,22396.5,22246,22347.5,20147.542
2023-03-03T08:00:00Z,22347.5,22462.5,22293,22335.5,20265.801
2023-03-03T12:00:00Z,22335.5,22487.5,22150.5,22326.5,34397.665
2023-03-03T16:00:00Z,22326.5,22431,22215,22344.5,18383.021
2023-03-03T20:00:00Z,22344.5,22361.5,22136.5,22341,22529.796
2023-03-04T00:00:00Z,22341,22373.5,22315,22336,14454.821
2023-03-04T04:00:00Z,22336,22393,22259.5,22345.5,19928.325
2023-03-04T08:00:00Z,22345.5,22363,22314.5,22335.5,13691.714
2023-03-04T12:00:00Z,22335.5,22382,22298.5,22309.5,15289.318
2023-03-04T16:00:00Z,22309.5,22332.5,22218,22238.5,15655.716
2023-03-04T20:00:00Z,22238.5,22347,22150,22332,18118.427
2023-03-05T00:00:00Z,22332,22643.5,22173,22370.5,41831.234
2023-03-05T04:00:00Z,22370.5,22450,22350.5,22360,16130.305
2023-03-05T08:00:00Z,22360,22433.5,22304,22376,18410.654
2023-03-05T12:00:00Z,22376,22476,22375,22422,16488.021
2023-03-05T16:00:00Z,22422,22440,22353,22387.5,13684.954
2023-03-05T20:00:00Z,22387.5,22547,22308.5,22410,21922.186
2023-03-06T00:00:00Z,22410,22491,22243,22371,24322.394
2023-03-06T04:00:00Z,22371,22416.5,22300.5,22377.5,15808.007
2023-03-06T08:00:00Z,22377.5,22433,22343,22365.5,15560.422
2023-03-06T12:00:00Z,22365.5,22583,22344,22534.5,24353.368
2023-03-06T16:00:00Z,22534.5,22566,22346,22379.5,25181.494
2023-03-06T20:00:00Z,22379.5,22428.5,22306,22392.5,16272.604
2023-03-07T00:00:00Z,22392.5,22539,22366,22442.5,19823.036
2023-03-07T04:00:00Z,22442.5,22462,22400,22402.5,16236.685
2023-03-07T08:00:00Z,22402.5,22414,22311,22334,19546.691
2023-03-07T12:00:00Z,22334,22477,21917.5,22305.5,69578.403
2023-03-07T16:00:00Z,22305.5,22376,22050.5,22118,35337.625
2023-03-07T20:00:00Z,22118,22212.5,21932,22183,29375.032
2023-03-08T00:00:00Z,22183,22272,22072.5,22137.5,22362.286
2023-03-08T04:00:00Z,22137.5,22151.5,21840,21957,32272.741
2023-03-08T08:00:00Z,21957,22126.5,21932.5,22058,21958.951
2023-03-08T12:00:00Z,22058,22217.5,21873,22124.5,45862.688
2023-03-08T16:00:00Z,22124.5,22202.5,21936,21988.5,23943.692
2023-03-08T20:00:00Z,21988.5,22120,21563,21703,39492.182
2023-03-09T00:00:00Z,21703,21796.5,21630,21761,22045.315
2023-03-09T04:00:00Z,21761,21762.5,21660,21680,18530.547
2023-03-09T08:00:00Z,21680,21696.5,21525,21668,29724.729
2023-03-09T12:00:00Z,21668,21825.5,21549.5,21634,40466.09
2023-03-09T16:00:00Z,21634,21666.5,20755,20848.5,82947.069
2023-03-09T20:00:00Z,20848.5,20864,20020,20349.5,76921.117
2023-03-10T00:00:00Z,20349.5,20352,19761,20039.5,59915.435
2023-03-10T08:00:00Z,19939,19963.5,19542,19749.5,47084.722
2023-03-10T12:00:00Z,19749.5,20289.5,19645,19990.5,90809.565
2023-03-10T16:00:00Z,19990.5,20293,19816,20014,47020.836
2023-03-10T20:00:00Z,20014,20224.5,19845,20139.5,27832.193
2023-03-11T00:00:00Z,20139.5,20665,20125,20381,55295.077
2023-03-11T04:00:00Z,20381,20418.5,19816,19848,42587.584
2023-03-11T08:00:00Z,19848,20194,19763,20080,42446.886
2023-03-11T12:00:00Z,20080,20208.5,20022,20055,25595.503
2023-03-11T16:00:00Z,20055,20314.5,19990,20221.5,30829.205
2023-03-11T20:00:00Z,20221.5,20530,20218.5,20460.5,30648.34
2023-03-12T00:00:00Z,20460.5,20500,20314,20378,29985.599
2023-03-12T04:00:00Z,20378,20450,20276.5,20350,22385.926
2023-03-12T08:00:00Z,20350,20490.5,20335.5,20445.5,23710.246
2023-03-12T12:00:00Z,20445.5,20463,20290,20362.5,24266.3
2023-03-12T16:00:00Z,20362.5,21347,20348.5,20779.5,75539.463
2023-03-12T20:00:00Z,20779.5,22146.5,20762,21994.5,79707.932
2023-03-13T00:00:00Z,21994.5,22595,21876,22229,59140.295
2023-03-13T04:00:00Z,22229,22495.5,22222,22461,31263.178
2023-03-13T08:00:00Z,22461,22542,21813.5,22102,53948.606
2023-03-13T12:00:00Z,22102,24522,21962.5,24011,152231.02
2023-03-13T16:00:00Z,24011,24435,23773,24319.5,45519.887
2023-03-13T20:00:00Z,24319.5,24347.5,23944.5,24116.5,25214.995
2023-03-14T00:00:00Z,24116.5,24500,23990,24368.5,33820.812
2023-03-14T04:00:00Z,24368.5,24845,24152,24255,39851.45
2023-03-14T08:00:00Z,24255,24835,24131,24752.5,39137.769
2023-03-14T12:00:00Z,24752.5,26483,24513.5,25923.5,128222.392
2023-03-14T16:00:00Z,25923.5,26021,24255.5,25069,67296.619
2023-03-14T20:00:00Z,25069,25184.5,23973.5,24689.5,51214.717
2023-03-15T00:00:00Z,24689.5,25098.5,24326,24744,37426.27
2023-03-15T04:00:00Z,24744,24943,24632.5,24895.5,28587.657
2023-03-15T08:00:00Z,24895.5,24945,24287,24776.5,43953.7
2023-03-15T12:00:00Z,24776.5,25199,24385,24483,89541.807
2023-03-15T16:00:00Z,24483,24525,23900,24378.5,50364.512
2023-03-15T20:00:00Z,24378.5,24648,24234,24292.5,22854.996
2023-03-16T00:00:00Z,24292.5,24444.5,24138,24280.5,25138.286
2023-03-16T04:00:00Z,24280.5,24681.5,24200,24621,35871.187
2023-03-16T08:00:00Z,24621,25076.5,24384,24827,40688.193
2023-03-16T12:00:00Z,24827,25032,24523.5,24888.5,46935.672
2023-03-16T16:00:00Z,24888.5,25175.5,24621,24952.5,29165.94
2023-03-16T20:00:00Z,24952.5,25095.5,24625,24998,25359.946
2023-03-17T00:00:00Z,24998,25898,24885.5,25774,53403.269
2023-03-17T04:00:00Z,25774,26211,25656,26054.5,42463.474
2023-03-17T08:00:00Z,26054.5,26975,25919.5,26921.5,64863.477
2023-03-17T12:00:00Z,26921.5,26939.5,26128.5,26420,55758.755
2023-03-17T16:00:00Z,26420,26859,26269,26832.5,36749.802
2023-03-17T20:00:00Z,26832.5,27766,26581,27391.5,58518.117
2023-03-18T00:00:00Z,27391.5,27730,27060,27301.5,34105.787
2023-03-18T04:00:00Z,27301.5,27609,27217,27360,26295.562
2023-03-18T08:00:00Z,27360,27507,27058.5,27450,29373.032
2023-03-18T12:00:00Z,27450,27656,27058,27228.5,33714.87
2023-03-18T16:00:00Z,27228.5,27498,26574,27332,42124.513
2023-03-18T20:00:00Z,27332,27457,26804,26914,25681.64
2023-03-19T00:00:00Z,26914,27244.5,26912.5,27200,22707.324
2023-03-19T04:00:00Z,27200,27285.5,26832.5,26975.5,29513.694
2023-03-19T08:00:00Z,26975.5,27199,26880.5,27161,24196.97
2023-03-19T12:00:00Z,27161,27761.5,27109,27550,39040.083
2023-03-19T16:00:00Z,27550,28380.5,27470,28252,47790.05
2023-03-19T20:00:00Z,28252,28396,27740,27960.5,34346.377
2023-03-20T00:00:00Z,27960.5,28054.5,27133.5,27275.5,39825.968
2023-03-20T04:00:00Z,27275.5,28263.5,27153,28178.5,42538.714
2023-03-20T08:00:00Z,28178.5,28477.5,27925,28187,42049.07
2023-03-20T12:00:00Z,28187,28255,27611,27689,46184.426
2023-03-20T16:00:00Z,27689,28042,27455,27776,38342.127
2023-03-20T20:00:00Z,27776,28191,27580,27713.5,23156.927
2023-03-21T00:00:00Z,27713.5,27944,27664.5,27778.5,20508.476
2023-03-21T04:00:00Z,27778.5,27958.5,27303,27500.5,35627.065
2023-03-21T08:00:00Z,27500.5,28176,27390,28036.5,41560.116
2023-03-21T12:00:00Z,28036.5,28248,27722,28036,34475.282
2023-03-21T16:00:00Z,28036,28452,27931,28119,31342.018
2023-03-21T20:00:00Z,28119,28205.5,27906,28098.5,22008.617
2023-03-22T00:00:00Z,28098.5,28284.5,27942,28151,23191.213
2023-03-22T04:00:00Z,28151,28289,28022,28093,20324.056
2023-03-22T08:00:00Z,28093,28208,27987,28122.5,23773.834
2023-03-22T12:00:00Z,28122.5,28744,28104,28591,44704.136
2023-03-22T16:00:00Z,28591,28876.5,26639.5,26669,103586.939
2023-03-22T20:00:00Z,26669,27428,26603.5,27242.5,35408.519
2023-03-23T00:00:00Z,27242.5,27421,27113.5,27354,22487.195
2023-03-23T04:00:00Z,27354,27688,27254.5,27630,25651.755
2023-03-23T08:00:00Z,27630,27737.5,27435.5,27582,26402.597
2023-03-23T12:00:00Z,27582,28775.5,27280.5,28585.5,62881.469
2023-03-23T16:00:00Z,28585.5,28650,27767,28372.5,40786.936
2023-03-23T20:00:00Z,28372.5,28442,27960,28290,25349.575
2023-03-24T00:00:00Z,28290,28366,28129.5,28218,22238.313
2023-03-24T04:00:00Z,28218,28344.5,28099,28275,24913.044
2023-03-24T08:00:00Z,28275,28298.5,27328,27580,35383.589
2023-03-24T12:00:00Z,27580,28258,27545,28007.5,48098.061
2023-03-24T16:00:00Z,28007.5,28045,27513.5,27820.5,26054.143
2023-03-24T20:00:00Z,27820.5,27861.5,26980,27447.5,33416.576
2023-03-25T00:00:00Z,27447.5,27659.5,27416.5,27574,20976.52
2023-03-25T04:00:00Z,27574,27607,27369,27482.5,19414.05
2023-03-25T08:00:00Z,27482.5,27532,27313.5,27456,17499.306
2023-03-25T12:00:00Z,27456,27796,27358.5,27642.5,27929.248
2023-03-25T16:00:00Z,27642.5,27728.5,27155,27187.5,25040.89
2023-03-25T20:00:00Z,27187.5,27522.5,27155.5,27455,15055.459
2023-03-26T00:00:00Z,27455,27646,27411.5,27523.5,17769.168
2023-03-26T04:00:00Z,27523.5,27566.5,27459.5,27500,15908.57
2023-03-26T08:00:00Z,27500,27922.5,27482,27856,23154.335
2023-03-26T12:00:00Z,27856,28200,27694,27802,36680.641
2023-03-26T16:00:00Z,27802,27934,27637,27822,16571.988
2023-03-26T20:00:00Z,27822,28150.5,27675,27963,22301.489
2023-03-27T00:00:00Z,27963,28021.5,27773,27886,19267.649
2023-03-27T04:00:00Z,27886,27932.5,27663.5,27799,19712.222
2023-03-27T08:00:00Z,27799,27992.5,27765.5,27888.5,20177.547
2023-03-27T12:00:00Z,27888.5,27920.5,26500,26896.5,61853.695
2023-03-27T16:00:00Z,26896.5,27304,26851.5,26964.5,26099.12
2023-03-27T20:00:00Z,26964.5,27248,26877.5,27118.5,18393.328
2023-03-28T00:00:00Z,27118.5,27169,26812,26967,25136.796
2023-03-28T04:00:00Z,26967,27138,26880,26969,22100.455
2023-03-28T08:00:00Z,26969,27151.5,26630,27053,32052.843
2023-03-28T12:00:00Z,27053,27205,26828,26996.5,31969.308
2023-03-28T16:00:00Z,26996.5,27509,26752,27413.5,31591.425
2023-03-28T20:00:00Z,27413.5,27485.5,27090,27256,19075.389
2023-03-29T00:00:00Z,27256,27468,27234,27363,18190.349
2023-03-29T04:00:00Z,27363,28189.5,27342.5,28086,42465.675
2023-03-29T08:00:00Z,28086,28654,28041.5,28357.5,39785.41
2023-03-29T12:00:00Z,28357.5,28599,28235,28437.5,32480.612
2023-03-29T16:00:00Z,28437.5,28450,28135.5,28402.5,21869.013
2023-03-29T20:00:00Z,28402.5,28508,28212,28343.5,19488.725
2023-03-30T00:00:00Z,28343.5,29185,28088.5,28483.5,50839.207
2023-03-30T04:00:00Z,28483.5,28782,28450,28719,23542.427
2023-03-30T08:00:00Z,28719,28743.5,28487.5,28640,19934.861
2023-03-30T12:00:00Z,28640,28691.5,28159,28299,36204.196
2023-03-30T16:00:00Z,28299,28299.5,27684.5,27976,37712.23
2023-03-30T20:00:00Z,27976,28188,27785.5,28021,21183.465
2023-03-31T00:00:00Z,28021,28376.5,27914,28169,24611.838
2023-03-31T04:00:00Z,28169,28211.5,27508.5,27745,31843.836
2023-03-31T08:00:00Z,27745,27992.5,27687.5,27923.5,19274.948
2023-03-31T12:00:00Z,27923.5,28659.5,27868.5,28492.5,40876.004
2023-03-31T16:00:00Z,28492.5,28539,28248.5,28460,21589.827
2023-03-31T20:00:00Z,28460,28635,28333.5,28463,19498.194
2023-04-01T00:00:00Z,28463,28835,28406.5,28536.5,23329.541
2023-04-01T04:00:00Z,28536.5,28616.5,28344,28425.5,19464.226
2023-04-01T08:00:00Z,28425.5,28483.5,28360,28372,17541.544
2023-04-01T12:00:00Z,28372,28441,28216.5,28399,17391.453
2023-04-01T16:00:00Z,28399,28434,28272.5,28378,16686.292
2023-04-01T20:00:00Z,28378,28579,28377,28453,12864.083
2023-04-02T00:00:00Z,28453,28529,28351,28472.5,16626.081
2023-04-02T04:00:00Z,28472.5,28490.5,28377.5,28415,15598.747
2023-04-02T08:00:00Z,28415,28441.5,28305,28352.5,18007.084
2023-04-02T12:00:00Z,28352.5,28359.5,28035,28127.5,29157.487
2023-04-02T16:00:00Z,28127.5,28233,27850,27944.5,23042.837
2023-04-02T20:00:00Z,27944.5,28200,27854,28167,17159.952
2023-04-03T00:00:00Z,28167,28177.5,27565,27746.5,29312.112
2023-04-03T04:00:00Z,27746.5,27957,27581.5,27955.5,21464.355
2023-04-03T08:00:00Z,27955.5,28534.5,27954.5,28253,38667.931
2023-04-03T12:00:00Z,28253,28372.5,27940,28041.5,31416.336
2023-04-03T16:00:00Z,28041.5,28239,27880,28080.5,19800.415
2023-04-03T20:00:00Z,28080.5,28091.5,27187.5,27798,36753.403
2023-04-04T00:00:00Z,27798,27960.5,27667,27847.5,19994.394
2023-04-04T04:00:00Z,27847.5,28148,27772,28020,22669.2
2023-04-04T08:00:00Z,28020,28447,27925.5,28280.5,26576.791
2023-04-04T12:00:00Z,28280.5,28393,27951.5,28023.5,28683.811
2023-04-04T16:00:00Z,28023.5,28253.5,27967.5,28184,18183.779
2023-04-04T20:00:00Z,28184,28302,28075,28159.5,17076.138
2023-04-05T00:00:00Z,28159.5,28783.5,28096,28544,32556.923
2023-04-05T04:00:00Z,28544,28622.5,28450,28525,17001.932
2023-04-05T08:00:00Z,28525,28601.5,28443.5,28555,17173.475
2023-04-05T12:00:00Z,28555,28750,27849.5,28023.5,46821.242
2023-04-05T16:00:00Z,28023.5,28307,27800,28233.5,24759.051
2023-04-05T20:00:00Z,28233.5,28297.5,28126,28166.5,14393.504
2023-04-06T00:00:00Z,28166.5,28175,27867.5,28124,22764.522
2023-04-06T04:00:00Z,28124,28126,27890,27890,19251.654
2023-04-06T08:00:00Z,27890,28011,27680,27922.5,27433.003
2023-04-06T12:00:00Z,27922.5,28165,27727.5,28069.5,32438.376
2023-04-06T16:00:00Z,28069.5,28144.5,27931.5,27999,15833.436
2023-04-06T20:00:00Z,27999,28106,27869.5,28014,17738.86
2023-04-07T00:00:00Z,28014,28085.5,27907,28018,16015.942
2023-04-07T04:00:00Z,28018,28046.5,27753.5,27820,17856.122
2023-04-07T08:00:00Z,27820,27941.5,27772.5,27820.5,23838.213
2023-04-07T12:00:00Z,27820.5,27969.5,27774.5,27923,20902.132
2023-04-07T16:00:00Z,27923,27933.5,27841,27876.5,12579.119
2023-04-07T20:00:00Z,27876.5,27963.5,27820.5,27880,11463.896
2023-04-08T00:00:00Z,27880,28047.5,27844,28000,13621.154
2023-04-08T04:00:00Z,28000,28141,27950,28066.5,18361.822
2023-04-08T08:00:00Z,28066.5,28100.5,27975.5,27995.5,15500.803
2023-04-08T12:00:00Z,27995.5,28033,27930,27997,14728.657
2023-04-08T16:00:00Z,27997,28002.5,27849.5,27898,14715.685
2023-04-08T20:00:00Z,27898,27966.5,27864,27919,13743.414
2023-04-09T00:00:00Z,27919,28066.5,27906.5,28005.5,12864.121
2023-04-09T04:00:00Z,28005.5,28045.5,27827,27887,15735.18
2023-04-09T08:00:00Z,27887,27918.5,27770,27912.5,13518.906
2023-04-09T12:00:00Z,27912.5,27949,27768.5,27869.5,16252.964
2023-04-09T16:00:00Z,27869.5,28255.5,27853.5,28117.5,20097.899
2023-04-09T20:00:00Z,28117.5,28517,28068.5,28314.5,25999.398
2023-04-10T00:00:00Z,28314.5,28417,28226.5,28262.5,14753.948
2023-04-10T04:00:00Z,28262.5,28298,28180.5,28262.5,14354.637
2023-04-10T08:00:00Z,28262.5,28350,28258,28285.5,15236.888
2023-04-10T12:00:00Z,28285.5,28555.5,28149.5,28415,24416.786
2023-04-10T16:00:00Z,28415,29293.5,28363.5,29155,53016.465
2023-04-10T20:00:00Z,29155,29855,29063.5,29637,31718.87
2023-04-11T00:00:00Z,29637,30446,29588.5,30113,51417.003
2023-04-11T04:00:00Z,30113,30168,29801.5,30107.5,22705.755
2023-04-11T08:00:00Z,30107.5,30147,29979,30059.5,18763.452
2023-04-11T12:00:00Z,30059.5,30283,29967.5,30189,30413.845
2023-04-11T16:00:00Z,30189,30566,30029.5,30132,29093.262
2023-04-11T20:00:00Z,30132,30274,29933,30195.5,22507.034
2023-04-12T00:00:00Z,30195.5,30356,29832.5,29926.5,28798.35
2023-04-12T04:00:00Z,29926.5,30068,29847.5,29991,16879.36
2023-04-12T08:00:00Z,29991,30050,29892,30014.5,14288.805
2023-04-12T16:00:00Z,29965.5,30090.5,29758.5,29797,20929.803
2023-04-12T20:00:00Z,29797,29978,29774.5,29885,17262.926
2023-04-13T00:00:00Z,29885,30218,29853.5,30069,17494.332
2023-04-13T04:00:00Z,30069,30124.5,29993.5,30065.5,16247.038
2023-04-13T08:00:00Z,30065.5,30377,30035,30163,23893.308
2023-04-13T12:00:00Z,30163,30599.5,30137.5,30438,38530.548
2023-04-13T16:00:00Z,30438,30549,30264,30328,21783.706
2023-04-13T20:00:00Z,30328,30392.5,30196.5,30373.5,16583.015
2023-04-14T00:00:00Z,30373.5,30935.5,30309,30699.5,36267.103
2023-04-14T04:00:00Z,30699.5,31061.5,30674.5,30753.5,24521.683
2023-04-14T08:00:00Z,30753.5,30828.5,30664.5,30800,16973.411
2023-04-14T12:00:00Z,30800,30857,30092.5,30237,43689.597
2023-04-14T16:00:00Z,30237,30330,29950,30301.5,26500.943
2023-04-14T20:00:00Z,30301.5,30490.5,30251.5,30435,16316.863
2023-04-15T00:00:00Z,30435,30579.5,30259,30357,16212.253
2023-04-15T04:00:00Z,30357,30453.5,30326.5,30412,12139.522
2023-04-15T08:00:00Z,30412,30447.5,30346.5,30368.5,13157.681
2023-04-15T12:00:00Z,30368.5,30424.5,30269,30311,17178.243
2023-04-15T16:00:00Z,30311,30332.5,30182,30316.5,14294.975
2023-04-15T20:00:00Z,30316.5,30347,30226.5,30281.5,13039.906
2023-04-16T00:00:00Z,30281.5,30303.5,30105,30240,14272.828
2023-04-16T04:00:00Z,30240,30374,30235.5,30323.5,12611.145
2023-04-16T08:00:00Z,30323.5,30338,30206,30216,13285.821
2023-04-16T12:00:00Z,30216,30350.5,30149,30316.5,15094.685
2023-04-16T16:00:00Z,30316.5,30550,30253,30292.5,17911.251
2023-04-16T20:00:00Z,30292.5,30393,30165.5,30285.5,15999.483
2023-04-17T00:00:00Z,30285.5,30298,29724,29960.5,30631.1
2023-04-17T04:00:00Z,29960.5,29988,29833.5,29837.5,17918.657
2023-04-17T08:00:00Z,29837.5,29913,29320,29554.5,29468.286
2023-04-17T12:00:00Z,29554.5,29590,29222.5,29350.5,30362.5
2023-04-17T16:00:00Z,29350.5,29572,29316,29459.5,19478.042
2023-04-17T20:00:00Z,29459.5,29522,29371.5,29414.5,15628.789
2023-04-18T00:00:00Z,29414.5,29496.5,29085,29429,25134.134
2023-04-18T04:00:00Z,29429,29783.5,29424,29751.5,23885.629
2023-04-18T08:00:00Z,29751.5,30368,29672.5,30365,38641.952
2023-04-18T12:00:00Z,30365,30470,30085,30164,36527.706
2023-04-18T16:00:00Z,30164,30262,29928,30207.5,20454.197
2023-04-18T20:00:00Z,30207.5,30451,30142,30365.5,16116.362
2023-04-19T00:00:00Z,30365.5,30394,30105,30193.5,16804.251
2023-04-19T04:00:00Z,30193.5,30310,29960,30061,22757.304
2023-04-19T08:00:00Z,30061,30061,28926.5,29296.5,58956.155
2023-04-19T12:00:00Z,29296.5,29483,29073,29246.5,28607.221
2023-04-19T16:00:00Z,29246.5,29363,29076,29208,20220.803
2023-04-19T20:00:00Z,29208,29295.5,28553,28795.5,42434.178
2023-04-20T00:00:00Z,28795.5,28981.5,28529,28835.5,24007.22
2023-04-20T04:00:00Z,28835.5,29068.5,28804.5,28851.5,19174.587
2023-04-20T08:00:00Z,28851.5,28940,28573.5,28594,23104.425
2023-04-20T12:00:00Z,28594,28931.5,28319,28494.5,39995.709
2023-04-20T16:00:00Z,28494.5,28641.5,27981,28098.5,39544.39
2023-04-20T20:00:00Z,28098.5,28356,28000,28230.5,18033.456
2023-04-21T00:00:00Z,28230.5,28360,28082,28306.5,19900.014
2023-04-21T04:00:00Z,28306.5,28335,27800.5,28144,34805.315
2023-04-21T08:00:00Z,28144,28221,27910.5,28050,20161.967
2023-04-21T12:00:00Z,28050,28290,27956.5,28030,25836.796
2023-04-21T16:00:00Z,28030,28082,27179.5,27275,45016.268
2023-04-21T20:00:00Z,27275,27404,27122,27255,25063.102
2023-04-22T00:00:00Z,27255,27356.5,27129.5,27307.5,18245.843
2023-04-22T04:00:00Z,27307.5,27385,27205.5,27268,14362.405
2023-04-22T08:00:00Z,27268,27306.5,27177,27271.5,16553.379
2023-04-22T12:00:00Z,27271.5,27545,27212.5,27470.5,25941.644
2023-04-22T16:00:00Z,27470.5,27765,27465,27600,22805.006
2023-04-22T20:00:00Z,27600,27868,27550,27793,17018.906
2023-04-23T00:00:00Z,27793,27795,27410,27546,22848.013
2023-04-23T04:00:00Z,27546,27732.5,27517,27698,16265.146
2023-04-23T08:00:00Z,27698,27748.5,27461,27625.5,20252.458
2023-04-23T12:00:00Z,27625.5,27717,27299.5,27453.5,24469.682
2023-04-23T16:00:00Z,27453.5,27670.5,27314,27440,21272.849
2023-04-23T20:00:00Z,27440,27635,27381.5,27570.5,13589.261
2023-04-24T00:00:00Z,27570.5,27980,27413.5,27771,32985.448
2023-04-24T04:00:00Z,27771,27775,27335,27438,26692.522
2023-04-24T08:00:00Z,27438,27535.5,27142.5,27529.5,32339.425
2023-04-24T12:00:00Z,27529.5,27692,27205,27250,34055.83
2023-04-24T16:00:00Z,27250,27564,26941.5,27364.5,33565.482
2023-04-24T20:00:00Z,27364.5,27540.5,27304,27489.5,15319.622
2023-04-25T00:00:00Z,27489.5,27576,27306,27331,21193.105
2023-04-25T04:00:00Z,27331,27440.5,27222.5,27250,17614.434
2023-04-25T08:00:00Z,27250,27420,27177,27368.5,23457.457
2023-04-25T12:00:00Z,27368.5,27455,27195.5,27323,24493.263
2023-04-25T16:00:00Z,27323,27760,27298,27589,26836.524
2023-04-25T20:00:00Z,27589,28373,27589,28275,42435.299
2023-04-26T00:00:00Z,28275,28458,28232,28291,24792.14
2023-04-26T04:00:00Z,28291,28577.5,28285.5,28361,24608.363
2023-04-26T08:00:00Z,28361,29146,28350.5,28949.5,54732.603
2023-04-26T12:00:00Z,28949.5,30034.5,28949.5,29800,69717.103
2023-04-26T16:00:00Z,29800,29886.5,27684,27888.5,60409.629
2023-04-26T20:00:00Z,27888.5,28727,27218,28395,64330.654
2023-04-27T00:00:00Z,28395,29466,28361,28866.5,47860.808
2023-04-27T04:00:00Z,28866.5,29263.5,28613,28871,31039.757
2023-04-27T08:00:00Z,28871,29126.5,28760,28916,25483.002
2023-04-27T12:00:00Z,28916,29562.5,28644,29124.5,50086.839
2023-04-27T16:00:00Z,29124.5,29879.5,28992,29650.5,39661.814
2023-04-27T20:00:00Z,29650.5,29763,29241,29450,23458.596
2023-04-28T00:00:00Z,29450,29580,29313,29404.5,24976.588
2023-04-28T04:00:00Z,29404.5,29549.5,29376,29464,16702.491
2023-04-28T08:00:00Z,29464,29471.5,29117,29222,26334.321
2023-04-28T12:00:00Z,29222,29444,28867,29128.5,40947.906
2023-04-28T16:00:00Z,29128.5,29420,29081,29301,25567.802
2023-04-28T20:00:00Z,29301,29410,29250,29286,14034.603
2023-04-29T00:00:00Z,29286,29369.5,29171.5,29323.5,14224.68
2023-04-29T04:00:00Z,29323.5,29425.5,29267,29326,14981.917
2023-04-29T08:00:00Z,29326,29338.5,29220,29312.5,15140.796
2023-04-29T12:00:00Z,29312.5,29372,29201,29255,14373.021
2023-04-29T16:00:00Z,29255,29291.5,29012.5,29214.5,15545.782
2023-04-29T20:00:00Z,29214.5,29245.5,29111,29205,13590.735
2023-04-30T00:00:00Z,29205,29207.5,29067,29160.5,15777.642
2023-04-30T04:00:00Z,29160.5,29275,29152.5,29242,12973.979
2023-04-30T08:00:00Z,29242,29333.5,29142,29180,16013.643
2023-04-30T12:00:00Z,29180,29941.5,29167.5,29637,37970.489
2023-04-30T16:00:00Z,29637,29847.5,29188,29339.5,28230.692
2023-04-30T20:00:00Z,29339.5,29465,29136.5,29220.5,20839.373
2023-05-01T00:00:00Z,29220.5,29317,28359.5,28554.5,38309.193
2023-05-01T04:00:00Z,28554.5,28708,28237.5,28610.5,25919.428
2023-05-01T08:00:00Z,28610.5,28650,28458.5,28500.5,16990.35
2023-05-01T12:00:00Z,28500.5,28604.5,28048.5,28162,40781.972
2023-05-01T16:00:00Z,28162,28392.5,27787,27825.5,36760.071
2023-05-01T20:00:00Z,27825.5,28133,27647,28043.5,27023.895
2023-05-02T00:00:00Z,28043.5,28123.5,27906,28020.5,20837.58
2023-05-02T04:00:00Z,28020.5,28144,27866.5,28041.5,18637.139
2023-05-02T08:00:00Z,28041.5,28113.5,27936.5,28075.5,18302.42
2023-05-02T12:00:00Z,28075.5,28748,27896,28514.5,54976.677
2023-05-02T16:00:00Z,28514.5,28866,28416.5,28659.5,27584.422
2023-05-02T20:00:00Z,28659.5,28790.5,28596,28649.5,18098.107
2023-05-03T00:00:00Z,28649.5,28667.5,28318,28502.5,20484.143
2023-05-03T04:00:00Z,28502.5,28662,28411.5,28631,17378.927
2023-05-03T08:00:00Z,28631,28749,28512,28533.5,21349.031
2023-05-03T12:00:00Z,28533.5,28565,28102.5,28297.5,38644.32
2023-05-03T16:00:00Z,28297.5,28793.5,28193.5,28304.5,56882.108
2023-05-03T20:00:00Z,28304.5,29249.5,28268.5,29025,35130.828
2023-05-04T00:00:00Z,29025,29178,28949,29072.5,18101.21
2023-05-04T04:00:00Z,29072.5,29236,29032.5,29057,18594.226
2023-05-04T08:00:00Z,29057,29389,28982.5,29159.5,26976.785
2023-05-04T12:00:00Z,29159.5,29233,28665.5,28849,39099.841
2023-05-04T16:00:00Z,28849,28958.5,28655,28869,21966.08
2023-05-04T20:00:00Z,28869,28901,28730,28815.5,11719.637
2023-05-05T00:00:00Z,28815.5,29535.5,28796.5,29195.5,33395.177
2023-05-05T04:00:00Z,29195.5,29266,29032,29058.5,18471.141
2023-05-05T08:00:00Z,29058.5,29175.5,29015,29129,18991.54
2023-05-05T12:00:00Z,29129,29425,28750,29337,49909.251
2023-05-05T16:00:00Z,29337,29684,29313,29561.5,36287.032
2023-05-05T20:00:00Z,29561.5,29654,29450.5,29504,12956.849
2023-05-06T00:00:00Z,29504,29837.5,29352.5,29369,21482.628
2023-05-06T04:00:00Z,29369,29428,29251,29359,17762.972
2023-05-06T08:00:00Z,29359,29366,29126.5,29259.5,18858.995
2023-05-06T12:00:00Z,29259.5,29259.5,28338.5,28560,49941.376
2023-05-06T16:00:00Z,28560,28949.5,28527,28824.5,21920.727
2023-05-06T20:00:00Z,28824.5,28873.5,28619.5,28831,12861.011
2023-05-07T00:00:00Z,28831,29126,28730.5,28785.5,22102.499
2023-05-07T04:00:00Z,28785.5,28933.5,28775,28893.5,14256.358
2023-05-07T08:00:00Z,28893.5,28941,28697,28824,19332.806
2023-05-07T12:00:00Z,28824,29075.5,28822,28927,18698.78
2023-05-07T16:00:00Z,28927,29013.5,28760.5,28892,16219.476
2023-05-07T20:00:00Z,28892,28937,28383.5,28420,19579.319
2023-05-08T00:00:00Z,28420,28612,28008.5,28186,39940.468
2023-05-08T04:00:00Z,28186,28250,27804,27956.5,27146.973
2023-05-08T08:00:00Z,27956.5,27974,27567,27912.5,29556.002
2023-05-08T12:00:00Z,27912.5,28068,27668,27874,30389.967
2023-05-08T16:00:00Z,27874,27915,27266.5,27325,33288.896
2023-05-08T20:00:00Z,27325,27678.5,27250,27648,15731.277
2023-05-09T00:00:00Z,27648,27740,27530,27610,16095.125
2023-05-09T04:00:00Z,27610,27650,27431.5,27644.5,19866.017
2023-05-09T08:00:00Z,27644.5,27710,27506,27658.5,17705.667
2023-05-09T12:00:00Z,27658.5,27802,27361,27391.5,32299.894
2023-05-09T16:00:00Z,27391.5,27740,27330,27698,23506.076
2023-05-09T20:00:00Z,27698,27759.5,27513,27617,13555.844
2023-05-10T00:00:00Z,27617,27836,27610.5,27668.5,19834.77
2023-05-10T04:00:00Z,27668.5,27700,27517,27529,14643.919
2023-05-10T08:00:00Z,27529,27664.5,27468.5,27659.5,15101.064
2023-05-10T12:00:00Z,27659.5,28298,27623.5,28132.5,54088.335
2023-05-10T16:00:00Z,28132.5,28279,26730,27671.5,60368.051
2023-05-10T20:00:00Z,27671.5,27971,27197.5,27586,29481.514
2023-05-11T00:00:00Z,27586,27607,27353,27433.5,19821.044
2023-05-11T04:00:00Z,27433.5,27535.5,27379,27440,15541.503
2023-05-11T08:00:00Z,27440,27471,27253,27383.5,21280.632
2023-05-11T12:00:00Z,27383.5,27622,26927.5,27162,46784.186
2023-05-11T16:00:00Z,27162,27205,26685,26834.5,34616.457
2023-05-11T20:00:00Z,26834.5,27044,26796.5,26957,18270.987
2023-05-12T00:00:00Z,26957,27072.5,26509,26581,27224.675
2023-05-12T04:00:00Z,26581,26691,26106,26296.5,35526.265
2023-05-12T08:00:00Z,26296.5,26428.5,26222.5,26337.5,19541.464
2023-05-12T12:00:00Z,26337.5,26590,26256.5,26306,32074.311
2023-05-12T16:00:00Z,26306,26477,25788,26444.5,36078.35
2023-05-12T20:00:00Z,26444.5,26884.5,26347.5,26777,30293.351
2023-05-13T00:00:00Z,26777,26962.5,26670.5,26793.5,17864.289
2023-05-13T04:00:00Z,26793.5,26850,26688,26757.5,16278.361
2023-05-13T08:00:00Z,26757.5,26861.5,26728.5,26808.5,13652.426
2023-05-13T12:00:00Z,26808.5,26888.5,26730.5,26804.5,16515.345
2023-05-13T16:00:00Z,26804.5,27030,26753,26823.5,18085.907
2023-05-13T20:00:00Z,26823.5,26926.5,26732,26760,15089.917
2023-05-14T00:00:00Z,26760,26856,26558,26845.5,18596.392
2023-05-14T04:00:00Z,26845.5,26881,26780,26833,11280.045
2023-05-14T08:00:00Z,26833,26868,26777,26789.5,12294.398
2023-05-14T12:00:00Z,26789.5,27183.5,26730,27063.5,27300.375
2023-05-14T16:00:00Z,27063.5,27109.5,26810,26872.5,18273.507
2023-05-14T20:00:00Z,26872.5,26943,26827.5,26896,11996.66
2023-05-15T00:00:00Z,26896,27292,26701.5,27209,30064.484
2023-05-15T04:00:00Z,27209,27527,27162,27397,28773.926
2023-05-15T08:00:00Z,27397,27467,27291.5,27319,17158.863
2023-05-15T12:00:00Z,27319,27519.5,27203.5,27378,22061.207
2023-05-15T16:00:00Z,27378,27645,27302,27395,26935.979
2023-05-16T00:00:00Z,27153,27291,26835.5,27113,28392.638
2023-05-16T04:00:00Z,27113,27235.5,26971.5,27233.5,22832.733
2023-05-16T08:00:00Z,27233.5,27265.5,26987,27045.5,25311.079
2023-05-16T12:00:00Z,27045.5,27119.5,26884,27024,23490.038
2023-05-16T16:00:00Z,27024,27140,26864.5,26917.5,18682.406
2023-05-16T20:00:00Z,26917.5,27035.5,26879.5,27016,14886.706
2023-05-17T00:00:00Z,27016,27224.5,26967.5,27055,20079.124
2023-05-17T04:00:00Z,27055,27092,26749.5,26833.5,23077.151
2023-05-17T08:00:00Z,26833.5,26896.5,26568,26632.5,28978.023
2023-05-17T12:00:00Z,26632.5,26817,26523,26780,32220.048
2023-05-17T16:00:00Z,26780,27434.5,26727.5,27365.5,38547.281
2023-05-17T20:00:00Z,27365.5,27504.5,27254.5,27386.5,18391.151
2023-05-18T00:00:00Z,27386.5,27468.5,27275.5,27344,18944.865
2023-05-18T04:00:00Z,27344,27432,27142,27372.5,23486.878
2023-05-18T08:00:00Z,27372.5,27420,27320.5,27384,19143.146
2023-05-18T12:00:00Z,27384,27453.5,27007,27076.5,44668.627
2023-05-18T16:00:00Z,27076.5,27097.5,26340,26724.5,50913.818
2023-05-18T20:00:00Z,26724.5,27048,26674.5,26809,19410.82
2023-05-19T00:00:00Z,26809,26914,26734.5,26821.5,20522.384
2023-05-19T04:00:00Z,26821.5,26944,26801,26842.5,17950.296
2023-05-19T08:00:00Z,26842.5,26912,26775,26839,13861.239
2023-05-19T12:00:00Z,26839,27165,26615,26862.5,40855.067
2023-05-19T16:00:00Z,26862.5,26959,26760,26825.5,20944.676
2023-05-19T20:00:00Z,26825.5,26903,26800,26863.5,11352.854
2023-05-20T00:00:00Z,26863.5,26891.5,26814,26852.5,14748.953
2023-05-20T04:00:00Z,26852.5,26865.5,26826,26841,12937.353
2023-05-20T08:00:00Z,26841,26900.5,26841,26863.5,11507.662
2023-05-20T12:00:00Z,26863.5,26956.5,26860.5,26926.5,13096.606
2023-05-20T16:00:00Z,26926.5,27128,26899,27042,16392.203
2023-05-20T20:00:00Z,27042,27113,26944.5,27080.5,12317.379
2023-05-21T00:00:00Z,27080.5,27265,27042.5,27158.5,14759.274
2023-05-21T04:00:00Z,27158.5,27159,27031.5,27042,13892.397
2023-05-21T08:00:00Z,27042,27068.5,26756.5,26819,23789.833
2023-05-21T12:00:00Z,26819,26960.5,26790,26878,21872.857
2023-05-21T16:00:00Z,26878,26916.5,26812,26887,11659.468
2023-05-21T20:00:00Z,26887,26910,26649,26732.5,18313.123
2023-05-22T00:00:00Z,26732.5,26769,26523,26638.5,23881.909
2023-05-22T04:00:00Z,26638.5,26889.5,26628,26827.5,22348.018
2023-05-22T08:00:00Z,26827.5,26885.5,26755.5,26815,15163.893
2023-05-22T12:00:00Z,26815,27086,26687.5,26860,38276.153
2023-05-22T16:00:00Z,26860,26917.5,26761,26843,16880.839
2023-05-22T20:00:00Z,26843,26943,26815,26833.5,11149.826
2023-05-23T00:00:00Z,26833.5,27424,26786.5,27364.5,35384.567
2023-05-23T04:00:00Z,27364.5,27499,27214,27305,24331.976
2023-05-23T08:00:00Z,27305,27352.5,27258.5,27340.5,13805.03
2023-05-23T12:00:00Z,27340.5,27389,27180.5,27316.5,24454.668
2023-05-23T16:00:00Z,27316.5,27328,27107.5,27187,20761.85
2023-05-23T20:00:00Z,27187,27244,27147,27208.5,13602.108
2023-05-24T00:00:00Z,27208.5,27220,26659,26779.5,36121.44
2023-05-24T04:00:00Z,26779.5,26809.5,26603,26666.5,23760.275
2023-05-24T08:00:00Z,26666.5,26822,26647.5,26731,18276.178
2023-05-24T12:00:00Z,26731,26733.5,26055.5,26298,57072.174
2023-05-24T16:00:00Z,26298,26383.5,26142.5,26243.5,19497.738
2023-05-24T20:00:00Z,26243.5,26475.5,26233.5,26315.5,19020.953
2023-05-25T00:00:00Z,26315.5,26379,25850.5,26170,28453.298
2023-05-25T04:00:00Z,26170,26283.5,26116,26119,17990.801
2023-05-25T08:00:00Z,26119,26318.5,26112.5,26281.5,17964.191
2023-05-25T12:00:00Z,26281.5,26477,26151,26212.5,34063.192
2023-05-25T16:00:00Z,26212.5,26615,26195,26450,21049.377
2023-05-25T20:00:00Z,26450,26534.5,26412.5,26452,14227.936
2023-05-26T00:00:00Z,26452,26520,26329.5,26419.5,17348.58
2023-05-26T04:00:00Z,26419.5,26518,26310.5,26483,17202.113
2023-05-26T08:00:00Z,26483,26530.5,26416,26456,14725.247
2023-05-26T12:00:00Z,26456,26919,26340,26734,39927.881
2023-05-26T16:00:00Z,26734,26821,26594.5,26746,19420.849
2023-05-26T20:00:00Z,26746,26787,26662,26690.5,12185.823
2023-05-27T00:00:00Z,26690.5,26765.5,26620.5,26731.5,14692.111
2023-05-27T04:00:00Z,26731.5,26768,26690,26708.5,12334.096
2023-05-27T08:00:00Z,26708.5,26718,26655.5,26685,11821.619
2023-05-27T12:00:00Z,26685,26761,26530,26676,15825.16
2023-05-27T16:00:00Z,26676,26834,26605.5,26714,16733.005
2023-05-27T20:00:00Z,26714,26880,26710,26835.5,16292.294
2023-05-28T00:00:00Z,26835.5,27248,26743.5,27184,33994.224
2023-05-28T04:00:00Z,27184,27280,27128,27218,20747.575
2023-05-28T08:00:00Z,27218,27351.5,27138,27154,18321.025
2023-05-28T12:00:00Z,27154,27269.5,27104,27268.5,16475.794
2023-05-28T16:00:00Z,27268.5,27769.5,27208.5,27524.5,31913.848
2023-05-28T20:00:00Z,27524.5,28257.5,27523.5,28065.5,34832.864
2023-05-29T00:00:00Z,28065.5,28450,27917,27955.5,28873.7
2023-05-29T04:00:00Z,27955.5,28045,27836,27908,23143.635
2023-05-29T08:00:00Z,27908,27974.5,27749,27916,24547.767
2023-05-29T12:00:00Z,27916,27949.5,27580,27632.5,27548.693
2023-05-29T16:00:00Z,27632.5,27746.5,27527.5,27641,20746.93
2023-05-29T20:00:00Z,27641,27834,27554.5,27734.5,20037.001
2023-05-30T00:00:00Z,27734.5,27943,27581.5,27830.5,20367.421
2023-05-30T04:00:00Z,27830.5,27850.5,27681.5,27739.5,20101.626
2023-05-30T08:00:00Z,27739.5,28045.5,27716.5,28023,27991.247
2023-05-30T12:00:00Z,28023,28027.5,27620,27676,33531.979
2023-05-30T16:00:00Z,27676,27858,27550,27848.5,21973.201
2023-05-30T20:00:00Z,27848.5,27858.5,27648,27692,18894.927
2023-05-31T00:00:00Z,27692,27836,27570.5,27662.5,17156.682
2023-05-31T04:00:00Z,27662.5,27679.5,26966.5,27145,48451.041
2023-05-31T08:00:00Z,27145,27187,26980,27082,22040.025
2023-05-31T12:00:00Z,27082,27209,26821,26895,35092.167
2023-05-31T16:00:00Z,26895,27109.5,26826.5,26989.5,18584.738
2023-05-31T20:00:00Z,26989.5,27275,26988.5,27191.5,16392.362
2023-06-01T00:00:00Z,27191.5,27337.5,26595,26760.5,35173.444
2023-06-01T04:00:00Z,26760.5,26864,26736.5,26789,15533.872
2023-06-01T08:00:00Z,26789,26935,26771.5,26874,18283.289
2023-06-01T12:00:00Z,26874,26966,26774,26875,22255.13
2023-06-01T16:00:00Z,26875,27163.5,26637.5,26842.5,32438.423
2023-06-01T20:00:00Z,26842.5,26928.5,26692.5,26799,16671.383
2023-06-02T00:00:00Z,26799,27003,26482.5,26981.5,28533.308
2023-06-02T04:00:00Z,26981.5,27194,26932.5,27029,20887.494
2023-06-02T08:00:00Z,27029,27167.5,27029,27110,18753.017
2023-06-02T12:00:00Z,27110,27233,26839,27081.5,31808.131
2023-06-02T16:00:00Z,27081.5,27274,26993.5,27224.5,25087.247
2023-06-02T20:00:00Z,27224.5,27281.5,27128,27224.5,14576.237
2023-06-03T00:00:00Z,27224.5,27226,27075.5,27122,14820.64
2023-06-03T04:00:00Z,27122,27199,27091,27155,15758.028
2023-06-03T08:00:00Z,27155,27165,27100.5,27118.5,12861.921
2023-06-03T12:00:00Z,27118.5,27317.5,27111.5,27283,18210.796
2023-06-03T16:00:00Z,27283,27300,27008,27078.5,18332.385
2023-06-03T20:00:00Z,27078.5,27110,26905,27054,15289.426
2023-06-04T00:00:00Z,27054,27085,26937,27047,13103.636
2023-06-04T04:00:00Z,27047,27144.5,27013.5,27135,14195.466
2023-06-04T08:00:00Z,27135,27236.5,27105.5,27180,15548.15
2023-06-04T12:00:00Z,27180,27280.5,27144,27162.5,15751.725
2023-06-04T16:00:00Z,27162.5,27209,27141.5,27197,13152.831
2023-06-04T20:00:00Z,27197,27449.5,27030,27102.5,26823.175
2023-06-05T00:00:00Z,27102.5,27116,26784,26828,25987.612
2023-06-05T04:00:00Z,26828,26856,26724,26811.5,20023.78
2023-06-05T08:00:00Z,26811.5,26824,26650,26759.5,21460.362
2023-06-05T12:00:00Z,26759.5,26802,25964,25977,49860.895
2023-06-05T16:00:00Z,25977,26057.5,25367.5,25617.5,61129.277
2023-06-05T20:00:00Z,25617.5,25845,25495.5,25713,19205.944
2023-06-06T00:00:00Z,25713,25776,25588.5,25712.5,17474.984
2023-06-06T04:00:00Z,25712.5,25799,25690,25708.5,17592.972
2023-06-06T08:00:00Z,25708.5,25777,25626,25672,18531.819
2023-06-06T12:00:00Z,25672,26130,25330,26048,61341.255
2023-06-06T16:00:00Z,26048,27199.5,26045.5,27068,52569.477
2023-06-06T20:00:00Z,27068,27349,26871.5,27209.5,25526.737
2023-06-07T00:00:00Z,27209.5,27381,26712.5,26893.5,29272.537
2023-06-07T04:00:00Z,26893.5,26962,26745,26781,18752.152
2023-06-07T08:00:00Z,26781,26957,26334.5,26878,42394.088
2023-06-07T12:00:00Z,26878,26889.5,26230,26325.5,53106.926
2023-06-07T16:00:00Z,26325.5,26540,26226,26461,24214.082
2023-06-07T20:00:00Z,26461,26474,26107.5,26319.5,21918.848
2023-06-08T00:00:00Z,26319.5,26447.5,26192,26324,21480.547
2023-06-08T04:00:00Z,26324,26502.5,26270.5,26423,21129.261
2023-06-08T08:00:00Z,26423,26484.5,26345,26415,19238.277
2023-06-08T12:00:00Z,26415,26799,26280,26699,40296.827
2023-06-08T16:00:00Z,26699,26713,26392,26524.5,20671.667
2023-06-08T20:00:00Z,26524.5,26631,26465.5,26479.5,14525.522
2023-06-09T00:00:00Z,26479.5,26579.5,26254,26462.5,27528.137
2023-06-09T04:00:00Z,26462.5,26560.5,26407,26472,15634.964
2023-06-09T08:00:00Z,26472,26665,26468.5,26592.5,24563.248
2023-06-09T12:00:00Z,26592.5,26761,26435.5,26463.5,25141.263
2023-06-09T16:00:00Z,26463.5,26513.5,26374.5,26398.5,19914.688
2023-06-09T20:00:00Z,26398.5,26487.5,26389.5,26464,10393.299
2023-06-10T00:00:00Z,26464,26515.5,26250,26310.5,20142.092
2023-06-10T04:00:00Z,26310.5,26338,25444,25630.5,57649.028
2023-06-10T08:00:00Z,25630.5,25736.5,25552,25711.5,22109.626
2023-06-10T12:00:00Z,25711.5,25712,25561,25616.5,17801.443
2023-06-10T16:00:00Z,25616.5,26135,25335.5,25735.5,45468.657
2023-06-10T20:00:00Z,25735.5,25909.5,25663.5,25819,22044.866
2023-06-11T00:00:00Z,25819,25844,25681.5,25716.5,20198.673
2023-06-11T04:00:00Z,25716.5,25813.5,25617,25720.5,19263.838
2023-06-11T08:00:00Z,25720.5,25827,25681.5,25779,15252.13
2023-06-11T12:00:00Z,25779,25790.5,25662,25736,15374.31
2023-06-11T16:00:00Z,25736,26090,25723.5,26013,26811.984
2023-06-11T20:00:00Z,26013,26186,25732,25909.5,19738.07
2023-06-12T00:00:00Z,25909.5,26008,25596.5,25771.5,25478.295
2023-06-12T04:00:00Z,25771.5,25888.5,25731.5,25789,15771.037
2023-06-12T08:00:00Z,25789,26085,25772,25968,22848.737
2023-06-12T12:00:00Z,25968,25974.5,25720,25808,21805.184
2023-06-12T16:00:00Z,25808,25960.5,25637,25813,22869.533
2023-06-12T20:00:00Z,25813,25956,25789.5,25889,13877.402
2023-06-13T00:00:00Z,25889,26141.5,25801.5,26044,27966.997
2023-06-13T04:00:00Z,26044,26116.5,25968.5,26054,20226.344
2023-06-13T08:00:00Z,26054,26260,26042,26168,23800.361
2023-06-13T12:00:00Z,26168,26411,25709,25745.5,49083.272
2023-06-13T16:00:00Z,25745.5,25962,25720.5,25880,16247.633
2023-06-13T20:00:00Z,25880,25940,25787,25913,17439.082
2023-06-14T00:00:00Z,25913,26037.5,25892.5,25965.5,16058.504
2023-06-14T04:00:00Z,25965.5,25985.5,25819.5,25887.5,16774.921
2023-06-14T08:00:00Z,25887.5,26013,25866,25958,19625.087
2023-06-14T12:00:00Z,25958,26069.5,25909,25968.5,21127.57
2023-06-14T16:00:00Z,25968.5,26088.5,25755,25853.5,29812.578
2023-06-14T20:00:00Z,25853.5,25862,24788,25109.5,47844.003
2023-06-15T00:00:00Z,25109.5,25189.5,25014.5,25054,19876.947
2023-06-15T04:00:00Z,25054,25055.5,24853.5,24964,21963.083
2023-06-15T08:00:00Z,24964,25035,24776,24998,22566.203
2023-06-15T12:00:00Z,24998,25093,24907,24944,24850.952
2023-06-15T16:00:00Z,24944,25498,24920.5,25434.5,30080.97
2023-06-15T20:00:00Z,25434.5,25742.5,25201,25578,33686.457
2023-06-16T00:00:00Z,25578,25589.5,25420,25543,21507.124
2023-06-16T04:00:00Z,25543,25611,25458,25521.5,22478.386
2023-06-16T08:00:00Z,25521.5,25605,25456.5,25464.5,22983.678
2023-06-16T12:00:00Z,25464.5,25888,25153.5,25827.5,44960.813
2023-06-16T16:00:00Z,25827.5,26495,25758.5,26374,47099.621
2023-06-16T20:00:00Z,26374,26458.5,26283.5,26344,18876.909
2023-06-17T00:00:00Z,26344,26370,26181.5,26259,17896.439
2023-06-17T04:00:00Z,26259,26893.5,26243.5,26595.5,36694.266
2023-06-17T08:00:00Z,26595.5,26657,26481.5,26507.5,21572.736
2023-06-17T12:00:00Z,26507.5,26583,26310,26407.5,26199.34
2023-06-17T16:00:00Z,26407.5,26539,26378,26476,15413.167
2023-06-17T20:00:00Z,26476,26597,26460,26513.5,15367.162
2023-06-18T00:00:00Z,26513.5,26546,26378,26543,15724.321
2023-06-18T08:00:00Z,26582,26595,26455.5,26496.5,17634.146
2023-06-18T12:00:00Z,26496.5,26569,26434.5,26556,18716.621
2023-06-18T16:00:00Z,26556,26653.5,26522.5,26649.5,17440.489
2023-06-18T20:00:00Z,26649.5,26712,26251,26341.5,26002.156
2023-06-19T00:00:00Z,26341.5,26473.5,26249,26400,15406.376
2023-06-19T04:00:00Z,26400,26477.5,26364.5,26422.5,17837.518
2023-06-19T08:00:00Z,26422.5,26457.5,26365.5,26441,18625.199
2023-06-19T12:00:00Z,26441,26579.5,26349.5,26439,22865.278
2023-06-19T16:00:00Z,26439,27077,26305,26675.5,46115.047
2023-06-19T20:00:00Z,26675.5,26855.5,26648,26836,22158.189
2023-06-20T00:00:00Z,26836,27175,26793,26888,29093.086
2023-06-20T04:00:00Z,26888,27031,26750,26826,22469.845
2023-06-20T08:00:00Z,26826,26908.5,26699.5,26904,20531.202
2023-06-20T12:00:00Z,26904,27129,26650.5,27063,33107.492
2023-06-20T16:00:00Z,27063,28140.5,26996,27979.5,75606.954
2023-06-20T20:00:00Z,27979.5,28402,27870.5,28293,36875.559
2023-06-21T00:00:00Z,28293,29092.5,28250.5,28715,44230.618
2023-06-21T04:00:00Z,28715,29007.5,28682.5,28871,24650.103
2023-06-21T08:00:00Z,28871,29222,28796.5,28929,33096.295
2023-06-21T12:00:00Z,28929,30019,28871.5,29846.5,65859.143
2023-06-21T16:00:00Z,29846.5,30820,29764,30111.5,65847.528
2023-06-21T20:00:00Z,30111.5,30202,29801,29999.5,24339.742
2023-06-22T00:00:00Z,29999.5,30506.5,29894,30299.5,28767.425
2023-06-22T04:00:00Z,30299.5,30347.5,30019,30107.5,22640.498
2023-06-22T08:00:00Z,30107.5,30247.5,29827,29933,26266.518
2023-06-22T12:00:00Z,29933,30361.5,29536,29847,47566.071
2023-06-22T16:00:00Z,29847,30241,29827,30214.5,24059.673
2023-06-22T20:00:00Z,30214.5,30260,29876,29887,17582.757
2023-06-23T00:00:00Z,29887,30059,29804.5,30010,19265.845
2023-06-23T04:00:00Z,30010,30087.5,29925.5,29944.5,17243.638
2023-06-23T08:00:00Z,29944.5,30199,29914.5,30142,18844.427
2023-06-23T12:00:00Z,30142,31469,29922,31243.5,59542.995
2023-06-23T16:00:00Z,31243.5,31435.5,30616.5,30881.5,49321.605
2023-06-23T20:00:00Z,30881.5,30952.5,30455.5,30686,18722.929
2023-06-24T00:00:00Z,30686,30796,30409.5,30729,17731.255
2023-06-24T04:00:00Z,30729,30759.5,30562,30572.5,14101.401
2023-06-24T08:00:00Z,30572.5,30742.5,30563,30691.5,16196.392
2023-06-24T12:00:00Z,30691.5,30805.5,30318,30404.5,23478.042
2023-06-24T16:00:00Z,30404.5,30697,30260,30628.5,19912.032
2023-06-24T20:00:00Z,30628.5,30628.5,30404.5,30535.5,11486.07
2023-06-25T00:00:00Z,30535.5,30786.5,30470,30752,14570.684
2023-06-25T04:00:00Z,30752,31050,30672,30730,22118.498
2023-06-25T08:00:00Z,30730,30765.5,30581,30719,15146.534
2023-06-25T12:00:00Z,30719,30743,30460,30585,20158.034
2023-06-25T16:00:00Z,30585,30655.5,30327.5,30437,16183.542
2023-06-25T20:00:00Z,30437,30574,30279,30469,15698.059
2023-06-26T00:00:00Z,30469,30552.5,29965,30294,24770.562
2023-06-26T04:00:00Z,30294,30586.5,30170.5,30405.5,24024.075
2023-06-26T08:00:00Z,30405.5,30428,30131.5,30325.5,17603.215
2023-06-26T12:00:00Z,30325.5,30670,30257.5,30418,29367.445
2023-06-26T16:00:00Z,30418,30434,29926,30244,27297.621
2023-06-26T20:00:00Z,30244,30293.5,30101,30272,14878.327
2023-06-27T00:00:00Z,30272,30495,30227.5,30370,14474.465
2023-06-27T04:00:00Z,30370,30471,30240,30407,17994.126
2023-06-27T08:00:00Z,30407,30788,30334,30729.5,28149.557
2023-06-27T12:00:00Z,30729.5,31006.5,30374.5,30503.5,40206.942
2023-06-27T16:00:00Z,30503.5,30767.5,30459.5,30646.5,17014.46
2023-06-27T20:00:00Z,30646.5,30740.5,30550,30694,17580.754
2023-06-28T00:00:00Z,30694,30708,30346,30455.5,17426.438
2023-06-28T04:00:00Z,30455.5,30486.5,30150,30197,19753.929
2023-06-28T08:00:00Z,30197,30383.5,30155,30302.5,16907.134
2023-06-28T12:00:00Z,30302.5,30492,30011,30411.5,33403.068
2023-06-28T16:00:00Z,30411.5,30464.5,29832,30076,25519.707
2023-06-28T20:00:00Z,30076,30197.5,29924,30061,18486.312
2023-06-29T00:00:00Z,30061,30226.5,30031,30155,14474.416
2023-06-29T04:00:00Z,30155,30406,30117.5,30327,18222.405
2023-06-29T08:00:00Z,30327,30749.5,30322.5,30674,29320.92
2023-06-29T12:00:00Z,30674,30843,30400.5,30477.5,30073.172
2023-06-29T16:00:00Z,30477.5,30666.5,30419,30584.5,18293.927
2023-06-29T20:00:00Z,30584.5,30638.5,30236,30449.5,17728.357
2023-06-30T00:00:00Z,30449.5,30882,30352,30743.5,23321.492
2023-06-30T04:00:00Z,30743.5,31304.5,30611.5,30755,39542.156
2023-06-30T08:00:00Z,30755,30938,30714.5,30899.5,17390.466
2023-06-30T12:00:00Z,30899.5,31126,29455,30042.5,66418.824
2023-06-30T16:00:00Z,30042.5,30720,29905.5,30354,34336.825
2023-06-30T20:00:00Z,30354,30527.5,30324.5,30458.5,14087.842
2023-07-01T00:00:00Z,30458.5,30517.5,30359.5,30381,16165.939
2023-07-01T04:00:00Z,30381,30448.5,30302.5,30436,16276.84
2023-07-01T08:00:00Z,30436,30582,30403,30504.5,15845.278
2023-07-01T12:00:00Z,30504.5,30653.5,30490.5,30563,16729.36
2023-07-01T16:00:00Z,30563,30624,30534,30603.5,9118.81
2023-07-01T20:00:00Z,30603.5,30606.5,30536,30573.5,11348.707
2023-07-02T00:00:00Z,30573.5,30649.5,30459.5,30496,13281.016
2023-07-02T04:00:00Z,30496,30542.5,30457.5,30498,11050.904
2023-07-02T08:00:00Z,30498,30542,30472,30525.5,10186.51
2023-07-02T12:00:00Z,30525.5,30616.5,30142,30480,20580.869
2023-07-02T16:00:00Z,30480,30677,30348.5,30542,16985.032
2023-07-02T20:00:00Z,30542,30781.5,30400,30603.5,16422.785
2023-07-03T00:00:00Z,30603.5,30775,30571,30739,14308.683
2023-07-03T04:00:00Z,30739,30776,30595,30651.5,18057.511
2023-07-03T08:00:00Z,30651.5,30676,30570,30612,15351.471
2023-07-03T12:00:00Z,30612,31175.5,30551,31070.5,27447.373
2023-07-03T16:00:00Z,31070.5,31398,30822.5,31264,28872.604
2023-07-03T20:00:00Z,31264,31313.5,30896.5,31158.5,18949.532
2023-07-04T00:00:00Z,31158.5,31328,31097,31197,19207.826
2023-07-04T04:00:00Z,31197,31214.5,30888,30917.5,21591.102
2023-07-04T08:00:00Z,30917.5,31083.5,30867,31065,18083.688
2023-07-04T12:00:00Z,31065,31079,30887.5,30969.5,15477.259
2023-07-04T16:00:00Z,30969.5,31137.5,30615.5,30698.5,24672.902
2023-07-04T20:00:00Z,30698.5,30846,30671,30765,12184.312
2023-07-05T00:00:00Z,30765,30879.5,30747.5,30866,12490.649
2023-07-05T04:00:00Z,30866,30869,30758.5,30773,14878.622
2023-07-05T08:00:00Z,30773,30799.5,30334,30390.5,27600.132
2023-07-05T12:00:00Z,30390.5,30425.5,30172.5,30337.5,27827.79
2023-07-05T16:00:00Z,30337.5,30573,30316.5,30407,17839.206
2023-07-05T20:00:00Z,30407,30514.5,30367.5,30477,15888.865
2023-07-06T00:00:00Z,30477,30543,30307.5,30471.5,15606.898
2023-07-06T04:00:00Z,30471.5,30835,30419,30780.5,20551.225
2023-07-06T08:00:00Z,30780.5,31556,30691.5,30842,54309.846
2023-07-06T12:00:00Z,30842,30878.5,29860,30383,53937.743
2023-07-06T16:00:00Z,30383,30445,30138.5,30288.5,20542.568
2023-07-06T20:00:00Z,30288.5,30328,29822.5,29880,22311.548
2023-07-07T00:00:00Z,29880,30144,29688,30116.5,19537.405
2023-07-07T04:00:00Z,30116.5,30283.5,29914,29987.5,21997.324
2023-07-07T08:00:00Z,29987.5,30178,29951.5,30094.5,15206.993
2023-07-07T12:00:00Z,30094.5,30418.5,30017,30367.5,26741.1
2023-07-07T16:00:00Z,30367.5,30435,30091,30216.5,19589.557
2023-07-07T20:00:00Z,30216.5,30326.5,30188.5,30320,11280.082
2023-07-08T00:00:00Z,30320,30368.5,30233,30258.5,14139.092
2023-07-08T04:00:00Z,30258.5,30260.5,30126.5,30170,14067.766
2023-07-08T08:00:00Z,30170,30291.5,30143,30180.5,15107.558
2023-07-08T12:00:00Z,30180.5,30217,30130.5,30184,12420.646
2023-07-08T16:00:00Z,30184,30300,30020,30091,14359.238
2023-07-08T20:00:00Z,30091,30268.5,30034.5,30260.5,10784.859
2023-07-09T00:00:00Z,30260.5,30384.5,30222,30267.5,13256.779
2023-07-09T04:00:00Z,30267.5,30283.5,30215.5,30244,13235.579
2023-07-09T08:00:00Z,30244,30290,30221.5,30249.5,10972.704
2023-07-09T12:00:00Z,30249.5,30434,30161.5,30324.5,18972.476
2023-07-09T16:00:00Z,30324.5,30325,30180.5,30220.5,13533.185
2023-07-09T20:00:00Z,30220.5,30230,30043,30140.5,17577.11
2023-07-10T00:00:00Z,30140.5,30224,29925.5,30136,22162.906
2023-07-10T04:00:00Z,30136,30143,30032,30092,16222.601
2023-07-10T08:00:00Z,30092,30224.5,29975,30212,15719.399
2023-07-10T12:00:00Z,30212,30345,30123,30287,23844.703
2023-07-10T16:00:00Z,30287,30814,30215.5,30811,24815.147
2023-07-10T20:00:00Z,30811,31036,30177.5,30394,30238.664
2023-07-11T00:00:00Z,30394,30586.5,30348,30462.5,17191.92
2023-07-11T04:00:00Z,30462.5,30642,30419.5,30518,19045.273
2023-07-11T08:00:00Z,30518,30546.5,30319,30385,20873.019
2023-07-11T12:00:00Z,30385,30799.5,30270.5,30574.5,30825.482
2023-07-11T16:00:00Z,30574.5,30672.5,30381.5,30557,17283.804
2023-07-11T20:00:00Z,30557,30628,30485.5,30598.5,15947.081
2023-07-12T00:00:00Z,30598.5,30646,30481.5,30583,17305.789
2023-07-12T04:00:00Z,30583,30847.5,30559.5,30736.5,23614.357
2023-07-12T08:00:00Z,30736.5,30810,30653,30775,18517.812
2023-07-12T12:00:00Z,30775,30980,30462,30511.5,43456.543
2023-07-12T16:00:00Z,30511.5,30522.5,30183,30261,24783.833
2023-07-12T20:00:00Z,30261,30397,30217.5,30360.5,14633.131
2023-07-13T00:00:00Z,30360.5,30414,30256,30277.5,14218.036
2023-07-13T04:00:00Z,30277.5,30404.5,30233.5,30342.5,14523.366
2023-07-13T08:00:00Z,30342.5,30618,30320.5,30518.5,21207.303
2023-07-13T12:00:00Z,30518.5,31199,30441,30911,39878.628
2023-07-13T16:00:00Z,30911,31844,30715.5,31610.5,50426.601
2023-07-13T20:00:00Z,31610.5,31697,31026,31450,26859.64
2023-07-14T00:00:00Z,31450,31642,31328.5,31454.5,16717.907
2023-07-14T04:00:00Z,31454.5,31467.5,31080,31105.5,16329.788
2023-07-14T08:00:00Z,31105.5,31292,31088,31215.5,20849.649
2023-07-14T12:00:00Z,31215.5,31372,31055.5,31247.5,23216.299
2023-07-14T16:00:00Z,31247.5,31278.5,29871,30094.5,51442.139
2023-07-14T20:00:00Z,30094.5,30291.5,29961,30284,21152.711
2023-07-15T00:00:00Z,30284,30370,30214.5,30268.5,16790.861
2023-07-15T04:00:00Z,30268.5,30337.5,30230.5,30309,17267.106
2023-07-15T08:00:00Z,30309,30351.5,30252,30285.5,13743.362
2023-07-15T12:00:00Z,30285.5,30337,30228.5,30280,17911.743
2023-07-15T16:00:00Z,30280,30333,30230.5,30306.5,15713.093
2023-07-15T20:00:00Z,30306.5,30306.5,30247.5,30267,12048.799
2023-07-16T00:00:00Z,30267,30314.5,30038,30167,21165.131
2023-07-16T04:00:00Z,30167,30292,30118,30247,14626.234
2023-07-16T08:00:00Z,30247,30327,30244,30282,12045.813
2023-07-16T12:00:00Z,30282,30425,30245,30356.5,15280.214
2023-07-16T16:00:00Z,30356.5,30380.5,30178.5,30232,15883.788
2023-07-16T20:00:00Z,30232,30340,30103,30211,15045.741
2023-07-17T00:00:00Z,30211,30315,30160.5,30287.5,17730.911
2023-07-17T04:00:00Z,30287.5,30301,30216,30257,13621.056
2023-07-17T08:00:00Z,30257,30298.5,29936,30137,22874.402
2023-07-17T12:00:00Z,30137,30287,30009.5,30156,24751.34
2023-07-17T16:00:00Z,30156,30217.5,29634,29866.5,36038.634
2023-07-17T20:00:00Z,29866.5,30268,29863,30117.5,19977.617
2023-07-18T00:00:00Z,30117.5,30217.5,30062.5,30065,13005.906
2023-07-18T04:00:00Z,30065,30102.5,29910.5,29950,18552.017
2023-07-18T08:00:00Z,29950,30087.5,29776.5,29863.5,23568.616
2023-07-18T12:00:00Z,29863.5,30015.5,29676.5,29891.5,28184.297
2023-07-18T16:00:00Z,29891.5,29943.5,29470,29697,27305.421
2023-07-18T20:00:00Z,29697,29847,29678,29843,16436.384
2023-07-19T00:00:00Z,29843,30058,29824.5,30036.5,20836.746
2023-07-19T04:00:00Z,30036.5,30177,29949,29982.5,21649.37
2023-07-19T08:00:00Z,29982.5,30027.5,29851,29995.5,19068.434
2023-07-19T12:00:00Z,29995.5,30107,29742.5,29935,25780.936
2023-07-19T16:00:00Z,29935,30085.5,29851.5,30025.5,17118.519
2023-07-19T20:00:00Z,30025.5,30035,29816,29900,19829.869
2023-07-20T00:00:00Z,29900,30029,29873,29940.5,16620.048
2023-07-20T04:00:00Z,29940.5,30220.5,29912,30183,21524.533
2023-07-20T08:00:00Z,30183,30399,30143,30264.5,24116.182
2023-07-20T12:00:00Z,30264.5,30296.5,29596,29785.5,36604.192
2023-07-20T16:00:00Z,29785.5,29854.5,29540,29739.5,21559.318
2023-07-20T20:00:00Z,29739.5,29869,29657.5,29780,16020.858
2023-07-21T00:00:00Z,29780,29935,29704.5,29878,18029.343
2023-07-21T04:00:00Z,29878,29880.5,29728.5,29752.5,15158.895
2023-07-21T08:00:00Z,29752.5,29830,29705,29761,17198.088
2023-07-21T16:00:00Z,29844,30039.5,29753.5,29851.5,19353.972
2023-07-21T20:00:00Z,29851.5,29935.5,29811,29880,11182.703
2023-07-22T00:00:00Z,29880,29977.5,29877,29882,15318.413
2023-07-22T04:00:00Z,29882,29971.5,29825.5,29921.5,14605.891
2023-07-22T08:00:00Z,29921.5,29956,29847,29867.5,12845.749
2023-07-22T12:00:00Z,29867.5,29885.5,29807.5,29879,12278.753
2023-07-22T16:00:00Z,29879,29890,29776,29818.5,12448.285
2023-07-22T20:00:00Z,29818.5,29823,29606,29770,13492.413
2023-07-23T00:00:00Z,29770,29870,29714,29826.5,15181.744
2023-07-23T04:00:00Z,29826.5,29960,29825.5,29889.5,16407.477
2023-07-23T08:00:00Z,29889.5,29939.5,29866.5,29871.5,12030.73
2023-07-23T12:00:00Z,29871.5,29911.5,29829,29876.5,11822.943
2023-07-23T16:00:00Z,29876.5,30333.5,29876,30074.5,24544.757
2023-07-23T20:00:00Z,30074.5,30125,29897,30062,19468.002
2023-07-24T00:00:00Z,30062,30080.5,29653,29700,27374.376
2023-07-24T04:00:00Z,29700,29851.5,29643.5,29805.5,15312.481
2023-07-24T08:00:00Z,29805.5,29814,28927.5,29253,36087.513
2023-07-24T12:00:00Z,29253,29253.5,28848.5,29081.5,33167.962
2023-07-24T16:00:00Z,29081.5,29141.5,28981,29099,15637.425
2023-07-24T20:00:00Z,29099,29187,29072,29155.5,15731.082
2023-07-25T00:00:00Z,29155.5,29165.5,29033,29092,16259.515
2023-07-25T04:00:00Z,29092,29147.5,29051.5,29119.5,15978.856
2023-07-25T08:00:00Z,29119.5,29265,29103,29117.5,17310.981
2023-07-25T12:00:00Z,29117.5,29324.5,29059.5,29161.5,24947.595
2023-07-25T16:00:00Z,29161.5,29357,29161,29180.5,15144.594
2023-07-25T20:00:00Z,29180.5,29234.5,29162,29210.5,10147.557
2023-07-26T00:00:00Z,29210.5,29398,29075,29230,19206.701
2023-07-26T04:00:00Z,29230,29306,29169.5,29199.5,14985.067
2023-07-26T08:00:00Z,29199.5,29221,29138,29154,12402.41
2023-07-26T12:00:00Z,29154,29335.5,29146.5,29298.5,18266.916
2023-07-26T16:00:00Z,29298.5,29480,29171.5,29377.5,27661.376
2023-07-26T20:00:00Z,29377.5,29660,29273,29344.5,27775.07
2023-07-27T00:00:00Z,29344.5,29445.5,29293.5,29397.5,14769.063
2023-07-27T04:00:00Z,29397.5,29494.5,29377.5,29409,14641.866
2023-07-27T08:00:00Z,29409,29564,29394.5,29504,14948.476
2023-07-27T12:00:00Z,29504,29505,29217,29270.5,23655.517
2023-07-27T16:00:00Z,29270.5,29317,29059.5,29143,22635.521
2023-07-27T20:00:00Z,29143,29217,29111,29202.5,14972.9
2023-07-28T00:00:00Z,29202.5,29287,29165,29230.5,18158.611
2023-07-28T04:00:00Z,29230.5,29247,29117.5,29125,14343.676
2023-07-28T08:00:00Z,29125,29224.5,29107.5,29189,14833.572
2023-07-28T12:00:00Z,29189,29529,29186,29367.5,28584.571
2023-07-28T16:00:00Z,29367.5,29384,29180,29293,17701.416
2023-07-28T20:00:00Z,29293,29351,29261,29294,11589.467
2023-07-29T00:00:00Z,29294,29370.5,29274,29348,11119.775
2023-07-29T04:00:00Z,29348,29384,29269.5,29274,11929.043
2023-07-29T08:00:00Z,29274,29310,29230,29256.5,11944.454
2023-07-29T12:00:00Z,29256.5,29320.5,29244.5,29276,10771.613
2023-07-29T16:00:00Z,29276,29331,29272,29318.5,10266.933
2023-07-29T20:00:00Z,29318.5,29358.5,29318.5,29334.5,12449.988
2023-07-30T00:00:00Z,29334.5,29334.5,29284.5,29296.5,10903.824
2023-07-30T04:00:00Z,29296.5,29310,29250.5,29275.5,11827.562
2023-07-30T08:00:00Z,29275.5,29305.5,29215,29291.5,14096.416
2023-07-30T12:00:00Z,29291.5,29430,29255,29325,17523.81
2023-07-30T16:00:00Z,29325,29388.5,29092,29181,16566.047
2023-07-30T20:00:00Z,29181,29269.5,29013.5,29262.5,19691.263
2023-07-31T00:00:00Z,29262.5,29510,29241,29395,24511.382
2023-07-31T04:00:00Z,29395,29425,29347,29358,14807.972
2023-07-31T08:00:00Z,29358,29401.5,29314.5,29386.5,16106.572
2023-07-31T12:00:00Z,29386.5,29452.5,29205,29227.5,23324.393
2023-07-31T16:00:00Z,29227.5,29255.5,29093.5,29143.5,21557.814
2023-07-31T20:00:00Z,29143.5,29277,29104,29216,15976.148
2023-08-01T00:00:00Z,29216,29324.5,28695.5,28822.5,29904.361
2023-08-01T04:00:00Z,28822.5,28950,28787,28913,15246.39
2023-08-01T08:00:00Z,28913,28976,28842,28843.5,16500.645
2023-08-01T12:00:00Z,28843.5,28964,28559.5,28934.5,29316.74
2023-08-01T16:00:00Z,28934.5,29324.5,28841,29253.5,32175.935
2023-08-01T20:00:00Z,29253.5,29722,29162.5,29690.5,29642.009
2023-08-02T00:00:00Z,29690.5,30043.5,29618,29633.5,37361.591
2023-08-02T04:00:00Z,29633.5,29720,29566.5,29587,18359.225
2023-08-02T08:00:00Z,29587,29588.5,29389.5,29548,22253.867
2023-08-02T12:00:00Z,29548,29587,29155,29309.5,31214.11
2023-08-02T16:00:00Z,29309.5,29349,28907,29141,29960.911
2023-08-02T20:00:00Z,29141,29218,29043,29162,15873.706
2023-08-03T00:00:00Z,29162,29266,29111,29161.5,16041.22
2023-08-03T04:00:00Z,29161.5,29174,29002.5,29033.5,17497.688
2023-08-03T08:00:00Z,29033.5,29179.5,28951,29127.5,17618.172
2023-08-03T12:00:00Z,29127.5,29414,29059,29238.5,29193.307
2023-08-03T16:00:00Z,29238.5,29353.5,29121.5,29264,17797.529
2023-08-03T20:00:00Z,29264,29346,29145.5,29174.5,14462.51
2023-08-04T00:00:00Z,29174.5,29235,29077,29143,17023.296
2023-08-04T04:00:00Z,29143,29235,29118,29193.5,14162.057
2023-08-04T08:00:00Z,29193.5,29240.5,29116,29150.5,14933.471
2023-08-04T12:00:00Z,29150.5,29310,29107,29247.5,22141.065
2023-08-04T16:00:00Z,29247.5,29264.5,28928,29013.5,22753.929
2023-08-04T20:00:00Z,29013.5,29104,28781,29092,21202.055
2023-08-05T00:00:00Z,29092,29134,29046.5,29074.5,11498.106
2023-08-05T04:00:00Z,29074.5,29081,29015,29040,11173.068
2023-08-05T08:00:00Z,29040,29074.5,29027.5,29032,10438.221
2023-08-05T12:00:00Z,29032,29064,28969,29023,14074.229
2023-08-05T16:00:00Z,29023,29085.5,28989,29050,15347.868
2023-08-05T20:00:00Z,29050,29074,29036,29050.5,9495.821
2023-08-06T00:00:00Z,29050.5,29061,29018.5,29045,9851.903
2023-08-06T04:00:00Z,29045,29091.5,29027,29075,12866.225
2023-08-06T08:00:00Z,29075,29121.5,29028,29061.5,9636.062
2023-08-06T12:00:00Z,29061.5,29061.5,28972.5,28997,12121.112
2023-08-06T16:00:00Z,28997,29086.5,28985.5,29068.5,10625.102
2023-08-06T20:00:00Z,29068.5,29185,29018,29071,14303.747
2023-08-07T00:00:00Z,29071,29205,29005,29139.5,15591.389
2023-08-07T04:00:00Z,29139.5,29177,29033,29078.5,13822.454
2023-08-07T08:00:00Z,29078.5,29137.5,29037,29082,12556.871
2023-08-07T12:00:00Z,29082,29140,28784,28849.5,28386.336
2023-08-07T16:00:00Z,28849.5,29170,28691,29135,28757.275
2023-08-07T20:00:00Z,29135,29260,29100,29192,19390.181
2023-08-08T00:00:00Z,29192,29244.5,29123,29173,15259.663
2023-08-08T04:00:00Z,29173,29315,29163.5,29169,17996.386
2023-08-08T08:00:00Z,29169,29424,29154,29415.5,19221.297
2023-08-08T12:00:00Z,29415.5,29674.5,29339.5,29532,39794.099
2023-08-08T16:00:00Z,29532,29956.5,29529,29874,36466.506
2023-08-08T20:00:00Z,29874,30244,29687.5,29773,29242.454
2023-08-09T00:00:00Z,29773,29881.5,29655.5,29719.5,17890.056
2023-08-09T04:00:00Z,29719.5,29816.5,29672,29816,13719.024
2023-08-09T08:00:00Z,29816,29919,29741.5,29890,17291.907
2023-08-09T12:00:00Z,29890,30139.5,29676.5,29760,30615.093
2023-08-09T16:00:00Z,29760,29775.5,29375,29399.5,30131.515
2023-08-09T20:00:00Z,29399.5,29610,29362,29561,16790.207
2023-08-10T00:00:00Z,29561,29641,29545,29562,14594.539
2023-08-10T04:00:00Z,29562,29600,29475,29497.5,13194.506
2023-08-10T08:00:00Z,29497.5,29544.5,29458,29485.5,15115.681
2023-08-10T12:00:00Z,29485.5,29737,29380,29445,29791.793
2023-08-10T16:00:00Z,29445,29460,29317.5,29431,17704.97
2023-08-10T20:00:00Z,29431,29475,29407,29439.5,13460.131
2023-08-11T00:00:00Z,29439.5,29479.5,29340,29395,13241.477
2023-08-11T04:00:00Z,29395,29469.5,29372,29407.5,15331.577
2023-08-11T08:00:00Z,29407.5,29438,29340,29431,13134.518
2023-08-11T12:00:00Z,29431,29550,29336,29380,22279.62
2023-08-11T16:00:00Z,29380,29420.5,29231,29378.5,16257.549
2023-08-11T20:00:00Z,29378.5,29431.5,29378,29406,11308.903
2023-08-12T00:00:00Z,29406,29439,29363.5,29382,9808.513
2023-08-12T04:00:00Z,29382,29408,29370.5,29404.5,11181.877
2023-08-12T08:00:00Z,29404.5,29414.5,29376,29411,9277.242
2023-08-12T12:00:00Z,29411,29435,29390,29415.5,9248.312
2023-08-12T16:00:00Z,29415.5,29461.5,29392.5,29396,7461.98
2023-08-12T20:00:00Z,29396,29420,29382.5,29415.5,9002.38
2023-08-13T00:00:00Z,29415.5,29441,29384,29405.5,11308.793
2023-08-13T04:00:00Z,29405.5,29405.5,29353,29388.5,10532.831
2023-08-13T08:00:00Z,29388.5,29403.5,29360,29375,8505.685
2023-08-13T12:00:00Z,29375,29388.5,29341.5,29364,10177.441
2023-08-13T16:00:00Z,29364,29456,29322,29425,11918.551
2023-08-13T20:00:00Z,29425,29431,29261,29296.5,12271.717
2023-08-14T00:00:00Z,29296.5,29407,29081,29380,25500.358
2023-08-14T04:00:00Z,29380,29450,29373,29404,14135.327
2023-08-14T08:00:00Z,29404,29474,29365,29390.5,13918.896
2023-08-14T12:00:00Z,29390.5,29650,29324,29579.5,21811.656
2023-08-14T16:00:00Z,29579.5,29675,29240,29345,23988.842
2023-08-14T20:00:00Z,29345,29460,29321.5,29418,15101.791
2023-08-15T00:00:00Z,29418,29440,29361,29386.5,11775.844
2023-08-15T04:00:00Z,29386.5,29418,29340.5,29395.5,13496.779
2023-08-15T08:00:00Z,29395.5,29437,29345,29359.5,12075.015
2023-08-15T12:00:00Z,29359.5,29478.5,29295.5,29320,19903.235
2023-08-15T16:00:00Z,29320,29359.5,29065.5,29173.5,24946.938
2023-08-15T20:00:00Z,29173.5,29243,29128,29195,12456.471
2023-08-16T00:00:00Z,29195,29255,29181,29219.5,13158.905
2023-08-16T04:00:00Z,29219.5,29230,29104.5,29191,14410.699
2023-08-16T08:00:00Z,29191,29214,29094,29154,14520.156
2023-08-16T12:00:00Z,29154,29200,29032,29095.5,24784.331
2023-08-16T16:00:00Z,29095.5,29229,28936,29106.5,26838.686
2023-08-16T20:00:00Z,29106.5,29138.5,28715.5,28724.5,26381.776
2023-08-17T00:00:00Z,28724.5,28782,28312.5,28650,32035.627
2023-08-17T04:00:00Z,28650,28698,28592.5,28619,16703.459
2023-08-17T08:00:00Z,28619,28633.5,28476.5,28538,18963.089
2023-08-17T12:00:00Z,28538,28570,27862.5,27920.5,48512.672
2023-08-17T16:00:00Z,27920.5,28073,27673.5,27888.5,32069.996
2023-08-17T20:00:00Z,27888.5,27919.5,24258,26602,89046.151
2023-08-18T00:00:00Z,26602,26812,26298,26381,23745.751
2023-08-18T04:00:00Z,26381,26590,26139,26408,27337.323
2023-08-18T08:00:00Z,26408,26589.5,26363.5,26473.5,23412.553
2023-08-18T12:00:00Z,26473.5,26479,25910,25983.5,31098.912
2023-08-18T16:00:00Z,25983.5,26292.5,25587,26045.5,33733.253
2023-08-18T20:00:00Z,26045.5,26224,25991.5,26034.5,18010.219
2023-08-19T00:00:00Z,26034.5,26139,25910,25949.5,17019.366
2023-08-19T04:00:00Z,25949.5,25988,25781.5,25899,18779.96
2023-08-19T08:00:00Z,25899,25981,25875.5,25887.5,17267.512
2023-08-19T12:00:00Z,25887.5,26208.5,25857.5,26199,19937.149
2023-08-19T16:00:00Z,26199,26262,26015,26107.5,18053.004
2023-08-19T20:00:00Z,26107.5,26137,26014,26091,10035.081
2023-08-20T00:00:00Z,26091,26185,26033.5,26087,12882.518
2023-08-20T04:00:00Z,26087,26139.5,26029.5,26069.5,13625.958
2023-08-20T08:00:00Z,26069.5,26179.5,26039.5,26158.5,13302.867
2023-08-20T12:00:00Z,26158.5,26197.5,25950,26086.5,17962.685
2023-08-20T16:00:00Z,26086.5,26149,25983.5,26116,9678.199
2023-08-20T20:00:00Z,26116,26282.5,26116,26168.5,16254.745
2023-08-21T00:00:00Z,26168.5,26175.5,26051.5,26071.5,12949.621
2023-08-21T04:00:00Z,26071.5,26166.5,25988,26006.5,15560.545
2023-08-21T08:00:00Z,26006.5,26073,25866.5,26013.5,18117.049
2023-08-21T12:00:00Z,26013.5,26184,25791,25920,25949.249
2023-08-21T16:00:00Z,25920,26147.5,25918.5,26080,19083.136
2023-08-21T20:00:00Z,26080,26237.5,26059.5,26116.5,14513.428
2023-08-22T00:00:00Z,26116.5,26127,26011,26039,15326.403
2023-08-22T04:00:00Z,26039,26095,25980,26084,15013.71
2023-08-22T08:00:00Z,26084,26090,26009,26036,13179.192
2023-08-22T12:00:00Z,26036,26079.5,25902,25925,20186.756
2023-08-22T16:00:00Z,25925,26042.5,25702,25761.5,30760.878
2023-08-22T20:00:00Z,25761.5,26053.5,25299,26036,30230.872
2023-08-23T00:00:00Z,26036,26175,25975,25988,21024.005
2023-08-23T04:00:00Z,25988,26160,25965.5,26036.5,18744.12
2023-08-23T08:00:00Z,26036.5,26076,25890,25921,19447.002
2023-08-23T12:00:00Z,25921,26176,25796.5,26126.5,29261.148
2023-08-23T16:00:00Z,26126.5,26816,26105.5,26623.5,39923.648
2023-08-24T00:00:00Z,26431.5,26545.5,26350,26438,16953.227
2023-08-24T04:00:00Z,26438,26506.5,26383.5,26469.5,17616.764
2023-08-24T08:00:00Z,26469.5,26578,26409.5,26442.5,17923.467
2023-08-24T12:00:00Z,26442.5,26443,25969.5,25977.5,36279.505
2023-08-24T16:00:00Z,25977.5,26145,25834,26018.5,24426.401
2023-08-24T20:00:00Z,26018.5,26185.5,25917,26155,15850.726
2023-08-25T00:00:00Z,26155,26167.5,25992,26085,14517.33
2023-08-25T04:00:00Z,26085,26094,25960,25961,14621.444
2023-08-25T08:00:00Z,25961,26113,25960.5,26081,15789.673
2023-08-25T12:00:00Z,26081,26293,25756,25911,37982.263
2023-08-25T16:00:00Z,25911,26045.5,25813,25954,23007.455
2023-08-25T20:00:00Z,25954,26066,25940.5,26039.5,17132.108
2023-08-26T00:00:00Z,26039.5,26103,26014,26068.5,10581.039
2023-08-26T04:00:00Z,26068.5,26070.5,26027,26030,10885.582
2023-08-26T08:00:00Z,26030,26039.5,25987,26029.5,13040.641
2023-08-26T12:00:00Z,26029.5,26058,25971,26032,11903.754
2023-08-26T16:00:00Z,26032,26039.5,25989,26017.5,9348.736
2023-08-26T20:00:00Z,26017.5,26028.5,25972,26002.5,9145.601
2023-08-27T00:00:00Z,26002.5,26014,25955,26005,9642.937
2023-08-27T04:00:00Z,26005,26034,26002.5,26020.5,9045.977
2023-08-27T08:00:00Z,26020.5,26077,26011.5,26042,10217.258
2023-08-27T12:00:00Z,26042,26167.5,26032.5,26103.5,14363.12
2023-08-27T16:00:00Z,26103.5,26162,26025.5,26117,14965.939
2023-08-27T20:00:00Z,26117,26126,26031.5,26080.5,9780.062
2023-08-28T00:00:00Z,26080.5,26084.5,25970,26000,13904.692
2023-08-28T04:00:00Z,26000,26018.5,25850,25917.5,13782.159
2023-08-28T08:00:00Z,25917.5,25985,25850,25981.5,12876.887
2023-08-28T12:00:00Z,25981.5,26231,25971.5,26082.5,28195.574
2023-08-28T16:00:00Z,26082.5,26178,25894.5,25978,17819.496
2023-08-28T20:00:00Z,25978,26157,25932,26097.5,17096.189
2023-08-29T00:00:00Z,26097.5,26185,26046.5,26065,14501.985
2023-08-29T04:00:00Z,26065,26073,25978.5,25992.5,19185.637
2023-08-29T08:00:00Z,25992.5,26028.5,25903.5,25962,15833.257
2023-08-29T12:00:00Z,25962,27680.5,25948,27419,76984.39
2023-08-29T16:00:00Z,27419,28150,27346,27827,49576.495
2023-08-29T20:00:00Z,27827,27882.5,27528,27712,18887.833
2023-08-30T00:00:00Z,27712,27766.5,27287,27396.5,26033.655
2023-08-30T04:00:00Z,27396.5,27471.5,27374.5,27440.5,13593.577
2023-08-30T08:00:00Z,27440.5,27502,27312,27339.5,11843.432
2023-08-30T12:00:00Z,27339.5,27463,27007,27200,29554.614
2023-08-30T16:00:00Z,27200,27285,27065.5,27176,11788.298
2023-08-30T20:00:00Z,27176,27336,27175,27292.5,9691.594
2023-08-31T00:00:00Z,27292.5,27295.5,27179,27217.5,9266.526
2023-08-31T04:00:00Z,27217.5,27292,27209.5,27257.5,14434.916
2023-08-31T08:00:00Z,27257.5,27562.5,27188,27300.5,21201.515
2023-08-31T12:00:00Z,27300.5,27315,26799,26921,31494.284
2023-08-31T16:00:00Z,26921,26922.5,25896.5,26149,51534.12
2023-08-31T20:00:00Z,26149,26172,25632,25921.5,28703.175
2023-09-01T00:00:00Z,25921.5,26081,25912.5,26060,12636.68
2023-09-01T04:00:00Z,26060,26074.5,25961,25972.5,12587.344
2023-09-01T08:00:00Z,25972.5,26057,25938,26024.5,13217.207
2023-09-01T12:00:00Z,26024.5,26136.5,25560,25809,36333.393
2023-09-01T16:00:00Z,25809,25959,25322,25628,34396.362
2023-09-01T20:00:00Z,25628,25919,25553.5,25788.5,17273.206
2023-09-02T00:00:00Z,25788.5,25822.5,25737.5,25783,13559.502
2023-09-02T04:00:00Z,25783,25828.5,25747.5,25780.5,11271.294
2023-09-02T08:00:00Z,25780.5,25839,25758,25794.5,11217.946
2023-09-02T12:00:00Z,25794.5,25965.5,25771.5,25873.5,16375.998
2023-09-02T16:00:00Z,25873.5,25919,25747,25815,11398.382
2023-09-02T20:00:00Z,25815,25885.5,25797.5,25849.5,8809.347
2023-09-03T00:00:00Z,25849.5,25889,25805.5,25841.5,8459.915
2023-09-03T04:00:00Z,25841.5,25934.5,25841,25933,9387.661
2023-09-03T08:00:00Z,25933,25935.5,25858,25921.5,8092.074
2023-09-03T12:00:00Z,25921.5,26072,25812.5,25871,15247.729
2023-09-03T16:00:00Z,25871,26041,25800.5,25995.5,13506.331
2023-09-03T20:00:00Z,25995.5,26124.5,25910,25954.5,12014.792
2023-09-04T00:00:00Z,25954.5,26085,25862,25967.5,12051.836
2023-09-04T04:00:00Z,25967.5,25998,25894,25946,9744.449
2023-09-04T08:00:00Z,25946,25992,25851,25873.5,10950.364
2023-09-04T12:00:00Z,25873.5,25947.5,25705.5,25797,20281.37
2023-09-04T16:00:00Z,25797,25928,25788.5,25872,9879.773
2023-09-04T20:00:00Z,25872,25901.5,25611,25805,13927.207
2023-09-05T00:00:00Z,25805,25820,25547,25671.5,13646.137
2023-09-05T04:00:00Z,25671.5,25735.5,25655.5,25716,10697.614
2023-09-05T08:00:00Z,25716,25789,25640,25761.5,14366.246
2023-09-05T12:00:00Z,25761.5,25888,25611,25739.5,26200.632
2023-09-05T16:00:00Z,25739.5,25830,25662,25662,15164.2
2023-09-05T20:00:00Z,25662,25785,25652,25771,11567.012
2023-09-06T00:00:00Z,25771,25849.5,25751,25766.5,14311.138
2023-09-06T04:00:00Z,25766.5,25775,25710.5,25712.5,10643.766
2023-09-06T08:00:00Z,25712.5,25758,25693.5,25717,11485.873
2023-09-06T12:00:00Z,25717,25763.5,25521,25568,19536.567
2023-09-06T16:00:00Z,25568,26032,25350.5,25668,31682.809
2023-09-06T20:00:00Z,25668,25765.5,25635.5,25741.5,12305.321
2023-09-07T00:00:00Z,25741.5,25820,25704,25815,10240.125
2023-09-07T04:00:00Z,25815,25828.5,25731.5,25745,11327.621
2023-09-07T08:00:00Z,25745,25745.5,25678,25693,9075.244
2023-09-07T12:00:00Z,25693,25814,25597.5,25762,17361.189
2023-09-07T16:00:00Z,25762,25959.5,25757,25860,13129.259
2023-09-07T20:00:00Z,25860,26434.5,25838.5,26248.5,30344.746
2023-09-08T00:00:00Z,26248.5,26445,26201,26251,14244.686
2023-09-08T04:00:00Z,26251,26382,26190,26252.5,13430.769
2023-09-08T08:00:00Z,26252.5,26264.5,25644.5,25835,26547.237
2023-09-08T12:00:00Z,25835,25950.5,25788,25839,14943.598
2023-09-08T16:00:00Z,25839,25893,25721,25893,12348.657
2023-09-08T20:00:00Z,25893,25930.5,25846,25907,8269.697
2023-09-09T00:00:00Z,25907,25907,25845,25871,6466.603
2023-09-09T04:00:00Z,25871,25891.5,25832.5,25878.5,6335.792
2023-09-09T08:00:00Z,25878.5,25902.5,25846,25859,6231.42
2023-09-09T12:00:00Z,25859,25928.5,25793.5,25889,7583.478
2023-09-09T16:00:00Z,25889,25947,25843,25868.5,6853.652
2023-09-09T20:00:00Z,25868.5,25917,25856.5,25899,5282.544
2023-09-10T00:00:00Z,25899,25901.5,25825.5,25862.5,7241.638
2023-09-10T04:00:00Z,25862.5,25862.5,25758,25835,8792.172
2023-09-10T08:00:00Z,25835,25847,25777.5,25780.5,7584.374
2023-09-10T12:00:00Z,25780.5,25819.5,25698.5,25759,10872.574
2023-09-10T16:00:00Z,25759,25845.5,25548,25779,16884.421
2023-09-10T20:00:00Z,25779,26020,25750,25821,15121.697
2023-09-11T00:00:00Z,25821,25857.5,25640,25720,14031.503
2023-09-11T04:00:00Z,25720,25885,25704,25795.5,13245.552
2023-09-11T08:00:00Z,25795.5,25813,25560,25585.5,22438.011
2023-09-11T12:00:00Z,25585.5,25736,24924,25096,53149.142
2023-09-11T16:00:00Z,25096,25227,24971,25000,19585.133
2023-09-11T20:00:00Z,25000,25200,24875.5,25146,20379.073
2023-09-12T00:00:00Z,25146,25939,25115.5,25780,36043.868
2023-09-12T04:00:00Z,25780,25973,25595.5,25803,29251.435
2023-09-12T08:00:00Z,25803,26333,25715.5,26079.5,29093.517
2023-09-12T12:00:00Z,26079.5,26391,26017,26191,26984.437
2023-09-12T16:00:00Z,26191,26560.5,25878.5,26060.5,35638.125
2023-09-12T20:00:00Z,26060.5,26157,25791,25836,16688.708
2023-09-13T00:00:00Z,25836,25982,25759.5,25878.5,17843.109
2023-09-13T04:00:00Z,25878.5,26107.5,25846,25876.5,18660.287
2023-09-13T08:00:00Z,25876.5,26249,25860,26195.5,22636.348
2023-09-13T12:00:00Z,26195.5,26386,26020,26236,33105.271
2023-09-13T16:00:00Z,26236,26403.5,26048,26138,21872.647
2023-09-13T20:00:00Z,26138,26300,26137.5,26222,12240.606
2023-09-14T00:00:00Z,26222,26545.5,26118.5,26260,30093.028
2023-09-14T04:00:00Z,26260,26384.2,26158.5,26338.2,16780.878
2023-09-14T08:00:00Z,26338.2,26488,26264.8,26438.9,15140.322
2023-09-14T12:00:00Z,26438.9,26799.4,26332.7,26687.9,41343.649
2023-09-14T16:00:00Z,26687.9,26858.3,26538.6,26669.9,19144.061
2023-09-14T20:00:00Z,26669.9,26720,26471.8,26530,14165.194
2023-09-15T00:00:00Z,26530,26621,26446.7,26609.9,12955.669
2023-09-15T04:00:00Z,26609.9,26654,26545.7,26562.8,14411.999
2023-09-15T08:00:00Z,26562.8,26688.3,26368.5,26424.1,17747.13
2023-09-15T12:00:00Z,26424.1,26526,26220,26318.5,20909.954
2023-09-15T16:00:00Z,26318.5,26439.2,26310.9,26391.7,9906.351
2023-09-15T20:00:00Z,26391.7,26889.5,26365.2,26601,19419.432
2023-09-16T00:00:00Z,26601,26770,26571.5,26611.2,12095.146
2023-09-16T04:00:00Z,26611.2,26615,26464.1,26494.4,12472.651
2023-09-16T08:00:00Z,26494.4,26579.8,26449.7,26519.2,18181.388
2023-09-16T12:00:00Z,26519.2,26572.9,26478.1,26502.7,14657.785
2023-09-16T16:00:00Z,26502.7,26620.2,26495.3,26531.6,13767.358
2023-09-16T20:00:00Z,26531.6,26576.3,26506,26556.5,10164.653
2023-09-17T00:00:00Z,26556.5,26556.7,26410,26520.9,12788.797
2023-09-17T04:00:00Z,26520.9,26567.8,26490.4,26492.1,7725.372
2023-09-17T08:00:00Z,26492.1,26617.5,26489.1,26562.4,9745.733
2023-09-17T12:00:00Z,26562.4,26603.2,26522,26543.4,7667.413
2023-09-17T16:00:00Z,26543.4,26546.7,26463.7,26499.7,6815.835
2023-09-17T20:00:00Z,26499.7,26534.7,26396.9,26522.2,10157.294
2023-09-18T00:00:00Z,26522.2,26743.6,26380,26654.7,19283.817
2023-09-18T04:00:00Z,26654.7,26797.9,26561.8,26706.1,16237.674
2023-09-18T08:00:00Z,26706.1,27235,26675.3,27193.2,39822.075
2023-09-18T12:00:00Z,27193.2,27406.5,27131.1,27263.2,31241.485
2023-09-18T16:00:00Z,27263.2,27304.8,26625.7,26811.8,36517.399
2023-09-18T20:00:00Z,26811.8,26877.4,26727.7,26763.8,14285.695
2023-09-19T00:00:00Z,26763.8,26832,26664.7,26815.9,11273.877
2023-09-19T04:00:00Z,26815.9,26868,26750,26840.9,12346.844
2023-09-19T08:00:00Z,26840.9,27478.4,26840.9,27233.1,33095.272
2023-09-19T12:00:00Z,27233.1,27477.5,26878,27419.7,36661.682
2023-09-19T16:00:00Z,27419.7,27478.4,27069.1,27181.4,19041.115
2023-09-19T20:00:00Z,27181.4,27222.2,26988.5,27203.6,14479.527
2023-09-20T00:00:00Z,27203.6,27385.5,27086,27117.9,14222.146
2023-09-20T04:00:00Z,27117.9,27156.8,26935.5,27100.1,16868.512
2023-09-20T08:00:00Z,27100.1,27192.5,26940.6,27093,15745.783
2023-09-20T12:00:00Z,27093,27235.6,26990.2,27178.2,17261.223
2023-09-20T16:00:00Z,27178.2,27299,26784.3,26922.9,28573.754
2023-09-20T20:00:00Z,26922.9,27244,26912.4,27117.4,15005.12
2023-09-21T00:00:00Z,27117.4,27153.3,26929.2,27033.4,12865.798
2023-09-21T04:00:00Z,27033.4,27097.4,26976.1,26987,7835.689
2023-09-21T08:00:00Z,26987,27014.9,26607.9,26712.6,21911.173
2023-09-21T12:00:00Z,26712.6,26758.5,26361,26566.2,28227.69
2023-09-21T16:00:00Z,26566.2,26675,26533,26577.3,8287.217
2023-09-21T20:00:00Z,26577.3,26601.1,26474.4,26545.5,6236.184
2023-09-22T00:00:00Z,26545.5,26645.8,26448.5,26607.3,9078.56
2023-09-22T04:00:00Z,26607.3,26699.7,26570.4,26666.5,8634.176
2023-09-22T08:00:00Z,26666.5,26740,26585.1,26638,8883.973
2023-09-22T12:00:00Z,26638,26695.1,26557,26627.5,10441.493
2023-09-22T16:00:00Z,26627.5,26640.3,26524.9,26534.2,7189.946
2023-09-22T20:00:00Z,26534.2,26593.9,26480.5,26574.1,5098.761
2023-09-23T00:00:00Z,26574.1,26611.5,26521.5,26528.1,4244.43
2023-09-23T04:00:00Z,26528.1,26576.8,26505.1,26575.7,5246.765
2023-09-23T08:00:00Z,26575.7,26584.9,26547.3,26572.1,3388.53
2023-09-23T12:00:00Z,26572.1,26586.9,26542.1,26574.9,3875.362
2023-09-23T16:00:00Z,26574.9,26628,26553.7,26604.3,4040.098
2023-09-23T20:00:00Z,26604.3,26608,26553.3,26572.6,3387.215
2023-09-24T00:00:00Z,26572.6,26586,26553.9,26566.2,2627.947
2023-09-24T04:00:00Z,26566.2,26570.1,26544.4,26559.8,3523.305
2023-09-24T08:00:00Z,26559.8,26609.9,26559.7,26592.9,3400.717
2023-09-24T12:00:00Z,26592.9,26619,26559,26573.7,4287.39
2023-09-24T16:00:00Z,26573.7,26735,26311,26430.1,16790.896
2023-09-24T20:00:00Z,26430.1,26504.3,26083.9,26225,15692.725
2023-09-25T00:00:00Z,26225,26314.8,25971,26139.4,18779.443
2023-09-25T04:00:00Z,26139.4,26176.2,26027,26171,9881.418
2023-09-25T08:00:00Z,26171,26213,26001.2,26056.5,9234.635
2023-09-25T12:00:00Z,26056.5,26281.1,25985.4,26219.3,14216.179
2023-09-25T16:00:00Z,26219.3,26404.3,26197.8,26304,12862.255
2023-09-25T20:00:00Z,26304,26431.6,26241,26281.4,6444.778
2023-09-26T00:00:00Z,26281.4,26380,26214.1,26340,6218.774
2023-09-26T08:00:00Z,26257.1,26308.8,26168.5,26255.1,10558.651
2023-09-26T12:00:00Z,26255.1,26284.9,26073,26108.4,14925.542
2023-09-26T16:00:00Z,26108.4,26279.9,26099.5,26227.9,9565.163
2023-09-26T20:00:00Z,26227.9,26267.5,26078.8,26200.2,7673.931
2023-09-27T00:00:00Z,26200.2,26270.5,26183,26259.2,7014.116
2023-09-27T04:00:00Z,26259.2,26269.9,26214.7,26230.9,5034.746
2023-09-27T08:00:00Z,26230.9,26840,26205,26760,27123.613
2023-09-27T12:00:00Z,26760,26874.1,26158.8,26300.7,35927.46
2023-09-27T16:00:00Z,26300.7,26310.1,26107.9,26262.8,10242.057
2023-09-27T20:00:00Z,26262.8,26400.8,26222.9,26365,5920.624
2023-09-28T00:00:00Z,26365,26552,26333.3,26374.4,11358.887
2023-09-28T04:00:00Z,26374.4,26504.5,26341.3,26453.9,6367.633
2023-09-28T08:00:00Z,26453.9,26624.3,26383.3,26470,10723.477
2023-09-28T12:00:00Z,26470,27078.6,26459.5,27011.3,27731.963
2023-09-28T16:00:00Z,27011.3,27316.2,26847.3,27095.3,28367.084
2023-09-28T20:00:00Z,27095.3,27166.3,26890,27019.6,9111.192
2023-09-29T00:00:00Z,27019.6,27135,26866.5,26954.5,8193.767
2023-09-29T04:00:00Z,26954.5,27244.6,26892.3,27176.9,8719.196
2023-09-29T08:00:00Z,27176.9,27177,26957.8,26963.9,9533.123
2023-09-29T12:00:00Z,26963.9,27112.5,26668,26884.3,26484.874
2023-09-29T16:00:00Z,26884.3,26955.1,26743.5,26922.9,8013.969
2023-09-29T20:00:00Z,26922.9,26983.5,26861.6,26903.4,4600.707
2023-09-30T00:00:00Z,26903.4,26940.7,26883.6,26910.3,4639.079
2023-09-30T04:00:00Z,26910.3,26955.6,26908,26926.1,3801.35
2023-09-30T08:00:00Z,26926.1,26994.6,26919.1,26930.9,4189.721
2023-09-30T12:00:00Z,26930.9,27089.1,26900,26992.5,7302.437
2023-09-30T16:00:00Z,26992.5,27040.1,26967,27019.5,4196.897
2023-09-30T20:00:00Z,27019.5,27078.3,26941.6,26960.2,4775.756
2023-10-01T00:00:00Z,26960.2,27047.3,26951.8,27044.7,3646.543
2023-10-01T04:00:00Z,27044.7,27155.5,27017.8,27100.7,6771.33
2023-10-01T08:00:00Z,27100.7,27287.8,27080.5,27186.4,10753.163
2023-10-01T12:00:00Z,27186.4,27226.1,27082,27148.6,7210.737
2023-10-01T16:00:00Z,27148.6,27149.3,27030.3,27099.5,4656.305
2023-10-01T20:00:00Z,27099.5,28340,27026.2,27988,24024.384
2023-10-02T00:00:00Z,27988,28223.3,27821.9,28121.9,13504.398
2023-10-02T04:00:00Z,28121.9,28434.3,27926.1,28305.6,20110.761
2023-10-02T08:00:00Z,28305.6,28483.4,28185.5,28192.7,16888.654
2023-10-02T12:00:00Z,28192.7,28598.8,27985,28032.8,27186.469
2023-10-02T16:00:00Z,28032.8,28119.5,27628.3,27964.3,23108.767
2023-10-02T20:00:00Z,27964.3,27964.3,27270,27495.1,15628.564
2023-10-03T00:00:00Z,27495.1,27635.3,27381,27601.4,8000.867
2023-10-03T04:00:00Z,27601.4,27668.5,27520,27537.6,6320.511
2023-10-03T08:00:00Z,27537.6,27637.5,27468.7,27555.6,7757.666
2023-10-03T12:00:00Z,27555.6,27578.5,27235,27339.1,21179.75
2023-10-03T16:00:00Z,27339.1,27486.6,27247.7,27265,10528.914
2023-10-03T20:00:00Z,27265,27465.6,27155,27420.7,10990.426
2023-10-04T00:00:00Z,27420.7,27510.1,27203.8,27427.2,11562.434
2023-10-04T04:00:00Z,27427.2,27449.6,27348.1,27449,7010.66
2023-10-04T08:00:00Z,27449,27640.5,27430,27569,11511.027
2023-10-04T12:00:00Z,27569,27628.5,27325.2,27399.3,12828.722
2023-10-04T16:00:00Z,27399.3,27837.5,27398.2,27612.6,15410.652
2023-10-04T20:00:00Z,27612.6,27829.3,27557.4,27774.1,8718.725
2023-10-05T00:00:00Z,27774.1,27896.6,27645.8,27650,8278.38
2023-10-05T04:00:00Z,27650,27696.8,27547.2,27606.2,6540.763
2023-10-05T08:00:00Z,27606.2,27768.9,27593.4,27721.1,8944.229
2023-10-05T12:00:00Z,27721.1,28119.2,27400,27552.3,42423.272
2023-10-05T16:00:00Z,27552.3,27613.5,27351,27463.4,15643.512
2023-10-05T20:00:00Z,27463.4,27506.8,27389.1,27406.5,5260.176
2023-10-06T00:00:00Z,27406.5,27587.9,27392.5,27553.5,7763.41
2023-10-06T04:00:00Z,27553.5,27645.9,27458.2,27633.9,8554.84
2023-10-06T08:00:00Z,27633.9,27790,27585,27750.6,15463.696
2023-10-06T12:00:00Z,27750.6,28047.9,27166,27936.8,40977.618
2023-10-06T16:00:00Z,27936.8,28037.1,27781.6,27945.3,16504.186
2023-10-06T20:00:00Z,27945.3,28305.9,27872.1,27926.2,16193.641
2023-10-07T00:00:00Z,27926.2,27951.8,27839.8,27900,8026.744
2023-10-07T04:00:00Z,27900,27938.8,27872.2,27888.5,5720.468
2023-10-07T08:00:00Z,27888.5,28020,27877.1,27936.6,7130.196
2023-10-07T12:00:00Z,27936.6,27982.8,27893.2,27934.5,5925.575
2023-10-07T16:00:00Z,27934.5,27958.8,27840.4,27858.3,6019.818
2023-10-07T20:00:00Z,27858.3,27958.3,27850.2,27948.5,4635.675
2023-10-08T00:00:00Z,27948.5,28086.5,27937.2,28056.2,8799.661
2023-10-08T04:00:00Z,28056.2,28066.2,27877,27905,7296.356
2023-10-08T08:00:00Z,27905,27936.6,27773.3,27813.1,8307.379
2023-10-08T12:00:00Z,27813.1,27999,27681.3,27892.2,13253.217
2023-10-08T16:00:00Z,27892.2,27943.5,27802.6,27889.5,4978.249
2023-10-08T20:00:00Z,27889.5,27981.3,27792.1,27914.4,5653.495
2023-10-09T00:00:00Z,27914.4,27985.6,27793.2,27920.4,7145.857
2023-10-09T04:00:00Z,27920.4,27941.6,27812.1,27815.9,5370.223
2023-10-09T08:00:00Z,27815.9,27838.9,27383.1,27446.1,23254.34
2023-10-09T12:00:00Z,27446.1,27552.6,27350.5,27423.5,15300.682
2023-10-09T16:00:00Z,27423.5,27725,27245,27598.2,22148.059
2023-10-09T20:00:00Z,27598.2,27635.4,27535.5,27570.6,5120.812
2023-10-10T00:00:00Z,27570.6,27676,27473.9,27612.9,8090.671
2023-10-10T04:00:00Z,27612.9,27690,27558.9,27641.7,6795.039
2023-10-10T08:00:00Z,27641.7,27732.2,27486.4,27493.5,9004.239
2023-10-10T12:00:00Z,27493.5,27611,27318.1,27388.5,24312.376
2023-10-10T16:00:00Z,27388.5,27491.5,27274.1,27380.5,11032.506
2023-10-10T20:00:00Z,27380.5,27451.4,27301.8,27371.9,5206.411
2023-10-11T00:00:00Z,27371.9,27455,26989.9,26993.1,17090.32
2023-10-11T04:00:00Z,26993.1,27122.3,26946.5,27003.7,9614.514
2023-10-11T08:00:00Z,27003.7,27315.5,26996.3,27176,16372.997
2023-10-11T12:00:00Z,27176,27243.1,26710,26763.9,24886.033
2023-10-11T16:00:00Z,26763.9,26780,26520,26749.5,21600.564
2023-10-11T20:00:00Z,26749.5,26870,26667.5,26858.1,8371.11
2023-10-12T00:00:00Z,26858.1,26926.8,26718,26827.8,9377.025
2023-10-12T04:00:00Z,26827.8,26900.8,26762.1,26792,7870
2023-10-12T08:00:00Z,26792,26848.9,26643.6,26819.8,10638.557
2023-10-12T12:00:00Z,26819.8,26846.2,26603.6,26655.8,15792.415
2023-10-12T16:00:00Z,26655.8,26788.1,26531,26691.4,12271.228
2023-10-12T20:00:00Z,26691.4,26756.7,26684.6,26738.1,4987.054
2023-10-13T00:00:00Z,26738.1,26856.4,26728.3,26761.7,6662.391
2023-10-13T04:00:00Z,26761.7,26923.5,26760.7,26854.4,7330.567
2023-10-13T08:00:00Z,26854.4,26885.9,26721,26802.2,7900.927
2023-10-13T12:00:00Z,26802.2,26947.9,26667.6,26689.4,13511.374
2023-10-13T16:00:00Z,26689.4,26794.2,26666,26762.3,6415.554
2023-10-13T20:00:00Z,26762.3,27110.4,26727.4,26841.2,17794.824
2023-10-14T00:00:00Z,26841.2,26967,26824,26909.7,6253.551
2023-10-14T04:00:00Z,26909.7,26920.6,26828,26849,6109.441
2023-10-14T08:00:00Z,26849,26883.7,26830.9,26854.4,5185.566
2023-10-14T12:00:00Z,26854.4,26922.7,26834.1,26922,4477.679
2023-10-14T16:00:00Z,26922,26929.5,26834,26844.7,5707.459
2023-10-14T20:00:00Z,26844.7,26862.2,26771,26833.5,6749.033
2023-10-15T00:00:00Z,26833.5,26887,26794.8,26861.5,5312.161
2023-10-15T04:00:00Z,26861.5,26870.7,26852.7,26862.6,4199.376
2023-10-15T08:00:00Z,26862.6,26902.8,26824.8,26836.5,3483.929
2023-10-15T12:00:00Z,26836.5,26945,26791,26878.3,9614.79
2023-10-15T16:00:00Z,26878.3,27063,26871.7,27023.3,8321.654
2023-10-15T20:00:00Z,27023.3,27272,26994,27129.4,16854.551
2023-10-16T00:00:00Z,27129.4,27261.9,27089.5,27213.1,9398.282
2023-10-16T04:00:00Z,27213.1,27976.4,27170.2,27843.9,27045.848
2023-10-16T08:00:00Z,27843.9,27897.6,27641.5,27745,13209.223
2023-10-16T12:00:00Z,27745,30625.1,27703.2,28066.5,84581.273
2023-10-16T16:00:00Z,28066.5,28806.6,28065.6,28454.3,22021.278
2023-10-16T20:00:00Z,28454.3,28642,28228.8,28492.6,12002.93
2023-10-17T00:00:00Z,28492.6,28542.7,28230.1,28264.3,9653.639
2023-10-17T04:00:00Z,28264.3,28461.5,28064,28416,13748.359
2023-10-17T08:00:00Z,28416,28610,28347.4,28420,15830.271
2023-10-17T12:00:00Z,28420,28570,28131,28453.8,23442.593
2023-10-17T16:00:00Z,28453.8,28604,28301.8,28508.7,11115.927
2023-10-17T20:00:00Z,28508.7,28551.9,28368.6,28392,6450.658
2023-10-18T00:00:00Z,28392,28510,28325,28504,8363.216
2023-10-18T04:00:00Z,28504,28995,28441,28489.7,25250.422
2023-10-18T08:00:00Z,28489.7,28591.2,28221.3,28341.1,14516.613
2023-10-18T12:00:00Z,28341.1,28402.5,28135,28239.9,15535.476
2023-10-18T16:00:00Z,28239.9,28431,28224.5,28246.3,10373.585
2023-10-18T20:00:00Z,28246.3,28371.4,28183.6,28322.2,6582.106
2023-10-19T00:00:00Z,28322.2,28414.3,28107.7,28254.1,10760.528
2023-10-19T04:00:00Z,28254.1,28343,28224.7,28324.8,7243.972
2023-10-19T08:00:00Z,28324.8,28507.9,28278.1,28449.1,12313.278
2023-10-19T12:00:00Z,28449.1,28808.4,28416.6,28671.3,25907.137
2023-10-19T16:00:00Z,28671.3,28923.3,28455.9,28742.9,18929.314
2023-10-19T20:00:00Z,28742.9,28879.3,28588.5,28705.6,8782.434
2023-10-20T00:00:00Z,28705.6,29410,28568.1,29231.8,25838.062
2023-10-20T04:00:00Z,29231.8,29413.8,29120.6,29239.1,14206.313
2023-10-20T08:00:00Z,29239.1,30262.9,29227.7,29837.7,43498.935
2023-10-20T12:00:00Z,29837.7,29910.6,29378.7,29550.5,28112.426
2023-10-20T16:00:00Z,29550.5,29589.5,29317.2,29558.8,9837.293
2023-10-20T20:00:00Z,29558.8,29783.5,29510,29662,7366.778
2023-10-21T00:00:00Z,29662,29688.3,29461.4,29600.1,8424.837
2023-10-21T04:00:00Z,29600.1,29729,29539,29690.2,8337.436
2023-10-21T08:00:00Z,29690.2,29874.7,29630,29802.4,10697.831
2023-10-21T12:00:00Z,29802.4,29982.2,29674.3,29926.8,15193.954
2023-10-21T16:00:00Z,29926.8,30381.8,29836.2,30138.6,22582.326
2023-10-21T20:00:00Z,30138.6,30154.1,29841.8,29904.3,9436.385
2023-10-22T00:00:00Z,29904.3,30069.5,29839.1,29906.1,8048.502
2023-10-22T04:00:00Z,29906.1,30256,29622.8,29813,16100.752
2023-10-22T08:00:00Z,29813,29990.5,29776.1,29906.5,9117.251
2023-10-22T12:00:00Z,29906.5,29968,29780.6,29823.5,7941.374
2023-10-22T16:00:00Z,29823.5,29946.1,29799.8,29839.4,5815.411
2023-10-22T20:00:00Z,29839.4,30050,29710.7,29988.2,8269.737
2023-10-23T00:00:00Z,29988.2,30817,29882.4,30738.8,28803.649
2023-10-23T04:00:00Z,30738.8,30990,30428.7,30519.7,27769.313
2023-10-23T08:00:00Z,30519.7,30779.9,30349.1,30653.4,15931.146
2023-10-23T12:00:00Z,30653.4,30971.8,30392.3,30873.7,22259.768
2023-10-23T16:00:00Z,30873.7,31430,30623.1,31352.7,36857.767
2023-10-23T20:00:00Z,31352.7,35929.3,31316.5,33093.7,77038.347
2023-10-24T00:00:00Z,33093.7,35286.6,32853.2,34061.9,51584.104
2023-10-24T04:00:00Z,34061.9,34586.1,33708,34012.6,28345.876
2023-10-24T08:00:00Z,34012.6,34876.7,33955.9,34539.6,22818.732
2023-10-24T12:00:00Z,34539.6,34838.1,33240,33664.3,39104.233
2023-10-24T16:00:00Z,33664.3,34385.3,33369.7,33787.2,22589.98
2023-10-24T20:00:00Z,33787.2,34285.8,33476.3,33916.6,17196.845
2023-10-25T00:00:00Z,33916.6,34379.4,33765.4,33999.1,12898.738
2023-10-25T04:00:00Z,33999.1,34198,33670.9,33853.8,16004.395
2023-10-25T08:00:00Z,33853.8,34448.9,33774.9,34189.4,18497.164
2023-10-25T12:00:00Z,34189.4,35028,34189.4,34831.8,28990.487
2023-10-25T16:00:00Z,34831.8,35139.6,34375,34727.1,20738.212
2023-10-25T20:00:00Z,34727.1,34841.8,34240,34487.7,11468.826
2023-10-26T00:00:00Z,34487.7,34819.8,34414.6,34784.3,9024.799
2023-10-26T04:00:00Z,34784.3,34806.1,34399.5,34643.6,12082.96
2023-10-26T08:00:00Z,34643.6,34743.3,33953.8,34097.2,22425.295
2023-10-26T12:00:00Z,34097.2,34361.4,33850,34041.6,26286.724
2023-10-26T16:00:00Z,34041.6,34121.8,33744.3,34042.8,12039.149
2023-10-26T20:00:00Z,34042.8,34277.9,34018.3,34145.1,8650.316
2023-10-27T00:00:00Z,34145.1,34167.4,33770.5,34114.4,10861.022
2023-10-27T04:00:00Z,34114.4,34242.4,33927.3,33949.8,10321.252
2023-10-27T08:00:00Z,33949.8,34175.9,33944.1,34047.5,9791.448
2023-10-27T12:00:00Z,34047.5,34207.9,33815.9,33995.8,15606.051
2023-10-27T16:00:00Z,33995.8,34032.2,33354.8,33695.1,18339.204
2023-10-27T20:00:00Z,33695.1,33942.5,33676,33883.4,8325.089
2023-10-28T00:00:00Z,33883.4,34150,33856.6,34055.3,6528.518
2023-10-28T04:00:00Z,34055.3,34178,34013.3,34044.3,6706.865
2023-10-28T08:00:00Z,34044.3,34521.8,34028.8,34173.2,9494.585
2023-10-28T12:00:00Z,34173.2,34236.5,33926.5,34188.8,8630.753
2023-10-28T16:00:00Z,34188.8,34220.4,34077.1,34114,4043.084
2023-10-28T20:00:00Z,34114,34189.9,34056.6,34079.9,3406.316
2023-10-29T00:00:00Z,34079.9,34102.2,33950.4,33974.9,4735.178
2023-10-29T04:00:00Z,33974.9,34137.9,33929.8,34077.9,3873.311
2023-10-29T08:00:00Z,34077.9,34330,34075.3,34257.7,8463.16
2023-10-29T16:00:00Z,34435.7,34754,34362.3,34563.2,11596.741
2023-10-29T20:00:00Z,34563.2,34727.5,34397.9,34521.8,7519.179
2023-10-30T00:00:00Z,34521.8,34565.9,34171.6,34267.7,9035.546
2023-10-30T04:00:00Z,34267.7,34346.3,34110.2,34191.1,8912.953
2023-10-30T08:00:00Z,34191.1,34681.9,34157.7,34612.7,15164.206
2023-10-30T12:00:00Z,34612.7,34870,34470,34655.5,18564.8
2023-10-30T16:00:00Z,34655.5,34655.5,34051.6,34427.2,14470.051
2023-10-30T20:00:00Z,34427.2,34573.9,34318.2,34476.9,6735.506
2023-10-31T00:00:00Z,34476.9,34608.1,34203.5,34208.5,8366.043
2023-10-31T04:00:00Z,34208.5,34349.5,34087,34145,9141.815
2023-10-31T08:00:00Z,34145,34542.9,34026.8,34490.5,11951.621
2023-10-31T12:00:00Z,34490.5,34516.2,34128.9,34278.7,13201.011
2023-10-31T16:00:00Z,34278.7,34604.2,34231,34540.4,8101.559
2023-10-31T20:00:00Z,34540.4,34729.4,34429.2,34637,9390.836
2023-11-01T00:00:00Z,34637,34668,34405,34426.5,5723.339
2023-11-01T04:00:00Z,34426.5,34506.9,34329.4,34458.4,6188.914
2023-11-01T08:00:00Z,34458.4,34502.8,34350,34432.4,6087.364
2023-11-01T12:00:00Z,34432.4,35218,34061.2,34290.5,38378.326
2023-11-01T16:00:00Z,34290.5,34739.5,34283.3,34555.4,17602.182
2023-11-01T20:00:00Z,34555.4,35711.5,34531.2,35422,27733.684
2023-11-02T00:00:00Z,35422,35986,35375,35572.5,21670.152
2023-11-02T04:00:00Z,35572.5,35608.4,35067.8,35290.7,13802.337
2023-11-02T08:00:00Z,35290.7,35474.6,35100,35372.4,8710.575
2023-11-02T12:00:00Z,35372.4,35456.6,34534.3,34638,23739.401
2023-11-02T16:00:00Z,34638,35020.1,34291.2,34997.1,14464.68
2023-11-02T20:00:00Z,34997.1,35094.9,34701.6,34939.2,9512.1
2023-11-03T00:00:00Z,34939.2,34942,34360,34676.2,12203.738
2023-11-03T04:00:00Z,34676.2,34692.8,34300,34459,11385.252
2023-11-03T08:00:00Z,34459,34611.6,34118.8,34256.9,14816.785
2023-11-03T12:00:00Z,34256.9,34841.1,34151.1,34747.6,17676.95
2023-11-03T16:00:00Z,34747.6,34816.4,34313.5,34523.6,12392.079
2023-11-03T20:00:00Z,34523.6,34728.9,34474.5,34702,4906.165
2023-11-04T00:00:00Z,34702,34770.1,34623.4,34699.7,4766.499
2023-11-04T04:00:00Z,34699.7,35057.9,34580,34760,9816.663
2023-11-04T08:00:00Z,34760,34869.1,34677.6,34710.5,9838.764
2023-11-04T12:00:00Z,34710.5,34800.7,34638.8,34706.1,8981.402
2023-11-04T16:00:00Z,34706.1,34782.3,34682.4,34718.7,3488.027
2023-11-04T20:00:00Z,34718.7,35260.2,34702.9,35059.2,14013.598
2023-11-05T00:00:00Z,35059.2,35314.6,34928.3,35272.4,10061.078
2023-11-05T04:00:00Z,35272.4,35311.3,35044.5,35162.3,8140.807
2023-11-05T08:00:00Z,35162.3,35191.9,35015.3,35090.9,5428.537
2023-11-05T12:00:00Z,35090.9,35169.6,34755,34887.5,11001.607
2023-11-05T16:00:00Z,34887.5,35288.3,34872.5,34995.1,8115.974
2023-11-05T20:00:00Z,34995.1,35404.9,34408,35019,15541.084
2023-11-06T00:00:00Z,35019,35125.6,34833.2,34981.1,8408.187
2023-11-06T04:00:00Z,34981.1,35026.2,34735.7,34909,8251.108
2023-11-06T08:00:00Z,34909,35274.7,34829.5,35241.5,11949.275
2023-11-06T12:00:00Z,35241.5,35262.1,34908,35075.6,13713.736
2023-11-06T16:00:00Z,35075.6,35117.7,34810.3,35066.3,8821.973
2023-11-06T20:00:00Z,35066.3,35153.7,34899.6,35050.5,6563.646
2023-11-07T00:00:00Z,35050.5,35059.2,34802.8,34922.9,7932.218
2023-11-07T04:00:00Z,34922.9,34978.7,34832.7,34944.6,6232.166
2023-11-07T08:00:00Z,34944.6,34988.6,34552.4,34637.5,14690.67
2023-11-07T12:00:00Z,34637.5,34837,34519,34718.9,12365.555
2023-11-07T16:00:00Z,34718.9,35580.8,34556.6,35456.9,21995.613
2023-11-07T20:00:00Z,35456.9,35904.9,35201,35394.9,19109.322
2023-11-08T00:00:00Z,35394.9,35425,35237.9,35279.9,7870.198
2023-11-08T04:00:00Z,35279.9,35363.9,35168.2,35233.4,8956.865
2023-11-08T08:00:00Z,35233.4,35434.5,35191.5,35328.4,6920.634
2023-11-08T12:00:00Z,35328.4,35468,35089.6,35224.5,10631.94
2023-11-08T16:00:00Z,35224.5,35772.4,35188.3,35622.5,14510.233
2023-11-08T20:00:00Z,35622.5,36128.5,35387.4,35626,23264.205
2023-11-09T00:00:00Z,35626,36677.5,35540,36448.2,26869.738
2023-11-09T04:00:00Z,36448.2,36864.7,36412.4,36549.7,22413.591
2023-11-09T08:00:00Z,36549.7,37028.1,36548.9,36808.3,16794.395
2023-11-09T12:00:00Z,36808.3,38092.1,36770,37129.6,54722.951
2023-11-09T16:00:00Z,37129.6,37260.5,35568.1,36394.3,45964.8
2023-11-09T20:00:00Z,36394.3,36786.4,36149.5,36710.7,12309.209
2023-11-10T00:00:00Z,36710.7,36930.8,36464,36744.2,9664.02
2023-11-10T04:00:00Z,36744.2,36813,36457.7,36470.8,8526.672
2023-11-10T08:00:00Z,36470.8,37139.3,36339.2,37085.9,16797.984
2023-11-10T12:00:00Z,37085.9,37256.6,36818.8,37083.4,20826.315
2023-11-10T16:00:00Z,37083.4,37461.7,37083.3,37240,13103.938
2023-11-10T20:00:00Z,37240,37557,37076.9,37318.3,10594.979
2023-11-11T00:00:00Z,37318.3,37411.2,36918.8,37051.5,11894.733
2023-11-11T04:00:00Z,37051.5,37147.1,36934,37022.9,6216.271
2023-11-11T08:00:00Z,37022.9,37073.7,36923.4,37001.4,6206.849
2023-11-11T12:00:00Z,37001.4,37285,36970.2,37059.5,9009.782
2023-11-11T16:00:00Z,37059.5,37194.6,37041,37167.5,6825.626
2023-11-11T20:00:00Z,37167.5,37170,36623,37150.8,10072.869
2023-11-12T00:00:00Z,37150.8,37204.2,36740.5,37003.6,8598.947
2023-11-12T04:00:00Z,37003.6,37180,36921.9,37141.9,7394.917
2023-11-12T08:00:00Z,37141.9,37153.9,37048.5,37076.5,4931.663
2023-11-12T12:00:00Z,37076.5,37236.3,36945.6,37168.8,8205.068
2023-11-12T16:00:00Z,37168.8,37232,37071.1,37127.5,5500.495
2023-11-12T20:00:00Z,37127.5,37223.2,36950.2,37076.3,5855.438
2023-11-13T00:00:00Z,37076.3,37449.3,36867,36933.7,12628.721
2023-11-13T04:00:00Z,36933.7,37057.9,36769.5,36971,9885.623
2023-11-13T08:00:00Z,36971,37049.4,36700.1,36827.2,8349.711
2023-11-13T12:00:00Z,36827.2,36962.9,36553,36858,15715.086
2023-11-13T16:00:00Z,36858,37049,36617.7,36855.7,11363.042
2023-11-13T20:00:00Z,36855.7,36894.8,36340,36475,12704.529
2023-11-14T00:00:00Z,36475,36503.2,36209.3,36461.9,11885.433
2023-11-14T04:00:00Z,36461.9,36725.3,36394,36694.2,10831.958
2023-11-14T08:00:00Z,36694.2,36762.4,36251.1,36277.4,13520.916
2023-11-14T12:00:00Z,36277.4,36698.4,35740.3,36149.4,25886.071
2023-11-14T16:00:00Z,36149.4,36433.5,34572,35296.3,29352.203
2023-11-14T20:00:00Z,35296.3,35670,35219.9,35548.8,10566.499
2023-11-15T00:00:00Z,35548.8,35668.4,35375.9,35395.8,11538.113
2023-11-15T04:00:00Z,35395.8,35662.1,35387.6,35585.2,16240.356
2023-11-15T08:00:00Z,35585.2,36279.8,35584.5,36235.9,23776.56
2023-11-15T12:00:00Z,36235.9,36420.9,36012.7,36405.5,25258.12
2023-11-15T16:00:00Z,36405.5,37810.7,36250,37509.9,39703.608
2023-11-15T20:00:00Z,37509.9,37980,37320,37874,25985.081
2023-11-16T00:00:00Z,37874,37945.3,37351.7,37466.5,19514.136
2023-11-16T04:00:00Z,37466.5,37632.2,37336.5,37450.9,13501.945
2023-11-16T08:00:00Z,37450.9,37555,37139.9,37262.1,22581.614
2023-11-16T12:00:00Z,37262.1,37337,36250,36409.7,33821.825
2023-11-16T16:00:00Z,36409.7,36645.1,35488.2,35928.8,26720.238
2023-11-16T20:00:00Z,35928.8,36275,35662.1,36167.3,18668.708
2023-11-17T00:00:00Z,36167.3,36676.6,36101.2,36496.5,14611.39
2023-11-17T04:00:00Z,36496.5,36543.1,36166,36244.1,16783.357
2023-11-17T08:00:00Z,36244.1,36459,36126.8,36372.5,17786.912
2023-11-17T12:00:00Z,36372.5,36620,35864,36050,28172.132
2023-11-17T16:00:00Z,36050,36900,35914.9,36326.8,26083.786
2023-11-17T20:00:00Z,36326.8,36733.4,36310.7,36610.2,14289.779
2023-11-18T00:00:00Z,36610.2,36613.6,36363.5,36380.8,13382.905
2023-11-18T04:00:00Z,36380.8,36434.7,36189.8,36419.9,15722.897
2023-11-18T08:00:00Z,36419.9,36540,36384,36407.7,9716.294
2023-11-18T12:00:00Z,36407.7,36680,36363,36662,13744.066
2023-11-18T16:00:00Z,36662,36860.4,36597,36676.4,12906.337
2023-11-18T20:00:00Z,36676.4,36710.6,36444,36569.9,11334.279
2023-11-19T00:00:00Z,36569.9,36572.8,36395.5,36521.6,9224.972
2023-11-19T04:00:00Z,36521.6,36670.5,36491.6,36607.7,12803.666
2023-11-19T08:00:00Z,36607.7,36707.1,36386,36452.9,12276.56
2023-11-19T12:00:00Z,36452.9,36572,36381,36567.8,13799.96
2023-11-19T16:00:00Z,36567.8,36987.6,36514,36942.3,17416.695
2023-11-19T20:00:00Z,36942.3,37511,36808,37367,21682.879
2023-11-20T00:00:00Z,37367,37387.4,37047.2,37125.1,14891.643
2023-11-20T04:00:00Z,37125.1,37265,37050,37250.1,12124.506
2023-11-20T08:00:00Z,37250.1,37431.7,37069.6,37159.9,17768.068
2023-11-20T12:00:00Z,37159.9,37512.9,36628.9,37469.3,24978.725
2023-11-20T16:00:00Z,37469.3,37765,36813.9,37567.2,27292.093
2023-11-20T20:00:00Z,37567.2,37614.8,37276,37451.5,11226.665
2023-11-21T00:00:00Z,37451.5,37662.4,37311.9,37469.2,14972.298
2023-11-21T04:00:00Z,37469.2,37483.5,37244.3,37286.6,14485.845
2023-11-21T08:00:00Z,37286.6,37428.5,37150,37179.3,11904.815
2023-11-21T12:00:00Z,37179.3,37236.3,36231.1,36980.7,40937.504
2023-11-21T16:00:00Z,36980.7,37514.6,36588.8,36983.7,33025.699
2023-11-21T20:00:00Z,36983.7,37174.8,35718.9,35729.9,27315.452
2023-11-22T00:00:00Z,35729.9,36378,35610,36373.8,20772.45
2023-11-22T04:00:00Z,36373.8,36553,36317.4,36431.3,15385.957
2023-11-22T08:00:00Z,36431.3,36776.7,36385.1,36465,20487.907
2023-11-22T12:00:00Z,36465,36648.8,36231.4,36475.4,23557.795
2023-11-22T16:00:00Z,36475.4,37438.3,36364.9,37285.9,24810.646
2023-11-22T20:00:00Z,37285.9,37867.6,37211.5,37404.4,28284.583
2023-11-23T00:00:00Z,37404.4,37534.9,37265.7,37302.9,14967.816
2023-11-23T04:00:00Z,37302.9,37414.1,37265.4,37363.9,12306.41
2023-11-23T08:00:00Z,37363.9,37655,37169,37374.9,19873.546
2023-11-23T12:00:00Z,37374.9,37528,36862.4,36941.7,20008.607
2023-11-23T16:00:00Z,36941.7,37347.2,36910,37271.5,13356.213
2023-11-23T20:00:00Z,37271.5,37380.5,37198,37280.5,10002.15
2023-11-24T00:00:00Z,37280.5,37470,37246.1,37303.9,12275.143
2023-11-24T04:00:00Z,37303.9,37572,37289,37523.6,12129.473
2023-11-24T08:00:00Z,37523.6,38223,37440.1,37762.3,32887.618
2023-11-24T12:00:00Z,37762.3,38436.8,37612,38231.5,31795.764
2023-11-24T16:00:00Z,38231.5,38357.7,37571.6,37769,24324.996
2023-11-24T20:00:00Z,37769,37953.8,37575,37720.8,14169.497
2023-11-25T00:00:00Z,37720.8,37859,37685.7,37809.4,13056.164
2023-11-25T04:00:00Z,37809.4,37847.4,37730,37813,10323.061
2023-11-25T08:00:00Z,37813,37841.3,37580,37641,13358.662
2023-11-25T12:00:00Z,37641,37722.6,37602.7,37689.6,11191.495
2023-11-25T16:00:00Z,37689.6,37840.2,37688.7,37826,10230.255
2023-11-25T20:00:00Z,37826,37897.3,37717.6,37778.1,9499.757
2023-11-26T00:00:00Z,37778.1,37794.9,37668,37719.8,10687.135
2023-11-26T04:00:00Z,37719.8,37779,37682.5,37770.1,8771.682
2023-11-26T08:00:00Z,37770.1,37802.1,37653.2,37664.6,9236.305
2023-11-26T12:00:00Z,37664.6,37665.6,37265.6,37414.5,21947.636
2023-11-26T16:00:00Z,37414.5,37484.7,37121.6,37353.8,13995.825
2023-11-26T20:00:00Z,37353.8,37740.2,37307.8,37431.1,15488.389
2023-11-27T00:00:00Z,37431.1,37545.8,37183.7,37289.6,13747.191
2023-11-27T04:00:00Z,37289.6,37409,37038.9,37264.2,14822.127
2023-11-27T08:00:00Z,37264.2,37444,36868,37018.5,21714.39
2023-11-27T12:00:00Z,37018.5,37087.5,36727.5,36751.3,23808.184
2023-11-27T16:00:00Z,36751.3,37141.2,36709.1,36874.8,18210.895
2023-11-27T20:00:00Z,36874.8,37273,36788,37233.7,13046.207
2023-11-28T00:00:00Z,37233.7,37332,37094.7,37116.3,15381.905
2023-11-28T04:00:00Z,37116.3,37142.8,36865.3,37098,15591.006
2023-11-28T08:00:00Z,37098,37248.2,36922.1,37238.9,13264.894
2023-11-28T12:00:00Z,37238.9,37561.9,37132.7,37494.1,20920.339
2023-11-28T16:00:00Z,37494.1,38400,37494.1,38120.5,37851.192
2023-11-28T20:00:00Z,38120.5,38289.7,37683.8,37827.3,16768.803
2023-11-29T00:00:00Z,37827.3,38107.6,37690,37956.3,15229.436
2023-11-29T04:00:00Z,37956.3,38243.6,37875.7,38110.7,13180.373
2023-11-29T08:00:00Z,38110.7,38480.1,37911.5,38107.7,21096.974
2023-11-29T12:00:00Z,38107.7,38296.9,37544.1,37809.2,23724.193
2023-11-29T16:00:00Z,37809.2,37913.8,37633.6,37851.6,10328.821
2023-11-29T20:00:00Z,37851.6,37868.1,37570,37831.7,9370.708
2023-11-30T00:00:00Z,37831.7,38030.2,37675,38023,10325.999
2023-11-30T04:00:00Z,38023,38123.7,37752.8,37778.9,12517.675
2023-11-30T08:00:00Z,37778.9,37887.4,37567,37867,12991.384
2023-11-30T12:00:00Z,37867,37953,37443.3,37606,18708.867
2023-11-30T16:00:00Z,37606,37793.6,37516.3,37741.4,9047.172
2023-11-30T20:00:00Z,37741.4,37796,37581.9,37708.4,8679.933
2023-12-01T00:00:00Z,37708.4,38059,37589.8,38031.8,14372.144
2023-12-01T04:00:00Z,38031.8,38340,38004.3,38230,17306.353
2023-12-01T08:00:00Z,38230,38866.3,38193.7,38600,27477.142
2023-12-01T12:00:00Z,38600,38643.2,38208.5,38390.6,18414.587
2023-12-01T16:00:00Z,38390.6,38978.6,38375.6,38761.1,20577.579
2023-12-02T00:00:00Z,38681.2,38788.2,38641.4,38760,8705.823
2023-12-02T04:00:00Z,38760,38808.6,38684,38686.1,8141.622
2023-12-02T08:00:00Z,38686.1,38768.8,38629.8,38743.6,5711.05
2023-12-02T12:00:00Z,38743.6,38880.9,38711.6,38811.7,8630.745
2023-12-02T16:00:00Z,38811.7,39865.9,38709.9,39411.7,18770.549
2023-12-02T20:00:00Z,39411.7,39720.6,39265.7,39438.8,14127.491
2023-12-03T00:00:00Z,39438.8,39543.3,39260.3,39367.5,9554.357
2023-12-03T04:00:00Z,39367.5,39475.7,39304.6,39463.8,6864.758
2023-12-03T08:00:00Z,39463.8,39534.4,39381,39466.4,8603.305
2023-12-03T12:00:00Z,39466.4,39800,39368,39750,18755.402
2023-12-03T16:00:00Z,39750,39830.8,39418.3,39548.7,11202.563
2023-12-03T20:00:00Z,39548.7,40368.2,39536.2,39972.3,20011.712
2023-12-04T00:00:00Z,39972.3,40886.3,39970,40709.3,26491.936
2023-12-04T04:00:00Z,40709.3,41778.9,40684,41456.2,31365.933
2023-12-04T08:00:00Z,41456.2,42155.7,41327.9,41600,29084.844
2023-12-04T12:00:00Z,41600,41901.6,41105.2,41262.6,20522.661
2023-12-04T16:00:00Z,41262.6,42071.6,41174.4,41988.3,14371.391
2023-12-04T20:00:00Z,41988.3,42433.4,41710.1,41988.6,14705.495
2023-12-05T00:00:00Z,41988.6,41988.6,41630.2,41822.3,9628.336
2023-12-05T04:00:00Z,41822.3,41908.8,41387,41524.7,11206.916
2023-12-05T08:00:00Z,41524.7,41762.7,41420,41725,8300.591
2023-12-05T12:00:00Z,41725,42487.9,41693,42252.3,23501.413
2023-12-05T16:00:00Z,42252.3,44179,42115.8,43821.9,46774.065
2023-12-05T20:00:00Z,43821.9,44518.2,43427.5,44071.4,18375.522
2023-12-06T00:00:00Z,44071.4,44145.7,43569,43746.9,10617.465
2023-12-06T04:00:00Z,43746.9,43855.1,43450,43678.6,8481.801
2023-12-06T08:00:00Z,43678.6,44312.9,43366,43835.6,18590.459
2023-12-06T12:00:00Z,43835.6,44281.1,43720.2,43779,17623.218
2023-12-06T16:00:00Z,43779,44157.4,43731.7,43990.1,7762.916
2023-12-06T20:00:00Z,43990.1,44069,43593.5,43756.9,7948.852
2023-12-07T00:00:00Z,43756.9,44000,43710,43919.6,3897.579
2023-12-07T04:00:00Z,43919.6,44049.7,43822.8,43879.3,4497.477
2023-12-07T08:00:00Z,43879.3,43895.9,42831,43190.1,27966.47
2023-12-07T12:00:00Z,43190.1,43936.6,42949.4,43662.1,19226.402
2023-12-07T16:00:00Z,43662.1,43769.5,43086,43227.7,12263.785
2023-12-07T20:00:00Z,43227.7,43467.2,43116.7,43289.1,7394.062
2023-12-08T00:00:00Z,43289.1,43539,43287.5,43387.9,4743.29
2023-12-08T04:00:00Z,43387.9,43567.9,43115.7,43174.4,7440.754
2023-12-08T08:00:00Z,43174.4,43760.8,43092.7,43670.1,9524.827
2023-12-08T12:00:00Z,43670.1,44057.6,43489.2,43769,14476.692
2023-12-08T16:00:00Z,43769,43981.4,43641.5,43949.8,5023.987
2023-12-08T20:00:00Z,43949.8,44765.8,43949.8,44192.7,14094.681
2023-12-09T00:00:00Z,44192.7,44312.8,44063.1,44168.6,4672.944
2023-12-09T04:00:00Z,44168.6,44393.6,44140.3,44212.4,4338.319
2023-12-09T08:00:00Z,44212.4,44228,43736,43828.1,7960.813
2023-12-09T12:00:00Z,43828.1,44155.3,43754.1,44062.1,8381.709
2023-12-09T16:00:00Z,44062.1,44108.6,43898.3,43947.6,3515.866
2023-12-09T20:00:00Z,43947.6,44111.1,43568,43723.9,5706.431
2023-12-10T00:00:00Z,43723.9,43874.9,43685,43857.1,2615.743
2023-12-10T04:00:00Z,43857.1,44024.3,43835.7,43981.2,3232.765
2023-12-10T08:00:00Z,43981.2,44050.5,43618.1,43753,6412.633
2023-12-10T12:00:00Z,43753,43996.3,43748,43928,6096.475
2023-12-10T16:00:00Z,43928,43956,43746.7,43809.9,3171.015
2023-12-10T20:00:00Z,43809.9,44082,43557.5,43800.8,7116.047
2023-12-11T00:00:00Z,43800.8,43826.8,40278.1,42317.8,41288.727
2023-12-11T04:00:00Z,42317.8,42331.6,41625,42120,14289.89
2023-12-11T08:00:00Z,42120,42482,41970.5,42341.9,9082.425
2023-12-11T12:00:00Z,42341.9,42385.3,41687.9,41819.4,14150.178
2023-12-11T16:00:00Z,41819.4,41868.6,40231.3,40789.2,30504.284
2023-12-11T20:00:00Z,40789.2,41363.2,40561.8,41258.9,9364.664
2023-12-12T00:00:00Z,41258.9,41955,41193,41751.9,8945.658
2023-12-12T04:00:00Z,41751.9,42070,41392,41919.9,14533.895
2023-12-12T08:00:00Z,41919.9,42111.4,41557.7,41592,16968.789
2023-12-12T12:00:00Z,41592,42070.4,41157.2,41357.6,26161.019
2023-12-12T16:00:00Z,41357.6,41464.3,40687.8,41157.5,36940.481
2023-12-12T20:00:00Z,41157.5,41566.3,41050.9,41500,24757.934
2023-12-13T00:00:00Z,41500,41510,40555,40847.1,24032.874
2023-12-13T04:00:00Z,40847.1,41260.4,40644.6,41130,18081.568
2023-12-13T08:00:00Z,41130,41295.5,40973.7,41022.2,14389.602
2023-12-13T12:00:00Z,41022.2,41961.1,40998.9,41940,24355.486
2023-12-13T16:00:00Z,41940,42905.6,41723.4,42747.3,30567.237
2023-12-13T20:00:00Z,42747.3,43515.5,42572.3,42862,24637.126
2023-12-14T00:00:00Z,42862,42936.6,42670.3,42723.2,19281.573
2023-12-14T04:00:00Z,42723.2,43117.1,42687.8,42914.6,19596.868
2023-12-14T08:00:00Z,42914.6,43325.1,42685.9,43276.5,23413.718
2023-12-14T12:00:00Z,43276.5,43380,41280,42442.7,49511.984
2023-12-14T16:00:00Z,42442.7,43430.3,42442.3,43094.1,38940.58
2023-12-14T20:00:00Z,43094.1,43175.7,42843,43016.6,23725.058
2023-12-15T00:00:00Z,43016.6,43084.9,42464.7,42801.9,23226.423
2023-12-15T04:00:00Z,42801.9,42880.1,42526.5,42726.2,24691.408
2023-12-15T08:00:00Z,42726.2,43041.9,42649,42793.6,24895.47
2023-12-15T12:00:00Z,42793.6,42803.9,41669,41913,35057.706
2023-12-15T16:00:00Z,41913,42201.5,41699.2,42113.4,25167.563
2023-12-15T20:00:00Z,42113.4,42271,41908.4,41958,21230.413
2023-12-16T00:00:00Z,41958,42419.8,41615,42337.1,19155.378
2023-12-16T04:00:00Z,42337.1,42357.8,42146.6,42230.4,22272.832
2023-12-16T08:00:00Z,42230.4,42348,42109,42340,17554.807
2023-12-16T12:00:00Z,42340,42621.8,42250.2,42601.3,22488.472
2023-12-16T16:00:00Z,42601.3,42732.8,42337.9,42360.1,21202.033
2023-12-16T20:00:00Z,42360.1,42423,42144.3,42281.1,16983.564
2023-12-17T00:00:00Z,42281.1,42301.9,41863.4,41938.9,21103.678
2023-12-17T04:00:00Z,41938.9,42074.7,41779.5,41896.3,23948.803
2023-12-17T08:00:00Z,41896.3,42036.2,41668.7,41969.9,24618.328
