timestamp,open,high,low,close,volume
2022-01-01T00:00:00Z,3675.54,3746.99,3675.54,3722,19962.07
2022-01-01T04:00:00Z,3722,3764.51,3701.33,3715.26,27996.34
2022-01-01T08:00:00Z,3715.26,3733.15,3672.12,3692.73,30664.42
2022-01-01T12:00:00Z,3692.73,3744.55,3691.04,3724.26,32323.41
2022-01-01T16:00:00Z,3724.26,3764,3717.97,3746.11,28809.62
2022-01-01T20:00:00Z,3746.11,3775.67,3738.65,3763.43,26743.45
2022-01-02T00:00:00Z,3763.43,3770.36,3741.39,3758.53,21100.78
2022-01-02T04:00:00Z,3758.53,3761.28,3716.8,3747.39,28540.48
2022-01-02T08:00:00Z,3747.39,3770.82,3733.02,3743.2,27719.49
2022-01-02T12:00:00Z,3743.2,3788.87,3729.75,3777.58,34111.25
2022-01-02T16:00:00Z,3777.58,3858.6,3773.14,3798.33,43184.78
2022-01-02T20:00:00Z,3798.33,3839.41,3792.76,3828.32,21439.88
2022-01-03T00:00:00Z,3828.32,3828.32,3774.6,3785.15,33610.56
2022-01-03T04:00:00Z,3785.15,3822.67,3780.94,3808.13,28765.87
2022-01-03T08:00:00Z,3808.13,3843.62,3791,3834.14,28141.83
2022-01-03T12:00:00Z,3834.14,3851.73,3775.52,3783.36,37692.13
2022-01-03T16:00:00Z,3783.36,3793.32,3733.9,3737.77,37591.58
2022-01-03T20:00:00Z,3737.77,3777.21,3680.41,3762.58,34976.42
2022-01-04T00:00:00Z,3762.58,3772,3712.58,3742.51,29754.31
2022-01-04T04:00:00Z,3742.51,3762.08,3726.06,3761.1,32477.52
2022-01-04T08:00:00Z,3761.1,3840.9,3755.4,3836.14,39578.02
2022-01-04T12:00:00Z,3836.14,3893.39,3815.69,3850.74,43134.79
2022-01-04T16:00:00Z,3850.74,3864.91,3757.3,3812.59,33896.42
2022-01-04T20:00:00Z,3812.59,3832.73,3784.71,3785.84,33487.75
2022-01-05T00:00:00Z,3785.84,3827.33,3767.24,3808.64,30318.92
2022-01-05T04:00:00Z,3808.64,3822.95,3796.88,3816.17,32184.26
2022-01-05T08:00:00Z,3816.17,3848,3781.65,3791.86,24514.72
2022-01-05T12:00:00Z,3791.86,3833.68,3764.21,3820.18,30832.82
2022-01-05T16:00:00Z,3820.18,3822.09,3643.3,3653.03,33174.12
2022-01-05T20:00:00Z,3653.05,3662.46,3408.87,3536.64,69897.93
2022-01-06T00:00:00Z,3536.64,3549.45,3445.42,3447.06,23432.49
2022-01-06T04:00:00Z,3447.06,3477.88,3406.41,3451.34,36087.82
2022-01-06T08:00:00Z,3451.34,3453.82,3295.6,3347.38,61772.46
2022-01-06T12:00:00Z,3347.38,3423.03,3316.19,3393.76,35758.31
2022-01-06T16:00:00Z,3393.76,3458.51,3381.58,3444.84,32889.39
2022-01-06T20:00:00Z,3444.84,3456.29,3404.54,3404.9,22657.86
2022-01-07T00:00:00Z,3404.9,3414.55,3224.3,3236.86,50924.22
2022-01-07T04:00:00Z,3236.86,3249.66,3113.18,3202.17,78387.46
2022-01-07T08:00:00Z,3202.17,3288,3187.58,3224.51,39512.16
2022-01-07T12:00:00Z,3224.51,3267.35,3058.17,3132.61,79015.18
2022-01-07T16:00:00Z,3132.61,3221.11,3089.92,3195.48,46104.11
2022-01-07T20:00:00Z,3195.48,3222.72,3163.89,3197.07,27184.63
2022-01-08T00:00:00Z,3197.07,3245.42,3179.68,3202.26,28942.48
2022-01-08T04:00:00Z,3202.26,3227.4,3189.63,3214.74,28885.04
2022-01-08T08:00:00Z,3214.74,3246.19,3207.7,3218.84,34478.49
2022-01-08T12:00:00Z,3218.84,3229.11,3147.01,3159.8,43414.18
2022-01-08T16:00:00Z,3159.8,3178.82,2997.27,3029.28,86792.17
2022-01-08T20:00:00Z,3029.28,3130.2,3001.96,3079.09,39063.17
2022-01-09T00:00:00Z,3079.09,3144.52,3057.15,3118.69,39509.58
2022-01-09T04:00:00Z,3118.69,3143.73,3114.3,3125.48,30955
2022-01-09T08:00:00Z,3125.48,3137.19,3082.99,3126.86,33171.64
2022-01-09T12:00:00Z,3126.86,3132.87,3072.86,3096.53,28826.39
2022-01-09T16:00:00Z,3096.53,3206.52,3090.74,3200.31,38717.62
2022-01-09T20:00:00Z,3200.31,3208.91,3143.03,3150.4,26409.81
2022-01-10T00:00:00Z,3150.4,3168.86,3127.05,3153.93,34017.39
2022-01-10T04:00:00Z,3153.93,3179.48,3150.54,3162.72,33445.35
2022-01-10T08:00:00Z,3162.72,3168.35,3092.61,3104.04,28357.37
2022-01-10T12:00:00Z,3104.04,3109.1,2927,3003.66,86811.05
2022-01-10T16:00:00Z,3003.66,3094.48,2967.46,3027.5,51658.08
2022-01-10T20:00:00Z,3027.5,3094.72,3018.03,3080.93,28840.34
2022-01-11T00:00:00Z,3080.93,3127.25,3050.73,3117.54,25067.43
2022-01-11T04:00:00Z,3117.54,3135.62,3096.11,3127.62,29780.99
2022-01-11T08:00:00Z,3127.62,3146.03,3087.32,3110.59,30576.16
2022-01-11T12:00:00Z,3110.59,3155.82,3073.54,3131.78,39186.33
2022-01-11T16:00:00Z,3131.78,3262.05,3128.3,3235.32,47797.54
2022-01-11T20:00:00Z,3235.32,3246.57,3222.48,3237.27,20248.1
2022-01-12T00:00:00Z,3237.27,3257.53,3216.18,3233.09,26693.35
2022-01-12T04:00:00Z,3233.09,3261.44,3204.15,3216.43,28863.84
2022-01-12T08:00:00Z,3216.43,3295.65,3214.14,3270.82,45838.99
2022-01-12T12:00:00Z,3270.9,3385.71,3267.3,3360.88,65039.63
2022-01-12T16:00:00Z,3360.92,3392.42,3336.15,3380.49,29645.16
2022-01-12T20:00:00Z,3380.49,3412.13,3355.24,3370.73,26173.34
2022-01-13T00:00:00Z,3370.73,3382.26,3315.8,3337.54,29603.88
2022-01-13T04:00:00Z,3337.54,3352.62,3323.79,3340.54,28498.67
2022-01-13T08:00:00Z,3340.54,3377.75,3328.56,3333.43,36687.4
2022-01-13T12:00:00Z,3333.43,3409.49,3272.53,3301.27,40508.67
2022-01-13T16:00:00Z,3301.27,3317.41,3247.8,3271.48,26855.35
2022-01-13T20:00:00Z,3271.48,3276.79,3232.74,3241.37,24702.38
2022-01-14T00:00:00Z,3241.37,3274.18,3222.53,3265.95,24488.93
2022-01-14T04:00:00Z,3265.95,3311.57,3262.9,3267.26,26926.73
2022-01-14T08:00:00Z,3267.26,3274.07,3194.95,3200.92,30799.75
2022-01-14T12:00:00Z,3200.92,3299.21,3187.27,3277.67,29418.51
2022-01-14T16:00:00Z,3277.67,3327.68,3258.51,3308.33,19667.33
2022-01-14T20:00:00Z,3308.33,3343.46,3292.76,3307.32,18811.33
2022-01-15T00:00:00Z,3307.32,3325.07,3295.61,3308.06,18065.44
2022-01-15T04:00:00Z,3308.06,3321.1,3294.58,3314.82,20044.02
2022-01-15T08:00:00Z,3314.82,3338.92,3310.11,3318.29,22796.9
2022-01-15T12:00:00Z,3318.29,3369,3259.26,3361.77,33448.72
2022-01-15T16:00:00Z,3361.77,3370.55,3339.46,3349.19,18702.54
2022-01-15T20:00:00Z,3349.19,3370.33,3323.66,3325.61,14877.37
2022-01-16T00:00:00Z,3325.61,3336.49,3295.09,3313.5,19269.31
2022-01-16T04:00:00Z,3313.5,3339.07,3303.65,3331.41,18125.8
2022-01-16T08:00:00Z,3331.41,3336.74,3285.45,3312.12,30395.43
2022-01-16T12:00:00Z,3312.12,3362.06,3272.31,3351.74,46464.95
2022-01-16T16:00:00Z,3351.74,3394,3311.79,3320.03,30703.94
2022-01-16T20:00:00Z,3320.03,3361.68,3309.34,3346.07,23009.65
2022-01-17T00:00:00Z,3346.07,3355.75,3254.85,3256.12,29788.19
2022-01-17T04:00:00Z,3256.12,3298.76,3235.74,3269.9,38177.73
2022-01-17T08:00:00Z,3269.9,3280.73,3250.21,3254.75,31994.3
2022-01-17T12:00:00Z,3254.75,3279,3215.78,3235.55,31878.21
2022-01-17T16:00:00Z,3235.55,3245.68,3180.05,3216.79,26635.26
2022-01-17T20:00:00Z,3216.79,3222.16,3139.22,3208.76,25559.87
2022-01-18T00:00:00Z,3208.76,3243.52,3174.94,3181.4,27229.52
2022-01-18T04:00:00Z,3181.4,3205.66,3162.57,3186.34,28691.19
2022-01-18T08:00:00Z,3186.34,3190.94,3127.03,3170.65,29564.8
2022-01-18T12:00:00Z,3170.65,3182.09,3098.82,3115.54,38031.75
2022-01-18T16:00:00Z,3115.54,3138.84,3080.96,3126.55,25567.28
2022-01-18T20:00:00Z,3126.55,3192.13,3099.42,3159.37,21088.1
2022-01-19T00:00:00Z,3159.37,3174.62,3085.96,3097.53,29465.61
2022-01-19T04:00:00Z,3097.53,3112.06,3046,3059.97,28908.95
2022-01-19T08:00:00Z,3059,3129.48,3045.68,3116.31,32944.34
2022-01-19T12:00:00Z,3116.31,3159.94,3110.02,3122.3,23611.36
2022-01-19T16:00:00Z,3122.3,3157.92,3080.91,3128.45,23055.59
2022-01-19T20:00:00Z,3128.45,3137.77,3080.75,3082.96,17723.45
2022-01-20T00:00:00Z,3082.96,3129.1,3082.65,3124.09,19295.32
2022-01-20T04:00:00Z,3124.09,3152.58,3111.83,3138.45,20291.72
2022-01-20T08:00:00Z,3138.45,3153.75,3115.89,3150.81,19350.84
2022-01-20T12:00:00Z,3150.81,3270.55,3127.45,3261.1,46397.59
2022-01-20T16:00:00Z,3261.1,3272.24,3204.64,3216.4,32158.43
2022-01-20T20:00:00Z,3216.4,3219.77,2984.77,3001.19,51648.14
2022-01-21T00:00:00Z,3001.19,3031.45,2808.47,2836.94,96162.01
2022-01-21T04:00:00Z,2836.94,2893.53,2833.48,2879.54,38894.8
2022-01-21T08:00:00Z,2879.54,2896.53,2833.64,2846.38,30303.58
2022-01-21T12:00:00Z,2846.38,2853.6,2729.12,2829.77,88171.27
2022-01-21T16:00:00Z,2829.77,2859.47,2737.55,2739.82,30574.69
2022-01-21T20:00:00Z,2739.82,2762.79,2462.86,2568.12,124197.65
2022-01-22T00:00:00Z,2568.12,2624.69,2538.73,2565.66,45254.57
2022-01-22T04:00:00Z,2565.66,2575.31,2423.32,2465.36,63709.78
2022-01-22T08:00:00Z,2465.36,2504.22,2298.7,2432.63,115357.28
2022-01-22T12:00:00Z,2432.63,2516.04,2380.86,2386.87,51899.69
2022-01-22T16:00:00Z,2386.87,2464.3,2318.53,2335.36,53986.27
2022-01-22T20:00:00Z,2335.36,2469.4,2318.48,2410.86,34465.73
2022-01-23T00:00:00Z,2410.86,2462.4,2385.49,2416.25,24485.47
2022-01-23T04:00:00Z,2416.25,2500.1,2407.05,2486.55,30549.19
2022-01-23T08:00:00Z,2486.55,2549.06,2476.11,2498.02,38800.32
2022-01-23T12:00:00Z,2498.02,2513.94,2403.86,2431.79,46168.26
2022-01-23T16:00:00Z,2431.79,2454.13,2375,2383.27,30070.81
2022-01-23T20:00:00Z,2383.27,2548.5,2369.82,2540.89,29305.47
2022-01-24T00:00:00Z,2540.89,2540.89,2431.26,2458.04,32711.69
2022-01-24T04:00:00Z,2458.04,2468.87,2379.74,2385.35,40522.63
2022-01-24T08:00:00Z,2385.35,2441.16,2201.02,2237.93,110735.49
2022-01-24T12:00:00Z,2237.8,2285.61,2159.17,2273.5,118542.09
2022-01-24T16:00:00Z,2273.5,2405.53,2212.35,2378.19,69179.48
2022-01-24T20:00:00Z,2378.19,2478.22,2367.4,2439.4,27267.48
2022-01-25T00:00:00Z,2439.4,2441.28,2378.43,2415.23,19743.4
2022-01-25T04:00:00Z,2415.23,2421.26,2350.21,2384.23,24140.3
2022-01-25T08:00:00Z,2384.23,2451.7,2372.76,2422.53,44426.08
2022-01-25T12:00:00Z,2422.53,2468.09,2363.86,2418.2,57148.6
2022-01-25T16:00:00Z,2418.2,2506.29,2411.98,2466.33,38875.35
2022-01-25T20:00:00Z,2466.33,2470.87,2404,2458.02,23355.44
2022-01-26T00:00:00Z,2458.02,2484.32,2413.71,2475.22,20227.58
2022-01-26T04:00:00Z,2475.22,2499.45,2444.72,2460.85,27438.69
2022-01-26T08:00:00Z,2460.85,2547.72,2460.15,2546.2,28729.4
2022-01-26T12:00:00Z,2546.2,2665.42,2523.92,2606.22,70313.21
2022-01-26T16:00:00Z,2606.22,2721.36,2562.9,2572.17,54717.49
2022-01-26T20:00:00Z,2572.17,2572.17,2401.58,2461.12,70077.63
2022-01-27T00:00:00Z,2461.12,2492.58,2353.3,2364.69,44268.22
2022-01-27T04:00:00Z,2364.55,2418.91,2360.75,2401.97,26932.18
2022-01-27T08:00:00Z,2401.97,2457.42,2384,2456.43,28617.72
2022-01-27T12:00:00Z,2456.43,2521.22,2441.09,2478.84,38981.15
2022-01-27T16:00:00Z,2478.84,2494.86,2390.29,2394.17,27676.07
2022-01-27T20:00:00Z,2394.17,2428.66,2316.12,2423.38,36190.78
2022-01-28T00:00:00Z,2423.38,2453.86,2363,2446.46,37425.43
2022-01-28T04:00:00Z,2446.46,2474,2388.77,2389.78,37734.17
2022-01-28T08:00:00Z,2389.78,2420.17,2370.95,2395.32,40692.86
2022-01-28T12:00:00Z,2395.32,2448.06,2357.55,2441.84,57392.56
2022-01-28T16:00:00Z,2441.84,2492.27,2424.29,2461.05,35702.82
2022-01-28T20:00:00Z,2461.05,2557.26,2459.61,2544.53,28400.27
2022-01-29T00:00:00Z,2544.53,2585.82,2519.87,2540.5,27502.64
2022-01-29T04:00:00Z,2540.5,2569.28,2523.14,2567.03,31078.41
2022-01-29T08:00:00Z,2567.03,2577.16,2534.61,2554.01,25961.63
2022-01-29T12:00:00Z,2554.01,2607.07,2524.48,2543.98,47006.78
2022-01-29T16:00:00Z,2543.98,2606.3,2526.94,2590.02,20795
2022-01-29T20:00:00Z,2590.02,2637.1,2580.04,2600.41,23289.86
2022-01-30T00:00:00Z,2600.41,2613.73,2562.01,2569.26,28359.29
2022-01-30T04:00:00Z,2569.26,2632.77,2566.06,2618.54,26647.05
2022-01-30T08:00:00Z,2618.54,2640.55,2597.51,2625.68,30258.06
2022-01-30T12:00:00Z,2625.68,2639.69,2585.19,2613.43,34148.96
2022-01-30T16:00:00Z,2613.43,2623.82,2552.13,2559.59,23557.79
2022-01-30T20:00:00Z,2559.59,2631.01,2542.22,2601.74,32326.86
2022-01-31T00:00:00Z,2601.74,2607.6,2487.92,2510.9,38756.73
2022-01-31T04:00:00Z,2510.9,2527.58,2476.03,2527.57,27083.06
2022-01-31T08:00:00Z,2527.57,2570.21,2518.38,2558.3,30112.66
2022-01-31T12:00:00Z,2558.3,2635.33,2518.91,2620,39899.68
2022-01-31T16:00:00Z,2620,2707.07,2613.37,2673.99,30290.61
2022-01-31T20:00:00Z,2673.99,2706.56,2662.95,2685.84,15879.21
2022-02-01T00:00:00Z,2685.84,2757.07,2674.21,2750.92,30510.58
2022-02-01T04:00:00Z,2750.92,2767.23,2718.26,2735.85,25886.39
2022-02-01T08:00:00Z,2735.85,2795.78,2719.12,2760.1,38207.87
2022-02-01T12:00:00Z,2760.1,2810.3,2731.58,2766.61,63098.92
2022-02-01T16:00:00Z,2766.61,2813.67,2751.24,2751.24,34467.25
2022-02-01T20:00:00Z,2751.24,2805.6,2750.58,2788.28,18335.25
2022-02-02T00:00:00Z,2788.33,2803.26,2740.9,2780.71,21754.52
2022-02-02T04:00:00Z,2780.71,2780.87,2742.3,2749,32416.82
2022-02-02T08:00:00Z,2749,2775.91,2741.24,2766.84,20520.01
2022-02-02T12:00:00Z,2766.84,2811.67,2653.33,2663.67,55150.91
2022-02-02T16:00:00Z,2663.67,2716.93,2637.82,2705.19,27972.39
2022-02-02T20:00:00Z,2705.19,2732.7,2610.38,2676.94,44912.06
2022-02-03T00:00:00Z,2676.94,2722.17,2651.21,2656.82,32912.65
2022-02-03T08:00:00Z,2669.25,2683.29,2580.97,2620,36642.59
2022-02-03T12:00:00Z,2619.89,2646.37,2575.42,2638.9,35452.19
2022-02-03T16:00:00Z,2638.9,2658.59,2589.89,2597.72,16945.93
2022-02-03T20:00:00Z,2597.72,2699.1,2575.38,2694.99,24341.71
2022-02-04T00:00:00Z,2694.99,2695.99,2670.54,2682.07,19243.89
2022-02-04T04:00:00Z,2682.07,2808.33,2674.68,2803.91,37427.64
2022-02-04T08:00:00Z,2803.91,2870.52,2803.91,2829.96,44247.81
2022-02-04T12:00:00Z,2829.96,2929,2763.91,2872.72,82746.76
2022-02-04T16:00:00Z,2872.72,2968.8,2869.69,2958.86,45087.33
2022-02-04T20:00:00Z,2958.86,2995.85,2931.32,2994.04,22550.54
2022-02-05T00:00:00Z,2994.04,3017.93,2961.18,2997.12,41964.29
2022-02-05T04:00:00Z,2997.12,3036.75,2989.13,3001.8,57565.02
2022-02-05T08:00:00Z,3001.8,3034.5,2987.83,3011.66,62044.31
2022-02-05T12:00:00Z,3011.66,3059.38,2997.95,3050.87,61235.59
2022-02-05T16:00:00Z,3050.87,3054.19,2963,3011.13,87996.72
2022-02-05T20:00:00Z,3011.13,3036.29,2994.31,3013.08,33942.35
2022-02-06T00:00:00Z,3013.08,3033.73,3008.16,3008.16,20785.29
2022-02-06T04:00:00Z,3008.16,3021.7,2988.85,3011.23,37673.04
2022-02-06T08:00:00Z,3011.23,3022.33,2998.39,3006.85,27899.1
2022-02-06T12:00:00Z,3006.85,3046.42,2951.4,2990.27,68949.37
2022-02-06T16:00:00Z,2990.27,3009.59,2977.94,3000.7,62115.43
2022-02-06T20:00:00Z,3000.7,3074.58,2974.64,3054.49,42568.64
2022-02-07T00:00:00Z,3054.49,3073.15,2991.94,3068.2,74532.92
2022-02-07T04:00:00Z,3068.2,3110.96,3054.83,3078.83,69927.54
2022-02-07T08:00:00Z,3078.83,3084.9,3048.62,3066.36,38551.89
2022-02-07T12:00:00Z,3066.36,3127.39,3053.02,3121.22,66632.13
2022-02-07T16:00:00Z,3121.22,3185.68,3105.99,3166.26,81595.36
2022-02-07T20:00:00Z,3166.26,3183.67,3128.86,3138.35,61773.73
2022-02-08T00:00:00Z,3138.35,3155.67,3111.92,3145.1,40318.63
2022-02-08T04:00:00Z,3145.1,3231.92,3140.95,3173.07,60563.39
2022-02-08T08:00:00Z,3173.07,3177.51,3074.17,3104.88,62188.75
2022-02-08T12:00:00Z,3104.88,3104.88,3030,3075.72,92034.94
2022-02-08T16:00:00Z,3075.72,3083.37,3024.65,3051.07,55550.25
2022-02-08T20:00:00Z,3051.07,3136.11,3046.13,3114.51,46767.31
2022-02-09T00:00:00Z,3114.51,3130.09,3060.44,3074.81,50558.94
2022-02-09T04:00:00Z,3074.81,3112,3053.44,3104.98,41021.03
2022-02-09T08:00:00Z,3104.98,3156.92,3067.62,3151.6,68272.09
2022-02-09T12:00:00Z,3151.6,3217.36,3138.18,3178.46,79794.26
2022-02-09T16:00:00Z,3178.46,3257.75,3162.56,3246.16,82088.48
2022-02-09T20:00:00Z,3246.16,3269.17,3229.88,3243.1,44304.94
2022-02-10T00:00:00Z,3243.1,3247.43,3169.96,3177.91,55287.72
2022-02-10T04:00:00Z,3177.91,3194.52,3156.27,3188.53,60552.48
2022-02-10T08:00:00Z,3188.53,3284.45,3182.96,3247.19,70880.51
2022-02-10T12:00:00Z,3247.19,3265.39,3085.73,3209.37,114380.37
2022-02-10T16:00:00Z,3209.37,3245.82,3114.55,3118.28,77648.51
2022-02-10T20:00:00Z,3118.28,3139.03,3055.88,3071.07,72540.21
2022-02-11T00:00:00Z,3071.07,3095.21,2999.97,3080.85,64338.21
2022-02-11T04:00:00Z,3080.85,3104.63,3040.73,3097.07,65115.2
2022-02-11T08:00:00Z,3097.07,3115.04,3061.51,3087.28,44884.48
2022-02-11T12:00:00Z,3087.28,3137.56,3078.4,3102.02,28236.65
2022-02-11T16:00:00Z,3102.02,3111.6,2966.79,2992.93,41519.32
2022-02-11T20:00:00Z,2992.8,3001.41,2879.92,2927.59,29509.27
2022-02-12T00:00:00Z,2927.59,2958.36,2910.38,2932.91,28016.46
2022-02-12T04:00:00Z,2932.91,2947.07,2882.23,2918.81,32673.24
2022-02-12T08:00:00Z,2918.81,2942.62,2874.32,2931.17,28941.01
2022-02-12T12:00:00Z,2931.17,2937.62,2857.47,2880.92,33411.8
2022-02-12T16:00:00Z,2880.92,2977.22,2864.27,2952.16,31583.13
2022-02-12T20:00:00Z,2952.16,2983.82,2864.74,2918.05,21870.88
2022-02-13T00:00:00Z,2918.05,2945.31,2896.31,2917.31,19518.39
2022-02-13T04:00:00Z,2917.31,2927.83,2898.29,2922.18,15753.72
2022-02-13T08:00:00Z,2922.18,2943.07,2906.94,2930.25,17929.2
2022-02-13T12:00:00Z,2930.25,2953.11,2908.14,2918.23,33048.13
2022-02-13T16:00:00Z,2918.23,2920.98,2834.69,2856.01,51340.77
2022-02-13T20:00:00Z,2856.01,2908.69,2848.09,2870.6,21901.22
2022-02-14T00:00:00Z,2870.6,2892.96,2830,2864.11,37206.55
2022-02-14T04:00:00Z,2864.11,2883,2843.49,2881.22,19145.34
2022-02-14T08:00:00Z,2881.22,2887.4,2845.39,2873.38,26094.05
2022-02-14T12:00:00Z,2873.38,2964.49,2854.84,2936.15,47036.58
2022-02-14T16:00:00Z,2936.15,2963.49,2856.83,2878.88,32050.9
2022-02-14T20:00:00Z,2878.88,2948.2,2866.15,2929.36,23199.78
2022-02-15T00:00:00Z,2929.36,3037.09,2912.31,3024.75,34807.34
2022-02-15T04:00:00Z,3024.75,3060.44,3007.69,3048.62,17474.25
2022-02-15T08:00:00Z,3048.62,3116.03,3039.93,3094.23,40539.34
2022-02-15T12:00:00Z,3094.23,3148.26,3087.34,3122.25,39824.21
2022-02-15T16:00:00Z,3122.25,3142.41,3088.95,3109.87,18528.05
2022-02-15T20:00:00Z,3109.87,3198.27,3092.5,3185.08,18667.62
2022-02-16T00:00:00Z,3185.08,3185.91,3133.45,3141.11,28865.35
2022-02-16T04:00:00Z,3141.11,3152,3105.79,3148.24,26336.29
2022-02-16T08:00:00Z,3148.24,3162.24,3112.83,3135.46,20878.69
2022-02-16T12:00:00Z,3135.46,3143.79,3051.85,3064.61,40933.02
2022-02-16T16:00:00Z,3064.61,3186.37,3042.38,3168.37,28524.72
2022-02-16T20:00:00Z,3168.37,3178.22,3117.35,3121.73,24789.43
2022-02-17T00:00:00Z,3121.73,3158.93,3082.18,3082.73,31689.73
2022-02-17T04:00:00Z,3082.73,3110.01,3049.58,3107.47,39428.68
2022-02-17T08:00:00Z,3107.47,3136.03,3032.17,3063.9,42365.55
2022-02-17T12:00:00Z,3063.9,3086.05,2959.79,2986.9,54427.81
2022-02-17T16:00:00Z,2986.9,3003.68,2880.49,2908.33,43414.09
2022-02-17T20:00:00Z,2908.33,2912.94,2850.55,2890.41,28825.13
2022-02-18T00:00:00Z,2890.41,2917.71,2860.51,2906.24,30210.59
2022-02-18T04:00:00Z,2906.24,2915.15,2875.72,2902.91,25420.95
2022-02-18T08:00:00Z,2902.91,2943.14,2871.26,2877.3,37137.5
2022-02-18T12:00:00Z,2877.3,2906.61,2786.44,2799.23,62963.09
2022-02-18T16:00:00Z,2799.23,2824.36,2751.55,2795.4,49315.13
2022-02-18T20:00:00Z,2795.4,2806.24,2752.46,2778.06,15006.76
2022-02-19T00:00:00Z,2778.06,2829.85,2765.6,2804.84,25738.46
2022-02-19T04:00:00Z,2804.84,2824.26,2795.66,2810.68,19619.78
2022-02-19T08:00:00Z,2810.68,2818,2704.63,2721,40426.33
2022-02-19T12:00:00Z,2721,2750.9,2693.51,2744.25,36711.75
2022-02-19T16:00:00Z,2744.25,2793.93,2736.77,2742.79,31518.2
2022-02-19T20:00:00Z,2742.79,2766.87,2725.43,2761.99,14434.11
2022-02-20T00:00:00Z,2761.99,2763.16,2696.44,2711.78,31713.08
2022-02-20T04:00:00Z,2711.78,2716.94,2618.95,2652.49,45034.91
2022-02-20T08:00:00Z,2652.49,2652.62,2597.77,2641.3,39301.97
2022-02-20T12:00:00Z,2641.3,2663.06,2599.51,2651.54,28126.34
2022-02-20T16:00:00Z,2651.54,2673.87,2630.39,2648.31,16272.25
2022-02-20T20:00:00Z,2648.31,2664.01,2574.39,2621.13,23224.13
2022-02-21T00:00:00Z,2621.13,2738.57,2604.55,2709.96,29938.54
2022-02-21T04:00:00Z,2709.82,2754.59,2709.58,2746.28,26448.11
2022-02-21T08:00:00Z,2746.28,2758,2604.19,2626.3,53306.25
2022-02-21T12:00:00Z,2626.3,2749.55,2580.42,2722.97,78332.73
2022-02-21T16:00:00Z,2722.97,2743.75,2606.66,2652.23,39393.14
2022-02-21T20:00:00Z,2652.23,2675.45,2557.58,2567.85,34520.56
2022-02-22T00:00:00Z,2567.85,2621.84,2507,2518.71,45751.36
2022-02-22T04:00:00Z,2518.71,2546.8,2497.34,2514.18,39880.04
2022-02-22T08:00:00Z,2514.18,2603.13,2513.73,2587.59,42008.95
2022-02-22T12:00:00Z,2587.59,2665.41,2566.25,2624.38,53823.47
2022-02-22T16:00:00Z,2624.38,2639.77,2578.93,2631.82,33375.54
2022-02-22T20:00:00Z,2631.82,2655.24,2590.49,2636.48,15674.36
2022-02-23T00:00:00Z,2636.48,2653.51,2597.04,2623.48,20245.27
2022-02-23T04:00:00Z,2623.48,2696.68,2618.78,2693.93,25727.93
2022-02-23T08:00:00Z,2693.93,2738.08,2680.81,2718.95,29210.62
2022-02-23T12:00:00Z,2718.95,2752.51,2684.15,2688.79,32214.66
2022-02-23T16:00:00Z,2688.79,2730.17,2618.88,2632.98,25842.12
2022-02-23T20:00:00Z,2632.98,2640,2575,2578.47,20387.67
2022-02-24T00:00:00Z,2578.47,2592.51,2387.27,2396.23,66629.32
2022-02-24T04:00:00Z,2396.23,2408.6,2300.52,2370.15,79525.82
2022-02-24T08:00:00Z,2370.15,2420.96,2331.64,2394.91,61159.5
2022-02-24T12:00:00Z,2394.91,2475,2348.99,2455.08,48048.95
2022-02-24T16:00:00Z,2455.08,2599,2429.15,2595.58,35667.78
2022-02-24T20:00:00Z,2595.58,2740.71,2544.35,2595.88,35236.7
2022-02-25T00:00:00Z,2595.88,2648.14,2581.76,2635.7,22589.86
2022-02-25T04:00:00Z,2635.7,2645.2,2584.8,2613.13,24034.14
2022-02-25T08:00:00Z,2613.13,2639.82,2572.03,2631.95,28203.7
2022-02-25T12:00:00Z,2631.95,2743.04,2631.95,2732.72,53298.18
2022-02-25T16:00:00Z,2732.72,2745,2665.85,2677.74,34284.13
2022-02-25T20:00:00Z,2677.74,2834.18,2667.6,2766.32,27026.95
2022-02-26T00:00:00Z,2766.32,2878.24,2759.78,2793.31,21903.65
2022-02-26T04:00:00Z,2793.39,2820.81,2756.84,2792,19378.86
2022-02-26T08:00:00Z,2790.14,2816.28,2726.6,2750.95,32844.73
2022-02-26T12:00:00Z,2750.95,2808.34,2741.52,2784.04,19979.22
2022-02-26T16:00:00Z,2784.04,2833.46,2763.44,2808.97,21460.65
2022-02-26T20:00:00Z,2808.97,2853.58,2763.52,2777.91,15576.06
2022-02-27T00:00:00Z,2777.91,2788.87,2677.11,2714.44,28099.74
2022-02-27T04:00:00Z,2714.44,2742.79,2696.33,2734.69,17216.41
2022-02-27T08:00:00Z,2734.69,2831.11,2721.09,2820.48,41159.23
2022-02-27T12:00:00Z,2820.48,2835.84,2710.39,2808.13,75416.57
2022-02-27T16:00:00Z,2808.13,2808.49,2594.36,2605.64,71100.85
2022-02-27T20:00:00Z,2605.64,2655.82,2555.99,2615.55,65947.52
2022-02-28T00:00:00Z,2615.55,2678.07,2587.88,2605.17,37962.68
2022-02-28T04:00:00Z,2605.17,2650.99,2566.7,2634.48,46461.51
2022-02-28T08:00:00Z,2634.48,2656.63,2610.23,2639,26616.75
2022-02-28T12:00:00Z,2639,2826.55,2606.64,2815.11,82400.83
2022-02-28T16:00:00Z,2815.11,2830.44,2788.56,2808.33,38012
2022-02-28T20:00:00Z,2808.33,2953.33,2795.26,2921.33,34174.98
2022-03-01T00:00:00Z,2921.33,2973.5,2890.74,2912.15,34058.8
2022-03-01T04:00:00Z,2912.15,2934.13,2882,2920.92,22447.36
2022-03-01T08:00:00Z,2920.92,2932.26,2853.33,2902.26,30169.67
2022-03-01T12:00:00Z,2902.26,3035.73,2899.1,2949.45,55544.77
2022-03-01T16:00:00Z,2949.43,2975.22,2897.23,2945.63,32042.92
2022-03-01T20:00:00Z,2945.63,2979.14,2937.38,2975.73,13685.3
2022-03-02T00:00:00Z,2975.73,3028.61,2913.72,3017.08,39746.39
2022-03-02T04:00:00Z,3017.08,3048.97,2954.39,2968.54,31719.11
2022-03-02T08:00:00Z,2968.54,3026.87,2950.51,3004.72,21920.17
2022-03-02T12:00:00Z,3004.72,3035.42,2925.46,2951.69,56406.82
2022-03-02T16:00:00Z,2951.69,2981.78,2913.62,2932.6,19857.51
2022-03-02T20:00:00Z,2932.6,2987.36,2928.66,2947.16,9812.06
2022-03-03T00:00:00Z,2947.16,2969.84,2886.87,2894.66,29903.65
2022-03-03T04:00:00Z,2894.66,2919.72,2870.59,2906.92,23873.12
2022-03-03T08:00:00Z,2906.92,2934.01,2877.03,2911.87,23352.79
2022-03-03T12:00:00Z,2911.87,2933.08,2815.26,2827.03,36862.06
2022-03-03T16:00:00Z,2827.03,2838.85,2782.8,2816.11,41503.03
2022-03-03T20:00:00Z,2816.11,2848.08,2789.65,2832.79,14414.18
2022-03-04T00:00:00Z,2832.79,2835.12,2688.62,2723.84,34967.81
2022-03-04T04:00:00Z,2723.84,2732.38,2709,2731.44,16616.87
2022-03-04T08:00:00Z,2731.44,2757.09,2703.34,2741.58,30882.98
2022-03-04T12:00:00Z,2741.58,2754.31,2659.23,2670.91,37703.87
2022-03-04T16:00:00Z,2670.91,2696.21,2608.25,2615.61,31647.31
2022-03-04T20:00:00Z,2615.61,2628.67,2571.1,2619.92,24702.61
2022-03-05T00:00:00Z,2619.92,2628.02,2587.75,2623.16,15133.41
2022-03-05T04:00:00Z,2623.16,2641.28,2608.21,2635.69,15646.05
2022-03-05T08:00:00Z,2635.69,2656.27,2629.63,2647.06,16502.96
2022-03-05T12:00:00Z,2647.06,2670.3,2626.11,2641.49,20776.91
2022-03-05T16:00:00Z,2641.49,2684.62,2638.65,2668.95,22410.63
2022-03-05T20:00:00Z,2668.95,2679.3,2649.74,2663.83,9147.44
2022-03-06T00:00:00Z,2663.83,2674.86,2633.18,2637.3,14213
2022-03-06T04:00:00Z,2637.3,2658.45,2614.19,2643.84,21717.01
2022-03-06T08:00:00Z,2643.84,2646.63,2588.91,2607.12,31573.31
2022-03-06T12:00:00Z,2607.12,2647.54,2603.91,2625.53,23926.6
2022-03-06T16:00:00Z,2625.53,2653.85,2602.44,2605.55,16495.04
2022-03-06T20:00:00Z,2605.55,2643.41,2532.15,2548.59,18063.35
2022-03-07T00:00:00Z,2548.59,2556.37,2505.44,2523.86,25665.95
2022-03-07T04:00:00Z,2523.86,2540.72,2512.48,2519.31,16743.62
2022-03-07T08:00:00Z,2519.31,2545.41,2491.26,2536.83,17746.11
2022-03-07T12:00:00Z,2536.83,2647.84,2536.82,2617.44,43982.21
2022-03-07T16:00:00Z,2617.44,2639.03,2446.28,2458.2,43067.38
2022-03-07T20:00:00Z,2458.2,2526.33,2443.23,2491.21,25778.69
2022-03-08T00:00:00Z,2491.21,2571.42,2478.99,2548.66,21015.21
2022-03-08T04:00:00Z,2548.66,2563.58,2494.78,2535.36,23699.2
2022-03-08T08:00:00Z,2535.36,2609.36,2526.1,2587.76,33518.14
2022-03-08T16:00:00Z,2558.1,2623.35,2524.08,2579.78,37827.53
2022-03-08T20:00:00Z,2579.78,2587.93,2547.84,2575.74,8178.36
2022-03-09T00:00:00Z,2575.74,2717.45,2567.3,2698.26,30834.08
2022-03-09T04:00:00Z,2698.26,2746.16,2698.26,2744.18,25347.46
2022-03-09T08:00:00Z,2744.18,2773.16,2723.04,2746.12,26286.71
2022-03-09T12:00:00Z,2746.12,2768.24,2712.33,2757.19,30816.11
2022-03-09T16:00:00Z,2757.19,2758.92,2679.64,2714.15,17287.04
2022-03-09T20:00:00Z,2714.15,2735,2679.66,2727.02,14005.18
2022-03-10T00:00:00Z,2727.02,2733.17,2652.5,2657.55,18670.03
2022-03-10T04:00:00Z,2657.55,2663.61,2570.36,2590.87,26685.83
2022-03-10T08:00:00Z,2590.87,2608.23,2573.34,2593.06,17178.95
2022-03-10T12:00:00Z,2593.06,2646.4,2550.48,2596.43,33158.83
2022-03-10T16:00:00Z,2596.43,2615.89,2582.51,2613.12,8920.71
2022-03-10T20:00:00Z,2613.12,2619.76,2590.09,2605.37,4713.91
2022-03-11T00:00:00Z,2605.37,2608.51,2520.51,2550.11,23341.17
2022-03-11T04:00:00Z,2550.11,2616.69,2532,2608.07,18326.1
2022-03-11T08:00:00Z,2608.07,2670,2580.67,2653.21,27822.44
2022-03-11T12:00:00Z,2653.21,2676.02,2567.34,2578.9,31255.46
2022-03-11T16:00:00Z,2578.9,2580.15,2544.88,2556.48,13598.26
2022-03-11T20:00:00Z,2556.48,2586.01,2526.08,2555.92,9911.8
2022-03-12T00:00:00Z,2555.92,2595.91,2552.8,2583,11612.1
2022-03-12T04:00:00Z,2583,2599,2567.59,2587.72,10853.98
2022-03-12T08:00:00Z,2587.72,2591.34,2572.56,2577.75,8682.2
2022-03-12T12:00:00Z,2577.75,2595.47,2561.29,2583.87,14711.07
2022-03-12T16:00:00Z,2583.87,2613.14,2574.55,2577,10494.63
2022-03-12T20:00:00Z,2577,2592.01,2562.04,2568,6751.12
2022-03-13T00:00:00Z,2568,2602.22,2557.82,2591.26,9002.89
2022-03-13T04:00:00Z,2591.26,2596.24,2580.07,2580.43,7790.88
2022-03-13T08:00:00Z,2580.43,2595.4,2564.57,2573.8,20073.37
2022-03-13T12:00:00Z,2573.8,2588.36,2532.2,2578.48,24579.74
2022-03-13T16:00:00Z,2578.48,2585.5,2560.84,2561.84,11454.87
2022-03-13T20:00:00Z,2561.84,2572.17,2490.57,2513.85,23966.77
2022-03-14T00:00:00Z,2513.85,2543.23,2497.22,2533.19,17102.68
2022-03-14T04:00:00Z,2533.19,2605.25,2531.79,2586,29588.33
2022-03-14T08:00:00Z,2586,2609.5,2576.39,2579.8,18455.45
2022-03-14T12:00:00Z,2579.8,2591.95,2555.1,2572.8,21669.29
2022-03-14T16:00:00Z,2572.8,2581.08,2513,2533.71,17358.35
2022-03-14T20:00:00Z,2533.71,2595.37,2521.21,2588.94,17560.88
2022-03-15T00:00:00Z,2588.94,2602.09,2535.83,2542.86,32052.24
2022-03-15T04:00:00Z,2542.86,2561.69,2505.12,2530.6,26176.51
2022-03-15T08:00:00Z,2530.6,2543.2,2509.8,2533.4,19239.07
2022-03-15T12:00:00Z,2533.4,2591.33,2518.99,2572.24,32659.35
2022-03-15T16:00:00Z,2572.24,2660.8,2567.43,2658.39,22922.5
2022-03-15T20:00:00Z,2658.39,2667.83,2606.51,2617.61,13600.88
2022-03-16T00:00:00Z,2617.61,2733.28,2603.5,2620.3,35190.65
2022-03-16T04:00:00Z,2620.3,2647.58,2605.36,2644.89,17679.42
2022-03-16T08:00:00Z,2644.89,2703.19,2644.23,2687.4,37145.93
2022-03-16T12:00:00Z,2687.4,2722.63,2662,2702.78,31579.56
2022-03-16T16:00:00Z,2702.78,2757.4,2633.02,2752.5,40355.54
2022-03-16T20:00:00Z,2752.5,2788,2740.07,2773.09,19871.08
2022-03-17T00:00:00Z,2773.09,2787.11,2752.22,2766.3,16778.71
2022-03-17T04:00:00Z,2766.3,2774.43,2745.93,2755.06,17025.98
2022-03-17T08:00:00Z,2755.06,2778.47,2750.66,2774.29,17082.93
2022-03-17T12:00:00Z,2774.29,2836.43,2770.76,2800.25,40703.07
2022-03-17T16:00:00Z,2800.25,2834.39,2774.49,2826.89,24819
2022-03-17T20:00:00Z,2826.52,2827.9,2798.91,2811,8074.46
2022-03-18T00:00:00Z,2811,2812.02,2766.07,2776.17,20651.62
2022-03-18T04:00:00Z,2776.17,2808.14,2770.36,2793.19,16599.39
2022-03-18T08:00:00Z,2793.19,2814.37,2779.93,2795.3,20280.83
2022-03-18T12:00:00Z,2795.3,2901.1,2788,2895.58,90851.27
2022-03-18T16:00:00Z,2895.58,2967.86,2881.76,2964.78,60373.44
2022-03-18T20:00:00Z,2964.78,2984.77,2930.75,2938.9,17551.24
2022-03-19T00:00:00Z,2938.9,2979.67,2929.55,2947.96,17501.34
2022-03-19T04:00:00Z,2947.96,2955.3,2921.08,2924.64,12979.84
2022-03-19T08:00:00Z,2924.64,2954.47,2923.05,2945.89,12429.1
2022-03-19T12:00:00Z,2945.89,2977.27,2938.61,2966.9,25163.4
2022-03-19T16:00:00Z,2966.9,2986.44,2944.18,2949.52,17131.79
2022-03-19T20:00:00Z,2949.52,2966.63,2892.37,2950.16,15754.38
2022-03-20T00:00:00Z,2950.16,2963.88,2906.24,2931.62,24491.89
2022-03-20T04:00:00Z,2931.62,2934.68,2915.14,2925.01,12166.43
2022-03-20T08:00:00Z,2925.01,2930.66,2879.56,2886.11,24615.54
2022-03-20T12:00:00Z,2886.11,2898.5,2846.66,2853.84,41655.7
2022-03-20T16:00:00Z,2853.84,2878.59,2817.46,2874.4,32064.64
2022-03-20T20:00:00Z,2874.4,2911.39,2849.69,2859.94,20256.55
2022-03-21T00:00:00Z,2859.94,2875.59,2830.84,2842.77,18196.37
2022-03-21T04:00:00Z,2842.77,2894.9,2834.09,2888.88,19383.72
2022-03-21T08:00:00Z,2888.88,2922.8,2872.45,2904.96,23950.54
2022-03-21T12:00:00Z,2904.96,2955.64,2886.32,2953.94,41251.78
2022-03-21T16:00:00Z,2953.94,2959.21,2894.46,2916.88,47497.69
2022-03-21T20:00:00Z,2916.88,2922.42,2882.09,2889.08,9853.21
2022-03-22T00:00:00Z,2889.08,3031.25,2886.23,3007.32,46489.45
2022-03-22T04:00:00Z,3007.32,3053.62,2967.1,2992.86,40587.27
2022-03-22T08:00:00Z,2992.86,3025.52,2984.78,3019.75,20137.4
2022-03-22T12:00:00Z,3019.75,3028.52,2986.68,3001.87,26902.61
2022-03-22T16:00:00Z,3001.87,3013,2980.11,2983.26,12348.94
2022-03-22T20:00:00Z,2983.26,3014.8,2959.82,2968.96,16119.78
2022-03-23T00:00:00Z,2968.96,2991.09,2923.21,2946.12,34932.75
2022-03-23T04:00:00Z,2946.12,2960.66,2919.1,2947.38,30345
2022-03-23T08:00:00Z,2947.38,2970.54,2932.14,2947.75,17226.27
2022-03-23T12:00:00Z,2947.75,3037.52,2937,3029.85,36541.35
2022-03-23T16:00:00Z,3029.85,3043,2950.75,2960.93,24388.78
2022-03-23T20:00:00Z,2960.93,3037.2,2958.82,3035.39,15276.13
2022-03-24T00:00:00Z,3035.39,3082.03,3004.71,3016.26,39001.02
2022-03-24T04:00:00Z,3016.26,3069.87,3013.88,3036.59,24012.12
2022-03-24T08:00:00Z,3036.59,3066.16,3030.34,3047.21,19448.99
2022-03-24T12:00:00Z,3047.21,3129,3001,3114.02,62374.06
2022-03-24T16:00:00Z,3114.02,3122.39,3085.28,3107.26,18843.43
2022-03-24T20:00:00Z,3107.26,3118.39,3087.42,3110.38,5053.21
2022-03-25T00:00:00Z,3110.38,3143.39,3093.77,3136.11,22779.34
2022-03-25T04:00:00Z,3136.11,3146.17,3125.44,3128.55,16950.38
2022-03-25T08:00:00Z,3128.55,3178.62,3097.49,3167.35,30834.09
2022-03-25T12:00:00Z,3167.35,3193.43,3106.91,3120.01,44408.59
2022-03-25T16:00:00Z,3120.01,3138,3075.71,3113.82,29177.17
2022-03-25T20:00:00Z,3113.82,3127.98,3092.53,3101.51,6330.35
2022-03-26T00:00:00Z,3101.51,3115.34,3083.36,3106.92,12588.23
2022-03-26T04:00:00Z,3106.92,3137.48,3098.67,3132.64,13841.16
2022-03-26T08:00:00Z,3132.64,3138.28,3115.07,3121.49,14917.63
2022-03-26T12:00:00Z,3121.49,3127.69,3106.22,3114.1,13833.3
2022-03-26T16:00:00Z,3114.1,3127.19,3106.93,3121.72,8787.89
2022-03-26T20:00:00Z,3121.72,3152.32,3120.77,3143.51,14602.39
2022-03-27T00:00:00Z,3143.51,3170.31,3135.76,3143.14,23782.63
2022-03-27T04:00:00Z,3143.14,3157.43,3132.53,3155,8993.24
2022-03-27T08:00:00Z,3155,3158.16,3139.13,3145.05,8528.79
2022-03-27T12:00:00Z,3145.05,3177.08,3125.7,3170.12,22361.19
2022-03-27T16:00:00Z,3170.12,3190.2,3164.72,3174.94,10852.91
2022-03-27T20:00:00Z,3174.94,3299.89,3163.56,3295.85,31651.42
2022-03-28T00:00:00Z,3295.85,3326.13,3274.69,3310.82,20722.94
2022-03-28T04:00:00Z,3310.82,3339.47,3299.89,3318.64,18531.92
2022-03-28T08:00:00Z,3318.64,3357.2,3304.78,3345.62,17481.95
2022-03-28T12:00:00Z,3345.62,3399.99,3330.2,3356.53,40999.03
2022-03-28T16:00:00Z,3356.53,3429.08,3333.2,3408.44,63225.82
2022-03-28T20:00:00Z,3408.44,3422.88,3315.51,3332.48,19734.94
2022-03-29T00:00:00Z,3332.48,3400.42,3330.81,3369.23,20710.89
2022-03-29T04:00:00Z,3369.23,3421.33,3368.98,3385.4,27000.67
2022-03-29T08:00:00Z,3385.4,3470.17,3384.49,3464.03,32130.21
2022-03-29T12:00:00Z,3464.03,3480.97,3392.61,3401.59,37281.03
2022-03-29T16:00:00Z,3401.59,3441.47,3367.18,3428.47,32338.26
2022-03-29T20:00:00Z,3428.47,3428.48,3343.31,3399.47,14437.11
2022-03-30T00:00:00Z,3399.47,3399.47,3331.5,3382.4,19801.56
2022-03-30T04:00:00Z,3382.4,3416.26,3360.08,3406.45,20067.51
2022-03-30T08:00:00Z,3406.45,3418.37,3378.58,3406.43,22583.08
2022-03-30T12:00:00Z,3406.43,3408.77,3346.43,3380.27,32431.95
2022-03-30T16:00:00Z,3380.27,3447.01,3371.28,3393.28,23917.75
2022-03-30T20:00:00Z,3393.28,3412.88,3369.63,3384.12,10575.39
2022-03-31T00:00:00Z,3384.12,3422.42,3376.96,3395.52,18797.36
2022-03-31T04:00:00Z,3395.52,3406.98,3384.37,3400.67,13245.39
2022-03-31T08:00:00Z,3400.67,3424.98,3395.37,3407.93,18276.81
2022-03-31T12:00:00Z,3407.93,3443.82,3334.09,3349.25,44180.71
2022-03-31T16:00:00Z,3349.25,3353.41,3260.51,3282.51,42113.05
2022-03-31T20:00:00Z,3282.51,3304.33,3261.51,3280.9,12684.53
2022-04-01T00:00:00Z,3280.9,3306.63,3209.47,3248.9,34056.87
2022-04-01T04:00:00Z,3248.9,3279.37,3241.53,3276.65,26556.77
2022-04-01T08:00:00Z,3276.65,3301.64,3265.59,3282.61,25298.24
2022-04-01T12:00:00Z,3282.61,3452.26,3260.48,3431.68,61382.54
2022-04-01T16:00:00Z,3431.68,3482.7,3404.62,3468.39,26712.66
2022-04-01T20:00:00Z,3468.39,3471.43,3426.05,3454.89,9959.03
2022-04-02T00:00:00Z,3454.89,3524.66,3438.67,3472.95,30433.23
2022-04-02T04:00:00Z,3472.95,3493.17,3461.88,3483.42,9768.64
2022-04-02T08:00:00Z,3483.42,3497.64,3469.21,3486.22,10087.53
2022-04-02T12:00:00Z,3486.22,3531.69,3443.37,3460.05,40631.06
2022-04-02T16:00:00Z,3460.05,3486.38,3431,3469.65,23797.19
2022-04-02T20:00:00Z,3469.65,3486.57,3432.9,3443.03,10349.78
2022-04-03T00:00:00Z,3443.03,3465.43,3411.47,3455.04,18414.84
2022-04-03T04:00:00Z,3455.04,3508.17,3450.95,3488.79,16302.17
2022-04-03T08:00:00Z,3488.79,3511.14,3469.5,3483.98,17261.88
2022-04-03T12:00:00Z,3483.98,3519.5,3477.26,3499.14,18018.99
2022-04-03T16:00:00Z,3499.14,3520.13,3478.46,3486.29,11028.1
2022-04-03T20:00:00Z,3486.29,3580.77,3485.43,3521.76,22702.19
2022-04-04T00:00:00Z,3521.76,3522.99,3466.89,3487.97,21622.94
2022-04-04T04:00:00Z,3487.97,3509.87,3477.71,3500.93,17146.47
2022-04-04T08:00:00Z,3500.93,3503.76,3447.01,3477.27,21892.57
2022-04-04T12:00:00Z,3477.27,3492.13,3419.46,3422.86,26775.91
2022-04-04T16:00:00Z,3422.86,3497.4,3406.31,3489.2,18987.1
2022-04-04T20:00:00Z,3489.2,3547.48,3472.6,3518.72,14394.04
2022-04-05T00:00:00Z,3518.77,3535.76,3500.47,3523.51,26025.91
2022-04-05T04:00:00Z,3523.51,3535.48,3507.84,3526.36,26530.67
2022-04-05T08:00:00Z,3526.36,3528.83,3503.44,3522.78,17877.85
2022-04-05T12:00:00Z,3522.78,3554.98,3437.57,3450.78,51052.4
2022-04-05T16:00:00Z,3450.78,3475.79,3416.42,3463.11,16485.65
2022-04-05T20:00:00Z,3463.11,3470.25,3394.34,3404.24,13674.88
2022-04-06T00:00:00Z,3404.24,3404.4,3261.94,3340.03,46638.37
2022-04-06T04:00:00Z,3340.03,3371.03,3320.92,3342.35,29694.51
2022-04-06T08:00:00Z,3342.35,3357.79,3278.55,3303.05,38806.39
2022-04-06T12:00:00Z,3303.05,3324.55,3215.32,3255.13,48235.59
2022-04-06T16:00:00Z,3255.13,3262.75,3170.35,3224.44,42826.01
2022-04-06T20:00:00Z,3224.44,3238.59,3159.6,3166.94,13479.81
2022-04-07T00:00:00Z,3166.94,3204.11,3140.75,3183.4,34930.87
2022-04-07T04:00:00Z,3183.4,3232,3181.43,3222.02,25266.19
2022-04-07T08:00:00Z,3222.02,3259.34,3201.56,3249.2,24798.13
2022-04-07T12:00:00Z,3249.2,3266.89,3157.24,3197.27,36939.8
2022-04-07T16:00:00Z,3197.27,3244.98,3192.93,3214.44,13676.48
2022-04-07T20:00:00Z,3214.44,3257.63,3195.49,3225.09,10251.18
2022-04-08T00:00:00Z,3225.09,3274.79,3213.27,3266.1,34586.39
2022-04-08T04:00:00Z,3266.1,3286.15,3242.51,3284.8,36902.47
2022-04-08T08:00:00Z,3284.8,3312.93,3253.9,3257.54,31329.46
2022-04-08T12:00:00Z,3257.54,3306.6,3210.53,3280.22,40526.32
2022-04-08T16:00:00Z,3280.22,3290.24,3213.58,3237.41,22540.66
2022-04-08T20:00:00Z,3237.41,3256.25,3172.08,3191.23,15086.66
2022-04-09T00:00:00Z,3191.23,3221.8,3180.56,3208.42,19713.78
2022-04-09T04:00:00Z,3208.42,3226.38,3194.33,3208.45,16016.03
2022-04-09T08:00:00Z,3208.45,3215.76,3192.4,3207.98,13899.92
2022-04-09T12:00:00Z,3207.98,3233,3199.5,3207.2,15212.89
2022-04-09T16:00:00Z,3207.2,3247.95,3201.21,3231.69,14014.59
2022-04-09T20:00:00Z,3231.69,3267.32,3220.58,3256.7,10932.97
2022-04-10T00:00:00Z,3256.7,3265.73,3244.37,3255.3,10053.64
2022-04-10T04:00:00Z,3255.3,3260.25,3232.43,3241.04,12809.24
2022-04-10T08:00:00Z,3241.04,3254.21,3231.62,3249.53,12496.14
2022-04-10T12:00:00Z,3249.53,3259.27,3230.32,3253.8,14392.6
2022-04-10T16:00:00Z,3253.8,3307,3249.31,3290.44,17688.89
2022-04-11T00:00:00Z,3199.5,3211.22,3150.84,3173.45,36550.69
2022-04-11T04:00:00Z,3173.45,3188.44,3164.01,3177.1,23839.37
2022-04-11T08:00:00Z,3177.1,3179.58,3025.7,3048.58,56413.12
2022-04-11T12:00:00Z,3048.58,3063.28,3001.42,3002.01,30646.36
2022-04-11T16:00:00Z,3002.01,3038,2975.35,3002.7,35749.58
2022-04-11T20:00:00Z,3002.7,3016.85,2946.26,2977.85,28378.88
2022-04-12T00:00:00Z,2977.85,2995.51,2949,2981.06,26320.72
2022-04-12T04:00:00Z,2981.06,3025.65,2970,3022.72,27913.58
2022-04-12T08:00:00Z,3022.72,3039.69,3009.54,3038.17,13868.11
2022-04-12T12:00:00Z,3038.17,3081.98,3012.67,3042.05,37490.1
2022-04-12T16:00:00Z,3042.05,3061.84,2965.85,2970.6,15770.71
2022-04-12T20:00:00Z,2970.6,3034.39,2964.76,3025.73,7588.03
2022-04-13T00:00:00Z,3025.73,3065.8,3003.65,3047.62,13310.63
2022-04-13T04:00:00Z,3047.62,3067.79,3038,3049.22,16473.7
2022-04-13T08:00:00Z,3049.22,3057.74,3010.57,3012.3,17959.49
2022-04-13T12:00:00Z,3012.3,3115.41,2996.11,3092.1,43300.54
2022-04-13T16:00:00Z,3092.1,3112.81,3067.56,3083.71,11183.6
2022-04-13T20:00:00Z,3083.71,3127.47,3080.82,3116.11,9132.16
2022-04-14T00:00:00Z,3116.11,3143.49,3108.62,3116.44,17072.3
2022-04-14T04:00:00Z,3116.44,3122.47,3097.66,3111.84,15789.78
2022-04-14T08:00:00Z,3111.84,3120.79,3067.2,3071.32,19356.36
2022-04-14T12:00:00Z,3071.32,3097.19,3009.99,3014.66,36147.1
2022-04-14T16:00:00Z,3014.66,3023.8,2973.55,2993,20548.64
2022-04-14T20:00:00Z,2993,3024.27,2981.22,3019.32,12491.55
2022-04-15T00:00:00Z,3019.32,3041.13,3010.67,3039.35,12917.78
2022-04-15T04:00:00Z,3039.31,3044.38,3009.26,3032.49,14654.42
2022-04-15T08:00:00Z,3032.49,3038.61,3015.11,3025.81,11492.56
2022-04-15T12:00:00Z,3025.81,3059.34,2990.99,3026.43,22750.43
2022-04-15T16:00:00Z,3026.43,3038,3007.2,3020.62,9052.03
2022-04-15T20:00:00Z,3020.62,3042.92,3016.49,3037.69,6064.29
2022-04-16T00:00:00Z,3037.69,3048.15,3032.32,3035.66,6261.12
2022-04-16T04:00:00Z,3035.66,3045.92,3031.05,3032.09,5015.61
2022-04-16T08:00:00Z,3032.09,3045.62,3027.13,3037.8,6736.21
2022-04-16T12:00:00Z,3037.8,3058.3,3008.49,3016.22,19343.18
2022-04-16T16:00:00Z,3016.22,3026.89,3012.19,3022.63,6507.32
2022-04-16T20:00:00Z,3022.63,3085.22,3020.71,3057.87,9874.21
2022-04-17T00:00:00Z,3057.87,3062.88,3020.28,3027.29,7482.34
2022-04-17T04:00:00Z,3027.29,3043.98,3026.14,3036.13,5830.9
2022-04-17T08:00:00Z,3036.13,3047.51,3035.46,3045.34,6742.24
2022-04-17T12:00:00Z,3045.34,3081.48,3040.71,3071.7,20406.28
2022-04-17T16:00:00Z,3071.7,3076.83,3021.3,3050.3,14817.88
2022-04-17T20:00:00Z,3050.3,3075.98,2980.47,2985.34,17390.98
2022-04-18T00:00:00Z,2985.34,2999.31,2973.91,2992.66,12135.48
2022-04-18T04:00:00Z,2992.66,2993.39,2879.5,2890.36,40443.28
2022-04-18T08:00:00Z,2890.36,2920.68,2886.95,2909.28,16773.27
2022-04-18T12:00:00Z,2909.28,2949.56,2902.61,2912.28,24143.43
2022-04-18T16:00:00Z,2912.28,3022.52,2892.22,3003.85,34929.17
2022-04-18T20:00:00Z,3003.85,3068.94,3003.19,3053.87,18755.29
2022-04-19T00:00:00Z,3053.87,3094.06,3034.23,3036.07,24818.89
2022-04-19T04:00:00Z,3036.07,3049.7,3027.23,3037.05,16144.28
2022-04-19T08:00:00Z,3037.05,3060.64,3030.51,3039.39,15742.1
2022-04-19T12:00:00Z,3039.39,3129.88,3038.43,3110.63,30086.88
2022-04-19T16:00:00Z,3110.63,3124.95,3080.63,3110.48,14747.98
2022-04-19T20:00:00Z,3110.48,3110.83,3084.53,3100.95,8564.16
2022-04-20T00:00:00Z,3100.95,3106.38,3065.41,3089.38,17507.73
2022-04-20T04:00:00Z,3089.38,3113.5,3076.72,3087.73,20989.14
2022-04-20T08:00:00Z,3087.73,3166.37,3084.88,3152.3,26458.55
2022-04-20T12:00:00Z,3152.3,3160.36,3050.7,3066.99,35486.35
2022-04-20T16:00:00Z,3066.99,3086.15,3035,3067.52,18553.54
2022-04-20T20:00:00Z,3067.52,3094.75,3057.7,3073.96,12630.4
2022-04-21T00:00:00Z,3073.96,3104.06,3068.85,3095.23,19674.14
2022-04-21T04:00:00Z,3095.23,3103.89,3064.13,3099.19,26917.99
2022-04-21T08:00:00Z,3099.19,3159.68,3082.92,3150.43,44615.1
2022-04-21T12:00:00Z,3150.43,3180.92,3102.77,3104.92,35535.08
2022-04-21T16:00:00Z,3104.92,3106.75,3020.81,3025.79,27925.86
2022-04-21T20:00:00Z,3025.79,3031.7,2937.28,2980.83,25718.45
2022-04-22T00:00:00Z,2980.83,3007.23,2966.33,2992.63,34937
2022-04-22T04:00:00Z,2992.63,3031.91,2983.43,3018.12,54769.83
2022-04-22T08:00:00Z,3018.12,3027.13,2975.1,3012.3,45385.02
2022-04-22T12:00:00Z,3012.3,3017.78,2941.82,2948.12,41913.44
2022-04-22T16:00:00Z,2948.12,2981.21,2932.41,2955.23,19780.79
2022-04-22T20:00:00Z,2955.23,2970.64,2934.81,2960.55,10310.14
2022-04-23T00:00:00Z,2960.55,2973.41,2940.61,2944.69,9190.98
2022-04-23T04:00:00Z,2944.69,2962.65,2913.62,2956.96,22389.26
2022-04-23T08:00:00Z,2956.96,2968.45,2951.09,2957.06,11154.54
2022-04-23T12:00:00Z,2957.06,2969.47,2944.43,2964.44,13870.15
2022-04-23T16:00:00Z,2964.44,2976.55,2945.42,2951.67,13300.27
2022-04-23T20:00:00Z,2951.67,2967.88,2919.41,2930.71,6340.34
2022-04-24T00:00:00Z,2930.71,2958,2920.81,2953.98,12409.97
2022-04-24T04:00:00Z,2953.98,2957.11,2941.78,2947.67,6757.21
2022-04-24T08:00:00Z,2947.67,2953.66,2933.01,2937.04,15395.07
2022-04-24T12:00:00Z,2937.04,2955.5,2909.75,2942.21,23787.41
2022-04-24T16:00:00Z,2942.21,2966.5,2915.42,2958.15,16031.03
2022-04-24T20:00:00Z,2958.15,2961,2916.25,2918.98,15449.23
2022-04-25T00:00:00Z,2918.98,2923.61,2839.15,2872.85,45952.48
2022-04-25T04:00:00Z,2872.85,2873.35,2795.45,2809.87,54278.95
2022-04-25T08:00:00Z,2809.87,2861.83,2795.09,2859.67,23878.82
2022-04-25T12:00:00Z,2859.67,2892.99,2839.27,2866.94,41760.43
2022-04-25T16:00:00Z,2866.94,3014.82,2863.16,3012.69,31163.77
2022-04-25T20:00:00Z,3012.69,3025.57,2988.7,3006.83,17093.37
2022-04-26T00:00:00Z,3006.75,3038.1,2985.27,2999.96,35976.23
2022-04-26T04:00:00Z,2999.96,3013.25,2978.45,3002.39,35945.8
2022-04-26T08:00:00Z,3002.39,3020.75,2984.24,3001.68,29180.8
2022-04-26T12:00:00Z,3001.68,3011.51,2850.86,2857.67,64154.65
2022-04-26T16:00:00Z,2857.67,2883.83,2807.42,2837.09,40062.92
2022-04-26T20:00:00Z,2837.09,2853.04,2762.88,2807.28,37922.42
2022-04-27T00:00:00Z,2807.28,2842.19,2792.05,2833.72,35843.33
2022-04-27T04:00:00Z,2833.72,2888,2829.82,2888,29448.83
2022-04-27T08:00:00Z,2888,2911.7,2859.38,2883,31981.28
2022-04-27T12:00:00Z,2883,2919.8,2820.2,2864.74,52035.68
2022-04-27T16:00:00Z,2864.74,2894.68,2837,2850.75,13578.53
2022-04-27T20:00:00Z,2850.75,2898.88,2849.46,2888.05,12509.54
2022-04-28T00:00:00Z,2888.05,2914.71,2867.32,2882.51,21472.24
2022-04-28T04:00:00Z,2882.51,2936.44,2872.89,2899.58,23440.99
2022-04-28T08:00:00Z,2899.58,2947.6,2899.46,2928.26,26700.79
2022-04-28T12:00:00Z,2928.26,2946.11,2853.79,2889.85,57290.47
2022-04-28T16:00:00Z,2889.85,2980.49,2874.49,2948.2,26220.19
2022-04-28T20:00:00Z,2948.2,2969.75,2910.55,2936.06,20288.78
2022-04-29T00:00:00Z,2936.06,2946.52,2902.7,2925.2,35840.82
2022-04-29T04:00:00Z,2925.2,2936,2908.44,2925.48,27632.84
2022-04-29T08:00:00Z,2925.48,2927.13,2832.04,2841.05,33970.8
2022-04-29T12:00:00Z,2841.05,2883.77,2829.54,2854.54,28578.93
2022-04-29T16:00:00Z,2854.54,2855.13,2774.59,2792.48,26188.02
2022-04-29T20:00:00Z,2792.48,2820.91,2786.9,2814.81,9518.16
2022-04-30T00:00:00Z,2814.81,2835.72,2809.15,2816.97,15518.32
2022-04-30T04:00:00Z,2816.97,2839.94,2807.51,2827.55,13012.62
2022-04-30T08:00:00Z,2827.55,2837.83,2815.84,2828.13,13698.84
2022-04-30T12:00:00Z,2828.13,2834.15,2768.16,2813.85,32782.11
2022-04-30T16:00:00Z,2813.85,2819.99,2773.06,2805.16,12852.61
2022-04-30T20:00:00Z,2805.16,2806.17,2712.44,2724.79,26116.74
2022-05-01T00:00:00Z,2724.79,2778.25,2714.15,2774.19,18645.24
2022-05-01T04:00:00Z,2774.19,2792.87,2763.05,2764.66,9389.46
2022-05-01T08:00:00Z,2764.66,2780.38,2751.3,2754.8,12242.7
2022-05-01T12:00:00Z,2754.8,2817.6,2751.04,2803.82,14050.8
2022-05-01T16:00:00Z,2803.82,2827.45,2753.54,2763.45,13759
2022-05-01T20:00:00Z,2763.45,2847.71,2756.71,2823.39,25016.57
2022-05-02T00:00:00Z,2823.39,2848.59,2821.43,2839.2,56002.37
2022-05-02T04:00:00Z,2839.2,2873,2830.48,2844.89,63886.48
2022-05-02T08:00:00Z,2844.89,2854.29,2788.45,2793.55,52460.07
2022-05-02T12:00:00Z,2793.55,2850,2775.86,2825.47,53750.41
2022-05-02T16:00:00Z,2825.47,2849.15,2776.95,2838.9,27895.3
2022-05-02T20:00:00Z,2838.9,2881.84,2822.92,2854.87,22521.7
2022-05-03T00:00:00Z,2854.87,2859.89,2826.5,2849.2,49187.28
2022-05-03T04:00:00Z,2849.2,2853.48,2829.35,2843.73,59558.65
2022-05-03T08:00:00Z,2843.73,2852.96,2821.84,2847.63,35423.65
2022-05-03T12:00:00Z,2847.63,2849.35,2813.88,2820.72,34091.79
2022-05-03T16:00:00Z,2820.72,2826.12,2759.17,2771.14,38655.76
2022-05-03T20:00:00Z,2771.14,2798.96,2753.19,2779.89,10901.36
2022-05-04T00:00:00Z,2779.89,2809.6,2769.68,2797.37,30414.55
2022-05-04T04:00:00Z,2797.37,2833.36,2787.45,2828.77,45388.32
2022-05-04T08:00:00Z,2828.77,2888,2826.63,2871.23,65765.92
2022-05-04T12:00:00Z,2871.23,2882.91,2826.42,2843.57,19739.26
2022-05-04T16:00:00Z,2843.57,2966.58,2825.1,2954.18,58964.51
2022-05-04T20:00:00Z,2954.18,2958,2922.41,2940.99,9954.74
2022-05-05T00:00:00Z,2940.99,2954.87,2937.79,2942.22,11200.07
2022-05-05T04:00:00Z,2942.22,2951.98,2925.55,2934.75,12354.02
2022-05-05T08:00:00Z,2934.75,2939.27,2916.82,2926.68,12239.44
2022-05-05T12:00:00Z,2926.68,2936.26,2725.8,2741.08,78705.96
2022-05-05T16:00:00Z,2741.08,2768.95,2686.37,2728.27,49809.6
2022-05-05T20:00:00Z,2728.27,2753.61,2712.12,2746.11,19958.77
2022-05-06T00:00:00Z,2746.11,2756.39,2722.57,2744.24,50357.12
2022-05-06T04:00:00Z,2744.24,2753.97,2693.28,2728.69,41878.88
2022-05-06T08:00:00Z,2728.69,2743.43,2658.23,2673.86,34655.31
2022-05-06T12:00:00Z,2673.86,2726.38,2631.31,2686.43,59370.37
2022-05-06T16:00:00Z,2686.43,2711.87,2668.81,2687.98,25677.87
2022-05-06T20:00:00Z,2687.98,2705.45,2673.4,2691.19,15972.24
2022-05-07T00:00:00Z,2691.19,2696.24,2663.19,2667.6,14946.6
2022-05-07T04:00:00Z,2667.6,2677.36,2651.63,2671.12,11901.92
2022-05-07T08:00:00Z,2671.12,2696.42,2665.84,2687.23,13786.08
2022-05-07T12:00:00Z,2687.23,2703.28,2669.85,2691.21,15816.61
2022-05-07T16:00:00Z,2691.21,2699.48,2679.09,2681.05,12252.68
2022-05-07T20:00:00Z,2681.05,2681.08,2585.3,2634.81,27388.59
2022-05-08T00:00:00Z,2634.81,2641.19,2516.12,2544.92,36212.68
2022-05-08T04:00:00Z,2544.92,2568.37,2529.21,2555.47,17898.19
2022-05-08T08:00:00Z,2555.47,2576.58,2545.43,2568.01,15557.52
2022-05-08T12:00:00Z,2568.01,2577.81,2511.98,2515.39,35927.52
2022-05-08T16:00:00Z,2515.39,2570.86,2481.09,2561.65,44813.03
2022-05-08T20:00:00Z,2561.65,2563.74,2507.24,2518.21,23860.1
2022-05-09T00:00:00Z,2518.21,2530,2421.86,2456.43,65617.87
2022-05-09T04:00:00Z,2456.43,2479.49,2423.23,2446.81,29475.11
2022-05-09T08:00:00Z,2446.81,2468.8,2357.58,2404.73,49271.25
2022-05-09T12:00:00Z,2404.73,2444.73,2344.69,2381.31,49770.99
2022-05-09T16:00:00Z,2381.31,2404.07,2224.11,2271.98,103711.99
2022-05-09T20:00:00Z,2271.98,2333.91,2225.89,2229.68,37266.72
2022-05-10T00:00:00Z,2229.68,2346.05,2199.65,2300.12,71242.73
2022-05-10T04:00:00Z,2300.12,2438.24,2297.37,2372.47,63736.99
2022-05-10T08:00:00Z,2372.47,2410.64,2364.99,2401.9,38844.1
2022-05-10T12:00:00Z,2401.9,2456.3,2320.75,2361.26,49850.07
2022-05-10T16:00:00Z,2361.26,2409.97,2328.63,2353.59,26263.8
2022-05-10T20:00:00Z,2353.59,2367.4,2259.23,2341.01,29791.51
2022-05-11T00:00:00Z,2341.01,2392.02,2318.61,2360.03,47593.82
2022-05-11T04:00:00Z,2360.03,2404.7,2266.52,2313.71,78855.3
2022-05-11T08:00:00Z,2313.71,2451.1,2290.56,2410.55,64569.55
2022-05-11T12:00:00Z,2410.55,2428.78,2120.56,2264.61,166440.51
2022-05-11T16:00:00Z,2264.61,2282.05,2095.11,2115.37,47080.07
2022-05-11T20:00:00Z,2115.37,2149.78,2003.36,2084.91,41712.58
2022-05-12T00:00:00Z,2084.91,2192.61,1967.98,1968.83,75184.26
2022-05-12T04:00:00Z,1968.83,1982.84,1775.67,1908.89,175993.18
2022-05-12T08:00:00Z,1908.89,2016.27,1867.48,1950.66,47209.7
2022-05-12T12:00:00Z,1950.66,2050.82,1882.24,1966.88,73237.29
2022-05-12T16:00:00Z,1966.88,2034.04,1898.22,1944.66,49050.2
2022-05-12T20:00:00Z,1944.66,1982.62,1867.91,1958.89,19038.35
2022-05-13T00:00:00Z,1958.89,2110,1939.36,2093.45,49891.97
2022-05-13T04:00:00Z,2093.45,2143.45,2047.1,2047.5,33872.2
2022-05-13T08:00:00Z,2047.5,2123.02,2047.49,2111.47,38144.42
2022-05-13T12:00:00Z,2111.47,2145.79,2078,2091,44343.36
2022-05-13T16:00:00Z,2091,2111.11,2028.44,2063.28,30628.59
2022-05-13T20:00:00Z,2063.28,2083.98,1999.02,2008.1,11108.67
2022-05-14T00:00:00Z,2008.1,2068.46,1999.56,2053.67,18617.75
2022-05-14T08:00:00Z,2031.3,2053.68,1970.22,1983.94,30474.36
2022-05-14T12:00:00Z,1983.94,1999.44,1949.73,1962.48,27250.23
2022-05-14T16:00:00Z,1962.48,2034.2,1953.79,1994.77,30894.47
2022-05-14T20:00:00Z,1994.77,2066.03,1991.7,2054.9,22320.38
2022-05-15T00:00:00Z,2054.9,2078.77,2000,2013.35,13888.35
2022-05-15T04:00:00Z,2013.35,2048.88,2001.43,2036.35,21570.7
2022-05-15T08:00:00Z,2036.34,2086.43,2017.27,2079.63,22805.51
2022-05-15T12:00:00Z,2079.63,2099.27,2047.3,2061.83,29882.09
2022-05-15T16:00:00Z,2061.83,2105.83,2056.78,2104.32,20738.8
2022-05-15T20:00:00Z,2104.32,2167.19,2096.21,2144.57,20595.8
2022-05-16T00:00:00Z,2144.57,2144.59,2066.02,2075.49,25640.76
2022-05-16T04:00:00Z,2075.49,2082,1991,2010.17,48585.07
2022-05-16T08:00:00Z,2010.17,2050.32,1978.49,2030.26,31271.46
2022-05-16T12:00:00Z,2030.26,2059.55,1983.26,2013.32,61735.4
2022-05-16T16:00:00Z,2013.32,2044.98,1978.01,2006.31,28335.69
2022-05-16T20:00:00Z,2006.31,2054.92,2004.27,2022.53,14366.69
2022-05-17T00:00:00Z,2022.53,2078.96,2018.13,2072,28612.04
2022-05-17T04:00:00Z,2072,2093.76,2064.03,2069.68,29486.94
2022-05-17T08:00:00Z,2069.68,2098,2068.5,2080.56,23750.4
2022-05-17T12:00:00Z,2080.56,2122.52,2042.62,2060.04,46119.1
2022-05-17T16:00:00Z,2060.04,2068.74,2006.7,2045.52,32528.9
2022-05-17T20:00:00Z,2045.52,2102,2040.41,2090.26,17332.24
2022-05-18T00:00:00Z,2090.26,2110.42,2031.71,2039,56033.21
2022-05-18T04:00:00Z,2039,2051.15,2016.94,2036.73,34855.24
2022-05-18T08:00:00Z,2036.73,2047.8,2020.2,2029.91,21782.56
2022-05-18T12:00:00Z,2029.91,2034.27,1942.56,1954.04,66231.19
2022-05-18T16:00:00Z,1954.04,1992.07,1934.91,1979.95,33239.34
2022-05-18T20:00:00Z,1979.95,1980.07,1906.45,1913.09,28256.3
2022-05-19T00:00:00Z,1913.09,1967.96,1901.66,1951.99,74411.91
2022-05-19T04:00:00Z,1951.99,1971.93,1940.06,1951.49,76303.94
2022-05-19T08:00:00Z,1951.49,1967.73,1912.73,1963.98,40862.11
2022-05-19T12:00:00Z,1963.98,2039.42,1942.76,2022.6,95051.25
2022-05-19T16:00:00Z,2022.6,2028.18,1989.75,1992.13,37519.04
2022-05-19T20:00:00Z,1992.13,2026.74,1990.61,2018.73,39106.01
2022-05-20T00:00:00Z,2018.73,2052.52,2003.33,2022.4,57806.83
2022-05-20T04:00:00Z,2022.4,2033.58,2001.34,2024.72,58886.25
2022-05-20T08:00:00Z,2024.72,2063.37,2021.06,2053.26,50468.74
2022-05-20T12:00:00Z,2053.26,2057.56,1950.51,1959.21,84714.08
2022-05-20T16:00:00Z,1959.21,1971.22,1921.22,1967.07,69392.58
2022-05-20T20:00:00Z,1967.07,1977.78,1951.75,1958.16,26527.64
2022-05-21T00:00:00Z,1958.16,1972.49,1936.31,1966.7,24741.34
2022-05-21T04:00:00Z,1966.7,1985.66,1960.09,1977.72,22579.08
2022-05-21T08:00:00Z,1977.72,1987.94,1955.06,1969.49,18116.62
2022-05-21T12:00:00Z,1969.49,1984.43,1957.77,1979.61,30020.44
2022-05-21T16:00:00Z,1979.61,1990.19,1972.24,1980.3,14245.71
2022-05-21T20:00:00Z,1980.3,1984.34,1964.56,1974.09,14809.94
2022-05-22T00:00:00Z,1974.09,1982.91,1970.82,1972.77,14262.59
2022-05-22T04:00:00Z,1972.77,1975.79,1964.69,1974.37,14428.16
2022-05-22T08:00:00Z,1974.37,2037.09,1971.94,2017.43,53770.16
2022-05-22T12:00:00Z,2017.43,2032.42,1990.29,2003.71,33913.04
2022-05-22T16:00:00Z,2003.71,2022.1,1991.6,2006.7,25232.11
2022-05-22T20:00:00Z,2006.7,2056.9,2005.4,2042.86,36366.08
2022-05-23T00:00:00Z,2042.86,2057.73,2019,2030.86,30677.65
2022-05-23T04:00:00Z,2030.86,2081.18,2026.5,2066.1,53562.32
2022-05-23T08:00:00Z,2066.1,2084.63,2051.39,2068.37,31292.11
2022-05-23T12:00:00Z,2068.37,2088.57,2035.13,2065.34,55313.25
2022-05-23T16:00:00Z,2065.34,2079.03,1976.75,1978.58,50853.85
2022-05-23T20:00:00Z,1978.58,2003.2,1955.03,1971.5,58010.68
2022-05-24T00:00:00Z,1971.5,1988.77,1967.36,1986.13,47524.69
2022-05-24T04:00:00Z,1986.13,1992.45,1972.37,1983.64,53524.69
2022-05-24T08:00:00Z,1983.64,1983.86,1950,1964.39,46382.83
2022-05-24T12:00:00Z,1964.39,1973.5,1910.68,1961.18,93002.52
2022-05-24T16:00:00Z,1961.18,1975.8,1933.65,1961.08,37705.49
2022-05-24T20:00:00Z,1961.08,1990.58,1950.78,1978.21,50450.22
2022-05-25T00:00:00Z,1978.21,2022.36,1968.89,2013.93,67020.94
2022-05-25T04:00:00Z,2013.93,2014.93,1972.42,1976.15,77370.43
2022-05-25T08:00:00Z,1976.15,1981.32,1940.78,1942.76,39979.9
2022-05-25T12:00:00Z,1942.76,1983.74,1932.38,1962.95,51828.63
2022-05-25T16:00:00Z,1962.95,1981.35,1942.56,1948.91,54789.25
2022-05-25T20:00:00Z,1948.91,1971.1,1939.58,1941.27,55096.54
2022-05-26T00:00:00Z,1941.27,1964.66,1932,1947.1,52714.12
2022-05-26T04:00:00Z,1947.08,1949.24,1907.35,1925,82733.81
2022-05-26T08:00:00Z,1925,1925.99,1796.76,1815.05,145140.95
2022-05-26T12:00:00Z,1815.05,1873.36,1731.87,1860.67,164697.58
2022-05-26T16:00:00Z,1860.67,1907.15,1825.2,1825.9,55932.06
2022-05-26T20:00:00Z,1825.9,1846.21,1788,1791.68,71997.48
2022-05-27T00:00:00Z,1791.68,1807.42,1726.65,1766.33,124476.99
2022-05-27T04:00:00Z,1766.33,1797.54,1710.47,1763.32,109698.32
2022-05-27T08:00:00Z,1763.32,1787.99,1749.03,1769.94,64587.36
2022-05-27T12:00:00Z,1769.94,1821.08,1754.47,1763.09,112795.69
2022-05-27T16:00:00Z,1763.09,1773.8,1713.37,1752.37,92963.72
2022-05-27T20:00:00Z,1752.37,1771.11,1703.11,1725.98,38694.97
2022-05-28T00:00:00Z,1725.98,1764.98,1720.87,1763.63,70130.73
2022-05-28T04:00:00Z,1763.63,1781.9,1753.31,1764.43,57197.69
2022-05-28T08:00:00Z,1764.43,1787.77,1747.54,1772.25,78004.64
2022-05-28T12:00:00Z,1772.25,1807.99,1768.79,1793.97,76016.1
2022-05-28T16:00:00Z,1793.97,1798.97,1758.95,1791.99,45404.19
2022-05-28T20:00:00Z,1791.99,1804.73,1777.61,1791.42,32450.94
2022-05-29T00:00:00Z,1791.42,1795.07,1762.6,1775.58,30302.32
2022-05-29T04:00:00Z,1775.58,1789.07,1768.3,1783.11,27071.58
2022-05-29T08:00:00Z,1783.11,1803.42,1773.81,1801.54,52531.53
2022-05-29T12:00:00Z,1801.54,1827,1792.44,1796.61,73711.45
2022-05-29T16:00:00Z,1796.61,1809.7,1784.15,1787.68,39283.37
2022-05-29T20:00:00Z,1787.68,1825.95,1786.18,1812.12,44987.81
2022-05-30T00:00:00Z,1812.12,1889.51,1801.82,1878.79,115401.88
2022-05-30T04:00:00Z,1878.79,1916.63,1868.36,1906.84,143759.37
2022-05-30T08:00:00Z,1906.84,1909.88,1890.88,1902.28,57565.48
2022-05-30T12:00:00Z,1902.28,1923.42,1872.53,1911.69,84834.59
2022-05-30T16:00:00Z,1911.69,1933.9,1905.55,1916.33,42929.72
2022-05-30T20:00:00Z,1916.33,2013.07,1912.19,1997.99,75738.4
2022-05-31T00:00:00Z,1997.99,2015.6,1975.89,1993.74,39774.85
2022-05-31T04:00:00Z,1993.74,1995.54,1960,1970.15,51321.59
2022-05-31T08:00:00Z,1970.15,1984.37,1957.12,1977.8,25249.63
2022-05-31T12:00:00Z,1977.8,1994.57,1928.86,1987.34,75534.82
2022-05-31T16:00:00Z,1987.34,1999,1924.25,1934.26,47942.33
2022-05-31T20:00:00Z,1934.26,1959.54,1933.96,1941.38,21604.82
2022-06-01T00:00:00Z,1941.38,1957.98,1926.43,1929.18,30733.05
2022-06-01T04:00:00Z,1929.18,1945,1912.75,1930.13,29437.34
2022-06-01T08:00:00Z,1930.13,1944.41,1923.59,1938.03,27461.71
2022-06-01T12:00:00Z,1938.03,1972.23,1878.08,1879.79,99763.12
2022-06-01T16:00:00Z,1879.79,1879.79,1805.38,1819.96,96776.39
2022-06-01T20:00:00Z,1819.96,1842.87,1761.06,1816.42,76313.32
2022-06-02T00:00:00Z,1816.42,1834.71,1804.29,1813.45,54805.07
2022-06-02T04:00:00Z,1813.45,1836.17,1800.75,1825.06,45867.83
2022-06-02T08:00:00Z,1825.06,1842.94,1811.88,1838.1,26120.17
2022-06-02T12:00:00Z,1838.1,1839.73,1780.52,1814.74,91097.08
2022-06-02T16:00:00Z,1814.74,1832.49,1799.54,1820.62,26690.76
2022-06-02T20:00:00Z,1820.62,1851.59,1817.64,1833.08,33793.09
2022-06-03T00:00:00Z,1833.08,1842.71,1820.74,1826.42,33434.88
2022-06-03T04:00:00Z,1826.42,1827.97,1805.45,1812.65,31709.35
2022-06-03T08:00:00Z,1812.65,1820,1751.54,1760.86,93658.03
2022-06-03T12:00:00Z,1760.86,1778.59,1734.24,1762.01,96306.67
2022-06-03T16:00:00Z,1762.01,1766.45,1741.57,1750.06,27529.51
2022-06-03T20:00:00Z,1750.06,1794.11,1748.28,1773.73,41513.79
2022-06-04T00:00:00Z,1773.73,1778.26,1746.97,1751.72,26033.67
2022-06-04T04:00:00Z,1751.72,1773.86,1750.72,1767.63,20957.12
2022-06-04T08:00:00Z,1767.63,1778.93,1761.61,1766.95,31142.89
2022-06-04T12:00:00Z,1766.95,1788.17,1755.46,1777.31,53771.02
2022-06-04T16:00:00Z,1777.31,1780.92,1765.54,1770.94,14686.11
2022-06-04T20:00:00Z,1770.94,1814.97,1768.78,1803.47,37451.21
2022-06-05T00:00:00Z,1803.47,1809.99,1783.24,1792.52,29394.29
2022-06-05T04:00:00Z,1792.52,1799.03,1784.49,1784.5,21489.15
2022-06-05T08:00:00Z,1784.5,1794.47,1771.78,1787,32278.05
2022-06-05T12:00:00Z,1787,1812.19,1778.47,1810.61,40810.79
2022-06-05T16:00:00Z,1810.61,1829.83,1794.59,1820.32,54674.7
2022-06-05T20:00:00Z,1820.32,1826.66,1801.45,1804.94,44074.67
2022-06-06T00:00:00Z,1804.94,1883.49,1803.28,1877.5,78018.62
2022-06-06T04:00:00Z,1877.5,1896.47,1867.11,1893.37,83144.06
2022-06-06T08:00:00Z,1893.37,1915.27,1889.68,1908.92,94563.29
2022-06-06T12:00:00Z,1908.92,1919.68,1865.77,1886.67,93311.09
2022-06-06T16:00:00Z,1886.67,1888.51,1843.3,1863.12,62940.06
2022-06-06T20:00:00Z,1863.12,1875.64,1846.13,1859.23,44582.67
2022-06-07T00:00:00Z,1859.23,1860.97,1723.52,1755.01,201867.31
2022-06-07T04:00:00Z,1755.01,1763.54,1746.63,1761.56,62172.75
2022-06-07T08:00:00Z,1761.56,1775.83,1746.04,1752.54,51744.85
2022-06-07T12:00:00Z,1752.54,1793.19,1734.88,1780.74,93007.27
2022-06-07T16:00:00Z,1780.74,1874.62,1767.46,1846.82,75739.15
2022-06-07T20:00:00Z,1846.82,1868.24,1751.4,1812.4,111727.23
2022-06-08T00:00:00Z,1812.4,1835.67,1764.42,1778.01,81327.29
2022-06-08T04:00:00Z,1778.01,1817.46,1772.43,1805.46,64380.19
2022-06-08T08:00:00Z,1805.46,1816.69,1795.18,1807.95,28316.97
2022-06-08T12:00:00Z,1807.95,1838.35,1783.73,1814.53,74151.69
2022-06-08T16:00:00Z,1814.53,1821.73,1770.28,1788.67,37706.38
2022-06-08T20:00:00Z,1788.67,1812.35,1786.83,1790.52,51128.33
2022-06-09T00:00:00Z,1790.52,1800.82,1776,1798.39,45373.64
2022-06-09T04:00:00Z,1798.39,1811.55,1792.73,1811.23,34253.32
2022-06-09T08:00:00Z,1811.23,1832.74,1802,1804.33,67209.61
2022-06-09T12:00:00Z,1804.33,1810.21,1777.78,1798.28,69508.96
2022-06-09T16:00:00Z,1798.28,1817.54,1780.51,1781.98,45995.33
2022-06-09T20:00:00Z,1781.98,1798.65,1779.82,1787.57,43440.8
2022-06-10T00:00:00Z,1787.57,1803.26,1742.66,1791.75,78282.43
2022-06-10T04:00:00Z,1791.75,1799.77,1785.96,1787.56,28519.06
2022-06-10T08:00:00Z,1787.56,1793.97,1761.68,1770.4,49504.85
2022-06-10T12:00:00Z,1770.4,1780.54,1706.19,1725.67,158488.76
2022-06-10T16:00:00Z,1725.67,1729.19,1655.89,1666.8,153126.42
2022-06-10T20:00:00Z,1666.8,1684.54,1653.36,1661.54,52544.38
2022-06-11T00:00:00Z,1661.54,1680.45,1656.83,1667.96,51068.88
2022-06-11T04:00:00Z,1667.96,1678.32,1661.61,1665.91,45552.11
2022-06-11T08:00:00Z,1665.91,1668.5,1538.1,1574.67,252181.02
2022-06-11T12:00:00Z,1574.67,1590.35,1498.4,1516.47,379372.92
2022-06-11T16:00:00Z,1516.47,1575.44,1506.45,1545.45,196580.54
2022-06-11T20:00:00Z,1545.45,1551.63,1516.86,1531.78,83526.87
2022-06-12T00:00:00Z,1531.78,1540.91,1444.47,1465.31,218142.03
2022-06-12T04:00:00Z,1465.31,1478.94,1424,1470.45,182633.62
2022-06-12T08:00:00Z,1470.39,1486.53,1452.13,1468.26,117437.39
2022-06-12T12:00:00Z,1468.26,1546.19,1428.07,1525.35,296827.37
2022-06-12T16:00:00Z,1525.35,1531.83,1477.54,1479.04,94368.48
2022-06-12T20:00:00Z,1479.04,1487.93,1432.23,1434.3,93138.57
2022-06-13T00:00:00Z,1434.3,1454.5,1303.49,1350.93,443873.3
2022-06-13T04:00:00Z,1350.93,1386.28,1262.94,1282.79,360363.9
2022-06-13T08:00:00Z,1282.79,1288.78,1177.09,1208.63,639928.81
2022-06-13T12:00:00Z,1208.63,1257.48,1164.02,1229.16,455909.29
2022-06-13T16:00:00Z,1229.16,1278.83,1208.83,1226.41,166154.22
2022-06-13T20:00:00Z,1226.41,1282.49,1167.94,1209.38,162684.21
2022-06-14T00:00:00Z,1209.38,1224.7,1075.43,1173.39,402199.44
2022-06-14T04:00:00Z,1173.39,1253.68,1135.18,1240.04,329412.37
2022-06-14T08:00:00Z,1240.04,1242.47,1154.08,1174.56,141368.51
2022-06-14T12:00:00Z,1174.54,1259.64,1157.38,1250.51,324987.63
2022-06-14T16:00:00Z,1250.51,1267.67,1194.48,1205.03,108894.1
2022-06-14T20:00:00Z,1205.03,1220.57,1158.4,1207.46,118244.55
2022-06-15T00:00:00Z,1207.46,1231.01,1168.51,1172.72,87973.25
2022-06-15T04:00:00Z,1172.72,1174.95,1081.8,1093.12,311183.57
2022-06-15T08:00:00Z,1093.12,1130.83,1013.55,1119.36,495159.52
2022-06-15T12:00:00Z,1119.36,1159.17,1094.88,1119.9,259992.34
2022-06-15T16:00:00Z,1119.9,1225.05,1043.92,1169.1,486348.04
2022-06-15T20:00:00Z,1169.1,1248.68,1153.12,1236.81,120166.18
2022-06-16T00:00:00Z,1236.81,1257.12,1202,1209.57,89799.78
2022-06-16T04:00:00Z,1209.57,1217.96,1155.4,1164.61,111151.99
2022-06-16T08:00:00Z,1164.61,1180.26,1092.49,1110.65,253317.1
2022-06-16T16:00:00Z,1113.52,1133.39,1092.05,1096.14,207834.86
2022-06-16T20:00:00Z,1096.14,1118.39,1050.91,1067.81,156700.96
2022-06-17T00:00:00Z,1067.81,1116.72,1050.15,1070.98,241462.12
2022-06-17T04:00:00Z,1070.98,1117.94,1067.24,1098.52,146982.91
2022-06-17T08:00:00Z,1098.52,1112.48,1085.77,1092.03,119599.51
2022-06-17T12:00:00Z,1092.03,1101.05,1063.76,1084.66,230922.21
2022-06-17T16:00:00Z,1084.66,1092.99,1071.32,1080.07,69588.74
2022-06-17T20:00:00Z,1080.07,1099.68,1074.48,1086.03,104286.71
2022-06-18T00:00:00Z,1086.03,1097.07,1070.76,1078.5,86143.64
2022-06-18T04:00:00Z,1078.5,1082.7,986,1002.58,370057.16
2022-06-18T08:00:00Z,1002.58,1016.68,973.78,1004.59,292011.84
2022-06-18T12:00:00Z,1004.59,1008.11,987.4,989.23,84132.22
2022-06-18T16:00:00Z,989.18,999.51,912.19,914.08,276579.24
2022-06-18T20:00:00Z,914.08,1013.12,878.8,994.51,603952.3
2022-06-19T00:00:00Z,994.51,1009,940.27,952.75,217249.31
2022-06-19T04:00:00Z,952.75,972.64,935.76,955.17,135121.33
2022-06-19T08:00:00Z,955.17,1078.76,952.27,1055.02,309331.54
2022-06-19T12:00:00Z,1055.02,1076.94,1019,1071.57,197377.49
2022-06-19T16:00:00Z,1071.57,1130,1042.13,1099.8,170729.44
2022-06-19T20:00:00Z,1099.8,1159,1097.56,1127.85,136239.11
2022-06-20T00:00:00Z,1127.85,1132.41,1052.53,1079.37,169659.49
2022-06-20T04:00:00Z,1079.37,1091.85,1059.72,1079.32,131944.14
2022-06-20T08:00:00Z,1079.32,1170.25,1076.5,1152.72,231276.68
2022-06-20T12:00:00Z,1152.72,1153.95,1106.76,1134,177681.71
2022-06-20T16:00:00Z,1134,1135.91,1082.85,1106.04,113732.21
2022-06-20T20:00:00Z,1106.04,1138.43,1090.25,1127.99,107377.11
2022-06-21T00:00:00Z,1127.99,1143.57,1108.63,1130.55,147899.4
2022-06-21T04:00:00Z,1130.55,1164.74,1117.71,1148.16,170565.26
2022-06-21T08:00:00Z,1148.16,1177.19,1136.79,1141.08,122464.02
2022-06-21T12:00:00Z,1141.08,1193.09,1135.13,1167.84,138575.81
2022-06-21T16:00:00Z,1167.84,1174.38,1121.69,1123.94,81153.92
2022-06-21T20:00:00Z,1123.94,1140.31,1112.99,1125.27,71352.44
2022-06-22T00:00:00Z,1125.27,1126.49,1086.14,1088.92,74243.71
2022-06-22T04:00:00Z,1088.92,1106.44,1066.17,1074.64,124437.76
2022-06-22T08:00:00Z,1074.64,1104.96,1068.94,1096.7,82942.25
2022-06-22T12:00:00Z,1096.7,1124.17,1070.31,1074.68,164795.95
2022-06-22T16:00:00Z,1074.68,1088.52,1053.41,1070.2,104104.98
2022-06-22T20:00:00Z,1070.2,1074.32,1043.14,1049.39,55960.87
2022-06-23T00:00:00Z,1049.39,1097.88,1044.3,1075.88,69641.44
2022-06-23T04:00:00Z,1075.88,1109.63,1071.83,1091.37,66243.17
2022-06-23T08:00:00Z,1091.37,1116.38,1090.99,1106.45,59704.09
2022-06-23T12:00:00Z,1106.45,1129.83,1087,1093.52,85970.21
2022-06-23T16:00:00Z,1093.52,1127.85,1082.12,1126.47,53212.87
2022-06-23T20:00:00Z,1126.47,1154.6,1119.97,1144.24,70661.3
2022-06-24T00:00:00Z,1144.24,1168.02,1140.62,1150.02,70625.62
2022-06-24T04:00:00Z,1150.02,1160.62,1131.61,1148.09,90571.76
2022-06-24T08:00:00Z,1148.09,1205.23,1142.84,1195.43,118543.91
2022-06-24T12:00:00Z,1195.43,1225.89,1189.53,1197.85,150918.33
2022-06-24T16:00:00Z,1197.85,1230.37,1183.79,1226.64,94831.14
2022-06-24T20:00:00Z,1226.64,1245.27,1214.9,1224.77,69601.45
2022-06-25T00:00:00Z,1224.77,1227.27,1203.83,1223.46,75511.33
2022-06-25T04:00:00Z,1223.46,1239.07,1210.68,1234.08,56419.12
2022-06-25T08:00:00Z,1234.08,1241.52,1212.55,1216.58,44477.32
2022-06-25T12:00:00Z,1216.58,1219.15,1181.49,1183.63,82541.31
2022-06-25T16:00:00Z,1183.63,1213.81,1179.76,1205.04,45284.35
2022-06-25T20:00:00Z,1205.04,1256.58,1201.11,1241.82,69969.37
2022-06-26T00:00:00Z,1241.82,1245.82,1227.17,1232.81,51701.04
2022-06-26T04:00:00Z,1232.81,1251.48,1232.06,1238.05,67095.39
2022-06-26T08:00:00Z,1238.05,1276.38,1234.96,1269.45,71745.21
2022-06-26T12:00:00Z,1269.45,1280.36,1211.22,1223,139082.19
2022-06-26T16:00:00Z,1223,1232.77,1209.28,1225.02,64087.83
2022-06-26T20:00:00Z,1225.02,1249.63,1194.01,1197.1,83617.47
2022-06-27T00:00:00Z,1197.1,1226.32,1195.13,1219.47,69738.13
2022-06-27T04:00:00Z,1219.47,1236.57,1212.21,1227.47,56564.52
2022-06-27T08:00:00Z,1227.47,1238.4,1217.36,1219.86,53903.19
2022-06-27T12:00:00Z,1219.86,1223.53,1174.6,1186.68,177742.37
2022-06-27T16:00:00Z,1186.68,1210.5,1173.22,1196.35,81400.22
2022-06-27T20:00:00Z,1196.35,1218.35,1189.16,1191.89,53912.21
2022-06-28T00:00:00Z,1191.89,1198.8,1161.5,1181.14,95502.9
2022-06-28T04:00:00Z,1181.14,1214.81,1178.35,1207.57,81771.67
2022-06-28T08:00:00Z,1207.57,1233.33,1203.75,1223.11,89081.86
2022-06-28T12:00:00Z,1223.11,1237.42,1181.55,1183.35,123192.44
2022-06-28T16:00:00Z,1183.35,1193.6,1151.87,1155.91,118921.96
2022-06-28T20:00:00Z,1155.91,1167.51,1135.63,1143.34,82870.19
2022-06-29T00:00:00Z,1143.34,1155.8,1132.11,1144.19,65642.63
2022-06-29T04:00:00Z,1144.19,1154.39,1113.33,1129.53,103643.94
2022-06-29T08:00:00Z,1129.53,1141.74,1101.66,1117.19,88067.08
2022-06-29T12:00:00Z,1117.19,1123.06,1089.43,1113.66,155504.24
2022-06-29T16:00:00Z,1113.66,1118.09,1086.46,1117.45,86811.23
2022-06-29T20:00:00Z,1117.45,1121.71,1091.87,1098.87,59599
2022-06-30T00:00:00Z,1098.87,1105.87,1075.8,1092.98,71833.58
2022-06-30T04:00:00Z,1092.98,1096.21,1051.79,1056.64,127484.41
2022-06-30T08:00:00Z,1056.64,1056.68,1011.06,1017.81,219738.69
2022-06-30T12:00:00Z,1017.81,1040.69,996.23,1031.39,258208.11
2022-06-30T16:00:00Z,1031.39,1045.92,1011.51,1020.72,124287.7
2022-06-30T20:00:00Z,1020.72,1082.35,1004.41,1070.93,197345.64
2022-07-01T00:00:00Z,1070.95,1116,1049.88,1054.07,263229.69
2022-07-01T04:00:00Z,1054.07,1074.78,1045.07,1066.11,146192.81
2022-07-01T08:00:00Z,1066.11,1085.9,1032.94,1049.3,126602.5
2022-07-01T12:00:00Z,1049.3,1073.93,1042.35,1056.62,162132.68
2022-07-01T16:00:00Z,1056.62,1080.99,1054.32,1067.42,76351.74
2022-07-01T20:00:00Z,1067.42,1091.48,1054.1,1059.04,118019.77
2022-07-02T00:00:00Z,1059.04,1068.59,1032.72,1037.05,128944.33
2022-07-02T04:00:00Z,1037.05,1052.82,1035.28,1041.31,62668.38
2022-07-02T08:00:00Z,1041.31,1048.5,1027.59,1043,87046.05
2022-07-02T12:00:00Z,1043,1064.55,1039.17,1052,93119.8
2022-07-02T16:00:00Z,1052,1078.91,1048.84,1065.77,108643.7
2022-07-02T20:00:00Z,1065.77,1075.17,1059.92,1066.84,65377.35
2022-07-03T00:00:00Z,1066.84,1071.11,1053.82,1062.13,56882.21
2022-07-03T04:00:00Z,1062.13,1087.59,1040.39,1063.41,189677.45
2022-07-03T08:00:00Z,1063.41,1064.84,1048.76,1060.49,69786.28
2022-07-03T12:00:00Z,1060.49,1062.57,1040.12,1049.86,136956.15
2022-07-03T16:00:00Z,1049.86,1083.02,1048.77,1077.5,79957.36
2022-07-03T20:00:00Z,1077.5,1087.23,1069.87,1074.06,86500.42
2022-07-04T00:00:00Z,1074.06,1076.4,1046.86,1050.8,94489.48
2022-07-04T04:00:00Z,1050.8,1057.31,1044.67,1050.04,83382.48
2022-07-04T08:00:00Z,1050.04,1105.73,1049.27,1100.93,138299.53
2022-07-04T12:00:00Z,1100.93,1131.75,1083.97,1111.78,228658.85
2022-07-04T16:00:00Z,1111.78,1135.08,1102.88,1123,128164.44
2022-07-04T20:00:00Z,1123,1160.66,1117,1150.6,125277.98
2022-07-05T00:00:00Z,1150.6,1162.59,1141.73,1152.6,90387.84
2022-07-05T04:00:00Z,1152.6,1173.7,1141.64,1157.8,91594.5
2022-07-05T08:00:00Z,1157.8,1157.94,1107.72,1112,136435.17
2022-07-05T12:00:00Z,1112,1112.82,1076.73,1092.74,177109.31
2022-07-05T16:00:00Z,1092.74,1152.22,1088,1145.88,116458.51
2022-07-05T20:00:00Z,1145.88,1169.49,1128.03,1132.04,147417.38
2022-07-06T00:00:00Z,1132.04,1153.76,1111.39,1130.69,136172.46
2022-07-06T04:00:00Z,1130.69,1150.64,1120.48,1139.26,141981.5
2022-07-06T08:00:00Z,1139.26,1155.55,1128.68,1133.78,134348.88
2022-07-06T12:00:00Z,1133.78,1150.53,1122.54,1133.3,135191.41
2022-07-06T16:00:00Z,1133.3,1168.52,1132.22,1153.08,140515.06
2022-07-06T20:00:00Z,1153.08,1205,1150.9,1186.34,149820.11
2022-07-07T00:00:00Z,1186.34,1189.66,1166.5,1176.27,77594.47
2022-07-07T04:00:00Z,1176.27,1177.85,1163.17,1176.64,67489.85
2022-07-07T08:00:00Z,1176.64,1193.19,1172.82,1185.66,108625.23
2022-07-07T12:00:00Z,1185.66,1228.69,1178.8,1220.18,244856.26
2022-07-07T16:00:00Z,1220.18,1253.99,1214.86,1247.5,154323.2
2022-07-07T20:00:00Z,1247.5,1250.18,1225.16,1236.75,113445.97
2022-07-08T00:00:00Z,1236.75,1276.69,1231.05,1258.85,108084.4
2022-07-08T04:00:00Z,1258.85,1267.18,1234.67,1241.21,96493.53
2022-07-08T08:00:00Z,1241.21,1244.8,1204.42,1220.9,143260.08
2022-07-08T12:00:00Z,1220.9,1240.81,1192.52,1235.26,279494.42
2022-07-08T16:00:00Z,1235.26,1248.09,1213.63,1239.88,92035.63
2022-07-08T20:00:00Z,1239.88,1254.39,1211.4,1213.52,95398.59
2022-07-09T00:00:00Z,1213.52,1221.38,1204.3,1216.38,70579.38
2022-07-09T04:00:00Z,1216.38,1227.1,1210.32,1224.46,61468.6
2022-07-09T08:00:00Z,1224.46,1227.56,1204.7,1209.51,63816.84
2022-07-09T12:00:00Z,1209.51,1222.34,1205.92,1214.99,66743.67
2022-07-09T16:00:00Z,1214.99,1233.99,1208.86,1218.14,69104.91
2022-07-09T20:00:00Z,1218.14,1226.2,1212.5,1216.52,48790.26
2022-07-10T00:00:00Z,1216.52,1219.76,1181.51,1187.57,113349.03
2022-07-10T04:00:00Z,1187.57,1194.9,1183.66,1188.82,61909.98
2022-07-10T08:00:00Z,1188.82,1193.66,1173.21,1183.12,69713.99
2022-07-10T12:00:00Z,1183.12,1187.39,1155.85,1162.93,112888.02
2022-07-10T16:00:00Z,1162.93,1175.77,1153.23,1173.84,95659.02
2022-07-10T20:00:00Z,1173.84,1184.17,1159.85,1167.73,85042.13
2022-07-11T00:00:00Z,1167.73,1170.75,1142.97,1153.8,97533.87
2022-07-11T04:00:00Z,1153.8,1154.45,1136.68,1142.58,92663.32
2022-07-11T08:00:00Z,1142.58,1149.51,1140.79,1142.74,68299.3
2022-07-11T12:00:00Z,1142.74,1160.72,1128.3,1143.19,155546.29
2022-07-11T16:00:00Z,1143.19,1156.42,1135.85,1141.46,78538.77
2022-07-11T20:00:00Z,1141.46,1144.55,1090.93,1095.76,135773.7
2022-07-12T00:00:00Z,1095.76,1097.15,1080.58,1085.27,104693.01
2022-07-12T04:00:00Z,1085.27,1092.42,1061.8,1068.21,109528.66
2022-07-12T08:00:00Z,1068.21,1071.18,1053.01,1065.13,103521.38
2022-07-12T12:00:00Z,1065.13,1082.58,1060.94,1075.28,130548.02
2022-07-12T16:00:00Z,1075.28,1088.18,1032.46,1040.33,110631.82
2022-07-12T20:00:00Z,1040.33,1050.64,1034.32,1037.77,111980.71
2022-07-13T00:00:00Z,1037.77,1058.83,1034.62,1051.54,82942.89
2022-07-13T04:00:00Z,1051.54,1071.73,1048.45,1068.68,98887.19
2022-07-13T08:00:00Z,1068.68,1082.63,1065.02,1081.31,113041.58
2022-07-13T12:00:00Z,1081.31,1103.14,1005.14,1059.98,620326.08
2022-07-13T16:00:00Z,1059.98,1098.99,1048.87,1075.87,150629.01
2022-07-13T20:00:00Z,1075.87,1119,1074.24,1114.62,171678.8
2022-07-14T00:00:00Z,1114.62,1126.94,1108.82,1112.26,97614.55
2022-07-14T04:00:00Z,1112.26,1114.34,1092.8,1097.29,104834.34
2022-07-14T08:00:00Z,1097.29,1100.68,1071.66,1080.87,114590.17
2022-07-14T12:00:00Z,1080.87,1147.51,1072.91,1140.83,248568.05
2022-07-14T16:00:00Z,1140.83,1214.46,1133.12,1193.84,208841.78
2022-07-14T20:00:00Z,1193.84,1200.95,1180.7,1193.32,105654.16
2022-07-15T00:00:00Z,1193.32,1222.97,1180.9,1199.67,145959.73
2022-07-15T04:00:00Z,1199.67,1217.8,1189.76,1211.55,144237.02
2022-07-15T08:00:00Z,1211.55,1230.1,1203.33,1210.82,142774.65
2022-07-15T12:00:00Z,1210.82,1237,1207.19,1222.16,212283.69
2022-07-15T16:00:00Z,1222.16,1270.23,1203.3,1265.58,159227.22
2022-07-15T20:00:00Z,1265.58,1288.19,1227.23,1231.35,139405.28
2022-07-16T00:00:00Z,1231.35,1235,1209.63,1221.87,81712.23
2022-07-16T04:00:00Z,1221.87,1222.84,1191.65,1197.08,98838.71
2022-07-16T08:00:00Z,1197.08,1206.06,1192.92,1197.62,85434.39
2022-07-16T12:00:00Z,1197.62,1276.99,1195.59,1274.58,225693.3
2022-07-16T16:00:00Z,1274.58,1429.63,1272.39,1336.17,474349.97
2022-07-16T20:00:00Z,1336.17,1362.65,1314.76,1355.97,160272.85
2022-07-17T00:00:00Z,1355.97,1387.07,1328.24,1353.37,174789.08
2022-07-17T04:00:00Z,1353.37,1377,1346.5,1361.25,126757.9
2022-07-17T08:00:00Z,1361.25,1375.46,1337.23,1363.12,108758.18
2022-07-17T12:00:00Z,1363.12,1367.6,1330.78,1351.26,234264.5
2022-07-17T16:00:00Z,1351.26,1381.84,1318.76,1347.42,164700.43
2022-07-17T20:00:00Z,1347.42,1375.71,1335.03,1338.6,114770.28
2022-07-18T00:00:00Z,1338.6,1421.13,1335.84,1406.49,182419.9
2022-07-18T04:00:00Z,1406.49,1475.05,1393.81,1466.54,215548.03
2022-07-18T08:00:00Z,1466.54,1510.36,1463.37,1478.73,219352.88
2022-07-18T12:00:00Z,1478.73,1529.88,1455.71,1521.03,209206.17
2022-07-18T16:00:00Z,1521.03,1530.45,1450.83,1471.7,171358.66
2022-07-18T20:00:00Z,1471.7,1597.8,1461.67,1581.5,228440.98
2022-07-19T00:00:00Z,1581.5,1632.7,1510.86,1515.49,266007.12
2022-07-19T04:00:00Z,1515.49,1542.32,1492.64,1510.5,152032.97
2022-07-19T08:00:00Z,1510.5,1561.48,1505.54,1541.51,129219.15
2022-07-19T12:00:00Z,1541.51,1576.6,1505.64,1539.84,226419.78
2022-07-19T16:00:00Z,1539.84,1589.33,1534.15,1560.22,138846.32
2022-07-20T00:00:00Z,1541.73,1567.65,1510.02,1562.09,119067.08
2022-07-20T04:00:00Z,1562.09,1579,1530.01,1530.83,91527.38
2022-07-20T08:00:00Z,1530.83,1614.52,1526.3,1603.17,177693.69
2022-07-20T12:00:00Z,1603.17,1621,1583.11,1596.17,181496.87
2022-07-20T16:00:00Z,1596.17,1597.07,1537.58,1551.19,131076.09
2022-07-20T20:00:00Z,1551.19,1567.24,1485.2,1521.97,214275.94
2022-07-21T00:00:00Z,1521.97,1552.96,1483.06,1487.66,135378.31
2022-07-21T04:00:00Z,1487.66,1497.24,1463,1487.85,115354.2
2022-07-21T08:00:00Z,1487.85,1518.93,1477.24,1488.94,106006.77
2022-07-21T12:00:00Z,1488.94,1515.68,1480.8,1510.88,128750.01
2022-07-21T16:00:00Z,1510.88,1581.1,1509.62,1578.71,144442.98
2022-07-21T20:00:00Z,1578.71,1606.66,1565.26,1575.31,116163.42
2022-07-22T00:00:00Z,1575.31,1595.59,1553.23,1561.87,69847.73
2022-07-22T04:00:00Z,1561.87,1614.53,1556.01,1601.19,114553.61
2022-07-22T08:00:00Z,1601.19,1646.68,1595,1638.41,150169.45
2022-07-22T12:00:00Z,1638.41,1644,1568.55,1573.82,143330.78
2022-07-22T16:00:00Z,1573.82,1591.42,1518.61,1525.54,142669.59
2022-07-22T20:00:00Z,1525.54,1543.13,1515.71,1534.3,104692.1
2022-07-23T00:00:00Z,1534.3,1578.43,1522.56,1569.86,79880.53
2022-07-23T04:00:00Z,1569.86,1595.55,1563.23,1577.6,86202.11
2022-07-23T08:00:00Z,1577.6,1587.84,1517.99,1521.5,147706.2
2022-07-23T12:00:00Z,1521.5,1535.94,1502.06,1522.84,117463.99
2022-07-23T16:00:00Z,1522.84,1532.37,1487.19,1512.67,147755.85
2022-07-23T20:00:00Z,1512.67,1554.48,1510.53,1547.74,115840.44
2022-07-24T00:00:00Z,1547.74,1576.98,1545.73,1550.96,96255.44
2022-07-24T04:00:00Z,1550.96,1619.63,1546.16,1604.87,125599.42
2022-07-24T08:00:00Z,1604.87,1628.92,1580.13,1615.78,114661.06
2022-07-24T12:00:00Z,1615.78,1621.01,1573.01,1612.22,163886.87
2022-07-24T16:00:00Z,1612.22,1615.2,1583.15,1602.18,103987.98
2022-07-24T20:00:00Z,1602.18,1664,1587.73,1597.33,222341.39
2022-07-25T00:00:00Z,1597.33,1608.68,1498.71,1511.12,197622.08
2022-07-25T04:00:00Z,1511.12,1527.94,1499.04,1521,105973.23
2022-07-25T08:00:00Z,1521.01,1552.3,1510.64,1536.03,98779.19
2022-07-25T12:00:00Z,1536.03,1537.88,1501.51,1525.36,202303.53
2022-07-25T16:00:00Z,1525.36,1534.01,1453.71,1493.78,151336.45
2022-07-25T20:00:00Z,1493.78,1538.4,1434.25,1439.61,236359.97
2022-07-26T00:00:00Z,1439.61,1448.28,1400,1431.51,169025.93
2022-07-26T04:00:00Z,1431.51,1437.6,1406.09,1408.57,82221.46
2022-07-26T08:00:00Z,1408.57,1423.01,1383.88,1405.03,116744.71
2022-07-26T12:00:00Z,1405.03,1419.76,1363.56,1367.92,239001.39
2022-07-26T16:00:00Z,1367.92,1394.82,1356,1365.31,131794.68
2022-07-26T20:00:00Z,1365.31,1453.3,1355.09,1447.76,182409.39
2022-07-27T00:00:00Z,1447.76,1458,1420.2,1423.86,113991.82
2022-07-27T04:00:00Z,1423.86,1471.76,1421.86,1463.73,132463.63
2022-07-27T08:00:00Z,1463.73,1473.96,1447.84,1452.32,98959.82
2022-07-27T12:00:00Z,1452.32,1496.5,1444.74,1488.88,171215.39
2022-07-27T16:00:00Z,1488.88,1612.93,1477.8,1587.22,612210.5
2022-07-27T20:00:00Z,1587.22,1644.45,1585.14,1635.2,140973.91
2022-07-28T00:00:00Z,1635.2,1677.03,1605.69,1647.95,149057.71
2022-07-28T04:00:00Z,1647.95,1652.95,1614.05,1618.7,106496.25
2022-07-28T08:00:00Z,1618.7,1642.07,1600.32,1640.29,103627.05
2022-07-28T12:00:00Z,1640.29,1754.81,1595.37,1727.72,379102.79
2022-07-28T16:00:00Z,1727.72,1749.53,1712.84,1724.99,115436.98
2022-07-28T20:00:00Z,1724.99,1783.99,1712.25,1724.1,131471.5
2022-07-29T00:00:00Z,1724.1,1732.68,1695.57,1726.37,99839.25
2022-07-29T04:00:00Z,1726.37,1750.72,1705.64,1714.87,90718.3
2022-07-29T08:00:00Z,1714.87,1731.85,1668.31,1680.59,108072.68
2022-07-29T12:00:00Z,1680.6,1743.35,1656.09,1720.93,191696.58
2022-07-29T16:00:00Z,1720.93,1734.43,1667.77,1723.32,134931.86
2022-07-29T20:00:00Z,1723.32,1765.07,1701.5,1720.97,122960.84
2022-07-30T00:00:00Z,1720.97,1734.11,1685.79,1706.32,106642.35
2022-07-30T04:00:00Z,1706.32,1719.48,1688.16,1714.43,64029.8
2022-07-30T08:00:00Z,1714.43,1722.63,1677,1703.26,83550.9
2022-07-30T12:00:00Z,1703.26,1743.36,1695.13,1735.57,85917.72
2022-07-30T16:00:00Z,1735.57,1736.72,1688.6,1691.7,74589.86
2022-07-30T20:00:00Z,1691.7,1708.71,1672.71,1696.9,96388.83
2022-07-31T00:00:00Z,1696.9,1713.32,1686.12,1693.42,73145.37
2022-07-31T04:00:00Z,1693.42,1707.84,1689,1697.32,59834.78
2022-07-31T08:00:00Z,1697.32,1722.44,1686.15,1718.02,66890.94
2022-07-31T12:00:00Z,1718.02,1722.28,1692.33,1711.48,73640.64
2022-07-31T16:00:00Z,1711.48,1754.97,1686.47,1717.58,140749.76
2022-07-31T20:00:00Z,1717.58,1724.5,1666.08,1678,105044.89
2022-08-01T00:00:00Z,1678,1704.59,1674.16,1691.12,69139.58
2022-08-01T04:00:00Z,1691.12,1696.72,1673.21,1692.68,58661.09
2022-08-01T08:00:00Z,1692.68,1694.99,1640.83,1667.3,87637.42
2022-08-01T12:00:00Z,1667.3,1689.63,1635.6,1672.41,120150.24
2022-08-01T16:00:00Z,1672.41,1673.25,1615.86,1621.7,107155.79
2022-08-01T20:00:00Z,1621.7,1642.79,1605.75,1629.15,90127.74
2022-08-02T00:00:00Z,1629.15,1656,1567.71,1576.42,119572.89
2022-08-02T04:00:00Z,1576.42,1594.64,1565.28,1592.51,73315.21
2022-08-02T08:00:00Z,1592.51,1596.69,1558.12,1586.72,85312.44
2022-08-02T12:00:00Z,1586.72,1637,1563.59,1629.02,253439.44
2022-08-02T16:00:00Z,1629.02,1677.59,1622.11,1636.4,131609.97
2022-08-02T20:00:00Z,1636.4,1660.86,1627.57,1630.2,84849.71
2022-08-03T00:00:00Z,1630.2,1638.79,1589.43,1619.53,97244.06
2022-08-03T04:00:00Z,1619.53,1642.97,1612.41,1628.39,78853.52
2022-08-03T08:00:00Z,1628.39,1671.81,1628.39,1665.27,91177.8
2022-08-03T12:00:00Z,1665.27,1684.49,1645.5,1656.09,120506.05
2022-08-03T16:00:00Z,1656.09,1671.42,1647.31,1653.89,73096.77
2022-08-03T20:00:00Z,1653.89,1657.26,1607,1617.6,104525.48
2022-08-04T00:00:00Z,1617.6,1658.58,1615.21,1650.28,77315.35
2022-08-04T04:00:00Z,1650.28,1662.31,1615.15,1625.14,88472.38
2022-08-04T08:00:00Z,1625.14,1629.76,1605.21,1615.06,89474.88
2022-08-04T12:00:00Z,1615.06,1643.04,1595.64,1614.43,127255.76
2022-08-04T16:00:00Z,1614.43,1623,1579.77,1589.72,100270.17
2022-08-04T20:00:00Z,1589.72,1611.69,1580.19,1606.9,70867.44
2022-08-05T00:00:00Z,1606.9,1668.44,1604.51,1659.55,124222.41
2022-08-05T04:00:00Z,1659.55,1678.9,1647,1663.14,73887.62
2022-08-05T08:00:00Z,1663.14,1717.36,1652.43,1713.53,114234.09
2022-08-05T12:00:00Z,1713.53,1725.74,1665.76,1670,267092.18
2022-08-05T16:00:00Z,1670,1684.12,1656.03,1680.98,95921.88
2022-08-05T20:00:00Z,1680.98,1742.71,1666.13,1737.1,144467.69
2022-08-06T00:00:00Z,1737.1,1750.56,1727.81,1734.95,86184.52
2022-08-06T04:00:00Z,1734.95,1738.29,1714.66,1721.13,55246.65
2022-08-06T08:00:00Z,1721.13,1724.95,1703.91,1712.12,56636.99
2022-08-06T12:00:00Z,1712.12,1720.9,1706.44,1715.28,65365.22
2022-08-06T16:00:00Z,1715.28,1720.79,1685.23,1714.4,91610.48
2022-08-06T20:00:00Z,1714.4,1723.6,1686.57,1690.06,65018.96
2022-08-07T00:00:00Z,1690.06,1697.06,1667.07,1682.94,89110.35
2022-08-07T04:00:00Z,1682.94,1687.54,1672.07,1684.92,51906.58
2022-08-07T08:00:00Z,1684.92,1692.49,1672.69,1691.62,57990.59
2022-08-07T12:00:00Z,1691.62,1714.92,1691.02,1698.57,89102.52
2022-08-07T16:00:00Z,1698.57,1716.66,1694.79,1707.59,57690.9
2022-08-07T20:00:00Z,1707.59,1729.73,1690.77,1700.06,74145.87
2022-08-08T00:00:00Z,1700.06,1719.19,1693.92,1709.86,67785.09
2022-08-08T04:00:00Z,1709.86,1739.81,1708,1732.8,85730.65
2022-08-08T08:00:00Z,1732.8,1793.3,1728.2,1789.5,134448.38
2022-08-08T12:00:00Z,1789.5,1818.9,1767.66,1775.45,151005.19
2022-08-08T16:00:00Z,1775.45,1787.19,1756.88,1783.22,74078.26
2022-08-08T20:00:00Z,1783.22,1799.19,1757.71,1777.15,74853.94
2022-08-09T00:00:00Z,1777.15,1786.79,1761.61,1778.14,59761.69
2022-08-09T04:00:00Z,1778.14,1790.71,1766.27,1781.26,53679.99
2022-08-09T08:00:00Z,1781.26,1782.38,1690.68,1702.5,137831.98
2022-08-09T12:00:00Z,1702.5,1716.13,1667,1683.53,157519.83
2022-08-09T16:00:00Z,1683.53,1696.92,1673.35,1687.32,63609.05
2022-08-09T20:00:00Z,1687.32,1714.6,1686.19,1701.77,81557.46
2022-08-10T00:00:00Z,1701.77,1701.77,1655.71,1668.61,111916.35
2022-08-10T04:00:00Z,1668.61,1690.29,1667,1685.04,52424.9
2022-08-10T08:00:00Z,1685.04,1712.81,1683.23,1706.24,83784.24
2022-08-10T12:00:00Z,1706.24,1854.3,1702.65,1837.61,422493.85
2022-08-10T16:00:00Z,1837.61,1849,1804.53,1818.55,96669.4
2022-08-10T20:00:00Z,1818.55,1886.96,1818.2,1854.05,120560.06
2022-08-11T00:00:00Z,1854.05,1918.98,1850.45,1880.26,170424.2
2022-08-11T04:00:00Z,1880.26,1905.1,1871,1878.5,93239.22
2022-08-11T08:00:00Z,1878.5,1913.41,1873.81,1903.61,76318.12
2022-08-11T12:00:00Z,1903.61,1942.84,1883.65,1890.16,198893.21
2022-08-11T16:00:00Z,1890.16,1907.93,1875.15,1897.66,78299.78
2022-08-11T20:00:00Z,1897.66,1905.19,1867.25,1880.21,72386.32
2022-08-12T00:00:00Z,1880.21,1914.25,1857.22,1903.89,79569.7
2022-08-12T04:00:00Z,1903.89,1909.18,1883,1888.86,59438.32
2022-08-12T08:00:00Z,1888.86,1903.98,1853.09,1868.4,91563.88
2022-08-12T12:00:00Z,1868.4,1903.52,1866.58,1897.46,116029.81
2022-08-12T16:00:00Z,1897.46,1931.65,1891.01,1926.4,87202.44
2022-08-12T20:00:00Z,1926.4,1965.3,1916.82,1958.32,97046.56
2022-08-13T00:00:00Z,1958.32,1999.24,1946.53,1996.66,94591.37
2022-08-13T04:00:00Z,1996.66,2019.64,1985.92,1996.13,116644.88
2022-08-13T08:00:00Z,1996.13,2007.88,1973.01,1986.15,92233.64
2022-08-13T12:00:00Z,1986.15,1994.78,1963.58,1988.1,85504.34
2022-08-13T16:00:00Z,1988.1,2003.6,1972.13,1975.14,75196.38
2022-08-13T20:00:00Z,1975.14,1994.4,1967.48,1983.67,55030.35
2022-08-14T00:00:00Z,1983.67,1994,1971.08,1986,56615.45
2022-08-14T04:00:00Z,1986,2030.73,1981.12,2016.69,89614.2
2022-08-14T08:00:00Z,2016.69,2017.23,1979.89,1989.75,94093.96
2022-08-14T12:00:00Z,1989.75,1990.97,1970.08,1983.97,72906.04
2022-08-14T16:00:00Z,1983.97,1984.58,1906.36,1930.72,151538.54
2022-08-14T20:00:00Z,1930.72,1959.79,1916.2,1934.85,77357.92
2022-08-15T00:00:00Z,1934.85,2013,1922.43,1986.75,136515.28
2022-08-15T04:00:00Z,1986.75,1992.97,1885.13,1899.41,198728.07
2022-08-15T08:00:00Z,1899.41,1911.41,1874.75,1890.16,107570.39
2022-08-15T12:00:00Z,1890.16,1921,1871.57,1916.56,142559.82
2022-08-15T16:00:00Z,1916.56,1931.5,1883.26,1887.72,88797.22
2022-08-15T20:00:00Z,1887.72,1916.54,1875.57,1898.69,88881.12
2022-08-16T00:00:00Z,1898.69,1913.6,1860.23,1887.01,127798.77
2022-08-16T04:00:00Z,1887.01,1892.47,1856,1885.85,83786.69
2022-08-16T08:00:00Z,1885.85,1913.93,1873.76,1905.43,89283.48
2022-08-16T12:00:00Z,1905.43,1913.33,1863.23,1886.44,156945.61
2022-08-16T16:00:00Z,1886.44,1896.82,1851,1877.94,104965.42
2022-08-16T20:00:00Z,1877.94,1885.38,1865.33,1875.56,71852.71
2022-08-17T00:00:00Z,1875.56,1904.3,1874.07,1895.38,83848.38
2022-08-17T04:00:00Z,1895.38,1957.39,1888.48,1890.18,175302.62
2022-08-17T08:00:00Z,1890.18,1902.16,1867.82,1875.55,97072.04
2022-08-17T12:00:00Z,1875.55,1885.15,1817.74,1829.76,214104.98
2022-08-17T16:00:00Z,1829.76,1869.34,1822.74,1836.71,134358.53
2022-08-17T20:00:00Z,1836.71,1852.5,1823.01,1832.64,93688.76
2022-08-18T00:00:00Z,1832.64,1864.31,1819.91,1847.14,78018.36
2022-08-18T04:00:00Z,1847.14,1851.64,1834.94,1843.56,62976.15
2022-08-18T08:00:00Z,1843.56,1865.31,1833.34,1858.26,68755.29
2022-08-18T12:00:00Z,1858.26,1881,1848.39,1872.21,113208.93
2022-08-18T16:00:00Z,1872.21,1877.79,1855.2,1869.51,91130.42
2022-08-18T20:00:00Z,1869.51,1878.83,1842.04,1845.75,83512.97
2022-08-19T00:00:00Z,1845.75,1846.8,1805.35,1816.78,125948.59
2022-08-19T04:00:00Z,1816.78,1823.29,1717.4,1743.22,227528.06
2022-08-19T08:00:00Z,1743.13,1743.82,1682.23,1706.59,191952.19
2022-08-19T12:00:00Z,1706.59,1706.64,1675,1696.73,134578.27
2022-08-19T16:00:00Z,1696.73,1724.67,1679.69,1700.08,104407.16
2022-08-19T20:00:00Z,1700.08,1704.99,1602.41,1608.06,181684.69
2022-08-20T00:00:00Z,1608.06,1638.55,1607.11,1626.87,91574.28
2022-08-20T04:00:00Z,1626.87,1655.45,1624.31,1646.25,88158.31
2022-08-20T08:00:00Z,1646.25,1648.36,1617.16,1629.91,73063.81
2022-08-20T12:00:00Z,1629.91,1642.69,1623.18,1633.76,79647.56
2022-08-20T16:00:00Z,1633.76,1638.49,1553.83,1562.81,184246.08
2022-08-20T20:00:00Z,1562.81,1588.06,1522.47,1574.54,226956.13
2022-08-21T00:00:00Z,1574.54,1603.12,1572.08,1584.47,105455.58
2022-08-21T04:00:00Z,1584.47,1594.25,1562,1584.1,87653.98
2022-08-21T08:00:00Z,1584.1,1628.75,1583.5,1625.75,151389.33
2022-08-21T12:00:00Z,1625.75,1639.69,1601.02,1620.32,105520.29
2022-08-21T16:00:00Z,1620.32,1634.01,1610,1623,74793.94
2022-08-21T20:00:00Z,1623,1645.5,1579.3,1617.1,183116.16
2022-08-22T00:00:00Z,1617.1,1620.92,1592.91,1594.11,91504.37
2022-08-22T08:00:00Z,1555.6,1579.88,1528.44,1566.49,203039.65
2022-08-22T12:00:00Z,1566.49,1594.03,1547.79,1589.08,190023.84
2022-08-22T16:00:00Z,1589.08,1599.62,1548.5,1566.45,99851.3
2022-08-22T20:00:00Z,1566.45,1628.8,1563.9,1624.56,132863.44
2022-08-23T00:00:00Z,1624.56,1638.23,1607.36,1608.96,115680.12
2022-08-23T04:00:00Z,1608.96,1616.79,1562.96,1601.39,133078.64
2022-08-23T08:00:00Z,1601.39,1623.69,1587.28,1618.98,157639.68
2022-08-23T12:00:00Z,1618.98,1653.32,1605.79,1639.67,219762.95
2022-08-23T16:00:00Z,1639.67,1675,1624.01,1649.7,117540.49
2022-08-23T20:00:00Z,1649.7,1672.45,1641.47,1664.74,96922.96
2022-08-24T00:00:00Z,1664.74,1665.76,1605.02,1613.55,139577.34
2022-08-24T04:00:00Z,1613.55,1649.5,1609.74,1626.39,115769.2
2022-08-24T08:00:00Z,1626.39,1652.61,1625.96,1650.69,100871.16
2022-08-24T12:00:00Z,1650.69,1687.56,1642.56,1683.24,182629.41
2022-08-24T16:00:00Z,1683.24,1693.68,1663.54,1677.76,110778.13
2022-08-24T20:00:00Z,1677.76,1686.42,1651.25,1656.05,102590.23
2022-08-25T00:00:00Z,1656.05,1683.73,1653.98,1669.22,84083.58
2022-08-25T04:00:00Z,1669.22,1712.15,1669,1708.36,136936.23
2022-08-25T08:00:00Z,1708.36,1716,1693.67,1709.65,103790.9
2022-08-25T12:00:00Z,1709.65,1721.82,1688.16,1701.11,187449.48
2022-08-25T16:00:00Z,1701.11,1712.9,1690.01,1706.71,71607.86
2022-08-25T20:00:00Z,1706.71,1712.5,1683.3,1695.3,98560.88
2022-08-26T00:00:00Z,1695.3,1695.3,1671.41,1686.46,87515.95
2022-08-26T04:00:00Z,1686.46,1687,1640.39,1659.06,143659.19
2022-08-26T08:00:00Z,1659.06,1666.36,1620.58,1628.51,118202.59
2022-08-26T12:00:00Z,1628.51,1705,1584.69,1592,631469.55
2022-08-26T16:00:00Z,1592,1598.29,1537.05,1558.28,212137.77
2022-08-26T20:00:00Z,1558.28,1567.13,1485.2,1507.3,212642.14
2022-08-27T00:00:00Z,1507.3,1516.97,1482.23,1500.83,132335.41
2022-08-27T04:00:00Z,1500.83,1508.17,1468.38,1506.67,143952.07
2022-08-27T08:00:00Z,1506.67,1510.41,1494,1504.34,87601.22
2022-08-27T12:00:00Z,1504.34,1507.93,1454.06,1468.91,171993.92
2022-08-27T16:00:00Z,1468.91,1483.38,1446.16,1478.66,138477.69
2022-08-27T20:00:00Z,1478.66,1498.37,1456.74,1490.51,119556.08
2022-08-28T00:00:00Z,1490.51,1510.37,1476.2,1491.01,91061.99
2022-08-28T04:00:00Z,1491.01,1501.84,1481.12,1496.42,85766.51
2022-08-28T08:00:00Z,1496.42,1503.77,1474.67,1484.63,109572.38
2022-08-28T12:00:00Z,1484.63,1488.15,1458.85,1485.5,121135.32
2022-08-28T16:00:00Z,1485.5,1495.86,1476.95,1482,115627.84
2022-08-28T20:00:00Z,1482,1490.98,1422.79,1425.71,224338.59
2022-08-29T00:00:00Z,1425.71,1460.76,1420.86,1454.99,170165.62
2022-08-29T04:00:00Z,1454.99,1460.31,1438.16,1453.31,108468.19
2022-08-29T08:00:00Z,1453.31,1455,1440.85,1447.71,95105.86
2022-08-29T12:00:00Z,1447.71,1529.88,1446,1521.16,385892.17
2022-08-29T16:00:00Z,1521.16,1544.28,1519.71,1530.4,171456.15
2022-08-29T20:00:00Z,1530.4,1559.85,1529.06,1551.64,145592
2022-08-30T00:00:00Z,1551.64,1551.9,1523.5,1543.7,107656.19
2022-08-30T04:00:00Z,1543.7,1600.73,1542.74,1587.25,270688.84
2022-08-30T08:00:00Z,1587.25,1605.92,1576.66,1584.68,191708.05
2022-08-30T12:00:00Z,1584.68,1594.17,1508.71,1523.67,396017.67
2022-08-30T16:00:00Z,1523.67,1567.95,1472.22,1542.65,322815.86
2022-08-30T20:00:00Z,1542.65,1564.76,1515.9,1523.67,260817.77
2022-08-31T00:00:00Z,1523.67,1615,1523.64,1606.24,225970.29
2022-08-31T04:00:00Z,1606.24,1619.62,1576.65,1584.61,162474.82
2022-08-31T08:00:00Z,1584.57,1608.06,1560.5,1594.72,209072.85
2022-08-31T12:00:00Z,1594.72,1609.82,1535.88,1560,365365.74
2022-08-31T16:00:00Z,1560,1588.3,1527.09,1574.98,199885.33
2022-08-31T20:00:00Z,1574.98,1584.11,1541.96,1553.45,203401.26
2022-09-01T00:00:00Z,1553.45,1573.49,1533.01,1548.94,188850.26
2022-09-01T04:00:00Z,1548.94,1562.27,1530.35,1543.77,151403.5
2022-09-01T08:00:00Z,1543.77,1585.35,1532.78,1577.45,177060.8
2022-09-01T12:00:00Z,1577.45,1580.69,1511.78,1534.72,360257.58
2022-09-01T16:00:00Z,1534.72,1571.71,1522.06,1564.17,188275.21
2022-09-01T20:00:00Z,1564.17,1599.32,1561.49,1585.99,161373.35
2022-09-02T00:00:00Z,1585.99,1606,1567.56,1595.68,131501.23
2022-09-02T04:00:00Z,1595.68,1610.78,1578.36,1594.01,130663.2
2022-09-02T08:00:00Z,1594.01,1602.27,1582.17,1593.18,102729.14
2022-09-02T12:00:00Z,1593.18,1648.44,1586.29,1636.23,432463.88
2022-09-02T16:00:00Z,1636.23,1638.97,1545.13,1560.29,305781.68
2022-09-02T20:00:00Z,1560.29,1585.39,1549.94,1574.19,159323.52
2022-09-03T00:00:00Z,1574.19,1581.29,1553.56,1560.25,128997.9
2022-09-03T04:00:00Z,1560.25,1571.87,1532.53,1542.67,126712.94
2022-09-03T08:00:00Z,1542.67,1558.03,1538.42,1547.44,140328.3
2022-09-03T12:00:00Z,1547.44,1564.65,1542.33,1547.19,118903.07
2022-09-03T16:00:00Z,1547.19,1562.24,1534.13,1548.23,114136.52
2022-09-03T20:00:00Z,1548.23,1559.97,1545.58,1556.2,104174.37
2022-09-04T00:00:00Z,1556.2,1560.35,1546.43,1551.13,99387.1
2022-09-04T04:00:00Z,1551.13,1555.66,1542.33,1544.47,91877.93
2022-09-04T08:00:00Z,1544.47,1563.33,1539.6,1563.33,102018.42
2022-09-04T12:00:00Z,1563.33,1582,1543.33,1559.41,172367.09
2022-09-04T16:00:00Z,1559.41,1575.08,1554.62,1566,109396.64
2022-09-04T20:00:00Z,1566,1580.98,1562.31,1578.43,145127.76
2022-09-05T00:00:00Z,1578.43,1592,1567.77,1574.35,131499.75
2022-09-05T04:00:00Z,1574.35,1579.26,1556.27,1561.4,124257.65
2022-09-05T08:00:00Z,1561.4,1567.99,1556.52,1565.55,98327.77
2022-09-05T12:00:00Z,1565.55,1605.73,1561.21,1600.38,191529.68
2022-09-05T16:00:00Z,1600.38,1609.68,1575.96,1585.78,153920.72
2022-09-05T20:00:00Z,1585.78,1631.4,1584.57,1617.55,163524.61
2022-09-06T00:00:00Z,1617.55,1675.81,1615.21,1640.1,283660.01
2022-09-06T04:00:00Z,1640.1,1677.93,1636.77,1658.65,163030.07
2022-09-06T08:00:00Z,1658.65,1677.7,1646.51,1667.92,169293.31
2022-09-06T12:00:00Z,1667.92,1686.2,1635.68,1669.47,283008.55
2022-09-06T16:00:00Z,1669.47,1674.46,1563.29,1574.52,408163.84
2022-09-06T20:00:00Z,1574.52,1587.42,1553.02,1557.85,165750.13
2022-09-07T00:00:00Z,1557.85,1566.74,1489.24,1508.74,287361.81
2022-09-07T04:00:00Z,1508.74,1525.14,1498.4,1516.77,116166.31
2022-09-07T08:00:00Z,1516.77,1523.28,1503.43,1512.56,128141.55
2022-09-07T12:00:00Z,1512.56,1549.95,1498.74,1543.03,248340.4
2022-09-07T16:00:00Z,1543.03,1580.49,1535.22,1569.69,203803.7
2022-09-07T20:00:00Z,1569.69,1657.28,1568.77,1629.81,359045.82
2022-09-08T00:00:00Z,1629.81,1637,1613.45,1629.27,114416.41
2022-09-08T04:00:00Z,1629.27,1647.31,1594.67,1612.95,183174.08
2022-09-08T08:00:00Z,1612.95,1643.86,1605.84,1635.46,145233.89
2022-09-08T12:00:00Z,1635.46,1654.57,1597.65,1629.01,431020.27
2022-09-08T16:00:00Z,1629.01,1649.5,1607.8,1649.5,149482.42
2022-09-08T20:00:00Z,1649.44,1662.48,1625.52,1634.56,132935.13
2022-09-09T00:00:00Z,1634.56,1675.75,1629.75,1672.29,147826.24
2022-09-09T04:00:00Z,1672.29,1716.36,1669.42,1704.85,239717.79
2022-09-09T08:00:00Z,1704.85,1714.97,1685.07,1700.43,133100.68
2022-09-09T12:00:00Z,1700.43,1746.22,1698.6,1718.89,228224.13
2022-09-09T16:00:00Z,1718.89,1726.06,1695.77,1719.64,150418
2022-09-09T20:00:00Z,1719.64,1732.83,1706.8,1718.02,151518.99
2022-09-10T00:00:00Z,1718.02,1743.47,1706.26,1733.15,96314.47
2022-09-10T04:00:00Z,1733.15,1745.27,1708.16,1710.53,123736.32
2022-09-10T08:00:00Z,1710.53,1728.37,1709.66,1723.36,86749.92
2022-09-10T12:00:00Z,1723.36,1733.37,1712.26,1715.59,94622.33
2022-09-10T16:00:00Z,1715.59,1743.82,1709.23,1740.25,109672.14
2022-09-10T20:00:00Z,1740.25,1789.41,1728.81,1773.97,237190.42
2022-09-11T00:00:00Z,1773.97,1779,1756.47,1760.77,105323.52
2022-09-11T04:00:00Z,1760.77,1768.21,1743.01,1761.06,107951.26
2022-09-11T08:00:00Z,1761.06,1779.53,1756.87,1769.86,86808.81
2022-09-11T12:00:00Z,1769.86,1778.32,1753.42,1768.17,107690.9
2022-09-11T16:00:00Z,1768.17,1788.85,1755.97,1763.05,125211.75
2022-09-11T20:00:00Z,1763.05,1767.29,1720.12,1765.79,208813.92
2022-09-12T00:00:00Z,1765.79,1782.93,1713.55,1726.48,216716.84
2022-09-12T04:00:00Z,1726.48,1760.38,1716.92,1757.62,113035.07
2022-09-12T08:00:00Z,1757.62,1764.73,1729.31,1747.89,131516.89
2022-09-12T12:00:00Z,1747.89,1753.97,1695.17,1705.7,183176.83
2022-09-12T16:00:00Z,1705.7,1731.86,1692.54,1724.7,165400.62
2022-09-12T20:00:00Z,1724.7,1730,1700.75,1715.7,145187.82
2022-09-13T00:00:00Z,1715.7,1717.32,1673.89,1714.55,162581.93
2022-09-13T04:00:00Z,1714.55,1729.63,1698.29,1715.08,143528.09
2022-09-13T08:00:00Z,1715.08,1745.85,1707.7,1737.18,126230.59
2022-09-13T12:00:00Z,1737.18,1758.97,1573.73,1592.68,713752.17
2022-09-13T16:00:00Z,1592.68,1627.15,1568.53,1602.79,220545.97
2022-09-13T20:00:00Z,1602.79,1621.43,1558.06,1571.81,247200.22
2022-09-14T00:00:00Z,1571.81,1606.32,1549.76,1598.54,141066.78
2022-09-14T04:00:00Z,1598.54,1619.98,1593.06,1610.9,140981.44
2022-09-14T08:00:00Z,1610.9,1610.9,1579.7,1591.88,162768.02
2022-09-14T12:00:00Z,1591.82,1609.82,1582,1593.21,225433.38
2022-09-14T16:00:00Z,1593.21,1597,1551.2,1593.93,204979.16
2022-09-14T20:00:00Z,1593.93,1641.6,1585.6,1635.22,215272.97
2022-09-15T00:00:00Z,1635.22,1642.85,1572.46,1594.24,285053.16
2022-09-15T04:00:00Z,1594.24,1658.82,1567.85,1642.78,529013.8
2022-09-15T08:00:00Z,1642.78,1642.78,1573.6,1590.77,202615.81
2022-09-15T12:00:00Z,1590.77,1599.96,1456.45,1492.07,556693.95
2022-09-15T16:00:00Z,1492.07,1516.7,1482.16,1496.29,196817.76
2022-09-15T20:00:00Z,1496.29,1508.3,1457.57,1470.86,213946.02
2022-09-16T00:00:00Z,1470.86,1481.96,1445.38,1472.43,197964.13
2022-09-16T04:00:00Z,1472.43,1478.96,1465.96,1470.38,117384.59
2022-09-16T08:00:00Z,1470.38,1480.86,1441.5,1477.16,175335.04
2022-09-16T12:00:00Z,1477.16,1477.41,1423.7,1451.39,359858.82
2022-09-16T16:00:00Z,1451.39,1451.39,1404.61,1426.97,293339.76
2022-09-16T20:00:00Z,1426.97,1447.56,1422.16,1433.37,172381.41
2022-09-17T00:00:00Z,1433.37,1455.52,1430.05,1439.25,127385.04
2022-09-17T04:00:00Z,1439.25,1446.47,1424,1431.44,137926.64
2022-09-17T08:00:00Z,1431.44,1434.01,1415.27,1418.7,107912.39
2022-09-17T12:00:00Z,1418.7,1449.56,1408.32,1443.15,174318.25
2022-09-17T16:00:00Z,1443.15,1474.95,1441.21,1464,208717.39
2022-09-17T20:00:00Z,1464,1472.16,1445.23,1467.61,150431.83
2022-09-18T00:00:00Z,1467.61,1468.55,1445.48,1450.45,106846.29
2022-09-18T04:00:00Z,1450.45,1459.29,1447.79,1452.38,100930.93
2022-09-18T08:00:00Z,1452.38,1458.11,1416.07,1432.92,202401.47
2022-09-18T12:00:00Z,1432.92,1438.72,1408.61,1416.13,191004.96
2022-09-18T16:00:00Z,1416.13,1423.37,1365.73,1379.63,411366.17
2022-09-18T20:00:00Z,1379.63,1380.39,1321.39,1333.24,364826.35
2022-09-19T00:00:00Z,1333.24,1352.94,1286.81,1293.59,312444.96
2022-09-19T04:00:00Z,1293.59,1312.19,1279.4,1301.35,330993.53
2022-09-19T08:00:00Z,1301.35,1319.16,1288.42,1307.03,185942.54
2022-09-19T12:00:00Z,1307.03,1370.97,1305.89,1341.14,396602.51
2022-09-19T16:00:00Z,1341.14,1366.74,1321.13,1361.71,191730.1
2022-09-19T20:00:00Z,1361.71,1392.03,1355.67,1374.81,272259.51
2022-09-20T00:00:00Z,1374.81,1383.67,1341.52,1353.93,178255.53
2022-09-20T04:00:00Z,1353.93,1376.7,1350.18,1357.81,169085.21
2022-09-20T08:00:00Z,1357.81,1366.09,1344.8,1355.53,135153.71
2022-09-20T12:00:00Z,1355.53,1380.83,1329.1,1376.55,278778.16
2022-09-20T16:00:00Z,1376.55,1383.42,1330.65,1350.88,240315.37
2022-09-20T20:00:00Z,1350.88,1355.42,1311.7,1322.07,228965.06
2022-09-21T00:00:00Z,1322.07,1344.37,1316.49,1336.54,124671.87
2022-09-21T04:00:00Z,1336.54,1343.69,1315,1331.01,164893.51
2022-09-21T08:00:00Z,1331.01,1352.98,1322.1,1349.74,137303.03
2022-09-21T12:00:00Z,1349.74,1360,1333.54,1342.28,183021.87
2022-09-21T16:00:00Z,1342.28,1412.51,1301.25,1322.81,840175.21
2022-09-21T20:00:00Z,1322.81,1326.16,1219.24,1244.46,507764.36
2022-09-22T00:00:00Z,1244.46,1269.73,1235.76,1261.73,187846
2022-09-22T04:00:00Z,1261.73,1279.59,1253.96,1277.83,158063.61
2022-09-22T08:00:00Z,1277.83,1312.44,1275.63,1308.41,193228.75
2022-09-22T12:00:00Z,1308.41,1313.35,1256,1270.84,280949.4
2022-09-22T16:00:00Z,1270.84,1336.7,1251,1323.67,330712.83
2022-09-22T20:00:00Z,1323.67,1348.8,1306.58,1326,264618.97
2022-09-23T00:00:00Z,1326,1345.15,1314.15,1340.43,161853.7
2022-09-23T04:00:00Z,1340.43,1359.21,1328.65,1331.84,155708.4
2022-09-23T08:00:00Z,1331.84,1335.52,1281.47,1287.05,235818.19
2022-09-23T12:00:00Z,1287.05,1318.63,1260.88,1293.09,393042.53
2022-09-23T16:00:00Z,1293.09,1306,1273.61,1291.93,415223.8
2022-09-23T20:00:00Z,1291.93,1339.56,1291.03,1326.96,248013.28
2022-09-24T00:00:00Z,1326.96,1330.04,1311,1321.42,108126.42
2022-09-24T04:00:00Z,1321.42,1337.16,1316.6,1322.49,122020.23
2022-09-24T08:00:00Z,1322.49,1332.68,1317,1327.07,91687.61
2022-09-24T16:00:00Z,1339.95,1348.16,1333.02,1341.84,116306.96
2022-09-24T20:00:00Z,1341.84,1343.5,1305.3,1315.93,212072.26
2022-09-25T00:00:00Z,1315.93,1328.41,1313.41,1328.27,88675.29
2022-09-25T04:00:00Z,1328.27,1335.79,1318.6,1331.69,103058.99
2022-09-25T08:00:00Z,1331.69,1333.61,1316,1328.55,101139.28
2022-09-25T12:00:00Z,1328.55,1330.55,1297.7,1309.88,173998.82
2022-09-25T16:00:00Z,1309.88,1320,1281,1298.77,220212.17
2022-09-25T20:00:00Z,1298.77,1302.27,1268.31,1294.07,245084.78
2022-09-26T00:00:00Z,1294.07,1313.54,1285.85,1302.44,224859.65
2022-09-26T04:00:00Z,1302.44,1305.51,1277.6,1294.58,137156.41
2022-09-26T08:00:00Z,1294.58,1324.42,1288.54,1295.97,197619.66
2022-09-26T12:00:00Z,1295.97,1337.93,1292.75,1324.71,251619.36
2022-09-26T16:00:00Z,1324.71,1340.2,1310.62,1330.18,204723.78
2022-09-26T20:00:00Z,1330.18,1337.18,1314.98,1335.95,180351.14
2022-09-27T00:00:00Z,1335.95,1389.75,1332.09,1385.44,291963.17
2022-09-27T04:00:00Z,1385.44,1394.34,1375.04,1382.05,137122.3
2022-09-27T08:00:00Z,1382.05,1399.32,1375.6,1388.65,125926.42
2022-09-27T12:00:00Z,1388.65,1399.99,1364.71,1365.2,269803.15
2022-09-27T16:00:00Z,1365.19,1367.84,1302.84,1323.96,381775.66
2022-09-27T20:00:00Z,1323.96,1334.18,1315.89,1326.94,158657.36
2022-09-28T00:00:00Z,1326.94,1339.32,1265.87,1286.03,280454.61
2022-09-28T04:00:00Z,1286.03,1292.27,1265.47,1284.44,165630.31
2022-09-28T08:00:00Z,1284.44,1311.09,1252.07,1294.41,312382.57
2022-09-28T12:00:00Z,1294.41,1332.71,1292.55,1331.9,263683.58
2022-09-28T16:00:00Z,1331.9,1343.19,1310.82,1333.39,239262.16
2022-09-28T20:00:00Z,1333.39,1355.33,1332.67,1337.02,231555.63
2022-09-29T00:00:00Z,1337.02,1352.07,1327.07,1341.68,148572.1
2022-09-29T04:00:00Z,1341.68,1345.53,1312.92,1321,141409.6
2022-09-29T08:00:00Z,1321,1344.75,1313.11,1336.22,143371.63
2022-09-29T12:00:00Z,1336.22,1337.34,1287.27,1326.53,446173.08
2022-09-29T16:00:00Z,1326.53,1348,1313.77,1332.98,231051.72
2022-09-29T20:00:00Z,1332.98,1340.34,1323.59,1335.25,132868.69
2022-09-30T00:00:00Z,1335.25,1352.29,1319.68,1327.14,191683.42
2022-09-30T04:00:00Z,1327.14,1345.9,1325.65,1339.98,111787.38
2022-09-30T08:00:00Z,1339.98,1349.36,1326.45,1330.85,133329.29
2022-09-30T12:00:00Z,1330.85,1373.42,1314.29,1351.55,456228.41
2022-09-30T16:00:00Z,1351.55,1361.91,1333.39,1338.49,224285.61
2022-09-30T20:00:00Z,1338.49,1344.62,1316.14,1328.32,219679.86
2022-10-01T00:00:00Z,1328.32,1333.38,1324.13,1329.28,87610.07
2022-10-01T04:00:00Z,1329.28,1331.08,1323.12,1328.43,85780.3
2022-10-01T08:00:00Z,1328.43,1332.58,1316.44,1324.27,83599.58
2022-10-01T12:00:00Z,1324.27,1329.31,1318.75,1321.78,88546.09
2022-10-01T16:00:00Z,1321.78,1323.39,1304.7,1310.82,153081.93
2022-10-01T20:00:00Z,1310.82,1315.06,1301.5,1310.93,104846.16
2022-10-02T00:00:00Z,1310.93,1315.1,1304.3,1308.66,108313.78
2022-10-02T04:00:00Z,1308.66,1317,1306.7,1310.05,97624.86
2022-10-02T08:00:00Z,1310.05,1311.9,1284.6,1296.85,160164.75
2022-10-02T12:00:00Z,1296.85,1300.21,1285.68,1292.58,117859.05
2022-10-02T16:00:00Z,1292.58,1313.14,1290.56,1303.88,114419.64
2022-10-02T20:00:00Z,1303.88,1306.75,1267.51,1275.56,228336.97
2022-10-03T00:00:00Z,1275.56,1299.38,1261.71,1290.87,176025.43
2022-10-03T04:00:00Z,1290.87,1300.91,1283.3,1291.09,122817.7
2022-10-03T08:00:00Z,1291.09,1298.73,1285.33,1298.18,98226.8
2022-10-03T12:00:00Z,1298.18,1327.29,1293.5,1318.68,295465.44
2022-10-03T16:00:00Z,1318.68,1329.34,1309.06,1317.6,193494.09
2022-10-03T20:00:00Z,1317.6,1328.02,1314.75,1323.12,127997.32
2022-10-04T00:00:00Z,1323.12,1330.35,1318.81,1328.94,109762.22
2022-10-04T04:00:00Z,1328.94,1350.37,1324.36,1349.99,182848.6
2022-10-04T08:00:00Z,1349.99,1359.46,1342,1349.49,147883.84
2022-10-04T12:00:00Z,1349.49,1365.33,1345.56,1353.81,176297.81
2022-10-04T16:00:00Z,1353.81,1357.51,1338.26,1354.6,127014.09
2022-10-04T20:00:00Z,1354.41,1369.77,1351.25,1361.26,129659.19
2022-10-05T00:00:00Z,1361.26,1363.27,1352.34,1353.89,103032.49
2022-10-05T04:00:00Z,1353.89,1358.38,1348.59,1352.95,105895.8
2022-10-05T08:00:00Z,1352.95,1353.61,1331.3,1334.9,138580.06
2022-10-05T12:00:00Z,1334.9,1336.53,1316,1330.09,199366.94
2022-10-05T16:00:00Z,1330.09,1364.86,1326.87,1350.08,189731.8
2022-10-05T20:00:00Z,1350.08,1357.44,1345.04,1352.22,130876.93
2022-10-06T00:00:00Z,1352.22,1383.63,1351.67,1372.62,206022.04
2022-10-06T04:00:00Z,1372.62,1381.53,1361.92,1368.35,130156.23
2022-10-06T08:00:00Z,1368.35,1370.32,1354.67,1368.52,121481.54
2022-10-06T12:00:00Z,1368.52,1380.25,1348.72,1361.44,343940.48
2022-10-06T16:00:00Z,1361.44,1372.36,1353.89,1358.83,168403.96
2022-10-06T20:00:00Z,1358.83,1363.88,1344.25,1352.19,139460.36
2022-10-07T00:00:00Z,1352.19,1361.82,1350.4,1355.13,96862.78
2022-10-07T04:00:00Z,1355.13,1358.97,1345.79,1355.94,110773.69
2022-10-07T08:00:00Z,1355.94,1360.78,1352.36,1354.97,91047.18
2022-10-07T12:00:00Z,1354.97,1358.66,1323.51,1332.99,379370.18
2022-10-07T16:00:00Z,1332.99,1336.05,1316.18,1326.89,148977.59
2022-10-07T20:00:00Z,1326.89,1335.61,1324.01,1330.3,111649.35
2022-10-08T00:00:00Z,1330.3,1336.82,1329.29,1330.42,92735.76
2022-10-08T04:00:00Z,1330.42,1332.49,1325.29,1329.59,74186.5
2022-10-08T08:00:00Z,1329.59,1329.77,1322.94,1328.97,75203.85
2022-10-08T12:00:00Z,1328.97,1329.28,1317.77,1323.75,85744.25
2022-10-08T16:00:00Z,1323.75,1329.26,1321.44,1323.7,83596.46
2022-10-08T20:00:00Z,1323.7,1325.86,1302.75,1314.4,152600.23
2022-10-09T00:00:00Z,1314.4,1315.59,1306.52,1310.14,84095.87
2022-10-09T04:00:00Z,1310.14,1316.91,1308.01,1313.92,88435.2
2022-10-09T08:00:00Z,1313.92,1327,1312.64,1322.17,120752.03
2022-10-09T12:00:00Z,1322.17,1328.04,1320.11,1325.46,101437.69
2022-10-09T16:00:00Z,1325.46,1326.55,1309.09,1318.81,107873.14
2022-10-09T20:00:00Z,1318.81,1323,1313.49,1322.54,85276.35
2022-10-10T00:00:00Z,1322.54,1337.4,1319.78,1322.32,150076.17
2022-10-10T04:00:00Z,1322.32,1324.56,1311.5,1315.96,129290
2022-10-10T08:00:00Z,1315.96,1316.66,1295.28,1313.91,201011.47
2022-10-10T12:00:00Z,1313.91,1318.61,1302.62,1307.56,192784.31
2022-10-10T16:00:00Z,1307.56,1314.29,1298,1306.84,152299.92
2022-10-10T20:00:00Z,1306.84,1309.14,1286.21,1289.23,155264.76
2022-10-11T00:00:00Z,1289.23,1289.23,1265.5,1277.31,205592.11
2022-10-11T04:00:00Z,1277.31,1283.37,1271.24,1283.09,114364.18
2022-10-11T08:00:00Z,1283.09,1287.97,1277.15,1286.06,106209.26
2022-10-11T12:00:00Z,1286.06,1296.78,1267.81,1292.5,208266.6
2022-10-11T16:00:00Z,1292.5,1297.38,1274.77,1281.76,147597.04
2022-10-11T20:00:00Z,1281.76,1286.34,1272.66,1279.29,122703.4
2022-10-12T00:00:00Z,1279.29,1288.07,1274.28,1282.9,112625.49
2022-10-12T04:00:00Z,1282.9,1300.94,1282.39,1293.29,142479.49
2022-10-12T08:00:00Z,1293.29,1305.67,1291.88,1296.76,110100.28
2022-10-12T12:00:00Z,1296.76,1304.95,1285.48,1298.55,217928.72
2022-10-12T16:00:00Z,1298.55,1300.17,1287.13,1296.33,127421.48
2022-10-12T20:00:00Z,1296.33,1302.15,1291.77,1293.74,107751.67
2022-10-13T00:00:00Z,1293.74,1298.31,1281.12,1285.73,126635.41
2022-10-13T04:00:00Z,1285.73,1288.5,1270.73,1276.7,122783.26
2022-10-13T08:00:00Z,1276.7,1279.73,1218,1241.83,308008.2
2022-10-13T12:00:00Z,1241.83,1269.14,1182,1255.61,718965.65
2022-10-13T16:00:00Z,1255.61,1294.1,1250.01,1286,241850.94
2022-10-13T20:00:00Z,1286,1301.05,1285.7,1287,139284.77
2022-10-14T00:00:00Z,1287,1341.89,1283.21,1329.72,249439.43
2022-10-14T04:00:00Z,1329.72,1332.18,1316.62,1321.67,109709.25
2022-10-14T08:00:00Z,1321.67,1336.35,1317.04,1325.98,111820.43
2022-10-14T12:00:00Z,1325.98,1343.1,1306.3,1310.17,257888.95
2022-10-14T16:00:00Z,1310.17,1313.02,1293.49,1298.06,193848.69
2022-10-14T20:00:00Z,1298.06,1303.66,1288.32,1295.56,130635.77
2022-10-15T00:00:00Z,1295.56,1300.76,1292.77,1299.7,86524.72
2022-10-15T04:00:00Z,1299.7,1300.14,1289.89,1293.99,83995.26
2022-10-15T08:00:00Z,1293.99,1294.18,1276.03,1286.46,134005.68
2022-10-15T12:00:00Z,1286.46,1290.6,1278.44,1285.26,83262.45
2022-10-15T16:00:00Z,1285.26,1289.11,1278.05,1281.55,91935.55
2022-10-15T20:00:00Z,1281.55,1282.92,1262.73,1273.98,173926.32
2022-10-16T00:00:00Z,1273.98,1286.04,1273.84,1282.7,90879.49
2022-10-16T04:00:00Z,1282.7,1288.11,1280.21,1282.28,86567.42
2022-10-16T08:00:00Z,1282.28,1289.5,1278.12,1283.01,94404
2022-10-16T12:00:00Z,1283.01,1286.96,1278.25,1285.29,89307.1
2022-10-16T16:00:00Z,1285.29,1308.39,1280.71,1307.71,139180.61
2022-10-16T20:00:00Z,1307.71,1315.32,1290.66,1305.85,223863.41
2022-10-17T00:00:00Z,1305.85,1308.31,1295.49,1301.7,117219.99
2022-10-17T04:00:00Z,1301.7,1314.31,1298.42,1312,103454.69
2022-10-17T08:00:00Z,1312,1325.94,1307.5,1317.5,122663.51
2022-10-17T12:00:00Z,1317.5,1337.7,1313.49,1329.07,195148.11
2022-10-17T16:00:00Z,1329.07,1331.31,1315,1325.67,108438.85
2022-10-17T20:00:00Z,1325.67,1338.55,1324.23,1331.24,142926.61
2022-10-18T00:00:00Z,1331.24,1341.65,1327.63,1333.34,135453.45
2022-10-18T04:00:00Z,1333.34,1340.39,1330.42,1336.63,138286.68
2022-10-18T08:00:00Z,1336.63,1337.25,1318.39,1325.64,141826.85
2022-10-18T12:00:00Z,1325.64,1334.4,1297.82,1306.86,233191.27
2022-10-18T16:00:00Z,1306.86,1312.18,1285.76,1300,169833.09
2022-10-18T20:00:00Z,1300,1319.43,1298,1309.91,184785.48
2022-10-19T00:00:00Z,1309.91,1312.74,1297.37,1304.51,120763.16
2022-10-19T04:00:00Z,1304.51,1305.48,1291.65,1298.8,121214.5
2022-10-19T08:00:00Z,1298.8,1307.18,1293,1299.45,118065.47
2022-10-19T12:00:00Z,1299.45,1307.66,1288.8,1303.86,179477.89
2022-10-19T16:00:00Z,1303.86,1304.61,1291.8,1295.86,115217.9
2022-10-19T20:00:00Z,1295.86,1298.17,1278.11,1284.2,149692.34
2022-10-20T00:00:00Z,1284.2,1287.23,1269.43,1279.14,127725.4
2022-10-20T04:00:00Z,1279.14,1294.98,1278.93,1291.52,108030.58
2022-10-20T08:00:00Z,1291.52,1301.51,1288.66,1298.7,125849.54
2022-10-20T12:00:00Z,1298.7,1310.31,1289.77,1299.73,228633.72
2022-10-20T16:00:00Z,1299.73,1299.73,1276.69,1284.06,179395.43
2022-10-20T20:00:00Z,1284.06,1287.2,1270.56,1282.05,146398.26
2022-10-21T00:00:00Z,1282.05,1291.71,1277.91,1286.47,102505.64
2022-10-21T04:00:00Z,1286.47,1290.1,1281.86,1283.84,88838.41
2022-10-21T08:00:00Z,1283.84,1284.23,1272.15,1274.68,119617.53
2022-10-21T12:00:00Z,1274.68,1296.77,1251.53,1296.43,333468.38
2022-10-21T16:00:00Z,1296.46,1304.99,1293.84,1302.4,171558.67
2022-10-21T20:00:00Z,1302.4,1306.21,1296.5,1298.84,122517.24
2022-10-22T00:00:00Z,1298.84,1303.73,1293.5,1298.12,93086.52
2022-10-22T04:00:00Z,1298.12,1299.97,1294.15,1298.8,66952.75
2022-10-22T08:00:00Z,1298.8,1307.46,1298.7,1305.43,101208.09
2022-10-22T12:00:00Z,1305.43,1318.7,1302.84,1316.1,161227.7
2022-10-22T16:00:00Z,1316.1,1320.05,1306.32,1314.06,132747.92
2022-10-22T20:00:00Z,1314.06,1317.95,1312,1313.58,107050.76
2022-10-23T00:00:00Z,1313.58,1314.79,1306.75,1313.19,111917.57
2022-10-23T04:00:00Z,1313.19,1314.77,1306.63,1309.12,67722.01
2022-10-23T08:00:00Z,1309.12,1311.59,1301,1303.5,90808.55
2022-10-23T12:00:00Z,1303.5,1316.01,1298.8,1313.76,127739.33
2022-10-23T16:00:00Z,1313.76,1334.98,1310.94,1330.57,192758.02
2022-10-23T20:00:00Z,1330.57,1371.24,1328.72,1363.81,317146.51
2022-10-24T00:00:00Z,1363.8,1370.55,1344,1348.14,174762.46
2022-10-24T04:00:00Z,1348.14,1348.16,1332.94,1337.06,179676.45
2022-10-24T08:00:00Z,1337.06,1354.33,1332.72,1353.11,144674.03
2022-10-24T12:00:00Z,1353.11,1353.66,1324.07,1341.35,259575.34
2022-10-24T16:00:00Z,1341.35,1352.81,1330.45,1344.41,123915.54
2022-10-24T20:00:00Z,1344.41,1359.38,1340.71,1343.42,145256.38
2022-10-25T00:00:00Z,1343.42,1349.45,1334.88,1347.64,106121.09
2022-10-25T04:00:00Z,1347.64,1351.86,1343.7,1347.12,91403.99
2022-10-25T08:00:00Z,1347.12,1349.87,1339.15,1347.23,124048.56
2022-10-25T12:00:00Z,1347.23,1418.28,1346.47,1408.11,530298.63
2022-10-25T16:00:00Z,1408.11,1525.7,1404.81,1493.4,791658.57
2022-10-25T20:00:00Z,1493.4,1495.26,1447.13,1459.97,367665.76
2022-10-26T00:00:00Z,1459.97,1499.48,1457.3,1486.64,216641.05
2022-10-26T04:00:00Z,1486.64,1522.41,1476.55,1515.45,260165.71
2022-10-26T08:00:00Z,1515.45,1557.43,1508.45,1528.8,353167.25
2022-10-26T12:00:00Z,1528.8,1594.83,1509.62,1567.57,593210.77
2022-10-26T16:00:00Z,1567.57,1572.47,1541.11,1563.88,213666.43
2022-10-26T20:00:00Z,1563.88,1585.3,1542.57,1566.08,316555.06
2022-10-27T00:00:00Z,1566.08,1577.89,1533.94,1555.09,223525.94
2022-10-27T04:00:00Z,1555.09,1571.49,1549.69,1556.8,140386.18
2022-10-27T08:00:00Z,1556.8,1559.81,1535.45,1551.09,161567.88
2022-10-27T12:00:00Z,1551.09,1579,1533.84,1544.1,493227.89
2022-10-27T16:00:00Z,1544.1,1565.82,1539.05,1562.11,149383.01
2022-10-28T00:00:00Z,1513.93,1525.34,1496.4,1507.22,208515.61
2022-10-28T04:00:00Z,1507.22,1519.3,1487.44,1492.86,207640.87
2022-10-28T08:00:00Z,1492.86,1509.1,1484.6,1497.18,185266.92
2022-10-28T12:00:00Z,1497.18,1549.81,1478.44,1537.57,423054.83
2022-10-28T16:00:00Z,1537.57,1573.54,1533.25,1557.37,219343.79
2022-10-28T20:00:00Z,1557.37,1575.53,1552.06,1554.64,128119.44
2022-10-29T00:00:00Z,1554.64,1594.7,1547.57,1589.58,183785.31
2022-10-29T04:00:00Z,1589.58,1605.71,1575.06,1594.7,187873.13
2022-10-29T08:00:00Z,1594.41,1653.33,1590.55,1615.3,365447.72
2022-10-29T12:00:00Z,1615.3,1644.18,1608.54,1632.75,311839.37
2022-10-29T16:00:00Z,1632.75,1663.39,1617.38,1623.39,310063.19
2022-10-29T20:00:00Z,1623.39,1632.21,1603.77,1619.52,122623.52
2022-10-30T00:00:00Z,1619.52,1624.57,1606.27,1622.44,112640.97
2022-10-30T04:00:00Z,1622.44,1640.19,1618.28,1628.9,128080.09
2022-10-30T08:00:00Z,1628.9,1630.06,1591.56,1604.87,181595.29
2022-10-30T12:00:00Z,1604.87,1607.33,1578.5,1586.8,169200.68
2022-10-30T16:00:00Z,1586.8,1596.61,1575.66,1586.3,122531.78
2022-10-30T20:00:00Z,1586.3,1597.6,1576.35,1589.99,139301.16
2022-10-31T00:00:00Z,1589.99,1596.66,1560.72,1581.7,184379.67
2022-10-31T04:00:00Z,1581.77,1596.41,1578.88,1591.24,130633.26
2022-10-31T08:00:00Z,1591.24,1635.38,1578.52,1621.49,241019.99
2022-10-31T12:00:00Z,1621.49,1625.84,1545.71,1568.83,471547.7
2022-10-31T16:00:00Z,1568.83,1584.08,1555.66,1562.97,181427.43
2022-10-31T20:00:00Z,1562.97,1577.43,1549.47,1572.48,124422.71
2022-11-01T00:00:00Z,1572.48,1604.75,1568.72,1586.72,137757.15
2022-11-01T04:00:00Z,1586.72,1602.76,1580,1591.36,136414.86
2022-11-01T08:00:00Z,1591.36,1613.12,1582.12,1590.16,152581.72
2022-11-01T12:00:00Z,1590.16,1598.48,1563.67,1573.79,219010.36
2022-11-01T16:00:00Z,1573.79,1586.61,1568.16,1576.63,116536.04
2022-11-01T20:00:00Z,1576.63,1583.04,1568.9,1578.47,114113.07
2022-11-02T00:00:00Z,1578.47,1595.51,1572.06,1590.62,134530.69
2022-11-02T04:00:00Z,1590.62,1600.44,1553.14,1563.67,243400.14
2022-11-02T08:00:00Z,1563.67,1577.8,1535.36,1555.03,232909.58
2022-11-02T12:00:00Z,1555.03,1566.55,1545.83,1557.53,162424.32
2022-11-02T16:00:00Z,1557.53,1621.74,1524.45,1535.95,1082605.17
2022-11-02T20:00:00Z,1535.95,1537.37,1501.83,1517.1,239191.08
2022-11-03T00:00:00Z,1517.1,1556.29,1514.14,1547.22,164483.46
2022-11-03T04:00:00Z,1547.22,1558.54,1541.83,1544.13,121234.72
2022-11-03T08:00:00Z,1544.13,1556.79,1522.84,1531.74,151508.83
2022-11-03T12:00:00Z,1531.74,1556.47,1521.51,1542.32,233738.93
2022-11-03T16:00:00Z,1542.32,1548.52,1537.36,1543.13,134904.99
2022-11-03T20:00:00Z,1543.13,1543.48,1523,1530.26,149947.12
2022-11-04T00:00:00Z,1530.26,1548.8,1527.72,1547.95,119483.13
2022-11-04T04:00:00Z,1547.95,1588.2,1545.39,1587.14,217844.06
2022-11-04T08:00:00Z,1587.14,1599.32,1575.55,1576.96,159422.29
2022-11-04T12:00:00Z,1576.96,1678.5,1555.95,1625.48,648225.24
2022-11-04T16:00:00Z,1625.48,1648.25,1607.46,1647.99,264844.5
2022-11-04T20:00:00Z,1647.99,1653.95,1639.9,1644.87,104312.14
2022-11-05T00:00:00Z,1644.87,1667.25,1635.58,1646.88,145113.78
2022-11-05T04:00:00Z,1646.88,1658.51,1643.48,1651.34,93851.39
2022-11-05T08:00:00Z,1651.34,1651.89,1636.5,1649.69,98067.72
2022-11-05T12:00:00Z,1649.69,1650.48,1623.5,1635.95,114337.81
2022-11-05T16:00:00Z,1635.95,1642.85,1624.68,1633.37,96221.18
2022-11-05T20:00:00Z,1633.37,1635.33,1621.34,1627.22,84977.11
2022-11-06T00:00:00Z,1627.22,1633.67,1612.02,1621.3,114872.48
2022-11-06T04:00:00Z,1621.3,1623.83,1614.29,1622.7,80898.17
2022-11-06T08:00:00Z,1622.7,1639.16,1607.72,1620.31,143932.86
2022-11-06T12:00:00Z,1620.31,1634.53,1615.73,1623.58,116432.4
2022-11-06T16:00:00Z,1623.58,1625.78,1602.82,1609.37,171120.95
2022-11-06T20:00:00Z,1609.37,1612.47,1563.39,1567.42,197451.46
2022-11-07T00:00:00Z,1567.42,1594.28,1563.12,1586.62,165218.28
2022-11-07T04:00:00Z,1586.62,1593.88,1545.09,1549.09,214557.25
2022-11-07T08:00:00Z,1549.09,1583,1545.43,1579.23,174135.09
2022-11-07T12:00:00Z,1579.23,1592.81,1566.84,1591.3,166816.23
2022-11-07T16:00:00Z,1591.3,1608.14,1576.25,1600.36,185888.3
2022-11-07T20:00:00Z,1600.36,1607.12,1545.29,1566.77,213290.87
2022-11-08T00:00:00Z,1566.77,1575.84,1501.82,1506.05,329949.38
2022-11-08T04:00:00Z,1506.05,1513.18,1430.54,1490.8,536459.81
2022-11-08T08:00:00Z,1490.8,1493.14,1467.8,1476.07,146400.79
2022-11-08T12:00:00Z,1476.07,1486.5,1424.28,1461.66,350986.24
2022-11-08T16:00:00Z,1461.66,1579.6,1205,1313.15,2073194.49
2022-11-08T20:00:00Z,1313.15,1342.84,1278.57,1332.92,426341.07
2022-11-09T00:00:00Z,1332.92,1335.84,1282,1311.3,236475.31
2022-11-09T04:00:00Z,1311.3,1317.66,1265.06,1272.89,189337.98
2022-11-09T08:00:00Z,1272.89,1274.82,1133.6,1218.42,831494.66
2022-11-09T12:00:00Z,1218.42,1247.21,1145.39,1162.06,775026.46
2022-11-09T16:00:00Z,1162.06,1204.19,1141.13,1194.25,693835.35
2022-11-09T20:00:00Z,1194.25,1198.8,1072.14,1101.16,757921.16
2022-11-10T00:00:00Z,1101.16,1183.59,1084.1,1172.33,373435.71
2022-11-10T04:00:00Z,1172.33,1205.17,1157.89,1189.75,238158.27
2022-11-10T08:00:00Z,1189.75,1218.92,1174.59,1186.25,260579.93
2022-11-10T12:00:00Z,1186.25,1344.39,1184.9,1320.15,1037239.21
2022-11-10T16:00:00Z,1320.15,1349.5,1244.5,1291.13,685060.71
2022-11-10T20:00:00Z,1291.13,1342.5,1282.67,1298.35,338104.69
2022-11-11T00:00:00Z,1298.35,1308.75,1220.08,1238.38,367931.49
2022-11-11T04:00:00Z,1238.38,1287.8,1225.93,1277.83,254308.3
2022-11-11T08:00:00Z,1277.83,1293.17,1263.07,1274.93,183569.34
2022-11-11T12:00:00Z,1274.93,1309.08,1199.46,1258.95,914987.81
2022-11-11T16:00:00Z,1258.95,1286.5,1232.1,1274.01,409383.47
2022-11-11T20:00:00Z,1274.01,1295.32,1236.39,1288.14,243529.52
2022-11-12T00:00:00Z,1288.14,1291.94,1253,1258.65,127795.77
2022-11-12T04:00:00Z,1258.65,1276.36,1237.7,1265.48,226380.26
2022-11-12T08:00:00Z,1265.48,1274.07,1248.67,1259.81,220635.89
2022-11-12T12:00:00Z,1259.81,1285.24,1252.17,1274.32,191029.16
2022-11-12T16:00:00Z,1274.32,1278.23,1261.85,1267.53,131001.66
2022-11-12T20:00:00Z,1267.53,1268,1246.77,1256.3,134208.93
2022-11-13T00:00:00Z,1256.3,1272.94,1252.96,1270.95,98895.63
2022-11-13T04:00:00Z,1270.95,1273.37,1230,1250.39,242253.08
2022-11-13T08:00:00Z,1250.39,1252.66,1213.49,1239.38,279096.5
2022-11-13T12:00:00Z,1239.38,1248.28,1222.95,1230.61,137698.5
2022-11-13T16:00:00Z,1230.61,1236.78,1215.22,1228.16,148588.78
2022-11-13T20:00:00Z,1228.16,1236.53,1199.33,1220.95,204133.57
2022-11-14T00:00:00Z,1220.95,1229.87,1170.36,1192.21,383715.82
2022-11-14T04:00:00Z,1192.21,1260.29,1174.44,1258.36,457280.25
2022-11-14T08:00:00Z,1258.36,1274.8,1250.85,1251.91,217947.56
2022-11-14T12:00:00Z,1251.91,1290.4,1235.35,1245.3,416293.39
2022-11-14T16:00:00Z,1245.3,1249.33,1209.19,1215.88,277729.02
2022-11-14T20:00:00Z,1215.88,1249.54,1209.74,1242.23,219729.1
2022-11-15T00:00:00Z,1242.23,1266.35,1235.33,1256.33,183539.49
2022-11-15T04:00:00Z,1256.33,1273.28,1246.9,1265.53,161047.87
2022-11-15T08:00:00Z,1265.53,1278.81,1254.45,1260.02,216944.59
2022-11-15T12:00:00Z,1260.02,1290.36,1257.71,1264.38,296128.03
2022-11-15T16:00:00Z,1264.38,1274,1232.63,1255.71,321168.93
2022-11-15T20:00:00Z,1255.71,1264.56,1241.27,1253.13,153142.04
2022-11-16T00:00:00Z,1253.13,1268.13,1247.38,1264.28,138767.03
2022-11-16T04:00:00Z,1264.28,1264.86,1242.8,1244.36,195222.78
2022-11-16T08:00:00Z,1244.36,1253.17,1213.53,1222.13,315746.23
2022-11-16T12:00:00Z,1222.13,1232.9,1185.28,1192.18,447578.33
2022-11-16T16:00:00Z,1192.18,1221.64,1187.1,1207.94,296295.22
2022-11-16T20:00:00Z,1207.94,1220.67,1200.54,1215.03,153735.92
2022-11-17T00:00:00Z,1215.03,1227.39,1201,1203.19,189748.64
2022-11-17T04:00:00Z,1203.19,1215.38,1192.28,1204.31,233487.72
2022-11-17T08:00:00Z,1204.31,1207.76,1181.13,1203.49,258701.76
2022-11-17T12:00:00Z,1203.49,1217.51,1183.26,1192.01,378932.01
2022-11-17T16:00:00Z,1192.01,1216.51,1188.08,1201.62,234874.47
2022-11-17T20:00:00Z,1201.62,1209.39,1195.46,1199.79,130045.58
2022-11-18T00:00:00Z,1199.79,1234.22,1198.63,1220.05,267431.19
2022-11-18T04:00:00Z,1220.05,1224.22,1213.1,1214.85,125032.18
2022-11-18T08:00:00Z,1214.85,1225.22,1204.07,1216.97,189772.86
2022-11-18T12:00:00Z,1216.97,1227.62,1206.3,1210.75,228063.16
2022-11-18T16:00:00Z,1210.75,1213.51,1199.67,1209.38,187782.48
2022-11-18T20:00:00Z,1209.38,1214.89,1205.4,1212.32,124920.87
2022-11-19T00:00:00Z,1212.32,1213.15,1200.38,1207.85,150585.9
2022-11-19T04:00:00Z,1207.85,1208.82,1197.03,1205.92,129342.33
2022-11-19T08:00:00Z,1205.92,1211.48,1203.01,1210.37,141849.46
2022-11-19T12:00:00Z,1210.37,1211.19,1204.68,1208.63,120743.75
2022-11-19T16:00:00Z,1208.63,1210.48,1206.11,1207.63,132727.42
2022-11-19T20:00:00Z,1207.63,1233.6,1207.63,1217.58,281650
2022-11-20T00:00:00Z,1217.58,1226.52,1215.24,1219.06,146395.07
2022-11-20T04:00:00Z,1219.06,1223.24,1217.65,1220.12,135298.26
2022-11-20T08:00:00Z,1220.12,1220.47,1158.19,1167.3,466322.69
2022-11-20T12:00:00Z,1167.3,1179.87,1152.03,1176.66,330530.96
2022-11-20T16:00:00Z,1176.66,1189,1168.75,1184.24,252385.7
2022-11-20T20:00:00Z,1184.24,1185.6,1131.61,1141.66,357861.38
2022-11-21T00:00:00Z,1141.66,1143.25,1110.36,1124.95,544785.43
2022-11-21T04:00:00Z,1124.95,1139.05,1116.16,1122.68,344723.16
2022-11-21T08:00:00Z,1122.68,1130,1105,1124.18,358775.95
2022-11-21T12:00:00Z,1124.18,1146.28,1114.93,1129.74,296313.21
2022-11-21T16:00:00Z,1129.74,1132.46,1078.5,1090.61,844601.51
2022-11-21T20:00:00Z,1090.61,1121.87,1081.3,1106.44,609186.06
2022-11-22T00:00:00Z,1106.44,1116.27,1096.2,1103.67,193009.2
2022-11-22T04:00:00Z,1103.67,1106.52,1079.07,1092.92,251783.83
2022-11-22T08:00:00Z,1092.92,1094.4,1073.91,1085.16,328910.81
2022-11-22T12:00:00Z,1085.16,1141.71,1078.4,1134.57,655019.24
2022-11-22T16:00:00Z,1134.57,1140.43,1113.91,1126.6,271064.06
2022-11-22T20:00:00Z,1126.6,1141.27,1122.01,1138.62,226242.88
2022-11-23T00:00:00Z,1138.62,1170.48,1126.76,1170.48,394653.83
2022-11-23T04:00:00Z,1170.35,1171.15,1157.23,1166.62,185587.19
2022-11-23T08:00:00Z,1166.62,1182.36,1160.34,1174.55,268327.59
2022-11-23T12:00:00Z,1174.55,1177.45,1153.17,1161.16,291654.87
2022-11-23T16:00:00Z,1161.16,1189.51,1149.64,1168.51,458884.2
2022-11-23T20:00:00Z,1168.51,1190.43,1161.64,1183.95,249678.92
2022-11-24T00:00:00Z,1183.95,1209.41,1180.09,1201.4,293627.83
2022-11-24T04:00:00Z,1201.4,1216.96,1198.6,1205.96,212395.93
2022-11-24T08:00:00Z,1205.96,1207.67,1191.15,1195.8,214127.78
2022-11-24T12:00:00Z,1195.8,1204.05,1186.08,1194.93,205813.24
2022-11-24T16:00:00Z,1194.93,1208.3,1192.35,1202.61,282573.49
2022-11-24T20:00:00Z,1202.61,1206.05,1193.59,1203.5,155822.91
2022-11-25T00:00:00Z,1203.5,1204.68,1180.67,1186.27,218989.43
2022-11-25T04:00:00Z,1186.27,1188.1,1171.56,1184.65,233500.91
2022-11-25T08:00:00Z,1184.65,1199.49,1175.54,1193.07,215303.49
2022-11-25T12:00:00Z,1193.07,1199.88,1180.93,1189.47,259504.89
2022-11-25T16:00:00Z,1189.47,1198.66,1182.58,1196.52,176197
2022-11-25T20:00:00Z,1196.52,1207.33,1195.13,1198.36,195038.28
2022-11-26T00:00:00Z,1198.36,1229,1196.3,1215.45,300548.26
2022-11-26T04:00:00Z,1215.45,1225.19,1212.05,1218.62,270693.54
2022-11-26T08:00:00Z,1218.62,1227.22,1214.74,1221.15,160033.81
2022-11-26T12:00:00Z,1221.15,1234,1206.04,1210.54,309823.36
2022-11-26T16:00:00Z,1210.54,1214.91,1201.54,1207.2,177835.63
2022-11-26T20:00:00Z,1207.2,1212.63,1196.09,1205.22,203755.96
2022-11-27T00:00:00Z,1205.22,1218.58,1204.14,1215.64,194694.81
2022-11-27T04:00:00Z,1215.64,1222.85,1214.5,1216.87,192453.92
2022-11-27T08:00:00Z,1216.87,1220.9,1209.35,1215.35,175356.33
2022-11-27T12:00:00Z,1215.35,1219.32,1207,1217.7,183363.84
2022-11-27T16:00:00Z,1217.7,1220.52,1210.75,1212.78,127255.73
2022-11-27T20:00:00Z,1212.78,1218.39,1188.57,1193.66,219152.09
2022-11-28T00:00:00Z,1193.66,1199.05,1158,1172.35,540814.78
2022-11-28T04:00:00Z,1172.35,1179,1166.28,1174.22,205524.58
2022-11-28T08:00:00Z,1174.22,1176.65,1163.56,1169.98,213768.9
2022-11-28T12:00:00Z,1169.98,1181.99,1154.1,1162.43,335274.62
2022-11-28T16:00:00Z,1162.43,1184.9,1150.2,1171.34,446865.27
2022-11-28T20:00:00Z,1171.34,1175.24,1166.71,1167.84,165334.55
2022-11-29T00:00:00Z,1167.84,1189.86,1158.37,1184.46,291274.44
2022-11-29T04:00:00Z,1184.46,1214.8,1184,1206.91,452456.47
2022-11-29T08:00:00Z,1206.91,1223.87,1205.06,1216.97,264160.08
2022-11-29T12:00:00Z,1216.97,1218.6,1202.31,1208.58,234308.65
2022-11-29T16:00:00Z,1208.58,1220.55,1202.67,1215.77,255144.46
2022-11-29T20:00:00Z,1215.77,1227.27,1215.22,1216.2,305960.69
2022-11-30T00:00:00Z,1216.2,1283.25,1212.42,1265.15,687131.35
2022-11-30T08:00:00Z,1272.4,1277.02,1261,1266.61,171314.44
2022-11-30T12:00:00Z,1266.61,1273.06,1256,1267.19,308696.86
2022-11-30T16:00:00Z,1267.19,1299.79,1258.86,1286.7,545389.17
2022-11-30T20:00:00Z,1286.7,1311,1284.66,1294.82,279490.18
2022-12-01T00:00:00Z,1294.82,1295.96,1281.42,1288,160534.59
2022-12-01T04:00:00Z,1288,1289.37,1276.2,1278.76,193401.86
2022-12-01T08:00:00Z,1278.76,1286.26,1277.21,1283.26,184866.34
2022-12-01T12:00:00Z,1283.26,1299.27,1262.37,1271.48,546598.87
2022-12-01T16:00:00Z,1271.48,1278.45,1265.56,1275.59,147412.46
2022-12-01T20:00:00Z,1275.59,1283.49,1266.89,1276.25,174964.36
2022-12-02T00:00:00Z,1276.25,1284.59,1264.96,1271.21,203649.29
2022-12-02T04:00:00Z,1271.21,1277.75,1267.68,1275.27,171073.78
2022-12-02T08:00:00Z,1275.27,1294.34,1273.17,1288.53,253805.9
2022-12-02T12:00:00Z,1288.53,1296.93,1268.2,1278.81,502539.77
2022-12-02T16:00:00Z,1278.81,1288.23,1274.28,1287.29,169281.32
2022-12-02T20:00:00Z,1287.29,1296.51,1286.37,1295.37,183256.23
2022-12-03T00:00:00Z,1295.37,1306.63,1282.16,1285.51,240368.85
2022-12-03T04:00:00Z,1285.51,1289.76,1273.07,1275.68,244981.21
2022-12-03T08:00:00Z,1275.68,1276.81,1260.62,1269.5,229503.41
2022-12-03T12:00:00Z,1269.5,1275.42,1266.35,1271.49,120762.04
2022-12-03T16:00:00Z,1271.49,1271.81,1262.5,1266.07,152216.64
2022-12-03T20:00:00Z,1266.07,1266.65,1235.34,1239.78,375531.26
2022-12-04T00:00:00Z,1239.78,1263,1239.5,1256.5,217275.29
2022-12-04T04:00:00Z,1256.5,1267.4,1253.8,1256.93,185830.24
2022-12-04T08:00:00Z,1256.93,1263.87,1251.93,1255.2,161537.58
2022-12-04T12:00:00Z,1255.2,1262.69,1249.97,1260.03,201773.67
2022-12-04T16:00:00Z,1260.03,1282.35,1256.57,1278.33,459337.44
2022-12-04T20:00:00Z,1278.33,1286.94,1272,1278.93,170156.85
2022-12-05T00:00:00Z,1278.93,1297.28,1276.46,1290.43,288488.35
2022-12-05T04:00:00Z,1290.43,1304.43,1289.42,1296.89,231667.14
2022-12-05T08:00:00Z,1296.89,1304.84,1291.64,1294.87,188165.42
2022-12-05T12:00:00Z,1294.87,1294.87,1259.82,1266.64,378419.53
2022-12-05T16:00:00Z,1266.64,1270.05,1246.55,1253.13,316702.28
2022-12-05T20:00:00Z,1253.13,1260.03,1251.15,1258.61,144522.16
2022-12-06T00:00:00Z,1258.61,1269.61,1258.61,1261.45,150921.99
2022-12-06T04:00:00Z,1261.45,1262.59,1253.95,1259.8,167422.45
2022-12-06T08:00:00Z,1259.8,1264.73,1241.58,1255.33,223914.7
2022-12-06T12:00:00Z,1255.33,1261.25,1244.52,1253.69,199879.96
2022-12-06T16:00:00Z,1253.69,1259.04,1241.6,1249.72,219005.49
2022-12-06T20:00:00Z,1249.72,1274.93,1246.95,1271.52,237509.58
2022-12-07T00:00:00Z,1271.52,1278.03,1259.17,1262.35,228361.49
2022-12-07T04:00:00Z,1262.35,1264.94,1219.45,1223.74,447095.45
2022-12-07T08:00:00Z,1223.74,1229.98,1217.62,1224.49,274818.25
2022-12-07T12:00:00Z,1224.49,1239.17,1219.93,1233.1,260936.36
2022-12-07T16:00:00Z,1233.1,1236.95,1226.42,1231.52,155853.02
2022-12-07T20:00:00Z,1231.52,1234.37,1221.81,1230.55,150001.86
2022-12-08T00:00:00Z,1230.55,1238,1221.17,1230.93,223617.99
2022-12-08T04:00:00Z,1230.93,1235.28,1224.19,1232.01,185560.59
2022-12-08T08:00:00Z,1232.01,1244.78,1227.22,1239.58,199037.06
2022-12-08T12:00:00Z,1239.58,1253.52,1235.53,1249.38,343104.46
2022-12-08T16:00:00Z,1249.38,1293.6,1248.4,1283.84,529626.17
2022-12-08T20:00:00Z,1283.84,1286.57,1275.74,1279.93,227393.37
2022-12-09T00:00:00Z,1279.93,1289.31,1273.04,1283.63,223408.02
2022-12-09T04:00:00Z,1283.63,1285.41,1277.29,1282.16,115370.84
2022-12-09T08:00:00Z,1282.16,1292.89,1278.87,1287.59,171812.74
2022-12-09T12:00:00Z,1287.59,1297,1262.64,1277.33,492585.38
2022-12-09T16:00:00Z,1277.33,1277.91,1263.46,1268.9,191071.19
2022-12-09T20:00:00Z,1268.9,1269.1,1255.34,1262.92,229058.37
2022-12-10T00:00:00Z,1262.92,1268.38,1261.59,1265.26,142898.23
2022-12-10T04:00:00Z,1265.26,1266.65,1262.52,1264.51,95689.9
2022-12-10T08:00:00Z,1264.51,1267.5,1259.51,1266.07,150351.06
2022-12-10T12:00:00Z,1266.07,1279,1263.41,1277.84,206049.97
2022-12-10T16:00:00Z,1277.84,1283.67,1266.5,1271.72,159452.73
2022-12-10T20:00:00Z,1271.72,1273.43,1261.7,1266.05,132883.73
2022-12-11T00:00:00Z,1266.05,1272.98,1264.97,1272.25,123605.37
2022-12-11T04:00:00Z,1272.25,1277.84,1272.11,1276.14,125293.78
2022-12-11T08:00:00Z,1276.14,1276.97,1270.67,1273.31,120879.13
2022-12-11T12:00:00Z,1273.31,1275.8,1268.81,1273.2,120242.44
2022-12-11T16:00:00Z,1273.2,1284.64,1270.81,1274.33,177057.75
2022-12-11T20:00:00Z,1274.33,1274.38,1255.53,1263.33,203351.86
2022-12-12T00:00:00Z,1263.33,1263.33,1238.41,1242.86,338245.94
2022-12-12T04:00:00Z,1242.86,1246.9,1236.82,1245.38,146756.24
2022-12-12T08:00:00Z,1245.38,1256.1,1241.18,1253.75,148474.55
2022-12-12T12:00:00Z,1253.75,1255.66,1243.13,1248.61,178826.56
2022-12-12T16:00:00Z,1248.61,1255.78,1248.29,1254.17,163040.97
2022-12-12T20:00:00Z,1254.17,1278.96,1253.86,1275.02,255682
2022-12-13T00:00:00Z,1275.02,1278.27,1265.76,1269.42,157757.06
2022-12-13T04:00:00Z,1269.42,1274.38,1255.02,1265.99,230088.16
2022-12-13T08:00:00Z,1265.99,1289.96,1263.6,1286.45,306523.09
2022-12-13T12:00:00Z,1286.45,1347.91,1286.04,1324.31,866826.25
2022-12-13T16:00:00Z,1324.31,1328.79,1305.75,1317.08,220239.94
2022-12-13T20:00:00Z,1317.08,1324.1,1312.49,1321.49,137621.39
2022-12-14T00:00:00Z,1321.49,1327.18,1317.83,1320.55,162657.23
2022-12-14T04:00:00Z,1320.55,1325.25,1316.52,1323.15,152357.12
2022-12-14T08:00:00Z,1323.15,1329.63,1320.02,1327.24,152099.77
2022-12-14T12:00:00Z,1327.24,1344.36,1325.55,1338.49,283620.58
2022-12-14T16:00:00Z,1338.49,1353,1301.21,1307.8,659592.33
2022-12-14T20:00:00Z,1307.8,1318.75,1301.65,1308.01,175312.39
2022-12-15T00:00:00Z,1308.01,1311.69,1282,1292.38,226400.18
2022-12-15T04:00:00Z,1292.38,1292.9,1286.72,1287.36,113651.31
2022-12-15T08:00:00Z,1287.36,1291.74,1282.9,1291.46,130008.69
2022-12-15T12:00:00Z,1291.46,1291.46,1262.81,1269.5,293199.72
2022-12-15T16:00:00Z,1269.5,1275.2,1264.22,1274.35,170587.93
2022-12-15T20:00:00Z,1274.35,1274.7,1258.42,1265.94,169207.48
2022-12-16T00:00:00Z,1265.94,1272.86,1265.11,1271.05,133888.47
2022-12-16T04:00:00Z,1271.05,1279.1,1266.16,1276.96,193077.56
2022-12-16T08:00:00Z,1276.96,1278.37,1197.1,1211.84,699112.48
2022-12-16T12:00:00Z,1211.84,1217.18,1193.76,1202.69,318940.56
2022-12-16T16:00:00Z,1202.69,1203.89,1183.04,1202.38,397357.8
2022-12-16T20:00:00Z,1202.38,1211.5,1155.05,1166.4,639113.61
2022-12-17T00:00:00Z,1166.4,1178.24,1161.22,1174.65,187084.08
2022-12-17T04:00:00Z,1174.65,1184.54,1172.52,1182.67,176160.33
2022-12-17T08:00:00Z,1182.67,1188.16,1173.25,1179.33,174184.3
2022-12-17T12:00:00Z,1179.33,1181.94,1173.74,1179.16,153948.49
2022-12-17T16:00:00Z,1179.16,1179.22,1170.6,1176.01,130183.58
2022-12-17T20:00:00Z,1176.01,1189.32,1174.58,1186.06,133412.36
2022-12-18T00:00:00Z,1186.06,1187.69,1179.52,1186.55,125544.82
2022-12-18T04:00:00Z,1186.55,1195.58,1182.3,1185.53,211992.26
2022-12-18T08:00:00Z,1185.53,1187.32,1171.03,1181.05,216653.92
2022-12-18T12:00:00Z,1181.05,1182.87,1172.7,1173.75,144831.39
2022-12-18T16:00:00Z,1173.75,1190.24,1173.51,1182.54,149370.92
2022-12-18T20:00:00Z,1182.54,1193.34,1179.49,1182.12,207342.65
2022-12-19T00:00:00Z,1182.12,1194.34,1173.12,1178.42,177804.92
2022-12-19T04:00:00Z,1178.42,1183.45,1176.71,1179.07,153335.58
2022-12-19T08:00:00Z,1179.07,1187.36,1178.4,1182.19,152413.8
2022-12-19T12:00:00Z,1182.19,1189.02,1176.44,1179.07,197057.29
2022-12-19T16:00:00Z,1179.07,1181.34,1164.54,1170.08,287696.23
2022-12-19T20:00:00Z,1170.08,1180.59,1149.53,1166.78,302588.39
2022-12-20T00:00:00Z,1166.78,1198.29,1162.5,1191.55,308824.07
2022-12-20T04:00:00Z,1191.55,1215.14,1189.64,1207.77,305194.62
2022-12-20T08:00:00Z,1207.77,1218.81,1205.61,1211.87,175700.12
2022-12-20T12:00:00Z,1211.87,1230.76,1204.24,1216.96,386585.81
2022-12-20T16:00:00Z,1216.96,1218.5,1204.85,1216.77,217764.94
2022-12-20T20:00:00Z,1216.77,1220.74,1211.41,1216.96,144613.44
2022-12-21T00:00:00Z,1216.96,1218.76,1206.07,1210.61,129417.43
2022-12-21T04:00:00Z,1210.61,1213.86,1203.26,1210.91,163701.39
2022-12-21T08:00:00Z,1210.91,1219.05,1207.75,1216.75,170897.85
2022-12-21T12:00:00Z,1216.75,1222.16,1206,1215.44,210717.01
2022-12-21T16:00:00Z,1215.44,1215.8,1206.58,1208.53,155993.39
2022-12-21T20:00:00Z,1208.53,1215,1207.07,1213.65,132173.26
2022-12-22T00:00:00Z,1213.65,1218.2,1211.63,1214.45,159626.22
2022-12-22T04:00:00Z,1214.45,1214.7,1209.7,1213.63,113534.12
2022-12-22T08:00:00Z,1213.63,1221.45,1212.01,1217.29,169662.82
2022-12-22T12:00:00Z,1217.29,1218.55,1183.8,1186.07,446895.16
2022-12-22T16:00:00Z,1186.07,1194.33,1181.06,1194.22,197796.31
2022-12-22T20:00:00Z,1194.22,1238.18,1193.35,1217.05,390600.14
2022-12-23T00:00:00Z,1217.05,1229.5,1214.25,1223.92,182323.42
2022-12-23T04:00:00Z,1223.92,1225,1219.68,1221.69,103160.23
2022-12-23T08:00:00Z,1221.69,1226.11,1215.66,1222.67,147895.01
2022-12-23T12:00:00Z,1222.67,1229.91,1212.3,1218.99,400266.94
2022-12-23T16:00:00Z,1218.99,1220.9,1216.04,1219.73,114470.39
2022-12-23T20:00:00Z,1219.73,1222.26,1216.69,1219.24,122395.02
2022-12-24T00:00:00Z,1219.24,1220.38,1214.88,1218.63,106635.8
2022-12-24T04:00:00Z,1218.63,1219.81,1214.15,1219.43,132740.34
2022-12-24T08:00:00Z,1219.43,1219.87,1216.01,1218.55,100836.45
2022-12-24T12:00:00Z,1218.55,1218.66,1216.97,1218.42,103570.56
2022-12-24T16:00:00Z,1218.42,1227.32,1216.96,1223.82,170093.83
2022-12-24T20:00:00Z,1223.82,1223.85,1217.68,1220.24,142679.81
2022-12-25T00:00:00Z,1220.24,1223.98,1219.61,1220.94,121558.78
2022-12-25T04:00:00Z,1220.94,1220.95,1215.24,1219.08,128107.49
2022-12-25T08:00:00Z,1219.08,1221.2,1216.87,1217.11,93144.9
2022-12-25T12:00:00Z,1217.11,1218.37,1193.24,1210.37,317448.43
2022-12-25T16:00:00Z,1210.37,1212.09,1194.73,1208.75,187670.43
2022-12-25T20:00:00Z,1208.75,1224,1203.43,1217.77,223516.34
2022-12-26T00:00:00Z,1217.77,1223.53,1216.05,1220.16,165923.3
2022-12-26T04:00:00Z,1220.17,1222.49,1218,1220.51,130402.77
2022-12-26T08:00:00Z,1220.51,1222.66,1218.04,1219.68,130871.77
2022-12-26T12:00:00Z,1219.68,1220.18,1211,1214.68,155569.46
2022-12-26T16:00:00Z,1214.68,1219.81,1212.2,1216.9,119611.55
2022-12-26T20:00:00Z,1216.9,1231,1214.78,1228,182779.43
2022-12-27T00:00:00Z,1228,1233.81,1221.66,1223.57,166156.3
2022-12-27T04:00:00Z,1223.57,1224.53,1220.7,1222.09,129751.34
2022-12-27T08:00:00Z,1222.09,1223.37,1215.74,1219.45,174131.45
2022-12-27T12:00:00Z,1219.45,1219.48,1205.01,1210.6,263948.88
2022-12-27T16:00:00Z,1210.6,1212.22,1200.04,1210.45,210761.43
2022-12-27T20:00:00Z,1210.45,1214.09,1208.07,1211.21,115850.45
2022-12-28T00:00:00Z,1211.21,1215,1185.77,1197.18,343572.32
2022-12-28T04:00:00Z,1197.18,1198.88,1187.92,1194.04,185016.52
2022-12-28T08:00:00Z,1194.04,1197.79,1193.22,1195.74,132067.75
2022-12-28T12:00:00Z,1195.74,1207.59,1185.68,1188.74,331387.84
2022-12-28T16:00:00Z,1188.74,1200.73,1187.43,1192.81,144704.93
2022-12-28T20:00:00Z,1192.81,1195,1181.35,1189.96,221215.78
2022-12-29T00:00:00Z,1189.96,1195.29,1186.58,1194.34,166684.09
2022-12-29T04:00:00Z,1194.34,1197.31,1191.39,1194.26,132470.92
2022-12-29T08:00:00Z,1194.26,1202.69,1189.82,1198.72,172719.81
2022-12-29T12:00:00Z,1198.72,1205.7,1197.73,1200.76,206939.79
2022-12-29T16:00:00Z,1200.76,1202.5,1195.18,1198.32,173756.46
2022-12-29T20:00:00Z,1198.32,1204,1191.38,1200.37,186706.27
2022-12-30T00:00:00Z,1200.37,1201.97,1194.8,1197.24,134548.15
2022-12-30T04:00:00Z,1197.24,1197.89,1184.79,1187.96,273741.53
2022-12-30T08:00:00Z,1187.96,1194.51,1187.7,1190.39,123278.52
2022-12-30T12:00:00Z,1190.39,1198.6,1181,1194.78,250658.76
2022-12-30T16:00:00Z,1194.78,1198.28,1192.56,1194.79,226899.02
2022-12-30T20:00:00Z,1194.79,1201.41,1194.79,1199.37,146616.78
2022-12-31T00:00:00Z,1199.37,1199.88,1193.62,1194.21,103829.92
2022-12-31T04:00:00Z,1194.21,1197.09,1191.78,1196.74,108831.21
2022-12-31T08:00:00Z,1196.74,1199.86,1195.5,1197,127542.42
2022-12-31T12:00:00Z,1197,1208.52,1195.56,1202.44,229065.25
2022-12-31T16:00:00Z,1202.44,1205.31,1198.37,1202.58,146280.23
2022-12-31T20:00:00Z,1202.58,1203.63,1192.78,1195.95,197936.89
2023-01-01T00:00:00Z,1195.95,1196.76,1191.68,1194.21,152192.79
2023-01-01T04:00:00Z,1194.21,1195.5,1191.25,1195.07,120348.24
2023-01-01T08:00:00Z,1195.07,1197.24,1193.75,1196.01,99348.99
2023-01-01T12:00:00Z,1196.01,1198.32,1193.21,1196.19,104387.15
2023-01-01T16:00:00Z,1196.19,1204.26,1195.4,1201.33,149317.48
2023-01-01T20:00:00Z,1201.33,1204.2,1198.7,1199.76,129204.37
2023-01-02T00:00:00Z,1199.76,1202.98,1192.63,1201.26,167348.63
2023-01-02T04:00:00Z,1201.26,1219.94,1199.38,1213.01,364006.84
2023-01-02T08:00:00Z,1213.01,1224.33,1212.57,1217.2,306878.94
2023-01-02T16:00:00Z,1218.85,1219.54,1215.61,1219,121994.77
2023-01-02T20:00:00Z,1219,1223.36,1211.1,1213.99,160363.57
2023-01-03T00:00:00Z,1213.99,1216.8,1211.67,1215.39,134021.14
2023-01-03T04:00:00Z,1215.39,1220.1,1213.28,1216.6,156709.41
2023-01-03T08:00:00Z,1216.6,1217.95,1213.9,1214.6,136247.31
2023-01-03T12:00:00Z,1214.6,1218.95,1205.88,1211.39,375793.65
2023-01-03T16:00:00Z,1211.39,1212.2,1204.72,1209.3,202618.28
2023-01-03T20:00:00Z,1209.3,1215.64,1209.16,1213.82,138860.32
2023-01-04T00:00:00Z,1213.82,1256.79,1212.18,1250.88,889437.78
2023-01-04T04:00:00Z,1250.88,1254.65,1247.45,1251.98,299284.33
2023-01-04T08:00:00Z,1251.98,1261.92,1248.26,1251.53,192038.93
2023-01-04T12:00:00Z,1251.53,1258.3,1243.45,1255.72,241248.06
2023-01-04T16:00:00Z,1255.72,1271.98,1251.24,1254.42,662221.69
2023-01-04T20:00:00Z,1254.42,1257.85,1246,1257.02,258669.52
2023-01-05T00:00:00Z,1257.02,1260.03,1252.09,1252.99,114984.27
2023-01-05T04:00:00Z,1252.99,1254.98,1247.75,1251,98107.96
2023-01-05T08:00:00Z,1251,1255.81,1245.47,1255.49,148301.59
2023-01-05T12:00:00Z,1255.49,1255.71,1242.89,1249.12,287915.77
2023-01-05T16:00:00Z,1249.12,1254.62,1246.82,1253.49,211964.49
2023-01-05T20:00:00Z,1253.49,1254.3,1247.97,1251.24,133834.38
2023-01-06T00:00:00Z,1251.24,1258.27,1248.23,1250.88,193677.72
2023-01-06T04:00:00Z,1250.88,1251.99,1245.9,1247.96,148222.13
2023-01-06T08:00:00Z,1247.96,1250.3,1238.43,1243.55,228698.84
2023-01-06T12:00:00Z,1243.55,1264.98,1235.22,1262.75,738295.65
2023-01-06T16:00:00Z,1262.75,1276.5,1260.01,1272.98,514515.23
2023-01-06T20:00:00Z,1272.98,1276.25,1264.75,1268.82,194109.78
2023-01-07T00:00:00Z,1268.82,1270.88,1265.12,1266.38,146468.66
2023-01-07T04:00:00Z,1266.38,1266.71,1261.89,1266.44,142405.31
2023-01-07T08:00:00Z,1266.44,1266.99,1262.86,1263.71,96742.72
2023-01-07T12:00:00Z,1263.71,1265.43,1261.24,1264.78,123572.16
2023-01-07T16:00:00Z,1264.78,1265.92,1261.87,1265.1,107030.54
2023-01-07T20:00:00Z,1265.1,1266.58,1261.47,1263.83,96085.27
2023-01-08T00:00:00Z,1263.83,1264.33,1257.5,1262.74,132114.36
2023-01-08T04:00:00Z,1262.74,1264.15,1262,1263.31,121710
2023-01-08T08:00:00Z,1263.31,1265.89,1261.27,1261.46,119269.52
2023-01-08T12:00:00Z,1261.46,1275.23,1261.03,1274.01,227756.55
2023-01-08T16:00:00Z,1274.01,1279.88,1261.52,1265.05,309794.33
2023-01-08T20:00:00Z,1265.05,1295.55,1264.09,1289.89,438513.11
2023-01-09T00:00:00Z,1289.89,1313.14,1285.09,1309.92,887068.75
2023-01-09T04:00:00Z,1309.92,1314.39,1307,1311.54,228912.18
2023-01-09T08:00:00Z,1311.54,1327.82,1308.01,1318.25,485655.34
2023-01-09T12:00:00Z,1318.25,1341.95,1315.23,1335.54,471952.51
2023-01-09T16:00:00Z,1335.54,1344.45,1330.01,1330.02,526437.51
2023-01-09T20:00:00Z,1330.02,1331.7,1315.55,1320.63,341517.44
2023-01-10T00:00:00Z,1320.63,1329.8,1317.18,1325.42,223707.26
2023-01-10T04:00:00Z,1325.42,1328.56,1322.44,1323.14,146033.2
2023-01-10T08:00:00Z,1323.14,1335.2,1322,1329.51,179502
2023-01-10T12:00:00Z,1329.51,1340.35,1323,1333.97,273918.77
2023-01-10T16:00:00Z,1333.97,1344.05,1327.68,1339.27,190924.85
2023-01-10T20:00:00Z,1339.27,1347,1333.02,1335.29,165053.08
2023-01-11T00:00:00Z,1335.29,1341.39,1327.31,1331.14,174743
2023-01-11T04:00:00Z,1331.14,1335.6,1327,1335.26,125948.82
2023-01-11T08:00:00Z,1335.26,1337.55,1331.36,1336.02,137183.65
2023-01-11T12:00:00Z,1336.02,1336.02,1321.01,1322.91,189754.82
2023-01-11T16:00:00Z,1322.91,1345.2,1321.74,1342.6,221352.49
2023-01-11T20:00:00Z,1342.6,1400.57,1339.09,1389.75,528434.18
2023-01-12T00:00:00Z,1389.75,1419.83,1386.21,1401.39,344853.71
2023-01-12T04:00:00Z,1401.39,1405.62,1393.78,1399.17,140225.44
2023-01-12T08:00:00Z,1399.17,1403.17,1395.46,1398.63,183324.07
2023-01-12T12:00:00Z,1398.63,1409,1363.59,1385.87,697669.42
2023-01-12T16:00:00Z,1385.87,1437.66,1383.47,1426.26,562369.03
2023-01-12T20:00:00Z,1426.26,1438.04,1414.64,1416.3,199757.76
2023-01-13T00:00:00Z,1416.3,1418.76,1401.62,1415.2,156446.73
2023-01-13T04:00:00Z,1415.2,1415.82,1405.95,1408.76,108813.21
2023-01-13T08:00:00Z,1408.76,1419.4,1404.17,1409.9,157448.05
2023-01-13T12:00:00Z,1409.9,1424.78,1401.9,1421.79,241775.49
2023-01-13T16:00:00Z,1421.79,1425.43,1406.94,1420.29,222652.71
2023-01-13T20:00:00Z,1420.29,1464.59,1417.46,1451.43,361190.37
2023-01-14T00:00:00Z,1451.43,1644.34,1449.36,1558.52,839395.65
2023-01-14T04:00:00Z,1558.52,1559.72,1543.04,1555.3,142855.41
2023-01-14T08:00:00Z,1555.3,1566.36,1506.19,1530.87,424932
2023-01-14T12:00:00Z,1530.87,1548.28,1509.77,1526.54,349023.81
2023-01-14T16:00:00Z,1526.54,1539.01,1524.4,1531.05,147080.96
2023-01-14T20:00:00Z,1531.05,1562.48,1528.03,1550.42,204557.14
2023-01-15T00:00:00Z,1550.42,1552.9,1516.86,1526.96,217054.66
2023-01-15T04:00:00Z,1526.96,1530.82,1522.57,1530.07,114233.04
2023-01-15T08:00:00Z,1530.07,1535.71,1520.48,1534.39,146697.26
2023-01-15T12:00:00Z,1534.39,1561.4,1529.71,1557.28,197666.94
2023-01-15T16:00:00Z,1557.28,1569.24,1533.64,1550.76,292206.73
2023-01-15T20:00:00Z,1550.76,1562.06,1542.67,1553.04,148718.1
2023-01-16T00:00:00Z,1553.04,1585.88,1541.86,1569.9,321530.96
2023-01-16T04:00:00Z,1569.9,1578.99,1563.56,1566.73,147210.26
2023-01-16T08:00:00Z,1566.73,1567.28,1523.14,1542.83,229973.36
2023-01-16T12:00:00Z,1542.83,1553.71,1521.68,1550,255167.25
2023-01-16T16:00:00Z,1550,1606,1546.25,1592.1,303176.51
2023-01-16T20:00:00Z,1592.1,1600.26,1572.6,1576.98,194727.14
2023-01-17T00:00:00Z,1576.98,1582.41,1541.01,1564,234456.89
2023-01-17T04:00:00Z,1564,1577.92,1558.7,1563.96,170677.38
2023-01-17T08:00:00Z,1563.96,1572.27,1558.51,1569.57,127419.4
2023-01-17T12:00:00Z,1569.57,1608.87,1560.91,1571.6,438230.73
2023-01-17T16:00:00Z,1571.6,1599.36,1564.81,1589.19,180818.6
2023-01-17T20:00:00Z,1589.19,1592.99,1563.93,1565.39,179155.07
2023-01-18T00:00:00Z,1565.39,1592.5,1563.5,1582.05,169916.65
2023-01-18T04:00:00Z,1582.05,1588.46,1578.97,1583.02,122922.95
2023-01-18T08:00:00Z,1583.02,1583.49,1571.03,1576.11,170091.73
2023-01-18T12:00:00Z,1576.11,1609.52,1533.42,1550.55,541317.72
2023-01-18T16:00:00Z,1550.55,1566.89,1500.65,1541.98,606374.21
2023-01-18T20:00:00Z,1541.98,1544.91,1507.26,1511.28,212891.24
2023-01-19T00:00:00Z,1511.28,1527.88,1509.87,1524.85,140497.03
2023-01-19T04:00:00Z,1524.85,1532.53,1524.53,1528.59,140052.55
2023-01-19T08:00:00Z,1528.59,1531.9,1516.79,1520.04,128722.42
2023-01-19T12:00:00Z,1520.04,1548,1514.4,1533.69,240000.19
2023-01-19T16:00:00Z,1533.69,1554.92,1523,1552.04,204688.24
2023-01-19T20:00:00Z,1552.04,1564.57,1544.34,1551.29,128927.91
2023-01-20T00:00:00Z,1551.29,1563.87,1545.73,1554.45,140693.06
2023-01-20T04:00:00Z,1554.45,1556.92,1542.63,1550.29,167979.3
2023-01-20T08:00:00Z,1550.29,1555.99,1545.52,1549.67,136609.35
2023-01-20T12:00:00Z,1549.67,1569.67,1549.42,1563.16,182101.32
2023-01-20T16:00:00Z,1563.16,1601.71,1561.42,1601.03,299284.91
2023-01-20T20:00:00Z,1601.03,1678,1601,1658.52,479734.22
2023-01-21T00:00:00Z,1658.52,1678.98,1643.01,1649.49,195339.16
2023-01-21T04:00:00Z,1649.49,1655.17,1645.75,1651.4,90823.17
2023-01-21T08:00:00Z,1651.4,1680.97,1617.89,1647.37,318566.99
2023-01-21T12:00:00Z,1647.37,1668.33,1644.03,1647.48,163860.12
2023-01-21T16:00:00Z,1647.48,1669.5,1646.51,1663.96,136896.95
2023-01-21T20:00:00Z,1663.96,1668.32,1623.38,1627.76,188694.27
2023-01-22T00:00:00Z,1627.76,1637.59,1604.41,1623.93,195436.15
2023-01-22T04:00:00Z,1623.93,1631.97,1621.94,1626.75,115941.37
2023-01-22T08:00:00Z,1626.75,1631.79,1619,1624.54,130149.34
2023-01-22T12:00:00Z,1624.54,1651.24,1618.67,1636.41,196117
2023-01-22T16:00:00Z,1636.41,1666,1630.46,1635.62,209575.37
2023-01-22T20:00:00Z,1635.62,1636.92,1607.36,1627.71,249465.15
2023-01-23T00:00:00Z,1627.71,1642.76,1626.22,1630.77,134905.03
2023-01-23T04:00:00Z,1630.77,1638.43,1628.12,1633.91,121853.19
2023-01-23T08:00:00Z,1633.91,1639.67,1631,1636.51,140364.55
2023-01-23T12:00:00Z,1636.51,1650,1584.53,1621.49,452396.84
2023-01-23T16:00:00Z,1621.49,1641.56,1610.51,1621.01,195887.27
2023-01-23T20:00:00Z,1621.01,1636.39,1619.36,1627.1,133812
2023-01-24T00:00:00Z,1627.1,1642.22,1623.77,1639.81,136183.33
2023-01-24T04:00:00Z,1639.81,1641.42,1634.08,1636.78,104318.46
2023-01-24T08:00:00Z,1636.78,1638.27,1615.26,1626.24,174151.61
2023-01-24T12:00:00Z,1626.24,1633,1604.38,1620.19,200818.65
2023-01-24T16:00:00Z,1620.19,1624.51,1606.07,1622.27,171853.74
2023-01-24T20:00:00Z,1622.27,1624.32,1527.34,1555.53,515370.04
2023-01-25T00:00:00Z,1555.53,1556.86,1514.24,1546.03,250890.28
2023-01-25T04:00:00Z,1546.03,1557.81,1544.29,1552.58,160830.47
2023-01-25T08:00:00Z,1552.58,1555.91,1538.31,1545.11,142479.06
2023-01-25T12:00:00Z,1545.11,1566.16,1524.09,1543.33,245385.14
2023-01-25T16:00:00Z,1543.33,1561.71,1540.77,1561.01,141230.16
2023-01-25T20:00:00Z,1561.01,1640.95,1561.01,1611.9,525516.41
2023-01-26T00:00:00Z,1611.9,1633.12,1610.54,1615.37,164238.36
2023-01-26T04:00:00Z,1615.37,1622.58,1595.77,1605.15,198499.73
2023-01-26T08:00:00Z,1605.15,1610.65,1593,1604.56,174913.61
2023-01-26T12:00:00Z,1604.56,1621.29,1583.94,1590.66,296662.44
2023-01-26T16:00:00Z,1590.66,1607.89,1577.38,1604.2,157201.3
2023-01-26T20:00:00Z,1604.2,1611.48,1594.42,1601.35,146336.75
2023-01-27T00:00:00Z,1601.35,1606.67,1552.36,1566.08,227983.55
2023-01-27T04:00:00Z,1566.08,1590.3,1563.41,1585.64,135236.78
2023-01-27T08:00:00Z,1585.64,1586.35,1573.29,1578.86,105760.62
2023-01-27T12:00:00Z,1578.86,1594.48,1561.15,1575.13,273378.72
2023-01-27T16:00:00Z,1575.13,1612.44,1574.36,1609.85,216380.55
2023-01-27T20:00:00Z,1609.85,1622,1586.92,1597.79,205440.79
2023-01-28T00:00:00Z,1597.79,1607,1592.78,1599.05,147171.69
2023-01-28T04:00:00Z,1599.05,1603.68,1586.02,1593.04,145311.65
2023-01-28T08:00:00Z,1593.04,1594.41,1579.1,1586.56,182816.21
2023-01-28T12:00:00Z,1586.56,1586.8,1562.34,1577.93,203978.05
2023-01-28T16:00:00Z,1577.93,1580.19,1569.53,1576.35,135039.3
2023-01-28T20:00:00Z,1576.35,1576.76,1554.56,1571.83,164840.17
2023-01-29T00:00:00Z,1571.83,1620.11,1566.27,1594.55,341433.69
2023-01-29T04:00:00Z,1594.55,1599.86,1588.77,1592.71,149509.99
2023-01-29T08:00:00Z,1592.71,1618.63,1589.43,1609.7,238472.33
2023-01-29T12:00:00Z,1609.7,1627.14,1603.68,1611.73,203006.42
2023-01-29T16:00:00Z,1611.73,1663.3,1605.87,1655.44,320199.28
2023-01-29T20:00:00Z,1655.44,1656.89,1628,1645.78,212240.7
2023-01-30T00:00:00Z,1645.78,1648.61,1632.7,1638.9,153504.84
2023-01-30T04:00:00Z,1638.9,1642.2,1623.08,1628.33,153902.51
2023-01-30T08:00:00Z,1628.33,1631.13,1577.1,1581.75,329525.85
2023-01-30T12:00:00Z,1581.75,1596.5,1567.02,1584.42,252628.03
2023-01-30T16:00:00Z,1584.42,1590.33,1531.35,1553.74,276539.32
2023-01-30T20:00:00Z,1553.74,1567.48,1536,1565.62,167882.34
2023-01-31T00:00:00Z,1565.62,1575.97,1561.41,1568.21,107926.81
2023-01-31T04:00:00Z,1568.21,1580.43,1561.06,1579.36,121101.05
2023-01-31T08:00:00Z,1579.36,1583.07,1565.18,1570.45,101009.6
2023-01-31T12:00:00Z,1570.45,1595.83,1570.45,1588.37,199967.68
2023-01-31T16:00:00Z,1588.37,1605.37,1586.37,1597.33,138968.25
2023-01-31T20:00:00Z,1597.33,1600.63,1563.41,1585.12,251847.25
2023-02-01T00:00:00Z,1585.12,1592.57,1575.9,1584.05,150752.19
2023-02-01T04:00:00Z,1584.05,1585.38,1569.21,1575.06,135982.82
2023-02-01T08:00:00Z,1575.06,1583.51,1566.19,1580.53,120027.82
2023-02-01T12:00:00Z,1580.53,1589.36,1572.05,1575.76,187379.01
2023-02-01T16:00:00Z,1575.76,1627.61,1555.31,1617.96,553211.72
2023-02-01T20:00:00Z,1617.96,1649.18,1613.9,1642.09,272827.09
2023-02-02T00:00:00Z,1642.09,1699.39,1640,1672.27,269822.08
2023-02-02T04:00:00Z,1672.27,1677.59,1661.03,1665.64,143166.82
2023-02-02T08:00:00Z,1665.64,1675.75,1664.1,1672.7,108321.64
2023-02-02T12:00:00Z,1672.7,1691,1650.41,1678.89,299109.61
2023-02-02T16:00:00Z,1678.89,1718.6,1666.97,1675.43,315007.16
2023-02-02T20:00:00Z,1675.43,1686.95,1627.24,1643.49,254320.69
2023-02-03T00:00:00Z,1643.49,1650.65,1630.76,1642.02,186481.8
2023-02-03T04:00:00Z,1642.02,1647.37,1636,1637.79,149730.26
2023-02-03T08:00:00Z,1637.79,1650.52,1629.92,1648.8,139311.68
2023-02-03T12:00:00Z,1648.8,1673.63,1626.5,1662.9,465685.1
2023-02-03T16:00:00Z,1662.9,1675.37,1650.18,1652.68,204093.43
2023-02-03T20:00:00Z,1652.68,1671.64,1641.98,1663.37,121501.46
2023-02-04T00:00:00Z,1663.37,1665.8,1649.68,1654,128210.76
2023-02-04T04:00:00Z,1654,1659.9,1645.11,1657.86,123707.05
2023-02-04T08:00:00Z,1657.86,1662.37,1651.01,1661.29,117584.21
2023-02-04T12:00:00Z,1661.29,1695.55,1660.09,1680.88,241758.06
2023-02-04T16:00:00Z,1680.88,1686.25,1673.02,1676.43,160548.05
2023-02-05T00:00:00Z,1666.48,1670.84,1656.98,1660.7,129392.51
2023-02-05T04:00:00Z,1660.7,1670.82,1659.43,1667.67,139933.73
2023-02-05T08:00:00Z,1667.67,1673.49,1660.9,1662.14,136477.81
2023-02-05T12:00:00Z,1662.14,1664.28,1635,1644.35,261973.22
2023-02-05T16:00:00Z,1644.35,1647.37,1609.4,1618.67,297829.12
2023-02-05T20:00:00Z,1618.67,1639.31,1611.05,1628.75,179052.98
2023-02-06T00:00:00Z,1628.75,1642.09,1617.17,1626.23,148860.1
2023-02-06T04:00:00Z,1626.23,1634.85,1607.92,1634.37,166968.18
2023-02-06T08:00:00Z,1634.37,1637.44,1622.16,1634.42,129798.04
2023-02-06T12:00:00Z,1634.42,1649,1619.57,1647.99,191379.91
2023-02-06T16:00:00Z,1647.99,1658.74,1639.74,1647.73,177269.31
2023-02-06T20:00:00Z,1647.73,1648.7,1604.16,1613.68,182891.92
2023-02-07T00:00:00Z,1613.68,1634.48,1612.45,1632.48,132016.71
2023-02-07T04:00:00Z,1632.48,1636.93,1630.24,1631.33,124320.85
2023-02-07T08:00:00Z,1631.33,1647.32,1627.85,1640.33,168220.98
2023-02-07T12:00:00Z,1640.33,1644.19,1626.3,1630.63,164543.94
2023-02-07T16:00:00Z,1630.63,1678.95,1623.76,1656.67,387641.81
2023-02-07T20:00:00Z,1656.67,1677.41,1650.66,1671.06,174451.98
2023-02-08T00:00:00Z,1671.06,1698.93,1668.04,1681.17,215350.06
2023-02-08T04:00:00Z,1681.17,1683,1672.43,1677.81,128584.6
2023-02-08T08:00:00Z,1677.81,1678.12,1669,1674.76,160343.64
2023-02-08T12:00:00Z,1674.76,1683.31,1652.48,1654.17,221117.1
2023-02-08T16:00:00Z,1654.17,1660.04,1630.68,1647.69,278933.94
2023-02-08T20:00:00Z,1647.69,1655.65,1637.76,1650.05,145901.57
2023-02-09T00:00:00Z,1650.05,1656.07,1609.05,1618.82,298093.77
2023-02-09T04:00:00Z,1618.82,1636.27,1610.53,1629.63,148052.29
2023-02-09T08:00:00Z,1629.63,1639.08,1629.63,1632.49,150873.64
2023-02-09T12:00:00Z,1632.49,1648.76,1625,1631.84,201121.76
2023-02-09T16:00:00Z,1631.84,1633.27,1556.58,1579.04,433846.73
2023-02-09T20:00:00Z,1579.04,1581.44,1522.4,1544.61,451218.69
2023-02-10T00:00:00Z,1544.61,1553.85,1541.41,1542.86,118738.06
2023-02-10T04:00:00Z,1542.86,1551.79,1529.35,1550.54,199336.29
2023-02-10T08:00:00Z,1550.54,1553.47,1533.42,1536.57,142830.93
2023-02-10T12:00:00Z,1536.57,1547.33,1504,1521.93,273383.12
2023-02-10T16:00:00Z,1521.93,1538.36,1514.57,1533.72,212683.3
2023-02-10T20:00:00Z,1533.72,1534.83,1488.7,1512.11,263226.99
2023-02-11T00:00:00Z,1512.11,1522.61,1506.94,1519.29,124433.89
2023-02-11T04:00:00Z,1519.29,1522.22,1513.97,1519.56,109236.63
2023-02-11T08:00:00Z,1519.56,1524.99,1515.29,1519.05,158580.19
2023-02-11T12:00:00Z,1519.05,1526,1514.11,1521.66,180053.68
2023-02-11T16:00:00Z,1521.66,1521.98,1503.69,1517.53,133287.5
2023-02-11T20:00:00Z,1517.53,1542.13,1515.52,1537.47,174883.28
2023-02-12T00:00:00Z,1537.47,1538.26,1529.55,1530.33,104921.55
2023-02-12T04:00:00Z,1530.33,1533.3,1528.31,1529.64,110837.44
2023-02-12T08:00:00Z,1529.64,1538.7,1529.64,1532.5,125400.79
2023-02-12T12:00:00Z,1532.5,1540.07,1520.31,1534.9,171407.06
2023-02-12T16:00:00Z,1534.9,1546.82,1533.32,1538.17,176315.5
2023-02-12T20:00:00Z,1538.17,1540.85,1491.68,1514.44,280787.67
2023-02-13T00:00:00Z,1514.44,1523.96,1496,1515.49,218974.01
2023-02-13T04:00:00Z,1515.49,1524.95,1514.84,1521.44,129335.11
2023-02-13T08:00:00Z,1521.44,1521.7,1465.3,1485,424065.25
2023-02-13T12:00:00Z,1485,1491.13,1475.06,1475.35,199614.99
2023-02-13T16:00:00Z,1475.35,1493.11,1461,1490.03,272655.58
2023-02-13T20:00:00Z,1490.03,1509.42,1481.49,1504.42,169505.63
2023-02-14T00:00:00Z,1504.42,1507.5,1493.14,1497.42,121182.98
2023-02-14T04:00:00Z,1497.42,1506.94,1496.09,1505.05,135659.22
2023-02-14T08:00:00Z,1505.05,1518.99,1496.64,1506.57,189998.23
2023-02-14T12:00:00Z,1506.57,1568.07,1483.72,1544.29,872616.11
2023-02-14T16:00:00Z,1544.29,1563.91,1533.5,1559.66,266850.46
2023-02-14T20:00:00Z,1559.66,1563.29,1548.64,1554.93,144792.25
2023-02-15T00:00:00Z,1554.93,1556.78,1542,1548.29,106501.92
2023-02-15T04:00:00Z,1548.29,1551.34,1543.81,1546.79,118533.25
2023-02-15T08:00:00Z,1546.79,1577.49,1544.29,1571.96,207484.39
2023-02-15T12:00:00Z,1571.96,1592.46,1566.54,1579.02,342053.29
2023-02-15T16:00:00Z,1579.02,1630.34,1573.3,1628.89,326076.36
2023-02-15T20:00:00Z,1628.89,1683.8,1624.22,1675.32,444784.59
2023-02-16T00:00:00Z,1675.32,1715,1673,1691.98,264950.83
2023-02-16T04:00:00Z,1691.98,1698.2,1676.29,1683.28,196326.11
2023-02-16T08:00:00Z,1683.28,1694.17,1679.76,1684.19,136451.05
2023-02-16T12:00:00Z,1684.19,1729.69,1666.61,1725.37,383482.65
2023-02-16T16:00:00Z,1725.37,1744.48,1688.52,1711.77,446015.35
2023-02-16T20:00:00Z,1711.77,1711.82,1634.95,1638.97,461678.31
2023-02-17T00:00:00Z,1638.97,1670.86,1632,1664.51,139238.01
2023-02-17T04:00:00Z,1664.51,1666,1652.35,1654.21,147952.15
2023-02-17T08:00:00Z,1654.21,1674.63,1649.28,1666.75,175663.25
2023-02-17T12:00:00Z,1666.75,1683,1647,1673.59,324148.62
2023-02-17T16:00:00Z,1673.59,1710.26,1662.65,1706.93,323564.72
2023-02-17T20:00:00Z,1706.93,1722.92,1670.67,1694.44,243483.51
2023-02-18T00:00:00Z,1694.44,1704.99,1692.99,1700.01,146471.34
2023-02-18T04:00:00Z,1700.01,1704.39,1687.5,1691.46,141703.63
2023-02-18T08:00:00Z,1691.46,1696.25,1686.68,1692.23,138306.83
2023-02-18T12:00:00Z,1692.23,1700,1687.61,1695.86,141579.96
2023-02-18T16:00:00Z,1695.86,1714.52,1683.01,1688.33,212723.08
2023-02-18T20:00:00Z,1688.33,1694.17,1680.06,1692.15,119873.73
2023-02-19T00:00:00Z,1692.15,1701,1690.07,1695.85,121628.01
2023-02-19T04:00:00Z,1695.85,1710.45,1693.16,1693.9,154689.78
2023-02-19T08:00:00Z,1693.9,1701.33,1691.59,1695.92,120052.95
2023-02-19T12:00:00Z,1695.92,1723.98,1695.2,1712.3,215210.77
2023-02-19T16:00:00Z,1712.3,1727.26,1676.53,1685.48,339523.75
2023-02-19T20:00:00Z,1685.48,1689.64,1667.1,1681.08,206832.53
2023-02-20T00:00:00Z,1681.08,1687.59,1651.49,1684.82,221723.31
2023-02-20T04:00:00Z,1684.82,1698.43,1684.17,1696.08,193401.53
2023-02-20T08:00:00Z,1696.08,1720.3,1689.11,1714.1,229448.13
2023-02-20T12:00:00Z,1714.1,1716.51,1697.96,1707.91,195749.86
2023-02-20T16:00:00Z,1707.91,1710.35,1684.33,1709.39,217439.55
2023-02-20T20:00:00Z,1709.39,1711.73,1691.57,1703.16,148218.94
2023-02-21T00:00:00Z,1703.16,1716.32,1697.53,1702.77,158840.4
2023-02-21T04:00:00Z,1702.77,1709,1694.76,1703.72,121847.68
2023-02-21T08:00:00Z,1703.72,1714,1665.49,1669,323433.94
2023-02-21T12:00:00Z,1669,1684,1658.4,1671.7,203376.57
2023-02-21T16:00:00Z,1671.7,1686.29,1655.05,1671.52,258283.06
2023-02-21T20:00:00Z,1671.52,1673.86,1634.82,1658.68,266024.89
2023-02-22T00:00:00Z,1658.68,1666,1621,1648.67,248937.42
2023-02-22T04:00:00Z,1648.67,1649.1,1631.26,1643.45,158313.35
2023-02-22T08:00:00Z,1643.45,1645.32,1624.98,1643.75,175640.98
2023-02-22T12:00:00Z,1643.75,1649.33,1604.29,1613.64,350220.18
2023-02-22T16:00:00Z,1613.64,1629.36,1595.07,1615.28,334983.9
2023-02-22T20:00:00Z,1615.28,1644.39,1609.71,1642.27,188790.56
2023-02-23T00:00:00Z,1642.27,1678.05,1636.32,1666.63,272372.3
2023-02-23T04:00:00Z,1666.63,1670.67,1658.11,1665.86,133520.51
2023-02-23T08:00:00Z,1665.86,1672.22,1630.71,1636.86,260590.43
2023-02-23T12:00:00Z,1636.86,1670.99,1628.19,1655.49,304414.46
2023-02-23T16:00:00Z,1655.49,1660.82,1634.75,1652.3,230304.36
2023-02-23T20:00:00Z,1652.3,1657.73,1638.13,1649.68,121902.42
2023-02-24T00:00:00Z,1649.68,1663.53,1645.52,1648.36,121299.59
2023-02-24T04:00:00Z,1648.36,1655.38,1640.68,1651.01,143950.09
2023-02-24T08:00:00Z,1651.01,1656.88,1642.5,1646.75,130659.54
2023-02-24T12:00:00Z,1646.75,1653.7,1599.51,1603.02,328450.8
2023-02-24T16:00:00Z,1603.02,1610.97,1574.03,1610.27,314842.87
2023-02-24T20:00:00Z,1610.27,1622.22,1593.18,1606.98,192640.38
2023-02-25T00:00:00Z,1606.98,1608.1,1595,1597.85,153339.63
2023-02-25T04:00:00Z,1597.85,1603.4,1593.54,1603.07,113353.74
2023-02-25T08:00:00Z,1603.07,1606.44,1595.74,1599.85,123336.78
2023-02-25T12:00:00Z,1599.85,1603.52,1592.47,1596.6,108822.03
2023-02-25T16:00:00Z,1596.6,1600.72,1575.25,1584.01,179537.64
2023-02-25T20:00:00Z,1584.01,1596.84,1556.1,1593.79,209315.27
2023-02-26T00:00:00Z,1593.79,1605.73,1587.27,1601.95,132715.13
2023-02-26T04:00:00Z,1601.95,1602.56,1595.37,1599.24,120068.86
2023-02-26T08:00:00Z,1599.24,1606.23,1596.5,1603.33,101378.82
2023-02-26T12:00:00Z,1603.33,1614.77,1594.18,1604.42,173975.33
2023-02-26T16:00:00Z,1604.42,1637.03,1597.71,1633.36,197855.37
2023-02-26T20:00:00Z,1633.36,1651.56,1623,1641.49,182284.47
2023-02-27T00:00:00Z,1641.49,1650,1632.31,1640.4,129910.27
2023-02-27T04:00:00Z,1640.4,1640.71,1631.56,1636.28,124292.67
2023-02-27T08:00:00Z,1636.28,1643.57,1632.5,1641.12,125687.45
2023-02-27T12:00:00Z,1641.12,1665.15,1636.54,1644.42,255000.84
2023-02-27T16:00:00Z,1644.42,1646.76,1615.58,1621.35,218517.47
2023-02-27T20:00:00Z,1621.35,1635.48,1606.84,1632.56,156870.82
2023-02-28T00:00:00Z,1632.56,1634.99,1626.15,1631.81,117927.13
2023-02-28T04:00:00Z,1631.81,1631.81,1617.64,1618.44,155880.61
2023-02-28T08:00:00Z,1618.44,1630.84,1615.68,1628.75,147254.87
2023-02-28T12:00:00Z,1628.75,1647.13,1628.42,1641.01,187970.28
2023-02-28T16:00:00Z,1641.01,1646.27,1622,1627.01,151837.36
2023-02-28T20:00:00Z,1627.01,1632.55,1595.62,1604.5,215642.63
2023-03-01T00:00:00Z,1604.5,1639.54,1594.18,1637.44,204833.49
2023-03-01T04:00:00Z,1637.44,1661.9,1634.85,1651.01,223190.37
2023-03-01T08:00:00Z,1651.01,1669.4,1649.36,1656.44,156541.23
2023-03-01T12:00:00Z,1656.44,1670.03,1646.49,1657.67,197455.17
2023-03-01T16:00:00Z,1657.67,1660.41,1631.38,1635.23,201556.22
2023-03-01T20:00:00Z,1635.23,1666.26,1631.81,1665.03,165550.44
2023-03-02T00:00:00Z,1665.03,1677.93,1644.38,1648.55,208136.8
2023-03-02T04:00:00Z,1648.55,1651.66,1638.57,1643.76,130666.9
2023-03-02T08:00:00Z,1643.76,1647.97,1637.1,1643.69,137501.62
2023-03-02T12:00:00Z,1643.69,1644.54,1618.41,1627.42,216974.12
2023-03-02T16:00:00Z,1627.42,1650.99,1620.84,1647.03,183845.17
2023-03-02T20:00:00Z,1647.03,1657,1639.4,1647.25,157933.57
2023-03-03T00:00:00Z,1647.25,1648.2,1534,1564.57,571924.97
2023-03-03T04:00:00Z,1564.57,1575.36,1561.8,1567.08,156777.87
2023-03-03T08:00:00Z,1567.08,1573.68,1563.32,1564.09,117526.8
2023-03-03T12:00:00Z,1564.09,1579.53,1559.34,1566.5,162255.07
2023-03-03T16:00:00Z,1566.5,1573.89,1549.71,1564.99,183718.08
2023-03-03T20:00:00Z,1564.99,1570.26,1546.25,1568.55,158451.04
2023-03-04T00:00:00Z,1568.55,1576.18,1567.41,1569.8,117934.29
2023-03-04T04:00:00Z,1569.8,1571.79,1561.85,1567.64,123571.25
2023-03-04T08:00:00Z,1567.64,1570,1565.6,1568.19,110583.89
2023-03-04T12:00:00Z,1568.19,1571,1560.76,1561.14,146587.7
2023-03-04T16:00:00Z,1561.14,1565.54,1556.06,1558.62,126446.38
2023-03-04T20:00:00Z,1558.62,1567.88,1548.22,1565.65,140621.09
2023-03-05T00:00:00Z,1565.65,1588,1551.95,1566.58,240414.46
2023-03-05T04:00:00Z,1566.58,1572.25,1566.5,1567.45,108211.89
2023-03-05T08:00:00Z,1567.45,1571.85,1563.67,1567.81,100774.09
2023-03-05T12:00:00Z,1567.81,1572.99,1567.17,1568.3,126321.27
2023-03-05T16:00:00Z,1568.3,1570.93,1561.82,1565.09,116458.21
2023-03-05T20:00:00Z,1565.09,1577.91,1555.43,1563.64,194923.76
2023-03-06T00:00:00Z,1563.64,1572.14,1555.84,1561.37,163082.72
2023-03-06T04:00:00Z,1561.37,1564.09,1553.87,1560.02,106248.79
2023-03-06T08:00:00Z,1560.02,1567.23,1556.7,1562.69,85557.49
2023-03-06T12:00:00Z,1562.69,1582.19,1560.86,1576.59,174172.95
2023-03-06T16:00:00Z,1576.59,1579.42,1561.71,1565.26,162235.43
2023-03-06T20:00:00Z,1565.26,1570.68,1558.5,1565.05,146289.14
2023-03-07T00:00:00Z,1565.05,1583.28,1560.66,1573.69,183686.18
2023-03-07T04:00:00Z,1573.69,1575.28,1569.52,1569.55,132379.96
2023-03-07T08:00:00Z,1569.55,1570.32,1561.54,1562.43,136559.45
2023-03-07T12:00:00Z,1562.43,1572.6,1535.43,1559.74,357495.14
2023-03-07T16:00:00Z,1559.74,1564.51,1547.33,1550.78,210828.51
2023-03-07T20:00:00Z,1550.78,1562.88,1542.64,1561,161424.32
2023-03-08T00:00:00Z,1561,1569.95,1557.25,1561.54,132531.99
2023-03-08T04:00:00Z,1561.54,1562.7,1547.41,1550.55,149547.09
2023-03-08T08:00:00Z,1550.55,1560.91,1549.13,1556.36,112157.87
2023-03-08T12:00:00Z,1556.36,1564.66,1540.65,1559.06,299358.03
2023-03-08T16:00:00Z,1559.06,1564,1547.81,1551.72,142360.55
2023-03-08T20:00:00Z,1551.72,1560.61,1520.78,1532.65,228710.92
2023-03-09T00:00:00Z,1532.65,1544.1,1530.78,1540.75,129311.17
2023-03-09T04:00:00Z,1540.75,1540.78,1535.44,1536.35,125503.68
2023-03-09T08:00:00Z,1536.35,1538.47,1524.92,1534.78,175664.56
2023-03-09T12:00:00Z,1534.78,1545.54,1526.58,1533.14,187392.73
2023-03-09T16:00:00Z,1533.14,1537.05,1480,1487.61,400069.07
2023-03-09T20:00:00Z,1487.61,1489.14,1406.06,1436.63,653437.33
2023-03-10T00:00:00Z,1436.63,1436.83,1409.24,1426.21,242999.19
2023-03-10T08:00:00Z,1411.12,1412.2,1367.76,1384,291540.53
2023-03-10T12:00:00Z,1384,1433.74,1381.79,1416.63,603130.47
2023-03-10T16:00:00Z,1416.63,1438.51,1400.69,1423.43,288561.48
2023-03-10T20:00:00Z,1423.43,1433.7,1406.55,1426.52,204145.97
2023-03-11T00:00:00Z,1426.52,1475.97,1425,1459.31,366931.8
2023-03-11T04:00:00Z,1459.31,1466.2,1414.31,1416.87,262533.15
2023-03-11T08:00:00Z,1416.87,1451.1,1408.51,1427.56,265045.83
2023-03-11T12:00:00Z,1427.56,1436.74,1426.24,1429.22,149716.3
2023-03-11T16:00:00Z,1429.22,1457.1,1422.45,1449.49,274649.65
2023-03-11T20:00:00Z,1449.49,1478.48,1449.49,1471.67,213666.53
2023-03-12T00:00:00Z,1471.67,1473.32,1453.43,1466.34,169025.14
2023-03-12T04:00:00Z,1466.34,1471.16,1454.16,1459.78,134488.01
2023-03-12T08:00:00Z,1459.78,1467.49,1458.42,1465.43,152565.35
2023-03-12T12:00:00Z,1465.43,1466.1,1449.43,1456.39,200656.57
2023-03-12T16:00:00Z,1456.39,1548.5,1454.27,1512.7,625135.29
2023-03-12T20:00:00Z,1512.7,1597.6,1511.45,1579.57,367629.62
2023-03-13T00:00:00Z,1579.57,1622.37,1572.91,1588.36,362206.17
2023-03-13T04:00:00Z,1588.36,1615.67,1588.16,1606.67,260297.95
2023-03-13T08:00:00Z,1606.67,1608.14,1565.52,1581.51,271098.73
2023-03-13T12:00:00Z,1581.51,1698.69,1572.58,1666.61,762127.71
2023-03-13T16:00:00Z,1666.61,1686.23,1649.04,1678.87,211057.53
2023-03-13T20:00:00Z,1678.87,1682.45,1661.5,1674.27,192589.32
2023-03-14T00:00:00Z,1674.27,1684.07,1663.74,1676.9,152248.56
2023-03-14T04:00:00Z,1676.9,1695.31,1659.49,1667.13,162756.62
2023-03-14T08:00:00Z,1667.13,1689.98,1655.69,1683.68,163785.78
2023-03-14T12:00:00Z,1683.68,1779.43,1672.11,1770.83,696571.48
2023-03-14T16:00:00Z,1770.83,1776.31,1690.38,1721.95,321304.48
2023-03-14T20:00:00Z,1721.95,1728.89,1662.3,1700.35,309328.73
2023-03-15T00:00:00Z,1700.35,1717.82,1682.42,1703.19,173399.77
2023-03-15T04:00:00Z,1703.19,1709.2,1694.07,1705.85,105650.82
2023-03-15T08:00:00Z,1705.85,1705.92,1650.63,1679.49,201855.34
2023-03-15T12:00:00Z,1679.49,1698.11,1626,1633.85,451332.74
2023-03-15T16:00:00Z,1633.85,1654.43,1611.51,1647.41,293285.47
2023-03-15T20:00:00Z,1647.41,1664.29,1637.69,1649,160940.77
2023-03-16T00:00:00Z,1649,1658.87,1632,1645.5,161881.27
2023-03-16T04:00:00Z,1645.5,1658.88,1636.38,1655,147504.19
2023-03-16T08:00:00Z,1655,1669,1638.94,1659.45,162308.76
2023-03-16T12:00:00Z,1659.45,1665.28,1635.34,1661.56,219739.17
2023-03-16T16:00:00Z,1661.56,1691.93,1651.6,1678.76,207790.58
2023-03-16T20:00:00Z,1678.76,1681.35,1652,1672.39,185058.61
2023-03-17T00:00:00Z,1672.39,1724.21,1661.64,1707.75,251275.54
2023-03-17T04:00:00Z,1707.75,1730.44,1695.95,1715.36,176956.19
2023-03-17T08:00:00Z,1715.36,1763.05,1710.41,1760.42,242751.68
2023-03-17T12:00:00Z,1760.42,1761.38,1703,1716.61,257071.35
2023-03-17T16:00:00Z,1716.61,1743.63,1709.17,1742.86,144508.09
2023-03-17T20:00:00Z,1742.86,1800.61,1731.38,1789.29,263605.85
2023-03-18T00:00:00Z,1789.29,1832.14,1767.01,1810.45,261897.15
2023-03-18T04:00:00Z,1810.45,1821.66,1801.84,1814.07,121083.23
2023-03-18T08:00:00Z,1814.07,1817.15,1790.59,1812.63,142943.88
2023-03-18T12:00:00Z,1812.63,1842.89,1774.72,1785.68,234558.18
2023-03-18T16:00:00Z,1785.68,1802.35,1745.93,1789.18,323451.74
2023-03-18T20:00:00Z,1789.18,1800.52,1750.01,1757.88,200145.73
2023-03-19T00:00:00Z,1757.88,1785.54,1757.18,1781.75,168176.12
2023-03-19T04:00:00Z,1781.75,1785.99,1762,1774.17,135701.12
2023-03-19T08:00:00Z,1774.17,1787.57,1765.55,1784.03,156098.91
2023-03-19T12:00:00Z,1784.03,1813.15,1772.88,1793.57,222895.65
2023-03-19T16:00:00Z,1793.57,1841.72,1791.09,1821.44,270683.56
2023-03-19T20:00:00Z,1821.44,1827.89,1773.62,1780.08,230496.08
2023-03-20T00:00:00Z,1780.08,1785.14,1740.46,1750.43,218474.06
2023-03-20T04:00:00Z,1750.43,1793,1735.79,1791.11,187294.14
2023-03-20T08:00:00Z,1791.11,1803.12,1766.58,1778.64,237730.73
2023-03-20T12:00:00Z,1778.64,1781.81,1751.85,1762.22,241008.43
2023-03-20T16:00:00Z,1762.22,1768,1741.03,1753.04,196656.57
2023-03-20T20:00:00Z,1753.04,1761.03,1722.24,1731.42,193169.24
2023-03-21T00:00:00Z,1731.42,1756.27,1727.8,1745.98,162666.25
2023-03-21T04:00:00Z,1745.98,1753.57,1717.14,1729.03,195163.46
2023-03-21T08:00:00Z,1729.03,1766.66,1723.77,1760.31,183368.33
2023-03-21T12:00:00Z,1760.31,1836.12,1757.24,1812.48,401751.74
2023-03-21T16:00:00Z,1812.48,1826.44,1774.21,1791.08,290909.58
2023-03-21T20:00:00Z,1791.08,1805.47,1781.62,1800.97,169344.83
2023-03-22T00:00:00Z,1800.97,1807.25,1778.1,1799.56,163877.43
2023-03-22T04:00:00Z,1799.56,1807.56,1787.01,1792.24,165746.89
2023-03-22T08:00:00Z,1792.24,1793.56,1780.64,1785.61,146162.26
2023-03-22T12:00:00Z,1785.61,1819.01,1782.92,1805.7,183519.67
2023-03-22T16:00:00Z,1805.7,1809.73,1709.04,1715.94,641701.85
2023-03-22T20:00:00Z,1715.94,1736.97,1709,1733.34,171483.75
2023-03-23T00:00:00Z,1733.34,1743.77,1728.55,1735.7,155576.3
2023-03-23T04:00:00Z,1735.7,1752.33,1729.2,1749.66,153580.25
2023-03-23T08:00:00Z,1749.66,1757.98,1744.17,1753.85,143811.6
2023-03-23T12:00:00Z,1753.85,1857.93,1740.99,1837.76,410489.22
2023-03-23T16:00:00Z,1837.76,1841.53,1793.06,1820.32,238414.59
2023-03-23T20:00:00Z,1820.32,1820.76,1803.31,1813.38,165700.72
2023-03-24T00:00:00Z,1813.38,1818.09,1806.3,1811.77,124204.72
2023-03-24T04:00:00Z,1811.77,1817.36,1802.64,1814.86,169406.96
2023-03-24T08:00:00Z,1814.86,1816.11,1723.91,1745.15,249322.06
2023-03-24T12:00:00Z,1745.15,1783.63,1741.34,1765.48,243286.76
2023-03-24T16:00:00Z,1765.48,1768.67,1724.74,1762.37,205427.11
2023-03-24T20:00:00Z,1762.37,1762.82,1727.59,1748.19,175575.98
2023-03-25T00:00:00Z,1748.19,1761.39,1745.2,1754.75,134943.5
2023-03-25T04:00:00Z,1754.75,1757.25,1740.57,1745.86,163434.22
2023-03-25T08:00:00Z,1745.86,1749.29,1735,1744,147470.95
2023-03-25T12:00:00Z,1744,1762,1737.62,1753.55,155543.73
2023-03-25T16:00:00Z,1753.55,1756.45,1714.23,1716.01,183917.74
2023-03-25T20:00:00Z,1716.01,1742.34,1712.49,1740.9,139433.39
2023-03-26T00:00:00Z,1740.9,1755.57,1737.91,1748.07,112875.34
2023-03-26T04:00:00Z,1748.07,1754.05,1744.77,1751.06,110543.36
2023-03-26T08:00:00Z,1751.06,1787.87,1748.27,1777.62,240583.52
2023-03-26T12:00:00Z,1777.62,1800.54,1752.29,1762.77,251523.88
2023-03-26T16:00:00Z,1762.77,1770.81,1754.03,1765.05,124550.59
2023-03-26T20:00:00Z,1765.05,1781.38,1753.85,1772.81,151678.46
2023-03-27T00:00:00Z,1772.81,1779.57,1758,1764.13,117680.01
2023-03-27T04:00:00Z,1764.13,1766.56,1745.29,1751.01,116526.16
2023-03-27T08:00:00Z,1751.01,1769.67,1748.47,1764.89,162283.92
2023-03-27T12:00:00Z,1764.89,1768.69,1684.66,1710.09,364447.39
2023-03-27T16:00:00Z,1710.09,1731.15,1700.12,1703.11,203199.56
2023-03-27T20:00:00Z,1703.11,1716.1,1695.03,1713.63,106144.76
2023-03-28T00:00:00Z,1713.63,1725.73,1700.3,1710.67,130826.91
2023-03-28T04:00:00Z,1710.67,1734.38,1708.73,1723.02,144700.08
2023-03-28T08:00:00Z,1723.02,1753.55,1708.95,1744.31,186509.44
2023-03-28T12:00:00Z,1744.31,1750.44,1729.38,1742.78,188537.68
2023-03-28T16:00:00Z,1742.78,1795.65,1726.51,1785.24,226641.28
2023-03-28T20:00:00Z,1785.24,1789.86,1761.43,1772.25,158837.12
2023-03-29T00:00:00Z,1772.25,1788.8,1772.11,1777.66,141878.36
2023-03-29T04:00:00Z,1777.66,1818.85,1777.63,1804.83,198867.11
2023-03-29T08:00:00Z,1804.83,1828.6,1799.47,1811.37,201888.65
2023-03-29T12:00:00Z,1811.37,1816.34,1792.27,1807.52,177065.55
2023-03-29T16:00:00Z,1807.52,1812.07,1791.75,1808.25,149947.07
2023-03-29T20:00:00Z,1808.25,1809.25,1782.35,1793.07,168614.11
2023-03-30T00:00:00Z,1793.07,1830,1766,1787.46,241118.17
2023-03-30T04:00:00Z,1787.46,1812.67,1785.27,1806.08,194001.49
2023-03-30T08:00:00Z,1806.08,1808.34,1793.16,1804.48,146818.36
2023-03-30T12:00:00Z,1804.48,1805.27,1783.98,1789.18,202354.68
2023-03-30T16:00:00Z,1789.18,1791.54,1762.78,1781,180732.57
2023-03-30T20:00:00Z,1781,1798.43,1778.92,1793.2,150373.6
2023-03-31T00:00:00Z,1793.2,1817.59,1789.39,1803.05,175131.03
2023-03-31T04:00:00Z,1803.05,1808.12,1779,1794.89,170561.72
2023-03-31T08:00:00Z,1794.89,1799.33,1786.71,1793.06,136394.17
2023-03-31T12:00:00Z,1793.06,1847.15,1790.51,1830.47,293732.67
2023-03-31T16:00:00Z,1830.47,1834.39,1818.67,1828.97,153782.28
2023-03-31T20:00:00Z,1828.97,1830,1814.62,1821.72,123420.77
2023-04-01T00:00:00Z,1821.72,1843.24,1819.61,1826.28,134048.03
2023-04-01T04:00:00Z,1826.28,1829.44,1812.5,1823.75,112413.45
2023-04-01T08:00:00Z,1823.75,1828.3,1821.18,1824,136553.41
2023-04-01T12:00:00Z,1824,1826.88,1814.28,1820.33,130887.79
2023-04-01T16:00:00Z,1820.33,1824,1807.77,1814.56,151285.39
2023-04-01T20:00:00Z,1814.56,1825.63,1814.46,1820.31,102519.75
2023-04-02T00:00:00Z,1820.31,1823.28,1809.53,1817.33,112585.26
2023-04-02T04:00:00Z,1817.33,1825,1813.64,1820.31,93966.17
2023-04-02T08:00:00Z,1820.31,1823.52,1815,1817.17,87874.23
2023-04-02T12:00:00Z,1817.17,1818.6,1788.59,1797.12,148724.31
2023-04-02T16:00:00Z,1797.12,1802.71,1770.64,1779.95,154562.71
2023-04-02T20:00:00Z,1779.95,1794.35,1776.01,1792.93,163251.1
2023-04-03T00:00:00Z,1792.93,1793.11,1761.8,1777.04,176360.52
2023-04-03T04:00:00Z,1777.04,1793.63,1771.38,1793.53,137548.39
2023-04-03T08:00:00Z,1793.53,1817.39,1793.5,1807.1,166385.76
2023-04-03T12:00:00Z,1807.1,1822,1788.45,1796.42,169759.98
2023-04-03T16:00:00Z,1796.42,1840.24,1791.2,1818.43,212695.96
2023-04-03T20:00:00Z,1818.43,1819.55,1768.7,1810.46,229921.31
2023-04-04T00:00:00Z,1810.46,1816.44,1801.51,1807.28,157136.59
2023-04-04T04:00:00Z,1807.28,1822.58,1802.83,1811.82,147830.89
2023-04-04T08:00:00Z,1811.82,1877.65,1810.92,1864.42,304417.57
2023-04-04T12:00:00Z,1864.42,1893.22,1851.81,1862.44,270991.36
2023-04-04T16:00:00Z,1862.44,1873.94,1857.09,1868.65,150429.28
2023-04-04T20:00:00Z,1868.65,1887,1859.1,1869.67,150022.12
2023-04-05T00:00:00Z,1869.67,1925.43,1864.23,1912.32,244257.57
2023-04-05T04:00:00Z,1912.32,1917.97,1907.22,1910.02,156280.09
2023-04-05T08:00:00Z,1910.02,1921.15,1903.61,1914.33,122327.22
2023-04-05T12:00:00Z,1914.33,1944.82,1883.82,1897.27,356851.97
2023-04-05T16:00:00Z,1897.27,1918.04,1888,1909.04,160484.09
2023-04-05T20:00:00Z,1909.04,1914.32,1903.02,1908.35,141147.75
2023-04-06T00:00:00Z,1908.35,1909.4,1886,1898.71,160763.08
2023-04-06T04:00:00Z,1898.71,1898.71,1876.51,1878.82,170271.68
2023-04-06T08:00:00Z,1878.82,1884.96,1852.43,1867.68,215993.32
2023-04-06T12:00:00Z,1867.68,1877.15,1853.54,1872.91,175969.79
2023-04-06T16:00:00Z,1872.91,1881.37,1864.83,1869.71,144323.84
2023-04-06T20:00:00Z,1869.71,1877.16,1858.27,1870.9,150234.86
2023-04-07T00:00:00Z,1870.9,1881.49,1865.29,1875.2,149668.66
2023-04-07T04:00:00Z,1875.2,1877.96,1839.81,1849.8,186054.49
2023-04-07T08:00:00Z,1849.8,1858.12,1842.23,1847.89,148424.57
2023-04-07T12:00:00Z,1847.89,1862,1841.12,1859.11,194636.92
2023-04-07T16:00:00Z,1859.11,1860.44,1849.97,1853.46,123883.4
2023-04-07T20:00:00Z,1853.46,1871.15,1850,1862.42,115112.52
2023-04-08T00:00:00Z,1862.42,1870.59,1853.61,1866.84,135405.39
2023-04-08T04:00:00Z,1866.84,1878.23,1862.87,1871.01,152577.57
2023-04-08T08:00:00Z,1871.01,1873.38,1864.43,1866.14,103979.62
2023-04-08T12:00:00Z,1866.14,1869.87,1860.59,1865.9,89532.52
2023-04-08T16:00:00Z,1865.9,1867.83,1846.23,1852.71,97871.67
2023-04-08T20:00:00Z,1852.71,1857.21,1845.78,1847.61,118785.58
2023-04-09T00:00:00Z,1847.61,1858.49,1845.93,1850.5,108464.85
2023-04-09T04:00:00Z,1850.5,1854.43,1821,1834.59,186754.33
2023-04-09T08:00:00Z,1834.59,1838.88,1828.2,1838.03,125849.89
2023-04-09T12:00:00Z,1838.03,1844.19,1824.86,1835.57,132626
2023-04-09T16:00:00Z,1835.57,1866.12,1834.71,1855.1,144616.77
2023-04-09T20:00:00Z,1855.1,1872.35,1851.27,1857.35,130981.93
2023-04-10T00:00:00Z,1857.35,1861.7,1845.35,1856.59,156658.35
2023-04-10T04:00:00Z,1856.59,1865,1852.5,1859.37,112138.81
2023-04-10T08:00:00Z,1859.37,1861.33,1854.43,1856.7,123881.64
2023-04-10T12:00:00Z,1856.7,1868.22,1846.21,1859.96,162050.29
2023-04-10T16:00:00Z,1859.96,1904.43,1856.5,1889.29,295281.43
2023-04-10T20:00:00Z,1889.29,1918.31,1878.24,1909.84,215670.27
2023-04-11T00:00:00Z,1909.84,1937.96,1907.66,1922.8,200688.9
2023-04-11T04:00:00Z,1922.8,1926.48,1909.07,1921.81,107462.4
2023-04-11T08:00:00Z,1921.81,1922.73,1911.95,1915.6,133857.06
2023-04-11T12:00:00Z,1915.6,1922.8,1904.37,1913.61,196033.53
2023-04-11T16:00:00Z,1913.61,1917.3,1891,1894.35,188660.55
2023-04-11T20:00:00Z,1894.35,1896.74,1882.21,1890.01,130864.79
2023-04-12T00:00:00Z,1890.01,1897.53,1852.67,1861.95,206220.12
2023-04-12T04:00:00Z,1861.95,1874.17,1859.47,1868.7,129287.43
2023-04-12T08:00:00Z,1868.7,1872.92,1862.44,1871.11,122156.31
2023-04-12T16:00:00Z,1912,1919.29,1893.5,1901.05,168262.98
2023-04-12T20:00:00Z,1901.05,1930.88,1900.02,1917.26,209409.58
2023-04-13T00:00:00Z,1917.26,1920.54,1899.58,1912.15,138924.42
2023-04-13T04:00:00Z,1912.15,1925.52,1907.9,1921.62,156836.42
2023-04-13T08:00:00Z,1921.62,1995.79,1919.6,1985.35,531028.36
2023-04-13T12:00:00Z,1985.35,2008.79,1985.32,1997.52,296490.05
2023-04-13T16:00:00Z,1997.52,2022.82,1991.86,2011.45,215905.08
2023-04-13T20:00:00Z,2011.45,2017.91,2001,2012.26,156096.19
2023-04-14T00:00:00Z,2012.26,2134.8,2009.26,2109.92,515992.95
2023-04-14T04:00:00Z,2109.92,2125,2103.56,2107.03,199210.21
2023-04-14T08:00:00Z,2107.03,2119.1,2102,2116.01,154885.3
2023-04-14T12:00:00Z,2116.01,2125,2051.15,2060.12,371816.55
2023-04-14T16:00:00Z,2060.12,2093.22,2043.68,2092.15,250284.38
2023-04-14T20:00:00Z,2092.15,2123.48,2086.3,2100.14,183441.9
2023-04-15T00:00:00Z,2100.14,2106.69,2072.18,2089.13,194662.64
2023-04-15T04:00:00Z,2089.13,2105.13,2082.3,2097.74,130223.98
2023-04-15T08:00:00Z,2097.74,2111.88,2093.1,2101.31,162717.27
2023-04-15T12:00:00Z,2101.31,2109.06,2093.76,2098.8,159171.64
2023-04-15T16:00:00Z,2098.8,2110.6,2083.6,2100.64,146011.14
2023-04-15T20:00:00Z,2100.64,2103.55,2082.11,2091.31,156456.56
2023-04-16T00:00:00Z,2091.31,2096.23,2073.07,2087.45,161622.11
2023-04-16T04:00:00Z,2087.45,2103.45,2086.95,2098.38,140268.92
2023-04-16T08:00:00Z,2098.38,2100.56,2083.88,2087.36,112785.29
2023-04-16T12:00:00Z,2087.36,2099.63,2076.99,2094.45,172397.95
2023-04-16T16:00:00Z,2094.45,2146.39,2089.14,2115.77,261981.6
2023-04-16T20:00:00Z,2115.77,2133.74,2097.53,2119.18,224022.5
2023-04-17T00:00:00Z,2119.18,2120.88,2072.99,2097.61,248420.79
2023-04-17T04:00:00Z,2097.61,2103.34,2089.37,2091.06,141518.74
2023-04-17T08:00:00Z,2091.06,2100,2067.05,2077.43,229633.66
2023-04-17T12:00:00Z,2077.43,2083.58,2057.21,2072.55,245865.4
2023-04-17T16:00:00Z,2072.55,2089.33,2071.47,2078.75,140535.84
2023-04-17T20:00:00Z,2078.75,2084.7,2067.8,2075.47,133720.05
2023-04-18T00:00:00Z,2075.47,2085.08,2051.76,2080.48,170739.6
2023-04-18T04:00:00Z,2080.48,2110.99,2078.67,2100.78,180249.11
2023-04-18T08:00:00Z,2100.78,2126.32,2095.09,2118.55,187365.63
2023-04-18T12:00:00Z,2118.55,2121.2,2088.96,2096.13,178133.36
2023-04-18T16:00:00Z,2096.13,2101.23,2070.85,2082.06,206209.45
2023-04-18T20:00:00Z,2082.06,2109.29,2075.37,2104.38,168332.03
2023-04-19T00:00:00Z,2104.38,2105.09,2087.6,2091.87,153364.8
2023-04-19T04:00:00Z,2091.87,2092.92,2065.21,2074.93,172148.26
2023-04-19T08:00:00Z,2074.93,2074.93,1952.2,1982.14,597900.47
2023-04-19T12:00:00Z,1982.14,2006.8,1971.17,1983.13,242858.36
2023-04-19T16:00:00Z,1983.13,1991.66,1964.12,1979.44,169946.05
2023-04-19T20:00:00Z,1979.44,1986.93,1920.82,1933.91,344182.73
2023-04-20T00:00:00Z,1933.91,1953.09,1922.72,1947.4,168915.43
2023-04-20T04:00:00Z,1947.4,1963.3,1945.93,1947.93,149695.46
2023-04-20T08:00:00Z,1947.93,1960.5,1936.28,1938.71,169739.38
2023-04-20T12:00:00Z,1938.71,1981.84,1935.09,1944.89,302276.48
2023-04-20T16:00:00Z,1944.89,1953.79,1913.38,1926.38,366771.56
2023-04-20T20:00:00Z,1926.38,1954.15,1922.36,1941.31,178098.62
2023-04-21T00:00:00Z,1941.31,1955.55,1933.16,1944.83,165303.77
2023-04-21T04:00:00Z,1944.83,1946.46,1896.08,1926.7,319967.35
2023-04-21T08:00:00Z,1926.7,1932.69,1901.39,1907.79,197007.32
2023-04-21T12:00:00Z,1907.79,1922.44,1889.2,1902.92,264597.75
2023-04-21T16:00:00Z,1902.92,1907.71,1829.44,1841.15,398591.19
2023-04-21T20:00:00Z,1841.15,1853.89,1822.78,1847.75,281293.27
2023-04-22T00:00:00Z,1847.75,1861.34,1845.2,1857.92,131732.38
2023-04-22T04:00:00Z,1857.92,1863.83,1846.95,1849.72,151197.12
2023-04-22T08:00:00Z,1849.72,1853.69,1841.33,1851,160483.05
2023-04-22T12:00:00Z,1851,1871,1845.5,1865.24,166733.71
2023-04-22T16:00:00Z,1865.24,1885.71,1864.47,1870.54,184063.28
2023-04-22T20:00:00Z,1870.54,1877.79,1862.35,1872.28,120576.95
2023-04-23T00:00:00Z,1872.28,1872.83,1845.45,1861.35,183060.7
2023-04-23T04:00:00Z,1861.35,1875.65,1858.55,1872.77,116889.25
2023-04-23T08:00:00Z,1872.77,1875.78,1861.75,1873.13,123983.58
2023-04-23T12:00:00Z,1873.13,1881.38,1852,1858.13,164792.53
2023-04-23T16:00:00Z,1858.13,1871.58,1835.45,1845.19,184686.23
2023-04-23T20:00:00Z,1845.19,1866.7,1836.5,1860.85,116969.02
2023-04-24T00:00:00Z,1860.85,1888.54,1849.21,1866.73,211722.78
2023-04-24T04:00:00Z,1866.73,1867,1825.49,1844.33,191218.7
2023-04-24T08:00:00Z,1844.33,1854,1830.55,1853.99,151939.25
2023-04-24T12:00:00Z,1853.99,1874.63,1830.61,1833.38,261510.4
2023-04-24T16:00:00Z,1833.38,1846.2,1805.46,1830.03,248843.37
2023-04-24T20:00:00Z,1830.03,1844.24,1826.2,1840.65,153510.02
2023-04-25T00:00:00Z,1840.65,1849.41,1825.59,1829.15,129793.58
2023-04-25T04:00:00Z,1829.15,1835.78,1811.39,1814.39,189014.62
2023-04-25T08:00:00Z,1814.39,1828.7,1804.45,1824.4,187708.27
2023-04-25T12:00:00Z,1824.4,1831.66,1800.06,1813.9,205671.23
2023-04-25T16:00:00Z,1813.9,1846.1,1811.41,1836.59,198316.16
2023-04-25T20:00:00Z,1836.59,1876.7,1835.52,1864.69,207160.92
2023-04-26T00:00:00Z,1864.69,1882.85,1860.41,1861.39,167103.98
2023-04-26T04:00:00Z,1861.39,1877.35,1857.41,1860.52,135999.46
2023-04-26T08:00:00Z,1860.52,1918.8,1860.25,1912.53,337164.66
2023-04-26T12:00:00Z,1912.53,1963.65,1912.53,1952.4,336231.56
2023-04-26T16:00:00Z,1952.4,1957.14,1816.18,1826.91,435940.13
2023-04-26T20:00:00Z,1826.91,1881.99,1781.92,1864.65,336789.8
2023-04-27T00:00:00Z,1864.65,1937.48,1859.6,1897.13,339548.88
2023-04-27T04:00:00Z,1897.13,1917.59,1871.08,1883.96,208666.83
2023-04-27T08:00:00Z,1883.96,1893.63,1873.53,1879.5,174363.96
2023-04-27T12:00:00Z,1879.5,1916.21,1859.78,1898.5,309648.47
2023-04-27T16:00:00Z,1898.5,1936.24,1889.43,1920.92,220853.63
2023-04-27T20:00:00Z,1920.92,1928.53,1892.47,1907.42,170067.62
2023-04-28T00:00:00Z,1907.42,1914,1901.13,1904.37,115986.96
2023-04-28T04:00:00Z,1904.37,1922.65,1903.49,1917.39,126553.3
2023-04-28T08:00:00Z,1917.39,1917.72,1896.74,1901.56,122079.86
2023-04-28T12:00:00Z,1901.56,1913.56,1873.64,1885.55,278093.71
2023-04-28T16:00:00Z,1885.55,1903.93,1882.1,1890.72,156347.56
2023-04-28T20:00:00Z,1890.72,1899.49,1885.15,1889.5,114147.46
2023-04-29T00:00:00Z,1889.5,1896.76,1884.78,1895.08,127475.12
2023-04-29T04:00:00Z,1895.08,1903.37,1895.07,1900.64,121396.02
2023-04-29T08:00:00Z,1900.64,1902.42,1892.12,1896.76,144335.46
2023-04-29T12:00:00Z,1896.76,1916.89,1895.05,1904.44,155295.92
2023-04-29T16:00:00Z,1904.44,1906.52,1882.11,1901.96,151783.38
2023-04-29T20:00:00Z,1901.96,1908.27,1896.03,1906.69,99669.33
2023-04-30T00:00:00Z,1906.69,1906.76,1891.5,1894.92,106196.78
2023-04-30T04:00:00Z,1894.92,1904,1892,1901.47,108652.11
2023-04-30T08:00:00Z,1901.47,1912.27,1897.98,1899.4,103964.83
2023-04-30T12:00:00Z,1899.4,1938.07,1896.42,1918.52,235007.99
2023-04-30T16:00:00Z,1918.52,1933.21,1892.42,1903.45,198560.21
2023-04-30T20:00:00Z,1903.45,1903.45,1864.56,1868.02,166852.68
2023-05-01T00:00:00Z,1868.02,1884.99,1822.34,1845.31,239452.43
2023-05-01T04:00:00Z,1845.31,1853.01,1832.51,1847.97,145896.56
2023-05-01T08:00:00Z,1847.97,1852.36,1839.72,1844.07,100291.87
2023-05-01T12:00:00Z,1844.07,1850.87,1825.5,1832.81,195457.13
2023-05-01T16:00:00Z,1832.81,1841.58,1807,1812.01,250849.12
2023-05-01T20:00:00Z,1812.01,1832.5,1805.45,1829.75,140634.26
2023-05-02T00:00:00Z,1829.75,1836.13,1821.45,1829.36,94729.62
2023-05-02T04:00:00Z,1829.36,1840.39,1823.51,1835.24,138273.24
2023-05-02T08:00:00Z,1835.24,1838.5,1825,1832.63,138485.29
2023-05-02T12:00:00Z,1832.63,1867.4,1823.45,1857.3,259414.17
2023-05-02T16:00:00Z,1857.3,1879.76,1851.96,1867.11,194509.36
2023-05-02T20:00:00Z,1867.11,1875.58,1866.14,1868.44,133071.14
2023-05-03T00:00:00Z,1868.44,1869.4,1852.43,1861.22,150765.29
2023-05-03T04:00:00Z,1861.22,1868.5,1856.32,1864.07,140229.63
2023-05-03T08:00:00Z,1864.07,1871.23,1857.41,1858.29,111386.81
2023-05-03T12:00:00Z,1858.29,1861.2,1841.67,1852.17,177875.52
2023-05-03T16:00:00Z,1852.17,1893.69,1849.92,1867.43,390814.66
2023-05-03T20:00:00Z,1867.43,1915.79,1856.91,1904.33,210601.59
2023-05-04T00:00:00Z,1904.33,1907.57,1895.38,1902.92,164268.74
2023-05-04T04:00:00Z,1902.92,1904.84,1896.09,1898.51,141130.06
2023-05-04T08:00:00Z,1898.51,1918.58,1896.58,1904.46,159620.2
2023-05-04T12:00:00Z,1904.46,1908.14,1876.57,1884.96,205269.23
2023-05-04T16:00:00Z,1884.96,1890.44,1865.4,1874.97,148224.66
2023-05-04T20:00:00Z,1874.97,1878.34,1868.54,1875.65,103556.79
2023-05-05T00:00:00Z,1875.65,1908.43,1874.63,1895.57,132918.54
2023-05-05T04:00:00Z,1895.57,1906.06,1891.53,1893.6,128245.56
2023-05-05T08:00:00Z,1893.6,1913.35,1893.16,1909.74,151627.84
2023-05-05T12:00:00Z,1909.74,1956.07,1888.25,1953.41,461502.12
2023-05-05T16:00:00Z,1953.41,2006.65,1953.41,1991.59,349588.16
2023-05-05T20:00:00Z,1991.59,1996.83,1984.57,1993.44,108948.2
2023-05-06T00:00:00Z,1993.44,2019.8,1963.75,1970.92,242975.92
2023-05-06T04:00:00Z,1970.92,1972.63,1956,1958.86,126890.87
2023-05-06T08:00:00Z,1958.86,1958.87,1921.5,1934.67,280263.33
2023-05-06T12:00:00Z,1934.67,1934.76,1853.42,1876.44,399151.45
2023-05-06T16:00:00Z,1876.44,1905.09,1874.79,1897.01,144292.56
2023-05-06T20:00:00Z,1897.01,1898.65,1882.28,1895.15,121628.42
2023-05-07T00:00:00Z,1895.15,1917.19,1885.92,1891.85,156311.26
2023-05-07T04:00:00Z,1891.85,1907.95,1889,1904.89,150321.47
2023-05-07T08:00:00Z,1904.89,1912,1895.22,1900.9,159581.17
2023-05-07T12:00:00Z,1900.9,1932.33,1900.9,1916.21,185376.77
2023-05-07T16:00:00Z,1916.21,1922.15,1902.63,1913.04,161988.42
2023-05-07T20:00:00Z,1913.04,1922,1866.99,1869.36,242388.47
2023-05-08T00:00:00Z,1869.36,1883.56,1838.36,1864.56,278070.08
2023-05-08T04:00:00Z,1864.56,1868.67,1836.99,1850.13,170483.05
2023-05-08T08:00:00Z,1850.13,1864.22,1833.59,1861.3,177931.85
2023-05-08T12:00:00Z,1861.3,1875.55,1846.27,1864,190807.55
2023-05-08T16:00:00Z,1864,1865.58,1809.95,1828.01,316151.32
2023-05-08T20:00:00Z,1828.01,1848.76,1825.51,1846.15,154871.14
2023-05-09T00:00:00Z,1846.15,1856.09,1836.25,1842.44,126847.12
2023-05-09T04:00:00Z,1842.44,1848.89,1830,1847.27,114763.22
2023-05-09T08:00:00Z,1847.27,1848,1833.48,1845.57,139309.08
2023-05-09T12:00:00Z,1845.57,1852.84,1833.24,1838.74,168226.84
2023-05-09T16:00:00Z,1838.74,1857.12,1834.84,1851.24,140146.56
2023-05-09T20:00:00Z,1851.24,1860.43,1840.21,1845.4,147881.58
2023-05-10T00:00:00Z,1845.4,1857.82,1841.15,1843.01,147296
2023-05-10T04:00:00Z,1843.01,1848,1832.87,1837.59,156466.77
2023-05-10T08:00:00Z,1837.59,1849.54,1833.38,1849.15,111686.39
2023-05-10T12:00:00Z,1849.15,1885.87,1845.47,1871.5,420625.33
2023-05-10T16:00:00Z,1871.5,1878.67,1785.35,1848.17,443747.08
2023-05-10T20:00:00Z,1848.17,1861.87,1824.99,1839.73,157621.84
2023-05-11T00:00:00Z,1839.73,1840.63,1820.56,1826.43,138059.68
2023-05-11T04:00:00Z,1826.43,1834.49,1823.8,1828.24,105484.14
2023-05-11T08:00:00Z,1828.24,1828.24,1806.09,1819.56,164971.63
2023-05-11T12:00:00Z,1819.56,1837.49,1783.73,1806.92,330739.05
2023-05-11T16:00:00Z,1806.92,1809.54,1770.38,1783.82,282497.61
2023-05-11T20:00:00Z,1783.82,1800,1781.45,1793.23,139895.36
2023-05-12T00:00:00Z,1793.23,1799.72,1756.71,1762.51,203936.88
2023-05-12T04:00:00Z,1762.51,1769.72,1735.81,1757.85,259929.77
2023-05-12T08:00:00Z,1757.85,1770.92,1753.89,1763.65,160415.21
2023-05-12T12:00:00Z,1763.65,1781.91,1759.67,1764.48,165828.3
2023-05-12T16:00:00Z,1764.48,1794.23,1741.29,1789.2,255380.87
2023-05-12T20:00:00Z,1789.2,1815.44,1780.2,1805.96,197018.02
2023-05-13T00:00:00Z,1805.96,1815.29,1799.87,1804.59,110150.48
2023-05-13T04:00:00Z,1804.59,1805.24,1795.66,1801.68,114538.12
2023-05-13T08:00:00Z,1801.68,1810.2,1800.12,1802.21,140019.21
2023-05-13T12:00:00Z,1802.21,1808.65,1784.46,1795.05,138558.73
2023-05-13T16:00:00Z,1795.05,1805.21,1784.47,1791.9,146567.63
2023-05-13T20:00:00Z,1791.9,1804,1791.56,1794.08,138103.64
2023-05-14T00:00:00Z,1794.08,1803.98,1789.35,1802.64,126318.7
2023-05-14T04:00:00Z,1802.64,1808.34,1799.52,1804.01,115949.58
2023-05-14T08:00:00Z,1804.01,1805.4,1798.7,1800.74,105687.22
2023-05-14T12:00:00Z,1800.74,1822.65,1796.36,1817.6,154654.75
2023-05-14T16:00:00Z,1817.6,1820.22,1790.65,1795,156662.62
2023-05-14T20:00:00Z,1795,1801.1,1790.1,1798.01,97971.09
2023-05-15T00:00:00Z,1798.01,1834,1783.06,1824.51,209596.06
2023-05-15T04:00:00Z,1824.51,1832.95,1817.1,1827.24,140707.24
2023-05-15T08:00:00Z,1827.24,1834.45,1822.29,1822.84,149551.65
2023-05-15T12:00:00Z,1822.84,1834.45,1810.73,1826.24,182520.91
2023-05-15T16:00:00Z,1826.24,1845.81,1822.24,1827,171825.1
2023-05-16T00:00:00Z,1815.1,1821.95,1795.18,1812.44,197757.08
2023-05-16T04:00:00Z,1812.44,1822.06,1805.26,1821.2,168260.48
2023-05-16T08:00:00Z,1821.2,1826.19,1811,1815.39,169196.59
2023-05-16T12:00:00Z,1815.39,1822.29,1808.56,1818.84,159708.51
2023-05-16T16:00:00Z,1818.84,1831.72,1812.68,1815.32,149513.96
2023-05-16T20:00:00Z,1815.32,1828.34,1813.49,1822.91,129458.59
2023-05-17T00:00:00Z,1822.91,1836.24,1816.63,1822.85,126255.33
2023-05-17T04:00:00Z,1822.85,1825.23,1801.54,1806.65,198705.13
2023-05-17T08:00:00Z,1806.65,1807.66,1786.77,1788.96,229697.94
2023-05-17T12:00:00Z,1788.96,1799,1781.87,1795.93,195037
2023-05-17T16:00:00Z,1795.93,1833,1793.58,1826.51,250523.15
2023-05-17T20:00:00Z,1826.51,1834.28,1817.84,1820.5,161345.56
2023-05-18T00:00:00Z,1820.5,1826.44,1816.88,1824.98,106790.73
2023-05-18T04:00:00Z,1824.98,1830.84,1813.55,1825.91,117032.29
2023-05-18T08:00:00Z,1825.91,1828.54,1822,1824.31,124156.01
2023-05-18T12:00:00Z,1824.31,1825.45,1803.85,1806.88,193180.95
2023-05-18T16:00:00Z,1806.88,1811.53,1770,1795.12,237102.23
2023-05-18T20:00:00Z,1795.12,1819.95,1792.1,1799.25,171911.3
2023-05-19T00:00:00Z,1799.25,1805.91,1795.68,1800.13,102859.72
2023-05-19T04:00:00Z,1800.13,1809,1797.98,1804.21,124242.28
2023-05-19T08:00:00Z,1804.21,1810.55,1804.1,1806.18,139684.18
2023-05-19T12:00:00Z,1806.18,1828.77,1798.75,1814.1,235098.04
2023-05-19T16:00:00Z,1814.1,1821.71,1805.27,1810.3,179612.71
2023-05-19T20:00:00Z,1810.3,1814.42,1808.28,1810.91,118213.03
2023-05-20T00:00:00Z,1810.91,1812.43,1805.88,1811.89,99614.98
2023-05-20T04:00:00Z,1811.89,1812.66,1807.57,1809.95,122225.05
2023-05-20T08:00:00Z,1809.95,1814.76,1809.95,1811.42,100393.12
2023-05-20T12:00:00Z,1811.42,1819.44,1811.11,1815.97,101531.07
2023-05-20T16:00:00Z,1815.97,1827.57,1812.11,1820.03,103168.21
2023-05-20T20:00:00Z,1820.03,1821.44,1810.65,1818.06,97463.48
2023-05-21T00:00:00Z,1818.06,1827.69,1815.22,1816.59,117023.23
2023-05-21T04:00:00Z,1816.59,1816.59,1812.45,1815.85,103047.03
2023-05-21T08:00:00Z,1815.85,1816.25,1805.48,1808.04,152762.01
2023-05-21T12:00:00Z,1808.04,1816.58,1801.45,1806.2,148016.89
2023-05-21T16:00:00Z,1806.2,1809.26,1800.95,1808.77,108698.24
2023-05-21T20:00:00Z,1808.77,1810.5,1796.02,1804.11,125659.96
2023-05-22T00:00:00Z,1804.11,1806.16,1790.91,1799.8,134431.86
2023-05-22T04:00:00Z,1799.8,1813.89,1799.63,1809.9,127893.72
2023-05-22T08:00:00Z,1809.9,1818.93,1809.73,1813.01,140285.74
2023-05-22T12:00:00Z,1813.01,1826.89,1807.07,1815.21,181182.09
2023-05-22T16:00:00Z,1815.21,1822,1812.1,1814.98,142326.64
2023-05-22T20:00:00Z,1814.98,1824.45,1811.66,1816.01,112396.91
2023-05-23T00:00:00Z,1816.01,1875.82,1814.08,1865.44,306749.16
2023-05-23T04:00:00Z,1865.44,1868.47,1846.54,1854.06,150003.13
2023-05-23T08:00:00Z,1854.06,1857.82,1849.39,1854.76,111188.67
2023-05-23T12:00:00Z,1854.76,1860.43,1842.04,1856.85,157931.67
2023-05-23T16:00:00Z,1856.85,1857.37,1841.79,1851.58,130591.06
2023-05-23T20:00:00Z,1851.58,1857.21,1846.26,1854.23,124668.99
2023-05-24T00:00:00Z,1854.23,1854.34,1811,1821.05,216618.25
2023-05-24T04:00:00Z,1821.05,1826.67,1812.95,1813.3,157604.56
2023-05-24T08:00:00Z,1813.3,1820.78,1810,1814.86,147687.24
2023-05-24T12:00:00Z,1814.86,1817.2,1774.63,1792.01,330944.73
2023-05-24T16:00:00Z,1792.01,1797,1782.93,1791.4,156919.81
2023-05-24T20:00:00Z,1791.4,1808,1790.49,1798.34,181646.44
2023-05-25T00:00:00Z,1798.34,1806.2,1758.13,1779.92,221423.51
2023-05-25T04:00:00Z,1779.92,1786.47,1772.28,1777.73,131349
2023-05-25T08:00:00Z,1777.73,1791.42,1777.56,1788.39,136700.73
2023-05-25T12:00:00Z,1788.39,1811.47,1785.21,1789.85,235079.37
2023-05-25T16:00:00Z,1789.85,1817.79,1789.74,1807.43,164956.93
2023-05-25T20:00:00Z,1807.43,1812.42,1804.19,1804.28,139481.2
2023-05-26T00:00:00Z,1804.28,1807.87,1795.45,1805.95,126266.46
2023-05-26T04:00:00Z,1805.95,1815.98,1800.65,1815.25,136269.37
2023-05-26T08:00:00Z,1815.25,1817.31,1810.14,1811.27,138730.1
2023-05-26T12:00:00Z,1811.27,1837.79,1807.6,1830.38,235601.54
2023-05-26T16:00:00Z,1830.38,1836.69,1821.84,1835.41,145256.62
2023-05-26T20:00:00Z,1835.41,1837.5,1825.85,1827.48,121160.3
2023-05-27T00:00:00Z,1827.48,1835.4,1824.49,1833.64,113985.47
2023-05-27T04:00:00Z,1833.64,1835.22,1828.19,1829.71,97820.18
2023-05-27T08:00:00Z,1829.71,1830.03,1822.38,1826.65,113871.68
2023-05-27T12:00:00Z,1826.65,1831.99,1811.73,1823.58,118478.49
2023-05-27T16:00:00Z,1823.58,1829.06,1817.07,1825.99,130693.62
2023-05-27T20:00:00Z,1825.99,1831.91,1824.29,1829.66,113370.34
2023-05-28T00:00:00Z,1829.66,1859.89,1823.08,1850.27,218052.49
2023-05-28T04:00:00Z,1850.27,1858.42,1844.97,1847.25,123381.32
2023-05-28T08:00:00Z,1847.25,1851.49,1842.79,1843.46,108327.35
2023-05-28T12:00:00Z,1843.46,1845.2,1837.06,1843.98,97973.05
2023-05-28T16:00:00Z,1843.98,1858.88,1838.97,1848.16,138395.32
2023-05-28T20:00:00Z,1848.16,1929,1848.16,1908.72,315249.72
2023-05-29T00:00:00Z,1908.72,1927.86,1901.33,1903.77,177885.12
2023-05-29T04:00:00Z,1903.77,1906.14,1893.81,1900.21,121402.75
2023-05-29T08:00:00Z,1900.21,1905.39,1893.63,1903.61,121636.02
2023-05-29T12:00:00Z,1903.61,1905.63,1885.74,1889.85,179508.62
2023-05-29T16:00:00Z,1889.85,1895.63,1874.04,1891.08,166071.84
2023-05-29T20:00:00Z,1891.08,1903.54,1885.8,1892.18,147659.32
2023-05-30T00:00:00Z,1892.18,1912.86,1880.71,1900.74,171794.81
2023-05-30T04:00:00Z,1900.74,1905,1892.62,1898.66,113517.45
2023-05-30T08:00:00Z,1898.66,1916.84,1898.41,1915.62,132316.3
2023-05-30T12:00:00Z,1915.62,1915.64,1893.94,1900.52,171409.96
2023-05-30T16:00:00Z,1900.52,1912.51,1891.22,1907.01,136890.79
2023-05-30T20:00:00Z,1907.01,1915.04,1897.63,1900.62,148874.45
2023-05-31T00:00:00Z,1900.62,1906.86,1884.45,1897.44,143761.43
2023-05-31T04:00:00Z,1897.44,1898,1858,1869.34,250888.66
2023-05-31T08:00:00Z,1869.34,1873.24,1862.06,1865.16,145606.79
2023-05-31T12:00:00Z,1865.16,1874.79,1845.92,1857.89,194104.8
2023-05-31T16:00:00Z,1857.89,1869.66,1854.26,1863.59,151166.12
2023-05-31T20:00:00Z,1863.59,1878,1861.18,1873.46,111939.9
2023-06-01T00:00:00Z,1873.46,1889.31,1839.22,1855.54,247424.9
2023-06-01T04:00:00Z,1855.54,1860.08,1851.17,1854.36,126038.41
2023-06-01T08:00:00Z,1854.36,1865.53,1852.2,1861.32,126857.72
2023-06-01T12:00:00Z,1861.32,1866.46,1855.91,1863.32,165289.53
2023-06-01T16:00:00Z,1863.32,1883.24,1856.37,1869.13,175352.73
2023-06-01T20:00:00Z,1869.13,1873.55,1852.47,1861.28,150443.32
2023-06-02T00:00:00Z,1861.28,1880.9,1847.34,1878.56,139310.9
2023-06-02T04:00:00Z,1878.56,1897,1875.36,1885.43,153332.74
2023-06-02T08:00:00Z,1885.43,1901.24,1885.43,1894.68,124910.81
2023-06-02T12:00:00Z,1894.68,1898.95,1875.86,1891.61,252858.51
2023-06-02T16:00:00Z,1891.61,1911.11,1886.68,1907.94,159151.38
2023-06-02T20:00:00Z,1907.94,1910.4,1902.49,1906.22,144745.44
2023-06-03T00:00:00Z,1906.22,1907.5,1897.18,1899.87,116068.97
2023-06-03T04:00:00Z,1899.87,1905.47,1897.5,1902.51,102487.63
2023-06-03T08:00:00Z,1902.51,1906.51,1899,1903.6,102377.33
2023-06-03T12:00:00Z,1903.6,1906.7,1890.5,1903.16,143242.19
2023-06-03T16:00:00Z,1903.16,1903.68,1882.06,1885.94,133890.17
2023-06-03T20:00:00Z,1885.94,1892.68,1882.06,1892.03,98723.97
2023-06-04T00:00:00Z,1892.03,1894.69,1884.37,1893.72,102825.06
2023-06-04T04:00:00Z,1893.72,1901.56,1890.64,1899.55,108749.28
2023-06-04T08:00:00Z,1899.55,1908.62,1898.21,1902.78,137744.24
2023-06-04T12:00:00Z,1902.78,1914.57,1899,1901.47,128816.92
2023-06-04T16:00:00Z,1901.47,1905.85,1896.26,1904.61,111591.19
2023-06-04T20:00:00Z,1904.61,1912.79,1885,1889.47,156451.86
2023-06-05T00:00:00Z,1889.47,1890.59,1866.84,1869.68,222170.03
2023-06-05T04:00:00Z,1869.68,1874.35,1862.4,1872.84,155750.77
2023-06-05T08:00:00Z,1872.84,1873.39,1862.4,1869.2,148744.63
2023-06-05T12:00:00Z,1869.2,1870.32,1819.5,1819.5,348620.26
2023-06-05T16:00:00Z,1819.5,1821.8,1777.04,1805.37,384700.18
2023-06-05T20:00:00Z,1805.37,1815.72,1792.02,1809.42,153051.03
2023-06-06T00:00:00Z,1809.42,1812.65,1801.24,1810.29,118896.77
2023-06-06T04:00:00Z,1810.29,1817.63,1809.55,1811.72,126140.97
2023-06-06T08:00:00Z,1811.72,1821.67,1807.32,1812.19,129563.99
2023-06-06T12:00:00Z,1812.19,1845.42,1795.77,1840.89,317310.46
2023-06-06T16:00:00Z,1840.89,1897.92,1840.89,1891.72,319657
2023-06-06T20:00:00Z,1891.72,1895.25,1873.68,1883.83,141376.65
2023-06-07T00:00:00Z,1883.83,1897.74,1871.55,1877.49,143815.98
2023-06-07T04:00:00Z,1877.49,1884,1874.55,1874.96,133328.31
2023-06-07T08:00:00Z,1874.96,1878.33,1842.02,1870.19,218063.11
2023-06-07T12:00:00Z,1870.19,1870.73,1834.36,1838.82,215498.75
2023-06-07T16:00:00Z,1838.82,1851.41,1832.14,1849.99,205009.29
2023-06-07T20:00:00Z,1849.99,1850.43,1819.44,1830.98,215838.91
2023-06-08T00:00:00Z,1830.98,1840.41,1827.26,1833.79,126080.15
2023-06-08T04:00:00Z,1833.79,1845.12,1831.31,1840.56,140503.79
2023-06-08T08:00:00Z,1840.56,1847.65,1836.8,1842.21,135018.55
2023-06-08T12:00:00Z,1842.21,1860.75,1836.13,1854.21,195219.52
2023-06-08T16:00:00Z,1854.21,1854.9,1839.87,1846.44,135981.01
2023-06-08T20:00:00Z,1846.44,1853.29,1843.4,1844.37,94564.35
2023-06-09T00:00:00Z,1844.37,1847.83,1825,1836.51,131925.82
2023-06-09T04:00:00Z,1836.51,1840.47,1829.97,1834.89,126392.97
2023-06-09T08:00:00Z,1834.89,1846.45,1832.98,1842.53,125274.15
2023-06-09T12:00:00Z,1842.53,1854.08,1838.5,1840.25,197334.33
2023-06-09T16:00:00Z,1840.25,1842.41,1828.85,1829.63,171655.56
2023-06-09T20:00:00Z,1829.63,1840.09,1827,1839.06,114712.66
2023-06-10T00:00:00Z,1839.06,1844.23,1820.82,1825.94,152702.49
2023-06-10T04:00:00Z,1825.94,1828.5,1722.8,1731.01,485588.82
2023-06-10T08:00:00Z,1731.01,1748.29,1713.74,1746.78,211247.75
2023-06-10T12:00:00Z,1746.78,1746.78,1731.76,1736.45,163841
2023-06-10T16:00:00Z,1736.45,1771.81,1716.9,1742.19,333122.1
2023-06-10T20:00:00Z,1742.19,1756.32,1737.07,1750.1,132436.57
2023-06-11T00:00:00Z,1750.1,1751.34,1742.29,1750.49,161498.7
2023-06-11T04:00:00Z,1750.49,1758.47,1742.62,1751.69,129707.7
2023-06-11T08:00:00Z,1751.69,1754.4,1743.78,1750.95,95740.29
2023-06-11T12:00:00Z,1750.95,1751.24,1737,1739.82,108859.46
2023-06-11T16:00:00Z,1739.82,1767.32,1738.83,1760.97,153408.44
2023-06-11T20:00:00Z,1760.97,1777.01,1739.87,1751.38,175162.27
2023-06-12T00:00:00Z,1751.38,1754.25,1718.72,1734.62,212020.32
2023-06-12T04:00:00Z,1734.62,1747.12,1731.54,1735.35,164372.53
2023-06-12T08:00:00Z,1735.35,1758.39,1733.06,1744.2,187555.32
2023-06-12T12:00:00Z,1744.2,1745.75,1727.12,1730.27,165473.65
2023-06-12T16:00:00Z,1730.27,1746.66,1718.76,1731.67,194249.9
2023-06-12T20:00:00Z,1731.67,1745.32,1728.99,1741.21,136885.44
2023-06-13T00:00:00Z,1741.21,1755.46,1726.9,1746.01,191431.03
2023-06-13T04:00:00Z,1746.01,1751.98,1739.71,1746.75,132582.06
2023-06-13T08:00:00Z,1746.75,1758.27,1745.17,1752.7,137933.69
2023-06-13T12:00:00Z,1752.7,1765.91,1723.02,1729.07,342520.34
2023-06-13T16:00:00Z,1729.07,1749.99,1728.03,1739.2,141579.72
2023-06-13T20:00:00Z,1739.2,1743.31,1732.18,1739.15,149463.37
2023-06-14T00:00:00Z,1739.15,1747.3,1737.1,1745.14,148683.33
2023-06-14T04:00:00Z,1745.14,1746,1735.63,1740.02,128934.3
2023-06-14T08:00:00Z,1740.02,1749.09,1739.6,1744.95,126898.09
2023-06-14T12:00:00Z,1744.95,1748.28,1735.9,1739.45,161340.41
2023-06-14T16:00:00Z,1739.45,1746.32,1719.35,1727.2,265412.06
2023-06-14T20:00:00Z,1727.2,1727.68,1625.68,1649.57,498334.56
2023-06-15T00:00:00Z,1649.57,1654.47,1642.04,1650.49,138139.57
2023-06-15T04:00:00Z,1650.49,1651.85,1630.56,1638.8,145135.06
2023-06-15T08:00:00Z,1638.8,1644.23,1626,1641.85,140290.27
2023-06-15T12:00:00Z,1641.85,1651.38,1634.8,1641.14,184001.56
2023-06-15T16:00:00Z,1641.14,1671.09,1632.7,1667.96,195916.93
2023-06-15T20:00:00Z,1667.96,1679.79,1653.38,1665.51,202103.09
2023-06-16T00:00:00Z,1665.51,1668.42,1658.32,1665.71,113710.45
2023-06-16T04:00:00Z,1665.71,1673.8,1665.18,1669.81,152862.26
2023-06-16T08:00:00Z,1669.81,1676.2,1662.3,1663.14,129569.5
2023-06-16T12:00:00Z,1663.14,1686.14,1648.2,1681.16,273502.49
2023-06-16T16:00:00Z,1681.16,1728.48,1676.27,1721.23,311097.4
2023-06-16T20:00:00Z,1721.23,1727.9,1714.41,1716.78,126030.86
2023-06-17T00:00:00Z,1716.78,1721.05,1713.04,1717.62,117379.65
2023-06-17T04:00:00Z,1717.62,1773.95,1716.25,1743.73,231758.66
2023-06-17T08:00:00Z,1743.73,1746.27,1732.97,1737.32,143934.16
2023-06-17T12:00:00Z,1737.32,1741.07,1716,1726.47,165811.37
2023-06-17T16:00:00Z,1726.47,1731.34,1720.24,1726.99,125700.37
2023-06-17T20:00:00Z,1726.99,1731.48,1721.5,1726.51,112248.98
2023-06-18T00:00:00Z,1726.51,1729,1719.14,1727.95,119505.56
2023-06-18T08:00:00Z,1728.96,1734.34,1725.15,1733.34,119041.62
2023-06-18T12:00:00Z,1733.34,1741.16,1729.05,1736.78,124425.3
2023-06-18T16:00:00Z,1736.78,1747,1734.91,1740.08,119769.39
2023-06-18T20:00:00Z,1740.08,1741.74,1711.05,1719.7,166443.3
2023-06-19T00:00:00Z,1719.7,1726.99,1713.1,1722.32,161528.74
2023-06-19T04:00:00Z,1722.32,1726.46,1718.77,1723.19,123968.98
2023-06-19T08:00:00Z,1723.19,1726,1718.79,1724.55,131404.37
2023-06-19T12:00:00Z,1724.55,1733.12,1714.48,1720.28,166274.05
2023-06-19T16:00:00Z,1720.28,1751.01,1697.8,1722.91,265412.31
2023-06-19T20:00:00Z,1722.91,1736.88,1721.33,1735.71,121418.5
2023-06-20T00:00:00Z,1735.71,1748.42,1729,1729.39,165520.04
2023-06-20T04:00:00Z,1729.39,1733.12,1722.3,1728.61,137967.8
2023-06-20T08:00:00Z,1728.61,1733.61,1722.42,1733.11,129102.93
2023-06-20T12:00:00Z,1733.11,1737.55,1713.21,1731.22,177983.68
2023-06-20T16:00:00Z,1731.22,1791.46,1727.13,1781.75,354290.19
2023-06-20T20:00:00Z,1781.75,1796.9,1773.77,1792.07,191326.94
2023-06-21T00:00:00Z,1792.07,1828.13,1787.2,1811.41,241280.65
2023-06-21T04:00:00Z,1811.41,1823.43,1807.84,1812.6,153188.2
2023-06-21T08:00:00Z,1812.6,1833.87,1807.11,1829.67,164509.72
2023-06-21T12:00:00Z,1829.67,1858.33,1814.43,1849.35,317542.32
2023-06-21T16:00:00Z,1849.35,1901.72,1846.25,1882.47,304848.64
2023-06-21T20:00:00Z,1882.47,1901.69,1872.01,1888.97,159753.57
2023-06-22T00:00:00Z,1888.97,1933.71,1883.61,1918.26,237014.91
2023-06-22T04:00:00Z,1918.26,1919.27,1902.89,1910.76,147796
2023-06-22T08:00:00Z,1910.76,1912.52,1881.55,1886.78,177075.46
2023-06-22T12:00:00Z,1886.78,1909.43,1866.04,1877.13,239960.9
2023-06-22T16:00:00Z,1877.13,1892.58,1875.21,1889.73,158510.89
2023-06-22T20:00:00Z,1889.73,1891.56,1866.65,1871.92,127782.25
2023-06-23T00:00:00Z,1871.92,1883.7,1862.57,1881.86,151603.23
2023-06-23T04:00:00Z,1881.86,1886.44,1874.63,1880.37,136738.46
2023-06-23T08:00:00Z,1880.37,1888.85,1874.11,1879.4,127684.54
2023-06-23T12:00:00Z,1879.4,1923.25,1861.33,1917.65,214041.42
2023-06-23T16:00:00Z,1917.65,1938.04,1885.94,1900.91,206804.12
2023-06-23T20:00:00Z,1900.91,1908.29,1875.64,1892.78,142723.71
2023-06-24T00:00:00Z,1892.78,1896.85,1877.63,1894.1,112194.25
2023-06-24T04:00:00Z,1894.1,1898.09,1881.79,1882.48,98309.81
2023-06-24T08:00:00Z,1882.48,1892.87,1881.96,1890.06,114335.81
2023-06-24T12:00:00Z,1890.06,1906.2,1868.03,1873.61,149054.34
2023-06-24T16:00:00Z,1873.61,1889.49,1866.58,1887.98,128713.3
2023-06-24T20:00:00Z,1887.98,1887.98,1864.15,1875.04,108313.26
2023-06-25T00:00:00Z,1875.04,1896.87,1868.59,1894.77,98508.6
2023-06-25T04:00:00Z,1894.77,1930.71,1894.77,1911.45,193257.62
2023-06-25T08:00:00Z,1911.45,1925.17,1907.36,1918.35,121341.9
2023-06-25T12:00:00Z,1918.35,1919.89,1880.92,1886,179897.44
2023-06-25T16:00:00Z,1886,1895.83,1881,1894.92,113714.39
2023-06-25T20:00:00Z,1894.92,1906.66,1888.35,1898.47,122679.64
2023-06-26T00:00:00Z,1898.47,1904.33,1864.24,1878.94,168463.38
2023-06-26T04:00:00Z,1878.94,1904.32,1869.12,1891.18,157850.75
2023-06-26T08:00:00Z,1891.18,1892.97,1871,1879.44,135277.2
2023-06-26T12:00:00Z,1879.44,1908.5,1869.59,1888.02,186273.24
2023-06-26T16:00:00Z,1888.02,1889.64,1835.44,1852.86,251375.8
2023-06-26T20:00:00Z,1852.86,1859.21,1845.65,1857.58,136744.69
2023-06-27T00:00:00Z,1857.58,1878.38,1853.58,1870.68,142241.74
2023-06-27T04:00:00Z,1870.68,1878.22,1860.87,1874.38,130400.27
2023-06-27T08:00:00Z,1874.38,1889.43,1870.13,1880.2,125358.87
2023-06-27T12:00:00Z,1880.2,1895.43,1863.16,1870.23,191452.38
2023-06-27T16:00:00Z,1870.23,1912.04,1868.33,1894.2,169839.76
2023-06-27T20:00:00Z,1894.2,1897.95,1885,1889.63,143397.99
2023-06-28T00:00:00Z,1889.63,1890.21,1853,1866.12,167840.39
2023-06-28T04:00:00Z,1866.12,1869.2,1846.89,1849.71,163395.15
2023-06-28T08:00:00Z,1849.71,1864.23,1848.94,1859.4,158606.9
2023-06-28T12:00:00Z,1859.4,1867.75,1843.56,1858.32,157161.99
2023-06-28T16:00:00Z,1858.32,1863.86,1814.47,1830.84,215634.97
2023-06-28T20:00:00Z,1830.84,1835.85,1823.44,1826.75,129876.39
2023-06-29T00:00:00Z,1826.75,1841.95,1826.47,1836.87,123105.45
2023-06-29T04:00:00Z,1836.87,1849.31,1835.56,1845.96,131606.11
2023-06-29T08:00:00Z,1845.96,1872.11,1845.36,1868.52,158757.98
2023-06-29T12:00:00Z,1868.52,1879.94,1845.49,1850.6,171178.2
2023-06-29T16:00:00Z,1850.6,1859.3,1839.9,1856.79,162544.95
2023-06-29T20:00:00Z,1856.79,1858.44,1841.29,1850.44,128080.96
2023-06-30T00:00:00Z,1850.44,1877.99,1839.96,1872.18,159766.04
2023-06-30T04:00:00Z,1872.18,1907.85,1868.16,1886.26,229706.58
2023-06-30T08:00:00Z,1886.26,1893.43,1882.05,1889.95,163482.34
2023-06-30T12:00:00Z,1889.95,1913.38,1822.91,1850.64,344050.55
2023-06-30T16:00:00Z,1850.64,1946.69,1847.49,1925.46,371179.32
2023-06-30T20:00:00Z,1925.46,1943.18,1917.07,1932.83,153761.51
2023-07-01T00:00:00Z,1932.83,1944.26,1917,1919.61,151939.72
2023-07-01T04:00:00Z,1919.61,1921.39,1908.12,1919.1,138153.89
2023-07-01T08:00:00Z,1919.1,1925.85,1910.16,1921.41,142974.72
2023-07-01T12:00:00Z,1921.41,1929,1916.61,1921.67,142342.15
2023-07-01T16:00:00Z,1921.67,1923.3,1915.64,1921.72,113027.86
2023-07-01T20:00:00Z,1921.72,1926.4,1919.55,1923.49,105273.35
2023-07-02T00:00:00Z,1923.49,1926.15,1910.33,1913.1,135514.84
2023-07-02T04:00:00Z,1913.1,1915.66,1908.89,1913.58,81630.19
2023-07-02T08:00:00Z,1913.58,1921.82,1910.44,1919.4,112779.55
2023-07-02T12:00:00Z,1919.4,1927.2,1884.5,1917.29,176428.76
2023-07-02T16:00:00Z,1917.29,1923.44,1900.61,1912.93,134254.73
2023-07-02T20:00:00Z,1912.93,1963,1910.05,1937.57,191486.68
2023-07-03T00:00:00Z,1937.57,1954.33,1933.47,1949.1,120774.05
2023-07-03T04:00:00Z,1949.1,1975.32,1941.85,1968,199901.09
2023-07-03T08:00:00Z,1968,1977.64,1955.13,1962.02,166346
2023-07-03T12:00:00Z,1962.02,1977.42,1954.64,1968.77,167146.03
2023-07-03T16:00:00Z,1968.77,1975.34,1953.22,1967.09,166192.16
2023-07-03T20:00:00Z,1967.09,1968.2,1947.48,1955.47,113737.22
2023-07-04T00:00:00Z,1955.47,1967.58,1950.67,1963.37,135487.29
2023-07-04T04:00:00Z,1963.37,1963.59,1946.14,1949.08,139037.94
2023-07-04T08:00:00Z,1949.08,1962.38,1946.62,1960.71,159082.38
2023-07-04T12:00:00Z,1960.71,1961.7,1950.57,1954.48,112055.58
2023-07-04T16:00:00Z,1954.48,1966.04,1931.17,1933.93,172104.98
2023-07-04T20:00:00Z,1933.93,1941.43,1931.48,1935.14,138831.26
2023-07-05T00:00:00Z,1935.14,1941.51,1932.48,1940.32,115121.1
2023-07-05T04:00:00Z,1940.32,1940.83,1931.56,1935.51,122439.73
2023-07-05T08:00:00Z,1935.51,1936.32,1903.07,1909.27,212968.02
2023-07-05T12:00:00Z,1909.27,1912.96,1893.06,1901.45,201258.85
2023-07-05T16:00:00Z,1901.45,1916.84,1899.88,1906.39,147955.3
2023-07-05T20:00:00Z,1906.39,1914.81,1902.72,1909.23,123300.12
2023-07-06T00:00:00Z,1909.23,1914.71,1896.98,1912.5,125832.48
2023-07-06T04:00:00Z,1912.5,1928.88,1908.29,1923.79,144922.22
2023-07-06T08:00:00Z,1923.79,1957.69,1910.08,1916.56,260881.28
2023-07-06T12:00:00Z,1916.56,1917.43,1863.44,1887.02,311266.88
2023-07-06T16:00:00Z,1887.02,1893.13,1877.43,1884.1,143304.31
2023-07-06T20:00:00Z,1884.1,1886.5,1844.24,1844.35,186504.84
2023-07-07T00:00:00Z,1844.35,1858.24,1823.77,1856.44,174867.22
2023-07-07T04:00:00Z,1856.44,1862.15,1850.31,1854.82,135224.76
2023-07-07T08:00:00Z,1854.82,1864.32,1852.21,1858.82,156721.67
2023-07-07T12:00:00Z,1858.82,1876.95,1849.77,1870.76,233865.55
2023-07-07T16:00:00Z,1870.76,1873.95,1854.84,1863.01,157655.59
2023-07-07T20:00:00Z,1863.01,1870.49,1861.83,1869.43,127680.46
2023-07-08T00:00:00Z,1869.43,1872.49,1861.24,1862.8,132779.18
2023-07-08T04:00:00Z,1862.8,1862.8,1853.93,1860.13,127836.84
2023-07-08T08:00:00Z,1860.13,1866.3,1855.77,1857.51,127548.89
2023-07-08T12:00:00Z,1857.51,1860.7,1854.37,1857.92,121854.36
2023-07-08T16:00:00Z,1857.92,1864.8,1842.22,1845.36,160213.73
2023-07-08T20:00:00Z,1845.36,1865.26,1840.79,1863.87,126523.29
2023-07-09T00:00:00Z,1863.87,1873.41,1861.67,1866.79,123574.76
2023-07-09T04:00:00Z,1866.79,1869.49,1862.5,1865.91,111873.92
2023-07-09T08:00:00Z,1865.91,1868.42,1863.17,1867.54,111159.8
2023-07-09T12:00:00Z,1867.54,1878.3,1854.91,1864.96,152404.46
2023-07-09T16:00:00Z,1864.96,1867.44,1860.72,1867.23,126995.8
2023-07-09T20:00:00Z,1867.23,1870.41,1854.85,1861.39,122616.39
2023-07-10T00:00:00Z,1861.39,1866.61,1844.97,1860.42,144897.67
2023-07-10T04:00:00Z,1860.42,1861.89,1851,1854.85,112249.95
2023-07-10T08:00:00Z,1854.85,1864,1847.5,1862.72,126384.92
2023-07-10T12:00:00Z,1862.72,1872.48,1858.76,1869.72,142817.41
2023-07-10T16:00:00Z,1869.72,1899.83,1864.07,1898.56,167303.1
2023-07-10T20:00:00Z,1898.56,1904.09,1865.54,1878.78,190333.43
2023-07-11T00:00:00Z,1878.78,1883.42,1874,1878.36,132771.98
2023-07-11T04:00:00Z,1878.36,1891.12,1875.55,1881.83,136016.32
2023-07-11T08:00:00Z,1881.83,1882.63,1862.46,1866,161685.48
2023-07-11T12:00:00Z,1866,1881.31,1860.78,1870.52,168297.27
2023-07-11T16:00:00Z,1870.52,1875.18,1864.5,1873.42,157465.55
2023-07-11T20:00:00Z,1873.42,1878.93,1870.28,1877.08,130924.51
2023-07-12T00:00:00Z,1877.08,1888,1875.43,1879,153177.11
2023-07-12T04:00:00Z,1879,1894.89,1877.2,1889.38,104048.6
2023-07-12T08:00:00Z,1889.38,1890.66,1885.12,1889.4,130651.12
2023-07-12T12:00:00Z,1889.4,1900.61,1876.44,1882.34,228050.54
2023-07-12T16:00:00Z,1882.34,1890.82,1865.23,1868.73,154189.1
2023-07-12T20:00:00Z,1868.73,1872.7,1862.58,1870.25,138843.39
2023-07-13T00:00:00Z,1870.25,1875,1864.34,1866.23,109399.61
2023-07-13T04:00:00Z,1866.23,1873.25,1861.61,1869.13,118449.75
2023-07-13T08:00:00Z,1869.13,1884.15,1868.43,1882.41,161561.38
2023-07-13T12:00:00Z,1882.41,1944.13,1874.67,1932.58,278885.57
2023-07-13T16:00:00Z,1932.58,2015.11,1930.85,1996.14,437603.03
2023-07-13T20:00:00Z,1996.14,2011,1972.97,2005.38,162197.56
2023-07-14T00:00:00Z,2005.38,2030.61,2002.98,2010.21,168867.04
2023-07-14T04:00:00Z,2010.21,2013.03,1987.73,1991.96,111433.55
2023-07-14T08:00:00Z,1991.96,2004.48,1985.41,1993.11,138874.4
2023-07-14T12:00:00Z,1993.11,2007.78,1985.08,1998.65,134128.22
2023-07-14T16:00:00Z,1998.65,2001.33,1896.44,1911.2,352949.56
2023-07-14T20:00:00Z,1911.2,1936.59,1898.53,1936.02,182074.89
2023-07-15T00:00:00Z,1936.02,1936.15,1925.1,1928.97,140994.15
2023-07-15T04:00:00Z,1928.97,1941.82,1925.6,1940.18,151274.36
2023-07-15T08:00:00Z,1940.18,1945.35,1935.12,1938.64,151669.74
2023-07-15T12:00:00Z,1938.64,1939.98,1927.33,1933.28,146065.94
2023-07-15T16:00:00Z,1933.28,1937.81,1928,1932.22,144712.74
2023-07-15T20:00:00Z,1932.22,1932.22,1925.16,1929.81,137321.59
2023-07-16T00:00:00Z,1929.81,1936.43,1912.47,1921.75,153863.24
2023-07-16T04:00:00Z,1921.75,1930.44,1919.41,1923.92,112924.69
2023-07-16T08:00:00Z,1923.92,1935.4,1923.92,1931.67,115872.27
2023-07-16T12:00:00Z,1931.67,1942.2,1927.54,1935.59,110192.78
2023-07-16T16:00:00Z,1935.59,1938.04,1924.44,1926.48,112842.85
2023-07-16T20:00:00Z,1926.48,1936.05,1915.12,1920.57,172096.03
2023-07-17T00:00:00Z,1920.57,1931.02,1915.64,1929.84,190562.53
2023-07-17T04:00:00Z,1929.84,1934.61,1925.12,1927.42,107682.18
2023-07-17T08:00:00Z,1927.42,1930,1890.03,1908.43,204981.86
2023-07-17T12:00:00Z,1908.43,1916.24,1898.66,1907.05,170688.66
2023-07-17T16:00:00Z,1907.05,1911.87,1871.43,1886.29,211291.41
2023-07-17T20:00:00Z,1886.29,1919.24,1884.34,1909.78,155124.16
2023-07-18T00:00:00Z,1909.78,1915.91,1904.75,1907.56,161341.98
2023-07-18T04:00:00Z,1907.56,1910.47,1891.94,1897.36,150006.44
2023-07-18T08:00:00Z,1897.36,1908.66,1889.38,1893.05,144970.53
2023-07-18T12:00:00Z,1893.05,1902.86,1883.62,1896.09,148521.37
2023-07-18T16:00:00Z,1896.09,1902.39,1874.79,1890.31,164202.12
2023-07-18T20:00:00Z,1890.31,1901.08,1888.12,1896.01,136185.85
2023-07-19T00:00:00Z,1896.01,1914.27,1893.94,1911.32,146412.95
2023-07-19T04:00:00Z,1911.32,1917.02,1906,1907.47,143598.53
2023-07-19T08:00:00Z,1907.47,1910.82,1900.95,1908.08,128568.63
2023-07-19T12:00:00Z,1908.08,1921.48,1893.25,1904.9,214069.19
2023-07-19T16:00:00Z,1904.9,1916.96,1899.51,1908.69,147970.92
2023-07-19T20:00:00Z,1908.69,1908.95,1880.43,1886.98,134316.72
2023-07-20T00:00:00Z,1886.98,1898.72,1881.25,1892.83,117887.79
2023-07-20T04:00:00Z,1892.83,1913.12,1892,1911.1,167528.16
2023-07-20T08:00:00Z,1911.1,1928,1910.07,1920.19,144539.37
2023-07-20T12:00:00Z,1920.19,1921.98,1882.2,1886.77,240169.69
2023-07-20T16:00:00Z,1886.77,1892.43,1876.2,1886.44,195630.14
2023-07-20T20:00:00Z,1886.44,1897.57,1880.85,1890.16,142836.37
2023-07-21T00:00:00Z,1890.16,1900.47,1885.29,1895.32,140075.27
2023-07-21T04:00:00Z,1895.32,1896.04,1885.85,1887.71,126230.66
2023-07-21T08:00:00Z,1887.71,1893.03,1883.1,1888.03,143108.68
2023-07-21T16:00:00Z,1889.75,1904.81,1883.66,1893.42,173576.61
2023-07-21T20:00:00Z,1893.42,1894.84,1889.09,1890.27,120178.45
2023-07-22T00:00:00Z,1890.27,1895.87,1889.71,1891.57,119355.77
2023-07-22T04:00:00Z,1891.57,1894.59,1888.82,1890.2,98070.21
2023-07-22T08:00:00Z,1890.2,1893,1882.64,1886.58,130063.8
2023-07-22T12:00:00Z,1886.58,1888.69,1883.36,1887.48,116219.12
2023-07-22T16:00:00Z,1887.48,1889.42,1880.64,1885.78,116566.99
2023-07-22T20:00:00Z,1885.78,1887.4,1845.08,1865,139324.8
2023-07-23T00:00:00Z,1865,1871.94,1856.54,1867.83,115300.93
2023-07-23T04:00:00Z,1867.83,1878.04,1867.83,1873.5,116818.93
2023-07-23T08:00:00Z,1873.5,1876.92,1872.11,1873.31,91457.44
2023-07-23T12:00:00Z,1873.31,1874.73,1870.45,1872.67,78543.65
2023-07-23T16:00:00Z,1872.67,1904,1872.67,1887.78,216537.09
2023-07-23T20:00:00Z,1887.78,1892.37,1873.86,1887.28,111190.65
2023-07-24T00:00:00Z,1887.28,1889.49,1864.55,1866.8,185932.05
2023-07-24T04:00:00Z,1866.8,1876.31,1861,1873.61,134572.85
2023-07-24T08:00:00Z,1873.61,1873.82,1829.45,1851.62,198673.17
2023-07-24T12:00:00Z,1851.62,1853.34,1832.9,1841.85,172680.55
2023-07-24T16:00:00Z,1841.85,1850,1837.56,1848.02,137245.63
2023-07-24T20:00:00Z,1848.02,1850.5,1843.95,1848.48,134353
2023-07-25T00:00:00Z,1848.48,1855.4,1844.06,1849.67,120181.1
2023-07-25T04:00:00Z,1849.67,1852.44,1845.07,1849.32,150870.08
2023-07-25T08:00:00Z,1849.32,1862.22,1848.03,1852.07,124457.66
2023-07-25T12:00:00Z,1852.07,1867.79,1851.03,1856.3,147388.21
2023-07-25T16:00:00Z,1856.3,1865,1851.28,1855.8,113187.91
2023-07-25T20:00:00Z,1855.8,1863.63,1855.07,1856.34,94544.97
2023-07-26T00:00:00Z,1856.34,1865.93,1850.47,1857.23,116257.25
2023-07-26T04:00:00Z,1857.23,1859.79,1851,1851.99,101638.43
2023-07-26T08:00:00Z,1851.99,1854.66,1846.99,1849.79,114469.83
2023-07-26T12:00:00Z,1849.79,1860.17,1848.9,1859.42,123668.48
2023-07-26T16:00:00Z,1859.42,1882.2,1853.84,1872.12,256094.56
2023-07-26T20:00:00Z,1872.12,1886.8,1865.02,1870.44,186938.28
2023-07-27T00:00:00Z,1870.44,1877.74,1865.83,1874.68,135855.1
2023-07-27T04:00:00Z,1874.68,1880.69,1863.82,1870.53,148109.41
2023-07-27T08:00:00Z,1870.53,1885,1868.43,1875.45,155124.8
2023-07-27T12:00:00Z,1875.45,1877.14,1862.54,1867.44,154608.69
2023-07-27T16:00:00Z,1867.44,1867.85,1853.72,1859.38,153018.76
2023-07-27T20:00:00Z,1859.38,1860.9,1853.58,1859.86,112414.23
2023-07-28T00:00:00Z,1859.86,1863.78,1858.56,1861.33,126901.64
2023-07-28T04:00:00Z,1861.33,1863.46,1855.22,1858.19,102775.58
2023-07-28T08:00:00Z,1858.19,1867.7,1857.6,1865.52,105958.25
2023-07-28T12:00:00Z,1865.52,1882.26,1865.35,1874.19,156995.5
2023-07-28T16:00:00Z,1874.19,1878.9,1864.76,1873.02,128777.83
2023-07-28T20:00:00Z,1873.02,1877,1871.23,1872.94,103973.23
2023-07-29T00:00:00Z,1872.94,1876.08,1871.55,1872.36,129579.91
2023-07-29T04:00:00Z,1872.36,1876.02,1870.11,1870.74,118183.38
2023-07-29T08:00:00Z,1870.74,1872.44,1868.42,1869.2,111660.55
2023-07-29T12:00:00Z,1869.2,1874.7,1868.99,1871.32,124467.36
2023-07-29T16:00:00Z,1871.32,1878.3,1869.9,1876.88,112266.21
2023-07-29T20:00:00Z,1876.88,1885.49,1876.88,1880.4,121312.96
2023-07-30T00:00:00Z,1880.4,1881.44,1877,1877.96,95904.22
2023-07-30T04:00:00Z,1877.96,1879.43,1873.48,1875.03,122661.62
2023-07-30T08:00:00Z,1875.03,1875.69,1871.33,1874.61,108554.43
2023-07-30T12:00:00Z,1874.61,1884.33,1869.82,1875.27,122836.37
2023-07-30T16:00:00Z,1875.27,1878.19,1856.19,1860.69,140538.59
2023-07-30T20:00:00Z,1860.69,1864.44,1847,1860.19,183232.83
2023-07-31T00:00:00Z,1860.19,1876,1859.45,1867.79,163084.61
2023-07-31T04:00:00Z,1867.79,1868.57,1861.09,1863.8,123627.06
2023-07-31T08:00:00Z,1863.8,1868.64,1863.16,1866.49,117916.66
2023-07-31T12:00:00Z,1866.49,1872.12,1855.2,1855.79,142226.87
2023-07-31T16:00:00Z,1855.79,1861.76,1852.82,1855.29,162569.17
2023-07-31T20:00:00Z,1855.29,1859.48,1849.65,1854.84,118207.8
2023-08-01T00:00:00Z,1854.84,1863.42,1807.84,1825.3,216508.5
2023-08-01T04:00:00Z,1825.3,1834.57,1819.85,1832.64,143744.22
2023-08-01T08:00:00Z,1832.64,1836.24,1828.94,1829.45,132237.02
2023-08-01T12:00:00Z,1829.45,1835.36,1812,1833.69,156424.1
2023-08-01T16:00:00Z,1833.69,1856.57,1828.45,1849.94,217460.17
2023-08-01T20:00:00Z,1849.94,1874.91,1845.66,1872.48,196342.99
2023-08-02T00:00:00Z,1872.48,1878.71,1861.9,1862.15,169680.49
2023-08-02T04:00:00Z,1862.15,1863.89,1854.93,1855.94,98607.69
2023-08-02T08:00:00Z,1855.94,1859.82,1852.55,1858.65,108264.39
2023-08-02T12:00:00Z,1858.65,1859.77,1833.01,1841.41,169637.59
2023-08-02T16:00:00Z,1841.41,1846.44,1820,1840.82,218399.14
2023-08-02T20:00:00Z,1840.82,1844.45,1836.77,1838.86,119634.72
2023-08-03T00:00:00Z,1838.86,1845.2,1836.21,1839.6,114373.1
2023-08-03T04:00:00Z,1839.6,1839.92,1830.45,1831.34,150561.94
2023-08-03T08:00:00Z,1831.34,1837.88,1824.92,1836.67,149170.88
2023-08-03T12:00:00Z,1836.67,1849,1832.61,1839.6,182178.07
2023-08-03T16:00:00Z,1839.6,1858.5,1838.21,1845.11,165459.65
2023-08-03T20:00:00Z,1845.11,1853.44,1830.18,1834.59,121192.73
2023-08-04T00:00:00Z,1834.59,1837.96,1826.94,1832.94,119259.88
2023-08-04T04:00:00Z,1832.94,1836.83,1829.83,1836.31,127078.19
2023-08-04T08:00:00Z,1836.31,1839.5,1832.1,1833.46,96556.22
2023-08-04T12:00:00Z,1833.46,1850.3,1830.03,1846.2,225090.1
2023-08-04T16:00:00Z,1846.2,1847.53,1825.59,1829.95,180073.79
2023-08-04T20:00:00Z,1829.95,1832.79,1813.56,1828.9,146247.15
2023-08-05T00:00:00Z,1828.9,1832.26,1826.35,1831.01,100340.2
2023-08-05T04:00:00Z,1831.01,1832.89,1827.5,1829.74,99764.5
2023-08-05T08:00:00Z,1829.74,1834.14,1829.06,1831.51,105923.85
2023-08-05T12:00:00Z,1831.51,1836.15,1829.2,1832.82,121237.51
2023-08-05T16:00:00Z,1832.82,1838.09,1829.79,1834.19,102902.93
2023-08-05T20:00:00Z,1834.19,1837.7,1832.78,1835.6,101713.51
2023-08-06T00:00:00Z,1835.6,1837.65,1832.34,1833.58,103106.89
2023-08-06T04:00:00Z,1833.58,1835.52,1831.06,1833.65,100586.84
2023-08-06T08:00:00Z,1833.65,1836.73,1827.04,1831.36,102474.53
2023-08-06T12:00:00Z,1831.36,1831.67,1824.63,1828,111377.65
2023-08-06T16:00:00Z,1828,1834.93,1827.16,1830.95,83676.69
2023-08-06T20:00:00Z,1830.95,1837.09,1826.54,1828.95,121329.05
2023-08-07T00:00:00Z,1828.95,1846.4,1825.24,1837.67,134838.62
2023-08-07T04:00:00Z,1837.67,1841.28,1831,1835.83,105926.08
2023-08-07T08:00:00Z,1835.83,1836.63,1831.72,1833.08,93170.04
2023-08-07T12:00:00Z,1833.08,1836.24,1812.21,1817.22,163044.06
2023-08-07T16:00:00Z,1817.22,1830.46,1800.52,1824.34,267371.57
2023-08-07T20:00:00Z,1824.34,1829.73,1822.2,1827.79,141231.05
2023-08-08T00:00:00Z,1827.79,1834.39,1824.79,1828.9,168508.98
2023-08-08T04:00:00Z,1828.9,1838.72,1828.64,1829.45,147224.48
2023-08-08T08:00:00Z,1829.45,1837.99,1829.09,1837.77,108787.47
2023-08-08T12:00:00Z,1837.77,1847.87,1834.02,1842.03,199942.4
2023-08-08T16:00:00Z,1842.03,1871.6,1841.91,1858.87,243782.83
2023-08-08T20:00:00Z,1858.87,1877,1854.68,1855.91,150256.36
2023-08-09T00:00:00Z,1855.91,1860.55,1851.73,1854.65,112002.47
2023-08-09T04:00:00Z,1854.65,1862.97,1853.65,1861.57,135246.23
2023-08-09T08:00:00Z,1861.57,1866.38,1858.17,1862.82,137275.26
2023-08-09T12:00:00Z,1862.82,1871.85,1850.8,1852.77,187223.54
2023-08-09T16:00:00Z,1852.77,1854.82,1845.83,1847.84,174538.63
2023-08-09T20:00:00Z,1847.84,1858.11,1846.54,1854.82,126597.16
2023-08-10T00:00:00Z,1854.82,1857.48,1851.9,1852.64,132926.49
2023-08-10T04:00:00Z,1852.64,1855.38,1849.39,1850.6,119212.76
2023-08-10T08:00:00Z,1850.6,1853.93,1849.17,1849.92,102534.37
2023-08-10T12:00:00Z,1849.92,1865.94,1847.91,1853.11,227995.13
2023-08-10T16:00:00Z,1853.11,1853.34,1844.92,1848.46,154912.49
2023-08-10T20:00:00Z,1848.46,1851.86,1847.5,1850.9,117869.28
2023-08-11T00:00:00Z,1850.9,1853.49,1841.57,1845.48,103840.36
2023-08-11T04:00:00Z,1845.48,1849.59,1845.23,1847.87,116039.24
2023-08-11T08:00:00Z,1847.87,1850.41,1844.6,1850.16,108818.06
2023-08-11T12:00:00Z,1850.16,1856.78,1842.31,1844.55,155502.72
2023-08-11T16:00:00Z,1844.55,1847.35,1836.99,1843.06,137760.87
2023-08-11T20:00:00Z,1843.06,1850.25,1842.77,1847.48,93757.99
2023-08-12T00:00:00Z,1847.48,1852.5,1846.7,1846.78,102059.48
2023-08-12T04:00:00Z,1846.78,1850,1845.99,1849.45,83947.61
2023-08-12T08:00:00Z,1849.45,1850.25,1847.47,1849.76,96563.69
2023-08-12T12:00:00Z,1849.76,1852.42,1849.27,1849.63,105096.31
2023-08-12T16:00:00Z,1849.63,1851.7,1846.01,1846.41,88729.9
2023-08-12T20:00:00Z,1846.41,1848.96,1845.13,1848.59,78226.95
2023-08-13T00:00:00Z,1848.59,1850.42,1847.69,1848.44,84356.22
2023-08-13T04:00:00Z,1848.44,1848.45,1845.51,1848.28,73794.64
2023-08-13T08:00:00Z,1848.28,1850,1847.8,1848.37,68804.47
2023-08-13T12:00:00Z,1848.37,1850.73,1846.28,1846.84,94021.54
2023-08-13T16:00:00Z,1846.84,1861.37,1844.8,1857.61,110632.49
2023-08-13T20:00:00Z,1857.61,1859.19,1833.31,1839.63,164956.58
2023-08-14T00:00:00Z,1839.63,1847.2,1833.78,1845.44,126834.61
2023-08-14T04:00:00Z,1845.44,1851,1845.44,1848.54,108419.37
2023-08-14T08:00:00Z,1848.54,1851,1844.97,1847.02,98960.63
2023-08-14T12:00:00Z,1847.02,1855.24,1843.14,1852.31,146012.68
2023-08-14T16:00:00Z,1852.31,1854.6,1838.5,1841.44,174513.28
2023-08-14T20:00:00Z,1841.44,1845.68,1840.2,1844.75,125972.83
2023-08-15T00:00:00Z,1844.75,1846.37,1842.62,1843.66,107507.68
2023-08-15T04:00:00Z,1843.66,1843.69,1839.6,1842.72,101823.37
2023-08-15T08:00:00Z,1842.72,1844.15,1837.25,1839.3,121021.65
2023-08-15T12:00:00Z,1839.3,1844.9,1836.61,1839.05,97029.6
2023-08-15T16:00:00Z,1839.05,1841.42,1811.47,1826.68,184772.19
2023-08-15T20:00:00Z,1826.68,1831.32,1824.24,1827.9,136332.47
2023-08-16T00:00:00Z,1827.9,1830.66,1826.8,1827.84,72433.54
2023-08-16T04:00:00Z,1827.84,1828.2,1819.55,1826.37,116452.89
2023-08-16T08:00:00Z,1826.37,1826.98,1818.79,1824.5,117844.59
2023-08-16T12:00:00Z,1824.5,1827.44,1818.21,1819.62,128369.11
2023-08-16T16:00:00Z,1819.62,1828.64,1815.24,1819.81,151419.46
2023-08-16T20:00:00Z,1819.81,1821.85,1795.68,1807.17,235766.27
2023-08-17T00:00:00Z,1807.17,1809.63,1775,1797.57,217349.41
2023-08-17T04:00:00Z,1797.57,1802.38,1796.48,1799.1,101388.4
2023-08-17T08:00:00Z,1799.1,1799.16,1783.5,1787.26,173843.57
2023-08-17T12:00:00Z,1787.26,1792.77,1720.61,1738.58,295268.29
2023-08-17T16:00:00Z,1738.58,1747.99,1722.44,1737.28,185613.35
2023-08-17T20:00:00Z,1737.28,1738.53,1467.36,1680.08,616078.7
2023-08-18T00:00:00Z,1680.08,1698.1,1671.74,1675.95,119854.4
2023-08-18T04:00:00Z,1675.95,1696.52,1661,1688.71,154670.26
2023-08-18T08:00:00Z,1688.71,1695.89,1677.07,1684.58,154556.79
2023-08-18T12:00:00Z,1684.58,1686.02,1652.16,1659.51,212881.42
2023-08-18T16:00:00Z,1659.51,1677.7,1637.57,1656.39,221264.78
2023-08-18T20:00:00Z,1656.39,1668.76,1655.17,1659.9,176669.32
2023-08-19T00:00:00Z,1659.9,1670.56,1655.08,1658.35,138988.37
2023-08-19T04:00:00Z,1658.35,1662.28,1652.99,1659.8,106842.34
2023-08-19T08:00:00Z,1659.8,1664.44,1657.75,1658.59,111547.77
2023-08-19T12:00:00Z,1658.59,1682.69,1656.75,1682.02,129688.83
2023-08-19T16:00:00Z,1682.02,1695.58,1673.53,1676.16,170909.04
2023-08-19T20:00:00Z,1676.16,1677,1662.14,1668.54,109954.96
2023-08-20T00:00:00Z,1668.54,1674.03,1663.51,1666.69,95751.22
2023-08-20T04:00:00Z,1666.69,1668.94,1660.41,1664.5,95424.67
2023-08-20T08:00:00Z,1664.5,1674.37,1662.2,1673.61,122461.26
2023-08-20T12:00:00Z,1673.61,1678.63,1663,1669.75,109196.71
2023-08-20T16:00:00Z,1669.75,1678.62,1664.1,1677.04,81121.83
2023-08-20T20:00:00Z,1677.04,1693.69,1676.97,1683.71,111654.68
2023-08-21T00:00:00Z,1683.71,1684.5,1673.93,1675.81,123389.52
2023-08-21T04:00:00Z,1675.81,1687.22,1668.16,1670.47,105477.13
2023-08-21T08:00:00Z,1670.47,1673.9,1658.89,1671.64,135347.27
2023-08-21T12:00:00Z,1671.64,1683,1647.08,1656.11,144752.16
2023-08-21T16:00:00Z,1656.11,1674.21,1655.69,1670.94,129360.6
2023-08-21T20:00:00Z,1670.94,1675.9,1664.99,1666.49,136470.22
2023-08-22T00:00:00Z,1666.49,1668,1660,1662.84,120936.57
2023-08-22T04:00:00Z,1662.84,1665.68,1659.55,1665.06,129680.06
2023-08-22T08:00:00Z,1665.06,1666.35,1658.67,1661.13,121193.56
2023-08-22T12:00:00Z,1661.13,1665.97,1644.5,1648.71,157189.06
2023-08-22T16:00:00Z,1648.71,1649.86,1617.31,1623.84,254664.43
2023-08-22T20:00:00Z,1623.84,1639.04,1577.03,1633.7,252869.29
2023-08-23T00:00:00Z,1633.7,1641.52,1628.04,1630.64,140652.97
2023-08-23T04:00:00Z,1630.64,1657.29,1629.5,1644.05,180502.88
2023-08-23T08:00:00Z,1644.05,1647.62,1638.51,1641.11,122421.07
2023-08-23T12:00:00Z,1641.11,1658.99,1633.29,1656.26,209204.71
2023-08-23T16:00:00Z,1656.26,1701.88,1654.5,1686.23,253576.24
2023-08-24T00:00:00Z,1678.58,1682.58,1671.57,1674.2,138019.77
2023-08-24T04:00:00Z,1674.2,1677.82,1671.25,1673.15,103854.26
2023-08-24T08:00:00Z,1673.15,1676.48,1664.62,1666.29,127820.35
2023-08-24T12:00:00Z,1666.29,1668.42,1640.71,1642.31,189860.54
2023-08-24T16:00:00Z,1642.31,1655.17,1633.55,1648.5,156904.36
2023-08-24T20:00:00Z,1648.5,1663.65,1642.07,1659.83,154827.89
2023-08-25T00:00:00Z,1659.83,1663.34,1644.47,1654.12,120265.48
2023-08-25T04:00:00Z,1654.12,1654.59,1645.55,1650.02,135844.35
2023-08-25T08:00:00Z,1650.02,1657.84,1649.74,1653,138306.25
2023-08-25T12:00:00Z,1653,1676.43,1634.51,1644.76,225246.38
2023-08-25T16:00:00Z,1644.76,1654.61,1633.93,1645.65,143630.04
2023-08-25T20:00:00Z,1645.65,1653.9,1644.51,1652.74,117744.73
2023-08-26T00:00:00Z,1652.74,1654.49,1650.29,1653.23,116274.04
2023-08-26T04:00:00Z,1653.23,1653.34,1649.65,1651.6,97496.11
2023-08-26T08:00:00Z,1651.6,1652.42,1645.37,1649.15,98601.26
2023-08-26T12:00:00Z,1649.15,1651.7,1645.6,1650.33,86109.33
2023-08-26T16:00:00Z,1650.33,1650.76,1642.51,1644.88,84139.37
2023-08-26T20:00:00Z,1644.88,1649.33,1643.92,1645.8,89029.12
2023-08-27T00:00:00Z,1645.8,1649.22,1645.12,1646.05,76208.37
2023-08-27T04:00:00Z,1646.05,1653.9,1646.05,1647.48,79904.06
2023-08-27T08:00:00Z,1647.48,1651.31,1646.45,1648.03,82844.6
2023-08-27T12:00:00Z,1648.03,1658.74,1647.43,1654.18,106883.08
2023-08-27T16:00:00Z,1654.18,1658.97,1649,1654.54,66771.55
2023-08-27T20:00:00Z,1654.54,1657.8,1649.78,1657.1,92522.48
2023-08-28T00:00:00Z,1657.1,1657.1,1646.78,1648.64,90652.04
2023-08-28T04:00:00Z,1648.64,1650.35,1634.5,1640.4,130288.93
2023-08-28T08:00:00Z,1640.4,1642.41,1619.54,1639.04,167487.49
2023-08-28T12:00:00Z,1639.04,1663.41,1638.85,1647.29,216999.11
2023-08-28T16:00:00Z,1647.29,1653.75,1636.79,1645.42,133040.93
2023-08-28T20:00:00Z,1645.42,1656.29,1642.99,1652.01,133584.15
2023-08-29T00:00:00Z,1652.01,1661.39,1649.73,1651.15,141701.15
2023-08-29T04:00:00Z,1651.15,1652.4,1643.77,1646.08,154433.96
2023-08-29T08:00:00Z,1646.08,1646.75,1638.59,1641.04,114522.29
2023-08-29T12:00:00Z,1641.04,1736.99,1639.01,1716.18,413646.55
2023-08-29T16:00:00Z,1716.18,1746.71,1709.11,1735.15,269592.48
2023-08-29T20:00:00Z,1735.15,1741.79,1721.54,1729.28,182056.29
2023-08-30T00:00:00Z,1729.28,1730.99,1712.82,1718.44,151045.32
2023-08-30T04:00:00Z,1718.44,1722.17,1716.02,1717.43,107654.44
2023-08-30T08:00:00Z,1717.43,1720,1710.74,1715.54,116174.15
2023-08-30T12:00:00Z,1715.54,1721.45,1696,1703.34,200123.65
2023-08-30T16:00:00Z,1703.34,1704.55,1695.5,1700.99,151012.59
2023-08-30T20:00:00Z,1700.99,1707.6,1700.53,1704.55,102158.11
2023-08-31T00:00:00Z,1704.55,1704.55,1696.64,1698.56,102537.29
2023-08-31T04:00:00Z,1698.56,1706.75,1698.34,1705.86,130127.12
2023-08-31T08:00:00Z,1705.86,1726.57,1703.08,1713.38,165586.29
2023-08-31T12:00:00Z,1713.38,1713.81,1676.56,1688.02,186017.89
2023-08-31T16:00:00Z,1688.02,1688.15,1641.56,1656.02,254290.89
2023-08-31T20:00:00Z,1656.02,1656.15,1628.57,1644.77,159841.78
2023-09-01T00:00:00Z,1644.77,1653.39,1643.79,1650.86,115247.28
2023-09-01T04:00:00Z,1650.86,1651.79,1642.16,1644.95,99474.58
2023-09-01T08:00:00Z,1644.95,1647.33,1639.75,1645.77,124192.31
2023-09-01T12:00:00Z,1645.77,1651.47,1620.86,1633.32,207343.64
2023-09-01T16:00:00Z,1633.32,1636.51,1600.73,1617.88,210310.04
2023-09-01T20:00:00Z,1617.88,1637.47,1615.07,1627.7,104224.46
2023-09-02T00:00:00Z,1627.7,1633.22,1626.57,1631.04,86534.48
2023-09-02T04:00:00Z,1631.04,1635.4,1628.83,1630.29,148485.7
2023-09-02T08:00:00Z,1630.29,1635.83,1628.91,1633.38,124860.48
2023-09-02T12:00:00Z,1633.38,1644.11,1632.25,1637.46,126761.3
2023-09-02T16:00:00Z,1637.46,1639.69,1627.34,1632.48,143406.86
2023-09-02T20:00:00Z,1632.48,1638.39,1631.5,1635.75,124463.22
2023-09-03T00:00:00Z,1635.75,1636.35,1630.5,1634.99,99786.69
2023-09-03T04:00:00Z,1634.99,1637.8,1632.43,1634.28,97949.78
2023-09-03T08:00:00Z,1634.28,1634.73,1629.73,1632.99,73692.75
2023-09-03T12:00:00Z,1632.99,1639.88,1627.02,1631.84,92874.08
2023-09-03T16:00:00Z,1631.84,1642.32,1623.73,1637.67,92100.02
2023-09-03T20:00:00Z,1637.67,1647,1632.23,1634.54,104756.46
2023-09-04T00:00:00Z,1634.54,1643.73,1630.78,1636.44,105615.29
2023-09-04T04:00:00Z,1636.44,1639.02,1633.38,1637.57,130291.81
2023-09-04T08:00:00Z,1637.57,1639.46,1629.75,1630.96,98680.86
2023-09-04T12:00:00Z,1630.96,1633.69,1617.22,1624.76,145806.5
2023-09-04T16:00:00Z,1624.76,1634.81,1624.21,1629.92,136175.37
2023-09-04T20:00:00Z,1629.92,1631.46,1615.06,1629.43,119792.26
2023-09-05T00:00:00Z,1629.43,1630,1608.36,1616.75,180123.98
2023-09-05T04:00:00Z,1616.75,1626.69,1616.74,1623.83,129697.25
2023-09-05T08:00:00Z,1623.83,1637.63,1619.5,1634.15,111057.59
2023-09-05T12:00:00Z,1634.15,1647.46,1624.67,1635.32,137763.31
2023-09-05T16:00:00Z,1635.32,1642.42,1631.01,1631.14,111796.8
2023-09-05T20:00:00Z,1631.14,1633.27,1625.56,1633.15,131169.55
2023-09-06T00:00:00Z,1633.15,1639.12,1630.38,1632.23,121523.92
2023-09-06T04:00:00Z,1632.23,1632.58,1626.59,1627.93,117961.02
2023-09-06T08:00:00Z,1627.93,1635.18,1627.68,1631.52,68260.27
2023-09-06T12:00:00Z,1631.52,1634.4,1618.06,1622,106012.21
2023-09-06T16:00:00Z,1622,1671.86,1607.45,1630.23,217679.67
2023-09-06T20:00:00Z,1630.23,1633.95,1626.29,1631.84,103557.41
2023-09-07T00:00:00Z,1631.84,1639.19,1630.52,1638.95,148525.38
2023-09-07T04:00:00Z,1638.95,1641.61,1634.21,1634.67,86538.11
2023-09-07T08:00:00Z,1634.67,1634.82,1624.71,1626.1,132785.18
2023-09-07T12:00:00Z,1626.1,1632.74,1622.34,1629.25,162631.47
2023-09-07T16:00:00Z,1629.25,1640.46,1628.72,1636.33,147535.16
2023-09-07T20:00:00Z,1636.33,1658.86,1634.66,1646.62,161349.67
2023-09-08T00:00:00Z,1646.62,1657.97,1642.69,1645.17,137308.64
2023-09-08T04:00:00Z,1645.17,1652.35,1641.93,1645.59,207498.13
2023-09-08T08:00:00Z,1645.59,1646.28,1614.85,1624.63,193638.77
2023-09-08T12:00:00Z,1624.63,1633.55,1623.39,1627.38,120323.26
2023-09-08T16:00:00Z,1627.38,1633.92,1623.54,1633.2,165239.01
2023-09-08T20:00:00Z,1633.2,1637.72,1631.85,1635.27,155285.88
2023-09-09T00:00:00Z,1635.27,1635.72,1632.17,1633.4,119264.24
2023-09-09T04:00:00Z,1633.4,1634.7,1630.82,1633.22,124080.98
2023-09-09T08:00:00Z,1633.22,1635,1632.16,1634.02,65950.7
2023-09-09T12:00:00Z,1634.02,1636.42,1628.75,1633.98,92645.56
2023-09-09T16:00:00Z,1633.98,1636.39,1631.03,1632.75,77850.47
2023-09-09T20:00:00Z,1632.75,1636,1632.36,1634.32,65560.39
2023-09-10T00:00:00Z,1634.32,1634.56,1625.56,1629.84,86709.26
2023-09-10T04:00:00Z,1629.84,1629.88,1616.73,1623.6,106745.12
2023-09-10T08:00:00Z,1623.6,1625.38,1618.33,1623.11,77227.38
2023-09-10T12:00:00Z,1623.11,1627.51,1609.75,1618.44,101502.84
2023-09-10T16:00:00Z,1618.44,1618.92,1592.43,1615.87,169136.09
2023-09-10T20:00:00Z,1615.87,1627.35,1613.22,1616,138078.01
2023-09-11T00:00:00Z,1616,1617.86,1601.99,1611.44,116588.47
2023-09-11T04:00:00Z,1611.44,1616.99,1606.57,1611.07,111556.79
2023-09-11T08:00:00Z,1611.07,1611.59,1573.25,1585.49,257593.35
2023-09-11T12:00:00Z,1585.49,1597.31,1547.78,1561.21,336937.52
2023-09-11T16:00:00Z,1561.21,1566.94,1532.05,1538.12,196173.85
2023-09-11T20:00:00Z,1538.12,1550.96,1529.72,1550.62,129054.08
2023-09-12T00:00:00Z,1550.62,1593.79,1548.25,1583.58,188416.48
2023-09-12T04:00:00Z,1583.58,1592.33,1573.17,1578.69,188961.08
2023-09-12T08:00:00Z,1578.69,1625.56,1575.13,1607.86,168095.14
2023-09-12T12:00:00Z,1607.86,1612.65,1593.52,1602.43,129128.88
2023-09-12T16:00:00Z,1602.43,1621.37,1583.1,1597.18,198120.95
2023-09-12T20:00:00Z,1597.18,1603.49,1589.19,1591.86,93971.71
2023-09-13T00:00:00Z,1591.86,1600.21,1585.26,1588.43,77041.01
2023-09-13T04:00:00Z,1588.43,1602.27,1580.4,1583.19,160855.37
2023-09-13T08:00:00Z,1583.19,1606.13,1581.9,1603.24,213962.53
2023-09-13T12:00:00Z,1603.24,1617.91,1590.8,1606.88,245890.35
2023-09-13T16:00:00Z,1606.88,1614.75,1594.06,1598.06,151409.5
2023-09-13T20:00:00Z,1598.06,1608.74,1598.01,1606.19,152079.24
2023-09-14T00:00:00Z,1606.19,1637.8,1605.55,1618.87,209321.59
2023-09-14T04:00:00Z,1618.87,1624.72,1611.11,1620.19,145578.86
2023-09-14T08:00:00Z,1620.19,1625.71,1616.01,1623.41,157747.03
2023-09-14T12:00:00Z,1623.41,1643,1615.78,1633.48,213413.81
2023-09-14T16:00:00Z,1633.48,1643.65,1625,1634.52,139000.61
2023-09-14T20:00:00Z,1634.52,1636.88,1622.49,1625.15,128134.47
2023-09-15T00:00:00Z,1625.15,1634.95,1621.04,1633.56,174576.32
2023-09-15T04:00:00Z,1633.56,1634.98,1626.33,1627.11,132530.72
2023-09-15T08:00:00Z,1627.11,1631.29,1616.43,1619.39,118656.77
2023-09-15T12:00:00Z,1619.39,1624.56,1610.07,1618.13,95826.58
2023-09-15T16:00:00Z,1618.13,1622.51,1616.11,1620.11,95525.53
2023-09-15T20:00:00Z,1620.11,1654,1617.87,1641.06,159037.06
2023-09-16T00:00:00Z,1641.06,1652.78,1638.27,1641.49,122688.83
2023-09-16T04:00:00Z,1641.49,1642.06,1634.3,1636.52,106744.34
2023-09-16T08:00:00Z,1636.52,1638.27,1630.71,1635.21,175423.39
2023-09-16T12:00:00Z,1635.21,1638.95,1630.93,1634.06,133805.47
2023-09-16T16:00:00Z,1634.06,1639.42,1631.12,1633.08,111391.32
2023-09-16T20:00:00Z,1633.08,1637.71,1632.22,1634.04,111029.82
2023-09-17T00:00:00Z,1634.04,1634.15,1618.75,1628.47,148441.21
2023-09-17T04:00:00Z,1628.47,1631.31,1626.65,1627.35,95052.18
2023-09-17T08:00:00Z,1627.35,1634.86,1626.91,1629.47,73865.82
2023-09-17T12:00:00Z,1629.47,1631.92,1627.1,1629.11,70051.41
2023-09-17T16:00:00Z,1629.11,1629.26,1616.39,1624.43,87111.95
2023-09-17T20:00:00Z,1624.43,1625.63,1610.44,1621.33,133698.58
2023-09-18T00:00:00Z,1621.33,1635.48,1602,1628.92,137250.95
2023-09-18T04:00:00Z,1628.92,1637.49,1625.5,1632.78,121037.24
2023-09-18T08:00:00Z,1632.78,1658.7,1629.48,1655.67,217810.83
2023-09-18T12:00:00Z,1655.67,1669,1650.13,1655.2,220960.32
2023-09-18T16:00:00Z,1655.2,1659.24,1632.22,1639.98,191446.18
2023-09-18T20:00:00Z,1639.98,1641.41,1634.36,1635.82,133315.12
2023-09-19T00:00:00Z,1635.82,1638.75,1624.84,1633.44,131194.99
2023-09-19T04:00:00Z,1633.44,1637.3,1631.22,1634.88,132634.25
2023-09-19T08:00:00Z,1634.88,1660.41,1634.8,1646.59,145643.88
2023-09-19T12:00:00Z,1646.59,1658.39,1633,1655.97,142376.81
2023-09-19T16:00:00Z,1655.97,1658.53,1638.72,1642.89,119327.58
2023-09-19T20:00:00Z,1642.89,1643.49,1635.64,1641.99,116831.51
2023-09-20T00:00:00Z,1641.99,1648.07,1634.55,1636.31,91423.52
2023-09-20T04:00:00Z,1636.31,1637.89,1629.09,1633.36,127302.89
2023-09-20T08:00:00Z,1633.36,1637.02,1617.2,1628.54,144571.02
2023-09-20T12:00:00Z,1628.54,1633.23,1619.2,1627.73,134199.37
2023-09-20T16:00:00Z,1627.73,1639.51,1602.69,1614.86,222679.3
2023-09-20T20:00:00Z,1614.86,1628.87,1613.6,1621.12,114086.66
2023-09-21T00:00:00Z,1621.12,1624.22,1612.25,1622.18,153040.86
2023-09-21T04:00:00Z,1622.18,1623.41,1615.62,1617.09,95037.37
2023-09-21T08:00:00Z,1617.09,1621.61,1587.38,1593.61,201758.34
2023-09-21T12:00:00Z,1593.61,1595.88,1565.62,1582.53,205037.02
2023-09-21T16:00:00Z,1582.53,1591.96,1580.92,1588.51,93985.27
2023-09-21T20:00:00Z,1588.51,1589.14,1581.83,1582.67,59701.3
2023-09-22T00:00:00Z,1582.67,1595.4,1575.26,1593.33,94983.42
2023-09-22T04:00:00Z,1593.33,1596.22,1586.35,1594.51,93870.12
2023-09-22T08:00:00Z,1594.51,1601.8,1591.65,1595.9,73775.59
2023-09-22T12:00:00Z,1595.9,1599.48,1591.72,1592.16,97555.69
2023-09-22T16:00:00Z,1592.16,1598,1585.51,1591.4,79362.49
2023-09-22T20:00:00Z,1591.4,1593.94,1588.05,1591.79,53632.84
2023-09-23T00:00:00Z,1591.79,1596.95,1589.11,1589.73,56749.89
2023-09-23T04:00:00Z,1589.73,1594.38,1588.61,1593.19,52076.28
2023-09-23T08:00:00Z,1593.19,1593.76,1589.75,1592.37,64025.56
2023-09-23T12:00:00Z,1592.37,1594.06,1586.18,1589.49,53626.27
2023-09-23T16:00:00Z,1589.49,1594.34,1587.69,1593.72,64688.59
2023-09-23T20:00:00Z,1593.72,1594.37,1588.82,1592.48,57741.92
2023-09-24T00:00:00Z,1592.48,1593.75,1589.61,1591.1,45895.79
2023-09-24T04:00:00Z,1591.1,1591.88,1589.93,1590.52,43358.66
2023-09-24T08:00:00Z,1590.52,1595,1590.52,1592.81,39272.15
2023-09-24T12:00:00Z,1592.81,1595.5,1586.82,1589.38,49732.2
2023-09-24T16:00:00Z,1589.38,1600.38,1576.7,1584.8,128587.53
2023-09-24T20:00:00Z,1584.8,1590.26,1568.3,1579.52,73146.84
2023-09-25T00:00:00Z,1579.52,1587.21,1561.52,1576.53,115326.45
2023-09-25T04:00:00Z,1576.53,1580.85,1571.14,1580.05,73050.04
2023-09-25T08:00:00Z,1580.05,1581.89,1564.52,1567.78,68502.65
2023-09-25T12:00:00Z,1567.78,1588.81,1562.93,1583.32,127693.57
2023-09-25T16:00:00Z,1583.32,1596.52,1583.32,1590.25,90206.75
2023-09-25T20:00:00Z,1590.25,1595.49,1583.35,1587.09,63715.05
2023-09-26T00:00:00Z,1587.09,1593.33,1584.84,1590.55,58062.88
2023-09-26T08:00:00Z,1587.72,1598.49,1584.4,1590.35,87701.46
2023-09-26T12:00:00Z,1590.35,1592.72,1578.8,1581.83,94240.13
2023-09-26T16:00:00Z,1581.83,1591.87,1580.92,1588.43,76163.39
2023-09-26T20:00:00Z,1588.43,1594.42,1582.9,1592.8,70386.46
2023-09-27T00:00:00Z,1592.8,1597,1588.37,1595.07,77606.62
2023-09-27T04:00:00Z,1595.07,1596.51,1589.67,1591.39,49998.3
2023-09-27T08:00:00Z,1591.39,1634.24,1589.1,1629.45,214354.09
2023-09-27T12:00:00Z,1629.45,1631.24,1591.4,1600.92,165372.03
2023-09-27T16:00:00Z,1600.92,1601.99,1582.16,1596.38,110488.74
2023-09-27T20:00:00Z,1596.38,1598.64,1591.83,1597.4,50569.21
2023-09-28T00:00:00Z,1597.4,1614.46,1596.69,1606.2,145230.61
2023-09-28T04:00:00Z,1606.2,1622.05,1604.3,1619,76345.15
2023-09-28T08:00:00Z,1619,1638.2,1614.32,1623.39,158522.83
2023-09-28T12:00:00Z,1623.39,1654.3,1621.26,1652.17,234592.76
2023-09-28T16:00:00Z,1652.17,1668.47,1644.78,1657.52,219618.96
2023-09-28T20:00:00Z,1657.52,1661.15,1643.04,1652.76,109699.46
2023-09-29T00:00:00Z,1652.76,1658.71,1648.07,1651.41,85724.91
2023-09-29T04:00:00Z,1651.41,1688.1,1649,1686.31,129471.66
2023-09-29T08:00:00Z,1686.31,1686.56,1666.49,1668.79,88977.97
2023-09-29T12:00:00Z,1668.79,1684.66,1655.32,1672.13,175024.18
2023-09-29T16:00:00Z,1672.13,1673.15,1656.73,1665.1,105541.93
2023-09-29T20:00:00Z,1665.1,1670.59,1663.75,1667.1,60721.16
2023-09-30T00:00:00Z,1667.1,1672.36,1665.77,1670.13,59211.89
2023-09-30T04:00:00Z,1670.13,1675.37,1669.59,1671.71,67764.39
2023-09-30T08:00:00Z,1671.71,1679.16,1671.29,1675.58,59561.52
2023-09-30T12:00:00Z,1675.58,1694.56,1672.7,1683.03,113895.06
2023-09-30T16:00:00Z,1683.03,1686.12,1673.4,1678.78,58028.97
2023-09-30T20:00:00Z,1678.78,1683.31,1666.33,1670.7,54014.52
2023-10-01T00:00:00Z,1670.7,1677.59,1670.11,1674.2,37528.21
2023-10-01T04:00:00Z,1674.2,1680.37,1673.2,1678.01,41672.13
2023-10-01T08:00:00Z,1678.01,1692.11,1676.1,1688.68,82481.23
2023-10-01T12:00:00Z,1688.68,1690.95,1677.69,1683.62,107010.68
2023-10-01T16:00:00Z,1683.62,1684.45,1670.59,1676.02,62645.22
2023-10-01T20:00:00Z,1676.02,1776.85,1667.5,1733.8,186068.89
2023-10-02T00:00:00Z,1733.8,1735.23,1718.62,1728.93,84589.91
2023-10-02T04:00:00Z,1728.93,1733.46,1713.13,1729.89,92790.1
2023-10-02T08:00:00Z,1729.89,1743.76,1724.51,1724.73,103857.33
2023-10-02T12:00:00Z,1724.73,1734.27,1686.37,1690.58,156155.73
2023-10-02T16:00:00Z,1690.58,1692.57,1634.82,1673.14,205316.99
2023-10-02T20:00:00Z,1673.14,1673.14,1635.29,1661.32,120630.92
2023-10-03T00:00:00Z,1661.32,1667.38,1658.88,1664.38,88864.3
2023-10-03T04:00:00Z,1664.38,1669.39,1660.79,1661.16,68702.51
2023-10-03T08:00:00Z,1661.16,1666.38,1648.75,1655.26,95240.54
2023-10-03T12:00:00Z,1655.26,1662.09,1641.87,1647.1,145683.24
2023-10-03T16:00:00Z,1647.1,1657.34,1645.14,1648.75,107638.3
2023-10-03T20:00:00Z,1648.75,1658.85,1644.7,1655.69,96014.4
2023-10-04T00:00:00Z,1655.69,1656.55,1618.52,1640.65,172292.36
2023-10-04T04:00:00Z,1640.65,1643.87,1634.75,1643.83,127147.36
2023-10-04T08:00:00Z,1643.83,1651.68,1642.57,1645.22,98360.88
2023-10-04T12:00:00Z,1645.22,1649,1625.84,1631.41,127816.62
2023-10-04T16:00:00Z,1631.41,1653.67,1630.5,1641.74,144545.06
2023-10-04T20:00:00Z,1641.74,1651.51,1639.19,1645.34,83844
2023-10-05T00:00:00Z,1645.34,1654.5,1640.8,1641.01,110321.47
2023-10-05T04:00:00Z,1641.01,1644.96,1630.62,1634.79,90273.77
2023-10-05T08:00:00Z,1634.79,1640.97,1633.58,1635.21,103033.52
2023-10-05T12:00:00Z,1635.21,1648.28,1604.67,1616.9,218701.49
2023-10-05T16:00:00Z,1616.9,1620.32,1606.05,1615.53,155385.01
2023-10-05T20:00:00Z,1615.53,1618.46,1608.74,1610.49,91066.27
2023-10-06T00:00:00Z,1610.49,1624.28,1610.49,1623.18,93260.15
2023-10-06T04:00:00Z,1623.18,1631.46,1617.53,1629.83,110891.33
2023-10-06T08:00:00Z,1629.83,1638.46,1627.47,1633.24,116969.8
2023-10-06T12:00:00Z,1633.24,1648.72,1610.22,1641.61,249547.63
2023-10-06T16:00:00Z,1641.61,1653.91,1633.39,1645.08,140109.14
2023-10-06T20:00:00Z,1645.08,1662.24,1641.6,1643.82,124793.07
2023-10-07T00:00:00Z,1643.82,1646.5,1638.51,1640.13,76896.53
2023-10-07T04:00:00Z,1640.13,1642.1,1635,1635.55,77895
2023-10-07T08:00:00Z,1635.55,1642,1634.71,1637.22,75533.46
2023-10-07T12:00:00Z,1637.22,1642.1,1633.74,1637.35,71401.78
2023-10-07T16:00:00Z,1637.35,1638.29,1628.75,1629.57,63706.7
2023-10-07T20:00:00Z,1629.57,1634.93,1629.13,1632.67,58711.74
2023-10-08T00:00:00Z,1632.67,1640.41,1632.42,1637.97,50994.41
2023-10-08T04:00:00Z,1637.97,1638.7,1623.59,1627.64,78335.07
2023-10-08T08:00:00Z,1627.64,1628.46,1614.77,1616.75,105545.37
2023-10-08T12:00:00Z,1616.75,1636.91,1616.03,1630.23,104340.49
2023-10-08T16:00:00Z,1630.23,1638,1628,1634.38,76906.71
2023-10-08T20:00:00Z,1634.38,1637.23,1626.21,1631.52,59290.92
2023-10-09T00:00:00Z,1631.52,1634.97,1622.22,1632.61,73490.69
2023-10-09T04:00:00Z,1632.61,1633.7,1615.67,1619.46,77197.58
2023-10-09T08:00:00Z,1619.46,1620.74,1581.18,1589.29,210040.07
2023-10-09T12:00:00Z,1589.29,1596.46,1582.24,1585.15,133942.7
2023-10-09T16:00:00Z,1585.15,1586,1543.17,1580.1,266918.14
2023-10-09T20:00:00Z,1580.1,1582.87,1572.34,1578.89,61096
2023-10-10T00:00:00Z,1578.89,1591.92,1574.78,1583.63,90562.22
2023-10-10T04:00:00Z,1583.63,1593.07,1581.52,1589.04,104973.64
2023-10-10T08:00:00Z,1589.04,1593.83,1576.79,1578.46,104910.26
2023-10-10T12:00:00Z,1578.46,1587.45,1562.29,1566.86,178089.02
2023-10-10T16:00:00Z,1566.86,1571.74,1556.08,1564.68,142141.81
2023-10-10T20:00:00Z,1564.68,1569.21,1548.88,1566.41,86136.98
2023-10-11T00:00:00Z,1566.41,1574.82,1542,1555.1,143445.66
2023-10-11T04:00:00Z,1555.1,1560.39,1547.21,1555.76,98497.28
2023-10-11T08:00:00Z,1555.76,1577.39,1555.21,1571.58,140578.53
2023-10-11T12:00:00Z,1571.58,1575.49,1553,1558.76,145268.1
2023-10-11T16:00:00Z,1558.76,1565.71,1547.53,1562.07,140649.41
2023-10-11T20:00:00Z,1562.07,1568.49,1559.87,1565.81,96500.67
2023-10-12T00:00:00Z,1565.81,1567.49,1555.09,1560.55,81149.26
2023-10-12T04:00:00Z,1560.55,1565.8,1556.7,1558.17,77568.39
2023-10-12T08:00:00Z,1558.17,1559.87,1533.61,1551.01,155363.1
2023-10-12T12:00:00Z,1551.01,1552.95,1537.32,1540.5,162376.19
2023-10-12T16:00:00Z,1540.5,1544,1517.53,1530.26,230811.67
2023-10-12T20:00:00Z,1530.26,1539.14,1529.4,1538.6,115119.88
2023-10-13T00:00:00Z,1538.6,1546.6,1536.94,1538.07,106005.43
2023-10-13T04:00:00Z,1538.07,1553.69,1537.81,1548.28,101025.15
2023-10-13T08:00:00Z,1548.28,1551.32,1541.6,1545.47,76359.13
2023-10-13T12:00:00Z,1545.47,1552.52,1536.6,1538.55,85147.03
2023-10-13T16:00:00Z,1538.55,1548.02,1538.09,1544.94,76682.65
2023-10-13T20:00:00Z,1544.94,1575.72,1542.34,1551.09,154874.3
2023-10-14T00:00:00Z,1551.09,1555.59,1548.25,1552.48,81520.17
2023-10-14T04:00:00Z,1552.48,1553.52,1544,1546.75,68563.46
2023-10-14T08:00:00Z,1546.75,1548.54,1543.54,1546.13,73662.23
2023-10-14T12:00:00Z,1546.13,1557.22,1544.99,1555.53,97874.23
2023-10-14T16:00:00Z,1555.53,1557.85,1551.57,1554.36,79633.22
2023-10-14T20:00:00Z,1554.36,1561.51,1552.16,1554.03,70695.33
2023-10-15T00:00:00Z,1554.03,1556.98,1548.68,1553.31,82867.26
2023-10-15T04:00:00Z,1553.31,1553.99,1551.25,1553.8,61074.04
2023-10-15T08:00:00Z,1553.8,1559.21,1552.83,1554.41,54537.06
2023-10-15T12:00:00Z,1554.41,1559.39,1547.99,1552.67,84448.39
2023-10-15T16:00:00Z,1552.67,1564.52,1549.05,1559.68,76400.78
2023-10-15T20:00:00Z,1559.68,1566.37,1551.52,1556.78,99531.8
2023-10-16T00:00:00Z,1556.78,1566.27,1553.75,1561.79,71475.71
2023-10-16T04:00:00Z,1561.79,1587.88,1559.38,1577.53,146509.47
2023-10-16T08:00:00Z,1577.53,1586.08,1574,1581.53,92482.18
2023-10-16T12:00:00Z,1581.53,1641.23,1564.75,1576.54,347819.4
2023-10-16T16:00:00Z,1576.54,1601.23,1571.88,1587.82,167881.83
2023-10-16T20:00:00Z,1587.82,1603.76,1576.45,1598.2,131659.86
2023-10-17T00:00:00Z,1598.2,1599.29,1587.19,1588.03,118088.39
2023-10-17T04:00:00Z,1588.03,1591,1581.29,1589.19,101361.12
2023-10-17T08:00:00Z,1589.19,1592.92,1581.8,1583.11,97780.64
2023-10-17T12:00:00Z,1583.11,1584.7,1563.51,1574.2,135274.44
2023-10-17T16:00:00Z,1574.2,1579.18,1550,1563.02,98608.04
2023-10-17T20:00:00Z,1563.02,1564.62,1556.23,1563.51,68068.9
2023-10-18T00:00:00Z,1563.51,1570.91,1561,1566.94,72589.97
2023-10-18T04:00:00Z,1566.94,1581.18,1565.23,1571.11,112611.16
2023-10-18T08:00:00Z,1571.11,1584.35,1567.81,1577.56,142054.88
2023-10-18T12:00:00Z,1577.56,1580.91,1567.44,1568.99,115633.55
2023-10-18T16:00:00Z,1568.99,1573.84,1561.5,1561.83,116992.82
2023-10-18T20:00:00Z,1561.83,1564.66,1554.21,1562.2,100574.77
2023-10-19T00:00:00Z,1562.2,1566.15,1540,1548.08,102130.87
2023-10-19T04:00:00Z,1548.08,1552.3,1544.53,1550.8,85978.87
2023-10-19T08:00:00Z,1550.8,1554.4,1540.18,1552.64,91026.9
2023-10-19T12:00:00Z,1552.64,1564.45,1549.57,1559.85,113702.08
2023-10-19T16:00:00Z,1559.85,1573.24,1558.62,1567.11,117569.51
2023-10-19T20:00:00Z,1567.11,1572.44,1561.81,1565.3,92086.62
2023-10-20T00:00:00Z,1565.3,1594.06,1559.91,1585.65,148701.18
2023-10-20T04:00:00Z,1585.65,1588.36,1577.72,1582.3,86134.85
2023-10-20T08:00:00Z,1582.3,1629.61,1582.06,1611.99,213544.1
2023-10-20T12:00:00Z,1611.99,1615.3,1596.44,1604.34,131355.1
2023-10-20T16:00:00Z,1604.34,1608.69,1596.21,1605.53,98976.07
2023-10-20T20:00:00Z,1605.53,1609.15,1601,1602.63,55253.6
2023-10-21T00:00:00Z,1602.63,1605.07,1591,1596.39,76909.68
2023-10-21T04:00:00Z,1596.39,1605.97,1596.03,1605.29,60771.2
2023-10-21T08:00:00Z,1605.29,1608.85,1601.81,1607.6,67846.69
2023-10-21T12:00:00Z,1607.6,1628.31,1601.38,1627.52,151003.19
2023-10-21T16:00:00Z,1627.52,1643.27,1618.95,1633.92,165332.25
2023-10-21T20:00:00Z,1633.92,1634.79,1624.71,1627.85,111474.16
2023-10-22T00:00:00Z,1627.85,1640.47,1622.01,1628.01,92418.86
2023-10-22T04:00:00Z,1628.01,1647.84,1623.01,1629.56,159478.35
2023-10-22T08:00:00Z,1629.56,1634.74,1623.3,1627.38,88345.74
2023-10-22T12:00:00Z,1627.38,1636.34,1620,1624.56,85523.28
2023-10-22T16:00:00Z,1624.56,1639.83,1623.1,1634.01,84945.37
2023-10-22T20:00:00Z,1634.01,1667.44,1633.13,1662.99,118179.38
2023-10-23T00:00:00Z,1662.99,1702,1656.24,1693.89,200859.07
2023-10-23T04:00:00Z,1693.89,1705.46,1670.56,1675.68,136790.84
2023-10-23T08:00:00Z,1675.68,1683.8,1661.11,1675.9,95480.65
2023-10-23T12:00:00Z,1675.9,1683.3,1662.25,1675.38,116062.62
2023-10-23T16:00:00Z,1675.38,1712.22,1669.79,1707.52,160082.14
2023-10-23T20:00:00Z,1707.52,1802.6,1702.42,1765.92,242425.62
2023-10-24T00:00:00Z,1765.92,1849.45,1757.64,1808.32,193027.36
2023-10-24T04:00:00Z,1808.32,1837.1,1800.36,1809.28,148761.69
2023-10-24T08:00:00Z,1809.28,1845.35,1806.22,1845.35,111792.17
2023-10-24T12:00:00Z,1845.35,1854.27,1761.64,1777.03,271594.78
2023-10-24T16:00:00Z,1777.03,1799.49,1754.88,1776.32,175827.34
2023-10-24T20:00:00Z,1776.32,1795.5,1763.24,1783.82,125217.68
2023-10-25T00:00:00Z,1783.82,1805.99,1776.04,1787.66,101948.98
2023-10-25T04:00:00Z,1787.66,1794.69,1760,1768.31,128772.75
2023-10-25T08:00:00Z,1768.31,1792.46,1759.19,1785.21,124767.67
2023-10-25T12:00:00Z,1785.21,1818.57,1778.18,1805.65,156530.97
2023-10-25T16:00:00Z,1805.65,1814.67,1778.54,1789.29,131078.71
2023-10-25T20:00:00Z,1789.29,1795.71,1775,1786.48,82033.82
2023-10-26T00:00:00Z,1786.48,1816.87,1778.88,1815.9,90937.84
2023-10-26T04:00:00Z,1815.9,1859,1790.01,1849.95,213465.26
2023-10-26T08:00:00Z,1849.95,1868.21,1803.63,1812.98,233974.38
2023-10-26T12:00:00Z,1812.98,1825.19,1766.03,1777.51,255045.44
2023-10-26T16:00:00Z,1777.51,1793.98,1761.33,1792.26,145851.28
2023-10-26T20:00:00Z,1792.26,1811.25,1790,1802.79,111890.1
2023-10-27T00:00:00Z,1802.79,1803.42,1772.06,1790.37,146040.2
2023-10-27T04:00:00Z,1790.37,1796.92,1775.56,1776.48,122852.38
2023-10-27T08:00:00Z,1776.48,1791.09,1774.76,1781.01,73673.85
2023-10-27T12:00:00Z,1781.01,1797.12,1769.96,1782.54,125595.37
2023-10-27T16:00:00Z,1782.54,1784.73,1742,1773.7,143008.78
2023-10-27T20:00:00Z,1773.7,1784.52,1773.45,1779.46,61440.68
2023-10-28T00:00:00Z,1779.46,1794.21,1778.39,1790.14,58636.94
2023-10-28T04:00:00Z,1790.14,1795.95,1785.25,1787.56,48016.15
2023-10-28T08:00:00Z,1787.56,1803.7,1785.37,1788.19,105062.35
2023-10-28T12:00:00Z,1788.19,1791.89,1775.12,1790.8,77170.4
2023-10-28T16:00:00Z,1790.8,1791.08,1776.53,1776.77,66886
2023-10-28T20:00:00Z,1776.77,1783.61,1769.07,1776.14,70617.89
2023-10-29T00:00:00Z,1776.14,1781.93,1761.94,1774.88,71014.37
2023-10-29T04:00:00Z,1774.88,1783.97,1772.61,1782.85,59454.09
2023-10-29T08:00:00Z,1782.85,1792.95,1782.78,1788.74,94307.1
2023-10-29T16:00:00Z,1792.27,1807.43,1786.59,1793.27,127615.21
2023-10-29T20:00:00Z,1793.27,1811.97,1791.04,1795.15,105796
2023-10-30T00:00:00Z,1795.15,1798.34,1778.4,1782.66,93340.57
2023-10-30T04:00:00Z,1782.66,1791.87,1777.2,1786.88,108921.36
2023-10-30T08:00:00Z,1786.88,1828.29,1784,1815.51,224725.5
2023-10-30T12:00:00Z,1815.51,1831.16,1805.45,1820,136123.83
2023-10-30T16:00:00Z,1820,1820.27,1777,1801.39,165499.66
2023-10-30T20:00:00Z,1801.39,1817.03,1796.82,1809.26,89211.69
2023-10-31T00:00:00Z,1809.26,1820.26,1793.68,1794.82,84410.34
2023-10-31T04:00:00Z,1794.82,1804.83,1786.02,1790.71,85413.01
2023-10-31T08:00:00Z,1790.71,1814.34,1782.56,1809.56,90296.4
2023-10-31T12:00:00Z,1809.56,1813,1780.53,1791.37,145349.66
2023-10-31T16:00:00Z,1791.37,1815.26,1787.67,1811.88,105513.25
2023-10-31T20:00:00Z,1811.88,1818.21,1802.35,1815.24,92028.51
2023-11-01T00:00:00Z,1815.24,1830.48,1808.14,1810.2,117556.6
2023-11-01T04:00:00Z,1810.2,1810.83,1797.91,1804.83,85313.26
2023-11-01T08:00:00Z,1804.83,1808.58,1792.2,1799.87,109099.89
2023-11-01T12:00:00Z,1799.87,1828.22,1782.62,1792.55,252963.08
2023-11-01T16:00:00Z,1792.55,1852.48,1791.87,1836.33,231216.21
2023-11-01T20:00:00Z,1836.33,1860.73,1836.22,1847.71,153885.33
2023-11-02T00:00:00Z,1847.71,1875.39,1840.75,1858.91,147149.41
2023-11-02T04:00:00Z,1858.91,1860.65,1828.73,1835.57,138274.52
2023-11-02T08:00:00Z,1835.57,1840.73,1820.72,1836.46,74745.83
2023-11-02T12:00:00Z,1836.46,1842.81,1800.03,1802.84,147233.66
2023-11-02T16:00:00Z,1802.84,1811.96,1784,1811.77,107806.97
2023-11-02T20:00:00Z,1811.77,1812.96,1791.05,1800.14,69864.26
2023-11-03T00:00:00Z,1800.14,1802.54,1776,1797.73,103870.75
2023-11-03T04:00:00Z,1797.73,1801.21,1787.1,1798.23,78348.12
2023-11-03T08:00:00Z,1798.23,1804.29,1780.12,1789.37,117882.05
2023-11-03T12:00:00Z,1789.37,1813.59,1784.56,1811.88,151252.29
2023-11-03T16:00:00Z,1811.88,1823.73,1798.65,1816.35,147330.4
2023-11-03T20:00:00Z,1816.35,1833.85,1814.13,1832.18,94858.55
2023-11-04T00:00:00Z,1832.18,1839.68,1823.43,1834.73,87578.77
2023-11-04T04:00:00Z,1834.73,1839.96,1826.05,1834.24,86899.22
2023-11-04T08:00:00Z,1834.24,1848.34,1831,1837.43,130103.14
2023-11-04T12:00:00Z,1837.43,1840.77,1828.32,1831.79,74440.58
2023-11-04T16:00:00Z,1831.79,1840.68,1831.15,1835.17,64174.06
2023-11-04T20:00:00Z,1835.17,1870.85,1834.06,1856.45,105175.37
2023-11-05T00:00:00Z,1856.45,1895.92,1846.67,1890.11,150528.5
2023-11-05T04:00:00Z,1890.11,1895.27,1876.92,1885.66,126601.49
2023-11-05T08:00:00Z,1885.66,1898.4,1878.31,1888.38,99003.34
2023-11-05T12:00:00Z,1888.38,1900.95,1865,1874.49,148861.98
2023-11-05T16:00:00Z,1874.49,1914.35,1873.01,1888.59,145097
2023-11-05T20:00:00Z,1888.59,1911.23,1854.37,1892.1,154151.16
2023-11-06T00:00:00Z,1892.1,1900.68,1880.43,1887.3,94503.83
2023-11-06T04:00:00Z,1887.3,1889.85,1869.08,1878.19,112372.6
2023-11-06T08:00:00Z,1878.19,1899.05,1873,1898.83,158469.2
2023-11-06T12:00:00Z,1898.83,1915,1888.42,1901.22,180756.71
2023-11-06T16:00:00Z,1901.22,1904.12,1885.73,1902.01,125641.35
2023-11-06T20:00:00Z,1902.01,1907.37,1881.24,1901.13,101701.09
2023-11-07T00:00:00Z,1901.13,1904.05,1877.98,1890.41,110626.03
2023-11-07T04:00:00Z,1890.41,1896.7,1885.66,1891.99,80636.07
2023-11-07T08:00:00Z,1891.99,1895,1866.43,1873.43,131487.11
2023-11-07T12:00:00Z,1873.43,1880.21,1858.1,1863.28,125586.37
2023-11-07T16:00:00Z,1863.28,1900.59,1849.75,1894.41,169262.13
2023-11-07T20:00:00Z,1894.41,1907.76,1872.45,1885.21,117440.59
2023-11-08T00:00:00Z,1885.21,1892.88,1880.01,1882.59,88076.02
2023-11-08T04:00:00Z,1882.59,1886.67,1872.43,1874.71,68843.82
2023-11-08T08:00:00Z,1874.71,1889,1873.51,1880.53,103489.03
2023-11-08T12:00:00Z,1880.53,1892.77,1879.76,1889.04,114167.22
2023-11-08T16:00:00Z,1889.04,1904.93,1886.69,1899.46,120905.75
2023-11-08T20:00:00Z,1899.46,1905.31,1882.61,1888.04,105622.33
2023-11-09T00:00:00Z,1888.04,1928.29,1881.68,1919.08,162976.7
2023-11-09T04:00:00Z,1919.08,1930,1909.42,1911.94,132601.54
2023-11-09T08:00:00Z,1911.94,1920,1904.45,1913.33,124467.67
2023-11-09T12:00:00Z,1913.33,2061.89,1908,2039.38,545562.32
2023-11-09T16:00:00Z,2039.38,2052.56,1973.02,2019.18,469771.31
2023-11-09T20:00:00Z,2019.18,2133.38,2011.59,2122.72,334430.78
2023-11-10T00:00:00Z,2122.72,2130.15,2095.62,2122.41,189296.12
2023-11-10T04:00:00Z,2122.41,2138.54,2101.35,2103.96,175629.67
2023-11-10T08:00:00Z,2103.96,2109.79,2083.55,2097.72,167507.28
2023-11-10T12:00:00Z,2097.72,2099.9,2065.52,2090.45,171744.18
2023-11-10T16:00:00Z,2090.45,2104.44,2086.17,2088.79,139094.23
2023-11-10T20:00:00Z,2088.79,2100.61,2070.29,2077.92,129797.65
2023-11-11T00:00:00Z,2077.92,2085.66,2027.47,2047.17,198940.8
2023-11-11T04:00:00Z,2047.17,2061.67,2035.23,2055.87,77631.92
2023-11-11T08:00:00Z,2055.87,2067.61,2046.85,2059.04,119291.8
2023-11-11T12:00:00Z,2059.04,2090.11,2053.65,2068.31,165503.19
2023-11-11T16:00:00Z,2068.31,2091.08,2067.22,2076.84,162247.94
2023-11-11T20:00:00Z,2076.84,2077.15,2032.29,2053.91,142031.13
2023-11-12T00:00:00Z,2053.91,2055.98,2011.29,2052.15,212327.63
2023-11-12T04:00:00Z,2052.15,2060.99,2044.65,2058.27,108389.88
2023-11-12T08:00:00Z,2058.27,2059.67,2046.78,2048.77,83216.3
2023-11-12T12:00:00Z,2048.77,2068.22,2036.16,2057.72,128211.55
2023-11-12T16:00:00Z,2057.72,2060.58,2045.46,2050.5,92546.07
2023-11-12T20:00:00Z,2050.5,2067.83,2029.52,2045.26,134507.02
2023-11-13T00:00:00Z,2045.26,2075.11,2036.43,2040.55,193322.29
2023-11-13T04:00:00Z,2040.55,2056.96,2029.61,2049.25,169429.66
2023-11-13T08:00:00Z,2049.25,2061.9,2039.6,2047.77,92795.13
2023-11-13T12:00:00Z,2047.77,2108.83,2040.12,2106.38,239125.07
2023-11-13T16:00:00Z,2106.38,2119.36,2065.38,2100.65,223609.06
2023-11-13T20:00:00Z,2100.65,2103.44,2043.91,2054.11,166698.12
2023-11-14T00:00:00Z,2054.11,2059,2031.54,2056.17,120782.46
2023-11-14T04:00:00Z,2056.17,2064.88,2048.2,2061.2,107374.12
2023-11-14T08:00:00Z,2061.2,2065.54,2026.48,2032.6,132871.85
2023-11-14T12:00:00Z,2032.6,2055.33,2019.92,2038.99,247251.97
2023-11-14T16:00:00Z,2038.99,2055.03,1919.56,1979.15,329838.66
2023-11-14T20:00:00Z,1979.15,1995,1968.63,1979.6,123320.5
2023-11-15T00:00:00Z,1979.6,1992.03,1966.98,1968.08,104691.62
2023-11-15T04:00:00Z,1968.08,1987.78,1967.79,1983.02,113277.05
2023-11-15T08:00:00Z,1983.02,2015,1981.35,2013.36,187790
2023-11-15T12:00:00Z,2013.36,2023.82,2005.55,2021.43,168134.27
2023-11-15T16:00:00Z,2021.43,2053.98,2001.39,2052.04,241742.79
2023-11-15T20:00:00Z,2052.04,2063.35,2036.35,2058.68,139771.67
2023-11-16T00:00:00Z,2058.68,2081.82,2051.62,2054,126012.4
2023-11-16T04:00:00Z,2054,2065.76,2048.72,2054.07,119291.79
2023-11-16T08:00:00Z,2054.07,2092.18,2036.7,2069.19,214785.29
2023-11-16T12:00:00Z,2069.19,2070,1978.43,1995.41,250146.1
2023-11-16T16:00:00Z,1995.41,2014.89,1938.03,1964.69,240950.9
2023-11-16T20:00:00Z,1964.69,1970.14,1945,1961.21,131184.47
2023-11-17T00:00:00Z,1961.21,1991.08,1959.5,1983.3,111784.35
2023-11-17T04:00:00Z,1983.3,1987.12,1967.44,1970.38,112905.21
2023-11-17T08:00:00Z,1970.38,1982.4,1953.99,1965.56,113426.94
2023-11-17T12:00:00Z,1965.56,1970.88,1912.43,1918.14,216243.02
2023-11-17T16:00:00Z,1918.14,1948.94,1905.36,1938.8,217199.77
2023-11-17T20:00:00Z,1938.8,1967.27,1937.61,1960.77,102216.67
2023-11-18T00:00:00Z,1960.77,1961.38,1940.12,1941.4,94928.05
2023-11-18T04:00:00Z,1941.4,1946.01,1916.6,1935.97,103206.58
2023-11-18T08:00:00Z,1935.97,1945.41,1930.72,1935.41,94213.93
2023-11-18T12:00:00Z,1935.41,1954.84,1931,1952.82,91925.51
2023-11-18T16:00:00Z,1952.82,1971.29,1952.3,1963.72,109653.96
2023-11-18T20:00:00Z,1963.72,1966.35,1950.14,1962.21,77828.35
2023-11-19T00:00:00Z,1962.21,1962.62,1943.26,1955.58,165714.39
2023-11-19T04:00:00Z,1955.58,1966.74,1952.6,1961.92,80855.13
2023-11-19T08:00:00Z,1961.92,1966.6,1945.41,1951.58,76103.54
2023-11-19T12:00:00Z,1951.58,1969,1944.56,1966.65,96323.58
2023-11-19T16:00:00Z,1966.65,1985.12,1965.22,1983.26,105603.74
2023-11-19T20:00:00Z,1983.26,2015.82,1975.77,2011.89,174449.5
2023-11-20T00:00:00Z,2011.89,2013.09,1995.51,2000.08,104714.78
2023-11-20T04:00:00Z,2000.08,2028.65,1993.52,2019.57,111520.05
2023-11-20T08:00:00Z,2019.57,2043.29,2008.87,2024.53,154301.75
2023-11-20T12:00:00Z,2024.53,2050.92,1989.53,2042.69,208123.77
2023-11-20T16:00:00Z,2042.69,2067.92,2010.95,2037.08,211642.04
2023-11-20T20:00:00Z,2037.08,2039.94,2015.13,2021.86,104707.3
2023-11-21T00:00:00Z,2021.86,2035.22,2006.95,2018.87,83494.67
2023-11-21T04:00:00Z,2018.87,2019.64,2002.72,2004.08,79690.47
2023-11-21T08:00:00Z,2004.08,2017.6,2002,2004.09,94289.48
2023-11-21T12:00:00Z,2004.09,2015.7,1950.6,1988.36,294716.34
2023-11-21T16:00:00Z,1988.36,2022.93,1960.26,1985.63,260683.84
2023-11-21T20:00:00Z,1985.63,2006.67,1929.92,1932.85,217819.65
2023-11-22T00:00:00Z,1932.85,1979.27,1928.75,1977.41,149364.45
2023-11-22T04:00:00Z,1977.41,2001.88,1976.36,1993.62,108660.65
2023-11-22T08:00:00Z,1993.62,2029.38,1992.04,2014.83,141624.55
2023-11-22T12:00:00Z,2014.83,2043.15,2010.67,2033.61,189028.67
2023-11-22T16:00:00Z,2033.61,2083.77,2027.13,2077,262361.47
2023-11-22T20:00:00Z,2077,2092.75,2058.04,2063.32,186214.08
2023-11-23T00:00:00Z,2063.32,2071,2053.13,2059.49,124635.31
2023-11-23T04:00:00Z,2059.49,2069.65,2057.57,2065.81,97988.15
2023-11-23T08:00:00Z,2065.81,2088.8,2038.24,2062.64,135423.68
2023-11-23T12:00:00Z,2062.64,2070.71,2039.61,2041.68,128133.19
2023-11-23T16:00:00Z,2041.68,2066.7,2039.83,2061.92,86993.61
2023-11-23T20:00:00Z,2061.92,2077.81,2059.29,2061.62,67645.93
2023-11-24T00:00:00Z,2061.62,2076.9,2059.12,2063.44,93563
2023-11-24T04:00:00Z,2063.44,2082.67,2062.01,2079.83,98160.34
2023-11-24T08:00:00Z,2079.83,2129,2075,2097.21,203656.12
2023-11-24T12:00:00Z,2097.21,2133.98,2096.26,2116.93,125993.58
2023-11-24T16:00:00Z,2116.93,2125.62,2079.31,2087.6,151340.8
2023-11-24T20:00:00Z,2087.6,2095.59,2058.27,2080.42,134790.14
2023-11-25T00:00:00Z,2080.42,2089,2072.46,2086.33,105980.48
2023-11-25T04:00:00Z,2086.33,2089.71,2079.89,2087.77,75976.98
2023-11-25T08:00:00Z,2087.77,2090.06,2065.02,2070.29,86766.1
2023-11-25T12:00:00Z,2070.29,2079.09,2066.69,2077.39,81779.64
2023-11-25T16:00:00Z,2077.39,2084.05,2073.37,2082,74126.89
2023-11-25T20:00:00Z,2082,2086.04,2079.91,2082.25,67574.33
2023-11-26T00:00:00Z,2082.25,2083.33,2066.8,2075.48,68060.98
2023-11-26T04:00:00Z,2075.48,2092.22,2070.27,2088.55,101763.85
2023-11-26T08:00:00Z,2088.55,2094,2081.66,2084.04,71915.92
2023-11-26T12:00:00Z,2084.04,2090,2060.96,2064.77,161482.83
2023-11-26T16:00:00Z,2064.77,2068.94,2035.75,2056.43,183721.91
2023-11-26T20:00:00Z,2056.43,2082.08,2054.96,2061.81,112271.07
2023-11-27T00:00:00Z,2061.81,2070.94,2038.6,2048.02,108768.9
2023-11-27T04:00:00Z,2048.02,2054.75,2029.49,2044.87,84962.37
2023-11-27T08:00:00Z,2044.87,2052.38,2016.32,2024.22,141350.09
2023-11-27T12:00:00Z,2024.22,2029,1999.41,2002.57,151304.82
2023-11-27T16:00:00Z,2002.57,2024,1984.88,1994.23,212007.99
2023-11-27T20:00:00Z,1994.23,2029.2,1986.7,2026.94,84253.47
2023-11-28T00:00:00Z,2026.94,2040.4,2019.98,2026.87,89004.82
2023-11-28T04:00:00Z,2026.87,2029.39,1994.48,2014.17,124877.99
2023-11-28T08:00:00Z,2014.17,2028.4,2005,2027.57,94296.12
2023-11-28T12:00:00Z,2027.57,2041.47,2018.6,2035.79,122103.2
2023-11-28T16:00:00Z,2035.79,2075.38,2034.65,2059.19,192458.66
2023-11-28T20:00:00Z,2059.19,2065.57,2042.5,2048.38,103646.17
2023-11-29T00:00:00Z,2048.38,2057.3,2038.75,2052.91,80289.49
2023-11-29T04:00:00Z,2052.91,2063.22,2046.92,2056.98,87747.25
2023-11-29T08:00:00Z,2056.98,2076.24,2044.38,2052,107880.96
2023-11-29T12:00:00Z,2052,2061.27,2019.68,2030.35,176204.53
2023-11-29T16:00:00Z,2030.35,2042.26,2018.57,2038.74,82930.6
2023-11-29T20:00:00Z,2038.74,2039.66,2019.23,2028.63,59907.18
2023-11-30T00:00:00Z,2028.63,2040.68,2021.97,2040.52,71474.66
2023-11-30T04:00:00Z,2040.52,2043.99,2030.99,2034.99,98167.15
2023-11-30T08:00:00Z,2034.99,2046.2,2020.02,2044.55,87198.59
2023-11-30T12:00:00Z,2044.55,2052.13,2024.09,2032.93,156300.93
2023-11-30T16:00:00Z,2032.93,2043.81,2028.14,2041.22,90502.88
2023-11-30T20:00:00Z,2041.22,2054.06,2039.02,2051.17,69550.29
2023-12-01T00:00:00Z,2051.17,2093,2044.19,2091.35,151290.14
2023-12-01T04:00:00Z,2091.35,2107.95,2086.6,2091.9,135773.51
2023-12-01T08:00:00Z,2091.9,2111.77,2085.94,2092.16,130576.7
2023-12-01T12:00:00Z,2092.16,2094.37,2069.96,2079.58,133815.33
2023-12-01T16:00:00Z,2079.58,2109.37,2077.77,2089.42,126694.92
2023-12-02T00:00:00Z,2086.95,2096.48,2085.86,2092.52,76703.33
2023-12-02T04:00:00Z,2092.52,2105.97,2089.05,2095.02,63381.6
2023-12-02T08:00:00Z,2095.02,2106.73,2095.02,2098.42,42881.96
2023-12-02T12:00:00Z,2098.42,2108.83,2092.97,2103.97,48457.03
2023-12-02T16:00:00Z,2103.97,2198.25,2096.88,2160.3,173855.51
2023-12-02T20:00:00Z,2160.3,2177.44,2153.89,2165.62,81619.79
2023-12-03T00:00:00Z,2165.62,2178.09,2156.03,2162.12,63637.6
2023-12-03T04:00:00Z,2162.12,2165.12,2152.42,2164.4,50086.08
2023-12-03T08:00:00Z,2164.4,2168.3,2156.61,2158.95,45459.07
2023-12-03T12:00:00Z,2158.95,2169.59,2149.08,2160.08,77478.19
2023-12-03T16:00:00Z,2160.08,2168.35,2150.33,2167.1,50063.78
2023-12-03T20:00:00Z,2167.1,2221,2164.56,2192.71,127717.45
2023-12-04T00:00:00Z,2192.71,2229.23,2191.43,2209.96,123544.83
2023-12-04T04:00:00Z,2209.96,2266.95,2209.9,2246.57,147805.35
2023-12-04T08:00:00Z,2246.57,2276.16,2212.94,2237.78,172249.53
2023-12-04T12:00:00Z,2237.78,2255.99,2200.95,2211.53,141167.29
2023-12-04T16:00:00Z,2211.53,2235,2209.56,2234.37,79735.44
2023-12-04T20:00:00Z,2234.37,2254.12,2220.01,2243,76406.31
2023-12-05T00:00:00Z,2243,2252.92,2222.65,2230.9,59418.5
2023-12-05T04:00:00Z,2230.9,2237.44,2187.49,2199.63,139147.54
2023-12-05T08:00:00Z,2199.63,2209.63,2189.74,2204.04,62636.27
2023-12-05T12:00:00Z,2204.04,2234.28,2198.76,2227.99,111682.47
2023-12-05T16:00:00Z,2227.99,2311.13,2219.51,2272.99,193195.56
2023-12-05T20:00:00Z,2272.99,2298.92,2251.57,2293.08,65241.11
2023-12-06T00:00:00Z,2293.08,2312.86,2274.42,2281.82,76951.75
2023-12-06T04:00:00Z,2281.82,2284.97,2258.34,2265.93,57594.49
2023-12-06T08:00:00Z,2265.93,2287.77,2232.72,2253.01,89827.93
2023-12-06T12:00:00Z,2253.01,2268.7,2247.38,2252.14,60289.97
2023-12-06T16:00:00Z,2252.14,2284.71,2249.86,2263.05,51665.12
2023-12-06T20:00:00Z,2263.05,2265.32,2218.2,2232.5,90714.12
2023-12-07T00:00:00Z,2232.5,2249.99,2230.51,2249.11,48979.21
2023-12-07T04:00:00Z,2249.11,2269.31,2247.73,2261.48,51168.45
2023-12-07T08:00:00Z,2261.48,2268.99,2221.6,2236.29,122547.74
2023-12-07T12:00:00Z,2236.29,2330.93,2232.02,2322.32,157261.07
2023-12-07T16:00:00Z,2322.32,2358.66,2317.05,2336.85,173965.74
2023-12-07T20:00:00Z,2336.85,2384.45,2336.4,2356.09,86721.98
2023-12-08T00:00:00Z,2356.09,2388.34,2352.61,2375.64,71713.98
2023-12-08T04:00:00Z,2375.64,2394.16,2353.88,2353.98,79011.93
2023-12-08T08:00:00Z,2353.98,2373.98,2346.53,2366.46,62714.19
2023-12-08T12:00:00Z,2366.46,2377.92,2337.31,2346.6,136057.4
2023-12-08T16:00:00Z,2346.6,2362.54,2340.59,2353.46,40848.99
2023-12-08T20:00:00Z,2353.46,2378.23,2352.7,2359.8,48993.2
2023-12-09T00:00:00Z,2359.8,2367.72,2349.76,2360.85,29805.27
2023-12-09T04:00:00Z,2360.85,2389.48,2360.35,2384.41,56160.79
2023-12-09T08:00:00Z,2384.41,2406.91,2350.09,2357.96,108949.57
2023-12-09T12:00:00Z,2357.96,2369.84,2337.08,2363.09,85111.23
2023-12-09T16:00:00Z,2363.09,2366.11,2342.66,2358.76,33605.82
2023-12-09T20:00:00Z,2358.76,2363.14,2328.1,2341.36,43511.78
2023-12-10T00:00:00Z,2341.36,2355.82,2340.2,2352.12,21007.53
2023-12-10T04:00:00Z,2352.12,2359.58,2345.44,2354.68,19599.22
2023-12-10T08:00:00Z,2354.68,2356.66,2322,2338.79,55167.9
2023-12-10T12:00:00Z,2338.79,2357.07,2338,2352.97,35049.1
2023-12-10T16:00:00Z,2352.97,2362.96,2341.38,2356.41,36799.36
2023-12-10T20:00:00Z,2356.41,2379.27,2344.09,2353.11,55811.11
2023-12-11T00:00:00Z,2353.11,2355.99,2119.6,2250.91,222446.09
2023-12-11T04:00:00Z,2250.91,2254.62,2225.95,2236.66,94620.67
2023-12-11T08:00:00Z,2236.66,2252.93,2230.06,2249.33,51617.87
2023-12-11T12:00:00Z,2249.33,2251.7,2200,2219.39,118024.18
2023-12-11T16:00:00Z,2219.39,2222.34,2156.26,2188.18,151519.55
2023-12-11T20:00:00Z,2188.18,2227.11,2181.43,2225.08,56199.06
2023-12-12T00:00:00Z,2225.08,2244.66,2221.63,2231.56,44391.84
2023-12-12T04:00:00Z,2231.56,2239.1,2212.46,2233.24,77175.2
2023-12-12T08:00:00Z,2233.24,2238.51,2207.61,2208.86,95498.4
2023-12-12T12:00:00Z,2208.86,2233.96,2186,2194.06,166951.73
2023-12-12T16:00:00Z,2194.06,2199.67,2168,2179.75,262714.14
2023-12-12T20:00:00Z,2179.75,2206.8,2164.75,2203.58,191214.55
2023-12-13T00:00:00Z,2203.58,2207.54,2149.55,2166.46,209907.73
2023-12-13T04:00:00Z,2166.46,2180.76,2145.18,2173.64,162372.23
2023-12-13T08:00:00Z,2173.64,2186.9,2169.26,2172.39,116003.39
2023-12-13T12:00:00Z,2172.39,2226.33,2170.03,2218.02,166118.81
2023-12-13T16:00:00Z,2218.02,2255.76,2201.8,2252.99,179036.17
2023-12-13T20:00:00Z,2252.99,2285.1,2245.53,2260.65,164564.58
2023-12-14T00:00:00Z,2260.65,2262.88,2245.93,2251.57,98963.42
2023-12-14T04:00:00Z,2251.57,2283.33,2246.52,2282.71,140129.85
2023-12-14T08:00:00Z,2282.71,2308.31,2271.15,2307.7,147623.04
2023-12-14T12:00:00Z,2307.7,2317.86,2227.11,2275.59,263111.17
2023-12-14T16:00:00Z,2275.59,2314.31,2274.4,2292.93,283487.63
2023-12-14T20:00:00Z,2292.93,2332.51,2282.89,2315.66,270631.26
2023-12-15T00:00:00Z,2315.66,2318.3,2274.52,2281.05,138947.91
2023-12-15T04:00:00Z,2281.05,2283.52,2256.69,2271.92,181988.75
2023-12-15T08:00:00Z,2271.92,2287.38,2265.57,2273.63,179549.65
2023-12-15T12:00:00Z,2273.63,2274.3,2224.83,2231.99,261085.32
2023-12-15T16:00:00Z,2231.99,2249.51,2228.75,2242.58,154142.12
2023-12-15T20:00:00Z,2242.58,2252.5,2193.05,2221.16,157956.44
2023-12-16T00:00:00Z,2221.16,2259.82,2210.52,2255.33,193186.8
2023-12-16T04:00:00Z,2255.33,2256.02,2238.37,2241.74,139770.93
2023-12-16T08:00:00Z,2241.74,2254.38,2239.84,2254.34,138834.59
2023-12-16T12:00:00Z,2254.34,2260.17,2240,2256.77,142530.74
2023-12-16T16:00:00Z,2256.77,2264.04,2230.19,2235.42,172089.07
2023-12-16T20:00:00Z,2235.42,2241.96,2219.98,2229.09,131500.41
2023-12-17T00:00:00Z,2229.09,2234.2,2211.33,2217.42,129751.19
2023-12-17T04:00:00Z,2217.42,2224.56,2200.77,2209.45,153773.65
2023-12-17T08:00:00Z,2209.45,2221.1,2205.07,2216.75,122009.03
