timestamp,open,high,low,close,volume
2022-01-01T00:00:00Z,169.8988,174.169,169.8988,172.8875,33809
2022-01-01T04:00:00Z,172.8875,174.2555,171.3132,173.0582,42862
2022-01-01T08:00:00Z,173.0582,173.2897,170.8157,171.4721,32494
2022-01-01T12:00:00Z,171.4721,174.0926,171.4,173.7274,26825
2022-01-01T16:00:00Z,173.7274,177.2718,173.5286,177.2617,26820
2022-01-01T20:00:00Z,177.2617,179.0803,176.0885,179.0367,29000
2022-01-02T00:00:00Z,179.0367,179.3531,177.0498,177.601,28744
2022-01-02T04:00:00Z,177.601,177.9835,175.1104,175.8034,39375
2022-01-02T08:00:00Z,175.8034,176.1394,174.5736,175.5248,25038
2022-01-02T12:00:00Z,175.5248,176.6661,174.9212,176.1346,27817
2022-01-02T16:00:00Z,176.1346,178.6073,174.3312,175.2266,30257
2022-01-02T20:00:00Z,175.2266,177.0015,174.6323,176.2281,24224
2022-01-03T00:00:00Z,176.2281,176.3423,172.1124,172.7476,33531
2022-01-03T04:00:00Z,172.7476,173.7332,171.9555,173.0867,27931
2022-01-03T08:00:00Z,173.0867,174.9089,172.2664,174.6506,56243
2022-01-03T12:00:00Z,174.6506,175.7522,170.8391,170.9177,49194
2022-01-03T16:00:00Z,170.9177,171.6273,168.8717,169.9414,43931
2022-01-03T20:00:00Z,169.9414,171.0381,166.6684,170.0848,34612
2022-01-04T00:00:00Z,170.0848,170.3786,166.8871,167.6696,44809
2022-01-04T04:00:00Z,167.6696,168.957,166.443,168.957,38514
2022-01-04T08:00:00Z,168.957,172.1977,167.2681,171.616,45142
2022-01-04T12:00:00Z,171.616,173.796,170.5404,172.113,44253
2022-01-04T16:00:00Z,172.113,172.4222,167.0533,168.5253,38489
2022-01-04T20:00:00Z,168.5253,169.4329,167.4527,167.7418,34117
2022-01-05T00:00:00Z,167.7418,169.244,167.1531,169.1002,44153
2022-01-05T04:00:00Z,169.1002,170.4077,168.0453,169.8016,40753
2022-01-05T08:00:00Z,169.8016,171.2736,167.9224,168.4136,41676
2022-01-05T12:00:00Z,168.4136,169.2323,167.4684,168.2721,47660
2022-01-05T16:00:00Z,168.2721,168.5973,157.5178,158.6095,66908
2022-01-05T20:00:00Z,158.6095,159.6813,144.6348,154.2163,104424
2022-01-06T00:00:00Z,154.2163,154.6491,147.9645,147.9645,41003
2022-01-06T04:00:00Z,147.9645,150.8141,146.9646,150.5716,48678
2022-01-06T08:00:00Z,150.5716,150.8456,146.2286,147.4738,41415
2022-01-06T12:00:00Z,147.4738,150.9589,146.2352,149.6104,51879
2022-01-06T16:00:00Z,149.6104,154.2231,148.7816,153.7166,41617
2022-01-06T20:00:00Z,153.7166,153.817,150.0003,150.1667,28783
2022-01-07T00:00:00Z,150.1667,150.6161,137.9081,139.5025,76324
2022-01-07T04:00:00Z,139.5025,141.0472,134.6,138.8653,62047
2022-01-07T08:00:00Z,138.8653,142.8088,138.1919,139.1244,40348
2022-01-07T12:00:00Z,139.1244,142.6845,133.0525,135.9977,61978
2022-01-07T16:00:00Z,135.9977,140.4648,134.3812,140.1957,40789
2022-01-07T20:00:00Z,140.1957,140.9054,135.937,136.393,35742
2022-01-08T00:00:00Z,136.393,141.5159,135.7893,139.3568,34068
2022-01-08T04:00:00Z,139.3568,144.5612,139.2865,144.2582,41250
2022-01-08T08:00:00Z,144.2582,147.9301,144.1549,146.3568,49726
2022-01-08T12:00:00Z,146.3568,146.7188,142.1906,144.135,59972
2022-01-08T16:00:00Z,144.135,146.0767,132.9941,135.4203,106265
2022-01-08T20:00:00Z,135.4203,146.73,134.5641,142.1168,55059
2022-01-09T00:00:00Z,142.1168,145.3457,140.7514,141.889,64239
2022-01-09T04:00:00Z,141.889,143.6531,140.0311,140.3964,56407
2022-01-09T08:00:00Z,140.3964,141.2796,137.8303,140.6008,49430
2022-01-09T12:00:00Z,140.6008,140.8523,137.9497,140.0641,28965
2022-01-09T16:00:00Z,140.0641,145.5789,139.6418,145.2604,37628
2022-01-09T20:00:00Z,145.2604,145.6064,139.9941,140.7021,31888
2022-01-10T00:00:00Z,140.7021,142.4901,138.8383,140.6275,30939
2022-01-10T04:00:00Z,140.6275,143.7278,140.2478,142.9698,35016
2022-01-10T08:00:00Z,142.9698,143.4194,138.922,139.3743,63896
2022-01-10T12:00:00Z,139.3743,139.6827,129.9484,133.1669,85513
2022-01-10T16:00:00Z,133.1669,137.4072,130.98,132.6074,69993
2022-01-10T20:00:00Z,132.6074,135.9977,131.8464,135.7184,33132
2022-01-11T00:00:00Z,135.7184,137.4634,133.5841,137.2364,44015
2022-01-11T04:00:00Z,137.2364,137.8169,134.997,137.1525,45241
2022-01-11T08:00:00Z,137.1525,138.3349,134.246,135.3928,38129
2022-01-11T12:00:00Z,135.3928,137.9442,135.0294,136.9997,54495
2022-01-11T16:00:00Z,136.9997,143.3994,136.9,142.3337,53240
2022-01-11T20:00:00Z,142.3337,143.0795,139.666,140.1346,44342
2022-01-12T00:00:00Z,140.1346,141.4731,139.1197,140.0275,42763
2022-01-12T04:00:00Z,140.0275,140.8036,138.1864,138.92,45877
2022-01-12T08:00:00Z,138.92,144.0829,138.6598,141.3433,50949
2022-01-12T12:00:00Z,141.3433,148.444,141.1625,147.6354,66639
2022-01-12T16:00:00Z,147.6354,153.1247,147.5617,152.6483,55452
2022-01-12T20:00:00Z,152.6483,153.3091,151.2744,151.4045,40302
2022-01-13T00:00:00Z,151.4045,152.1742,148.1804,148.6749,54294
2022-01-13T04:00:00Z,148.6749,151.5418,148.5732,151.3393,63674
2022-01-13T08:00:00Z,151.3393,152.7418,149.8556,150.3312,55027
2022-01-13T12:00:00Z,150.3312,157.7099,150.2343,154.8687,90888
2022-01-13T16:00:00Z,154.8687,155.1505,146.5667,147.6351,70982
2022-01-13T20:00:00Z,147.6351,149.8253,145.4708,146.1375,66948
2022-01-14T00:00:00Z,146.1375,147.9233,144.4732,147.4408,83987
2022-01-14T04:00:00Z,147.4408,150.4665,146.6705,147.5593,62984
2022-01-14T08:00:00Z,147.5593,147.6669,141.9561,143.393,59406
2022-01-14T12:00:00Z,143.393,148.1423,141.9895,147.2004,67839
2022-01-14T16:00:00Z,147.2004,149.6715,145.5779,148.2699,36570
2022-01-14T20:00:00Z,148.2699,148.8634,145.3511,146.0565,30403
2022-01-15T00:00:00Z,146.0565,147.2076,145.0251,145.8885,37318
2022-01-15T04:00:00Z,145.8885,146.2343,144.5665,145.4768,38182
2022-01-15T08:00:00Z,145.4768,146.7786,144.7551,146.3175,40887
2022-01-15T12:00:00Z,146.3175,148.5621,143.9343,147.9338,47413
2022-01-15T16:00:00Z,147.9338,148.7267,147.1401,147.8486,46253
2022-01-15T20:00:00Z,147.8486,149.44,147.3426,147.5733,34448
2022-01-16T00:00:00Z,147.5733,148.1566,146.0567,146.8123,35205
2022-01-16T04:00:00Z,146.8123,149.9467,146.3397,149.634,41336
2022-01-16T08:00:00Z,149.634,150.6671,147.593,148.0935,47682
2022-01-16T12:00:00Z,148.0935,151.8446,146.9958,149.7875,67136
2022-01-16T16:00:00Z,149.7875,150.8515,147.6616,147.9047,36054
2022-01-16T20:00:00Z,147.9047,148.5043,146.2314,147.8836,45152
2022-01-17T00:00:00Z,147.8836,148.1848,142.8813,142.8813,57154
2022-01-17T04:00:00Z,142.8813,143.8099,141.6464,143.1199,71699
2022-01-17T08:00:00Z,143.1199,143.7958,142.2205,142.411,62358
2022-01-17T12:00:00Z,142.411,143.7386,140.9548,142.0778,62939
2022-01-17T16:00:00Z,142.0778,142.3918,138.741,139.7899,65049
2022-01-17T20:00:00Z,139.7899,140.2271,137.0367,139.7027,62856
2022-01-18T00:00:00Z,139.7027,141.7574,138.9084,139.1637,53219
2022-01-18T04:00:00Z,139.1637,140.801,138.0442,140.1091,65311
2022-01-18T08:00:00Z,140.1091,140.2726,135.965,137.583,62114
2022-01-18T12:00:00Z,137.583,138.1569,134.2647,136.576,57267
2022-01-18T16:00:00Z,136.576,137.7742,135.5647,136.933,40966
2022-01-18T20:00:00Z,136.933,142.5829,136.3233,141.0792,60138
2022-01-19T00:00:00Z,141.0792,142.5687,136.8041,137.9424,67904
2022-01-19T04:00:00Z,137.9424,139.0494,134.007,134.3571,50657
2022-01-19T08:00:00Z,134.3571,136.2904,132.7424,136.1169,42126
2022-01-19T12:00:00Z,136.1169,138.5628,135.3817,136.8643,38114
2022-01-19T16:00:00Z,136.8643,138,135.2874,136.6849,29922
2022-01-19T20:00:00Z,136.6849,137.4145,134.9901,135.1601,34509
2022-01-20T00:00:00Z,135.1601,137.1764,134.4,136.988,28570
2022-01-20T04:00:00Z,136.988,137.8217,136.1223,137.3332,31752
2022-01-20T08:00:00Z,137.3332,138.1549,135.5756,137.8629,43316
2022-01-20T12:00:00Z,137.8629,143.4206,136.9283,142.8091,68055
2022-01-20T16:00:00Z,142.8091,143.7428,139.7163,139.9384,53505
2022-01-20T20:00:00Z,139.9384,140.2231,125.9018,127.4232,105016
2022-01-21T00:00:00Z,127.4232,128.6723,120.9668,124.1639,139978
2022-01-21T04:00:00Z,124.1639,126.7354,123.8,126.4903,68727
2022-01-21T08:00:00Z,126.4903,126.8337,121.2327,122.115,92356
2022-01-21T12:00:00Z,122.115,122.6277,115.5079,121.7815,110611
2022-01-21T16:00:00Z,121.7815,126.7297,120.116,120.2201,111262
2022-01-21T20:00:00Z,120.2201,121.9802,106.19,112.4104,167844
2022-01-22T00:00:00Z,112.4104,114.0361,108.3607,109.7197,118054
2022-01-22T04:00:00Z,109.7197,110.4279,98.2474,100.4974,208540
2022-01-22T08:00:00Z,100.4974,103.7584,87.7494,98.7359,188598
2022-01-22T12:00:00Z,98.7359,103.1791,92.9002,92.9252,122926
2022-01-22T16:00:00Z,92.9252,98.5037,88.5517,90.5075,141262
2022-01-22T20:00:00Z,90.5075,97.1634,89.6985,94.4834,100917
2022-01-23T00:00:00Z,94.4834,99.1989,93.1941,94.3266,92408
2022-01-23T04:00:00Z,94.3266,101.5003,93.4431,101.186,75891
2022-01-23T08:00:00Z,101.186,104.6839,99.7515,101.8378,67792
2022-01-23T12:00:00Z,101.8378,103.1052,96.1312,98.8281,88189
2022-01-23T16:00:00Z,98.8281,99.7051,93.9326,94.7321,102001
2022-01-23T20:00:00Z,94.7321,101.8505,94.1986,99.7528,67765
2022-01-24T00:00:00Z,99.7528,99.8182,91.2058,92.0466,133989
2022-01-24T04:00:00Z,92.0466,92.7418,86.0033,86.6653,123721
2022-01-24T08:00:00Z,86.6653,89.3688,81.7213,83.9499,216423
2022-01-24T12:00:00Z,83.9499,88.0204,80.8275,87.3645,209830
2022-01-24T16:00:00Z,87.3645,91.4105,83.4924,89.6704,173366
2022-01-24T20:00:00Z,89.6704,96.0776,89.4942,91.9153,82837
2022-01-25T00:00:00Z,91.9153,91.9654,87.8704,90.0154,77324
2022-01-25T04:00:00Z,90.0154,90.7151,87.4046,89.9546,65108
2022-01-25T08:00:00Z,89.9546,94.4479,89.9127,91.4952,71360
2022-01-25T12:00:00Z,91.4952,94.6846,90.3655,92.8752,59088
2022-01-25T16:00:00Z,92.8752,99.8407,92.6288,96.1538,55900
2022-01-25T20:00:00Z,96.1538,96.2632,92.0119,94.6456,47594
2022-01-26T00:00:00Z,94.6456,95.3213,91.3563,94.7025,55346
2022-01-26T04:00:00Z,94.7025,96.8964,93.6547,94.4528,43616
2022-01-26T08:00:00Z,94.4528,98.1863,94.4275,98.0231,48509
2022-01-26T12:00:00Z,98.0231,101.9627,96.0045,98.7604,85497
2022-01-26T16:00:00Z,98.7604,104.3792,96.4374,98.1205,105144
2022-01-26T20:00:00Z,98.1205,98.1753,89.2096,92.0269,97161
2022-01-27T00:00:00Z,92.0269,93.5284,85.7198,86.7355,111446
2022-01-27T04:00:00Z,86.7355,89.7992,86.3533,88.7093,110922
2022-01-27T08:00:00Z,88.7093,91.284,88.1424,91.131,58643
2022-01-27T12:00:00Z,91.131,94.5158,90.682,92.2659,104467
2022-01-27T16:00:00Z,92.2659,93.3841,89.0798,89.8705,69956
2022-01-27T20:00:00Z,89.8705,90.6005,85.6601,89.4443,76550
2022-01-28T00:00:00Z,89.4443,92.8354,88.6196,92.2964,110361
2022-01-28T04:00:00Z,92.2964,93.4326,89.5078,89.5319,66900
2022-01-28T08:00:00Z,89.5319,90.8844,87.4779,88.475,83805
2022-01-28T12:00:00Z,88.475,91.3113,87.0804,90.9859,87069
2022-01-28T16:00:00Z,90.9859,93.0783,90.0397,91.5148,46241
2022-01-28T20:00:00Z,91.5148,93.3932,90.185,91.2793,42925
2022-01-29T00:00:00Z,91.2793,93.6754,90.4837,92.0352,70860
2022-01-29T04:00:00Z,92.0352,97.1917,91.9247,97.1174,78896
2022-01-29T08:00:00Z,97.1174,97.6588,95.294,96.2272,72514
2022-01-29T12:00:00Z,96.2272,98.8381,93.9079,95.064,79657
2022-01-29T16:00:00Z,95.064,95.7245,93.4322,95.1314,46050
2022-01-29T20:00:00Z,95.1314,96.7221,94.5449,96.015,41738
2022-01-30T00:00:00Z,96.015,96.2929,93.3937,94.3464,58162
2022-01-30T04:00:00Z,94.3464,97.5023,94.2628,96.6338,38215
2022-01-30T08:00:00Z,96.6338,96.9169,95,96.283,49083
2022-01-30T12:00:00Z,96.283,96.4519,93.796,94.9594,50146
2022-01-30T16:00:00Z,94.9594,95.835,91.6341,91.9351,44135
2022-01-30T20:00:00Z,91.9351,94.1572,91.3222,93.1632,38369
2022-01-31T00:00:00Z,93.1632,93.4849,89.1788,90.6803,62365
2022-01-31T04:00:00Z,90.6803,90.6803,89.1638,90.1914,39839
2022-01-31T08:00:00Z,90.1914,91.6515,89.9027,91.2793,38017
2022-01-31T12:00:00Z,91.2793,95.9774,90.3,95.2928,58262
2022-01-31T16:00:00Z,95.2928,98.6945,94.9022,98.3753,74108
2022-01-31T20:00:00Z,98.3753,101.3012,97.4329,99.4765,45589
2022-02-01T00:00:00Z,99.4765,107.8953,99.0683,106.8747,124913
2022-02-01T04:00:00Z,106.8747,107.4235,104.6025,105.4414,91525
2022-02-01T08:00:00Z,105.4414,109.0012,103.8319,106.4408,148644
2022-02-01T12:00:00Z,106.4408,110.88,106.0768,108.5272,192047
2022-02-01T16:00:00Z,108.5272,113.5267,107.9231,107.9231,155209
2022-02-01T20:00:00Z,107.9231,112.1917,107.887,109.9971,60204
2022-02-02T00:00:00Z,109.9971,112.2997,108.1893,110.624,110119
2022-02-02T04:00:00Z,110.624,110.6959,107.4975,108.3504,108905
2022-02-02T08:00:00Z,108.3504,110.5042,108.2563,109.9755,84745
2022-02-02T12:00:00Z,109.9755,112.3,105.2826,105.9985,132541
2022-02-02T16:00:00Z,105.9985,111.8117,103.6578,109.9495,117133
2022-02-02T20:00:00Z,109.9495,110.0538,97.0129,101.7677,252143
2022-02-03T00:00:00Z,101.7677,103.0542,96.6702,97.3748,147524
2022-02-03T08:00:00Z,99.3392,99.9592,93.9336,97.3041,150097
2022-02-03T12:00:00Z,97.3041,98.9475,94.257,98.2789,156935
2022-02-03T16:00:00Z,98.2789,99.1481,95.8215,96.7371,66758
2022-02-03T20:00:00Z,96.7371,102.1605,95.8597,101.8973,84857
2022-02-04T00:00:00Z,101.8973,103.7378,100.2374,102.3221,75913
2022-02-04T04:00:00Z,102.3221,106.8795,101.6607,104.9169,155285
2022-02-04T08:00:00Z,104.9169,106.9326,104.4948,104.79,106745
2022-02-04T12:00:00Z,104.79,109.7823,101.7111,107.2085,220119
2022-02-04T16:00:00Z,107.2085,111.3554,107.0552,110.6817,115093
2022-02-04T20:00:00Z,110.7007,112.8046,109.3344,112.6732,76909
2022-02-05T00:00:00Z,112.6732,114.2189,110.228,114.0088,92787
2022-02-05T04:00:00Z,114.0395,118.5634,113.5474,115.5885,268913
2022-02-05T08:00:00Z,115.5885,116.7867,114.4875,114.9205,200660
2022-02-05T12:00:00Z,114.9205,117.1243,114.2156,115.9906,153470
2022-02-05T16:00:00Z,115.9906,116.2585,110.8234,113.4723,144651
2022-02-05T20:00:00Z,113.4723,115.7221,112.8076,113.6608,176336
2022-02-06T00:00:00Z,113.6608,115.7201,113.615,114.3212,114196
2022-02-06T04:00:00Z,114.3212,114.8694,112.1776,114.2785,162284
2022-02-06T08:00:00Z,114.2785,116.0678,113.5193,114.3521,180368
2022-02-06T12:00:00Z,114.3521,115.8841,111.5658,112.9873,120858
2022-02-06T16:00:00Z,112.9873,114.4706,112.0484,112.8584,179398
2022-02-06T20:00:00Z,112.8584,115.4684,112.0229,115.2137,69454
2022-02-07T00:00:00Z,115.2137,119.5313,112.6551,119.0804,143186
2022-02-07T04:00:00Z,119.0804,119.8864,116.9299,117.1555,198770
2022-02-07T08:00:00Z,117.1555,117.7935,115.4157,117.4282,100442
2022-02-07T12:00:00Z,117.4282,121.6189,116.5146,121.2336,146872
2022-02-07T16:00:00Z,121.2336,121.8039,119.1853,119.9555,90128
2022-02-07T20:00:00Z,119.9555,120.9154,116.4592,117.4117,83689
2022-02-08T00:00:00Z,117.4117,118.9056,115.4766,117.3645,107046
2022-02-08T04:00:00Z,117.3645,120.1751,116.7141,117.6215,139108
2022-02-08T08:00:00Z,117.6215,117.7541,112.0483,114.2727,251867
2022-02-08T12:00:00Z,114.2727,114.2727,110.2595,111.9678,208270
2022-02-08T16:00:00Z,111.9678,112.5948,110.259,110.7055,137510
2022-02-08T20:00:00Z,110.7055,114.6053,109.6974,113.3127,182804
2022-02-09T00:00:00Z,113.3127,114.998,110.7399,111.1431,204501
2022-02-09T04:00:00Z,111.1431,111.8495,109.2525,111.4439,109631
2022-02-09T08:00:00Z,111.4439,113.6,110.3419,113.1741,164642
2022-02-09T12:00:00Z,113.1741,117.0309,112.8085,113.127,189632
2022-02-09T16:00:00Z,113.127,115.5732,112.5225,114.9963,135268
2022-02-09T20:00:00Z,114.9963,116.3051,113.5875,113.882,189629
2022-02-10T00:00:00Z,113.882,113.977,110.446,110.8844,122418
2022-02-10T04:00:00Z,110.8844,112.418,110.6616,112.2772,86952
2022-02-10T08:00:00Z,112.2772,114.7805,111.9547,113.6935,174058
2022-02-10T12:00:00Z,113.6935,114.06,105.6024,111.8729,217767
2022-02-10T16:00:00Z,111.8729,112.8243,108.0442,108.7455,127989
2022-02-10T20:00:00Z,108.7455,109.375,105.5,106.0235,139283
2022-02-11T00:00:00Z,106.0235,106.5307,103.5248,104.643,96635
2022-02-11T04:00:00Z,104.643,105.7694,103.2179,105.6317,110232
2022-02-11T08:00:00Z,105.6317,106.3659,104.364,105.4117,120062
2022-02-11T12:00:00Z,105.4117,107.9812,104.9089,106.7324,161929
2022-02-11T16:00:00Z,106.7324,106.9684,99.2036,99.659,250759
2022-02-11T20:00:00Z,99.659,99.9836,95.0753,96.4454,264926
2022-02-12T00:00:00Z,96.4454,98.3863,95.3296,96.8102,205688
2022-02-12T04:00:00Z,96.8102,97.5347,92.6751,93.6246,265913
2022-02-12T08:00:00Z,93.6246,96.1321,93.6246,96.0214,175368
2022-02-12T12:00:00Z,96.0214,96.1084,93.4596,94.964,134619
2022-02-12T16:00:00Z,94.964,99.6992,94.5663,97.0723,222766
2022-02-12T20:00:00Z,97.0723,98.1731,94.2947,95.8568,148846
2022-02-13T00:00:00Z,95.8568,97.2726,94.9918,95.8757,133487
2022-02-13T04:00:00Z,95.8757,96.5864,95.1064,96.222,105581
2022-02-13T08:00:00Z,96.222,96.8572,95.3505,96.0667,86110
2022-02-13T12:00:00Z,96.0667,96.8174,95.3334,95.4646,73638
2022-02-13T16:00:00Z,95.4646,95.5418,91.2671,92.1489,178503
2022-02-13T20:00:00Z,92.1489,94.0389,91.8511,92.7571,90316
2022-02-14T00:00:00Z,92.7571,93.6494,90.663,93.4506,143503
2022-02-14T04:00:00Z,93.4506,94.7622,92.6416,94.716,111704
2022-02-14T08:00:00Z,94.716,94.8633,91.7868,93.0361,120262
2022-02-14T12:00:00Z,93.0361,97.8221,92.24,96.5226,206975
2022-02-14T16:00:00Z,96.5226,97.8402,93.1909,94.2464,100411
2022-02-14T20:00:00Z,94.2464,97.1119,93.5402,96.2521,113008
2022-02-15T00:00:00Z,96.2521,102.3552,96.2521,101.2993,133782
2022-02-15T04:00:00Z,101.2993,102.191,100.303,101.8981,132718
2022-02-15T08:00:00Z,101.8981,103.5846,101.3,102.3185,128965
2022-02-15T12:00:00Z,102.3185,103.2022,100.6511,102.6523,123433
2022-02-15T16:00:00Z,102.6523,103.131,100.7902,101.5463,91987
2022-02-15T20:00:00Z,101.5463,105.7021,100.9145,105.4027,111715
2022-02-16T00:00:00Z,105.4027,105.4921,102.4335,102.7312,119230
2022-02-16T04:00:00Z,102.7312,104.3609,100.6651,104.159,126089
2022-02-16T08:00:00Z,104.159,104.3073,101.3787,102.4362,140886
2022-02-16T12:00:00Z,102.4362,102.6582,98.2948,99.0293,167039
2022-02-16T16:00:00Z,99.0293,103.529,98.2107,103.1469,87797
2022-02-16T20:00:00Z,103.1469,103.4056,101.4983,101.7922,121901
2022-02-17T00:00:00Z,101.7922,102.7401,99.0728,99.104,126137
2022-02-17T04:00:00Z,99.104,100.8448,98,100.8041,125571
2022-02-17T08:00:00Z,100.8041,100.9788,97.8194,98.9972,134175
2022-02-17T12:00:00Z,98.9972,99.5976,96.5032,97.2847,131031
2022-02-17T16:00:00Z,97.2847,97.7392,92.886,94.7599,122708
2022-02-17T20:00:00Z,94.7599,94.8179,92.2729,93.4339,81687
2022-02-18T00:00:00Z,93.4339,95.3931,92.7336,94.2845,118117
2022-02-18T04:00:00Z,94.2845,95.4527,93.7291,95.1324,91906
2022-02-18T08:00:00Z,95.1324,96.2956,93.5865,93.856,160371
2022-02-18T12:00:00Z,93.856,94.7999,90.13,90.8899,156917
2022-02-18T16:00:00Z,90.8899,91.9325,89.2801,90.9504,117217
2022-02-18T20:00:00Z,90.9504,91.3589,89.2869,89.829,100424
2022-02-19T00:00:00Z,89.829,92.1661,89.7267,91.1095,115740
2022-02-19T04:00:00Z,91.1095,92.6,90.9848,92.0453,83353
2022-02-19T08:00:00Z,92.0453,92.2908,88.5971,89.4262,169745
2022-02-19T12:00:00Z,89.4262,91.0626,88.6323,90.919,146170
2022-02-19T16:00:00Z,90.919,92.0959,89.5745,89.8675,162913
2022-02-19T20:00:00Z,89.8675,91.6779,89.4991,91.2075,99679
2022-02-20T00:00:00Z,91.2075,91.3524,87.848,88.3613,117356
2022-02-20T04:00:00Z,88.3613,88.6003,85.4469,87.271,207488
2022-02-20T08:00:00Z,87.271,90.0873,85.74,89.1527,231106
2022-02-20T12:00:00Z,89.1527,90.9197,87.4034,89.4152,136092
2022-02-20T16:00:00Z,89.4152,93.4042,89.2097,92.001,204016
2022-02-20T20:00:00Z,92.001,93.8814,90.2694,90.6837,186855
2022-02-21T00:00:00Z,90.6837,95.2085,90.449,93.8156,216012
2022-02-21T04:00:00Z,93.8156,95.752,93.728,95.4171,132561
2022-02-21T08:00:00Z,95.4171,96.1346,88.1441,89.1186,229071
2022-02-21T12:00:00Z,89.1186,92.1158,86.935,89.5451,224396
2022-02-21T16:00:00Z,89.5451,90.2594,86.2232,87.4136,188292
2022-02-21T20:00:00Z,87.4136,88.1705,82.6272,82.887,157181
2022-02-22T00:00:00Z,82.887,84.5036,80.9816,81.56,162698
2022-02-22T04:00:00Z,81.56,83.715,81.3091,82.0512,119421
2022-02-22T08:00:00Z,82.0512,85.9361,81.7946,85.0948,128151
2022-02-22T12:00:00Z,85.0948,87.461,84.1489,85.8259,74085
2022-02-22T16:00:00Z,85.8259,86.4576,83.7779,86.182,69352
2022-02-22T20:00:00Z,86.182,87.0802,84.7256,86.3717,59393
2022-02-23T00:00:00Z,86.3717,88.6719,86.0614,87.1837,80328
2022-02-23T04:00:00Z,87.1837,89.9029,86.8906,89.097,111959
2022-02-23T08:00:00Z,89.097,93.2381,88.6606,91.992,93560
2022-02-23T12:00:00Z,91.992,93.2965,89.0874,89.7221,75697
2022-02-23T16:00:00Z,89.7221,92.1074,87.5517,88.0879,59538
2022-02-23T20:00:00Z,88.0879,88.1886,84.3153,84.519,66124
2022-02-24T00:00:00Z,84.519,85.7309,76.0003,77.5324,133512
2022-02-24T04:00:00Z,77.5324,84.1778,75.2817,82.0954,184317
2022-02-24T08:00:00Z,82.0954,84.5203,79.3587,81.3627,139314
2022-02-24T12:00:00Z,81.3627,86.2064,79.4694,84.9102,105418
2022-02-24T16:00:00Z,84.9102,91.3,83.3098,90.7994,97491
2022-02-24T20:00:00Z,90.7994,93.6853,86.7042,89.2923,108279
2022-02-25T00:00:00Z,89.2923,90.7915,87.6165,89.6342,81657
2022-02-25T04:00:00Z,89.6342,89.8332,86.8369,88.7347,57371
2022-02-25T08:00:00Z,88.7347,89.3616,86.9114,89.1724,75383
2022-02-25T12:00:00Z,89.1724,92.1101,87.8055,91.014,124406
2022-02-25T16:00:00Z,91.014,91.8919,88.7811,89.5088,62505
2022-02-25T20:00:00Z,89.5088,94.9656,88.9636,92.7297,60241
2022-02-26T00:00:00Z,92.7297,95.0992,92.1395,92.7234,67070
2022-02-26T04:00:00Z,92.7234,93.5606,90.4441,91.923,65238
2022-02-26T08:00:00Z,91.923,92.8654,90,90.5751,60908
2022-02-26T12:00:00Z,90.5751,92.0283,90.0718,91.2137,161895
2022-02-26T16:00:00Z,91.2137,91.5798,89.1567,90.7057,68884
2022-02-26T20:00:00Z,90.7057,92.512,89.5095,90.18,43095
2022-02-27T00:00:00Z,90.18,90.5926,86.22,86.9655,70340
2022-02-27T04:00:00Z,86.9655,89.1608,86.5097,88.7517,46567
2022-02-27T08:00:00Z,88.7517,90.7916,88.0075,90.7204,52848
2022-02-27T12:00:00Z,90.7204,92.1421,88.3247,91.1701,84149
2022-02-27T16:00:00Z,91.1701,91.2272,84.4575,84.8219,120964
2022-02-27T20:00:00Z,84.8219,86.4621,84.0321,85.5621,51234
2022-02-28T00:00:00Z,85.5621,88.0069,84.127,86.618,67534
2022-02-28T04:00:00Z,86.618,88.6252,84.702,88.0994,76231
2022-02-28T08:00:00Z,88.0994,91.1345,88.0715,90.7591,107858
2022-02-28T12:00:00Z,90.7591,96.7693,88.8789,95.5478,168228
2022-02-28T16:00:00Z,95.5478,97.1134,94.2443,96.1594,108402
2022-02-28T20:00:00Z,96.1594,102.6562,95.8028,99.6221,140323
2022-03-01T00:00:00Z,99.6221,100.9797,96.1451,97.256,139633
2022-03-01T04:00:00Z,97.256,97.8879,95.0907,96.8808,87167
2022-03-01T08:00:00Z,96.8808,98.4447,94.1963,97.7343,164186
2022-03-01T12:00:00Z,97.7343,101.8988,96.6157,97.8451,173586
2022-03-01T16:00:00Z,97.8451,99.0179,96.0217,97.6404,74914
2022-03-01T20:00:00Z,97.6404,99.2835,96.7344,98.5967,57908
2022-03-02T00:00:00Z,98.5967,105.105,96.6973,104.1938,141327
2022-03-02T04:00:00Z,104.1938,105.3174,101.1771,102.3271,121936
2022-03-02T08:00:00Z,102.2736,106.3769,101.1342,104.5431,142815
2022-03-02T12:00:00Z,104.5431,105.183,100.127,101.4992,198808
2022-03-02T16:00:00Z,101.4992,103.2532,99.8,100.9419,111828
2022-03-02T20:00:00Z,100.9419,101.9544,99.9,100.6651,63702
2022-03-03T00:00:00Z,100.6651,101.6682,97.6709,98.324,96005
2022-03-03T04:00:00Z,98.324,100.677,97.85,99.7034,87974
2022-03-03T08:00:00Z,99.7034,101.1639,98.7142,99.6749,111876
2022-03-03T12:00:00Z,99.6749,100.8776,94.9674,95.8562,93434
2022-03-03T16:00:00Z,95.8562,96.1943,93.958,94.8525,76730
2022-03-03T20:00:00Z,94.8525,96.332,94.0341,95.5517,47408
2022-03-04T00:00:00Z,95.5517,95.8595,90.4228,91.4722,100858
2022-03-04T04:00:00Z,91.4722,92.1577,90.7798,91.9179,109502
2022-03-04T08:00:00Z,91.9179,93.797,90.4314,92.9969,91292
2022-03-04T12:00:00Z,92.9969,93.6662,90.6195,91.2512,136607
2022-03-04T16:00:00Z,91.2512,92.8155,88.2943,88.5349,66592
2022-03-04T20:00:00Z,88.5349,89.2973,86.8678,88.2559,57357
2022-03-05T00:00:00Z,88.2559,88.3468,85.874,87.594,72158
2022-03-05T04:00:00Z,87.594,89.1178,86.7512,88.7477,59042
2022-03-05T08:00:00Z,88.7477,89.0567,87.7551,88.6721,57625
2022-03-05T12:00:00Z,88.6721,89.68,87.7434,89.0614,51457
2022-03-05T16:00:00Z,89.0614,91.1379,89.055,90.0729,50409
2022-03-05T20:00:00Z,90.0729,90.3733,88.9972,89.5745,49819
2022-03-06T00:00:00Z,89.5745,89.8863,87.3959,87.6053,78342
2022-03-06T04:00:00Z,87.6096,88.8227,86.5159,88.2724,69788
2022-03-06T08:00:00Z,88.2724,88.334,85.7138,86.9134,72529
2022-03-06T12:00:00Z,86.9134,88.1321,86.4181,87.1964,87341
2022-03-06T16:00:00Z,87.1964,88.1923,84.7871,85.2896,57136
2022-03-06T20:00:00Z,85.2896,86.5229,84.0113,84.4802,61181
2022-03-07T00:00:00Z,84.4802,84.6802,81.3875,82.1798,116872
2022-03-07T04:00:00Z,82.1798,83.2867,81.0864,81.7625,68390
2022-03-07T08:00:00Z,81.7625,83.2318,81.2128,83.0244,77568
2022-03-07T12:00:00Z,83.0244,86.6403,83.0244,84.9833,97329
2022-03-07T16:00:00Z,84.9833,85.9471,79.9317,80.252,63305
2022-03-07T20:00:00Z,80.252,82.9019,79.8068,81.6489,44439
2022-03-08T00:00:00Z,81.6489,84.5265,81.2507,83.4187,46082
2022-03-08T04:00:00Z,83.4187,84.0967,82.4483,82.9356,70016
2022-03-08T08:00:00Z,82.9356,84.8868,82.6164,83.833,73292
2022-03-08T16:00:00Z,82.6638,84.9502,81.2849,82.8669,91442
2022-03-08T20:00:00Z,82.8669,83.086,81.2929,82.2283,45906
2022-03-09T00:00:00Z,82.2283,88.4073,81.8721,88.0788,122331
2022-03-09T04:00:00Z,88.0788,89.5721,86.925,89.1851,98681
2022-03-09T08:00:00Z,89.1696,89.842,87.8055,88.1685,84920
2022-03-09T12:00:00Z,88.1685,89.2082,86.4972,88.8348,81611
2022-03-09T16:00:00Z,88.8348,89.3827,86.0235,86.9192,60123
2022-03-09T20:00:00Z,86.9192,88.7812,86.0316,88.0461,51279
2022-03-10T00:00:00Z,88.0461,88.5392,85.2509,85.2707,72523
2022-03-10T04:00:00Z,85.2707,85.47,81.8772,82.5819,67169
2022-03-10T08:00:00Z,82.5819,83.108,81.7868,82.0213,73432
2022-03-10T12:00:00Z,82.0213,83.8682,80.6703,81.8895,105802
2022-03-10T16:00:00Z,81.8895,82.6606,81.6049,82.4355,52548
2022-03-10T20:00:00Z,82.4355,83.9606,81.9311,82.8075,40712
2022-03-11T00:00:00Z,82.8075,83.0772,80.6747,81.8757,74203
2022-03-11T04:00:00Z,81.8757,82.5636,80.1345,82.1983,65981
2022-03-11T08:00:00Z,82.1983,83.8292,81.1434,83.2642,57377
2022-03-11T12:00:00Z,83.2642,84.2327,81.2765,81.6643,76839
2022-03-11T16:00:00Z,81.6643,81.7327,80.3402,80.5385,42433
2022-03-11T20:00:00Z,80.5385,81.5245,79.9885,80.6129,45845
2022-03-12T00:00:00Z,80.6129,82.6501,80.5354,81.7477,36855
2022-03-12T04:00:00Z,81.7477,82.3955,81.2571,81.647,47122
2022-03-12T08:00:00Z,81.647,81.7007,80.5359,81.0225,39756
2022-03-12T12:00:00Z,81.0225,82.2733,80.8414,81.6294,68869
2022-03-12T16:00:00Z,81.6294,82.2699,81.4604,81.5915,45632
2022-03-12T20:00:00Z,81.5915,82.1258,81.2273,81.3411,28927
2022-03-13T00:00:00Z,81.3411,82.5309,80.9751,82.5233,46828
2022-03-13T04:00:00Z,82.5233,83.2642,81.6266,81.6924,78124
2022-03-13T08:00:00Z,81.6924,81.766,80.7544,81.0033,85022
2022-03-13T12:00:00Z,81.0033,81.6104,79.9643,81.121,90522
2022-03-13T16:00:00Z,81.121,81.3941,80.2549,80.4118,61773
2022-03-13T20:00:00Z,80.4118,80.4118,77.5,78.6716,137252
2022-03-14T00:00:00Z,78.6716,79.8325,77.9548,79.425,63176
2022-03-14T04:00:00Z,79.425,81.6104,79.425,80.8358,75907
2022-03-14T08:00:00Z,80.8358,82.2225,80.7612,80.8788,58993
2022-03-14T12:00:00Z,80.8788,81.411,80.0854,80.9457,62045
2022-03-14T16:00:00Z,80.9457,80.9728,78.4721,79.8524,50948
2022-03-14T20:00:00Z,79.8524,81.385,79.098,81.1779,48808
2022-03-15T00:00:00Z,81.1779,81.4894,79.2565,79.5808,62562
2022-03-15T04:00:00Z,79.5808,80.3194,78.6658,79.2813,47302
2022-03-15T08:00:00Z,79.2813,80.3113,78.9452,80.0797,49220
2022-03-15T12:00:00Z,80.0797,81.1716,79.5712,81.0219,60861
2022-03-15T16:00:00Z,81.0219,85.9511,80.6426,84.5552,113781
2022-03-15T20:00:00Z,84.5552,85.1324,82.6932,82.7897,60941
2022-03-16T00:00:00Z,82.7897,86.3041,82.0956,82.3084,82581
2022-03-16T04:00:00Z,82.3084,82.8507,81.4943,82.761,63250
2022-03-16T08:00:00Z,82.761,84.5517,82.6992,84.1614,72400
2022-03-16T12:00:00Z,84.1614,84.8056,82.7153,83.903,98330
2022-03-16T16:00:00Z,83.903,86.0178,82.118,85.764,94741
2022-03-16T20:00:00Z,85.764,87.9191,85.516,87.7106,62710
2022-03-17T00:00:00Z,87.7106,89.1447,86.9106,87.9392,80723
2022-03-17T04:00:00Z,87.9392,88.8917,86.6929,87.167,81881
2022-03-17T08:00:00Z,87.167,87.7451,86.5255,87.6282,78824
2022-03-17T12:00:00Z,87.6282,90.6275,87.4877,89.2968,118908
2022-03-17T16:00:00Z,89.2968,90.7913,88.63,90.752,48353
2022-03-17T20:00:00Z,90.752,91.0138,87.6083,87.8057,65708
2022-03-18T00:00:00Z,87.8057,88.079,85.5953,85.8775,79695
2022-03-18T04:00:00Z,85.8775,87.0567,85.52,85.7155,77652
2022-03-18T08:00:00Z,85.7155,86.5651,84.3729,84.8931,77001
2022-03-18T12:00:00Z,84.8931,88.2304,84.6003,88.2304,109351
2022-03-18T16:00:00Z,88.2304,92.1986,88.1738,91.0166,111124
2022-03-18T20:00:00Z,91.0166,91.6348,88.821,89.716,70102
2022-03-19T00:00:00Z,89.716,92.3159,89.242,90.2313,112764
2022-03-19T04:00:00Z,90.2313,90.7747,89.2113,89.3163,86049
2022-03-19T08:00:00Z,89.3163,90.9431,89.2374,90.6862,70057
2022-03-19T12:00:00Z,90.6862,94.1729,90.3595,93.9784,119051
2022-03-19T16:00:00Z,93.9784,94.5013,92.297,92.5821,96453
2022-03-19T20:00:00Z,92.5821,93.3554,91.1372,92.2714,50842
2022-03-20T00:00:00Z,92.2714,92.491,90.3013,90.6922,76749
2022-03-20T04:00:00Z,90.6922,91.491,90.2764,90.9588,67122
2022-03-20T08:00:00Z,90.9588,91.5858,89.5183,89.8632,85951
2022-03-20T12:00:00Z,89.8632,90.5859,88.8911,89.1177,73778
2022-03-20T16:00:00Z,89.1177,89.8478,87.8421,89.4636,63050
2022-03-20T20:00:00Z,89.4636,90.2497,88.2354,88.5384,58066
2022-03-21T00:00:00Z,88.5384,89.1282,86.6466,87.6631,74664
2022-03-21T04:00:00Z,87.6568,89.6678,87.514,89.5958,58479
2022-03-21T08:00:00Z,89.5958,91.0446,89.3025,89.748,64657
2022-03-21T12:00:00Z,89.748,91.1981,88.5784,89.5202,72716
2022-03-21T16:00:00Z,89.5202,89.5712,87.4422,88.6696,67232
2022-03-21T20:00:00Z,88.6696,89.1781,88.1515,88.532,42701
2022-03-22T00:00:00Z,88.532,91.6867,87.9183,90.9634,76775
2022-03-22T04:00:00Z,90.9634,92.3599,89.433,90.1843,77763
2022-03-22T08:00:00Z,90.1843,92.128,89.9502,91.9302,78878
2022-03-22T12:00:00Z,91.9302,93.8704,90.9517,92.484,98148
2022-03-22T16:00:00Z,92.484,93.536,91.33,91.33,52287
2022-03-22T20:00:00Z,91.33,92.4027,90.2134,90.3739,50662
2022-03-23T00:00:00Z,90.3739,91.2231,89.1433,90.0225,60960
2022-03-23T04:00:00Z,90.0225,91.7207,89.61,91.0592,62226
2022-03-23T08:00:00Z,91.0592,91.7412,90.534,91.2805,75458
2022-03-23T12:00:00Z,91.2805,96.2601,90.8615,95.6021,155895
2022-03-23T16:00:00Z,95.6021,96.024,92.5101,92.7101,81163
2022-03-23T20:00:00Z,92.7101,95.1553,92.5726,94.7946,68664
2022-03-24T00:00:00Z,94.7946,95.8982,93.3732,94.6085,108759
2022-03-24T04:00:00Z,94.6085,97.5246,94.5497,97.0247,114849
2022-03-24T08:00:00Z,97.0247,101.739,96.6102,100.0256,218488
2022-03-24T12:00:00Z,100.0256,102.0991,98.1802,101.554,163815
2022-03-24T16:00:00Z,101.554,103.6622,100.5508,102.7879,84159
2022-03-24T20:00:00Z,102.7879,103.441,101.4816,102.2565,60020
2022-03-25T00:00:00Z,102.2565,104.6879,100.7783,103.4498,115386
2022-03-25T04:00:00Z,103.4498,104.7986,102.6302,102.8488,87895
2022-03-25T08:00:00Z,102.8488,104.4031,101.4441,104.178,121151
2022-03-25T12:00:00Z,104.178,104.4529,99.6369,100.2345,129351
2022-03-25T16:00:00Z,100.2345,100.8047,97.0087,98.3993,116530
2022-03-25T20:00:00Z,98.3993,99.1483,97.723,98.5134,57438
2022-03-26T00:00:00Z,98.5134,99.1775,97.5291,98.8621,77015
2022-03-26T04:00:00Z,98.8621,101.3985,98.4878,101.162,173058
2022-03-26T08:00:00Z,101.162,101.3911,99.8609,100.3272,101893
2022-03-26T12:00:00Z,100.3272,101.8774,99.6544,101.1243,217965
2022-03-26T16:00:00Z,101.1243,103.2611,101.0413,102.6192,206298
2022-03-26T20:00:00Z,102.6192,103.3,101.138,101.6649,102835
2022-03-27T00:00:00Z,101.6649,102.9252,101.2618,101.7545,121227
2022-03-27T04:00:00Z,101.7545,102.3682,100.982,102.137,125966
2022-03-27T08:00:00Z,102.137,102.37,100.1309,100.4123,103621
2022-03-27T12:00:00Z,100.4123,101.4996,98.6632,101.3711,116041
2022-03-27T16:00:00Z,101.3711,103.3497,100.8391,103.0935,63647
2022-03-27T20:00:00Z,103.0935,107.3255,101.7466,106.9284,152748
2022-03-28T00:00:00Z,106.9284,107.6923,105.1128,106.7682,88239
2022-03-28T04:00:00Z,106.7682,111.8802,105.8085,108.7957,155439
2022-03-28T08:00:00Z,108.7957,111.5478,107.5535,109.9073,117454
2022-03-28T12:00:00Z,109.9073,113.8,109.1768,109.7372,232123
2022-03-28T16:00:00Z,109.7372,112.9136,108.7922,111.3196,104285
2022-03-28T20:00:00Z,111.3196,112.9708,105.3253,105.7296,115378
2022-03-29T00:00:00Z,105.7296,110.3763,105.4205,109.0713,98918
2022-03-29T04:00:00Z,109.0713,111.6364,108.476,109.8316,126333
2022-03-29T08:00:00Z,109.8316,113.5997,109.773,113.2988,120145
2022-03-29T12:00:00Z,113.2988,115.59,111.1448,111.5463,177540
2022-03-29T16:00:00Z,111.5463,114.0043,108.8475,113.8358,78251
2022-03-29T20:00:00Z,113.8358,113.8837,109.1724,111.5134,55720
2022-03-30T00:00:00Z,111.5134,111.5184,107.09,110.7038,103207
2022-03-30T04:00:00Z,110.7038,112.8468,109.5075,112.2716,106016
2022-03-30T08:00:00Z,112.2716,112.8818,110.6275,112.1404,94222
2022-03-30T12:00:00Z,112.1404,125.2796,111.4819,122.6837,362324
2022-03-30T16:00:00Z,122.6837,125.1,119.7728,121.1978,164083
2022-03-30T20:00:00Z,121.1978,121.4455,119.0777,120.7499,98993
2022-03-31T00:00:00Z,120.7499,123.7879,119.9077,121.2606,119301
2022-03-31T04:00:00Z,121.2606,123.518,120.3838,123.2752,119463
2022-03-31T08:00:00Z,123.2752,127.9949,122.4127,127.1548,159538
2022-03-31T12:00:00Z,127.1548,129.5604,121.3994,125.289,365374
2022-03-31T16:00:00Z,125.289,127.5281,121.762,122.9097,171104
2022-03-31T20:00:00Z,122.9097,125.5516,122.1739,122.7523,73306
2022-04-01T00:00:00Z,122.7523,124.9108,117.4334,121.9,161903
2022-04-01T04:00:00Z,121.9,126.4077,119.8162,126.3834,145495
2022-04-01T08:00:00Z,126.3834,127.0399,123.9564,124.3527,146767
2022-04-01T12:00:00Z,124.3527,133.6405,122.0649,132.6455,298971
2022-04-01T16:00:00Z,132.6455,137.4963,132.0843,137.2703,164696
2022-04-01T20:00:00Z,137.2703,138.3668,133.3767,134.455,107744
2022-04-02T00:00:00Z,134.455,137.211,133.0005,134.6753,138371
2022-04-02T04:00:00Z,134.6753,136.2939,134.0605,135.7716,89733
2022-04-02T08:00:00Z,135.7716,139.0354,134.9617,137.5625,140617
2022-04-02T12:00:00Z,137.5625,143.4649,136.1408,137.9339,232840
2022-04-02T16:00:00Z,137.9339,140.468,134.3154,135.8446,189480
2022-04-02T20:00:00Z,135.8446,137.4641,131.503,132.466,91573
2022-04-03T00:00:00Z,132.466,136.0796,130.55,135.3777,141287
2022-04-03T04:00:00Z,135.3777,138.8785,135.3777,137.549,151387
2022-04-03T08:00:00Z,137.549,141.0876,136.2027,139.1024,125609
2022-04-03T12:00:00Z,139.1024,139.9084,135.541,136.0271,123283
2022-04-03T16:00:00Z,136.0271,136.86,134.0127,135.1857,69866
2022-04-03T20:00:00Z,135.1857,139.405,134.9711,136.7833,69656
2022-04-04T00:00:00Z,136.7833,137.3198,134.11,135.2797,78862
2022-04-04T04:00:00Z,135.2797,138.2386,134.7702,136.926,83389
2022-04-04T08:00:00Z,136.926,137.8131,133.1032,134.6856,77539
2022-04-04T12:00:00Z,134.6856,135.3926,128.2828,129.24,130832
2022-04-04T16:00:00Z,129.24,131.485,125.7493,130.0321,90035
2022-04-04T20:00:00Z,130.0321,132.9374,128.9766,132.0606,67253
2022-04-05T00:00:00Z,132.0606,133.9027,129.6644,133.3158,73342
2022-04-05T04:00:00Z,133.3158,134.1634,131.3648,133.2628,68608
2022-04-05T08:00:00Z,133.2628,134.7971,131.381,134.4429,66287
2022-04-05T12:00:00Z,134.4429,136.5629,129.1608,131.4903,150079
2022-04-05T16:00:00Z,131.4903,133.5844,129.2035,131.1597,106085
2022-04-05T20:00:00Z,131.1597,131.453,125.9839,126.7817,63042
2022-04-06T00:00:00Z,126.7817,126.866,119.9275,123.6248,110903
2022-04-06T04:00:00Z,123.6248,127.3233,122.9447,125.4457,84556
2022-04-06T08:00:00Z,125.4457,125.7709,119.1979,121.5698,125822
2022-04-06T12:00:00Z,121.5698,123.1319,114.6921,117.5581,152388
2022-04-06T16:00:00Z,117.5581,119.8711,114.5412,118.7358,91951
2022-04-06T20:00:00Z,118.7358,119.4924,112.0134,112.8862,70539
2022-04-07T00:00:00Z,112.8862,114.8174,110.7661,113.6649,80938
2022-04-07T04:00:00Z,113.6649,116.3386,112.9533,115.8751,65647
2022-04-07T08:00:00Z,115.8751,117.5635,113.7016,117.3657,89963
2022-04-07T12:00:00Z,117.3657,118.4279,111.6199,113.1451,112459
2022-04-07T16:00:00Z,113.1451,118.4965,112.6285,117.6122,56795
2022-04-07T20:00:00Z,117.6122,119.9102,116.6992,118.4973,60148
2022-04-08T00:00:00Z,118.4973,122.2994,117.96,121.9853,79995
2022-04-08T04:00:00Z,121.9853,122.25,116.656,118.9849,84109
2022-04-08T08:00:00Z,118.9849,120.0828,114.8067,115.2025,109823
2022-04-08T12:00:00Z,115.2025,118.408,112.7782,116.3778,111175
2022-04-08T16:00:00Z,116.3778,116.8109,112.6174,113.5411,82364
2022-04-08T20:00:00Z,113.5411,113.902,108.0143,109.8436,78241
2022-04-09T00:00:00Z,109.8436,111.6787,108.1591,109.3262,71923
2022-04-09T04:00:00Z,109.3262,111.0573,108.8844,110.5761,59146
2022-04-09T08:00:00Z,110.5761,111.05,108.9161,110.3945,80792
2022-04-09T12:00:00Z,110.3945,111.6837,109.2797,109.4629,82199
2022-04-09T16:00:00Z,109.4629,111.4774,109.2,109.7227,67249
2022-04-09T20:00:00Z,109.7227,113.603,109.4658,112.8382,40104
2022-04-10T00:00:00Z,112.8382,113.8673,111.2515,113.3118,45553
2022-04-10T04:00:00Z,113.3118,113.4872,111.2933,111.5255,78234
2022-04-10T08:00:00Z,111.5255,112.0984,109.6768,110.9495,93429
2022-04-10T12:00:00Z,110.9495,112.4873,110.3739,112.2859,80866
2022-04-10T16:00:00Z,112.2859,115.9096,111.7921,114.4435,65272
2022-04-11T00:00:00Z,110.9099,111.8393,108.2559,109.9031,84729
2022-04-11T04:00:00Z,109.9031,111.2312,109.4902,110.9954,50350
2022-04-11T08:00:00Z,110.9954,111.7415,103.2767,103.8229,102495
2022-04-11T12:00:00Z,103.8229,104.7485,101.1612,101.4,88182
2022-04-11T16:00:00Z,101.4,103.7596,100.3555,101.3089,69211
2022-04-11T20:00:00Z,101.3089,102.5522,98.02,99.5967,83223
2022-04-12T00:00:00Z,99.5967,101.0298,98.2039,99.6174,74414
2022-04-12T04:00:00Z,99.6174,103.1455,99.2166,102.9544,66027
2022-04-12T08:00:00Z,102.9544,105.6111,102.1074,105.4687,69757
2022-04-12T12:00:00Z,105.4687,109.1628,104.7513,105.889,139262
2022-04-12T16:00:00Z,105.889,106.9906,100.2641,100.8846,89766
2022-04-12T20:00:00Z,100.8846,103.5313,100.6901,103.1268,62500
2022-04-13T00:00:00Z,103.1268,104.9172,101.8305,103.567,72801
2022-04-13T04:00:00Z,103.567,104.7174,102.9005,103.8692,64922
2022-04-13T08:00:00Z,103.8692,104.2064,100.9116,100.9116,67885
2022-04-13T12:00:00Z,100.9116,105.8731,100.0578,105.0017,127181
2022-04-13T16:00:00Z,105.0017,105.8534,103.5661,103.8332,53104
2022-04-13T20:00:00Z,103.8332,105.3708,103.6247,104.8719,45772
2022-04-14T00:00:00Z,104.8719,107.2245,104.4552,105.5746,57118
2022-04-14T04:00:00Z,105.5746,107.6863,105.4862,106.3326,62355
2022-04-14T08:00:00Z,106.3326,107.178,103.1516,103.5506,77500
2022-04-14T12:00:00Z,103.5506,105.663,101.0378,101.2712,82207
2022-04-14T16:00:00Z,101.2712,101.8951,98.7508,99.5104,89675
2022-04-14T20:00:00Z,99.5104,101.1776,99.017,100.6967,65175
2022-04-15T00:00:00Z,100.6967,102.039,99.4638,101.9796,65338
2022-04-15T04:00:00Z,101.9796,102.4053,100.4214,101.697,72944
2022-04-15T08:00:00Z,101.697,102.0137,100.756,101.6225,54602
2022-04-15T12:00:00Z,101.6225,102.8387,99.7617,102.2199,91831
2022-04-15T16:00:00Z,102.2199,102.7414,100.145,100.2809,54476
2022-04-15T20:00:00Z,100.2809,101.3439,100.2262,101.3086,51896
2022-04-16T00:00:00Z,101.3086,101.9603,100.8487,100.9832,64469
2022-04-16T04:00:00Z,100.9832,101.7983,100.9193,101.3706,49762
2022-04-16T08:00:00Z,101.3706,102.6778,101.0014,101.8104,49991
2022-04-16T12:00:00Z,101.8104,103.3961,100.6731,100.8638,53006
2022-04-16T16:00:00Z,100.8638,102.6224,100.6657,101.9015,32456
2022-04-16T20:00:00Z,101.9015,102.8263,101.6519,101.9948,39255
2022-04-17T00:00:00Z,101.9948,102.2568,100.9546,101.4172,43528
2022-04-17T04:00:00Z,101.4172,102.1645,101.257,101.8161,40686
2022-04-17T08:00:00Z,101.8161,102.4348,101.7403,102.3713,37653
2022-04-17T12:00:00Z,102.3713,105.1721,102.2403,105.0058,92644
2022-04-17T16:00:00Z,105.0058,105.3818,102.7347,103.9995,62452
2022-04-17T20:00:00Z,103.9995,104.21,99.564,100.0679,79026
2022-04-18T00:00:00Z,100.0679,101.6534,99.823,101.0795,55525
2022-04-18T04:00:00Z,101.0795,101.196,94.923,96.3515,118110
2022-04-18T08:00:00Z,96.3515,97.1914,94.583,96.6834,75891
2022-04-18T12:00:00Z,96.6834,99.0842,96.6834,98.6117,67885
2022-04-18T16:00:00Z,98.6117,102.2565,97.0105,101.0595,56682
2022-04-18T20:00:00Z,101.0595,102.5562,100.9189,102.2908,51406
2022-04-19T00:00:00Z,102.2908,103.6996,101.1356,101.3188,82630
2022-04-19T04:00:00Z,101.3188,102.4957,100.9616,101.7752,69843
2022-04-19T08:00:00Z,101.7752,103.4993,101.429,102.2736,80548
2022-04-19T12:00:00Z,102.2736,108.5,102.1813,106.4507,138716
2022-04-19T16:00:00Z,106.4507,107.0885,105.2126,106.8431,61484
2022-04-19T20:00:00Z,106.8431,108.7,105.6647,108.4548,73978
2022-04-20T00:00:00Z,108.4548,109.4362,106.9465,108.2012,72948
2022-04-20T04:00:00Z,108.2012,108.4968,106.5765,106.9069,51843
2022-04-20T08:00:00Z,106.9069,110.7976,106.5204,110.3009,82162
2022-04-20T12:00:00Z,110.3009,110.597,104.7747,105.6284,86519
2022-04-20T16:00:00Z,105.6284,106.5892,104.1617,105.886,45872
2022-04-20T20:00:00Z,105.886,107.5088,104.934,105.4629,42064
2022-04-21T00:00:00Z,105.4629,107.0825,105.2727,106.9683,52609
2022-04-21T04:00:00Z,106.9683,107.5626,105.2397,106.7335,56086
2022-04-21T08:00:00Z,106.7335,108.9274,105.6549,108.2928,65487
2022-04-21T12:00:00Z,108.2928,109.8758,107.5861,107.7391,82642
2022-04-21T16:00:00Z,107.7391,107.7391,104.202,104.2675,58953
2022-04-21T20:00:00Z,104.2675,104.2675,99.7994,101.6767,61233
2022-04-22T00:00:00Z,101.6767,103.0282,101.3446,102.4531,42952
2022-04-22T04:00:00Z,102.4531,103.4873,101.3157,102.5547,36916
2022-04-22T08:00:00Z,102.5547,102.8879,100.0302,102.1273,59009
2022-04-22T12:00:00Z,102.1273,102.6962,99.2635,99.6135,65444
2022-04-22T16:00:00Z,99.6135,101.9104,99.1533,100.8294,45338
2022-04-22T20:00:00Z,100.8294,101.6521,99.8778,100.4763,44713
2022-04-23T00:00:00Z,100.4763,100.9254,99.22,99.775,37026
2022-04-23T04:00:00Z,99.775,101.191,98.2529,101.13,59789
2022-04-23T08:00:00Z,101.13,101.9665,100.62,101.4337,36817
2022-04-23T12:00:00Z,101.4337,102.4512,100.6902,102.0407,72504
2022-04-23T16:00:00Z,102.0407,102.7624,101.3322,101.9819,42591
2022-04-23T20:00:00Z,101.9819,102.3838,100.1395,100.5408,46512
2022-04-24T00:00:00Z,100.5408,101.5301,100.1491,101.1985,37823
2022-04-24T04:00:00Z,101.1985,101.931,101.0827,101.702,30763
2022-04-24T08:00:00Z,101.702,102.1813,100.7709,101.0433,40221
2022-04-24T12:00:00Z,101.0433,101.4405,99.7628,100.0158,54841
2022-04-24T16:00:00Z,100.0158,101.1901,98.5,100.41,46714
2022-04-24T20:00:00Z,100.41,100.625,98.8838,99.1133,37621
2022-04-25T00:00:00Z,99.1133,99.3207,96.1039,97.9463,51074
2022-04-25T04:00:00Z,97.9463,98.1909,94.2689,95.0441,57612
2022-04-25T08:00:00Z,95.0441,96.8192,94.399,96.6198,60154
2022-04-25T12:00:00Z,96.6198,98.1403,95.7664,96.875,76926
2022-04-25T16:00:00Z,96.875,100.6867,96.7108,100.6206,71323
2022-04-25T20:00:00Z,100.6206,101.5363,99.7293,100.8799,49561
2022-04-26T00:00:00Z,100.8799,101.9208,100.1604,100.9039,56686
2022-04-26T04:00:00Z,100.9039,101.4311,100.0932,100.7879,51605
2022-04-26T08:00:00Z,100.7879,101.534,99.6848,100.389,49733
2022-04-26T12:00:00Z,100.389,101.0054,96.3053,96.4613,87172
2022-04-26T16:00:00Z,96.4613,97.6533,95.5115,96.5249,59811
2022-04-26T20:00:00Z,96.5249,97.4131,94.4686,95.6055,44055
2022-04-27T00:00:00Z,95.6055,97.1017,94.7769,96.692,48485
2022-04-27T04:00:00Z,96.692,99.3775,96.5066,99.2852,62215
2022-04-27T08:00:00Z,99.2852,100.05,98.0028,99.1244,75245
2022-04-27T12:00:00Z,99.1244,100.6462,96.7654,98.0798,114918
2022-04-27T16:00:00Z,98.0798,98.9419,96.6884,97.3026,79275
2022-04-27T20:00:00Z,97.3026,98.8315,97.1341,98.2766,56812
2022-04-28T00:00:00Z,98.2766,99.7945,97.8892,99.0654,56383
2022-04-28T04:00:00Z,99.0654,99.9765,98.4862,99.4296,62488
2022-04-28T08:00:00Z,99.4296,100.486,98.9341,99.7816,67946
2022-04-28T12:00:00Z,99.7816,100.0033,96.2067,97.4003,105156
2022-04-28T16:00:00Z,97.4003,100.1364,96.7497,98.665,60610
2022-04-28T20:00:00Z,98.665,99.0369,97.2531,98.1512,49173
2022-04-29T00:00:00Z,98.1512,98.5783,96.8615,97.147,61222
2022-04-29T04:00:00Z,97.147,97.9323,96.6507,97.7302,39363
2022-04-29T08:00:00Z,97.7302,97.9151,95.0399,95.5423,60561
2022-04-29T12:00:00Z,95.5423,96.9484,95.128,96.0782,41306
2022-04-29T16:00:00Z,96.0782,96.2812,92.2501,92.8633,61826
2022-04-29T20:00:00Z,92.8633,94.3857,92.5213,93.8918,40232
2022-04-30T00:00:00Z,93.8918,94.8893,93.6311,94.0154,43663
2022-04-30T04:00:00Z,94.0154,94.8886,93.6184,93.9472,54277
2022-04-30T08:00:00Z,93.9472,94.4647,93.4808,93.8057,49933
2022-04-30T12:00:00Z,93.8057,94.1262,91.3928,92.1525,71607
2022-04-30T16:00:00Z,92.1525,92.4965,90.2239,91.4801,56791
2022-04-30T20:00:00Z,91.4801,91.4808,81.7155,84.4735,105306
2022-05-01T00:00:00Z,84.4735,88.2976,84.009,87.888,91514
2022-05-01T04:00:00Z,87.888,89.7776,86.9965,88.8025,60174
2022-05-01T08:00:00Z,88.8025,89.8757,87.7472,88.1762,72635
2022-05-01T12:00:00Z,88.1762,90.2573,86.9732,89.9358,54035
2022-05-01T16:00:00Z,89.9358,92.9628,86.9865,87.8801,96581
2022-05-01T20:00:00Z,87.8801,90.3622,87.664,89.5759,49496
2022-05-02T00:00:00Z,89.5759,90.6905,88.5557,89.2483,66110
2022-05-02T04:00:00Z,89.2483,90.7253,88.9883,89.6916,69349
2022-05-02T08:00:00Z,89.6916,89.9352,86.1668,86.7166,94889
2022-05-02T12:00:00Z,86.7166,88.8801,86.1543,87.6158,117226
2022-05-02T16:00:00Z,87.6158,87.849,85.0147,87.1682,69075
2022-05-02T20:00:00Z,87.1682,88.4264,86.2327,87.4118,50109
2022-05-03T00:00:00Z,87.4118,88.5826,86.6278,88.5826,50765
2022-05-03T04:00:00Z,88.5826,88.7338,87.7553,88.2447,55688
2022-05-03T08:00:00Z,88.2447,88.6579,87.1419,88.3752,48034
2022-05-03T12:00:00Z,88.3752,88.4989,86.6521,87.1307,75145
2022-05-03T16:00:00Z,87.1307,87.378,84.7511,85.3408,68368
2022-05-03T20:00:00Z,85.3408,86.5141,84.5742,85.7867,54339
2022-05-04T00:00:00Z,85.7867,86.7126,85.3823,86.0583,46390
2022-05-04T04:00:00Z,86.0583,87.4362,85.4268,87.2468,79287
2022-05-04T08:00:00Z,87.2468,88.6601,86.9821,88.387,64080
2022-05-04T12:00:00Z,88.387,88.6766,86.2277,87.1128,65241
2022-05-04T16:00:00Z,87.1128,92.1103,86.4468,91.4955,82856
2022-05-04T20:00:00Z,91.4955,93.0186,91.2757,92.7035,59422
2022-05-05T00:00:00Z,92.7035,95.1774,92.6091,94.2813,69776
2022-05-05T04:00:00Z,94.2813,94.511,92.7632,93.0885,58471
2022-05-05T08:00:00Z,93.0885,93.32,92.0012,92.2415,80547
2022-05-05T12:00:00Z,92.2415,92.9098,84.1209,84.9598,118016
2022-05-05T16:00:00Z,84.9598,86.1657,81.1469,83.691,77718
2022-05-05T20:00:00Z,83.691,85.2731,82.9417,84.4171,58208
2022-05-06T00:00:00Z,84.4171,84.7256,82.4782,82.7652,105852
2022-05-06T04:00:00Z,82.7652,83.3856,80.9191,82.3826,81025
2022-05-06T08:00:00Z,82.3826,83.548,80.2734,81.1285,72849
2022-05-06T12:00:00Z,81.1285,83.1267,79.8083,81.6718,100709
2022-05-06T16:00:00Z,81.6718,82.4065,80.9198,81.8755,33841
2022-05-06T20:00:00Z,81.8755,82.3312,81.2121,81.592,48357
2022-05-07T00:00:00Z,81.592,81.8893,80.2657,80.3848,50583
2022-05-07T04:00:00Z,80.3848,80.8505,78.9745,80.357,53174
2022-05-07T08:00:00Z,80.357,81.9497,80.1612,81.707,36280
2022-05-07T12:00:00Z,81.707,82.239,80.7795,82.0122,51164
2022-05-07T16:00:00Z,82.0122,82.1378,81.1204,81.3334,29161
2022-05-07T20:00:00Z,81.3334,81.3408,77.0618,78.7563,58432
2022-05-08T00:00:00Z,78.7563,79.314,75.8563,76.8468,49556
2022-05-08T04:00:00Z,76.8468,78.527,76.8468,77.7799,55481
2022-05-08T08:00:00Z,77.7799,79.294,77.7135,79.0551,47467
2022-05-08T12:00:00Z,79.0551,79.264,76.7067,77.0299,61905
2022-05-08T16:00:00Z,77.0299,78.0218,73.5765,76.2711,77904
2022-05-08T20:00:00Z,76.2711,76.4507,74.5799,75.286,59839
2022-05-09T00:00:00Z,75.286,77.1495,73.6399,75.1686,73401
2022-05-09T04:00:00Z,75.1686,75.9911,73.2801,73.8681,82854
2022-05-09T08:00:00Z,73.8681,75.1978,70.6,72.1537,123037
2022-05-09T12:00:00Z,72.1537,73.0426,69.1064,69.7753,129176
2022-05-09T16:00:00Z,69.7753,70.2732,62.8217,65.1223,162913
2022-05-09T20:00:00Z,65.1223,68.3491,61.731,62.115,145947
2022-05-10T00:00:00Z,62.115,66.5485,60.0646,64.4612,142949
2022-05-10T04:00:00Z,64.4612,72.9381,64.0668,68.8888,170853
2022-05-10T08:00:00Z,68.8888,71.9514,68.3737,71.5835,92026
2022-05-10T12:00:00Z,71.5835,73.9738,67.2366,69.4034,203804
2022-05-10T16:00:00Z,69.4034,71.0771,67.1776,67.4178,85502
2022-05-10T20:00:00Z,67.4178,67.5935,63.1488,66.8185,126021
2022-05-11T00:00:00Z,66.8185,68.2708,64.9766,66.181,114896
2022-05-11T04:00:00Z,66.181,68.3964,60.5982,62.5613,109794
2022-05-11T08:00:00Z,62.5613,66.3276,60.9496,61.3166,180866
2022-05-11T12:00:00Z,61.3166,63.8052,47.6947,55.3817,405566
2022-05-11T16:00:00Z,55.3817,56.6534,46.9858,47.8188,222270
2022-05-11T20:00:00Z,47.8188,50.956,43.1439,50.956,180820
2022-05-12T00:00:00Z,50.956,54.2534,45.1519,45.2187,138372
2022-05-12T04:00:00Z,45.2187,46.6867,37.1526,44.6016,236908
2022-05-12T08:00:00Z,44.6016,47.9104,41.4194,43.9408,176868
2022-05-12T12:00:00Z,43.9408,49.3333,42.6537,44.6454,150906
2022-05-12T16:00:00Z,44.6454,47.943,43.311,44.6665,169526
2022-05-12T20:00:00Z,44.6665,45.6768,41.5188,44.6359,131855
2022-05-13T00:00:00Z,44.6359,52.0652,43.8466,50.3789,199565
2022-05-13T04:00:00Z,50.3789,53.7826,48.8285,48.9895,171148
2022-05-13T08:00:00Z,48.9895,53.2399,48.9746,53.0686,194770
2022-05-13T12:00:00Z,53.0686,56.2833,51.8531,53.0257,207984
2022-05-13T16:00:00Z,53.0257,54.1633,49.6871,51.4072,168642
2022-05-13T20:00:00Z,51.4072,51.8465,48.1799,48.8673,105358
2022-05-14T00:00:00Z,48.8673,53.8808,48.5268,51.6893,145332
2022-05-14T08:00:00Z,50.7003,51.4678,47.354,47.9923,124238
2022-05-14T12:00:00Z,47.9923,49.1459,46.0848,46.3596,146709
2022-05-14T16:00:00Z,46.3596,50.6552,45.8205,49.3314,217050
2022-05-14T20:00:00Z,49.3314,52.9505,49.2766,52.3973,87753
2022-05-15T00:00:00Z,52.3973,52.6768,49.6195,50.167,114214
2022-05-15T04:00:00Z,50.167,52.538,49.8048,51.4006,102600
2022-05-15T08:00:00Z,51.4006,53.6075,50.7737,53.3991,108530
2022-05-15T12:00:00Z,53.3991,54.6871,52.155,52.8373,154111
2022-05-15T16:00:00Z,52.8373,55.6093,52.6402,55.2269,123079
2022-05-15T20:00:00Z,55.2269,59.255,54.9572,58.8035,116523
2022-05-16T00:00:00Z,58.8035,58.8035,55.2673,56.0396,119542
2022-05-16T04:00:00Z,56.0396,56.4031,53.1127,53.7432,171317
2022-05-16T08:00:00Z,53.7432,55.1601,52.5125,53.7689,147852
2022-05-16T12:00:00Z,53.7689,55.4305,51.8496,53.1816,184212
2022-05-16T16:00:00Z,53.1816,55.4342,52.1728,53.9616,105156
2022-05-16T20:00:00Z,53.9616,55.7493,53.1082,53.7231,72416
2022-05-17T00:00:00Z,53.7231,56.0832,53.6382,55.7001,79877
2022-05-17T04:00:00Z,55.7001,57.6083,55.0462,55.7725,129479
2022-05-17T08:00:00Z,55.7725,57.0481,55.4216,55.6148,126744
2022-05-17T12:00:00Z,55.6148,58.1909,54.3,55.1462,183839
2022-05-17T16:00:00Z,55.1462,56.0264,53.0141,55.1155,115387
2022-05-17T20:00:00Z,55.1155,57.5951,54.9273,57.0079,65491
2022-05-18T00:00:00Z,57.0079,57.806,54.8524,55.046,88703
2022-05-18T04:00:00Z,55.046,56.1969,54.7457,55.3386,80002
2022-05-18T08:00:00Z,55.3386,55.5246,53.7335,54.1236,83762
2022-05-18T12:00:00Z,54.1236,54.2676,49.6646,50.3753,200523
2022-05-18T16:00:00Z,50.3753,51.9416,49.8123,51.706,110072
2022-05-18T20:00:00Z,51.706,51.7119,49.338,49.8514,85656
2022-05-19T00:00:00Z,49.8514,50.9416,48.1311,50.5607,126036
2022-05-19T04:00:00Z,50.5607,52.2114,50.14,51.0426,183424
2022-05-19T08:00:00Z,51.0426,51.5269,48.2231,51.1824,268673
2022-05-19T12:00:00Z,51.1824,54.0141,50.2685,53.2245,265712
2022-05-19T16:00:00Z,53.2245,53.5409,51.5654,51.5714,110591
2022-05-19T20:00:00Z,51.5714,52.6303,50.6647,52.173,115215
2022-05-20T00:00:00Z,52.173,53.5,51.4006,51.4513,114210
2022-05-20T04:00:00Z,51.4513,52.3013,50.5515,52.0611,159212
2022-05-20T08:00:00Z,52.0611,53.5749,51.7875,53.145,118125
2022-05-20T12:00:00Z,53.145,53.2015,49.268,49.3871,165675
2022-05-20T16:00:00Z,49.3871,50.2472,47.7772,50.117,129797
2022-05-20T20:00:00Z,50.117,50.7248,49.2704,49.3981,75308
2022-05-21T00:00:00Z,49.3981,50.17,48.393,50.0884,87183
2022-05-21T04:00:00Z,50.0884,50.3549,49.4014,49.9794,77960
2022-05-21T08:00:00Z,49.9794,50.1566,48.93,49.4132,61969
2022-05-21T12:00:00Z,49.4132,50.8179,48.9578,50.6638,119657
2022-05-21T16:00:00Z,50.6638,51.1968,49.9234,50.1909,61267
2022-05-21T20:00:00Z,50.1909,50.6363,49.4043,50.2884,77341
2022-05-22T00:00:00Z,50.2884,50.7209,49.8898,50.101,129449
2022-05-22T04:00:00Z,50.101,50.4995,49.625,50.2135,110428
2022-05-22T08:00:00Z,50.2135,51.8867,50.1401,51.4908,121259
2022-05-22T12:00:00Z,51.4908,52.8589,51.3105,51.7881,128994
2022-05-22T16:00:00Z,51.7881,52.1742,51.1081,51.3818,80061
2022-05-22T20:00:00Z,51.3818,53.1419,51.2783,52.51,67553
2022-05-23T00:00:00Z,52.51,53.1408,51.7989,52.198,77580
2022-05-23T04:00:00Z,52.198,54.3458,51.878,53.5343,90545
2022-05-23T08:00:00Z,53.5343,54.6494,52.9242,53.9695,79537
2022-05-23T12:00:00Z,53.9695,54.6109,52.1862,53.8258,117616
2022-05-23T16:00:00Z,53.8258,54.3605,49.9876,50.0075,107572
2022-05-23T20:00:00Z,50.0075,51.0086,48.5517,49.1054,98422
2022-05-24T00:00:00Z,49.1054,49.9097,48.8387,49.8318,75809
2022-05-24T04:00:00Z,49.8318,50.2591,49.3349,49.8205,122426
2022-05-24T08:00:00Z,49.8205,49.9208,48.6457,49.4764,107222
2022-05-24T12:00:00Z,49.4764,50.5502,47.0567,50.0251,180813
2022-05-24T16:00:00Z,50.0251,50.7817,48.5105,49.0119,135818
2022-05-24T20:00:00Z,49.0119,50.0816,48.6971,49.6328,90077
2022-05-25T00:00:00Z,49.6328,50.5163,48.9583,50.2809,120377
2022-05-25T04:00:00Z,50.2809,50.2973,48.5129,48.7806,88156
2022-05-25T08:00:00Z,48.7806,49.3251,47.5279,47.6526,83533
2022-05-25T12:00:00Z,47.6526,48.8322,47.5252,48.2002,96465
2022-05-25T16:00:00Z,48.2002,49.0823,47.7584,48.2228,61650
2022-05-25T20:00:00Z,48.2228,48.8438,47.82,47.9272,47904
2022-05-26T00:00:00Z,47.9272,48.6117,47.82,48.1382,74687
2022-05-26T04:00:00Z,48.1382,48.2591,45.5327,46.3484,122309
2022-05-26T08:00:00Z,46.3484,46.4249,43.1003,43.6819,130748
2022-05-26T12:00:00Z,43.6819,45.7876,41.6454,45.0518,237954
2022-05-26T16:00:00Z,45.0518,46.628,43.878,44.0151,112192
2022-05-26T20:00:00Z,44.0151,44.8163,43.2563,43.4377,95510
2022-05-27T00:00:00Z,43.4377,43.9137,41.1694,42.635,225637
2022-05-27T04:00:00Z,42.635,42.8824,39.9271,41.0249,211807
2022-05-27T08:00:00Z,41.0249,42.2489,40.5193,41.5557,115598
2022-05-27T12:00:00Z,41.5557,43.5855,41.2552,42.1178,216435
2022-05-27T16:00:00Z,42.1178,42.3293,40.4361,41.8183,140276
2022-05-27T20:00:00Z,41.8183,42.5762,40.5494,41.1111,65362
2022-05-28T00:00:00Z,41.1111,42.4122,40.3004,41.2978,153328
2022-05-28T04:00:00Z,41.2978,42.172,41.0488,41.6864,117447
2022-05-28T08:00:00Z,41.6864,41.9613,41.1,41.5646,58829
2022-05-28T12:00:00Z,41.5646,43.462,41.4378,42.9356,117921
2022-05-28T16:00:00Z,42.9356,44.717,42.5508,44.3922,88613
2022-05-28T20:00:00Z,44.3922,45.0401,43.6895,44.2371,113763
2022-05-29T00:00:00Z,44.2371,44.394,42.146,42.315,139101
2022-05-29T04:00:00Z,42.315,42.6103,41.7851,42.4076,100484
2022-05-29T08:00:00Z,42.4076,44.1584,42.3027,44.0524,145413
2022-05-29T12:00:00Z,44.0524,45.6058,44.0405,44.6863,222043
2022-05-29T16:00:00Z,44.6863,45.2935,44.052,44.2334,101734
2022-05-29T20:00:00Z,44.2334,45.1427,44.1445,44.9518,65396
2022-05-30T00:00:00Z,44.9518,46.6025,44.2416,45.896,125728
2022-05-30T04:00:00Z,45.896,47.3377,45.5207,47.038,147762
2022-05-30T08:00:00Z,47.038,47.1852,45.8687,46.0476,107240
2022-05-30T12:00:00Z,46.0476,46.642,44.922,45.7901,128491
2022-05-30T16:00:00Z,45.7901,46.2889,45.3616,45.6331,59432
2022-05-30T20:00:00Z,45.6331,48.3632,45.4219,47.1738,121507
2022-05-31T00:00:00Z,47.1738,48.1873,46.1853,47.6484,133755
2022-05-31T04:00:00Z,47.6484,47.7975,45.8776,46.316,140360
2022-05-31T08:00:00Z,46.316,46.8667,45.9136,46.5416,100784
2022-05-31T12:00:00Z,46.5416,46.7376,44.5439,46.3045,150280
2022-05-31T16:00:00Z,46.3045,46.7493,45.1645,45.5005,101064
2022-05-31T20:00:00Z,45.5005,46.149,45.3385,45.7236,62006
2022-06-01T00:00:00Z,45.7236,46.0855,44.6099,44.7328,93344
2022-06-01T04:00:00Z,44.7328,45.1773,44.2541,44.5367,121034
2022-06-01T08:00:00Z,44.5367,45.2427,44.1692,44.5424,86494
2022-06-01T12:00:00Z,44.5424,45.6124,42.8041,42.9046,150855
2022-06-01T16:00:00Z,42.9046,43.0722,40.692,41.2453,129853
2022-06-01T20:00:00Z,41.2453,41.3319,39.5125,40.0557,133915
2022-06-02T00:00:00Z,40.0557,40.1879,38.6637,38.7966,173987
2022-06-02T04:00:00Z,38.7966,40.0428,38.0906,39.6325,227246
2022-06-02T08:00:00Z,39.6325,41.1388,39.4232,40.9762,154716
2022-06-02T12:00:00Z,40.9762,41.1875,39.6187,40.6501,190515
2022-06-02T16:00:00Z,40.6501,41.0159,39.8886,40.4013,92214
2022-06-02T20:00:00Z,40.4013,41.5808,40.3419,40.816,85124
2022-06-03T00:00:00Z,40.816,41.4996,40.3872,41.098,85598
2022-06-03T04:00:00Z,41.098,41.1719,40.25,40.3217,84756
2022-06-03T08:00:00Z,40.3217,40.4315,37.9102,38.2262,237363
2022-06-03T12:00:00Z,38.2262,38.6473,37.6281,38.0179,300106
2022-06-03T16:00:00Z,38.0179,38.5312,37.7121,38.1383,93048
2022-06-03T20:00:00Z,38.1383,38.9479,37.8731,38.2348,123220
2022-06-04T00:00:00Z,38.2348,38.3299,35.6797,36.2332,336568
2022-06-04T04:00:00Z,36.2332,37.4496,36.1689,37.3083,225759
2022-06-04T08:00:00Z,37.3083,37.8826,36.8288,36.9746,232355
2022-06-04T12:00:00Z,36.9746,38.1838,36.5303,37.7379,292249
2022-06-04T16:00:00Z,37.7379,38.1911,37.3396,37.4949,109496
2022-06-04T20:00:00Z,37.4949,39.4976,37.4312,38.9833,177291
2022-06-05T00:00:00Z,38.9833,39.45,37.833,38.2954,169082
2022-06-05T04:00:00Z,38.2954,39.3154,37.9384,38.8204,214044
2022-06-05T08:00:00Z,38.8204,39.9435,38.7381,39.4546,286171
2022-06-05T12:00:00Z,39.4546,39.8253,38.7539,39.7942,182011
2022-06-05T16:00:00Z,39.7942,40.2154,39.1965,39.6345,202637
2022-06-05T20:00:00Z,39.6345,40.0696,38.4003,38.5047,211918
2022-06-06T00:00:00Z,38.5047,41.95,38.3191,41.7523,404466
2022-06-06T04:00:00Z,41.7523,43.9507,41.5168,43.0394,349674
2022-06-06T08:00:00Z,43.0394,44.8613,42.9454,43.9366,353372
2022-06-06T12:00:00Z,43.9366,44.1227,42.2941,42.8278,428987
2022-06-06T16:00:00Z,42.8278,42.8498,41.5289,42.2142,280925
2022-06-06T20:00:00Z,42.2142,43.2,41.1061,42.3769,265708
2022-06-07T00:00:00Z,42.3769,42.6537,38.6798,39.503,494450
2022-06-07T04:00:00Z,39.503,39.6454,38.7811,39.2654,148381
2022-06-07T08:00:00Z,39.2654,39.6192,37.1057,38.0137,208465
2022-06-07T12:00:00Z,38.0137,39.6017,37.6147,39.1045,265482
2022-06-07T16:00:00Z,39.1045,41.1259,38.597,40.4307,175666
2022-06-07T20:00:00Z,40.4307,41.3359,38.3717,39.2717,185719
2022-06-08T00:00:00Z,39.2717,40.9136,38.273,38.6153,254180
2022-06-08T04:00:00Z,38.6153,39.5158,38.274,39.2167,139959
2022-06-08T08:00:00Z,39.2167,39.6858,38.9345,39.2842,121583
2022-06-08T12:00:00Z,39.2842,40.0905,38.7029,39.6637,171505
2022-06-08T16:00:00Z,39.6637,39.8304,38.3733,38.7346,99454
2022-06-08T20:00:00Z,38.7346,39.3399,38.6152,38.7833,108881
2022-06-09T00:00:00Z,38.7833,39.1788,38.3782,39.0838,127320
2022-06-09T04:00:00Z,39.0838,39.498,38.8275,39.498,97653
2022-06-09T08:00:00Z,39.498,41.9295,39.2562,41.2017,404730
2022-06-09T12:00:00Z,41.2017,41.4145,39.8015,40.324,332702
2022-06-09T16:00:00Z,40.324,41.3806,39.5284,39.6247,122687
2022-06-09T20:00:00Z,39.6247,40.1483,39.4111,39.9527,112293
2022-06-10T00:00:00Z,39.9527,40.8587,39.0104,40.2559,171242
2022-06-10T04:00:00Z,40.2559,40.7658,40.0264,40.3091,119209
2022-06-10T08:00:00Z,40.3091,40.6155,38.8637,39.2587,177792
2022-06-10T12:00:00Z,39.2587,39.651,37.4616,37.9323,312387
2022-06-10T16:00:00Z,37.9323,38.0339,36.9379,37.2026,131080
2022-06-10T20:00:00Z,37.2026,37.9842,36.728,37.1031,114080
2022-06-11T00:00:00Z,37.1031,37.6759,36.9375,37.49,91797
2022-06-11T04:00:00Z,37.49,37.8704,37.0924,37.6514,111207
2022-06-11T08:00:00Z,37.6514,37.7102,35.0916,35.4707,226882
2022-06-11T12:00:00Z,35.4707,35.7319,33.1189,33.7181,337636
2022-06-11T16:00:00Z,33.7181,34.7101,33.3039,34.0988,220980
2022-06-11T20:00:00Z,34.0988,34.6401,33.5777,33.8521,97508
2022-06-12T00:00:00Z,33.8521,34.2632,31.4673,32.3009,260512
2022-06-12T04:00:00Z,32.3009,33.1604,31.0502,33.1457,203349
2022-06-12T08:00:00Z,33.1457,33.8224,32.2603,32.7204,202611
2022-06-12T12:00:00Z,32.7204,34.4948,31.3769,33.9901,190798
2022-06-12T16:00:00Z,33.9901,34.2766,32.314,32.5823,100731
2022-06-12T20:00:00Z,32.5823,32.7873,30.522,30.5737,131692
2022-06-13T00:00:00Z,30.5737,31.0491,27.62,28.8027,360230
2022-06-13T04:00:00Z,28.8027,29.656,27.1945,27.5236,265566
2022-06-13T08:00:00Z,27.5236,28.4309,26.0287,26.8693,313301
2022-06-13T12:00:00Z,26.8693,28.2306,26.1058,27.8923,299177
2022-06-13T16:00:00Z,27.8923,29.4154,27.4184,28.2767,142273
2022-06-13T20:00:00Z,28.2767,29.8432,26.9767,28.5878,175448
2022-06-14T00:00:00Z,28.5878,29.1333,25.8398,28.9121,305046
2022-06-14T04:00:00Z,28.9121,32.18,28.0506,30.9948,357220
2022-06-14T08:00:00Z,30.9948,31.0954,28.6471,29.0528,200713
2022-06-14T12:00:00Z,29.0528,31.3578,28.3585,31.0595,293741
2022-06-14T16:00:00Z,31.0595,31.1607,29.0302,29.4006,144638
2022-06-14T20:00:00Z,29.4006,30.0258,27.9664,29.555,122321
2022-06-15T00:00:00Z,29.555,30.2842,28.6327,28.7739,206777
2022-06-15T04:00:00Z,28.7739,28.7989,27.3448,27.6243,170154
2022-06-15T08:00:00Z,27.6243,29.1577,26.775,28.8952,195423
2022-06-15T12:00:00Z,28.8952,29.9978,28.631,29.4992,157354
2022-06-15T16:00:00Z,29.4992,32.9444,28.1132,31.4291,230803
2022-06-15T20:00:00Z,31.4291,34.8,31.0481,34.7255,189332
2022-06-16T00:00:00Z,34.7255,36.0296,33.7049,33.7789,214474
2022-06-16T04:00:00Z,33.7789,34.2445,32.4376,32.6049,144153
2022-06-16T08:00:00Z,32.6049,32.9667,30.7131,31.2784,276660
2022-06-16T16:00:00Z,31.2866,32.6389,30.3921,30.8178,179120
2022-06-16T20:00:00Z,30.8178,31.5501,29.5317,30.0904,133074
2022-06-17T00:00:00Z,30.0904,31.2762,29.2324,30.0015,234311
2022-06-17T04:00:00Z,30.0015,31.9312,29.903,31.5566,146044
2022-06-17T08:00:00Z,31.5566,32.0944,30.9425,31.5452,173153
2022-06-17T12:00:00Z,31.5452,32.0253,30.8187,31.223,155779
2022-06-17T16:00:00Z,31.223,32.1061,30.9375,31.1453,136787
2022-06-17T20:00:00Z,31.1453,31.7271,30.5474,30.699,81564
2022-06-18T00:00:00Z,30.699,31.2592,29.76,30.0627,126671
2022-06-18T04:00:00Z,30.0627,30.3827,28.0966,28.44,163928
2022-06-18T08:00:00Z,28.44,30.647,27.817,29.9641,182167
2022-06-18T12:00:00Z,29.9641,30.4207,29.5142,29.7789,163294
2022-06-18T16:00:00Z,29.7789,30.5973,28.0584,28.0688,150236
2022-06-18T20:00:00Z,28.0688,31.9926,27.1238,31.9714,280415
2022-06-19T00:00:00Z,31.9714,32.3,29.7302,30.1674,328461
2022-06-19T04:00:00Z,30.1674,30.6009,28.8107,29.1804,269782
2022-06-19T08:00:00Z,29.1804,32.9896,28.7,32.3965,375022
2022-06-19T12:00:00Z,32.3965,33.5831,31.5459,33.4615,313945
2022-06-19T16:00:00Z,33.4615,34.272,31.9777,33.1903,208489
2022-06-19T20:00:00Z,33.1903,35.3936,33.0266,34.18,156863
2022-06-20T00:00:00Z,34.18,34.5484,31.779,32.255,213562
2022-06-20T04:00:00Z,32.255,32.8054,31.7007,32.3342,189566
2022-06-20T08:00:00Z,32.3342,36.9114,32.14,36.3112,354303
2022-06-20T12:00:00Z,36.3112,36.7,34.5245,35.2722,293274
2022-06-20T16:00:00Z,35.2722,35.2788,33.9413,34.4558,214433
2022-06-20T20:00:00Z,34.4558,35.7335,33.7695,35.2228,169502
2022-06-21T00:00:00Z,35.2228,35.85,34.2097,35.2025,236261
2022-06-21T04:00:00Z,35.2025,37.6318,34.7489,36.8167,232962
2022-06-21T08:00:00Z,36.8167,38.4942,36.7239,37.1348,167832
2022-06-21T12:00:00Z,37.1348,39.1671,36.9206,37.904,169465
2022-06-21T16:00:00Z,37.904,38.5838,36.5157,36.5617,95809
2022-06-21T20:00:00Z,36.5617,36.8142,35.6295,36.3929,110830
2022-06-22T00:00:00Z,36.3929,36.6897,34.5,34.7051,156905
2022-06-22T04:00:00Z,34.7051,35.2519,33.7308,33.8273,135613
2022-06-22T08:00:00Z,33.8273,36.1,33.6279,35.4787,169352
2022-06-22T12:00:00Z,35.4787,36.863,34.5359,34.7347,248658
2022-06-22T16:00:00Z,34.7347,35.3229,33.9331,34.3804,113115
2022-06-22T20:00:00Z,34.3804,35.0881,33.8594,34.1072,81102
2022-06-23T00:00:00Z,34.1072,35.8511,33.9171,35.1159,128372
2022-06-23T04:00:00Z,35.1159,36.6345,35,35.9591,141985
2022-06-23T08:00:00Z,35.9591,37.4588,35.7096,36.8936,134579
2022-06-23T12:00:00Z,36.8936,37.75,36.0949,37.1893,166993
2022-06-23T16:00:00Z,37.1893,38.4799,36.2586,37.539,155141
2022-06-23T20:00:00Z,37.539,38.6303,37.2216,38.1342,115035
2022-06-24T00:00:00Z,38.1342,39.5935,37.6565,38.9085,181256
2022-06-24T04:00:00Z,38.9085,39.2744,37.7302,38.3211,100510
2022-06-24T08:00:00Z,38.3211,40.463,38.0505,40.2837,134775
2022-06-24T12:00:00Z,40.2837,41.3,39.7554,40.046,228038
2022-06-24T16:00:00Z,40.046,41.1189,39.4079,41.1184,131717
2022-06-24T20:00:00Z,41.1184,42.9,40.8669,41.892,124545
2022-06-25T00:00:00Z,41.892,42.4153,40.6759,41.3752,158399
2022-06-25T04:00:00Z,41.3752,42.3055,40.9524,42.134,97524
2022-06-25T08:00:00Z,42.134,42.5956,41.7268,41.8383,113614
2022-06-25T12:00:00Z,41.8383,42.0396,39.7309,39.8446,249513
2022-06-25T16:00:00Z,39.8446,40.9087,39.7308,40.3245,117175
2022-06-25T20:00:00Z,40.3245,42.5669,40.0295,42.2099,147397
2022-06-26T00:00:00Z,42.2099,42.4509,40.6855,41.373,119884
2022-06-26T04:00:00Z,41.373,41.7699,40.7485,41.2807,136016
2022-06-26T08:00:00Z,41.2807,42.1788,40.5361,42.0802,180557
2022-06-26T12:00:00Z,42.0802,42.4587,39.964,40.5837,229420
2022-06-26T16:00:00Z,40.5837,40.8915,39.5503,40.6358,92691
2022-06-26T20:00:00Z,40.6358,41.3792,39.1,39.3365,135051
2022-06-27T00:00:00Z,39.3365,40.2515,38.9025,40.1094,104582
2022-06-27T04:00:00Z,40.1094,40.8143,39.5869,40.5668,116560
2022-06-27T08:00:00Z,40.5668,41.2109,40.2565,40.2958,107735
2022-06-27T12:00:00Z,40.2958,40.4405,38.2562,38.7267,215874
2022-06-27T16:00:00Z,38.7267,39.1265,37.879,38.3056,113748
2022-06-27T20:00:00Z,38.3056,39.1069,38.2717,38.473,67708
2022-06-28T00:00:00Z,38.473,38.9219,36.9584,37.7049,134697
2022-06-28T04:00:00Z,37.7049,38.6803,37.5196,38.5997,110470
2022-06-28T08:00:00Z,38.5997,39.6909,38.4301,39.2094,124315
2022-06-28T12:00:00Z,39.2094,39.8734,37.0237,37.0495,157402
2022-06-28T16:00:00Z,37.0495,37.1825,35.6062,35.9383,133760
2022-06-28T20:00:00Z,35.9383,36.6382,35.0531,35.3133,138645
2022-06-29T00:00:00Z,35.3133,36.0563,35.011,35.423,106957
2022-06-29T04:00:00Z,35.423,35.679,34.4026,35.2939,157570
2022-06-29T08:00:00Z,35.2939,35.7209,34.2859,34.9335,142971
2022-06-29T12:00:00Z,34.9335,35.106,33.594,34.6688,174542
2022-06-29T16:00:00Z,34.6688,34.6767,33.076,34.4407,120983
2022-06-29T20:00:00Z,34.4407,35.0977,33.4817,34.0167,147698
2022-06-30T00:00:00Z,34.0167,34.16,32.4873,32.9678,127817
2022-06-30T04:00:00Z,32.9678,33.177,31.5421,31.8827,146674
2022-06-30T08:00:00Z,31.8827,32.0953,31.2104,31.6656,165662
2022-06-30T12:00:00Z,31.6656,32.2948,30.8878,32.0761,225037
2022-06-30T16:00:00Z,32.0761,32.827,31.4983,32,153206
2022-06-30T20:00:00Z,32,33.8865,31.4352,33.7357,148112
2022-07-01T00:00:00Z,33.7357,35.3814,33.4335,33.6384,224087
2022-07-01T04:00:00Z,33.6384,33.747,32.3287,33.132,208107
2022-07-01T08:00:00Z,33.132,33.5574,31.8059,32.3094,131648
2022-07-01T12:00:00Z,32.3094,33.1352,32.0187,32.3155,97554
2022-07-01T16:00:00Z,32.3155,33.4564,32.2464,33.2399,90906
2022-07-01T20:00:00Z,33.2399,33.9498,32.6335,32.8062,108067
2022-07-02T00:00:00Z,32.8062,33.4078,32.0514,32.1428,142154
2022-07-02T04:00:00Z,32.1428,32.8453,32.0767,32.4078,83418
2022-07-02T08:00:00Z,32.4078,32.782,31.85,32.7497,117469
2022-07-02T12:00:00Z,32.7497,33.3584,32.5933,32.8595,125063
2022-07-02T16:00:00Z,32.8595,33.4761,32.6903,33.119,72186
2022-07-02T20:00:00Z,33.119,34.1463,32.8873,33.354,92485
2022-07-03T00:00:00Z,33.354,33.6106,32.6907,33.0664,110242
2022-07-03T04:00:00Z,33.0664,33.6283,32.3291,32.8604,122890
2022-07-03T08:00:00Z,32.8604,33.1164,32.4998,32.9083,82814
2022-07-03T12:00:00Z,32.9083,33.0082,32.1451,32.3322,91061
2022-07-03T16:00:00Z,32.3322,33.5246,32.284,33.4295,99760
2022-07-03T20:00:00Z,33.4295,33.664,33.1405,33.3864,91363
2022-07-04T00:00:00Z,33.3864,33.8665,32.6143,32.6243,137011
2022-07-04T04:00:00Z,32.6243,33.0729,32.4387,32.7698,122050
2022-07-04T08:00:00Z,32.7698,34.3997,32.7318,34.3997,202540
2022-07-04T12:00:00Z,34.3997,34.9274,33.7794,34.2843,237528
2022-07-04T16:00:00Z,34.2843,35.1197,34.1208,34.8554,204963
2022-07-04T20:00:00Z,34.8554,36.914,34.7159,36.7221,263458
2022-07-05T00:00:00Z,36.7221,36.9716,35.1598,35.8363,177127
2022-07-05T04:00:00Z,35.8363,36.2962,35.5756,35.9026,128285
2022-07-05T08:00:00Z,35.9026,35.9171,33.8167,33.9657,224669
2022-07-05T12:00:00Z,33.9657,34.0902,33.11,33.8428,162956
2022-07-05T16:00:00Z,33.8428,36.046,33.6016,35.6892,139098
2022-07-05T20:00:00Z,35.6892,36.3768,35.1558,35.3799,167022
2022-07-06T00:00:00Z,35.3799,36.0488,34.7896,35.5338,172592
2022-07-06T04:00:00Z,35.5338,36.4071,35.2662,35.9347,169090
2022-07-06T08:00:00Z,35.9347,36.6665,35.5833,35.5963,136385
2022-07-06T12:00:00Z,35.5963,36.4821,35.3413,35.7157,111051
2022-07-06T16:00:00Z,35.7157,36.7607,35.6881,36.2297,101288
2022-07-06T20:00:00Z,36.2297,37.6396,35.9424,37.0192,121162
2022-07-07T00:00:00Z,37.0192,37.4026,36.7278,37.0937,107474
2022-07-07T04:00:00Z,37.0937,37.1146,36.3584,36.8009,95540
2022-07-07T08:00:00Z,36.8009,37.41,36.6305,37.2532,90359
2022-07-07T12:00:00Z,37.2532,38.55,36.7442,38.2877,187327
2022-07-07T16:00:00Z,38.2877,39.244,38.0652,38.9954,139766
2022-07-07T20:00:00Z,38.9954,39.0474,38.1419,38.4716,114769
2022-07-08T00:00:00Z,38.4716,39.6984,38.0455,38.6031,123897
2022-07-08T04:00:00Z,38.6031,38.7712,37.1719,37.4995,120423
2022-07-08T08:00:00Z,37.4995,37.6211,36.5851,37.1804,115504
2022-07-08T12:00:00Z,37.1804,38.7513,36.4554,38.5285,167873
2022-07-08T16:00:00Z,38.5285,39.3381,37.9353,38.9358,179106
2022-07-08T20:00:00Z,38.9358,39.1736,37.9989,38.136,101274
2022-07-09T00:00:00Z,38.136,38.8216,37.7987,38.3259,88573
2022-07-09T04:00:00Z,38.3259,38.8827,38.2193,38.604,78712
2022-07-09T08:00:00Z,38.604,38.8488,38.0377,38.173,51299
2022-07-09T12:00:00Z,38.173,38.3465,37.7669,38.0389,65654
2022-07-09T16:00:00Z,38.0389,38.8998,37.9625,38.3778,65861
2022-07-09T20:00:00Z,38.3778,38.4917,37.9413,38.0376,43120
2022-07-10T00:00:00Z,38.0376,38.0989,37.0834,37.3687,72779
2022-07-10T04:00:00Z,37.3687,37.521,37.149,37.283,60578
2022-07-10T08:00:00Z,37.283,37.3762,36.6459,36.9265,79945
2022-07-10T12:00:00Z,36.9265,37.1087,36.2754,36.6726,111721
2022-07-10T16:00:00Z,36.6726,37.2998,36.3965,37.2998,88957
2022-07-10T20:00:00Z,37.2998,37.4072,36.508,36.6876,91148
2022-07-11T00:00:00Z,36.6876,36.72,35.3367,35.7862,106923
2022-07-11T04:00:00Z,35.7862,35.8093,34.7706,35.1621,111185
2022-07-11T08:00:00Z,35.1621,35.6469,35.0245,35.1292,92750
2022-07-11T12:00:00Z,35.1292,35.7647,34.6305,35.1358,126606
2022-07-11T16:00:00Z,35.1358,35.6452,35.0298,35.3255,55582
2022-07-11T20:00:00Z,35.3255,35.4272,33.2299,33.3891,142858
2022-07-12T00:00:00Z,33.3891,33.9693,33.2251,33.595,91225
2022-07-12T04:00:00Z,33.595,34.0993,33.2605,33.4787,138392
2022-07-12T08:00:00Z,33.4787,34.1539,33.1214,33.9121,187223
2022-07-12T12:00:00Z,33.9121,34.5908,33.7349,34.2033,134254
2022-07-12T16:00:00Z,34.2033,34.4779,32.7159,32.9148,94985
2022-07-12T20:00:00Z,32.9148,33.2688,32.5675,32.659,97768
2022-07-13T00:00:00Z,32.659,33.2202,32.346,33.0214,98390
2022-07-13T04:00:00Z,33.0214,33.7236,32.9361,33.6805,97709
2022-07-13T08:00:00Z,33.6805,34.1024,33.6134,33.9335,112017
2022-07-13T12:00:00Z,33.9335,34.4638,31.8077,33.195,265357
2022-07-13T16:00:00Z,33.195,34.0602,32.9618,33.6321,119329
2022-07-13T20:00:00Z,33.6321,35.0658,33.4649,34.9437,125594
2022-07-14T00:00:00Z,34.9437,35.3146,34.5232,34.5769,95597
2022-07-14T04:00:00Z,34.5769,34.7162,34.1894,34.3387,111312
2022-07-14T08:00:00Z,34.3387,34.4795,33.5684,33.7821,81299
2022-07-14T12:00:00Z,33.7821,35.1995,33.6065,35.1343,151787
2022-07-14T16:00:00Z,35.1343,37.0707,34.8154,36.3312,161410
2022-07-14T20:00:00Z,36.3312,37.2745,36.3312,37.099,194347
2022-07-15T00:00:00Z,37.099,37.8337,36.5534,37.3148,363907
2022-07-15T04:00:00Z,37.3148,37.5055,36.4904,37.4445,198060
2022-07-15T08:00:00Z,37.4445,38.4188,37.422,37.6909,195275
2022-07-15T12:00:00Z,37.6909,38.5399,37.332,37.6744,176049
2022-07-15T16:00:00Z,37.6744,38.866,37.0507,38.866,143555
2022-07-15T20:00:00Z,38.866,39.1008,37.2372,37.3678,74191
2022-07-16T00:00:00Z,37.3678,37.5206,36.7403,37.2089,87759
2022-07-16T04:00:00Z,37.2089,37.2627,36.3548,36.42,74429
2022-07-16T08:00:00Z,36.42,36.891,36.3961,36.7414,50837
2022-07-16T12:00:00Z,36.7414,37.9955,36.6199,37.923,104598
2022-07-16T16:00:00Z,37.923,40.4119,37.8833,39.4001,298371
2022-07-16T20:00:00Z,39.4001,39.8723,38.8197,39.563,122353
2022-07-17T00:00:00Z,39.563,40.4759,39.2475,39.8566,173840
2022-07-17T04:00:00Z,39.8566,41.0808,39.8371,40.3063,127846
2022-07-17T08:00:00Z,40.3063,40.5339,39.3074,39.7793,195641
2022-07-17T12:00:00Z,39.7793,39.8838,39.0351,39.2622,99153
2022-07-17T16:00:00Z,39.2622,39.8098,38.2837,39.0065,114812
2022-07-17T20:00:00Z,39.0065,39.531,38.4771,38.59,59261
2022-07-18T00:00:00Z,38.59,40.8755,38.5318,40.5582,114704
2022-07-18T04:00:00Z,40.5582,42.4419,40.2756,42.0943,211731
2022-07-18T08:00:00Z,42.0943,42.6585,41.2914,41.6079,134248
2022-07-18T12:00:00Z,41.6079,42.5303,41.2098,42.2773,97908
2022-07-18T16:00:00Z,42.2773,42.4092,39.6643,39.9862,117358
2022-07-18T20:00:00Z,39.9862,44.043,39.772,43.4834,156819
2022-07-19T00:00:00Z,43.4834,46.0703,42.7878,42.9657,379359
2022-07-19T04:00:00Z,42.9657,44.1108,42.5222,43.4614,149510
2022-07-19T08:00:00Z,43.4614,45.8841,43.2115,45.5107,227268
2022-07-19T12:00:00Z,45.5107,47.3229,45.2203,46.5249,369032
2022-07-19T16:00:00Z,46.5249,47.2349,45.339,45.3906,179954
2022-07-20T00:00:00Z,44.8352,45.7382,44.0775,45.4517,120714
2022-07-20T04:00:00Z,45.4517,46.03,44.3288,44.3604,165871
2022-07-20T08:00:00Z,44.3604,45.618,43.7348,45.3023,136087
2022-07-20T12:00:00Z,45.3023,46.3128,44.8262,45.3216,164973
2022-07-20T16:00:00Z,45.3216,45.4407,43.1153,43.1804,118317
2022-07-20T20:00:00Z,43.1804,43.5202,41.2713,42.0084,142949
2022-07-21T00:00:00Z,42.0084,42.4541,39.8931,40.0147,163225
2022-07-21T04:00:00Z,40.0147,41.467,39.65,41.0378,106974
2022-07-21T08:00:00Z,41.0378,41.8761,40.6074,41.7363,104712
2022-07-21T12:00:00Z,41.7363,42.4229,40.8318,41.8765,113094
2022-07-21T16:00:00Z,41.8765,43.8822,41.8579,43.7746,138500
2022-07-21T20:00:00Z,43.7746,44.0363,42.5706,43.0987,133469
2022-07-22T00:00:00Z,43.0987,43.5,42.2522,42.6518,130857
2022-07-22T04:00:00Z,42.6518,43.4277,42.0586,43.0431,150048
2022-07-22T08:00:00Z,43.0431,44.3,42.8384,44.1271,177696
2022-07-22T12:00:00Z,44.1271,44.1703,41.4739,41.6475,202617
2022-07-22T16:00:00Z,41.6475,41.881,40.0078,40.1659,127583
2022-07-22T20:00:00Z,40.1659,41.0499,40.1105,40.4851,96154
2022-07-23T00:00:00Z,40.4851,41.4516,40.0692,41.0547,104966
2022-07-23T04:00:00Z,41.0547,41.8895,40.9955,41.3005,82078
2022-07-23T08:00:00Z,41.3005,41.4821,39.5317,39.5604,122560
2022-07-23T12:00:00Z,39.5604,40.4537,39.3727,40.168,140762
2022-07-23T16:00:00Z,40.168,40.3588,38.6017,39.3366,92453
2022-07-23T20:00:00Z,39.3366,40.1843,39.145,39.9347,84936
2022-07-24T00:00:00Z,39.9347,40.3991,39.4605,39.58,86976
2022-07-24T04:00:00Z,39.58,41.1363,39.4701,40.687,124142
2022-07-24T08:00:00Z,40.687,41.3565,40.1955,40.8591,104439
2022-07-24T12:00:00Z,40.8591,41.3032,40.0779,41.1833,97568
2022-07-24T16:00:00Z,41.1833,41.2576,40.5934,40.8087,65717
2022-07-24T20:00:00Z,40.8087,42.0509,40.6848,40.9017,110282
2022-07-25T00:00:00Z,40.9017,41.0743,37.7046,38.0506,226618
2022-07-25T04:00:00Z,38.0506,38.6793,37.7476,38.5198,117845
2022-07-25T08:00:00Z,38.5198,39.2037,38.3093,38.8237,102935
2022-07-25T12:00:00Z,38.8237,39.3111,38.2454,38.4507,138259
2022-07-25T16:00:00Z,38.4507,38.9584,37.3005,37.905,107222
2022-07-25T20:00:00Z,37.905,38.9,36.5373,36.5953,118967
2022-07-26T00:00:00Z,36.5953,36.793,35.4909,36.1678,163620
2022-07-26T04:00:00Z,36.1678,36.4495,35.4356,35.6074,78062
2022-07-26T08:00:00Z,35.6074,36.195,35.3112,35.7732,99087
2022-07-26T12:00:00Z,35.7732,36.2608,34.9038,34.9687,137227
2022-07-26T16:00:00Z,34.9687,35.5526,34.6406,34.9915,97075
2022-07-26T20:00:00Z,34.9915,36.2862,34.7785,36.2108,90726
2022-07-27T00:00:00Z,36.2108,36.3304,35.6319,35.7492,77556
2022-07-27T04:00:00Z,35.7492,37.1507,35.7299,36.789,103690
2022-07-27T08:00:00Z,36.789,37.0202,36.2705,36.3495,72391
2022-07-27T12:00:00Z,36.3495,37.4,36.173,37.1448,109358
2022-07-27T16:00:00Z,37.1448,40.2459,36.3867,39.3467,177990
2022-07-27T20:00:00Z,39.3467,40.5196,39.2512,40.1906,72207
2022-07-28T00:00:00Z,40.1906,40.4291,39.0225,39.7106,129292
2022-07-28T04:00:00Z,39.7106,39.9639,39.226,39.3048,88205
2022-07-28T08:00:00Z,39.3048,40.8116,39.246,40.493,122552
2022-07-28T12:00:00Z,40.493,42.0751,39.1959,41.8946,243999
2022-07-28T16:00:00Z,41.8946,42.9151,41.7448,42.1166,165001
2022-07-28T20:00:00Z,42.1166,44.1447,42.0836,42.872,166463
2022-07-29T00:00:00Z,42.872,43.5258,42.3945,43.4861,108017
2022-07-29T04:00:00Z,43.4861,44.3888,42.702,43.03,141424
2022-07-29T08:00:00Z,43.03,43.26,41.3526,41.8942,118966
2022-07-29T12:00:00Z,41.8942,43.4041,41.1355,42.5993,133929
2022-07-29T16:00:00Z,42.5993,42.6471,41.228,41.7798,90485
2022-07-29T20:00:00Z,41.7798,43.0751,41.4912,41.8817,107947
2022-07-30T00:00:00Z,41.8817,42.4711,41.4065,41.8433,89385
2022-07-30T04:00:00Z,41.8433,42.4634,41.426,42.3324,77271
2022-07-30T08:00:00Z,42.3324,43.0468,41.8297,42.3651,98380
2022-07-30T12:00:00Z,42.3651,46.2728,42.1716,46.2482,241565
2022-07-30T16:00:00Z,46.2482,46.6273,44.8246,45.0912,162185
2022-07-30T20:00:00Z,45.0912,45.4421,43.4199,43.8106,119377
2022-07-31T00:00:00Z,43.8106,44.1204,42.9609,43.2037,138287
2022-07-31T04:00:00Z,43.2037,44.4181,43.1983,43.8244,91818
2022-07-31T08:00:00Z,43.8244,44.7261,43.261,44.3737,108813
2022-07-31T12:00:00Z,44.3737,44.583,43.5851,44.0939,107005
2022-07-31T16:00:00Z,44.0939,45.1566,42.8232,43.7411,96683
2022-07-31T20:00:00Z,43.7411,43.8581,42.1884,42.3057,77245
2022-08-01T00:00:00Z,42.3057,43.1986,42.0631,42.9845,77764
2022-08-01T04:00:00Z,42.9845,43.0968,42.25,42.9201,73693
2022-08-01T08:00:00Z,42.9201,43.0857,41.6138,42.1965,98551
2022-08-01T12:00:00Z,42.1965,42.9173,41.3157,42.437,114472
2022-08-01T16:00:00Z,42.437,42.5132,40.5612,41.0723,125142
2022-08-01T20:00:00Z,41.0723,41.8529,40.7512,41.6026,72505
2022-08-02T00:00:00Z,41.6026,42.0749,39.934,40.2017,103845
2022-08-02T04:00:00Z,40.2017,40.6024,39.8915,40.4938,66536
2022-08-02T08:00:00Z,40.4938,40.7649,39.7841,40.5162,73647
2022-08-02T12:00:00Z,40.5162,41.6182,39.884,41.4512,98283
2022-08-02T16:00:00Z,41.4512,42.3837,40.8909,41.1119,78754
2022-08-02T20:00:00Z,41.1119,41.4711,39.4293,39.735,79332
2022-08-03T00:00:00Z,39.735,40.0521,37.3995,38.5168,557338
2022-08-03T04:00:00Z,38.5168,39.3927,38.1655,38.3024,333842
2022-08-03T08:00:00Z,38.3024,39.9222,38.294,39.619,209388
2022-08-03T12:00:00Z,39.619,40.9233,39.5544,40.1505,201239
2022-08-03T16:00:00Z,40.1505,40.6687,39.7655,40.0577,104858
2022-08-03T20:00:00Z,40.0577,40.2449,38.1555,38.5036,146524
2022-08-04T00:00:00Z,38.5036,39.643,38.4007,39.2981,123313
2022-08-04T04:00:00Z,39.2981,39.6661,38.5082,39.1525,138785
2022-08-04T08:00:00Z,39.1525,39.2984,38.5366,38.5834,106976
2022-08-04T12:00:00Z,38.5834,39.7863,38.3,38.84,159974
2022-08-04T16:00:00Z,38.84,38.9592,37.9388,38.3383,116104
2022-08-04T20:00:00Z,38.3383,38.9967,38.1213,38.799,72458
2022-08-05T00:00:00Z,38.799,40.1406,38.6518,40.0825,108783
2022-08-05T04:00:00Z,40.0825,40.5507,39.6445,40.0406,85376
2022-08-05T08:00:00Z,40.0406,41.0361,39.8195,40.9746,84761
2022-08-05T12:00:00Z,40.9746,41.3077,39.5665,39.9849,121839
2022-08-05T16:00:00Z,39.9849,40.1304,39.4014,39.9131,88465
2022-08-05T20:00:00Z,39.9131,40.7402,39.7022,40.5338,73407
2022-08-06T00:00:00Z,40.5338,40.6897,40.1309,40.4847,74484
2022-08-06T04:00:00Z,40.4847,40.6415,40.2216,40.3826,55626
2022-08-06T08:00:00Z,40.3826,40.8488,40.2571,40.2623,67280
2022-08-06T12:00:00Z,40.2623,40.5258,40.1524,40.4145,40406
2022-08-06T16:00:00Z,40.4145,40.8891,39.8284,40.7642,75773
2022-08-06T20:00:00Z,40.7642,40.8601,39.9035,40.0402,66602
2022-08-07T00:00:00Z,40.0402,40.2279,39.1558,39.7297,84869
2022-08-07T04:00:00Z,39.7297,40.1748,39.6736,39.9506,54291
2022-08-07T08:00:00Z,39.9506,40.1474,39.6585,40.1043,57305
2022-08-07T12:00:00Z,40.1043,40.5798,40.0601,40.3034,65269
2022-08-07T16:00:00Z,40.3034,40.7573,40.2175,40.5184,77872
2022-08-07T20:00:00Z,40.5184,41.5439,40.4424,40.5681,87279
2022-08-08T00:00:00Z,40.5681,42.055,40.5172,41.8812,119765
2022-08-08T04:00:00Z,41.8812,42.7749,41.8191,42.6585,152395
2022-08-08T08:00:00Z,42.6585,43.3931,42.3843,43.3729,138226
2022-08-08T12:00:00Z,43.3729,43.6778,42.378,42.4784,148303
2022-08-08T16:00:00Z,42.4784,42.532,41.9843,42.4664,55938
2022-08-08T20:00:00Z,42.4664,43.1228,41.7611,42.1652,79454
2022-08-09T00:00:00Z,42.1652,42.4347,41.4698,42.405,85035
2022-08-09T04:00:00Z,42.405,42.7273,42.2014,42.528,84241
2022-08-09T08:00:00Z,42.528,42.5551,40.65,40.8182,146184
2022-08-09T12:00:00Z,40.8182,41.3996,39.6901,40.0938,162198
2022-08-09T16:00:00Z,40.0938,40.4283,39.8922,40.0435,66605
2022-08-09T20:00:00Z,40.0435,40.6799,40.0208,40.3008,51199
2022-08-10T00:00:00Z,40.3008,40.3057,39.127,39.2502,111543
2022-08-10T04:00:00Z,39.2502,39.7685,39.0997,39.6389,48309
2022-08-10T08:00:00Z,39.6389,40.1494,39.6294,40.0153,53552
2022-08-10T12:00:00Z,40.0153,42.4124,39.8043,42.0485,193297
2022-08-10T16:00:00Z,42.0485,42.4274,41.1784,41.2902,89099
2022-08-10T20:00:00Z,41.2902,42.8322,41.2802,42.4416,89324
2022-08-11T00:00:00Z,42.4416,44.0304,42.3147,43.8018,105324
2022-08-11T04:00:00Z,43.8018,45.0567,43.7991,44.4989,220691
2022-08-11T08:00:00Z,44.4989,44.5941,43.7005,44.0416,105372
2022-08-11T12:00:00Z,44.0416,45.2906,43.3265,43.4381,196674
2022-08-11T16:00:00Z,43.4381,43.9754,42.8419,43.3441,106253
2022-08-11T20:00:00Z,43.3441,43.4772,42.3371,42.742,96909
2022-08-12T00:00:00Z,42.742,43.6225,42.1879,43.3957,90589
2022-08-12T04:00:00Z,43.3957,43.6285,42.7819,43.1134,68119
2022-08-12T08:00:00Z,43.1134,43.7643,42.1,42.2872,118296
2022-08-12T12:00:00Z,42.2872,43.2527,42.2683,43.153,114578
2022-08-12T16:00:00Z,43.153,44.8217,42.9367,44.6309,101957
2022-08-12T20:00:00Z,44.6309,45.4568,44.2884,45.4335,146090
2022-08-13T00:00:00Z,45.4335,47.7615,45.2372,47.392,503277
2022-08-13T04:00:00Z,47.392,48.3419,46.9007,47.1496,266726
2022-08-13T08:00:00Z,47.1496,47.7355,46.3409,46.7075,195278
2022-08-13T12:00:00Z,46.7075,47.1024,46.0037,46.2361,166007
2022-08-13T16:00:00Z,46.2361,46.7525,46.0516,46.2756,125076
2022-08-13T20:00:00Z,46.2756,47.3323,46.1667,46.5607,99800
2022-08-14T00:00:00Z,46.5607,47.584,46.05,46.7118,160136
2022-08-14T04:00:00Z,46.7118,48.0371,46.5025,47.7057,163816
2022-08-14T08:00:00Z,47.7057,47.7438,46.5542,46.6544,139457
2022-08-14T12:00:00Z,46.6544,46.6776,45.7465,46.0015,126973
2022-08-14T16:00:00Z,46.0015,46.0584,44.4247,45.0609,183423
2022-08-14T20:00:00Z,45.0609,45.7866,44.7333,44.8259,133297
2022-08-15T00:00:00Z,44.8259,47.2154,44.3456,46.4445,193986
2022-08-15T04:00:00Z,46.4445,46.6348,43.5055,43.7868,218716
2022-08-15T08:00:00Z,43.7868,44.3999,43.1922,43.769,133102
2022-08-15T12:00:00Z,43.769,44.5328,43.2714,44.4742,118091
2022-08-15T16:00:00Z,44.4742,44.7216,43.601,43.7772,86181
2022-08-15T20:00:00Z,43.7772,44.0945,42.7125,43.6903,95318
2022-08-16T00:00:00Z,43.6903,44.1618,42.4943,43.59,108810
2022-08-16T04:00:00Z,43.59,43.7488,42.7448,43.2725,63129
2022-08-16T08:00:00Z,43.2725,44.2713,43.1053,43.9554,80106
2022-08-16T12:00:00Z,43.9554,44.1935,42.5967,43.3822,141363
2022-08-16T16:00:00Z,43.3822,43.5629,42.5174,43.0919,110687
2022-08-16T20:00:00Z,43.0919,43.4722,42.8023,43.047,60790
2022-08-17T00:00:00Z,43.047,44.0486,42.9424,43.9707,70601
2022-08-17T04:00:00Z,43.9707,44.682,43.0004,43.1006,113309
2022-08-17T08:00:00Z,43.1006,43.4101,42.5889,42.7358,103118
2022-08-17T12:00:00Z,42.7358,42.7707,40.7148,41.0643,219950
2022-08-17T16:00:00Z,41.0643,41.8412,40.6109,40.7045,122181
2022-08-17T20:00:00Z,40.7045,41.0902,40.1262,40.4847,124097
2022-08-18T00:00:00Z,40.4847,40.9969,40.0762,40.7774,115018
2022-08-18T04:00:00Z,40.7774,41.0165,40.5034,40.8903,69464
2022-08-18T08:00:00Z,40.8903,41.3492,40.6504,41.2782,98999
2022-08-18T12:00:00Z,41.2782,41.6181,40.65,41.1197,160386
2022-08-18T16:00:00Z,41.1197,41.2207,40.3318,40.7401,113009
2022-08-18T20:00:00Z,40.7401,41.2094,39.2718,39.4891,115177
2022-08-19T00:00:00Z,39.4891,39.5329,37.7932,38.2485,190180
2022-08-19T04:00:00Z,38.2485,38.3727,35,36.579,254840
2022-08-19T08:00:00Z,36.579,36.5996,35.5033,36.319,135398
2022-08-19T12:00:00Z,36.319,37.1683,36.0273,36.8983,133658
2022-08-19T16:00:00Z,36.8983,37.7241,36.6972,37.1297,142814
2022-08-19T20:00:00Z,37.1297,37.2505,35.5825,35.7823,97963
2022-08-20T00:00:00Z,35.7823,36.8304,35.7481,36.5712,70002
2022-08-20T04:00:00Z,36.5712,37.2133,36.4299,36.9983,77354
2022-08-20T08:00:00Z,36.9983,37.0763,36.3674,36.5515,82809
2022-08-20T12:00:00Z,36.5515,36.9278,36.1736,36.4837,81250
2022-08-20T16:00:00Z,36.4837,36.5742,34.3281,34.3955,108014
2022-08-20T20:00:00Z,34.3955,35.342,34.168,35.2465,97564
2022-08-21T00:00:00Z,35.2465,35.6411,34.9909,35.0829,81436
2022-08-21T04:00:00Z,35.0829,35.4299,34.4824,35.4214,119150
2022-08-21T08:00:00Z,35.4214,36.2283,35.369,36.1439,134162
2022-08-21T12:00:00Z,36.1439,36.2626,35.5764,35.9784,101351
2022-08-21T16:00:00Z,35.9784,36.5264,35.8183,36.3101,74969
2022-08-21T20:00:00Z,36.3101,37,35.909,36.4385,118242
2022-08-22T00:00:00Z,36.4385,36.5236,36.0187,36.0869,76640
2022-08-22T08:00:00Z,34.8847,34.9207,33.7232,34.6192,174986
2022-08-22T12:00:00Z,34.6192,34.8426,33.8837,34.7929,149885
2022-08-22T16:00:00Z,34.7929,34.9834,33.97,34.5706,72586
2022-08-22T20:00:00Z,34.5706,35.5389,34.4418,35.3875,72702
2022-08-23T00:00:00Z,35.3875,35.5548,35.0837,35.2039,94102
2022-08-23T04:00:00Z,35.2039,35.3966,34.217,34.9375,114818
2022-08-23T08:00:00Z,34.9375,35.7193,34.8112,35.6451,94264
2022-08-23T12:00:00Z,35.6451,36.0804,35.164,35.6766,80821
2022-08-23T16:00:00Z,35.6766,35.77,35.1583,35.3767,65894
2022-08-23T20:00:00Z,35.3767,35.86,35.2863,35.6566,78942
2022-08-24T00:00:00Z,35.6566,35.6903,34.2885,34.571,95349
2022-08-24T04:00:00Z,34.571,35.3181,34.4606,34.8635,66387
2022-08-24T08:00:00Z,34.8635,35.4154,34.8524,35.3587,70585
2022-08-24T12:00:00Z,35.3587,36.0572,35.1469,36.0068,128309
2022-08-24T16:00:00Z,36.0068,36.36,35.6565,35.7911,92212
2022-08-24T20:00:00Z,35.7911,36.0599,34.8239,34.846,74949
2022-08-25T00:00:00Z,34.846,35.6413,34.8299,35.1959,93551
2022-08-25T04:00:00Z,35.1959,36.2663,35.1705,36.2482,120317
2022-08-25T08:00:00Z,36.2482,36.3454,35.9425,36.2915,64975
2022-08-25T12:00:00Z,36.2915,36.4586,35.3126,35.6898,146660
2022-08-25T16:00:00Z,35.6898,35.8212,35.3765,35.7656,76001
2022-08-25T20:00:00Z,35.7656,35.9538,35.0107,35.222,106144
2022-08-26T00:00:00Z,35.222,35.2231,34.459,35.0655,105953
2022-08-26T04:00:00Z,35.0655,35.1889,34.3712,34.6522,193389
2022-08-26T08:00:00Z,34.6522,34.7411,33.8411,34.2073,129194
2022-08-26T12:00:00Z,34.2073,35.739,32.9545,33.2321,231188
2022-08-26T16:00:00Z,33.2321,33.3416,32.5323,32.8792,95265
2022-08-26T20:00:00Z,32.8792,33.1011,31.3016,31.6868,95177
2022-08-27T00:00:00Z,31.6868,31.9814,31.4616,31.8205,86387
2022-08-27T04:00:00Z,31.8205,32.1917,31.0897,32.1902,96103
2022-08-27T08:00:00Z,32.1902,32.1967,31.7375,31.9519,53371
2022-08-27T12:00:00Z,31.9519,32.0117,31.0227,31.3215,83301
2022-08-27T16:00:00Z,31.3215,31.4,30.837,31.2733,73529
2022-08-27T20:00:00Z,31.2733,31.6255,30.9918,31.4807,54305
2022-08-28T00:00:00Z,31.4807,31.7514,31.1259,31.3698,65226
2022-08-28T04:00:00Z,31.3698,31.8216,31.2172,31.7488,51473
2022-08-28T08:00:00Z,31.7488,31.99,31.4716,31.7204,68035
2022-08-28T12:00:00Z,31.7204,31.8762,31.1672,31.802,121732
2022-08-28T16:00:00Z,31.802,32.1595,31.612,31.6511,69629
2022-08-28T20:00:00Z,31.6511,31.8391,30.1377,30.3719,81418
2022-08-29T00:00:00Z,30.3719,30.9181,29.931,30.6335,87514
2022-08-29T04:00:00Z,30.6335,30.7487,30.0828,30.5439,46223
2022-08-29T08:00:00Z,30.5439,30.738,30.2973,30.6616,59787
2022-08-29T12:00:00Z,30.6616,32.2693,30.614,31.7539,152056
2022-08-29T16:00:00Z,31.7539,31.9235,31.4119,31.507,55615
2022-08-29T20:00:00Z,31.507,32.6145,31.4552,32.3997,54477
2022-08-30T00:00:00Z,32.3997,32.476,31.83,32.2938,69787
2022-08-30T04:00:00Z,32.2938,33.0068,32.2615,32.7009,110266
2022-08-30T08:00:00Z,32.7009,33.1191,32.5701,32.7202,81494
2022-08-30T12:00:00Z,32.7202,32.8351,30.9031,31.1749,125859
2022-08-30T16:00:00Z,31.1749,31.9792,30.5942,31.5306,96821
2022-08-30T20:00:00Z,31.5306,32.0909,31.2604,31.4491,76370
2022-08-31T00:00:00Z,31.4491,32.6152,31.4247,32.428,81622
2022-08-31T04:00:00Z,32.428,32.8616,32.163,32.2854,91973
2022-08-31T08:00:00Z,32.2854,32.7866,31.919,32.558,90299
2022-08-31T12:00:00Z,32.558,32.9291,31.5559,31.8838,144154
2022-08-31T16:00:00Z,31.8838,32.3256,31.407,32.0787,85110
2022-08-31T20:00:00Z,32.0787,32.4554,31.1534,31.466,90400
2022-09-01T00:00:00Z,31.466,31.7288,30.9355,31.2017,112921
2022-09-01T04:00:00Z,31.2017,31.5155,30.8013,31.0424,96209
2022-09-01T08:00:00Z,31.0424,31.5687,30.8125,31.4387,69827
2022-09-01T12:00:00Z,31.4387,31.4767,30.4229,30.7198,84980
2022-09-01T16:00:00Z,30.7198,31.071,30.4517,31.0378,58343
2022-09-01T20:00:00Z,31.0378,31.7563,30.977,31.5781,78484
2022-09-02T00:00:00Z,31.5781,31.7922,31.08,31.5365,68390
2022-09-02T04:00:00Z,31.5365,31.9275,31.4024,31.5966,76234
2022-09-02T08:00:00Z,31.5966,31.6763,31.2224,31.5357,65118
2022-09-02T12:00:00Z,31.5357,32.35,31.4244,32.2407,106509
2022-09-02T16:00:00Z,32.2407,32.3113,30.7384,31.0245,111272
2022-09-02T20:00:00Z,31.0245,31.2418,30.8528,31.1986,56425
2022-09-03T00:00:00Z,31.1986,31.237,30.8281,30.9162,82286
2022-09-03T04:00:00Z,30.9162,31.2476,30.7772,31.0152,68347
2022-09-03T08:00:00Z,31.0152,31.185,30.8466,31.013,58106
2022-09-03T12:00:00Z,31.013,31.2559,30.9777,31.1055,69580
2022-09-03T16:00:00Z,31.1055,31.1786,30.79,30.9616,75381
2022-09-03T20:00:00Z,30.9616,31.1848,30.8813,31.0759,35545
2022-09-04T00:00:00Z,31.0759,31.6628,31.0429,31.4013,120163
2022-09-04T04:00:00Z,31.4013,31.5188,31.0379,31.0757,114298
2022-09-04T08:00:00Z,31.0757,31.8355,31,31.8355,138744
2022-09-04T12:00:00Z,31.8355,31.9967,31.4308,31.7835,73796
2022-09-04T16:00:00Z,31.7835,31.9077,31.6155,31.7169,44369
2022-09-04T20:00:00Z,31.7169,32.1685,31.7102,32.1432,74783
2022-09-05T00:00:00Z,32.1432,32.4846,32.0252,32.0821,123902
2022-09-05T04:00:00Z,32.0821,32.1584,31.4402,31.6533,95833
2022-09-05T08:00:00Z,31.6533,31.7156,31.121,31.2444,97047
2022-09-05T12:00:00Z,31.2444,31.8877,31.1433,31.8232,78984
2022-09-05T16:00:00Z,31.8232,31.9864,31.6609,31.6923,93244
2022-09-05T20:00:00Z,31.6923,32.4337,31.6886,32.1327,72421
2022-09-06T00:00:00Z,32.1327,33.5352,32.1282,32.6896,157676
2022-09-06T04:00:00Z,32.6896,33.2124,32.4978,32.9571,102991
2022-09-06T08:00:00Z,32.9571,33.3035,32.7282,33.2218,97282
2022-09-06T12:00:00Z,33.2218,33.8488,32.3936,33.7568,175066
2022-09-06T16:00:00Z,33.7568,33.8111,30.7087,30.9731,189203
2022-09-06T20:00:00Z,30.9731,31.3025,30.415,30.8632,122106
2022-09-07T00:00:00Z,30.8632,31.1601,30.2768,30.8509,105111
2022-09-07T04:00:00Z,30.8509,31.1346,30.6799,31.0615,66675
2022-09-07T08:00:00Z,31.0615,31.2876,30.9137,31.1248,74925
2022-09-07T12:00:00Z,31.1248,31.5526,30.8113,31.4364,89203
2022-09-07T16:00:00Z,31.4364,32.3248,31.371,31.9302,78820
2022-09-07T20:00:00Z,31.9302,32.921,31.927,32.6743,112564
2022-09-08T00:00:00Z,32.6743,32.8087,32.221,32.4259,72485
2022-09-08T04:00:00Z,32.4259,32.7408,31.9832,32.3605,79551
2022-09-08T08:00:00Z,32.3605,33.2583,32.3079,32.8778,99996
2022-09-08T12:00:00Z,32.8778,33.9558,32.1534,33.3813,179628
2022-09-08T16:00:00Z,33.3813,33.4673,32.8819,33.4434,92621
2022-09-08T20:00:00Z,33.4434,33.7941,33.3153,33.5824,81779
2022-09-09T00:00:00Z,33.5824,34.7948,33.5647,34.7036,174250
2022-09-09T04:00:00Z,34.7036,35.4856,34.6326,35.3675,140294
2022-09-09T08:00:00Z,35.3675,35.938,35.1231,35.3727,118049
2022-09-09T12:00:00Z,35.3727,35.9211,34.8332,34.9536,92116
2022-09-09T16:00:00Z,34.9536,35.1367,34.4256,34.7813,93622
2022-09-09T20:00:00Z,34.7813,35.1817,34.2555,34.6495,79045
2022-09-10T00:00:00Z,34.6495,34.982,34.292,34.6844,59737
2022-09-10T04:00:00Z,34.6844,35.1575,34.2439,34.3197,75686
2022-09-10T08:00:00Z,34.3197,34.8302,34.3197,34.7267,55669
2022-09-10T12:00:00Z,34.7267,34.9206,34.2831,34.4689,54922
2022-09-10T16:00:00Z,34.4689,34.9879,34.2791,34.8941,72004
2022-09-10T20:00:00Z,34.8941,35.3745,34.5798,35.0093,69692
2022-09-11T00:00:00Z,35.0093,35.2827,34.6839,34.7355,82662
2022-09-11T04:00:00Z,34.7355,34.9093,34.0331,34.599,90647
2022-09-11T08:00:00Z,34.599,34.8061,34.4194,34.7464,76368
2022-09-11T12:00:00Z,34.7464,35.212,34.5005,35.2091,101821
2022-09-11T16:00:00Z,35.2091,35.9832,35.1411,35.2677,155437
2022-09-11T20:00:00Z,35.2677,35.5449,34.2963,34.9846,147479
2022-09-12T00:00:00Z,34.9846,36.284,34.3745,34.882,218728
2022-09-12T04:00:00Z,34.882,35.4764,34.5453,35.4444,103789
2022-09-12T08:00:00Z,35.4444,38.1476,35.3067,37.6995,306152
2022-09-12T12:00:00Z,37.6995,38.3726,36.8666,37.1561,329695
2022-09-12T16:00:00Z,37.1561,37.8665,36.82,37.6421,151786
2022-09-12T20:00:00Z,37.6421,37.8098,37.173,37.4498,91646
2022-09-13T00:00:00Z,37.4498,38.8902,36.7097,38.7668,270853
2022-09-13T04:00:00Z,38.7668,38.9434,38.1397,38.5249,213756
2022-09-13T08:00:00Z,38.5249,38.88,38.1445,38.4556,178233
2022-09-13T12:00:00Z,38.4556,38.8372,34.4103,34.7012,439421
2022-09-13T16:00:00Z,34.7012,35.2768,33.2487,34.0388,171392
2022-09-13T20:00:00Z,34.0388,34.2874,32.882,32.9424,142588
2022-09-14T00:00:00Z,32.9424,33.7778,32.6366,33.5512,136317
2022-09-14T04:00:00Z,33.5512,33.8761,32.8119,33.1468,77683
2022-09-14T08:00:00Z,33.1468,33.6385,32.92,33.1989,82679
2022-09-14T12:00:00Z,33.1989,33.6674,32.9026,33.4867,107638
2022-09-14T16:00:00Z,33.4867,33.5798,32.689,33.4687,89344
2022-09-14T20:00:00Z,33.4687,34.317,33.2269,34.0919,83834
2022-09-15T00:00:00Z,34.0919,34.1016,32.8504,33.0297,105273
2022-09-15T04:00:00Z,33.0297,34.8024,32.7357,34.6847,147264
2022-09-15T08:00:00Z,34.6847,34.776,33.6556,33.8843,99887
2022-09-15T12:00:00Z,33.8843,34.0227,32.3926,32.9516,129599
2022-09-15T16:00:00Z,32.9516,33.6368,32.7911,33.3896,69168
2022-09-15T20:00:00Z,33.3896,33.7631,32.75,33.0476,101776
2022-09-16T00:00:00Z,33.0476,33.2308,32.4614,32.8311,137147
2022-09-16T04:00:00Z,32.8311,33.068,32.7562,32.7916,71759
2022-09-16T08:00:00Z,32.7916,33.1158,32.3176,33.0525,102219
2022-09-16T12:00:00Z,33.0525,33.0767,31.8312,32.2552,125517
2022-09-16T16:00:00Z,32.2552,32.2562,31.4672,32.0856,143557
2022-09-16T20:00:00Z,32.0856,32.358,32.0237,32.2207,57429
2022-09-17T00:00:00Z,32.2207,32.9405,32.2031,32.6525,134347
2022-09-17T04:00:00Z,32.6525,33.0322,32.51,32.8194,65713
2022-09-17T08:00:00Z,32.8194,32.9604,32.5867,32.6014,81209
2022-09-17T12:00:00Z,32.6014,33.2942,32.5024,33.2745,95722
2022-09-17T16:00:00Z,33.2745,33.5852,33.0728,33.2395,74420
2022-09-17T20:00:00Z,33.2395,33.8564,33.1445,33.6503,74050
2022-09-18T00:00:00Z,33.6503,33.8502,33.2,33.3785,77342
2022-09-18T04:00:00Z,33.3785,33.8468,33.3522,33.7941,97801
2022-09-18T08:00:00Z,33.7941,33.961,32.9366,33.3012,179382
2022-09-18T12:00:00Z,33.3012,33.4483,32.7272,32.8709,110499
2022-09-18T16:00:00Z,32.8709,32.9725,32.0485,32.3816,91440
2022-09-18T20:00:00Z,32.3816,32.4114,30.8116,31.0638,133049
2022-09-19T00:00:00Z,31.0638,31.7325,30.453,30.8671,125595
2022-09-19T04:00:00Z,30.8671,31.6207,30.8237,31.0789,115849
2022-09-19T08:00:00Z,31.0789,31.4241,30.5835,31.2181,109260
2022-09-19T12:00:00Z,31.2181,32.4752,31.1539,31.8841,122686
2022-09-19T16:00:00Z,31.8841,32.946,31.6594,32.7803,91307
2022-09-19T20:00:00Z,32.7803,33.05,32.5451,32.6041,69106
2022-09-20T00:00:00Z,32.6041,32.8536,31.9204,32.4112,84651
2022-09-20T04:00:00Z,32.4112,32.7,32.0756,32.3036,101029
2022-09-20T08:00:00Z,32.3036,32.5081,31.8647,32.1684,66624
2022-09-20T12:00:00Z,32.1684,32.5327,31.5508,32.4902,142000
2022-09-20T16:00:00Z,32.4902,32.5,31.4287,31.8049,112554
2022-09-20T20:00:00Z,31.8049,31.9697,31.2723,31.3955,64292
2022-09-21T00:00:00Z,31.3955,31.9502,31.2869,31.8265,87704
2022-09-21T04:00:00Z,31.8265,32.01,31.3936,31.7456,86226
2022-09-21T08:00:00Z,31.7456,32.0802,31.4073,32.0196,65460
2022-09-21T12:00:00Z,32.0196,32.3159,31.2086,31.4677,91126
2022-09-21T16:00:00Z,31.4677,33.4474,30.7284,31.5267,226593
2022-09-21T20:00:00Z,31.5267,31.6557,29.9869,30.618,124640
2022-09-22T00:00:00Z,30.618,31.1008,30.5581,30.9941,87304
2022-09-22T04:00:00Z,30.9941,31.75,30.9919,31.7173,89875
2022-09-22T08:00:00Z,31.7173,32.4397,31.6822,32.352,115363
2022-09-22T12:00:00Z,32.352,32.4837,31.6,31.9082,129826
2022-09-22T16:00:00Z,31.9082,32.8675,31.5371,32.4578,132607
2022-09-22T20:00:00Z,32.4578,32.735,32.0788,32.4087,87395
2022-09-23T00:00:00Z,32.4087,33.227,32.15,32.9985,130491
2022-09-23T04:00:00Z,32.9985,33.287,32.53,32.565,102299
2022-09-23T08:00:00Z,32.565,32.6633,31.5011,31.7256,94381
2022-09-23T12:00:00Z,31.7256,32.2609,31.1862,31.5539,112275
2022-09-23T16:00:00Z,31.5539,31.9316,31.2225,31.9316,90006
2022-09-23T20:00:00Z,31.9316,33.9441,31.9148,33.6575,213198
2022-09-24T00:00:00Z,33.6575,34.4598,33.411,33.9664,239560
2022-09-24T04:00:00Z,33.9664,34.0164,33.4765,33.7229,166311
2022-09-24T08:00:00Z,33.7229,34.747,33.546,34.4735,190435
2022-09-24T16:00:00Z,33.7066,34.1337,33.2346,34.046,224200
2022-09-24T20:00:00Z,34.046,34.0612,33.12,33.3567,140380
2022-09-25T00:00:00Z,33.3567,33.677,33.3415,33.6709,122240
2022-09-25T04:00:00Z,33.6709,34.0219,33.6029,33.9336,97258
2022-09-25T08:00:00Z,33.9336,33.9568,33.4449,33.6218,99375
2022-09-25T12:00:00Z,33.6218,33.7783,32.8021,33.1952,98477
2022-09-25T16:00:00Z,33.1952,33.342,32.5512,32.7053,102479
2022-09-25T20:00:00Z,32.7053,32.7053,31.8458,32.3237,100505
2022-09-26T00:00:00Z,32.3237,32.7029,32.03,32.4869,92224
2022-09-26T04:00:00Z,32.4869,32.5891,31.8338,32.4323,73572
2022-09-26T08:00:00Z,32.4323,33.2909,32.1025,32.5197,142471
2022-09-26T12:00:00Z,32.5197,33.3977,32.2495,33.0796,151414
2022-09-26T16:00:00Z,33.0796,33.929,32.6623,33.7231,139159
2022-09-26T20:00:00Z,33.7231,33.92,33.2916,33.8637,96298
2022-09-27T00:00:00Z,33.8637,34.9462,33.7123,34.7161,216766
2022-09-27T04:00:00Z,34.7161,35.0297,34.4589,34.5096,153275
2022-09-27T08:00:00Z,34.5096,34.946,34.32,34.6426,69571
2022-09-27T12:00:00Z,34.6426,35.3964,34.2915,34.3534,174343
2022-09-27T16:00:00Z,34.3534,34.5532,32.0629,32.5909,282584
2022-09-27T20:00:00Z,32.5909,32.9189,32.333,32.6544,100593
2022-09-28T00:00:00Z,32.6544,32.9132,31.617,32.3126,145716
2022-09-28T04:00:00Z,32.3126,32.5556,31.85,32.2948,85183
2022-09-28T08:00:00Z,32.2948,32.8165,31.813,32.4514,100637
2022-09-28T12:00:00Z,32.4514,33.1263,32.3532,33.0878,202641
2022-09-28T16:00:00Z,33.0878,33.7179,32.7664,33.5523,176205
2022-09-28T20:00:00Z,33.5523,33.7778,33.088,33.1962,104901
2022-09-29T00:00:00Z,33.1962,33.896,32.9381,33.7009,167451
2022-09-29T04:00:00Z,33.7009,33.9348,33.107,33.3392,102821
2022-09-29T08:00:00Z,33.3392,33.9109,33.188,33.7278,109639
2022-09-29T12:00:00Z,33.7278,34.1879,32.6109,34.0995,220312
2022-09-29T16:00:00Z,34.0995,34.3958,33.4003,33.7833,202103
2022-09-29T20:00:00Z,33.7833,34.089,33.5884,33.8916,110674
2022-09-30T00:00:00Z,33.8916,34.2926,33.7,34.0434,135437
2022-09-30T04:00:00Z,34.0434,34.318,33.8389,34.1896,80144
2022-09-30T08:00:00Z,34.1896,34.6168,33.872,33.9394,133192
2022-09-30T12:00:00Z,33.9394,35.1906,33.3719,34.6363,267964
2022-09-30T16:00:00Z,34.6363,34.8087,33.6224,33.7271,207066
2022-09-30T20:00:00Z,33.7188,33.8487,32.5977,33.2111,171176
2022-10-01T00:00:00Z,33.2111,33.2116,32.681,33.0412,134779
2022-10-01T04:00:00Z,33.0412,33.046,32.7365,32.9773,91266
2022-10-01T08:00:00Z,32.9773,33.1389,32.7715,32.9915,92991
2022-10-01T12:00:00Z,32.9915,33.0622,32.7915,32.9778,67355
2022-10-01T16:00:00Z,32.9778,32.9778,32.3069,32.6019,132677
2022-10-01T20:00:00Z,32.6019,32.6576,32.3517,32.4132,56018
2022-10-02T00:00:00Z,32.4132,32.9258,32.3759,32.8088,87766
2022-10-02T04:00:00Z,32.8088,32.97,32.72,32.7939,92156
2022-10-02T08:00:00Z,32.7939,32.857,32.0569,32.5037,113801
2022-10-02T12:00:00Z,32.5037,32.5766,32.1784,32.3898,80121
2022-10-02T16:00:00Z,32.3898,32.814,32.3302,32.6973,71952
2022-10-02T20:00:00Z,32.6973,32.7291,31.8564,32.0337,103627
2022-10-03T00:00:00Z,32.0337,32.4753,31.693,32.2977,100461
2022-10-03T04:00:00Z,32.2977,32.4283,31.9637,32.2339,104956
2022-10-03T08:00:00Z,32.2339,32.4896,32.1022,32.487,52921
2022-10-03T12:00:00Z,32.487,33.0999,32.3979,32.788,150064
2022-10-03T16:00:00Z,32.788,33.199,32.6524,32.9092,126660
2022-10-03T20:00:00Z,32.9092,33.234,32.6994,32.8732,139645
2022-10-04T00:00:00Z,32.8732,33.1254,32.8143,33.077,96209
2022-10-04T04:00:00Z,33.077,33.7764,32.9601,33.7079,145364
2022-10-04T08:00:00Z,33.7079,33.8487,33.3886,33.643,92666
2022-10-04T12:00:00Z,33.643,34.3635,33.5366,34.1602,227787
2022-10-04T16:00:00Z,34.1602,34.2327,33.7853,34.0898,148550
2022-10-04T20:00:00Z,34.0898,34.3832,33.9124,34.0873,86014
2022-10-05T00:00:00Z,34.0873,34.3689,33.8888,34.0604,104427
2022-10-05T04:00:00Z,34.0604,34.2908,33.9065,34.1014,109600
2022-10-05T08:00:00Z,34.1014,34.1137,33.4233,33.5086,154314
2022-10-05T12:00:00Z,33.5086,33.6712,33.1784,33.6634,170569
2022-10-05T16:00:00Z,33.6634,34.2578,33.6044,33.8426,198224
2022-10-05T20:00:00Z,33.8426,34.1149,33.6535,34.0136,101964
2022-10-06T00:00:00Z,34.0136,34.4805,34.0036,34.3135,130717
2022-10-06T04:00:00Z,34.3135,34.4468,33.8805,34.0416,104495
2022-10-06T08:00:00Z,34.0416,34.1591,33.8452,34.1439,96804
2022-10-06T12:00:00Z,34.1439,34.2987,33.5694,33.8342,196195
2022-10-06T16:00:00Z,33.8342,34.01,33.5736,33.6184,165018
2022-10-06T20:00:00Z,33.6184,33.7705,33.2007,33.3234,121849
2022-10-07T00:00:00Z,33.3234,33.7302,33.3053,33.6068,58915
2022-10-07T04:00:00Z,33.6068,33.7159,33.1336,33.3171,109190
2022-10-07T08:00:00Z,33.3171,33.4396,33.1276,33.327,89269
2022-10-07T12:00:00Z,33.327,33.3491,32.3883,32.8655,329835
2022-10-07T16:00:00Z,32.8655,33.0233,32.5889,32.9451,121942
2022-10-07T20:00:00Z,32.9451,33.113,32.8072,32.9545,87873
2022-10-08T00:00:00Z,32.9545,33.0521,32.7425,32.7967,62589
2022-10-08T04:00:00Z,32.7967,32.975,32.7002,32.9645,71555
2022-10-08T08:00:00Z,32.9645,32.9688,32.805,32.9267,64632
2022-10-08T12:00:00Z,32.9267,32.9477,32.6636,32.786,102022
2022-10-08T16:00:00Z,32.786,32.9281,32.6403,32.6903,75515
2022-10-08T20:00:00Z,32.6903,32.7697,32.3247,32.547,129712
2022-10-09T00:00:00Z,32.547,32.6094,32.4232,32.4865,57064
2022-10-09T04:00:00Z,32.4865,32.7211,32.4502,32.6767,56931
2022-10-09T08:00:00Z,32.6767,32.9111,32.565,32.8048,69793
2022-10-09T12:00:00Z,32.8048,33.0931,32.7817,33.066,64603
2022-10-09T16:00:00Z,33.066,33.0864,32.8493,32.9349,54673
2022-10-09T20:00:00Z,32.9349,32.9586,32.5838,32.8923,69913
2022-10-10T00:00:00Z,32.8923,33.4449,32.818,33.0286,115634
2022-10-10T04:00:00Z,33.0286,33.0892,32.7594,32.8758,83597
2022-10-10T08:00:00Z,32.8758,32.8867,32.3419,32.6733,128608
2022-10-10T12:00:00Z,32.6733,32.8747,32.3827,32.5686,115422
2022-10-10T16:00:00Z,32.5686,32.6146,32.2431,32.435,105383
2022-10-10T20:00:00Z,32.435,32.5492,31.8368,31.9204,94798
2022-10-11T00:00:00Z,31.9204,31.9207,31.0312,31.3479,134625
2022-10-11T04:00:00Z,31.3479,31.5772,31.2628,31.5209,94367
2022-10-11T08:00:00Z,31.5209,31.5983,31.2542,31.5251,98478
2022-10-11T12:00:00Z,31.5251,31.7034,31.0529,31.5343,130337
2022-10-11T16:00:00Z,31.5343,31.8286,31.1202,31.1227,143882
2022-10-11T20:00:00Z,31.1227,31.3554,30.3833,30.7589,226804
2022-10-12T00:00:00Z,30.7589,31.0912,30.6427,30.9057,101439
2022-10-12T04:00:00Z,30.9057,31.3777,30.9057,31.2186,81163
2022-10-12T08:00:00Z,31.2186,31.4979,31.1266,31.2183,57176
2022-10-12T12:00:00Z,31.2183,31.3291,30.9029,31.2659,86281
2022-10-12T16:00:00Z,31.2659,31.2659,30.8106,31.0933,88208
2022-10-12T20:00:00Z,31.0933,31.245,31.0581,31.1235,69288
2022-10-13T00:00:00Z,31.1235,31.1739,30.4866,30.7396,110827
2022-10-13T04:00:00Z,30.7396,30.7396,29.25,29.6782,471644
2022-10-13T08:00:00Z,29.6782,29.898,28.2043,28.771,386339
2022-10-13T12:00:00Z,28.771,29.9,27.7769,29.6251,601777
2022-10-13T16:00:00Z,29.6251,30.8877,29.5569,30.5607,130700
2022-10-13T20:00:00Z,30.5607,30.8693,30.4584,30.4604,97801
2022-10-14T00:00:00Z,30.4604,31.8477,30.3467,31.6114,229712
2022-10-14T04:00:00Z,31.6114,31.9464,31.1876,31.3108,146543
2022-10-14T08:00:00Z,31.3108,31.4946,31.1265,31.1996,83793
2022-10-14T12:00:00Z,31.1996,31.7754,30.7862,30.7862,176591
2022-10-14T16:00:00Z,30.7862,30.8752,29.95,30.1648,219709
2022-10-14T20:00:00Z,30.1648,30.2628,29.5992,29.9673,120192
2022-10-15T00:00:00Z,29.9673,30.1814,29.8501,30.0767,64990
2022-10-15T04:00:00Z,30.0767,30.155,29.8267,30.0165,81629
2022-10-15T08:00:00Z,30.0165,30.0243,29.5155,29.9546,132559
2022-10-15T12:00:00Z,29.9546,30.0625,29.6954,29.8896,118924
2022-10-15T16:00:00Z,29.8896,30.0462,29.7322,29.8248,49101
2022-10-15T20:00:00Z,29.8248,29.8313,29.3916,29.5702,71293
2022-10-16T00:00:00Z,29.5702,29.8997,29.5398,29.7491,53251
2022-10-16T04:00:00Z,29.7491,29.8741,29.6442,29.7342,52670
2022-10-16T08:00:00Z,29.7342,30.0146,29.7341,29.9198,85223
2022-10-16T12:00:00Z,29.9198,30.0132,29.8041,29.9406,66124
2022-10-16T16:00:00Z,29.9406,30.3729,29.7914,30.3717,78083
2022-10-16T20:00:00Z,30.3717,30.5087,29.86,30.1346,108069
2022-10-17T00:00:00Z,30.1346,30.2345,29.812,29.9916,67971
2022-10-17T04:00:00Z,29.9916,30.3614,29.9292,30.2917,59926
2022-10-17T08:00:00Z,30.2917,30.7605,30.1638,30.5113,114132
2022-10-17T12:00:00Z,30.5113,31.1781,30.4116,30.9189,137048
2022-10-17T16:00:00Z,30.9189,30.9815,30.5622,30.7862,77132
2022-10-17T20:00:00Z,30.7862,31.2781,30.7708,31.1943,91091
2022-10-18T00:00:00Z,31.1943,31.4671,30.9012,31.1007,79405
2022-10-18T04:00:00Z,31.1007,31.2349,30.9119,31.1158,100838
2022-10-18T08:00:00Z,31.1158,31.1287,30.3928,30.8173,143775
2022-10-18T12:00:00Z,30.8173,31.009,30.1135,30.3001,186435
2022-10-18T16:00:00Z,30.3001,30.4778,29.713,30.0515,151658
2022-10-18T20:00:00Z,30.0515,30.4443,30.0136,30.1164,106945
2022-10-19T00:00:00Z,30.1164,30.2365,29.8612,30.0141,113629
2022-10-19T04:00:00Z,30.0141,30.0478,29.7449,30.0276,77628
2022-10-19T08:00:00Z,30.0276,30.1574,29.7537,29.9095,110802
2022-10-19T12:00:00Z,29.9095,29.9846,29.5339,29.9589,288518
2022-10-19T16:00:00Z,29.9589,29.9768,29.5064,29.7264,216406
2022-10-19T20:00:00Z,29.7264,29.8132,28.5744,28.8231,226141
2022-10-20T00:00:00Z,28.8231,28.9704,28.3943,28.8895,155735
2022-10-20T04:00:00Z,28.8895,29.336,28.859,29.2151,211005
2022-10-20T08:00:00Z,29.2151,29.4413,29.1392,29.3075,84001
2022-10-20T12:00:00Z,29.3075,29.4092,28.9496,29.1176,174531
2022-10-20T16:00:00Z,29.1176,29.1176,28.0301,28.2419,363594
2022-10-20T20:00:00Z,28.2419,28.3852,27.9545,27.9809,195001
2022-10-21T00:00:00Z,27.9809,28.2135,27.4797,28.1036,236312
2022-10-21T04:00:00Z,28.1036,28.1842,27.8045,27.8809,152375
2022-10-21T08:00:00Z,27.8809,27.9177,27.1946,27.4614,313668
2022-10-21T12:00:00Z,27.4614,27.6779,26.8044,27.544,847017
2022-10-21T16:00:00Z,27.544,28.231,27.544,28.1487,246881
2022-10-21T20:00:00Z,28.1487,28.244,27.8513,28.0741,102846
2022-10-22T00:00:00Z,28.0741,28.1413,27.64,27.7909,160028
2022-10-22T04:00:00Z,27.7909,27.8637,27.4466,27.7336,128545
2022-10-22T08:00:00Z,27.7336,27.9815,27.7015,27.9491,111474
2022-10-22T12:00:00Z,27.9491,28.1882,27.8061,27.9667,114038
2022-10-22T16:00:00Z,27.9667,28.0383,27.6065,27.7951,104278
2022-10-22T20:00:00Z,27.7951,28.1611,27.7258,27.9799,91702
2022-10-23T00:00:00Z,27.9799,28.555,27.8901,28.343,193059
2022-10-23T04:00:00Z,28.343,28.5247,28.1999,28.3938,130890
2022-10-23T08:00:00Z,28.3938,28.4858,27.9075,27.9344,258989
2022-10-23T12:00:00Z,27.9344,28.1245,27.7001,27.9227,244447
2022-10-23T16:00:00Z,27.9227,29.0095,27.8857,28.7884,406915
2022-10-23T20:00:00Z,28.7884,29.4105,28.7209,29.2485,209893
2022-10-24T00:00:00Z,29.2485,29.4631,28.5427,28.5904,274380
2022-10-24T04:00:00Z,28.5904,28.7596,28.3451,28.5139,162064
2022-10-24T08:00:00Z,28.5139,29.1667,28.4455,29.1097,136257
2022-10-24T12:00:00Z,29.1097,29.1547,28.1458,28.4207,251451
2022-10-24T16:00:00Z,28.4207,28.5654,28.141,28.3733,111411
2022-10-24T20:00:00Z,28.3733,28.5466,28.2049,28.2818,79781
2022-10-25T00:00:00Z,28.2818,28.51,28.0669,28.4497,106883
2022-10-25T04:00:00Z,28.4497,28.5761,28.3168,28.4116,84454
2022-10-25T08:00:00Z,28.4116,28.4309,28.03,28.1938,170697
2022-10-25T12:00:00Z,28.1938,29.791,28.0819,29.7095,526066
2022-10-25T16:00:00Z,29.7095,32.3098,29.7059,31.5193,1475503
2022-10-25T20:00:00Z,31.5193,31.5951,30.7263,30.866,400825
2022-10-26T00:00:00Z,30.866,31.3785,30.828,31.1333,254432
2022-10-26T04:00:00Z,31.1333,31.5436,30.9902,31.3391,130220
2022-10-26T08:00:00Z,31.3391,31.9118,31.1271,31.2644,189562
2022-10-26T12:00:00Z,31.2644,32.1706,30.6126,31.4097,425892
2022-10-26T16:00:00Z,31.4097,31.6616,30.9477,31.267,161061
2022-10-26T20:00:00Z,31.267,31.5814,31.0029,31.2917,133497
2022-10-27T00:00:00Z,31.2917,31.6332,31.0609,31.4637,180290
2022-10-27T04:00:00Z,31.4637,32.3651,31.4064,31.6494,306405
2022-10-27T08:00:00Z,31.6494,31.8537,31.2047,31.3738,139288
2022-10-27T12:00:00Z,31.3738,32.0736,31.1765,31.2899,332133
2022-10-27T16:00:00Z,31.2899,31.6151,31.1005,31.4224,112279
2022-10-28T00:00:00Z,30.5769,30.8565,30.3783,30.67,118853
2022-10-28T04:00:00Z,30.67,30.7187,30.1084,30.2192,118500
2022-10-28T08:00:00Z,30.2192,30.6361,30.2121,30.4172,110906
2022-10-28T12:00:00Z,30.4172,31.2872,30.1167,31.0772,220673
2022-10-28T16:00:00Z,31.0772,32.277,31.0326,32.0117,361315
2022-10-28T20:00:00Z,32.0117,32.5529,31.9872,32.0627,243873
2022-10-29T00:00:00Z,32.0627,33.0036,31.8668,32.8963,268599
2022-10-29T04:00:00Z,32.8963,33.3141,32.5467,33.2887,261683
2022-10-29T08:00:00Z,33.2887,33.86,32.8959,32.9904,252520
2022-10-29T12:00:00Z,32.9904,33.3868,32.7504,33.1792,386249
2022-10-29T16:00:00Z,33.1792,33.7474,32.7709,32.9391,298613
2022-10-29T20:00:00Z,32.9391,33.1361,32.6058,32.88,77707
2022-10-30T00:00:00Z,32.88,33.2618,32.7334,33.0213,135093
2022-10-30T04:00:00Z,33.0213,33.5274,32.7319,33.4108,171673
2022-10-30T08:00:00Z,33.4108,33.5395,32.38,32.675,205188
2022-10-30T12:00:00Z,32.675,32.7064,32.1082,32.2054,104271
2022-10-30T16:00:00Z,32.2054,32.485,32.0174,32.3429,105641
2022-10-30T20:00:00Z,32.3429,33.1434,31.918,32.9344,224559
2022-10-31T00:00:00Z,32.9344,33.3718,32.4099,32.8069,212850
2022-10-31T04:00:00Z,32.8069,33.4761,32.8055,33.4164,203136
2022-10-31T08:00:00Z,33.4164,34.3872,33.1485,34.0546,319070
2022-10-31T12:00:00Z,34.0546,34.1692,32.5967,32.9715,438501
2022-10-31T16:00:00Z,32.9715,33.1948,32.5088,32.5114,158512
2022-10-31T20:00:00Z,32.5114,32.7317,32.1767,32.5341,116856
2022-11-01T00:00:00Z,32.5341,32.983,32.4742,32.5896,85097
2022-11-01T04:00:00Z,32.5896,33.1977,32.5237,32.9939,113150
2022-11-01T08:00:00Z,32.9939,33.3652,32.7935,32.8755,142201
2022-11-01T12:00:00Z,32.8755,33.1134,32.2339,32.4459,139900
2022-11-01T16:00:00Z,32.4459,32.5632,32.1289,32.1843,99682
2022-11-01T20:00:00Z,32.1843,32.4055,32.1341,32.1818,53459
2022-11-02T00:00:00Z,32.1818,32.3417,31.8804,32.2299,113657
2022-11-02T04:00:00Z,32.2299,32.3867,31.4855,31.6854,114823
2022-11-02T08:00:00Z,31.6854,31.9252,31.0667,31.2752,128961
2022-11-02T12:00:00Z,31.2752,31.5357,31.1032,31.2985,139246
2022-11-02T16:00:00Z,31.2985,32.9122,30.8058,30.8778,764011
2022-11-02T20:00:00Z,30.8778,30.9879,30.206,30.7769,296195
2022-11-03T00:00:00Z,30.7769,31.7683,30.583,31.6068,193343
2022-11-03T04:00:00Z,31.6068,32.2125,31.6064,31.6127,227359
2022-11-03T08:00:00Z,31.6127,32.0218,31.1111,31.235,163261
2022-11-03T12:00:00Z,31.235,31.5466,30.8337,31.1608,211220
2022-11-03T16:00:00Z,31.1608,31.4172,31.1274,31.2772,88651
2022-11-03T20:00:00Z,31.2772,31.4113,30.5861,30.8319,128105
2022-11-04T00:00:00Z,30.8319,31.9119,30.6337,31.9119,175587
2022-11-04T04:00:00Z,31.9119,32.55,31.6619,32.3602,175394
2022-11-04T08:00:00Z,32.3602,32.7501,32.1372,32.2865,172363
2022-11-04T12:00:00Z,32.2865,33.9915,31.8436,33.0964,436598
2022-11-04T16:00:00Z,33.0964,33.5214,32.6945,33.5035,170391
2022-11-04T20:00:00Z,33.5035,34.2,33.37,33.7412,181241
2022-11-05T00:00:00Z,33.7412,35.0283,33.6529,34.6865,329639
2022-11-05T04:00:00Z,34.6865,35.5597,34.5108,35.2217,171465
2022-11-05T08:00:00Z,35.2217,35.5268,34.8089,35.4083,247140
2022-11-05T12:00:00Z,35.4083,38.0913,34.3819,37.2184,971829
2022-11-05T16:00:00Z,37.2184,38.7478,35.7266,37.023,1276629
2022-11-05T20:00:00Z,37.023,37.3029,36.4296,36.8827,428630
2022-11-06T00:00:00Z,36.8827,37.0365,35.5863,36.0037,335154
2022-11-06T04:00:00Z,36.0037,36.2036,35.5001,36.15,201791
2022-11-06T08:00:00Z,36.15,36.3764,35.56,35.7429,253723
2022-11-06T12:00:00Z,35.7429,35.9841,34.9992,35.0527,340806
2022-11-06T16:00:00Z,35.0527,35.3791,33.6802,34.1634,477133
2022-11-06T20:00:00Z,34.1634,34.1634,32.2758,32.5948,550682
2022-11-07T00:00:00Z,32.5948,33.0968,32.0856,32.4286,481764
2022-11-07T04:00:00Z,32.4286,32.537,30.628,30.7313,762001
2022-11-07T08:00:00Z,30.7313,31.9183,30.6605,31.5978,597415
2022-11-07T12:00:00Z,31.5978,32.8472,30.85,32.7941,819212
2022-11-07T16:00:00Z,32.7941,32.8702,31.8547,32.3604,567921
2022-11-07T20:00:00Z,32.3604,32.4546,28.0212,29.575,1498831
2022-11-08T00:00:00Z,29.575,29.6521,25.6128,26.408,2046060
2022-11-08T04:00:00Z,26.408,28.572,24.7037,27.9138,2740384
2022-11-08T08:00:00Z,27.9138,29.05,27.7305,27.9713,769988
2022-11-08T12:00:00Z,27.9713,28.4856,26.5903,27.6894,981394
2022-11-08T16:00:00Z,27.6894,31.7671,18.8336,22.8686,5498537
2022-11-08T20:00:00Z,22.8686,24.437,21.6947,23.8655,1056824
2022-11-09T00:00:00Z,23.8655,23.8655,20.4597,21.3981,1374331
2022-11-09T04:00:00Z,21.3981,21.4657,18.3403,18.4652,3108390
2022-11-09T08:00:00Z,18.4652,18.4782,13.46,17.7587,12368675
2022-11-09T12:00:00Z,17.7587,18.6494,12.5814,13.2617,6245009
2022-11-09T16:00:00Z,13.2617,14.68,9.55,11.7505,19293742
2022-11-09T20:00:00Z,11.7505,12.2712,9.406,11.7719,15413481
2022-11-10T00:00:00Z,11.7719,15.5447,10.9228,14.7695,8320822
2022-11-10T04:00:00Z,14.7695,16.384,13.6833,15.7115,4362872
2022-11-10T08:00:00Z,15.7115,15.7115,11.5549,13.541,8914126
2022-11-10T12:00:00Z,13.541,18.9452,13.2426,17.8925,8718484
2022-11-10T16:00:00Z,17.8925,18.9838,16.0405,16.9838,5357218
2022-11-10T20:00:00Z,16.9838,18.6824,16.5602,17.8344,1675170
2022-11-11T00:00:00Z,17.8344,18.0508,15.5936,16.1946,2080463
2022-11-11T04:00:00Z,16.1946,17.7,16.0058,17.1534,1452881
2022-11-11T08:00:00Z,17.1534,18.2,16.985,18.0529,1173135
2022-11-11T12:00:00Z,18.0529,18.2,14.0871,16.3104,5124238
2022-11-11T16:00:00Z,16.3104,16.6,15.71,16.172,1053579
2022-11-11T20:00:00Z,16.172,16.4918,15.238,16.4118,1273484
2022-11-12T00:00:00Z,16.4118,16.5445,15.69,15.8039,797992
2022-11-12T04:00:00Z,15.8039,15.9,14.5,15.5,2094870
2022-11-12T08:00:00Z,15.5,15.6807,15.0198,15.26,1001347
2022-11-12T12:00:00Z,15.26,15.5346,14.7809,14.8433,679715
2022-11-12T16:00:00Z,14.8433,15.2939,14.7085,15.1732,636127
2022-11-12T20:00:00Z,15.1732,15.1787,14.45,14.5268,406162
2022-11-13T00:00:00Z,14.5268,14.7,14.0088,14.4842,922686
2022-11-13T04:00:00Z,14.4842,14.6266,13.3617,13.8841,1286398
2022-11-13T08:00:00Z,13.8841,13.9931,13.2842,13.7296,1303203
2022-11-13T12:00:00Z,13.7296,14.462,13.5723,14.0781,1134272
2022-11-13T16:00:00Z,14.0781,14.1881,13.5892,13.9472,480067
2022-11-13T20:00:00Z,13.9472,13.9999,12.9206,13.1229,823507
2022-11-14T00:00:00Z,13.1229,13.2161,11.9306,12.8791,1575459
2022-11-14T04:00:00Z,12.8791,15.2111,12.3781,14.5108,2325342
2022-11-14T08:00:00Z,14.5108,15.0171,14.1619,14.2242,1676681
2022-11-14T12:00:00Z,14.2242,14.9999,13.4841,13.7047,2193833
2022-11-14T16:00:00Z,13.7047,14.2468,13.1792,13.6998,815499
2022-11-14T20:00:00Z,13.6998,14.2,13.6032,13.9696,576848
2022-11-15T00:00:00Z,13.9696,14.446,13.815,14.1969,630773
2022-11-15T04:00:00Z,14.1969,14.65,13.8863,14.4883,585451
2022-11-15T08:00:00Z,14.4883,14.8947,14.43,14.5143,727318
2022-11-15T12:00:00Z,14.5143,15.11,14.0304,14.3069,1253757
2022-11-15T16:00:00Z,14.3069,14.6031,13.9891,14.3134,481767
2022-11-15T20:00:00Z,14.3134,14.421,14.1407,14.2896,256711
2022-11-16T00:00:00Z,14.2896,14.5843,14.0468,14.4948,428297
2022-11-16T04:00:00Z,14.4948,14.55,14.2548,14.3019,335627
2022-11-16T08:00:00Z,14.3019,14.5613,14.0444,14.1157,550170
2022-11-16T12:00:00Z,14.1157,14.159,13.6429,13.7568,674741
2022-11-16T16:00:00Z,13.7568,14.2188,13.6625,14.1226,356956
2022-11-16T20:00:00Z,14.1226,14.4013,14.0739,14.2367,354768
2022-11-17T00:00:00Z,14.2367,14.4997,14.1778,14.2427,256112
2022-11-17T04:00:00Z,14.2427,14.4234,14.0559,14.2625,335746
2022-11-17T08:00:00Z,14.2625,14.3395,14.0799,14.2252,232748
2022-11-17T12:00:00Z,14.2252,14.23,12.7716,13.4909,3790414
2022-11-17T16:00:00Z,13.4909,13.7179,13.3,13.4104,1037578
2022-11-17T20:00:00Z,13.4104,13.8206,13.368,13.6114,595166
2022-11-18T00:00:00Z,13.6114,13.8838,13.5306,13.697,717964
2022-11-18T04:00:00Z,13.697,13.7249,13.5384,13.607,552024
2022-11-18T08:00:00Z,13.607,13.7206,13.4509,13.5581,399154
2022-11-18T12:00:00Z,13.5581,13.6361,13.2123,13.3401,430560
2022-11-18T16:00:00Z,13.3401,13.3932,12.9651,13.1684,478153
2022-11-18T20:00:00Z,13.1684,13.3182,13.1171,13.2376,250129
2022-11-19T00:00:00Z,13.2376,13.2391,12.6339,12.8299,381246
2022-11-19T04:00:00Z,12.8299,13.0058,12.6808,12.8692,356220
2022-11-19T08:00:00Z,12.8692,13.0208,12.7687,12.8682,349244
2022-11-19T12:00:00Z,12.8682,12.9053,12.62,12.7096,685915
2022-11-19T16:00:00Z,12.7096,12.8713,12.64,12.7807,302963
2022-11-19T20:00:00Z,12.7807,12.99,12.7449,12.8569,276081
2022-11-20T00:00:00Z,12.8569,12.9112,12.6832,12.91,419118
2022-11-20T04:00:00Z,12.91,13.55,12.904,13.062,1047106
2022-11-20T08:00:00Z,13.062,13.087,12.5049,12.532,729968
2022-11-20T12:00:00Z,12.532,13.1128,12.4588,12.9504,1252195
2022-11-20T16:00:00Z,12.9504,12.9727,12.6588,12.7727,283700
2022-11-20T20:00:00Z,12.7727,12.7895,12.1077,12.2742,793136
2022-11-21T00:00:00Z,12.2742,12.3013,11.5365,11.7488,1007279
2022-11-21T04:00:00Z,11.7488,12.0033,11.6311,11.7038,615312
2022-11-21T08:00:00Z,11.7038,11.889,11.54,11.8098,777844
2022-11-21T12:00:00Z,11.8098,12.1499,11.7098,11.9214,737793
2022-11-21T16:00:00Z,11.9214,12.0889,11.25,11.4313,843464
2022-11-21T20:00:00Z,11.4313,11.995,11.402,11.8277,656251
2022-11-22T00:00:00Z,11.8277,12.0588,11.56,11.602,623384
2022-11-22T04:00:00Z,11.602,11.6888,11.3151,11.5031,452418
2022-11-22T08:00:00Z,11.5031,11.51,10.9555,11.0212,604680
2022-11-22T12:00:00Z,11.0212,12.0667,10.91,12.0354,1591048
2022-11-22T16:00:00Z,12.0354,12.149,11.6543,11.8565,491039
2022-11-22T20:00:00Z,11.8565,12.5129,11.8061,12.4263,606300
2022-11-23T00:00:00Z,12.4263,13.422,12.3768,13.0695,1195166
2022-11-23T04:00:00Z,13.0695,13.2533,12.7929,13.0838,648463
2022-11-23T08:00:00Z,13.0838,13.4617,12.9,13.2916,765877
2022-11-23T12:00:00Z,13.2916,13.3259,12.6812,13.0298,857726
2022-11-23T16:00:00Z,13.0298,14.5744,12.959,14.0343,948832
2022-11-23T20:00:00Z,14.0343,14.4998,13.8142,14.3414,948018
2022-11-24T00:00:00Z,14.3414,14.95,13.9831,14.5799,1144421
2022-11-24T04:00:00Z,14.5799,14.601,14.154,14.3672,747718
2022-11-24T08:00:00Z,14.3672,14.4394,13.8165,14.0475,799281
2022-11-24T12:00:00Z,14.0475,14.5027,13.9501,14.3709,780179
2022-11-24T16:00:00Z,14.3709,14.7428,14.2901,14.4226,577388
2022-11-24T20:00:00Z,14.4226,14.683,14.2612,14.585,415406
2022-11-25T00:00:00Z,14.585,14.585,13.9601,14.1729,659841
2022-11-25T04:00:00Z,14.1729,14.2558,13.9069,14.2198,466680
2022-11-25T08:00:00Z,14.2198,14.4851,13.9936,14.3073,470295
2022-11-25T12:00:00Z,14.3073,14.4317,14.0301,14.1328,478847
2022-11-25T16:00:00Z,14.1328,14.217,13.9267,14.2018,238209
2022-11-25T20:00:00Z,14.2018,14.2986,14.0091,14.0215,274310
2022-11-26T00:00:00Z,14.0215,14.5886,13.98,14.3627,536735
2022-11-26T04:00:00Z,14.3627,14.4907,14.223,14.4626,279802
2022-11-26T08:00:00Z,14.4626,14.963,14.3308,14.7441,603243
2022-11-26T12:00:00Z,14.7441,14.746,14.3459,14.406,416474
2022-11-26T16:00:00Z,14.406,14.4149,14.06,14.2122,343210
2022-11-26T20:00:00Z,14.2122,14.2139,13.9203,14.127,267058
2022-11-27T00:00:00Z,14.127,14.2808,14.0345,14.244,307023
2022-11-27T04:00:00Z,14.244,14.4255,14.2128,14.3103,318818
2022-11-27T08:00:00Z,14.3103,14.3696,14.199,14.3322,278370
2022-11-27T12:00:00Z,14.3322,14.4257,14.1471,14.3999,354114
2022-11-27T16:00:00Z,14.3999,14.42,14.2009,14.3075,188168
2022-11-27T20:00:00Z,14.3075,14.4292,14.0383,14.1037,282679
2022-11-28T00:00:00Z,14.1037,14.1568,12.7553,13.0552,1422270
2022-11-28T04:00:00Z,13.0552,13.3799,13.01,13.3594,1005930
2022-11-28T08:00:00Z,13.3594,13.4657,13.2034,13.4007,739328
2022-11-28T12:00:00Z,13.4007,13.5169,13.0872,13.2373,1068028
2022-11-28T16:00:00Z,13.2373,13.7825,13.015,13.3707,931349
2022-11-28T20:00:00Z,13.3707,13.437,13.2922,13.3414,196391
2022-11-29T00:00:00Z,13.3414,13.5631,13.1323,13.4624,457060
2022-11-29T04:00:00Z,13.4624,13.895,13.4455,13.7195,500456
2022-11-29T08:00:00Z,13.7195,13.95,13.5979,13.6371,374321
2022-11-29T12:00:00Z,13.6371,13.6595,13.3184,13.4336,450635
2022-11-29T16:00:00Z,13.4336,13.44,13.2639,13.4001,275022
2022-11-29T20:00:00Z,13.4001,13.4641,13.2723,13.3398,192330
2022-11-30T00:00:00Z,13.3398,13.9124,13.32,13.4815,738831
2022-11-30T08:00:00Z,13.6903,13.787,13.6093,13.7046,227835
2022-11-30T12:00:00Z,13.7046,13.7209,13.4649,13.5297,409996
2022-11-30T16:00:00Z,13.5297,13.8375,13.1845,13.6175,475495
2022-11-30T20:00:00Z,13.6175,14.3094,13.5886,14.1501,621181
2022-12-01T00:00:00Z,14.1501,14.1909,13.8011,13.9123,598994
2022-12-01T04:00:00Z,13.9123,13.9974,13.7934,13.7956,245064
2022-12-01T08:00:00Z,13.7956,13.9118,13.745,13.8302,344279
2022-12-01T12:00:00Z,13.8302,13.93,13.4545,13.6197,919543
2022-12-01T16:00:00Z,13.6197,13.6347,13.4725,13.5029,199979
2022-12-01T20:00:00Z,13.5029,13.5619,13.3784,13.4839,258414
2022-12-02T00:00:00Z,13.4839,13.6541,13.29,13.4085,409906
2022-12-02T04:00:00Z,13.4085,13.5229,13.2917,13.4947,210877
2022-12-02T08:00:00Z,13.4947,13.6705,13.4697,13.5943,293996
2022-12-02T12:00:00Z,13.5943,13.8199,13.3774,13.5297,460624
2022-12-02T16:00:00Z,13.5297,13.6987,13.4494,13.6799,113981
2022-12-02T20:00:00Z,13.6799,13.7839,13.662,13.7115,155877
2022-12-03T00:00:00Z,13.7115,13.7564,13.56,13.6233,159560
2022-12-03T04:00:00Z,13.6233,13.6861,13.4969,13.5454,265271
2022-12-03T08:00:00Z,13.5454,13.5837,13.443,13.4884,230226
2022-12-03T12:00:00Z,13.4884,13.5847,13.4681,13.5685,138086
2022-12-03T16:00:00Z,13.5685,13.61,13.4838,13.5148,129694
2022-12-03T20:00:00Z,13.5148,13.5193,13.2033,13.2911,186312
2022-12-04T00:00:00Z,13.2911,13.5252,13.2708,13.4179,180939
2022-12-04T04:00:00Z,13.4179,13.5127,13.4157,13.4548,203055
2022-12-04T08:00:00Z,13.4548,13.4783,13.3377,13.3708,171891
2022-12-04T12:00:00Z,13.3708,13.5086,13.3522,13.4823,206303
2022-12-04T16:00:00Z,13.4823,13.5751,13.4443,13.5483,159800
2022-12-04T20:00:00Z,13.5483,13.75,13.5329,13.7094,171295
2022-12-05T00:00:00Z,13.7094,14.1736,13.6673,13.9044,549747
2022-12-05T04:00:00Z,13.9044,14.0326,13.841,13.933,321321
2022-12-05T08:00:00Z,13.933,14.0909,13.9301,13.9926,189162
2022-12-05T12:00:00Z,13.9926,13.9959,13.6558,13.7554,306386
2022-12-05T16:00:00Z,13.7554,13.9972,13.5856,13.693,342948
2022-12-05T20:00:00Z,13.693,13.98,13.6547,13.8139,265222
2022-12-06T00:00:00Z,13.8139,14.2952,13.8101,14.1613,337201
2022-12-06T04:00:00Z,14.1613,14.38,14.0172,14.149,313960
2022-12-06T08:00:00Z,14.149,14.1854,13.889,14.0127,196744
2022-12-06T12:00:00Z,14.0127,14.1138,13.9084,13.9874,250542
2022-12-06T16:00:00Z,13.9874,14.0998,13.9323,14.0171,184137
2022-12-06T20:00:00Z,14.0171,14.3,14.0066,14.2905,215389
2022-12-07T00:00:00Z,14.2905,14.34,14.05,14.0504,224236
2022-12-07T04:00:00Z,14.0504,14.0808,13.5669,13.6239,400201
2022-12-07T08:00:00Z,13.6239,13.7316,13.4323,13.6157,349492
2022-12-07T12:00:00Z,13.6157,13.7298,13.5989,13.6861,280750
2022-12-07T16:00:00Z,13.6861,13.73,13.527,13.5751,173510
2022-12-07T20:00:00Z,13.5751,13.6195,13.4505,13.4882,243645
2022-12-08T00:00:00Z,13.4882,13.5331,13.3333,13.44,234272
2022-12-08T04:00:00Z,13.44,13.523,13.25,13.4935,292495
2022-12-08T08:00:00Z,13.4935,13.562,13.3669,13.4907,226240
2022-12-08T12:00:00Z,13.4907,13.6117,13.4301,13.561,233629
2022-12-08T16:00:00Z,13.561,13.7695,13.5337,13.7376,261370
2022-12-08T20:00:00Z,13.7376,13.7672,13.6187,13.6798,298407
2022-12-09T00:00:00Z,13.6798,13.7853,13.6145,13.7419,156730
2022-12-09T04:00:00Z,13.7419,13.7465,13.6423,13.6919,105777
2022-12-09T08:00:00Z,13.6919,14.0249,13.6403,13.8599,447881
2022-12-09T12:00:00Z,13.8599,13.9187,13.67,13.8655,422513
2022-12-09T16:00:00Z,13.8655,13.8779,13.5518,13.6186,302504
2022-12-09T20:00:00Z,13.6186,13.629,13.506,13.5895,133097
2022-12-10T00:00:00Z,13.5895,13.65,13.5518,13.6189,100115
2022-12-10T04:00:00Z,13.6189,13.7176,13.6104,13.6273,155078
2022-12-10T08:00:00Z,13.6273,13.6397,13.5559,13.5876,109425
2022-12-10T12:00:00Z,13.5876,13.6596,13.5572,13.6396,91875
2022-12-10T16:00:00Z,13.6396,13.69,13.6007,13.646,87181
2022-12-10T20:00:00Z,13.646,13.6872,13.5417,13.5717,90622
2022-12-11T00:00:00Z,13.5717,13.6421,13.5271,13.6421,113138
2022-12-11T04:00:00Z,13.6421,13.66,13.6091,13.6428,58393
2022-12-11T08:00:00Z,13.6428,13.65,13.599,13.6231,61893
2022-12-11T12:00:00Z,13.6231,13.7496,13.6071,13.6694,160792
2022-12-11T16:00:00Z,13.6694,13.7875,13.6443,13.7271,136416
2022-12-11T20:00:00Z,13.7271,13.7273,13.3734,13.4189,243340
2022-12-12T00:00:00Z,13.4189,13.4919,12.7846,12.9568,461431
2022-12-12T04:00:00Z,12.9568,13.0251,12.9203,12.9733,167866
2022-12-12T08:00:00Z,12.9733,13.2188,12.9439,13.1551,294373
2022-12-12T12:00:00Z,13.1551,13.188,13.0109,13.1026,214909
2022-12-12T16:00:00Z,13.1026,13.252,13.0901,13.2322,129172
2022-12-12T20:00:00Z,13.2322,13.3749,13.2,13.3114,228513
2022-12-13T00:00:00Z,13.3114,13.3871,13.0604,13.0794,243072
2022-12-13T04:00:00Z,13.0794,13.1716,12.7541,12.9538,363000
2022-12-13T08:00:00Z,12.9538,13.35,12.9185,13.3411,234189
2022-12-13T12:00:00Z,13.3411,14.1482,13.172,13.7345,830043
2022-12-13T16:00:00Z,13.7345,13.8401,13.5755,13.7892,243299
2022-12-13T20:00:00Z,13.7892,13.9,13.7203,13.8968,167676
2022-12-14T00:00:00Z,13.8968,13.9986,13.823,13.9525,184262
2022-12-14T04:00:00Z,13.9525,14.0509,13.8121,13.9163,149090
2022-12-14T08:00:00Z,13.9163,14.0267,13.9074,13.987,144357
2022-12-14T12:00:00Z,13.987,14.5432,13.9617,14.4824,683880
2022-12-14T16:00:00Z,14.4824,14.9492,14.1824,14.2999,1394915
2022-12-14T20:00:00Z,14.2999,14.476,14.0626,14.1239,346304
2022-12-15T00:00:00Z,14.1239,14.514,13.8772,14.3748,860278
2022-12-15T04:00:00Z,14.3748,14.3964,14.1274,14.1365,321382
2022-12-15T08:00:00Z,14.1365,14.1913,14.0192,14.1114,343263
2022-12-15T12:00:00Z,14.1114,14.1474,13.885,13.9951,541566
2022-12-15T16:00:00Z,13.9951,14.124,13.8637,14.1025,331965
2022-12-15T20:00:00Z,14.1025,14.2023,13.9206,14.0408,231301
2022-12-16T00:00:00Z,14.0408,14.1693,13.8819,14.0338,226983
2022-12-16T04:00:00Z,14.0338,14.099,13.9041,14.0777,228466
2022-12-16T08:00:00Z,14.0777,14.0944,13.3314,13.4895,600746
2022-12-16T12:00:00Z,13.4895,13.4895,12.9825,13.0171,628591
2022-12-16T16:00:00Z,13.0171,13.0936,12.6405,13.0044,704792
2022-12-16T20:00:00Z,13.0044,13.1074,11.9765,12.243,919598
2022-12-17T00:00:00Z,12.243,12.3737,11.9,12.2385,624163
2022-12-17T04:00:00Z,12.2385,12.55,12.1722,12.4435,354931
2022-12-17T08:00:00Z,12.4435,12.4936,12.2424,12.2994,164078
2022-12-17T12:00:00Z,12.2994,12.3617,12.2055,12.3127,127339
2022-12-17T16:00:00Z,12.3127,12.3281,12.14,12.2587,141244
2022-12-17T20:00:00Z,12.2587,12.5326,12.2324,12.4955,182521
2022-12-18T00:00:00Z,12.4955,12.536,12.3586,12.4909,104046
2022-12-18T04:00:00Z,12.4909,12.5951,12.398,12.4215,211166
2022-12-18T08:00:00Z,12.4215,12.4698,12.2603,12.3885,164796
2022-12-18T12:00:00Z,12.3885,12.4467,12.2849,12.3145,169548
2022-12-18T16:00:00Z,12.3145,12.5279,12.294,12.4347,149628
2022-12-18T20:00:00Z,12.4347,12.5991,12.3323,12.3755,152109
2022-12-19T00:00:00Z,12.3755,12.5739,12.1503,12.2268,228949
2022-12-19T04:00:00Z,12.2268,12.3239,12.1708,12.2213,176536
2022-12-19T08:00:00Z,12.2213,12.3552,12.2022,12.2719,156810
2022-12-19T12:00:00Z,12.2719,12.3245,12.1325,12.175,242108
2022-12-19T16:00:00Z,12.175,12.2294,11.9077,12.0032,371197
2022-12-19T20:00:00Z,12.0032,12.1312,11.6568,11.9404,392445
2022-12-20T00:00:00Z,11.9404,12.312,11.8236,12.1844,317500
2022-12-20T04:00:00Z,12.1844,12.45,12.1781,12.3462,206506
2022-12-20T08:00:00Z,12.3462,12.4372,12.3059,12.3733,120161
2022-12-20T12:00:00Z,12.3733,12.4835,12.1844,12.3353,278705
2022-12-20T16:00:00Z,12.3353,12.3469,12.1156,12.2357,230585
2022-12-20T20:00:00Z,12.2357,12.3188,12.1989,12.2526,162988
2022-12-21T00:00:00Z,12.2526,12.2797,12.0443,12.0718,218854
2022-12-21T04:00:00Z,12.0718,12.1004,11.927,12.0192,174031
2022-12-21T08:00:00Z,12.0192,12.1452,11.9609,12.099,148965
2022-12-21T12:00:00Z,12.099,12.1171,11.9361,12.0541,364586
2022-12-21T16:00:00Z,12.0541,12.0566,11.9166,11.94,173485
2022-12-21T20:00:00Z,11.94,12.2181,11.8787,12.1301,254379
2022-12-22T00:00:00Z,12.1301,12.1729,12.07,12.1088,96014
2022-12-22T04:00:00Z,12.1088,12.1415,11.9681,12.0543,284759
2022-12-22T08:00:00Z,12.0543,12.1577,12.0295,12.1111,172633
2022-12-22T12:00:00Z,12.1111,12.1489,11.7148,11.7575,415842
2022-12-22T16:00:00Z,11.7575,11.8675,11.6707,11.837,298755
2022-12-22T20:00:00Z,11.837,12.078,11.6693,11.81,409507
2022-12-23T00:00:00Z,11.81,12.0961,11.7086,12.0101,449611
2022-12-23T04:00:00Z,12.0101,12.0319,11.8544,11.8812,204734
2022-12-23T08:00:00Z,11.8812,11.96,11.7932,11.8735,167403
2022-12-23T12:00:00Z,11.8735,11.9614,11.7579,11.8345,331775
2022-12-23T16:00:00Z,11.8345,11.8701,11.7881,11.8407,88475
2022-12-23T20:00:00Z,11.8407,11.8655,11.7321,11.77,134541
2022-12-24T00:00:00Z,11.77,11.7756,11.7002,11.7745,141619
2022-12-24T04:00:00Z,11.7745,11.78,11.0489,11.3263,1206517
2022-12-24T08:00:00Z,11.3263,11.3268,11.1527,11.2916,581743
2022-12-24T12:00:00Z,11.2916,11.38,11.2402,11.3468,485546
2022-12-24T16:00:00Z,11.3468,11.5389,11.3062,11.5289,537585
2022-12-24T20:00:00Z,11.5289,11.5825,11.3282,11.4173,451066
2022-12-25T00:00:00Z,11.4173,11.4814,11.3762,11.4427,356870
2022-12-25T04:00:00Z,11.4427,11.5375,11.3768,11.4642,354932
2022-12-25T08:00:00Z,11.4642,11.4819,11.3556,11.3911,266164
2022-12-25T12:00:00Z,11.3911,11.4274,11.221,11.3382,618293
2022-12-25T16:00:00Z,11.3382,11.3824,11.2598,11.3824,233535
2022-12-25T20:00:00Z,11.3824,11.4337,11.3103,11.3645,262567
2022-12-26T00:00:00Z,11.3645,11.4791,11.2367,11.41,474914
2022-12-26T04:00:00Z,11.41,11.43,11.2507,11.2956,348218
2022-12-26T08:00:00Z,11.2956,11.353,11.2567,11.3324,257746
2022-12-26T12:00:00Z,11.3324,11.369,11.0929,11.1629,470554
2022-12-26T16:00:00Z,11.1629,11.2271,11.05,11.1711,450443
2022-12-26T20:00:00Z,11.1711,11.346,11.1537,11.3182,356216
2022-12-27T00:00:00Z,11.3182,11.418,11.2518,11.2731,378350
2022-12-27T04:00:00Z,11.2731,11.2897,11.1817,11.2136,492074
2022-12-27T08:00:00Z,11.2136,11.2351,11.0888,11.1285,262677
2022-12-27T12:00:00Z,11.1285,11.162,10.7003,10.7501,1206045
2022-12-27T16:00:00Z,10.7501,11.0247,10.7,11.0066,1152428
2022-12-27T20:00:00Z,11.0066,11.16,10.95,11.0816,460937
2022-12-28T00:00:00Z,11.0816,11.1215,10.6718,10.7718,813626
2022-12-28T04:00:00Z,10.7718,10.7865,9.5983,10.1222,3482814
2022-12-28T08:00:00Z,10.1222,10.1843,9.822,9.9953,1335705
2022-12-28T12:00:00Z,9.9953,10.3681,9.8555,9.9396,3064912
2022-12-28T16:00:00Z,9.9396,10.0996,9.7644,9.7753,1228755
2022-12-28T20:00:00Z,9.7753,9.9041,9.3827,9.7536,1903391
2022-12-29T00:00:00Z,9.7536,9.8773,9.5311,9.7599,2171481
2022-12-29T04:00:00Z,9.7599,9.7653,9.5544,9.6145,1180423
2022-12-29T08:00:00Z,9.6145,9.6493,9.2463,9.4512,2693759
2022-12-29T12:00:00Z,9.4512,9.5206,9.3114,9.388,2065195
2022-12-29T16:00:00Z,9.388,9.445,8.6768,8.7826,3683879
2022-12-29T20:00:00Z,8.7826,10.8254,7.8646,9.6065,27552836
2022-12-30T00:00:00Z,9.6065,10.2673,9.3669,9.4957,11009370
2022-12-30T04:00:00Z,9.4957,9.7169,9.07,9.1077,5082865
2022-12-30T08:00:00Z,9.1077,9.2361,8.9708,9.1092,3123009
2022-12-30T12:00:00Z,9.1092,10.047,9.0953,9.5385,5649891
2022-12-30T16:00:00Z,9.5385,10.0442,9.4832,9.8224,2748263
2022-12-30T20:00:00Z,9.8224,10.0235,9.6666,9.8387,2001414
2022-12-31T00:00:00Z,9.8387,10.0216,9.7393,9.7464,2235249
2022-12-31T04:00:00Z,9.7464,9.8535,9.6563,9.8061,1890256
2022-12-31T08:00:00Z,9.8061,9.9069,9.7208,9.8446,1387739
2022-12-31T12:00:00Z,9.8446,10.2,9.8445,10.1138,2498635
2022-12-31T16:00:00Z,10.1138,10.1563,9.8962,10.0345,1690356
2022-12-31T20:00:00Z,10.0345,10.1218,9.8308,9.9571,1193415
2023-01-01T00:00:00Z,9.9571,10.0874,9.9005,9.9656,1331104
2023-01-01T04:00:00Z,9.9656,9.9794,9.6826,9.7904,1812911
2023-01-01T08:00:00Z,9.7904,9.97,9.7,9.9072,1088826
2023-01-01T12:00:00Z,9.9072,9.9562,9.7678,9.8421,968909
2023-01-01T16:00:00Z,9.8421,10.0452,9.8181,9.9437,891558
2023-01-01T20:00:00Z,9.9437,10.04,9.9215,9.9646,649452
2023-01-02T00:00:00Z,9.9646,10.0207,9.8023,9.9766,1229689
2023-01-02T04:00:00Z,9.9766,12.0665,9.9268,11.0724,3441637
2023-01-02T08:00:00Z,11.0724,11.3669,10.887,11.0045,3140825
2023-01-02T16:00:00Z,11.1138,11.45,11.0791,11.2283,745880
2023-01-02T20:00:00Z,11.2283,11.3902,11.1504,11.2272,1242347
2023-01-03T00:00:00Z,11.2272,11.33,11.0082,11.2051,1765370
2023-01-03T04:00:00Z,11.2051,11.9,11.1756,11.8354,3625838
2023-01-03T08:00:00Z,11.8354,11.9801,11.6468,11.8158,2113275
2023-01-03T12:00:00Z,11.8158,12.862,11.7296,12.7122,7636488
2023-01-03T16:00:00Z,12.7122,13.8675,12.6566,12.9047,6845917
2023-01-03T20:00:00Z,12.9047,13.5,12.9047,13.2761,3128743
2023-01-04T00:00:00Z,13.2761,13.9892,13.1876,13.4817,5409184
2023-01-04T04:00:00Z,13.4817,14.1,13.21,14.0125,6074672
2023-01-04T08:00:00Z,14.0125,14.03,13.5579,13.6933,2464814
2023-01-04T12:00:00Z,13.6933,13.7595,13.1961,13.3898,3405323
2023-01-04T16:00:00Z,13.3898,13.6243,13.0285,13.2048,2075818
2023-01-04T20:00:00Z,13.2048,13.582,12.8491,13.3855,1905082
2023-01-05T00:00:00Z,13.3855,13.4505,13.0086,13.2095,1828594
2023-01-05T04:00:00Z,13.2095,13.4899,13.1309,13.2263,1468565
2023-01-05T08:00:00Z,13.2263,13.2918,12.9423,13.239,1544815
2023-01-05T12:00:00Z,13.239,13.3823,13.05,13.2651,1709761
2023-01-05T16:00:00Z,13.2651,13.452,13.0649,13.3767,1100683
2023-01-05T20:00:00Z,13.3767,13.7866,13.3222,13.3889,1993083
2023-01-06T00:00:00Z,13.3889,13.55,13.15,13.1862,1552203
2023-01-06T04:00:00Z,13.1862,13.2656,13.0138,13.1315,1227985
2023-01-06T08:00:00Z,13.1315,13.23,12.8237,12.98,1546664
2023-01-06T12:00:00Z,12.98,13.19,12.6505,13.1675,2620519
2023-01-06T16:00:00Z,13.1675,13.4241,13.0513,13.3429,1453466
2023-01-06T20:00:00Z,13.3429,13.56,13.1351,13.4734,1191160
2023-01-07T00:00:00Z,13.4734,13.4877,13.2519,13.3165,940485
2023-01-07T04:00:00Z,13.3165,13.3263,13.2,13.2825,598039
2023-01-07T08:00:00Z,13.2825,13.3,13.1332,13.1627,551787
2023-01-07T12:00:00Z,13.1627,13.295,13.149,13.2817,530423
2023-01-07T16:00:00Z,13.2817,13.2913,13.1803,13.2284,233080
2023-01-07T20:00:00Z,13.2284,13.2455,13.0312,13.1085,446455
2023-01-08T00:00:00Z,13.1085,13.4,12.843,13.3497,2050086
2023-01-08T04:00:00Z,13.3497,13.4,13.2572,13.3199,554599
2023-01-08T08:00:00Z,13.3199,13.7853,13.2701,13.5059,1883570
2023-01-08T12:00:00Z,13.5059,13.9383,13.4386,13.8595,2213993
2023-01-08T16:00:00Z,13.8595,13.89,13.4544,13.5484,1211969
2023-01-08T20:00:00Z,13.5484,15.0253,13.5226,14.4715,2221018
2023-01-09T00:00:00Z,14.4715,16.75,14.2545,16.0311,4849752
2023-01-09T04:00:00Z,16.0311,16.5297,15.9292,16.3445,2503876
2023-01-09T08:00:00Z,16.3445,16.815,16.1001,16.3387,1870103
2023-01-09T12:00:00Z,16.3387,17.4919,16.0643,17.1323,3003119
2023-01-09T16:00:00Z,17.1323,17.3226,16.25,16.2944,2354367
2023-01-09T20:00:00Z,16.2944,16.6929,16.0397,16.2716,1283445
2023-01-10T00:00:00Z,16.2716,16.6,15.5777,15.9913,1643325
2023-01-10T04:00:00Z,15.9913,16.3,15.8603,15.9378,1195700
2023-01-10T08:00:00Z,15.9378,16.3376,15.8442,16.0361,881621
2023-01-10T12:00:00Z,16.0361,16.497,15.7776,16.2706,1526076
2023-01-10T16:00:00Z,16.2706,16.4824,16.0218,16.3877,658622
2023-01-10T20:00:00Z,16.3877,16.7705,16.1565,16.2219,843662
2023-01-11T00:00:00Z,16.2219,16.3467,15.87,15.9962,1026158
2023-01-11T04:00:00Z,15.9962,16.1373,15.8434,16.0961,739128
2023-01-11T08:00:00Z,16.0961,16.13,15.9335,16.0135,484701
2023-01-11T12:00:00Z,16.0135,16.0135,15.2912,15.4048,1496532
2023-01-11T16:00:00Z,15.4048,16.1352,15.295,15.9946,1005867
2023-01-11T20:00:00Z,15.9946,16.5996,15.7158,16.3574,1162027
2023-01-12T00:00:00Z,16.3574,16.9842,16.1092,16.4262,1126241
2023-01-12T04:00:00Z,16.4262,16.5066,16.1271,16.2108,620546
2023-01-12T08:00:00Z,16.2108,16.2108,15.8788,16.0621,733266
2023-01-12T12:00:00Z,16.0621,16.4814,15.5165,15.925,1876760
2023-01-12T16:00:00Z,15.925,16.795,15.88,16.5383,1111678
2023-01-12T20:00:00Z,16.5383,16.7036,16.3016,16.5763,757477
2023-01-13T00:00:00Z,16.5763,16.8281,16.2583,16.6908,653897
2023-01-13T04:00:00Z,16.6908,17.3312,16.6907,16.8707,1507329
2023-01-13T08:00:00Z,16.8707,17.0943,16.5218,16.6504,1006192
2023-01-13T12:00:00Z,16.6504,16.8444,16.4321,16.7716,907718
2023-01-13T16:00:00Z,16.7716,17.2,16.4785,17.1842,726921
2023-01-13T20:00:00Z,17.1842,18.622,17.0029,18.2857,1937010
2023-01-14T00:00:00Z,18.2857,22.8557,18.1852,21.93,4546015
2023-01-14T04:00:00Z,21.93,24.7385,21.7653,23.5791,3130745
2023-01-14T08:00:00Z,23.5791,23.9689,21.3149,22.4212,3158239
2023-01-14T12:00:00Z,22.4212,23.6513,21.7554,22.3542,1937949
2023-01-14T16:00:00Z,22.3542,23.4208,22.1723,23.08,1254025
2023-01-14T20:00:00Z,23.08,24.8557,22.444,24.2721,1317795
2023-01-15T00:00:00Z,24.2721,25.0974,22.538,23.1085,2321738
2023-01-15T04:00:00Z,23.1085,23.2034,22.1445,22.6696,1045580
2023-01-15T08:00:00Z,22.6696,23.1203,22.0238,22.9111,1205188
2023-01-15T12:00:00Z,22.9111,23.9,22.7212,23.7144,1423406
2023-01-15T16:00:00Z,23.7144,23.857,22.9245,23.3979,927628
2023-01-15T20:00:00Z,23.3979,23.474,22.6335,22.9383,507047
2023-01-16T00:00:00Z,22.9383,24.2388,22.4402,23.23,1154890
2023-01-16T04:00:00Z,23.23,25,22.9983,24.2839,1558189
2023-01-16T08:00:00Z,24.2839,24.2946,22.8815,23.3764,1534396
2023-01-16T12:00:00Z,23.3764,23.55,22.256,23.0876,1471624
2023-01-16T16:00:00Z,23.0876,23.8,22.8379,23.5326,851465
2023-01-16T20:00:00Z,23.5326,24.2743,23.3127,23.5901,737081
2023-01-17T00:00:00Z,23.5901,23.8314,22.7521,23.2018,745798
2023-01-17T04:00:00Z,23.2018,23.8273,23.1094,23.3908,638614
2023-01-17T08:00:00Z,23.3908,23.9867,23.3433,23.7346,665534
2023-01-17T12:00:00Z,23.7346,23.9676,23.14,23.2629,917219
2023-01-17T16:00:00Z,23.2629,23.5649,23,23.4171,511002
2023-01-17T20:00:00Z,23.4171,23.6898,22.6556,22.8296,482103
2023-01-18T00:00:00Z,22.8296,23.3,22.6074,23.0463,651052
2023-01-18T04:00:00Z,23.0463,23.3,22.8398,22.9831,379846
2023-01-18T08:00:00Z,22.9831,22.985,22.1019,22.5298,758868
2023-01-18T12:00:00Z,22.5298,23.6349,20.7361,21.7928,1798931
2023-01-18T16:00:00Z,21.7928,22.3,20.3427,21.7952,2028588
2023-01-18T20:00:00Z,21.7952,21.8946,20.7245,20.8213,935482
2023-01-19T00:00:00Z,20.8213,21.5492,20.7808,21.3581,645916
2023-01-19T04:00:00Z,21.3581,21.808,21.2707,21.3053,596778
2023-01-19T08:00:00Z,21.3053,21.504,20.7907,20.9533,685159
2023-01-19T12:00:00Z,20.9533,21.2044,20.4,21.0457,1301861
2023-01-19T16:00:00Z,21.0457,21.7301,20.8329,21.6511,949935
2023-01-19T20:00:00Z,21.6511,21.8721,21.2581,21.3862,531959
2023-01-20T00:00:00Z,21.3862,21.6447,20.9964,21.3259,665770
2023-01-20T04:00:00Z,21.3259,21.4085,20.891,21.0879,689668
2023-01-20T08:00:00Z,21.0879,21.2432,20.9539,21.1249,354814
2023-01-20T12:00:00Z,21.1249,21.5392,21.0671,21.3925,599659
2023-01-20T16:00:00Z,21.3925,23.3822,21.382,23.2631,1305983
2023-01-20T20:00:00Z,23.2631,25.8463,23.2413,25.5458,2258177
2023-01-21T00:00:00Z,25.5458,25.9368,24.2049,24.8871,1382090
2023-01-21T04:00:00Z,24.8871,25.7998,24.7664,25.5606,816759
2023-01-21T08:00:00Z,25.5606,26.6667,24.2685,25.2439,1382125
2023-01-21T12:00:00Z,25.2439,25.7017,25.0127,25.2264,758862
2023-01-21T16:00:00Z,25.2264,26.1122,25.1502,25.6586,544772
2023-01-21T20:00:00Z,25.6586,25.711,24.5269,24.6101,511541
2023-01-22T00:00:00Z,24.6101,25.35,24.4017,25.0576,691590
2023-01-22T04:00:00Z,25.0576,25.5,24.9687,25.121,389232
2023-01-22T08:00:00Z,25.121,25.3357,24.8,24.9493,422320
2023-01-22T12:00:00Z,24.9493,25.46,24.6399,24.9801,716596
2023-01-22T16:00:00Z,24.9801,25.2918,24.7011,24.9563,273510
2023-01-22T20:00:00Z,24.9563,24.9575,23.5,24.2628,819299
2023-01-23T00:00:00Z,24.2628,24.9599,24.0756,24.5332,423638
2023-01-23T04:00:00Z,24.5332,24.8272,24.314,24.4805,315611
2023-01-23T08:00:00Z,24.4805,24.8127,24.1988,24.6431,306400
2023-01-23T12:00:00Z,24.6431,24.7091,23.6731,24.1666,763758
2023-01-23T16:00:00Z,24.1666,24.7799,23.9519,24.1998,489537
2023-01-23T20:00:00Z,24.1998,24.51,24.0087,24.3521,242448
2023-01-24T00:00:00Z,24.3521,25.2763,24.0551,25.0056,642928
2023-01-24T04:00:00Z,25.0056,25.0294,24.6627,24.7668,280934
2023-01-24T08:00:00Z,24.7668,24.9476,24.309,24.4759,418196
2023-01-24T12:00:00Z,24.4759,24.55,23.9294,24.45,518195
2023-01-24T16:00:00Z,24.45,24.5258,24.1,24.4599,215518
2023-01-24T20:00:00Z,24.4599,24.5233,22.2218,22.7766,965733
2023-01-25T00:00:00Z,22.7766,22.9622,22.1921,22.9061,705606
2023-01-25T04:00:00Z,22.9061,23.3942,22.8291,23.2465,406098
2023-01-25T08:00:00Z,23.2465,23.3992,22.9503,23.1109,369183
2023-01-25T12:00:00Z,23.1109,24.5767,22.7064,23.3144,1227663
2023-01-25T16:00:00Z,23.3144,23.7885,23.2101,23.7128,398678
2023-01-25T20:00:00Z,23.7128,25.44,23.6968,24.5093,900718
2023-01-26T00:00:00Z,24.5093,25.2247,24.407,24.8282,450466
2023-01-26T04:00:00Z,24.8282,24.9906,24.2276,24.3735,422062
2023-01-26T08:00:00Z,24.3735,24.6194,24.0724,24.3096,393270
2023-01-26T12:00:00Z,24.3096,25.1,24.0657,24.291,765540
2023-01-26T16:00:00Z,24.291,24.735,23.7175,24.4542,367974
2023-01-26T20:00:00Z,24.4542,24.6277,24.2183,24.3436,173346
2023-01-27T00:00:00Z,24.3436,24.517,23.27,23.7117,485739
2023-01-27T04:00:00Z,23.7117,24.0434,23.63,24.0008,245067
2023-01-27T08:00:00Z,24.0008,24.0193,23.5714,23.6726,273328
2023-01-27T12:00:00Z,23.6726,24.2142,23.33,23.8425,707708
2023-01-27T16:00:00Z,23.8425,24.6063,23.8182,24.5121,422826
2023-01-27T20:00:00Z,24.5121,25.0052,24.008,24.4643,370272
2023-01-28T00:00:00Z,24.4643,24.8868,24.2949,24.5027,305842
2023-01-28T04:00:00Z,24.5027,25.2664,24.1815,24.3633,426688
2023-01-28T08:00:00Z,24.3633,24.46,24.1733,24.2871,285714
2023-01-28T12:00:00Z,24.2871,24.3293,23.7089,24.1598,511033
2023-01-28T16:00:00Z,24.1598,24.217,23.9114,24.1391,228585
2023-01-28T20:00:00Z,24.1391,24.1523,23.7529,24.0013,203684
2023-01-29T00:00:00Z,24.0013,24.7017,23.7311,24.1225,553081
2023-01-29T04:00:00Z,24.1225,24.1964,24.0142,24.1436,111460
2023-01-29T08:00:00Z,24.1436,24.5149,24.0663,24.3623,256730
2023-01-29T12:00:00Z,24.3623,24.7876,24.185,24.6918,348026
2023-01-29T16:00:00Z,24.6918,26.5971,24.4756,26.3121,1209843
2023-01-29T20:00:00Z,26.3121,26.8162,25.9704,26.0824,540509
2023-01-30T00:00:00Z,26.0824,26.2918,25.2298,25.4685,468078
2023-01-30T04:00:00Z,25.4685,25.6325,25.2476,25.3943,259852
2023-01-30T08:00:00Z,25.3943,25.5282,23.7562,24.0172,1095776
2023-01-30T12:00:00Z,24.0172,24.766,23.8269,24.3897,594986
2023-01-30T16:00:00Z,24.3897,24.6279,22.9878,23.5978,705874
2023-01-30T20:00:00Z,23.5978,24,23.3162,23.9554,350922
2023-01-31T00:00:00Z,23.9554,24.2442,23.63,24.0086,375330
2023-01-31T04:00:00Z,24.0086,24.1289,23.6374,24.0947,319132
2023-01-31T08:00:00Z,24.0947,24.1175,23.4687,23.7382,364878
2023-01-31T12:00:00Z,23.7382,24.3695,23.6373,24.0764,436341
2023-01-31T16:00:00Z,24.0764,24.47,24.0022,24.1626,279946
2023-01-31T20:00:00Z,24.1626,24.2342,23.572,23.8835,343391
2023-02-01T00:00:00Z,23.8835,24.0172,23.6545,23.8555,146947
2023-02-01T04:00:00Z,23.8555,24,23.3954,23.5658,231248
2023-02-01T08:00:00Z,23.5658,23.6368,23.1528,23.5459,350799
2023-02-01T12:00:00Z,23.5459,23.6776,22.68,22.8104,529262
2023-02-01T16:00:00Z,22.8104,24.436,22.452,24.1908,818937
2023-02-01T20:00:00Z,24.1908,25.2165,24.081,25.0102,700782
2023-02-02T00:00:00Z,25.0102,25.8,24.9531,25.2835,467217
2023-02-02T04:00:00Z,25.2835,25.4131,24.7501,24.8686,246749
2023-02-02T08:00:00Z,24.8686,25.1136,24.83,25.0089,174977
2023-02-02T12:00:00Z,25.0089,25.2698,24.5738,25.001,435290
2023-02-02T16:00:00Z,25.001,26.1614,24.8547,25.0819,600103
2023-02-02T20:00:00Z,25.0819,25.2761,24,24.3307,418366
2023-02-03T00:00:00Z,24.3307,24.5127,24.0001,24.3415,284029
2023-02-03T04:00:00Z,24.3415,24.5316,24.2126,24.3063,167255
2023-02-03T08:00:00Z,24.3063,24.5438,24.113,24.5064,188557
2023-02-03T12:00:00Z,24.5064,25.0461,24.01,24.8648,547682
2023-02-03T16:00:00Z,24.8648,25.0216,24.3632,24.3813,250328
2023-02-03T20:00:00Z,24.3813,24.8381,24.25,24.6739,173661
2023-02-04T00:00:00Z,24.6739,24.8151,24.4118,24.4687,147949
2023-02-04T04:00:00Z,24.4687,24.5207,24.3,24.4946,161617
2023-02-04T08:00:00Z,24.4946,24.5903,24.3908,24.5749,115264
2023-02-04T12:00:00Z,24.5749,24.9114,24.5279,24.6941,243176
2023-02-04T16:00:00Z,24.6941,24.7991,24.5025,24.6544,114227
2023-02-05T00:00:00Z,24.3317,24.4128,24.05,24.2644,213524
2023-02-05T04:00:00Z,24.2644,24.4514,24.2346,24.3327,117083
2023-02-05T08:00:00Z,24.3327,24.4234,24.1264,24.1731,142449
2023-02-05T12:00:00Z,24.1731,24.2173,23.2193,23.6165,555737
2023-02-05T16:00:00Z,23.6165,23.6964,23.1565,23.3423,318060
2023-02-05T20:00:00Z,23.3423,23.66,23,23.434,193814
2023-02-06T00:00:00Z,23.434,23.7056,23.2085,23.3538,185117
2023-02-06T04:00:00Z,23.3538,23.4513,22.8576,23.3273,251146
2023-02-06T08:00:00Z,23.3273,23.3923,23.0336,23.3127,142303
2023-02-06T12:00:00Z,23.3127,23.4954,22.7974,23.455,304062
2023-02-06T16:00:00Z,23.455,23.5867,23.1271,23.3411,241070
2023-02-06T20:00:00Z,23.3411,23.3422,22.4716,22.6266,245728
2023-02-07T00:00:00Z,22.6266,23.14,22.5168,23.0534,187595
2023-02-07T04:00:00Z,23.0534,23.3244,23.0136,23.1929,136108
2023-02-07T08:00:00Z,23.1929,23.45,23.0625,23.3381,194770
2023-02-07T12:00:00Z,23.3381,23.4174,22.94,23.0225,221829
2023-02-07T16:00:00Z,23.0225,23.8402,22.5697,23.2585,507753
2023-02-07T20:00:00Z,23.2585,23.9454,23.1181,23.8149,247628
2023-02-08T00:00:00Z,23.8149,24.232,23.7646,23.8686,205373
2023-02-08T04:00:00Z,23.8686,23.9532,23.5701,23.7752,142542
2023-02-08T08:00:00Z,23.7752,23.7852,23.5102,23.6998,136178
2023-02-08T12:00:00Z,23.6998,23.9433,23.2511,23.266,455482
2023-02-08T16:00:00Z,23.266,23.4582,22.714,23.0695,362670
2023-02-08T20:00:00Z,23.0695,23.2499,22.8594,23.2133,149253
2023-02-09T00:00:00Z,23.2133,23.3371,21.8649,22.3106,510425
2023-02-09T04:00:00Z,22.3106,22.8765,22.1633,22.7307,229095
2023-02-09T08:00:00Z,22.7307,22.9481,22.6885,22.7785,171492
2023-02-09T12:00:00Z,22.7785,22.9586,22.5514,22.648,229271
2023-02-09T16:00:00Z,22.648,22.6999,21.4482,21.8147,469974
2023-02-09T20:00:00Z,21.8147,21.8147,19.9853,20.4612,719654
2023-02-10T00:00:00Z,20.4612,20.8924,20.2763,20.7788,309275
2023-02-10T04:00:00Z,20.7788,21.06,20.488,21.0599,363299
2023-02-10T08:00:00Z,21.0599,21.1828,20.6109,20.6657,314269
2023-02-10T12:00:00Z,20.6657,20.9794,20.4056,20.6909,347249
2023-02-10T16:00:00Z,20.6909,20.9814,20.4847,20.8588,222102
2023-02-10T20:00:00Z,20.8588,20.8927,19.65,20.0844,386980
2023-02-11T00:00:00Z,20.0844,20.4824,20.0738,20.3898,250938
2023-02-11T04:00:00Z,20.3898,20.4069,20.1724,20.3092,135938
2023-02-11T08:00:00Z,20.3092,20.3634,20.1907,20.2876,114523
2023-02-11T12:00:00Z,20.2876,20.6091,20.2687,20.4907,276379
2023-02-11T16:00:00Z,20.4907,20.5057,20.2539,20.3572,141744
2023-02-11T20:00:00Z,20.3572,20.8521,20.3118,20.7534,199594
2023-02-12T00:00:00Z,20.7534,20.7771,20.6008,20.6445,112230
2023-02-12T04:00:00Z,20.6445,20.976,20.6117,20.804,143060
2023-02-12T08:00:00Z,20.804,21.0598,20.7921,21.0286,174242
2023-02-12T12:00:00Z,21.0286,21.546,20.7513,21.4009,386376
2023-02-12T16:00:00Z,21.4009,22.4717,21.3469,22.0061,595006
2023-02-12T20:00:00Z,22.0061,22.1796,21.0609,21.4891,423328
2023-02-13T00:00:00Z,21.4891,21.5788,20.4398,20.9044,442059
2023-02-13T04:00:00Z,20.9044,21.2789,20.8399,21.1443,196172
2023-02-13T08:00:00Z,21.1443,21.1613,20.031,20.4414,537152
2023-02-13T12:00:00Z,20.4414,20.7103,20.3205,20.3369,359748
2023-02-13T16:00:00Z,20.3369,20.51,19.7044,20.4263,501411
2023-02-13T20:00:00Z,20.4263,20.8234,20.2188,20.7258,203695
2023-02-14T00:00:00Z,20.7258,21.0706,20.6332,20.8132,237890
2023-02-14T04:00:00Z,20.8132,21.059,20.752,21.01,189178
2023-02-14T08:00:00Z,21.01,21.5973,20.7279,21.3386,511300
2023-02-14T12:00:00Z,21.3386,22.3841,20.8619,21.8516,1468681
2023-02-14T16:00:00Z,21.8516,22.047,21.6278,21.9962,450665
2023-02-14T20:00:00Z,21.9962,22.02,21.5294,21.8331,210867
2023-02-15T00:00:00Z,21.8331,21.9295,21.4254,21.6148,306953
2023-02-15T04:00:00Z,21.6148,21.6823,21.4445,21.5088,177347
2023-02-15T08:00:00Z,21.5088,22.2052,21.4338,22.0759,350868
2023-02-15T12:00:00Z,22.0759,22.7222,22.0759,22.4169,566950
2023-02-15T16:00:00Z,22.4169,22.9977,22.2299,22.9881,333423
2023-02-15T20:00:00Z,22.9881,23.9816,22.9136,23.8657,508031
2023-02-16T00:00:00Z,23.8657,24.1347,23.5271,23.8192,337506
2023-02-16T04:00:00Z,23.8192,23.9898,23.5181,23.6999,324440
2023-02-16T08:00:00Z,23.6999,23.9127,23.4633,23.5797,228902
2023-02-16T12:00:00Z,23.5797,23.8924,23.066,23.8773,520813
2023-02-16T16:00:00Z,23.8773,24.158,23.3354,23.5746,468786
2023-02-16T20:00:00Z,23.5746,23.6,22.2018,22.2406,543374
2023-02-17T00:00:00Z,22.2406,22.7884,22.0338,22.6645,283450
2023-02-17T04:00:00Z,22.6645,22.787,22.5168,22.5441,152476
2023-02-17T08:00:00Z,22.5441,22.719,22.4597,22.5927,180720
2023-02-17T12:00:00Z,22.5927,22.9874,22.4178,22.7999,323752
2023-02-17T16:00:00Z,22.7999,23.5,22.5617,23.4675,274229
2023-02-17T20:00:00Z,23.4675,23.5514,22.6953,23.1354,237193
2023-02-18T00:00:00Z,23.1354,23.6522,23.1228,23.3578,181731
2023-02-18T04:00:00Z,23.3578,23.5006,23.1028,23.2047,137511
2023-02-18T08:00:00Z,23.2047,23.2739,22.92,23.0506,142820
2023-02-18T12:00:00Z,23.0506,23.5569,23,23.4288,151678
2023-02-18T16:00:00Z,23.4288,23.9465,23.388,23.4752,204947
2023-02-18T20:00:00Z,23.4752,23.6878,23.2326,23.4602,156324
2023-02-19T00:00:00Z,23.4602,23.6075,23.1972,23.3068,128273
2023-02-19T04:00:00Z,23.3068,24.0051,23.2724,23.5401,184530
2023-02-19T08:00:00Z,23.5401,23.715,23.467,23.6927,131041
2023-02-19T12:00:00Z,23.6927,25.2927,23.691,25.2715,491397
2023-02-19T16:00:00Z,25.2715,25.3926,23.979,24.6476,682432
2023-02-19T20:00:00Z,24.6476,25.6136,24.0384,24.8433,661438
2023-02-20T00:00:00Z,24.8433,26.3296,24.1047,26.1686,966195
2023-02-20T04:00:00Z,26.1686,27.0949,25.8473,26.4979,1092581
2023-02-20T08:00:00Z,26.4979,26.6896,26.0248,26.3615,566013
2023-02-20T12:00:00Z,26.3615,26.69,26.1149,26.5315,387957
2023-02-20T16:00:00Z,26.5315,26.564,25.5282,26.3401,403273
2023-02-20T20:00:00Z,26.3401,26.3904,25.9158,26.2991,250913
2023-02-21T00:00:00Z,26.2991,26.6339,25.7673,26.1128,502719
2023-02-21T04:00:00Z,26.1128,26.315,25.7,26.039,246012
2023-02-21T08:00:00Z,26.039,26.259,24.9245,25.0396,619246
2023-02-21T12:00:00Z,25.0396,25.3769,24.7725,25.0794,424151
2023-02-21T16:00:00Z,25.0794,25.52,24.6736,25.2631,301501
2023-02-21T20:00:00Z,25.2631,25.4973,24.4658,24.9778,323323
2023-02-22T00:00:00Z,24.9778,25.2429,23.8532,24.45,539934
2023-02-22T04:00:00Z,24.45,24.4701,23.4251,23.8167,465602
2023-02-22T08:00:00Z,23.8167,23.8266,23.22,23.563,375855
2023-02-22T12:00:00Z,23.563,23.7839,23.25,23.6385,391133
2023-02-22T16:00:00Z,23.6385,24.1731,23.414,23.7783,322091
2023-02-22T20:00:00Z,23.7783,24.3492,23.4427,24.1399,225432
2023-02-23T00:00:00Z,24.1399,24.697,23.9642,24.4343,364818
2023-02-23T04:00:00Z,24.4343,24.568,24.208,24.4673,183910
2023-02-23T08:00:00Z,24.4673,24.62,23.5812,23.7478,327833
2023-02-23T12:00:00Z,23.7478,24.3785,23.59,23.8667,387900
2023-02-23T16:00:00Z,23.8667,24.0791,23.6,24.0341,239138
2023-02-23T20:00:00Z,24.0341,24.2299,23.6914,23.921,158259
2023-02-24T00:00:00Z,23.921,24.0993,23.6812,23.7738,182026
2023-02-24T04:00:00Z,23.7738,24.0701,23.7239,23.9634,176330
2023-02-24T08:00:00Z,23.9634,24.044,23.5064,23.7795,200099
2023-02-24T12:00:00Z,23.7795,23.9988,22.908,23.0348,528481
2023-02-24T16:00:00Z,23.0348,23.0402,22.4823,23.0165,433093
2023-02-24T20:00:00Z,23.0165,23.339,22.4363,23.0608,272697
2023-02-25T00:00:00Z,23.0608,23.3228,22.9099,22.9442,190918
2023-02-25T04:00:00Z,22.9442,23.1531,22.8113,22.9439,169527
2023-02-25T08:00:00Z,22.9439,23.0393,22.6131,22.7724,218215
2023-02-25T12:00:00Z,22.7724,22.8137,22.0323,22.3224,463749
2023-02-25T16:00:00Z,22.3224,22.4972,21.6628,21.9013,422017
2023-02-25T20:00:00Z,21.9013,22.4744,21.409,22.3587,442146
2023-02-26T00:00:00Z,22.3587,22.7349,22.1872,22.6395,248080
2023-02-26T04:00:00Z,22.6395,22.8352,22.4691,22.7843,182311
2023-02-26T08:00:00Z,22.7843,22.9456,22.6145,22.8308,181597
2023-02-26T12:00:00Z,22.8308,22.948,22.5362,22.921,272251
2023-02-26T16:00:00Z,22.921,23.3859,22.651,23.3383,309432
2023-02-26T20:00:00Z,23.3383,23.4994,22.9391,23.2435,289723
2023-02-27T00:00:00Z,23.2435,23.2674,22.9615,23.0191,154088
2023-02-27T04:00:00Z,23.0191,23.0293,22.7657,22.8842,162010
2023-02-27T08:00:00Z,22.8842,22.9582,22.611,22.753,161269
2023-02-27T12:00:00Z,22.753,23.3951,22.6518,23.043,461296
2023-02-27T16:00:00Z,23.043,23.1351,22.3019,22.52,348079
2023-02-27T20:00:00Z,22.52,22.789,22.3363,22.6481,190135
2023-02-28T00:00:00Z,22.6481,22.7364,22.4075,22.5897,176667
2023-02-28T04:00:00Z,22.5897,22.6085,22.0596,22.073,266359
2023-02-28T08:00:00Z,22.073,22.2931,22.0383,22.1875,173655
2023-02-28T12:00:00Z,22.1875,22.5852,22.1875,22.5155,235417
2023-02-28T16:00:00Z,22.5155,22.6837,22.15,22.1803,222246
2023-02-28T20:00:00Z,22.1803,22.2374,21.7312,21.8707,314407
2023-03-01T00:00:00Z,21.8707,22.3895,21.6288,22.3151,244794
2023-03-01T04:00:00Z,22.3151,22.6634,22.2704,22.5697,202930
2023-03-01T08:00:00Z,22.5697,22.8897,22.5199,22.6654,215879
2023-03-01T12:00:00Z,22.6654,22.8399,22.499,22.6395,286818
2023-03-01T16:00:00Z,22.6395,22.6474,22.089,22.1407,171414
2023-03-01T20:00:00Z,22.1407,22.5413,22.0931,22.5151,164024
2023-03-02T00:00:00Z,22.5151,22.6654,21.8754,22.0441,275737
2023-03-02T04:00:00Z,22.0441,22.1681,21.8258,21.9695,161759
2023-03-02T08:00:00Z,21.9695,22.1004,21.8816,22.0613,142104
2023-03-02T12:00:00Z,22.0613,22.0877,21.636,21.819,243594
2023-03-02T16:00:00Z,21.819,22.144,21.6751,22.062,147748
2023-03-02T20:00:00Z,22.062,22.1474,21.9046,21.9864,121408
2023-03-03T00:00:00Z,21.9864,22.0006,20.2847,20.8464,715392
2023-03-03T04:00:00Z,20.8464,21.2156,20.8014,21.0303,211023
2023-03-03T08:00:00Z,21.0303,21.2104,21.029,21.1248,100531
2023-03-03T12:00:00Z,21.1248,21.44,20.9837,21.2575,239162
2023-03-03T16:00:00Z,21.2575,21.435,21.1422,21.403,135333
2023-03-03T20:00:00Z,21.403,21.5253,21.1628,21.4067,142380
2023-03-04T00:00:00Z,21.4067,21.6172,21.2764,21.3214,146675
2023-03-04T04:00:00Z,21.3214,21.3617,21.0258,21.1775,120868
2023-03-04T08:00:00Z,21.1775,21.2347,21.0576,21.1653,126024
2023-03-04T12:00:00Z,21.1653,21.194,20.9065,20.9382,104251
2023-03-04T16:00:00Z,20.9382,21.0399,20.585,20.6703,124000
2023-03-04T20:00:00Z,20.6703,20.9901,20.1786,20.9786,288192
2023-03-05T00:00:00Z,20.9786,21.6914,20.9128,21.3014,580900
2023-03-05T04:00:00Z,21.3014,21.4158,21.2066,21.2927,140137
2023-03-05T08:00:00Z,21.2927,21.3725,21.12,21.1929,144997
2023-03-05T12:00:00Z,21.1929,21.3289,21.1372,21.2576,139582
2023-03-05T16:00:00Z,21.2576,21.2994,20.9843,21.0894,116894
2023-03-05T20:00:00Z,21.0894,21.3219,20.8095,20.9686,173624
2023-03-06T00:00:00Z,20.9686,21.08,20.6507,20.8985,181230
2023-03-06T04:00:00Z,20.8985,20.9567,20.5981,20.7577,170141
2023-03-06T08:00:00Z,20.7577,20.7796,20.6178,20.675,109856
2023-03-06T12:00:00Z,20.675,21.0631,20.532,21.0221,258086
2023-03-06T16:00:00Z,21.0221,21.15,20.7203,20.7507,172226
2023-03-06T20:00:00Z,20.7507,20.7609,20.4481,20.6117,177222
2023-03-07T00:00:00Z,20.6117,20.9439,20.4232,20.7753,203247
2023-03-07T04:00:00Z,20.7753,20.8347,20.661,20.6778,105283
2023-03-07T08:00:00Z,20.6778,20.7254,20.2574,20.281,245513
2023-03-07T12:00:00Z,20.281,20.6265,19.9087,20.3867,534044
2023-03-07T16:00:00Z,20.3867,20.506,19.9552,20.0019,300077
2023-03-07T20:00:00Z,20.0019,20.2738,19.7,20.2405,261110
2023-03-08T00:00:00Z,20.2405,20.3878,19.7928,19.9954,222896
2023-03-08T04:00:00Z,19.9954,20.0484,19.13,19.1807,413871
2023-03-08T08:00:00Z,19.1807,19.5274,19.1491,19.321,284223
2023-03-08T12:00:00Z,19.321,19.3764,18.6183,19.1959,745896
2023-03-08T16:00:00Z,19.1959,19.392,18.4357,18.6497,437469
2023-03-08T20:00:00Z,18.6497,18.9459,18.1,18.403,522292
2023-03-09T00:00:00Z,18.403,18.6668,18.345,18.5754,216643
2023-03-09T04:00:00Z,18.5754,18.7762,18.4489,18.4854,321617
2023-03-09T08:00:00Z,18.4854,18.6155,18.2248,18.5263,340768
2023-03-09T12:00:00Z,18.5263,18.6652,18.1201,18.3323,557021
2023-03-09T16:00:00Z,18.3323,18.3926,17.4683,17.7133,677322
2023-03-09T20:00:00Z,17.7133,17.72,16.6696,17.308,815891
2023-03-10T00:00:00Z,17.308,17.3347,16.7731,17.1338,379328
2023-03-10T08:00:00Z,16.9737,17.0089,15.977,16.6942,726671
2023-03-10T12:00:00Z,16.6942,17.9284,16.5734,17.6371,1233955
2023-03-10T16:00:00Z,17.6371,17.9682,17.4128,17.761,497712
2023-03-10T20:00:00Z,17.761,18.346,17.4321,18.1462,419239
2023-03-11T00:00:00Z,18.1462,18.85,18.0188,18.1846,535757
2023-03-11T04:00:00Z,18.1846,18.2609,16.965,17.0606,552440
2023-03-11T08:00:00Z,17.0606,17.7444,16.9421,17.3856,549812
2023-03-11T12:00:00Z,17.3856,17.5267,17.0423,17.1242,243626
2023-03-11T16:00:00Z,17.1242,17.9478,16.9798,17.9178,337835
2023-03-11T20:00:00Z,17.9178,18.18,17.8313,18.0521,291445
2023-03-12T00:00:00Z,18.0521,18.1218,17.7676,17.9286,173261
2023-03-12T04:00:00Z,17.9286,18.0739,17.6944,17.8275,197810
2023-03-12T08:00:00Z,17.8275,18.2777,17.7865,18.1075,308935
2023-03-12T12:00:00Z,18.1075,18.1226,17.7288,17.8471,409633
2023-03-12T16:00:00Z,17.8471,18.8225,17.78,18.3966,503993
2023-03-12T20:00:00Z,18.3966,20.5491,18.3872,20.2136,691536
2023-03-13T00:00:00Z,20.2136,20.5725,19.44,19.5474,589912
2023-03-13T04:00:00Z,19.5474,19.83,19.522,19.7329,257570
2023-03-13T08:00:00Z,19.7329,19.7733,18.9236,19.2516,460825
2023-03-13T12:00:00Z,19.2516,21.4,18.8798,20.7493,1197695
2023-03-13T16:00:00Z,20.7493,20.9945,20.3028,20.527,389419
2023-03-13T20:00:00Z,20.527,20.6515,20.1284,20.4036,266033
2023-03-14T00:00:00Z,20.4036,20.5203,20.1517,20.4457,165168
2023-03-14T04:00:00Z,20.4457,20.6739,19.9319,20.0164,270157
2023-03-14T08:00:00Z,20.0164,20.2303,19.75,20.125,338582
2023-03-14T12:00:00Z,20.125,22.1024,20.0291,21.9129,1056854
2023-03-14T16:00:00Z,21.9129,22,20.3701,20.9122,614315
2023-03-14T20:00:00Z,20.9122,21.0693,20.2427,20.8909,375413
2023-03-15T00:00:00Z,20.8909,21.2302,20.5917,21.0431,205844
2023-03-15T04:00:00Z,21.0431,21.4542,20.979,21.2297,176023
2023-03-15T08:00:00Z,21.2297,21.2479,20.1692,20.57,357532
2023-03-15T12:00:00Z,20.57,21.0243,19.0717,19.2364,730436
2023-03-15T16:00:00Z,19.2364,19.4189,18.7073,19.0748,591961
2023-03-15T20:00:00Z,19.0748,19.4823,18.9754,19.2241,188722
2023-03-16T00:00:00Z,19.2241,19.4563,18.879,19.2985,289447
2023-03-16T04:00:00Z,19.2985,19.6213,19.0507,19.4942,157525
2023-03-16T08:00:00Z,19.4942,19.7752,19.2472,19.6441,211854
2023-03-16T12:00:00Z,19.6441,19.7,19.0217,19.5556,410964
2023-03-16T16:00:00Z,19.5556,19.8998,19.2654,19.7313,246961
2023-03-16T20:00:00Z,19.7313,19.7706,19.249,19.664,135939
2023-03-17T00:00:00Z,19.664,20.2631,19.3955,19.9793,337564
2023-03-17T04:00:00Z,19.9793,20.2438,19.8769,19.9981,191045
2023-03-17T08:00:00Z,19.9981,20.7126,19.9179,20.6584,244161
2023-03-17T12:00:00Z,20.6584,20.671,19.8059,20.0067,285558
2023-03-17T16:00:00Z,20.0067,20.6012,19.8809,20.4962,336358
2023-03-17T20:00:00Z,20.4962,21.6622,20.3084,21.5869,514533
2023-03-18T00:00:00Z,21.5869,22.9487,21.2805,22.6736,544631
2023-03-18T04:00:00Z,22.6736,22.872,22.1129,22.1827,246241
2023-03-18T08:00:00Z,22.1827,22.4895,21.7779,22.4797,181738
2023-03-18T12:00:00Z,22.4797,22.5112,21.4529,21.8187,416688
2023-03-18T16:00:00Z,21.8187,22.3879,21.2115,21.9127,309758
2023-03-18T20:00:00Z,21.9127,22.2061,21.0488,21.2102,229169
2023-03-19T00:00:00Z,21.2102,21.8592,21.2055,21.8095,153694
2023-03-19T04:00:00Z,21.8095,21.9346,21.3017,21.5595,176447
2023-03-19T08:00:00Z,21.5595,21.7577,21.2116,21.6826,221137
2023-03-19T12:00:00Z,21.6826,22.1163,21.4616,21.9948,268980
2023-03-19T16:00:00Z,21.9948,22.4136,21.9536,22.1792,284758
2023-03-19T20:00:00Z,22.1792,22.2887,21.7,21.8562,224545
2023-03-20T00:00:00Z,21.8562,22.97,21.6248,21.7097,457278
2023-03-20T04:00:00Z,21.7097,23.1581,21.377,23.084,480376
2023-03-20T08:00:00Z,23.084,23.58,22.8796,23.3082,605579
2023-03-20T12:00:00Z,23.3082,23.8937,22.9184,23.186,886528
2023-03-20T16:00:00Z,23.186,23.4196,21.8383,22.1115,929512
2023-03-20T20:00:00Z,22.1115,22.7871,22.02,22.1402,383220
2023-03-21T00:00:00Z,22.1402,22.7411,22.0206,22.4419,350663
2023-03-21T04:00:00Z,22.4419,22.636,21.72,21.9245,326221
2023-03-21T08:00:00Z,21.9245,22.5192,21.5138,22.4545,418151
2023-03-21T12:00:00Z,22.4545,23.3302,22.3542,22.8875,559925
2023-03-21T16:00:00Z,22.8875,23.2,22.1122,22.5248,399376
2023-03-21T20:00:00Z,22.5248,22.6609,22.2214,22.5186,318592
2023-03-22T00:00:00Z,22.5186,22.5186,22.0066,22.2893,206732
2023-03-22T04:00:00Z,22.2893,22.5473,22.1963,22.2952,129536
2023-03-22T08:00:00Z,22.2952,22.7042,22.0728,22.4583,227927
2023-03-22T12:00:00Z,22.4583,23.0696,22.3132,22.6092,300967
2023-03-22T16:00:00Z,22.6092,22.9541,20.9222,21.068,741913
2023-03-22T20:00:00Z,21.068,21.8179,20.9362,21.3976,234204
2023-03-23T00:00:00Z,21.3976,21.5851,21.074,21.2659,201740
2023-03-23T04:00:00Z,21.2659,21.7307,21.1807,21.6804,175898
2023-03-23T08:00:00Z,21.6804,21.7883,21.5508,21.7196,180090
2023-03-23T12:00:00Z,21.7196,22.6611,21.3512,22.3947,385177
2023-03-23T16:00:00Z,22.3947,22.724,21.7001,22.0775,300156
2023-03-23T20:00:00Z,22.0775,22.2373,21.8667,22.1502,152131
2023-03-24T00:00:00Z,22.1502,22.259,22,22.062,81610
2023-03-24T04:00:00Z,22.062,22.1217,21.8701,21.9856,79643
2023-03-24T08:00:00Z,21.9856,22.0156,21.023,21.3912,225353
2023-03-24T12:00:00Z,21.3912,21.7534,21,21.1931,257960
2023-03-24T16:00:00Z,21.1931,21.2987,20.2559,20.7309,296278
2023-03-24T20:00:00Z,20.7309,20.7896,20.3112,20.6528,217052
2023-03-25T00:00:00Z,20.6528,20.9173,20.6222,20.6956,206069
2023-03-25T04:00:00Z,20.6956,20.7926,20.4853,20.585,111665
2023-03-25T08:00:00Z,20.585,20.6936,20.3715,20.6429,133202
2023-03-25T12:00:00Z,20.6429,20.9562,20.5473,20.8515,206062
2023-03-25T16:00:00Z,20.8515,20.8916,20.0827,20.1365,173717
2023-03-25T20:00:00Z,20.1365,20.439,20.1083,20.3861,106843
2023-03-26T00:00:00Z,20.3861,20.7489,20.2682,20.6691,128555
2023-03-26T04:00:00Z,20.6691,20.8733,20.6202,20.7501,88816
2023-03-26T08:00:00Z,20.7501,20.9424,20.6741,20.8311,96381
2023-03-26T12:00:00Z,20.8311,21.1211,20.7157,20.7889,213093
2023-03-26T16:00:00Z,20.7889,20.9901,20.6372,20.8939,94856
2023-03-26T20:00:00Z,20.8939,21.07,20.7373,20.9365,125616
2023-03-27T00:00:00Z,20.9365,20.9778,20.5544,20.7013,114880
2023-03-27T04:00:00Z,20.7013,20.7225,20.3513,20.4309,154266
2023-03-27T08:00:00Z,20.4309,20.6321,20.32,20.6067,104439
2023-03-27T12:00:00Z,20.6067,20.69,19.3094,19.7587,314048
2023-03-27T16:00:00Z,19.7587,19.9379,19.5844,19.6651,172364
2023-03-27T20:00:00Z,19.6651,19.92,19.5628,19.8703,115480
2023-03-28T00:00:00Z,19.8703,19.98,19.5792,19.714,149571
2023-03-28T04:00:00Z,19.714,20.056,19.7024,19.8577,140401
2023-03-28T08:00:00Z,19.8577,20.161,19.5881,20.0667,174595
2023-03-28T12:00:00Z,20.0667,20.3821,19.8074,20.2141,358789
2023-03-28T16:00:00Z,20.2141,20.85,20.0232,20.6801,180427
2023-03-28T20:00:00Z,20.6801,20.7237,20.2162,20.4214,136444
2023-03-29T00:00:00Z,20.4214,20.8275,20.4025,20.6437,142615
2023-03-29T04:00:00Z,20.6437,21.277,20.6162,21.1885,193986
2023-03-29T08:00:00Z,21.1885,21.5385,21.0917,21.21,226753
2023-03-29T12:00:00Z,21.21,21.3452,20.95,21.2255,207101
2023-03-29T16:00:00Z,21.2255,21.2434,20.9464,21.1405,131262
2023-03-29T20:00:00Z,21.1405,21.3177,20.8849,21.0853,156358
2023-03-30T00:00:00Z,21.0853,21.639,20.592,21.048,317773
2023-03-30T04:00:00Z,21.048,21.203,20.8325,21.002,126140
2023-03-30T08:00:00Z,21.002,21.0391,20.5046,20.658,149868
2023-03-30T12:00:00Z,20.658,20.6903,20.4078,20.5242,174934
2023-03-30T16:00:00Z,20.5242,20.5242,20.1373,20.4689,127735
2023-03-30T20:00:00Z,20.4689,20.6939,20.3489,20.5243,111041
2023-03-31T00:00:00Z,20.5243,20.7377,20.4189,20.5113,102539
2023-03-31T04:00:00Z,20.5113,20.6099,20.0057,20.2728,141585
2023-03-31T08:00:00Z,20.2728,20.411,20.2,20.3072,124149
2023-03-31T12:00:00Z,20.3072,20.9877,20.2114,20.8474,277085
2023-03-31T16:00:00Z,20.8474,20.966,20.6801,20.9608,160810
2023-03-31T20:00:00Z,20.9608,21.4833,20.8155,21.1638,230555
2023-04-01T00:00:00Z,21.1638,21.3496,20.9028,21.0127,182201
2023-04-01T04:00:00Z,21.0127,21.2606,20.8452,20.9887,158322
2023-04-01T08:00:00Z,20.9887,21.095,20.9024,21.015,135309
2023-04-01T12:00:00Z,21.015,21.0743,20.8501,20.9551,92038
2023-04-01T16:00:00Z,20.9551,21.0229,20.7305,20.9239,103868
2023-04-01T20:00:00Z,20.9239,21.2108,20.9161,21.0742,80132
2023-04-02T00:00:00Z,21.0742,21.1405,20.8645,21.0081,73540
2023-04-02T04:00:00Z,21.0081,21.2933,20.91,21.1705,100916
2023-04-02T08:00:00Z,21.1705,21.1964,20.9556,20.9871,91214
2023-04-02T12:00:00Z,20.9871,20.9926,20.4218,20.5688,319470
2023-04-02T16:00:00Z,20.5688,20.6533,20.2,20.3283,177662
2023-04-02T20:00:00Z,20.3283,20.558,20.2494,20.4925,109993
2023-04-03T00:00:00Z,20.4925,20.5299,19.9526,20.0311,180781
2023-04-03T04:00:00Z,20.0311,20.25,19.9816,20.25,82084
2023-04-03T08:00:00Z,20.25,20.55,20.2274,20.3807,151113
2023-04-03T12:00:00Z,20.3807,20.5927,20.06,20.2996,178416
2023-04-03T16:00:00Z,20.2996,20.9333,20.1382,20.8787,146837
2023-04-03T20:00:00Z,20.8787,20.9712,20.0539,20.4417,170109
2023-04-04T00:00:00Z,20.4417,20.5577,20.2847,20.4004,73344
2023-04-04T04:00:00Z,20.4004,20.6264,20.3111,20.5026,91381
2023-04-04T08:00:00Z,20.5026,20.989,20.4435,20.9534,126453
2023-04-04T12:00:00Z,20.9534,21.24,20.6708,20.8513,232851
2023-04-04T16:00:00Z,20.8513,20.9999,20.7374,20.9396,58664
2023-04-04T20:00:00Z,20.9396,21.075,20.7944,20.9012,77151
2023-04-05T00:00:00Z,20.9012,21.3387,20.8229,21.1409,152366
2023-04-05T04:00:00Z,21.1409,21.3001,21.0995,21.18,91571
2023-04-05T08:00:00Z,21.18,21.2616,21.0638,21.1804,75261
2023-04-05T12:00:00Z,21.1804,21.2409,20.5519,20.7915,213938
2023-04-05T16:00:00Z,20.7915,20.9703,20.6277,20.898,148015
2023-04-05T20:00:00Z,20.898,21.0506,20.795,20.95,104686
2023-04-06T00:00:00Z,20.95,20.9805,20.5138,20.8009,167811
2023-04-06T04:00:00Z,20.8009,20.8285,20.5969,20.6239,76028
2023-04-06T08:00:00Z,20.6239,20.7465,20.423,20.665,102601
2023-04-06T12:00:00Z,20.665,20.7988,20.427,20.719,81593
2023-04-06T16:00:00Z,20.719,20.8495,20.5979,20.6969,73674
2023-04-06T20:00:00Z,20.6969,20.7535,20.5118,20.6062,79441
2023-04-07T00:00:00Z,20.6062,20.7593,20.3803,20.5374,87594
2023-04-07T04:00:00Z,20.5374,20.5483,20.2147,20.2672,140797
2023-04-07T08:00:00Z,20.2672,20.4207,20.1995,20.2999,93292
2023-04-07T12:00:00Z,20.2999,20.6322,20.26,20.5154,105849
2023-04-07T16:00:00Z,20.5154,20.5498,20.4109,20.4661,57474
2023-04-07T20:00:00Z,20.4661,20.5232,20.3338,20.4299,84998
2023-04-08T00:00:00Z,20.4299,20.47,20.2727,20.4638,108717
2023-04-08T04:00:00Z,20.4638,20.7166,20.4219,20.6017,87846
2023-04-08T08:00:00Z,20.6017,20.6258,20.5114,20.5588,65214
2023-04-08T12:00:00Z,20.5588,20.5612,20.333,20.4356,90590
2023-04-08T16:00:00Z,20.4356,20.443,20.0444,20.177,150125
2023-04-08T20:00:00Z,20.177,20.2281,19.8325,20.01,173131
2023-04-09T00:00:00Z,20.01,20.2197,19.9975,20.0884,121936
2023-04-09T04:00:00Z,20.0884,20.2339,19.8646,19.9894,100695
2023-04-09T08:00:00Z,19.9894,20.18,19.937,20.1772,98862
2023-04-09T12:00:00Z,20.1772,20.3035,20,20.1003,105940
2023-04-09T16:00:00Z,20.1003,20.3923,20.0453,20.2685,83837
2023-04-09T20:00:00Z,20.2685,20.433,20.1828,20.2706,71764
2023-04-10T00:00:00Z,20.2706,20.3265,20.1065,20.2475,73352
2023-04-10T04:00:00Z,20.2475,20.3139,20.1618,20.229,42254
2023-04-10T08:00:00Z,20.229,20.3659,20.2074,20.2605,69554
2023-04-10T12:00:00Z,20.2605,20.2769,20.054,20.2022,108537
2023-04-10T16:00:00Z,20.2022,20.6946,20.1594,20.6657,133908
2023-04-10T20:00:00Z,20.6657,20.9333,20.5205,20.8763,126659
2023-04-11T00:00:00Z,20.8763,21.28,20.8164,21.25,181556
2023-04-11T04:00:00Z,21.25,22.6623,21.1866,22.4529,997913
2023-04-11T08:00:00Z,22.4529,22.6,22.1802,22.2109,511407
2023-04-11T12:00:00Z,22.2109,23.4513,22.1257,23.2759,1237937
2023-04-11T16:00:00Z,23.2759,23.6709,23.0128,23.4,847717
2023-04-11T20:00:00Z,23.4,23.468,22.8,22.9719,557336
2023-04-12T00:00:00Z,22.9719,23.5555,22.292,22.5497,1201786
2023-04-12T04:00:00Z,22.5497,24.0332,22.4808,23.701,1188643
2023-04-12T08:00:00Z,23.701,23.9124,23.2475,23.4879,833632
2023-04-12T16:00:00Z,23.5984,24.3941,23.5171,23.8632,730480
2023-04-12T20:00:00Z,23.8632,24.1676,23.5597,23.7781,376275
2023-04-13T00:00:00Z,23.7781,24.1144,23.6242,23.9577,515825
2023-04-13T04:00:00Z,23.9577,24.2766,23.8524,24.1128,438460
2023-04-13T08:00:00Z,24.1128,24.5341,23.8829,24.3014,623117
2023-04-13T12:00:00Z,24.3014,25.25,24.2423,24.6121,882590
2023-04-13T16:00:00Z,24.6121,24.9009,24.3571,24.7284,213937
2023-04-13T20:00:00Z,24.7284,24.7967,24.2722,24.4152,251783
2023-04-14T00:00:00Z,24.4152,25.363,24.1909,25.0727,809865
2023-04-14T04:00:00Z,25.0727,25.4871,24.8523,24.9166,468996
2023-04-14T08:00:00Z,24.9166,25.1316,24.8031,24.9904,284064
2023-04-14T12:00:00Z,24.9904,25.0664,23.801,23.8486,639488
2023-04-14T16:00:00Z,23.8486,24.73,23.7386,24.5359,464504
2023-04-14T20:00:00Z,24.5359,24.9702,24.4302,24.7236,296628
2023-04-15T00:00:00Z,24.7236,24.8087,24.1424,24.2687,227019
2023-04-15T04:00:00Z,24.2687,24.4794,24.0006,24.3953,187564
2023-04-15T08:00:00Z,24.3953,24.5259,24.2228,24.3647,182486
2023-04-15T12:00:00Z,24.3647,24.508,24.1473,24.3304,229528
2023-04-15T16:00:00Z,24.3304,24.4166,23.8287,24.0534,253734
2023-04-15T20:00:00Z,24.0534,24.15,23.8,24.0526,188203
2023-04-16T00:00:00Z,24.0526,24.4974,23.8124,24.3265,314456
2023-04-16T04:00:00Z,24.3265,24.4544,24.1836,24.2513,167257
2023-04-16T08:00:00Z,24.2513,24.34,23.9815,24.065,156542
2023-04-16T12:00:00Z,24.065,24.333,23.9856,24.3006,177351
2023-04-16T16:00:00Z,24.3006,24.8378,24.1898,24.5503,233846
2023-04-16T20:00:00Z,24.5503,25.5145,24.31,25.351,579552
2023-04-17T00:00:00Z,25.351,26.0274,24.8082,25.781,915002
2023-04-17T04:00:00Z,25.781,25.9677,25.103,25.1307,407731
2023-04-17T08:00:00Z,25.1307,25.3833,24.68,24.9223,408242
2023-04-17T12:00:00Z,24.9223,25.4498,24.3362,24.5489,668142
2023-04-17T16:00:00Z,24.5489,24.8874,24.3425,24.7371,277226
2023-04-17T20:00:00Z,24.7371,24.794,24.4576,24.5781,163280
2023-04-18T00:00:00Z,24.5781,24.6665,23.9918,24.4327,398691
2023-04-18T04:00:00Z,24.4327,25.157,24.342,25.0891,318795
2023-04-18T08:00:00Z,25.0891,25.453,24.8551,25.3516,291886
2023-04-18T12:00:00Z,25.3516,25.4092,24.85,24.9242,336542
2023-04-18T16:00:00Z,24.9242,25.015,24.4135,24.6794,237614
2023-04-18T20:00:00Z,24.6794,24.9111,24.5783,24.8159,145813
2023-04-19T00:00:00Z,24.8159,24.9794,24.54,24.6169,156663
2023-04-19T04:00:00Z,24.6169,24.7644,24.2457,24.3484,205394
2023-04-19T08:00:00Z,24.3484,24.3508,21.8289,23.1896,1117922
2023-04-19T12:00:00Z,23.1896,23.5285,22.9058,23.3218,331609
2023-04-19T16:00:00Z,23.3218,23.4786,22.8153,22.9856,276803
2023-04-19T20:00:00Z,22.9856,23.1469,22.1103,22.6722,284968
2023-04-20T00:00:00Z,22.6722,23.0893,22.3508,22.8272,283641
2023-04-20T04:00:00Z,22.8272,23.0652,22.5559,22.5842,286558
2023-04-20T08:00:00Z,22.5842,22.8438,22.211,22.3195,346935
2023-04-20T12:00:00Z,22.3195,23.1733,22.05,22.1193,455005
2023-04-20T16:00:00Z,22.1193,22.4,21.5832,21.7636,517972
2023-04-20T20:00:00Z,21.7636,22.2826,21.673,22.1653,217617
2023-04-21T00:00:00Z,22.1653,22.3894,21.9632,22.2878,218666
2023-04-21T04:00:00Z,22.2878,22.3364,21.8074,22.2474,199640
2023-04-21T08:00:00Z,22.2474,22.3837,21.912,22.014,185767
2023-04-21T12:00:00Z,22.014,22.2849,21.7944,21.8694,226816
2023-04-21T16:00:00Z,21.8694,21.9168,20.951,21.2026,390795
2023-04-21T20:00:00Z,21.2026,21.4259,20.9871,21.2476,184774
2023-04-22T00:00:00Z,21.2476,21.3843,21.0423,21.3709,124637
2023-04-22T04:00:00Z,21.3709,21.4894,21.2057,21.2631,105085
2023-04-22T08:00:00Z,21.2631,21.3793,21.21,21.3601,66633
2023-04-22T12:00:00Z,21.3601,21.7199,21.3504,21.7179,230380
2023-04-22T16:00:00Z,21.7179,21.9185,21.6032,21.7462,196251
2023-04-22T20:00:00Z,21.7462,21.9774,21.667,21.7805,94084
2023-04-23T00:00:00Z,21.7805,21.7926,21.4095,21.7016,185622
2023-04-23T04:00:00Z,21.7016,22.12,21.6677,22.057,243391
2023-04-23T08:00:00Z,22.057,22.1896,21.91,22.1082,203156
2023-04-23T12:00:00Z,22.1082,22.2379,21.4659,21.6381,319237
2023-04-23T16:00:00Z,21.6381,21.6824,20.912,21.1745,410513
2023-04-23T20:00:00Z,21.1745,21.533,21.0648,21.4495,162269
2023-04-24T00:00:00Z,21.4495,21.9885,21.2373,21.696,363049
2023-04-24T04:00:00Z,21.696,21.7746,21.1635,21.2749,247075
2023-04-24T08:00:00Z,21.2749,21.7245,21.1091,21.7162,285675
2023-04-24T12:00:00Z,21.7162,21.9621,21.2761,21.3378,305016
2023-04-24T16:00:00Z,21.3378,21.5368,20.98,21.3041,222306
2023-04-24T20:00:00Z,21.3041,21.4577,21.2391,21.3688,112814
2023-04-25T00:00:00Z,21.3688,21.4476,20.8014,20.8676,247197
2023-04-25T04:00:00Z,20.8676,21.1348,20.8218,20.8759,155766
2023-04-25T08:00:00Z,20.8759,21.0379,20.7085,20.9845,213491
2023-04-25T12:00:00Z,20.9845,21.1527,20.7354,20.851,229516
2023-04-25T16:00:00Z,20.851,21.2624,20.7492,21.1537,283252
2023-04-25T20:00:00Z,21.1537,21.946,21.1502,21.9048,291852
2023-04-26T00:00:00Z,21.9048,22.0588,21.7222,21.7938,182403
2023-04-26T04:00:00Z,21.7938,22.1603,21.788,21.8981,182921
2023-04-26T08:00:00Z,21.8981,22.6,21.8981,22.4308,391105
2023-04-26T12:00:00Z,22.4308,22.9525,22.4239,22.654,477887
2023-04-26T16:00:00Z,22.654,22.8365,20.7766,21.0705,560254
2023-04-26T20:00:00Z,21.0705,21.5167,20.32,21.2547,512163
2023-04-27T00:00:00Z,21.2547,22.0683,21.1437,21.6126,325032
2023-04-27T04:00:00Z,21.6126,21.9833,21.4868,21.6563,142583
2023-04-27T08:00:00Z,21.6563,21.7509,21.5181,21.6297,96269
2023-04-27T12:00:00Z,21.6297,22.436,21.3202,22.2323,346327
2023-04-27T16:00:00Z,22.2323,22.5011,22.009,22.2903,209071
2023-04-27T20:00:00Z,22.2903,22.4756,22.1046,22.3094,143150
2023-04-28T00:00:00Z,22.3094,22.6632,22.1829,22.2969,155408
2023-04-28T04:00:00Z,22.2969,22.6323,22.2785,22.6027,137140
2023-04-28T08:00:00Z,22.6027,22.8573,22.3249,22.4825,208183
2023-04-28T12:00:00Z,22.4825,22.72,22.1495,22.361,333378
2023-04-28T16:00:00Z,22.361,23.4475,22.3526,23.2766,579084
2023-04-28T20:00:00Z,23.2766,23.4973,23.0935,23.3182,239397
2023-04-29T00:00:00Z,23.3182,23.45,23.1946,23.2888,212135
2023-04-29T04:00:00Z,23.2888,23.3827,23.1229,23.2444,213703
2023-04-29T08:00:00Z,23.2444,23.3331,23.1604,23.2626,155593
2023-04-29T12:00:00Z,23.2626,23.8718,23.2405,23.3343,562213
2023-04-29T16:00:00Z,23.3343,23.3822,22.8805,23.2712,289619
2023-04-29T20:00:00Z,23.2712,23.2774,22.9091,23.1674,186662
2023-04-30T00:00:00Z,23.1674,23.1892,22.9702,23.132,93519
2023-04-30T04:00:00Z,23.132,23.4693,23.0641,23.4067,219623
2023-04-30T08:00:00Z,23.4067,23.7132,23.4019,23.4787,361665
2023-04-30T12:00:00Z,23.4787,23.9695,23.3043,23.6476,509840
2023-04-30T16:00:00Z,23.6476,23.8572,23.0206,23.1688,373356
2023-04-30T20:00:00Z,23.1688,23.1905,22.6709,22.7132,370207
2023-05-01T00:00:00Z,22.7132,22.8732,21.8989,22.1746,412909
2023-05-01T04:00:00Z,22.1746,22.3559,21.9821,22.305,186203
2023-05-01T08:00:00Z,22.305,22.3445,22.1297,22.1969,181381
2023-05-01T12:00:00Z,22.1969,22.2962,21.7174,21.8631,409282
2023-05-01T16:00:00Z,21.8631,21.9699,21.5352,21.7224,380091
2023-05-01T20:00:00Z,21.7224,22.056,21.5891,21.9411,169478
2023-05-02T00:00:00Z,21.9411,22.0092,21.7144,21.8423,154646
2023-05-02T04:00:00Z,21.8423,21.9882,21.7232,21.8902,130337
2023-05-02T08:00:00Z,21.8902,21.978,21.7672,21.9739,175639
2023-05-02T12:00:00Z,21.9739,22.2848,21.753,22.1726,371237
2023-05-02T16:00:00Z,22.1726,22.3599,22.0881,22.2719,145509
2023-05-02T20:00:00Z,22.2719,22.3247,22.1416,22.2349,101718
2023-05-03T00:00:00Z,22.2349,22.2527,21.741,21.8714,188489
2023-05-03T04:00:00Z,21.8714,21.9988,21.6013,21.7337,272081
2023-05-03T08:00:00Z,21.7337,21.833,21.3283,21.389,276471
2023-05-03T12:00:00Z,21.389,21.4733,21.2252,21.3198,279231
2023-05-03T16:00:00Z,21.3198,21.6894,21.26,21.3977,226190
2023-05-03T20:00:00Z,21.3977,22.2831,21.3852,22.2152,298773
2023-05-04T00:00:00Z,22.2152,22.4541,22.1146,22.2144,172869
2023-05-04T04:00:00Z,22.2144,22.3261,22.0828,22.0905,117003
2023-05-04T08:00:00Z,22.0905,22.4511,22.0737,22.2343,144931
2023-05-04T12:00:00Z,22.2343,22.3089,21.7456,21.8021,292435
2023-05-04T16:00:00Z,21.8021,21.9027,21.6,21.7455,132418
2023-05-04T20:00:00Z,21.7455,21.7889,21.6166,21.7228,83534
2023-05-05T00:00:00Z,21.7228,22.1019,21.6628,21.8873,193560
2023-05-05T04:00:00Z,21.8873,21.9951,21.6401,21.7718,164023
2023-05-05T08:00:00Z,21.7718,22.0248,21.7588,22.0005,188260
2023-05-05T12:00:00Z,22.0005,22.4595,21.552,22.2997,380816
2023-05-05T16:00:00Z,22.2997,22.932,22.2997,22.8522,280112
2023-05-05T20:00:00Z,22.8522,23.0398,22.7494,22.8032,142789
2023-05-06T00:00:00Z,22.8032,23.2171,22.6229,22.705,273436
2023-05-06T04:00:00Z,22.705,22.7804,22.5261,22.6233,156234
2023-05-06T08:00:00Z,22.6233,22.6626,22.4281,22.6435,193939
2023-05-06T12:00:00Z,22.6435,22.6715,21.5411,21.77,437400
2023-05-06T16:00:00Z,21.77,22.138,21.7126,21.9608,128199
2023-05-06T20:00:00Z,21.9608,22.0046,21.8028,21.9021,97966
2023-05-07T00:00:00Z,21.9021,22.0134,21.7,21.856,195403
2023-05-07T04:00:00Z,21.856,22.0563,21.8358,22.0378,104966
2023-05-07T08:00:00Z,22.0378,22.2416,21.915,22.0727,156698
2023-05-07T12:00:00Z,22.0727,22.52,22.0727,22.4326,199702
2023-05-07T16:00:00Z,22.4326,22.748,22.3543,22.4298,293660
2023-05-07T20:00:00Z,22.4298,22.5468,21.65,21.6554,197178
2023-05-08T00:00:00Z,21.6554,21.7986,20.7063,21.2843,385349
2023-05-08T04:00:00Z,21.2843,21.4201,20.9147,21.2088,185768
2023-05-08T08:00:00Z,21.2088,21.31,21.0179,21.246,172462
2023-05-08T12:00:00Z,21.246,21.3717,21.0632,21.1369,149483
2023-05-08T16:00:00Z,21.1369,21.1849,19.9328,20.3686,378385
2023-05-08T20:00:00Z,20.3686,20.7311,20.3043,20.6063,158691
2023-05-09T00:00:00Z,20.6063,20.78,20.4888,20.6138,101095
2023-05-09T04:00:00Z,20.6138,20.6992,20.3862,20.6719,113895
2023-05-09T08:00:00Z,20.6719,20.8045,20.5047,20.7929,102273
2023-05-09T12:00:00Z,20.7929,20.9771,20.4799,20.525,201672
2023-05-09T16:00:00Z,20.525,20.8335,20.3939,20.6,168526
2023-05-09T20:00:00Z,20.6,20.7091,20.4094,20.6454,121519
2023-05-10T00:00:00Z,20.6454,20.8659,20.5894,20.6826,101140
2023-05-10T04:00:00Z,20.6826,20.7998,20.5179,20.5331,81514
2023-05-10T08:00:00Z,20.5331,20.7399,20.4697,20.7234,112721
2023-05-10T12:00:00Z,20.7234,21.2867,20.6344,21.0639,305384
2023-05-10T16:00:00Z,21.0639,21.1733,19.8,20.9415,401275
2023-05-10T20:00:00Z,20.9415,21.2674,20.8361,20.9016,198472
2023-05-11T00:00:00Z,20.9016,20.91,20.5082,20.5375,143405
2023-05-11T04:00:00Z,20.5375,20.67,20.5082,20.5787,122652
2023-05-11T08:00:00Z,20.5787,20.6159,20.2985,20.4809,153320
2023-05-11T12:00:00Z,20.4809,20.7401,19.8873,20.1477,386236
2023-05-11T16:00:00Z,20.1477,20.1754,19.6804,19.9884,303279
2023-05-11T20:00:00Z,19.9884,20.2821,19.9472,20.152,138777
2023-05-12T00:00:00Z,20.152,20.2503,19.8097,19.9711,141194
2023-05-12T04:00:00Z,19.9711,20.1925,19.7847,20.0723,166257
2023-05-12T08:00:00Z,20.0723,20.3353,20.0348,20.2592,110585
2023-05-12T12:00:00Z,20.2592,20.6754,20.252,20.2712,267816
2023-05-12T16:00:00Z,20.2712,20.5191,19.9067,20.4743,229214
2023-05-12T20:00:00Z,20.4743,20.9195,20.3987,20.8889,197192
2023-05-13T00:00:00Z,20.8889,21.1572,20.7895,21.1343,135244
2023-05-13T04:00:00Z,21.1343,21.2182,20.9774,21.2003,163957
2023-05-13T08:00:00Z,21.2003,21.27,21.0273,21.0712,168017
2023-05-13T12:00:00Z,21.0712,21.1203,20.7864,20.8732,188828
2023-05-13T16:00:00Z,20.8732,21.1216,20.7986,20.9427,137071
2023-05-13T20:00:00Z,20.9427,21.0261,20.8414,20.8453,103553
2023-05-14T00:00:00Z,20.8453,20.9893,20.6295,20.9521,153391
2023-05-14T04:00:00Z,20.9521,21.1882,20.9134,21.0925,121832
2023-05-14T08:00:00Z,21.0925,21.1101,20.9461,20.9674,84586
2023-05-14T12:00:00Z,20.9674,21.2686,20.8503,21.1796,158011
2023-05-14T16:00:00Z,21.1796,21.1997,20.8689,20.9298,82838
2023-05-14T20:00:00Z,20.9298,20.9926,20.8395,20.9331,80319
2023-05-15T00:00:00Z,20.9331,21.2936,20.6077,21.2275,168850
2023-05-15T04:00:00Z,21.2275,21.4941,21.105,21.3901,205983
2023-05-15T08:00:00Z,21.3901,21.5099,21.267,21.2825,144039
2023-05-15T12:00:00Z,21.2825,21.45,21.1865,21.3755,213654
2023-05-15T16:00:00Z,21.3755,21.4785,21.1217,21.166,255982
2023-05-16T00:00:00Z,20.99,21.13,20.6768,20.8749,183718
2023-05-16T04:00:00Z,20.8749,21.0674,20.7701,21.0458,194037
2023-05-16T08:00:00Z,21.0458,21.0992,20.8145,20.8865,163000
2023-05-16T12:00:00Z,20.8865,20.9019,20.6572,20.7829,165436
2023-05-16T16:00:00Z,20.7829,20.822,20.4723,20.5085,167490
2023-05-16T20:00:00Z,20.5085,20.7393,20.4473,20.6837,142421
2023-05-17T00:00:00Z,20.6837,21.0747,20.5825,20.961,115755
2023-05-17T04:00:00Z,20.961,21.0052,20.5512,20.5637,140385
2023-05-17T08:00:00Z,20.5637,20.6941,20.4744,20.5204,143949
2023-05-17T12:00:00Z,20.5204,20.7293,20.4315,20.5925,202537
2023-05-17T16:00:00Z,20.5925,21.1465,20.5465,21.0357,198948
2023-05-17T20:00:00Z,21.0357,21.2115,20.9444,21.0612,226697
2023-05-18T00:00:00Z,21.0612,21.0951,20.8887,21.0416,156904
2023-05-18T04:00:00Z,21.0416,21.0562,20.7601,20.9289,110482
2023-05-18T08:00:00Z,20.9289,20.9586,20.76,20.8387,119035
2023-05-18T12:00:00Z,20.8387,20.8388,20.48,20.5237,206819
2023-05-18T16:00:00Z,20.5237,20.6001,20.0812,20.3547,260924
2023-05-18T20:00:00Z,20.3547,20.5091,20.2815,20.3365,136282
2023-05-19T00:00:00Z,20.3365,20.4151,20.2983,20.3418,92920
2023-05-19T04:00:00Z,20.3418,20.475,20.3075,20.4286,54316
2023-05-19T08:00:00Z,20.4286,20.5191,20.3714,20.4484,80343
2023-05-19T12:00:00Z,20.4484,20.5894,20.2243,20.4134,186545
2023-05-19T16:00:00Z,20.4134,20.5112,20.3246,20.3739,68656
2023-05-19T20:00:00Z,20.3739,20.4073,20.3345,20.3569,39653
2023-05-20T00:00:00Z,20.3569,20.3698,20.1645,20.2856,76973
2023-05-20T04:00:00Z,20.2856,20.2916,20.1154,20.1719,128008
2023-05-20T08:00:00Z,20.1719,20.25,20.1687,20.2179,66561
2023-05-20T12:00:00Z,20.2179,20.3174,20.1991,20.279,67577
2023-05-20T16:00:00Z,20.279,20.3548,20.2128,20.2876,97562
2023-05-20T20:00:00Z,20.2876,20.3062,20.2208,20.2764,54687
2023-05-21T00:00:00Z,20.2764,20.39,20.2337,20.2565,94213
2023-05-21T04:00:00Z,20.2565,20.2985,20.2364,20.2921,62823
2023-05-21T08:00:00Z,20.2921,20.3362,20.0968,20.1505,114478
2023-05-21T12:00:00Z,20.1505,20.1985,19.8217,19.9356,227416
2023-05-21T16:00:00Z,19.9356,20.0053,19.8341,19.9858,139502
2023-05-21T20:00:00Z,19.9858,20.0626,19.35,19.6164,237720
2023-05-22T00:00:00Z,19.6164,19.6735,19.2818,19.5415,153577
2023-05-22T04:00:00Z,19.5415,19.7937,19.5334,19.7002,101599
2023-05-22T08:00:00Z,19.7002,19.912,19.7001,19.8724,157026
2023-05-22T12:00:00Z,19.8724,20.0362,19.5883,19.6723,140820
2023-05-22T16:00:00Z,19.6723,19.7727,19.584,19.6871,84335
2023-05-22T20:00:00Z,19.6871,19.7551,19.517,19.5309,103811
2023-05-23T00:00:00Z,19.5309,20.1769,19.4255,20.0486,261051
2023-05-23T04:00:00Z,20.0486,20.1057,19.7531,19.8452,163969
2023-05-23T08:00:00Z,19.8452,19.9365,19.7441,19.9263,111968
2023-05-23T12:00:00Z,19.9263,20.0633,19.8137,20.0061,155708
2023-05-23T16:00:00Z,20.0061,20.1539,19.8802,20.0337,231488
2023-05-23T20:00:00Z,20.0337,20.1269,19.9837,20.0325,93524
2023-05-24T00:00:00Z,20.0325,20.0792,19.4459,19.5552,259102
2023-05-24T04:00:00Z,19.5552,19.5976,19.3823,19.4301,180513
2023-05-24T08:00:00Z,19.4301,19.5636,19.339,19.4242,129569
2023-05-24T12:00:00Z,19.4242,19.4855,18.6947,19.1693,487769
2023-05-24T16:00:00Z,19.1693,19.2958,19.0432,19.1963,106168
2023-05-24T20:00:00Z,19.1963,19.3702,19.1523,19.2201,119359
2023-05-25T00:00:00Z,19.2201,19.3982,18.7768,19.3793,176848
2023-05-25T04:00:00Z,19.3793,19.4722,19.2711,19.276,145727
2023-05-25T08:00:00Z,19.276,19.4199,19.2391,19.391,125342
2023-05-25T12:00:00Z,19.391,19.5861,19.1882,19.2378,138573
2023-05-25T16:00:00Z,19.2378,19.4299,19.1962,19.3189,97292
2023-05-25T20:00:00Z,19.3189,19.3399,19.2161,19.2563,88123
2023-05-26T00:00:00Z,19.2563,19.3665,19.1837,19.2944,92728
2023-05-26T04:00:00Z,19.2944,19.3226,19.0924,19.311,98143
2023-05-26T08:00:00Z,19.311,19.3556,19.2544,19.3002,71374
2023-05-26T12:00:00Z,19.3002,19.5572,19.2148,19.4289,142726
2023-05-26T16:00:00Z,19.4289,19.49,19.3,19.4749,85924
2023-05-26T20:00:00Z,19.4749,19.4939,19.3548,19.3563,65679
2023-05-27T00:00:00Z,19.3563,19.494,19.3383,19.4781,60848
2023-05-27T04:00:00Z,19.4781,19.6533,19.4503,19.5376,110436
2023-05-27T08:00:00Z,19.5376,19.5463,19.4436,19.4877,72908
2023-05-27T12:00:00Z,19.4877,19.6153,19.4283,19.6108,146068
2023-05-27T16:00:00Z,19.6108,19.6783,19.528,19.6743,144200
2023-05-27T20:00:00Z,19.6743,20.538,19.6701,20.4257,529737
2023-05-28T00:00:00Z,20.4257,20.797,20.287,20.4801,300316
2023-05-28T04:00:00Z,20.4801,20.5481,20.419,20.4884,124279
2023-05-28T08:00:00Z,20.4884,20.6647,20.4028,20.5212,243207
2023-05-28T12:00:00Z,20.5212,20.67,20.4248,20.5132,137545
2023-05-28T16:00:00Z,20.5132,20.98,20.4752,20.7692,242786
2023-05-28T20:00:00Z,20.7692,21.187,20.7335,20.8044,259559
2023-05-29T00:00:00Z,20.8044,20.9813,20.656,20.7095,182054
2023-05-29T04:00:00Z,20.7095,20.7784,20.5536,20.7468,126600
2023-05-29T08:00:00Z,20.7468,20.7874,20.6204,20.7525,95134
2023-05-29T12:00:00Z,20.7525,20.7958,20.4458,20.4952,185000
2023-05-29T16:00:00Z,20.4952,20.592,20.2797,20.5137,221579
2023-05-29T20:00:00Z,20.5137,20.67,20.4388,20.5891,104834
2023-05-30T00:00:00Z,20.5891,21.1644,20.4773,20.8733,262844
2023-05-30T04:00:00Z,20.8733,20.9261,20.6681,20.7502,123106
2023-05-30T08:00:00Z,20.7502,21.3635,20.7502,21.2885,204185
2023-05-30T12:00:00Z,21.2885,21.3919,20.8882,20.9636,388181
2023-05-30T16:00:00Z,20.9636,21.4019,20.8162,21.3599,302913
2023-05-30T20:00:00Z,21.3599,21.39,21.1394,21.2516,162533
2023-05-31T00:00:00Z,21.2516,21.3369,20.9553,21.1009,124233
2023-05-31T04:00:00Z,21.1009,21.1398,20.5165,20.7201,278914
2023-05-31T08:00:00Z,20.7201,20.8116,20.5391,20.6229,154675
2023-05-31T12:00:00Z,20.6229,20.7087,20.3683,20.487,237456
2023-05-31T16:00:00Z,20.487,20.7226,20.4644,20.6501,104447
2023-05-31T20:00:00Z,20.6501,20.8372,20.6355,20.8224,89918
2023-06-01T00:00:00Z,20.8224,20.98,20.4251,20.7092,164129
2023-06-01T04:00:00Z,20.7092,20.7475,20.5672,20.6216,86081
2023-06-01T08:00:00Z,20.6216,20.7391,20.5982,20.7221,76471
2023-06-01T12:00:00Z,20.7221,20.8998,20.6434,20.7013,162767
2023-06-01T16:00:00Z,20.7013,20.8688,20.5272,20.6846,166620
2023-06-01T20:00:00Z,20.6846,20.7274,20.4101,20.4991,86693
2023-06-02T00:00:00Z,20.4991,20.78,20.3107,20.7626,124217
2023-06-02T04:00:00Z,20.7626,21.1463,20.7191,20.99,151138
2023-06-02T08:00:00Z,20.99,21.2974,20.9897,21.2533,182303
2023-06-02T12:00:00Z,21.2533,21.2947,20.9605,21.1957,220379
2023-06-02T16:00:00Z,21.1957,21.3822,21.0773,21.3025,131132
2023-06-02T20:00:00Z,21.3025,21.3721,21.1945,21.2577,113171
2023-06-03T00:00:00Z,21.2577,21.3127,21.0869,21.1297,119933
2023-06-03T04:00:00Z,21.1297,21.1867,21.042,21.1785,102688
2023-06-03T08:00:00Z,21.1785,21.2416,21.0946,21.1803,92858
2023-06-03T12:00:00Z,21.1803,21.2557,21.0965,21.2471,124477
2023-06-03T16:00:00Z,21.2471,21.3423,21.0514,21.0645,137022
2023-06-03T20:00:00Z,21.0645,21.1887,20.9615,21.1887,135799
2023-06-04T00:00:00Z,21.1887,21.3178,21.0418,21.264,138563
2023-06-04T04:00:00Z,21.264,21.8062,21.228,21.6184,300301
2023-06-04T08:00:00Z,21.6184,21.7256,21.49,21.7068,212715
2023-06-04T12:00:00Z,21.7068,22.1519,21.6839,22.0479,486830
2023-06-04T16:00:00Z,22.0479,22.3014,21.9137,22.1977,265155
2023-06-04T20:00:00Z,22.1977,22.2944,21.7826,21.8274,300747
2023-06-05T00:00:00Z,21.8274,22.0551,21.5215,21.5471,259350
2023-06-05T04:00:00Z,21.5471,21.6934,21.4228,21.6652,179841
2023-06-05T08:00:00Z,21.6652,21.6931,21.5132,21.6096,126153
2023-06-05T12:00:00Z,21.6096,21.6097,19.95,19.95,584724
2023-06-05T16:00:00Z,19.95,20.5134,19.1985,20.0292,754400
2023-06-05T20:00:00Z,20.0292,20.1343,19.6707,20.0106,176396
2023-06-06T00:00:00Z,20.0106,20.0289,19.7133,19.9979,124295
2023-06-06T04:00:00Z,19.9979,20.1132,19.9183,20.1,222784
2023-06-06T08:00:00Z,20.1,20.1223,19.8367,19.8809,116911
2023-06-06T12:00:00Z,19.8809,20.1002,19.2375,19.948,695184
2023-06-06T16:00:00Z,19.948,20.6596,19.9178,20.5881,332098
2023-06-06T20:00:00Z,20.5881,20.7069,20.2351,20.3902,186589
2023-06-07T00:00:00Z,20.3902,20.5268,20.03,20.1577,188984
2023-06-07T04:00:00Z,20.1577,20.2455,19.9695,20.0108,114084
2023-06-07T08:00:00Z,20.0108,20.1074,19.5675,19.9488,235284
2023-06-07T12:00:00Z,19.9488,19.9674,19.2392,19.3199,277376
2023-06-07T16:00:00Z,19.3199,19.3199,18.6068,18.9795,570967
2023-06-07T20:00:00Z,18.9795,18.9937,18.5201,18.6353,309638
2023-06-08T00:00:00Z,18.6353,18.8828,18.2407,18.47,323030
2023-06-08T04:00:00Z,18.47,18.7688,18.3926,18.6505,294257
2023-06-08T08:00:00Z,18.6505,18.8198,18.5529,18.7786,286159
2023-06-08T12:00:00Z,18.7786,18.9918,18.708,18.909,316755
2023-06-08T16:00:00Z,18.909,18.9217,18.5682,18.8587,223604
2023-06-08T20:00:00Z,18.8587,19.113,18.8249,18.8767,181928
2023-06-09T00:00:00Z,18.8767,18.9206,18.5872,18.7623,193825
2023-06-09T04:00:00Z,18.7623,18.8095,18.4582,18.5938,184081
2023-06-09T08:00:00Z,18.5938,19.36,18.5525,19.2707,374889
2023-06-09T12:00:00Z,19.2707,19.3304,18.5092,18.6854,466725
2023-06-09T16:00:00Z,18.6854,18.6854,17.2315,17.3977,907766
2023-06-09T20:00:00Z,17.3977,17.7479,17.1177,17.3984,752307
2023-06-10T00:00:00Z,17.3984,17.43,16.01,16.2964,1478183
2023-06-10T04:00:00Z,16.2964,16.4707,12.672,14.4014,3759257
2023-06-10T08:00:00Z,14.4014,15.034,14.2497,14.8986,1086217
2023-06-10T12:00:00Z,14.8986,14.9091,14.4035,14.7699,774310
2023-06-10T16:00:00Z,14.7699,15.8598,14.5219,15.3206,1517673
2023-06-10T20:00:00Z,15.3206,15.8851,15.1857,15.6129,549922
2023-06-11T00:00:00Z,15.6129,15.7775,15.3889,15.5587,466723
2023-06-11T04:00:00Z,15.5587,15.7222,15.2826,15.3903,555151
2023-06-11T08:00:00Z,15.3903,15.7071,15.2894,15.5254,578105
2023-06-11T12:00:00Z,15.5254,15.6758,15.1201,15.2189,691860
2023-06-11T16:00:00Z,15.2189,16.1667,15.1406,15.9759,763728
2023-06-11T20:00:00Z,15.9759,16.1409,15.3818,15.5425,530631
2023-06-12T00:00:00Z,15.5425,15.596,14.9141,15.0923,797316
2023-06-12T04:00:00Z,15.0923,15.3069,14.9933,15.0745,427584
2023-06-12T08:00:00Z,15.0745,15.6849,15.016,15.4059,706163
2023-06-12T12:00:00Z,15.4059,15.4651,15.141,15.2054,434204
2023-06-12T16:00:00Z,15.2054,15.3262,14.74,14.9555,739283
2023-06-12T20:00:00Z,14.9555,15.3809,14.9039,15.1776,576886
2023-06-13T00:00:00Z,15.1776,15.5135,15.003,15.3235,628597
2023-06-13T04:00:00Z,15.3235,15.4978,15.1111,15.4028,339341
2023-06-13T08:00:00Z,15.4028,15.6758,15.3455,15.6267,451329
2023-06-13T12:00:00Z,15.6267,15.99,14.7523,14.7934,984122
2023-06-13T16:00:00Z,14.7934,15.1457,14.7627,14.9503,338429
2023-06-13T20:00:00Z,14.9503,15.0672,14.8513,15.0284,247408
2023-06-14T00:00:00Z,15.0284,15.28,14.9049,15.2243,368808
2023-06-14T04:00:00Z,15.2243,15.2496,14.9922,15.036,248762
2023-06-14T08:00:00Z,15.036,15.23,15.0222,15.1892,162224
2023-06-14T12:00:00Z,15.1892,15.273,15.0042,15.0852,291577
2023-06-14T16:00:00Z,15.0852,15.3555,14.899,15.0727,597418
2023-06-14T20:00:00Z,15.0727,15.1146,14.0396,14.4702,831098
2023-06-15T00:00:00Z,14.4702,15.0343,14.4015,14.9072,478169
2023-06-15T04:00:00Z,14.9072,14.9109,14.6265,14.8034,443148
2023-06-15T08:00:00Z,14.8034,14.9042,14.4325,14.6501,473466
2023-06-15T12:00:00Z,14.6501,14.7768,14.3605,14.4681,585429
2023-06-15T16:00:00Z,14.4681,14.7986,14.1589,14.7534,502227
2023-06-15T20:00:00Z,14.7534,15.0431,14.582,14.7573,368101
2023-06-16T00:00:00Z,14.7573,14.8599,14.6182,14.781,142974
2023-06-16T04:00:00Z,14.781,14.9639,14.7623,14.8403,184341
2023-06-16T08:00:00Z,14.8403,14.9328,14.5151,14.5539,304427
2023-06-16T12:00:00Z,14.5539,15.0774,14.3671,14.9921,488474
2023-06-16T16:00:00Z,14.9921,15.4538,14.8824,15.2616,477719
2023-06-16T20:00:00Z,15.2616,15.4173,15.21,15.2999,170711
2023-06-17T00:00:00Z,15.2999,15.4144,15.1521,15.4124,184448
2023-06-17T04:00:00Z,15.4124,16.1194,15.3527,15.8479,590111
2023-06-17T08:00:00Z,15.8479,15.93,15.7095,15.7559,197949
2023-06-17T12:00:00Z,15.7559,15.9,15.5595,15.6406,241806
2023-06-17T16:00:00Z,15.6406,15.7789,15.6044,15.6472,136561
2023-06-17T20:00:00Z,15.6472,15.75,15.5753,15.6276,83238
2023-06-18T00:00:00Z,15.6276,15.6488,15.4035,15.5744,165558
2023-06-18T08:00:00Z,15.5685,15.7243,15.4883,15.7066,155503
2023-06-18T12:00:00Z,15.7066,15.7787,15.6,15.697,120897
2023-06-18T16:00:00Z,15.697,15.8187,15.6631,15.7978,103687
2023-06-18T20:00:00Z,15.7978,15.8179,15.2717,15.432,291613
2023-06-19T00:00:00Z,15.432,15.5658,15.33,15.4728,129118
2023-06-19T04:00:00Z,15.4728,15.5288,15.4031,15.4595,124688
2023-06-19T08:00:00Z,15.4595,15.5499,15.3959,15.5473,151962
2023-06-19T12:00:00Z,15.5473,15.6884,15.441,15.5452,221729
2023-06-19T16:00:00Z,15.5452,15.9711,15.4221,15.8425,525757
2023-06-19T20:00:00Z,15.8425,16.136,15.781,16.091,253410
2023-06-20T00:00:00Z,16.091,16.29,15.9947,16.0107,275776
2023-06-20T04:00:00Z,16.0107,16.1098,15.9018,15.963,149652
2023-06-20T08:00:00Z,15.963,15.9692,15.7868,15.916,176158
2023-06-20T12:00:00Z,15.916,16.0775,15.7149,15.9335,330227
2023-06-20T16:00:00Z,15.9335,16.4876,15.8399,16.334,447175
2023-06-20T20:00:00Z,16.334,16.6631,16.2672,16.6271,246291
2023-06-21T00:00:00Z,16.6271,17.1994,16.5439,16.7478,347117
2023-06-21T04:00:00Z,16.7478,16.9445,16.7011,16.8134,181647
2023-06-21T08:00:00Z,16.8134,16.8741,16.6322,16.7749,244197
2023-06-21T12:00:00Z,16.7749,17.08,16.538,16.88,335580
2023-06-21T16:00:00Z,16.88,17.2772,16.8071,17.1118,286311
2023-06-21T20:00:00Z,17.1118,17.3876,16.9471,17.2157,170168
2023-06-22T00:00:00Z,17.2157,17.7294,17.1581,17.5095,239275
2023-06-22T04:00:00Z,17.5095,17.5396,17.1229,17.3578,150233
2023-06-22T08:00:00Z,17.3578,17.3853,16.5962,16.837,335154
2023-06-22T12:00:00Z,16.837,17.1529,16.6501,16.8784,213125
2023-06-22T16:00:00Z,16.8784,17.085,16.7833,16.9245,127405
2023-06-22T20:00:00Z,16.9245,16.942,16.5586,16.6165,135975
2023-06-23T00:00:00Z,16.6165,16.7847,16.5083,16.7712,190807
2023-06-23T04:00:00Z,16.7712,16.8437,16.6703,16.7582,124132
2023-06-23T08:00:00Z,16.7582,16.822,16.5289,16.5827,182167
2023-06-23T12:00:00Z,16.5827,17.0299,16.1518,16.9555,517046
2023-06-23T16:00:00Z,16.9555,17.2552,16.8404,17.1066,342548
2023-06-23T20:00:00Z,17.1066,17.515,16.9066,17.1249,262171
2023-06-24T00:00:00Z,17.1249,17.5232,17.0336,17.3541,249319
2023-06-24T04:00:00Z,17.3541,17.41,17.0091,17.0505,161183
2023-06-24T08:00:00Z,17.0505,17.3083,17.0505,17.1957,136462
2023-06-24T12:00:00Z,17.1957,17.3741,16.4787,16.6125,313887
2023-06-24T16:00:00Z,16.6125,16.7757,16.4053,16.675,182404
2023-06-24T20:00:00Z,16.675,16.6813,16.3647,16.6238,172400
2023-06-25T00:00:00Z,16.6238,16.9714,16.551,16.9634,241400
2023-06-25T04:00:00Z,16.9634,17.3443,16.9139,17.2553,198857
2023-06-25T08:00:00Z,17.2553,17.3669,17.0171,17.2325,219736
2023-06-25T12:00:00Z,17.2325,17.2794,16.7445,17.0946,265954
2023-06-25T16:00:00Z,17.0946,17.2564,16.8731,16.9747,157285
2023-06-25T20:00:00Z,16.9747,17.0925,16.7835,16.9395,130233
2023-06-26T00:00:00Z,16.9395,16.9446,16.5166,16.7375,187511
2023-06-26T04:00:00Z,16.7375,17.0451,16.5927,16.9157,190967
2023-06-26T08:00:00Z,16.9157,16.9637,16.71,16.9169,244107
2023-06-26T12:00:00Z,16.9169,17.1085,16.725,16.8091,271590
2023-06-26T16:00:00Z,16.8091,16.8091,16.1109,16.2967,435144
2023-06-26T20:00:00Z,16.2967,16.3169,15.894,16.2612,292548
2023-06-27T00:00:00Z,16.2612,16.4812,16.1232,16.4757,159445
2023-06-27T04:00:00Z,16.4757,16.7227,16.336,16.7226,198163
2023-06-27T08:00:00Z,16.7226,16.7666,16.4941,16.6765,207494
2023-06-27T12:00:00Z,16.6765,16.8249,16.3218,16.3868,313972
2023-06-27T16:00:00Z,16.3868,16.7976,16.34,16.705,192802
2023-06-27T20:00:00Z,16.705,16.9265,16.493,16.6179,261129
2023-06-28T00:00:00Z,16.6179,16.6467,16.1068,16.3921,368577
2023-06-28T04:00:00Z,16.3921,16.3921,15.7976,15.9539,454245
2023-06-28T08:00:00Z,15.9539,16.2141,15.9017,16.195,121527
2023-06-28T12:00:00Z,16.195,16.4999,16.0648,16.316,249410
2023-06-28T16:00:00Z,16.316,16.392,15.5456,15.89,337961
2023-06-28T20:00:00Z,15.89,16.0832,15.7658,15.9616,147551
2023-06-29T00:00:00Z,15.9616,16.1731,15.8548,16.0241,105224
2023-06-29T04:00:00Z,16.0241,16.341,15.9898,16.2434,140400
2023-06-29T08:00:00Z,16.2434,18.2668,16.2297,18.041,1551776
2023-06-29T12:00:00Z,18.041,18.218,17.2647,17.6485,1170527
2023-06-29T16:00:00Z,17.6485,17.7921,17.5042,17.7154,406048
2023-06-29T20:00:00Z,17.7154,18.0489,17.4206,17.9761,579167
2023-06-30T00:00:00Z,17.9761,19.0637,17.8558,18.9354,1274165
2023-06-30T04:00:00Z,18.9354,19.0537,18.384,18.7735,774040
2023-06-30T08:00:00Z,18.7735,19,18.5756,18.8555,420175
2023-06-30T12:00:00Z,18.8555,19.5409,16.9916,18.2698,1548324
2023-06-30T16:00:00Z,18.2698,19.998,18.1541,19.0859,853924
2023-06-30T20:00:00Z,19.0859,19.3416,18.8277,18.8498,232978
2023-07-01T00:00:00Z,18.8498,19.0063,18.1667,18.2972,375901
2023-07-01T04:00:00Z,18.2972,18.4605,17.9048,18.4245,445587
2023-07-01T08:00:00Z,18.4245,18.4935,18.19,18.3213,236215
2023-07-01T12:00:00Z,18.3213,18.5554,18.2394,18.4202,164654
2023-07-01T16:00:00Z,18.4202,18.4699,18.248,18.3153,129782
2023-07-01T20:00:00Z,18.3153,18.717,18.3153,18.6769,122067
2023-07-02T00:00:00Z,18.6769,18.9,18.5114,18.7541,314557
2023-07-02T04:00:00Z,18.7541,19.4846,18.5552,19.2024,742938
2023-07-02T08:00:00Z,19.2024,19.3866,19.0001,19.0295,418493
2023-07-02T12:00:00Z,19.0295,19.3866,18.8444,19.2755,522328
2023-07-02T16:00:00Z,19.2755,19.4676,19.0673,19.3531,375759
2023-07-02T20:00:00Z,19.3531,19.7318,19.2741,19.4465,328883
2023-07-03T00:00:00Z,19.4465,19.6486,19.1591,19.5608,170304
2023-07-03T04:00:00Z,19.5608,19.5666,19.2141,19.4192,213994
2023-07-03T08:00:00Z,19.4192,19.4907,19.294,19.4597,175849
2023-07-03T12:00:00Z,19.4597,19.4876,18.9212,19.2712,518910
2023-07-03T16:00:00Z,19.2712,19.3362,19.0131,19.2687,223501
2023-07-03T20:00:00Z,19.2687,19.3044,18.8515,19.2461,186469
2023-07-04T00:00:00Z,19.2461,19.4876,19.1995,19.2794,201563
2023-07-04T04:00:00Z,19.2794,19.3017,19.0524,19.0874,181822
2023-07-04T08:00:00Z,19.0874,19.2363,19.0565,19.2319,113614
2023-07-04T12:00:00Z,19.2319,19.9305,19.1993,19.834,461513
2023-07-04T16:00:00Z,19.834,19.8509,19.2764,19.4875,353118
2023-07-04T20:00:00Z,19.4875,19.5633,19.0793,19.1271,283859
2023-07-05T00:00:00Z,19.1271,19.2854,19.1,19.2765,198122
2023-07-05T04:00:00Z,19.2765,19.3624,19.1816,19.3133,201201
2023-07-05T08:00:00Z,19.3133,19.3152,18.2737,18.6897,531850
2023-07-05T12:00:00Z,18.6897,18.8772,18.4314,18.5698,286503
2023-07-05T16:00:00Z,18.5698,18.86,18.501,18.5822,208251
2023-07-05T20:00:00Z,18.5822,19.0099,18.5232,18.971,135120
2023-07-06T00:00:00Z,18.971,19.7352,18.9329,19.4421,607820
2023-07-06T04:00:00Z,19.4421,19.7277,19.3182,19.5765,289469
2023-07-06T08:00:00Z,19.5765,20.3379,19.5286,19.8809,774526
2023-07-06T12:00:00Z,19.8809,19.8983,18.8027,19.6811,1028361
2023-07-06T16:00:00Z,19.6811,20.9391,19.4848,20.8717,1088558
2023-07-06T20:00:00Z,20.8717,20.9656,19.6,19.6,857702
2023-07-07T00:00:00Z,19.6,20.4983,19.4391,20.1921,815848
2023-07-07T04:00:00Z,20.1921,20.2819,19.3079,19.4477,776313
2023-07-07T08:00:00Z,19.4477,20.3101,19.2605,20.1464,690213
2023-07-07T12:00:00Z,20.1464,21.6518,20.1464,21.2119,2379289
2023-07-07T16:00:00Z,21.2119,21.525,21.0319,21.42,1113746
2023-07-07T20:00:00Z,21.42,21.85,21.154,21.487,721752
2023-07-08T00:00:00Z,21.487,21.9977,21.414,21.6907,894919
2023-07-08T04:00:00Z,21.6907,22.108,21.3261,21.9903,810217
2023-07-08T08:00:00Z,21.9903,22.473,21.8102,21.9314,1355235
2023-07-08T12:00:00Z,21.9314,22.0041,21.4,21.5281,813459
2023-07-08T16:00:00Z,21.5281,21.988,21.4317,21.627,800432
2023-07-08T20:00:00Z,21.627,21.9677,21.42,21.8176,361187
2023-07-09T00:00:00Z,21.8176,22.36,21.55,21.6767,767945
2023-07-09T04:00:00Z,21.6767,21.8774,21.4082,21.5557,432871
2023-07-09T08:00:00Z,21.5557,21.88,21.5146,21.6084,431127
2023-07-09T12:00:00Z,21.6084,21.8453,21.1429,21.2624,629972
2023-07-09T16:00:00Z,21.2624,21.4002,21.1761,21.2957,240093
2023-07-09T20:00:00Z,21.2957,21.4822,21.009,21.3275,374764
2023-07-10T00:00:00Z,21.3275,21.37,20.7903,21.2466,787127
2023-07-10T04:00:00Z,21.2466,21.2709,20.592,20.7297,431379
2023-07-10T08:00:00Z,20.7297,20.8836,20.482,20.7956,482713
2023-07-10T12:00:00Z,20.7956,21.2944,20.6661,21.1466,545153
2023-07-10T16:00:00Z,21.1466,21.6161,20.9211,21.5732,464428
2023-07-10T20:00:00Z,21.5732,21.79,21.0852,21.2967,660194
2023-07-11T00:00:00Z,21.2967,21.8081,21.2046,21.7371,446715
2023-07-11T04:00:00Z,21.7371,22.245,21.6978,22.1083,643467
2023-07-11T08:00:00Z,22.1083,22.1519,21.8345,22.0426,369626
2023-07-11T12:00:00Z,22.0426,22.3735,21.8917,22.1443,909151
2023-07-11T16:00:00Z,22.1443,22.1887,21.9062,21.9787,381132
2023-07-11T20:00:00Z,21.9787,22.1102,21.7444,22.0614,440514
2023-07-12T00:00:00Z,22.0614,22.2807,21.9053,21.9144,337037
2023-07-12T04:00:00Z,21.9144,22.1587,21.8633,22.0256,289973
2023-07-12T08:00:00Z,22.0256,22.1735,21.9414,22.1285,264864
2023-07-12T12:00:00Z,22.1285,22.9,21.9854,22.4147,1123084
2023-07-12T16:00:00Z,22.4147,22.4671,21.7616,21.8523,488914
2023-07-12T20:00:00Z,21.8523,22.128,21.7733,21.9479,221357
2023-07-13T00:00:00Z,21.9479,22.0224,21.5586,21.6574,476362
2023-07-13T04:00:00Z,21.6574,21.9448,21.4332,21.759,414229
2023-07-13T08:00:00Z,21.759,22.4799,21.7218,22.4109,492394
2023-07-13T12:00:00Z,22.4109,25.6681,22.1149,24.0371,1748177
2023-07-13T16:00:00Z,24.0371,26.84,24.0371,26.2213,1835345
2023-07-13T20:00:00Z,26.2213,26.2213,25.387,26.0172,379709
2023-07-14T00:00:00Z,26.0172,32.8367,25.6123,28.5673,1638436
2023-07-14T04:00:00Z,28.5673,28.8956,28.2426,28.7307,567373
2023-07-14T08:00:00Z,28.7307,29.7061,27.6353,28.0684,963499
2023-07-14T12:00:00Z,28.0684,28.3426,27.4,28.1745,567960
2023-07-14T16:00:00Z,28.1745,28.2391,25.5603,26.0653,1154335
2023-07-14T20:00:00Z,26.0653,26.8945,25.2201,26.6524,607378
2023-07-15T00:00:00Z,26.6524,27.9643,26.4524,27.1453,659107
2023-07-15T04:00:00Z,27.1453,28.9271,27.1087,28.7141,595290
2023-07-15T08:00:00Z,28.7141,29.0902,28.4423,28.9184,562858
2023-07-15T12:00:00Z,28.9184,29.0262,27.3582,27.5482,753137
2023-07-15T16:00:00Z,27.5482,28.1797,27.0457,27.882,653257
2023-07-15T20:00:00Z,27.882,27.882,27.1864,27.4499,383157
2023-07-16T00:00:00Z,27.4499,27.9238,26.45,27.01,863416
2023-07-16T04:00:00Z,27.01,27.9267,27.01,27.6815,372800
2023-07-16T08:00:00Z,27.6815,28.3058,27.6274,28.0562,469423
2023-07-16T12:00:00Z,28.0562,28.6567,27.9001,28.0917,584362
2023-07-16T16:00:00Z,28.0917,28.1128,27.2985,27.3553,371315
2023-07-16T20:00:00Z,27.3553,27.7499,27.0557,27.405,294032
2023-07-17T00:00:00Z,27.405,28.4261,27.2192,28.0021,470263
2023-07-17T04:00:00Z,28.0021,28.4743,27.4237,27.6274,546045
2023-07-17T08:00:00Z,27.6274,27.6305,26.5285,27.1204,682815
2023-07-17T12:00:00Z,27.1204,27.3725,26.428,27,546235
2023-07-17T16:00:00Z,27,27.2446,25.5926,26.1633,774473
2023-07-17T20:00:00Z,26.1633,26.9794,26.1384,26.7829,409411
2023-07-18T00:00:00Z,26.7829,27.0845,26.41,26.5526,241322
2023-07-18T04:00:00Z,26.5526,26.6024,25.664,25.71,420564
2023-07-18T08:00:00Z,25.71,26.0989,24.87,25.0057,860547
2023-07-18T12:00:00Z,25.0057,25.6865,24.7511,25.5155,699303
2023-07-18T16:00:00Z,25.5155,25.7725,24.8551,25.2811,420789
2023-07-18T20:00:00Z,25.2811,25.5725,25.0324,25.5426,277235
2023-07-19T00:00:00Z,25.5426,26.5732,25.34,26.3882,554715
2023-07-19T04:00:00Z,26.3882,26.5,26.0595,26.191,343517
2023-07-19T08:00:00Z,26.191,26.4923,25.6907,26.465,409958
2023-07-19T12:00:00Z,26.465,26.7211,25.8337,26.3459,555190
2023-07-19T16:00:00Z,26.3459,26.89,26.1664,26.7472,479988
2023-07-19T20:00:00Z,26.7472,26.96,26.2474,26.2906,460066
2023-07-20T00:00:00Z,26.2906,26.79,26.125,26.4826,269296
2023-07-20T04:00:00Z,26.4826,26.9332,26.3028,26.8446,294064
2023-07-20T08:00:00Z,26.8446,27.3564,26.7851,27.1358,438512
2023-07-20T12:00:00Z,27.1358,27.219,25.5549,25.6783,606258
2023-07-20T16:00:00Z,25.6783,25.748,25.1938,25.3791,332285
2023-07-20T20:00:00Z,25.3791,25.6554,25.0117,25.3591,241222
2023-07-21T00:00:00Z,25.3591,25.6039,25.0587,25.4631,240497
2023-07-21T04:00:00Z,25.4631,25.482,25.1181,25.1578,199363
2023-07-21T08:00:00Z,25.1578,25.4622,25.0467,25.2583,224392
2023-07-21T16:00:00Z,25.2862,25.9853,25.155,25.7776,410253
2023-07-21T20:00:00Z,25.7776,25.8823,25.4345,25.4818,159164
2023-07-22T00:00:00Z,25.4818,25.9492,25.4324,25.8204,209906
2023-07-22T04:00:00Z,25.8204,25.8448,25.59,25.7551,137514
2023-07-22T08:00:00Z,25.7551,25.8715,25.3859,25.588,217044
2023-07-22T12:00:00Z,25.588,25.74,25.4993,25.6729,168875
2023-07-22T16:00:00Z,25.6729,25.726,25.2,25.2761,292296
2023-07-22T20:00:00Z,25.2761,25.3542,23.9813,24.5029,480504
2023-07-23T00:00:00Z,24.5029,24.7793,24.1351,24.6921,243521
2023-07-23T04:00:00Z,24.6921,24.8813,24.599,24.6662,221014
2023-07-23T08:00:00Z,24.6662,24.8348,24.619,24.6478,161291
2023-07-23T12:00:00Z,24.6478,24.6933,24.5029,24.6665,138174
2023-07-23T16:00:00Z,24.6665,25.229,24.6663,24.8741,362305
2023-07-23T20:00:00Z,24.8741,24.9721,24.5044,24.7429,139188
2023-07-24T00:00:00Z,24.7429,24.8196,24.2227,24.3262,193250
2023-07-24T04:00:00Z,24.3262,24.6724,24.0393,24.5654,204330
2023-07-24T08:00:00Z,24.5654,24.6122,22.86,23.6033,508861
2023-07-24T12:00:00Z,23.6033,23.6545,22.88,23.1937,365547
2023-07-24T16:00:00Z,23.1937,23.4726,23.0477,23.2772,176210
2023-07-24T20:00:00Z,23.2772,23.5875,23.2172,23.3466,148648
2023-07-25T00:00:00Z,23.3466,23.5075,23.1311,23.3557,142615
2023-07-25T04:00:00Z,23.3557,23.3683,22.96,23.0695,156706
2023-07-25T08:00:00Z,23.0695,23.3774,23.0052,23.1558,151694
2023-07-25T12:00:00Z,23.1558,23.5705,22.72,23.1845,505614
2023-07-25T16:00:00Z,23.1845,23.4343,23.0532,23.1496,130055
2023-07-25T20:00:00Z,23.1496,23.3456,23.1039,23.2503,113970
2023-07-26T00:00:00Z,23.2503,23.6731,23.1554,23.4951,349499
2023-07-26T04:00:00Z,23.4951,23.5981,23.3502,23.4507,173340
2023-07-26T08:00:00Z,23.4507,23.959,23.4231,23.8021,475425
2023-07-26T12:00:00Z,23.8021,24.9695,23.7924,24.8765,1150509
2023-07-26T16:00:00Z,24.8765,25.6661,24.5041,25.3467,1186757
2023-07-26T20:00:00Z,25.3467,25.5584,25.0476,25.1638,476395
2023-07-27T00:00:00Z,25.1638,25.4958,24.6672,24.9154,692402
2023-07-27T04:00:00Z,24.9154,25.3376,24.9136,25.0126,434203
2023-07-27T08:00:00Z,25.0126,25.4665,24.9232,25.3746,396411
2023-07-27T12:00:00Z,25.3746,25.6478,25.0414,25.1436,599162
2023-07-27T16:00:00Z,25.1436,25.3183,24.701,24.9312,411379
2023-07-27T20:00:00Z,24.9312,25.2204,24.75,25.0809,246536
2023-07-28T00:00:00Z,25.0809,25.3774,24.8058,24.9108,302519
2023-07-28T04:00:00Z,24.9108,24.9947,24.55,24.606,298067
2023-07-28T08:00:00Z,24.606,24.8138,24.52,24.6218,247312
2023-07-28T12:00:00Z,24.6218,25.5199,24.6191,25.2016,505202
2023-07-28T16:00:00Z,25.2016,25.3879,24.8179,25.0261,336039
2023-07-28T20:00:00Z,25.0261,25.1066,24.7951,24.7951,155883
2023-07-29T00:00:00Z,24.7951,25.1821,24.7346,25.1168,195589
2023-07-29T04:00:00Z,25.1168,25.2355,25.0226,25.0499,204863
2023-07-29T08:00:00Z,25.0499,25.1575,24.9305,24.9535,189027
2023-07-29T12:00:00Z,24.9535,25.1804,24.9125,25.0661,206358
2023-07-29T16:00:00Z,25.0661,25.3295,25.0116,25.1996,255987
2023-07-29T20:00:00Z,25.1996,25.3673,25.1225,25.1492,161712
2023-07-30T00:00:00Z,25.1492,25.1871,25.0102,25.0183,126091
2023-07-30T04:00:00Z,25.0183,25.1051,24.8355,24.9122,169056
2023-07-30T08:00:00Z,24.9122,25.0382,24.8132,24.9573,163981
2023-07-30T12:00:00Z,24.9573,25.0745,24.6969,24.872,267889
2023-07-30T16:00:00Z,24.872,24.9857,23.7783,24.2253,430158
2023-07-30T20:00:00Z,24.2253,24.3165,23.53,24.2314,346718
2023-07-31T00:00:00Z,24.2314,24.7571,24.1023,24.6099,198793
2023-07-31T04:00:00Z,24.6099,24.6636,24.3493,24.4762,150728
2023-07-31T08:00:00Z,24.4762,24.5722,24.3257,24.4444,153312
2023-07-31T12:00:00Z,24.4444,24.6535,23.8892,23.9095,377077
2023-07-31T16:00:00Z,23.9095,24.1354,23.5,23.6509,312772
2023-07-31T20:00:00Z,23.6509,23.9126,23.5418,23.7078,247671
2023-08-01T00:00:00Z,23.7078,23.9695,22.7803,23.3876,525781
2023-08-01T04:00:00Z,23.3876,23.6316,23.2528,23.4659,204835
2023-08-01T08:00:00Z,23.4659,23.6124,23.288,23.3257,174581
2023-08-01T12:00:00Z,23.3257,23.4637,22.7871,23.2516,362725
2023-08-01T16:00:00Z,23.2516,23.772,23.1848,23.5976,294283
2023-08-01T20:00:00Z,23.5976,24.0575,23.4522,24.0442,221350
2023-08-02T00:00:00Z,24.0442,24.2647,23.6308,23.65,336462
2023-08-02T04:00:00Z,23.65,23.7965,23.5668,23.6135,225017
2023-08-02T08:00:00Z,23.6135,23.6941,23.4079,23.6636,230013
2023-08-02T12:00:00Z,23.6636,23.6995,23.095,23.2451,333831
2023-08-02T16:00:00Z,23.2451,23.316,22.8169,23.1636,289451
2023-08-02T20:00:00Z,23.1636,23.3137,22.9881,23.1296,170326
2023-08-03T00:00:00Z,23.1296,23.3691,23.05,23.2304,171648
2023-08-03T04:00:00Z,23.2304,23.2665,22.47,22.6903,447270
2023-08-03T08:00:00Z,22.6903,22.8348,22.4685,22.7287,270402
2023-08-03T12:00:00Z,22.7287,23.083,22.6,22.7818,341894
2023-08-03T16:00:00Z,22.7818,23.0577,22.6815,22.8837,238047
2023-08-03T20:00:00Z,22.8837,23.0946,22.4556,22.6213,267823
2023-08-04T00:00:00Z,22.6213,22.7645,22.4754,22.7217,242742
2023-08-04T04:00:00Z,22.7217,22.9936,22.6278,22.9541,332176
2023-08-04T08:00:00Z,22.9541,23.0514,22.8137,22.8928,211430
2023-08-04T12:00:00Z,22.8928,23.5384,22.8407,23.3392,550854
2023-08-04T16:00:00Z,23.3392,23.4445,22.76,22.9264,482340
2023-08-04T20:00:00Z,22.9264,23.0216,22.4888,22.7865,362245
2023-08-05T00:00:00Z,22.7865,22.8167,22.4755,22.7098,246688
2023-08-05T04:00:00Z,22.7098,22.8547,22.5541,22.7519,169735
2023-08-05T08:00:00Z,22.7519,22.9276,22.6975,22.7698,170570
2023-08-05T12:00:00Z,22.7698,22.7899,22.4727,22.5803,247843
2023-08-05T16:00:00Z,22.5803,22.664,22.222,22.5774,391439
2023-08-05T20:00:00Z,22.5774,22.6848,22.48,22.6437,114150
2023-08-06T00:00:00Z,22.6437,22.8817,22.575,22.8242,175249
2023-08-06T04:00:00Z,22.8242,23.1084,22.8136,23.003,348143
2023-08-06T08:00:00Z,23.003,23.4561,22.9752,23.1976,449887
2023-08-06T12:00:00Z,23.1976,23.2487,22.8353,23.0095,303711
2023-08-06T16:00:00Z,23.0095,23.2577,22.9118,23.1932,226675
2023-08-06T20:00:00Z,23.1932,23.377,23.0362,23.1772,290711
2023-08-07T00:00:00Z,23.1772,23.6359,23.0163,23.2814,403401
2023-08-07T04:00:00Z,23.2814,23.4042,22.9772,23.1365,238624
2023-08-07T08:00:00Z,23.1365,23.1412,23.0106,23.0799,170798
2023-08-07T12:00:00Z,23.0799,23.1495,22.63,22.7478,459232
2023-08-07T16:00:00Z,22.7478,23.05,22.33,22.9456,479064
2023-08-07T20:00:00Z,22.9456,23.099,22.9017,23.099,143767
2023-08-08T00:00:00Z,23.099,23.2115,23.0026,23.1333,190016
2023-08-08T04:00:00Z,23.1333,23.3678,23.0865,23.2174,198439
2023-08-08T08:00:00Z,23.2174,23.3724,23.1474,23.3701,198992
2023-08-08T12:00:00Z,23.3701,23.8888,23.1671,23.7044,778611
2023-08-08T16:00:00Z,23.7044,24.7477,23.6921,24.5627,740616
2023-08-08T20:00:00Z,24.5627,24.6334,24.0363,24.1934,382128
2023-08-09T00:00:00Z,24.1934,24.462,24.1362,24.2848,208383
2023-08-09T04:00:00Z,24.2848,24.599,24.238,24.5535,247058
2023-08-09T08:00:00Z,24.5535,24.96,24.508,24.8332,561651
2023-08-09T12:00:00Z,24.8332,24.9613,24.4041,24.5474,620621
2023-08-09T16:00:00Z,24.5474,24.5914,24.24,24.2856,292322
2023-08-09T20:00:00Z,24.2856,24.4655,24.0932,24.3688,214280
2023-08-10T00:00:00Z,24.3688,24.5291,24.1926,24.2202,264702
2023-08-10T04:00:00Z,24.2202,24.3692,24.1156,24.3081,206986
2023-08-10T08:00:00Z,24.3081,24.4792,24.2256,24.3843,161198
2023-08-10T12:00:00Z,24.3843,24.8632,24.3405,24.5352,517716
2023-08-10T16:00:00Z,24.5352,24.6091,24.3474,24.5718,200703
2023-08-10T20:00:00Z,24.5718,24.7217,24.5393,24.6049,143675
2023-08-11T00:00:00Z,24.6049,24.9037,24.6049,24.6668,279703
2023-08-11T04:00:00Z,24.6668,24.7994,24.462,24.4783,257662
2023-08-11T08:00:00Z,24.4783,24.5562,24.377,24.5242,186645
2023-08-11T12:00:00Z,24.5242,24.8484,24.3871,24.5385,416679
2023-08-11T16:00:00Z,24.5385,24.644,24.326,24.4346,234263
2023-08-11T20:00:00Z,24.4346,24.621,24.366,24.6067,189796
2023-08-12T00:00:00Z,24.6067,24.7443,24.385,24.4613,189446
2023-08-12T04:00:00Z,24.4613,24.5463,24.408,24.5264,128716
2023-08-12T08:00:00Z,24.5264,24.5453,24.4402,24.5341,107102
2023-08-12T12:00:00Z,24.5341,24.6843,24.4832,24.6413,183131
2023-08-12T16:00:00Z,24.6413,24.8242,24.6061,24.7152,229748
2023-08-12T20:00:00Z,24.7152,25.242,24.691,24.898,309031
2023-08-13T00:00:00Z,24.898,24.9318,24.674,24.877,154386
2023-08-13T04:00:00Z,24.877,24.8832,24.633,24.7444,149272
2023-08-13T08:00:00Z,24.7444,24.8499,24.652,24.6841,140273
2023-08-13T12:00:00Z,24.6841,24.7521,24.4705,24.5705,316347
2023-08-13T16:00:00Z,24.5705,24.6745,24.4008,24.6437,255931
2023-08-13T20:00:00Z,24.6437,24.6594,24.2021,24.2122,228032
2023-08-14T00:00:00Z,24.2122,24.4126,24.0402,24.3771,295159
2023-08-14T04:00:00Z,24.3771,24.4959,24.3574,24.3955,142140
2023-08-14T08:00:00Z,24.3955,24.5594,24.3911,24.4881,144281
2023-08-14T12:00:00Z,24.4881,24.8619,24.3144,24.7939,309796
2023-08-14T16:00:00Z,24.7939,25.2795,24.5194,24.8064,651224
2023-08-14T20:00:00Z,24.8064,25.2113,24.7457,25.1589,231828
2023-08-15T00:00:00Z,25.1589,25.37,24.87,24.9764,409064
2023-08-15T04:00:00Z,24.9764,25.0412,24.7044,24.8626,252765
2023-08-15T08:00:00Z,24.8626,25.0284,24.7159,24.8176,259806
2023-08-15T12:00:00Z,24.8176,24.9753,24.6322,24.694,331636
2023-08-15T16:00:00Z,24.694,24.8193,23.6902,24.0379,614877
2023-08-15T20:00:00Z,24.0379,24.15,23.7252,23.89,351741
2023-08-16T00:00:00Z,23.89,24.0105,23.601,23.6611,255287
2023-08-16T04:00:00Z,23.6611,23.764,23.3482,23.4384,362961
2023-08-16T08:00:00Z,23.4384,23.5627,23.2075,23.4857,349476
2023-08-16T12:00:00Z,23.4857,23.4858,22.9167,23.0652,578203
2023-08-16T16:00:00Z,23.0652,23.6,22.8398,23.318,336346
2023-08-16T20:00:00Z,23.318,23.3862,22.336,22.7988,532429
2023-08-17T00:00:00Z,22.7988,23.4192,22.4299,23.2901,383981
2023-08-17T04:00:00Z,23.2901,23.3647,23.1806,23.2395,197576
2023-08-17T08:00:00Z,23.2395,23.2895,22.9797,23.0723,226925
2023-08-17T12:00:00Z,23.0723,23.4114,22.5289,22.8544,722934
2023-08-17T16:00:00Z,22.8544,23.3055,22.6053,23.0682,331715
2023-08-17T20:00:00Z,23.0682,23.0978,19.7084,21.6507,1387550
2023-08-18T00:00:00Z,21.6507,22.003,21.279,21.5304,282152
2023-08-18T04:00:00Z,21.5304,22.1726,21.3769,22.0581,255142
2023-08-18T08:00:00Z,22.0581,22.1584,21.7868,21.9993,272817
2023-08-18T12:00:00Z,21.9993,22.0405,21.5448,21.5948,240639
2023-08-18T16:00:00Z,21.5948,21.7396,20.8766,21.2705,376323
2023-08-18T20:00:00Z,21.2705,21.4917,21.2131,21.3224,122252
2023-08-19T00:00:00Z,21.3224,21.6427,21.2668,21.4045,165690
2023-08-19T04:00:00Z,21.4045,21.8276,21.35,21.7966,173357
2023-08-19T08:00:00Z,21.7966,21.85,21.5715,21.6189,123046
2023-08-19T12:00:00Z,21.6189,21.9638,21.6067,21.9486,124027
2023-08-19T16:00:00Z,21.9486,22.1606,21.77,21.8613,252854
2023-08-19T20:00:00Z,21.8613,21.8886,21.6867,21.873,105809
2023-08-20T00:00:00Z,21.873,21.9402,21.721,21.7905,95699
2023-08-20T04:00:00Z,21.7905,21.7996,21.5521,21.7233,119457
2023-08-20T08:00:00Z,21.7233,22.0052,21.6302,21.9453,138794
2023-08-20T12:00:00Z,21.9453,21.9562,21.6508,21.775,160751
2023-08-20T16:00:00Z,21.775,21.8583,21.556,21.7745,194583
2023-08-20T20:00:00Z,21.7745,21.9372,21.7004,21.751,147688
2023-08-21T00:00:00Z,21.751,21.7577,21.3189,21.3833,263011
2023-08-21T04:00:00Z,21.3833,21.6665,21.2727,21.3281,258115
2023-08-21T08:00:00Z,21.3281,21.3421,20.9475,21.219,288813
2023-08-21T12:00:00Z,21.219,21.3813,20.3,20.7001,409406
2023-08-21T16:00:00Z,20.7001,21.363,20.6441,21.2686,215547
2023-08-21T20:00:00Z,21.2686,21.387,21.1668,21.1749,98868
2023-08-22T00:00:00Z,21.1749,21.248,21.018,21.0897,108234
2023-08-22T04:00:00Z,21.0897,21.1662,20.9449,21.1534,134686
2023-08-22T08:00:00Z,21.1534,21.189,20.9115,20.9202,206087
2023-08-22T12:00:00Z,20.9202,21.048,20.5576,20.6769,288512
2023-08-22T16:00:00Z,20.6769,20.708,19.9814,20.0425,513049
2023-08-22T20:00:00Z,20.0425,20.669,19.22,20.5591,855161
2023-08-23T00:00:00Z,20.5591,20.7412,20.4493,20.5707,179157
2023-08-23T04:00:00Z,20.5707,20.866,20.4732,20.734,210485
2023-08-23T08:00:00Z,20.734,20.9092,20.596,20.6138,174858
2023-08-23T12:00:00Z,20.6138,20.9663,20.3031,20.8942,469340
2023-08-23T16:00:00Z,20.8942,21.6671,20.8799,21.4824,520602
2023-08-24T00:00:00Z,21.7032,21.7812,21.5713,21.7329,156405
2023-08-24T04:00:00Z,21.7329,21.9849,21.6493,21.7173,251346
2023-08-24T08:00:00Z,21.7173,21.8909,21.5993,21.7605,254311
2023-08-24T12:00:00Z,21.7605,21.7645,21.0062,21.0254,506019
2023-08-24T16:00:00Z,21.0254,21.1892,20.7146,20.8823,357445
2023-08-24T20:00:00Z,20.8823,21.0674,20.6587,21.0338,252901
2023-08-25T00:00:00Z,21.0338,21.0366,20.4567,20.715,267547
2023-08-25T04:00:00Z,20.715,20.7387,20.4047,20.5407,225996
2023-08-25T08:00:00Z,20.5407,20.7457,20.5341,20.6613,173696
2023-08-25T12:00:00Z,20.6613,20.8748,20.2268,20.3275,435439
2023-08-25T16:00:00Z,20.3275,20.4406,20.08,20.219,264657
2023-08-25T20:00:00Z,20.219,20.4049,20.1659,20.3972,142077
2023-08-26T00:00:00Z,20.3972,20.3978,20.1993,20.3761,119679
2023-08-26T04:00:00Z,20.3761,20.4089,20.1839,20.2896,198706
2023-08-26T08:00:00Z,20.2896,20.3338,20.22,20.2777,122348
2023-08-26T12:00:00Z,20.2777,20.3708,20.1699,20.3524,142936
2023-08-26T16:00:00Z,20.3524,20.3637,20.1819,20.3198,103854
2023-08-26T20:00:00Z,20.3198,20.3493,20.2159,20.2643,89267
2023-08-27T00:00:00Z,20.2643,20.3676,20.2235,20.2702,91743
2023-08-27T04:00:00Z,20.2702,20.3984,20.2645,20.36,130336
2023-08-27T08:00:00Z,20.36,20.7099,20.3444,20.5591,329842
2023-08-27T12:00:00Z,20.5591,20.9,20.5305,20.7299,233444
2023-08-27T16:00:00Z,20.7299,20.7778,20.5329,20.7536,196059
2023-08-27T20:00:00Z,20.7536,20.8157,20.6009,20.7694,183978
2023-08-28T00:00:00Z,20.7694,20.7694,20.4137,20.4643,226925
2023-08-28T04:00:00Z,20.4643,20.4841,20.1934,20.3711,299484
2023-08-28T08:00:00Z,20.3711,20.3786,20.02,20.3466,209935
2023-08-28T12:00:00Z,20.3466,20.7724,20.3231,20.5199,334761
2023-08-28T16:00:00Z,20.5199,20.666,20.3474,20.4596,149469
2023-08-28T20:00:00Z,20.4596,20.6245,20.352,20.5408,104673
2023-08-29T00:00:00Z,20.5408,20.7484,20.416,20.4756,154369
2023-08-29T04:00:00Z,20.4756,20.5065,20.2054,20.2447,165110
2023-08-29T08:00:00Z,20.2447,20.3202,20.0991,20.1272,221633
2023-08-29T12:00:00Z,20.1272,22.0043,20.0981,21.3069,786623
2023-08-29T16:00:00Z,21.3069,21.9451,21.1794,21.566,319756
2023-08-29T20:00:00Z,21.566,21.9411,21.5634,21.7639,309178
2023-08-30T00:00:00Z,21.7639,21.9761,21.446,21.6159,201333
2023-08-30T04:00:00Z,21.6159,21.7242,21.53,21.6174,127048
2023-08-30T08:00:00Z,21.6174,21.6924,21.3663,21.4001,114318
2023-08-30T12:00:00Z,21.4001,21.5042,20.6557,20.8208,395479
2023-08-30T16:00:00Z,20.8208,20.8393,20.5838,20.6607,141668
2023-08-30T20:00:00Z,20.6607,20.8667,20.65,20.803,68519
2023-08-31T00:00:00Z,20.803,20.803,20.6,20.618,71140
2023-08-31T04:00:00Z,20.618,20.8153,20.6158,20.7534,72128
2023-08-31T08:00:00Z,20.7534,21.0559,20.6494,20.8638,126577
2023-08-31T12:00:00Z,20.8638,20.87,20.1855,20.3136,368556
2023-08-31T16:00:00Z,20.3136,20.3163,19.3998,19.8192,612289
2023-08-31T20:00:00Z,19.8192,19.8358,19.4125,19.7139,219437
2023-09-01T00:00:00Z,19.7139,19.9009,19.6793,19.8622,80569
2023-09-01T04:00:00Z,19.8622,19.9056,19.7572,19.78,101431
2023-09-01T08:00:00Z,19.78,19.889,19.7132,19.826,80251
2023-09-01T12:00:00Z,19.826,19.9091,19.2707,19.3845,294317
2023-09-01T16:00:00Z,19.3845,19.5402,19.0155,19.2652,298411
2023-09-01T20:00:00Z,19.2652,19.5003,19.1944,19.3085,96833
2023-09-02T00:00:00Z,19.3085,19.5739,19.2942,19.5515,94221
2023-09-02T04:00:00Z,19.5515,19.6291,19.4272,19.5519,113677
2023-09-02T08:00:00Z,19.5519,19.6322,19.4812,19.5493,103893
2023-09-02T12:00:00Z,19.5493,19.6753,19.3532,19.5403,226831
2023-09-02T16:00:00Z,19.5403,19.5793,19.1127,19.3832,188192
2023-09-02T20:00:00Z,19.3832,19.5334,19.3445,19.4764,75291
2023-09-03T00:00:00Z,19.4764,19.6394,19.4378,19.6126,73428
2023-09-03T04:00:00Z,19.6126,19.6219,19.4468,19.5053,56793
2023-09-03T08:00:00Z,19.5053,19.5202,19.3073,19.4034,98125
2023-09-03T12:00:00Z,19.4034,19.5428,19.283,19.309,126754
2023-09-03T16:00:00Z,19.309,19.5599,19.223,19.467,123789
2023-09-03T20:00:00Z,19.467,19.6221,19.4091,19.5499,87068
2023-09-04T00:00:00Z,19.5499,20.0168,19.5282,19.7242,179884
2023-09-04T04:00:00Z,19.7242,19.842,19.6093,19.7534,149692
2023-09-04T08:00:00Z,19.7534,19.8626,19.5678,19.5681,162473
2023-09-04T12:00:00Z,19.5681,19.6341,19.2213,19.3916,325102
2023-09-04T16:00:00Z,19.3916,19.527,19.3115,19.415,95244
2023-09-04T20:00:00Z,19.415,19.5211,19.1246,19.5043,230322
2023-09-05T00:00:00Z,19.5043,19.5461,19.0237,19.2057,215258
2023-09-05T04:00:00Z,19.2057,19.44,19.1976,19.3845,142125
2023-09-05T08:00:00Z,19.3845,19.6091,19.2376,19.5287,216502
2023-09-05T12:00:00Z,19.5287,20.58,19.4774,20.3691,738466
2023-09-05T16:00:00Z,20.3691,20.55,20.1511,20.2172,329746
2023-09-05T20:00:00Z,20.2172,20.3421,20.0553,20.2466,168932
2023-09-06T00:00:00Z,20.2466,20.3655,20.0693,20.1262,236072
2023-09-06T04:00:00Z,20.1262,20.1415,19.6702,19.7093,274844
2023-09-06T08:00:00Z,19.7093,19.8432,19.6876,19.7306,204788
2023-09-06T12:00:00Z,19.7306,19.8073,19.1358,19.3727,556134
2023-09-06T16:00:00Z,19.3727,19.8607,19.14,19.4546,470149
2023-09-06T20:00:00Z,19.4546,19.6366,19.4541,19.6127,115233
2023-09-07T00:00:00Z,19.6127,19.7784,19.5463,19.7391,177798
2023-09-07T04:00:00Z,19.7391,19.8,19.5229,19.5339,150412
2023-09-07T08:00:00Z,19.5339,19.5746,19.35,19.3834,221619
2023-09-07T12:00:00Z,19.3834,19.5987,19.3153,19.5017,341968
2023-09-07T16:00:00Z,19.5017,19.7288,19.5017,19.6463,228348
2023-09-07T20:00:00Z,19.6463,19.9804,19.5908,19.8931,336694
2023-09-08T00:00:00Z,19.8931,20.2542,19.8158,19.9918,247789
2023-09-08T04:00:00Z,19.9918,20.0658,19.81,19.8863,165674
2023-09-08T08:00:00Z,19.8863,19.8899,19.345,19.5234,386498
2023-09-08T12:00:00Z,19.5234,19.6726,19.49,19.5118,203014
2023-09-08T16:00:00Z,19.5118,19.5548,19.3732,19.5468,146379
2023-09-08T20:00:00Z,19.5468,19.6232,19.4603,19.5874,52704
2023-09-09T00:00:00Z,19.5874,19.5884,19.45,19.515,78860
2023-09-09T04:00:00Z,19.515,19.5631,19.45,19.4501,56805
2023-09-09T08:00:00Z,19.4501,19.55,19.4304,19.5415,85261
2023-09-09T12:00:00Z,19.5415,19.5601,19.4493,19.5009,113822
2023-09-09T16:00:00Z,19.5009,19.5432,19.3543,19.4202,154788
2023-09-09T20:00:00Z,19.4202,19.5142,19.4017,19.4147,68001
2023-09-10T00:00:00Z,19.4147,19.4159,19.18,19.1857,258195
2023-09-10T04:00:00Z,19.1857,19.1858,17.8306,18.5044,790325
2023-09-10T08:00:00Z,18.5044,18.5044,18.2242,18.3055,274374
2023-09-10T12:00:00Z,18.3055,18.4276,17.76,18.1813,726032
2023-09-10T16:00:00Z,18.1813,18.2542,17.7894,18.1726,646075
2023-09-10T20:00:00Z,18.1726,18.5715,18.1112,18.2129,397782
2023-09-11T00:00:00Z,18.2129,18.4365,17.9553,18.3232,393462
2023-09-11T04:00:00Z,18.3232,18.4035,18.1302,18.1798,280779
2023-09-11T08:00:00Z,18.1798,18.1877,17.3457,17.6377,1223107
2023-09-11T12:00:00Z,17.6377,17.9754,17.3287,17.8234,1080039
2023-09-11T16:00:00Z,17.8234,17.9837,17.4016,17.4978,368347
2023-09-11T20:00:00Z,17.4978,17.7418,17.4121,17.7087,276428
2023-09-12T00:00:00Z,17.7087,18.5053,17.5499,18.1724,565417
2023-09-12T04:00:00Z,18.1724,18.272,17.8498,17.9583,318460
2023-09-12T08:00:00Z,17.9583,18.79,17.9137,18.2785,615129
2023-09-12T12:00:00Z,18.2785,18.3833,17.8965,17.9865,612885
2023-09-12T16:00:00Z,17.9865,18.2974,17.6748,17.917,561609
2023-09-12T20:00:00Z,17.917,18.0375,17.845,17.9003,151673
2023-09-13T00:00:00Z,17.9003,18.15,17.763,17.8094,224701
2023-09-13T04:00:00Z,17.8094,18.55,17.676,17.87,576402
2023-09-13T08:00:00Z,17.87,18.2714,17.8397,18.1581,437891
2023-09-13T12:00:00Z,18.1581,18.5225,17.9425,18.3299,588700
2023-09-13T16:00:00Z,18.3299,18.5,17.86,18.3256,879136
2023-09-13T20:00:00Z,18.3256,18.4862,18.2307,18.3831,289909
2023-09-14T00:00:00Z,18.3831,19.3,18.3646,18.9135,824159
2023-09-14T04:00:00Z,18.9135,18.9199,18.6,18.7598,364766
2023-09-14T08:00:00Z,18.7598,18.8851,18.536,18.8213,330790
2023-09-14T12:00:00Z,18.8213,19.18,18.7181,18.9542,578973
2023-09-14T16:00:00Z,18.9542,19.103,18.8411,19.0233,410985
2023-09-14T20:00:00Z,19.0233,19.081,18.7521,18.8198,242588
2023-09-15T00:00:00Z,18.8198,19.16,18.6921,19.122,261145
2023-09-15T04:00:00Z,19.122,19.27,19.003,19.0659,312671
2023-09-15T08:00:00Z,19.0659,19.2142,18.9749,18.997,257720
2023-09-15T12:00:00Z,18.997,19.0405,18.7031,18.8582,349127
2023-09-15T16:00:00Z,18.8582,18.901,18.541,18.7143,279785
2023-09-15T20:00:00Z,18.7143,19.4926,18.6563,19.1261,375561
2023-09-16T00:00:00Z,19.1261,19.4413,19.0345,19.1885,276112
2023-09-16T04:00:00Z,19.1885,19.353,19.0425,19.0741,197983
2023-09-16T08:00:00Z,19.0741,19.1993,19.0103,19.1316,154922
2023-09-16T12:00:00Z,19.1316,19.1715,18.84,18.939,315986
2023-09-16T16:00:00Z,18.939,19.1174,18.9065,18.9405,135472
2023-09-16T20:00:00Z,18.9405,19.1284,18.9337,19.0997,90423
2023-09-17T00:00:00Z,19.0997,19.114,18.7082,19.0101,204867
2023-09-17T04:00:00Z,19.0101,19.0388,18.8724,18.8852,71478
2023-09-17T08:00:00Z,18.8852,19.0879,18.8618,19.0127,109475
2023-09-17T12:00:00Z,19.0127,19.0597,18.9396,18.966,106663
2023-09-17T16:00:00Z,18.966,18.9788,18.73,18.8871,167223
2023-09-17T20:00:00Z,18.8871,18.8871,18.6154,18.7835,188540
2023-09-18T00:00:00Z,18.7835,19.2667,18.5628,19.1847,367464
2023-09-18T04:00:00Z,19.1847,19.2882,18.9717,19.1035,247924
2023-09-18T08:00:00Z,19.1035,19.735,19.0723,19.5811,565144
2023-09-18T12:00:00Z,19.5811,20.12,19.5185,19.9364,665005
2023-09-18T16:00:00Z,19.9364,20.0482,19.4862,19.7677,620348
2023-09-18T20:00:00Z,19.7677,19.88,19.5953,19.6413,198984
2023-09-19T00:00:00Z,19.6413,19.989,19.5658,19.9673,274597
2023-09-19T04:00:00Z,19.9673,19.9776,19.7441,19.7951,133508
2023-09-19T08:00:00Z,19.7951,20.403,19.7687,20.2222,524797
2023-09-19T12:00:00Z,20.2222,20.2253,19.8002,20.1161,384265
2023-09-19T16:00:00Z,20.1161,20.1433,19.8303,19.9235,235566
2023-09-19T20:00:00Z,19.9235,20.0867,19.8353,20.0222,123873
2023-09-20T00:00:00Z,20.0222,20.2281,19.8318,19.898,184115
2023-09-20T04:00:00Z,19.898,19.9512,19.7708,19.9346,137038
2023-09-20T08:00:00Z,19.9346,20.1479,19.8569,20.0397,367211
2023-09-20T12:00:00Z,20.0397,20.3459,19.8742,20.182,340973
2023-09-20T16:00:00Z,20.182,20.4987,19.8638,20.1144,578172
2023-09-20T20:00:00Z,20.1144,20.4399,20.0783,20.2756,176976
2023-09-21T00:00:00Z,20.2756,20.2769,19.9128,20.1707,128757
2023-09-21T04:00:00Z,20.1707,20.1711,19.745,19.8927,235167
2023-09-21T08:00:00Z,19.8927,19.9392,19.4766,19.5782,527760
2023-09-21T12:00:00Z,19.5782,19.6362,19.2652,19.5873,346370
2023-09-21T16:00:00Z,19.5873,19.6913,19.5091,19.6094,154169
2023-09-21T20:00:00Z,19.6094,19.6114,19.3991,19.4325,118948
2023-09-22T00:00:00Z,19.4325,19.6635,19.2012,19.6433,218353
2023-09-22T04:00:00Z,19.6433,19.7,19.5307,19.6154,134287
2023-09-22T08:00:00Z,19.6154,19.7774,19.575,19.6609,129161
2023-09-22T12:00:00Z,19.6609,19.6845,19.4341,19.4455,170964
2023-09-22T16:00:00Z,19.4455,19.48,19.2856,19.341,245096
2023-09-22T20:00:00Z,19.341,19.4665,19.1395,19.4077,186216
2023-09-23T00:00:00Z,19.4077,19.5668,19.2708,19.3561,94661
2023-09-23T04:00:00Z,19.3561,19.5143,19.3,19.4988,92660
2023-09-23T08:00:00Z,19.4988,19.5156,19.4249,19.4978,160247
2023-09-23T12:00:00Z,19.4978,19.5088,19.2855,19.3068,102068
2023-09-23T16:00:00Z,19.3068,19.4709,19.2719,19.4504,96480
2023-09-23T20:00:00Z,19.4504,19.4665,19.3627,19.4597,67587
2023-09-24T00:00:00Z,19.4597,19.6557,19.4388,19.5467,216729
2023-09-24T04:00:00Z,19.5467,19.6197,19.4738,19.6043,58604
2023-09-24T08:00:00Z,19.6043,19.6446,19.5141,19.5737,78566
2023-09-24T12:00:00Z,19.5737,19.6256,19.4188,19.4981,195854
2023-09-24T16:00:00Z,19.4981,19.6377,19.4138,19.4446,208459
2023-09-24T20:00:00Z,19.4446,19.5087,19.16,19.3418,257669
2023-09-25T00:00:00Z,19.3418,19.58,19.0619,19.4576,256927
2023-09-25T04:00:00Z,19.4576,19.52,19.32,19.4672,97202
2023-09-25T08:00:00Z,19.4672,19.5658,19.3768,19.524,87682
2023-09-25T12:00:00Z,19.524,19.6498,19.4237,19.5376,182774
2023-09-25T16:00:00Z,19.5376,19.7098,19.4506,19.4946,200394
2023-09-25T20:00:00Z,19.4946,19.5508,19.3327,19.3725,85408
2023-09-26T00:00:00Z,19.3725,19.4999,19.2658,19.4267,114974
2023-09-26T08:00:00Z,19.3081,19.4149,19.2215,19.3653,152196
2023-09-26T12:00:00Z,19.3653,19.3848,19.1078,19.1478,295680
2023-09-26T16:00:00Z,19.1478,19.2755,19.1076,19.2177,107393
2023-09-26T20:00:00Z,19.2177,19.24,18.8111,19.0071,322179
2023-09-27T00:00:00Z,19.0071,19.1058,18.92,19.009,69099
2023-09-27T04:00:00Z,19.009,19.0281,18.879,18.934,77846
2023-09-27T08:00:00Z,18.934,19.455,18.8504,19.3774,393825
2023-09-27T12:00:00Z,19.3774,19.434,18.7503,18.9182,425804
2023-09-27T16:00:00Z,18.9182,18.9999,18.7059,18.9447,207442
2023-09-27T20:00:00Z,18.9447,19.13,18.8571,19.1131,91816
2023-09-28T00:00:00Z,19.1131,19.4016,19.0763,19.1892,174548
2023-09-28T04:00:00Z,19.1892,19.2592,19.1564,19.2106,61099
2023-09-28T08:00:00Z,19.2106,19.3001,19.1002,19.1484,110982
2023-09-28T12:00:00Z,19.1484,19.6147,19.1316,19.5896,263410
2023-09-28T16:00:00Z,19.5896,19.704,19.4104,19.6878,312304
2023-09-28T20:00:00Z,19.6878,19.9684,19.5529,19.9397,265356
2023-09-29T00:00:00Z,19.9397,20.3168,19.8222,20.1853,297802
2023-09-29T04:00:00Z,20.1853,20.33,20.035,20.2536,217484
2023-09-29T08:00:00Z,20.2536,20.2849,20.0171,20.062,169919
2023-09-29T12:00:00Z,20.062,20.4449,20.002,20.3101,339602
2023-09-29T16:00:00Z,20.3101,20.32,20.0551,20.2235,162603
2023-09-29T20:00:00Z,20.2235,20.3286,20.178,20.2532,110479
2023-09-30T00:00:00Z,20.2532,20.4237,20.1838,20.1974,123079
2023-09-30T04:00:00Z,20.1974,20.3266,20.0549,20.2796,90626
2023-09-30T08:00:00Z,20.2796,20.3759,20.2336,20.256,86141
2023-09-30T12:00:00Z,20.256,21.6014,20.256,21.4049,1163321
2023-09-30T16:00:00Z,21.4049,21.7777,21.26,21.3855,617390
2023-09-30T20:00:00Z,21.3855,21.4391,21.2275,21.3564,208070
2023-10-01T00:00:00Z,21.3564,21.41,21.1303,21.2045,261909
2023-10-01T04:00:00Z,21.2045,21.399,21.1559,21.359,198487
2023-10-01T08:00:00Z,21.359,24.3643,21.35,22.9652,1433596
2023-10-01T12:00:00Z,22.9652,23.4124,22.8262,23.0721,703228
2023-10-01T16:00:00Z,23.0721,23.076,22.4487,22.7046,564340
2023-10-01T20:00:00Z,22.7046,24.4916,22.5697,23.8732,845739
2023-10-02T00:00:00Z,23.8732,24.3235,23.5758,24.0756,545815
2023-10-02T04:00:00Z,24.0756,24.76,23.9108,24.3369,663111
2023-10-02T08:00:00Z,24.3369,24.5102,23.7894,23.8254,507730
2023-10-02T12:00:00Z,23.8254,24.4849,23.6,24.0695,1020342
2023-10-02T16:00:00Z,24.0695,24.2921,23.0149,23.8282,933269
2023-10-02T20:00:00Z,23.8282,23.8282,22.9096,23.3823,374048
2023-10-03T00:00:00Z,23.3823,23.7552,23.3022,23.6534,272064
2023-10-03T04:00:00Z,23.6534,24.2443,23.4814,23.8221,461436
2023-10-03T08:00:00Z,23.8221,24.4567,23.7725,23.9178,650949
2023-10-03T12:00:00Z,23.9178,24.7853,23.7505,23.9856,1308007
2023-10-03T16:00:00Z,23.9856,24.3187,23.4353,23.51,562556
2023-10-03T20:00:00Z,23.51,23.7453,23.2089,23.6,494220
2023-10-04T00:00:00Z,23.6,23.6557,22.7806,23.1191,593633
2023-10-04T04:00:00Z,23.1191,23.2393,22.7706,23.1578,298953
2023-10-04T08:00:00Z,23.1578,23.84,23.099,23.5662,515200
2023-10-04T12:00:00Z,23.5662,23.6378,22.6782,22.6849,764309
2023-10-04T16:00:00Z,22.6849,23.2583,22.5847,22.8919,597125
2023-10-04T20:00:00Z,22.8919,23.265,22.8363,23.0975,193413
2023-10-05T00:00:00Z,23.0975,23.7238,23.0129,23.2002,359825
2023-10-05T04:00:00Z,23.2002,23.4437,22.816,22.977,294406
2023-10-05T08:00:00Z,22.977,23.3157,22.868,23.1877,242735
2023-10-05T12:00:00Z,23.1877,23.5649,22.586,22.777,683850
2023-10-05T16:00:00Z,22.777,23.0231,22.4789,22.7762,557387
2023-10-05T20:00:00Z,22.7762,22.8333,22.5851,22.6601,281606
2023-10-06T00:00:00Z,22.6601,23.32,22.6404,23.1576,372497
2023-10-06T04:00:00Z,23.1576,23.4355,22.925,23.3015,334484
2023-10-06T08:00:00Z,23.3015,23.5383,23.0648,23.1561,382661
2023-10-06T12:00:00Z,23.1561,23.6454,22.685,23.4852,742984
2023-10-06T16:00:00Z,23.4852,23.7162,23.3111,23.4025,370122
2023-10-06T20:00:00Z,23.4025,23.7354,23.2866,23.3813,260851
2023-10-07T00:00:00Z,23.3813,23.721,23.3162,23.6483,267344
2023-10-07T04:00:00Z,23.6483,24.1912,23.4521,23.5023,369709
2023-10-07T08:00:00Z,23.5023,23.802,23.3392,23.4595,347650
2023-10-07T12:00:00Z,23.4595,23.5376,23.2792,23.3225,271974
2023-10-07T16:00:00Z,23.3225,23.4256,23.0573,23.1004,195235
2023-10-07T20:00:00Z,23.1004,23.3218,23.0925,23.2702,115142
2023-10-08T00:00:00Z,23.2702,23.6046,23.15,23.4914,205426
2023-10-08T04:00:00Z,23.4914,23.5241,23.1684,23.3032,238887
2023-10-08T08:00:00Z,23.3032,23.5013,23.13,23.2011,298593
2023-10-08T12:00:00Z,23.2011,23.45,23.0336,23.4499,285567
2023-10-08T16:00:00Z,23.4499,23.5309,23.2426,23.3019,158689
2023-10-08T20:00:00Z,23.3019,23.4562,23.1452,23.1924,275929
2023-10-09T00:00:00Z,23.1924,23.2849,23.0526,23.2199,206391
2023-10-09T04:00:00Z,23.2199,23.3361,22.8339,22.9581,197664
2023-10-09T08:00:00Z,22.9581,22.97,21.9177,22.1555,697263
2023-10-09T12:00:00Z,22.1555,22.3624,22.0594,22.1744,263576
2023-10-09T16:00:00Z,22.1744,22.39,21.6,22.1693,567607
2023-10-09T20:00:00Z,22.1693,22.2242,21.9754,22.0709,117097
2023-10-10T00:00:00Z,22.0709,22.226,21.8645,22.1212,221084
2023-10-10T04:00:00Z,22.1212,22.3672,22.0235,22.2983,153606
2023-10-10T08:00:00Z,22.2983,22.4224,22.0869,22.1045,234496
2023-10-10T12:00:00Z,22.1045,22.4624,21.915,21.9548,410179
2023-10-10T16:00:00Z,21.9548,22.0476,21.6767,22.0084,289736
2023-10-10T20:00:00Z,22.0084,22.1706,21.7829,22.0962,164287
2023-10-11T00:00:00Z,22.0962,22.2611,21.7098,21.9421,287997
2023-10-11T04:00:00Z,21.9421,22.32,21.9352,21.9869,273906
2023-10-11T08:00:00Z,21.9869,22.3786,21.9731,22.125,315592
2023-10-11T12:00:00Z,22.125,22.3027,21.8742,21.9831,332923
2023-10-11T16:00:00Z,21.9831,22.0086,21.61,21.8832,372098
2023-10-11T20:00:00Z,21.8832,22.0009,21.7232,21.9898,131740
2023-10-12T00:00:00Z,21.9898,22.0298,21.4653,21.6821,367883
2023-10-12T04:00:00Z,21.6821,21.82,21.6195,21.6276,108582
2023-10-12T08:00:00Z,21.6276,21.6402,21.14,21.4784,539154
2023-10-12T12:00:00Z,21.4784,21.5111,21.2205,21.2532,364369
2023-10-12T16:00:00Z,21.2532,21.3467,20.8987,21.1903,447942
2023-10-12T20:00:00Z,21.1903,21.3279,21.1121,21.2624,109001
2023-10-13T00:00:00Z,21.2624,21.4466,21.0985,21.1043,151756
2023-10-13T04:00:00Z,21.1043,21.4374,21.0954,21.3712,141492
2023-10-13T08:00:00Z,21.3712,21.5441,21.2795,21.454,154056
2023-10-13T12:00:00Z,21.454,21.5831,21.3247,21.4087,226569
2023-10-13T16:00:00Z,21.4087,21.586,21.3922,21.5426,149207
2023-10-13T20:00:00Z,21.5426,22.1788,21.5383,21.8137,498867
2023-10-14T00:00:00Z,21.8137,22.0409,21.7732,22.0053,91630
2023-10-14T04:00:00Z,22.0053,22.093,21.9091,22.0327,180380
2023-10-14T08:00:00Z,22.0327,22.2722,21.8851,21.9522,233142
2023-10-14T12:00:00Z,21.9522,22.0753,21.83,22.062,132290
2023-10-14T16:00:00Z,22.062,22.0724,21.951,22.0171,53286
2023-10-14T20:00:00Z,22.0171,22.0195,21.908,21.9732,51975
2023-10-15T00:00:00Z,21.9732,22.1559,21.8132,21.9129,157983
2023-10-15T04:00:00Z,21.9129,21.944,21.8508,21.9116,60945
2023-10-15T08:00:00Z,21.9116,22.001,21.7892,21.8432,129166
2023-10-15T12:00:00Z,21.8432,21.914,21.6403,21.71,185178
2023-10-15T16:00:00Z,21.71,21.9565,21.6804,21.8922,128053
2023-10-15T20:00:00Z,21.8922,22.082,21.806,21.905,226915
2023-10-16T00:00:00Z,21.905,22.1979,21.8664,22.0846,173707
2023-10-16T04:00:00Z,22.0846,22.8269,22.0794,22.7833,413491
2023-10-16T08:00:00Z,22.7833,23.1302,22.6164,23.1111,413495
2023-10-16T12:00:00Z,23.1111,24.9095,22.8863,23.1399,1368647
2023-10-16T16:00:00Z,23.1399,24.1188,23.1219,23.8377,483347
2023-10-16T20:00:00Z,23.8377,24.1829,23.6254,23.9285,384699
2023-10-17T00:00:00Z,23.9285,24.3115,23.7549,23.9753,324709
2023-10-17T04:00:00Z,23.9753,24.1955,23.7413,24.0692,326983
2023-10-17T08:00:00Z,24.0692,24.5673,24.0423,24.0822,774900
2023-10-17T12:00:00Z,24.0822,24.1805,23.4453,23.8956,758462
2023-10-17T16:00:00Z,23.8956,24.3966,23.7243,24.1699,390074
2023-10-17T20:00:00Z,24.1699,24.2499,23.8883,23.9366,215374
2023-10-18T00:00:00Z,23.9366,24.1056,23.7934,24.0449,169312
2023-10-18T04:00:00Z,24.0449,24.4283,23.8774,23.8974,401993
2023-10-18T08:00:00Z,23.8974,24.1477,23.7774,23.8024,265141
2023-10-18T12:00:00Z,23.8024,23.9165,23.6203,23.6878,260209
2023-10-18T16:00:00Z,23.6878,23.7907,23.5684,23.7013,222019
2023-10-18T20:00:00Z,23.7013,23.7399,23.3572,23.4192,225392
2023-10-19T00:00:00Z,23.4192,23.5746,23.12,23.4569,149815
2023-10-19T04:00:00Z,23.4569,23.8848,23.4463,23.8528,224646
2023-10-19T08:00:00Z,23.8528,24.2933,23.6989,24.2698,450323
2023-10-19T12:00:00Z,24.2698,24.89,24.0667,24.7615,698160
2023-10-19T16:00:00Z,24.7615,25.841,24.6674,25.1535,989904
2023-10-19T20:00:00Z,25.1535,25.2413,24.7314,24.9226,265939
2023-10-20T00:00:00Z,24.9226,25.7088,24.7205,25.6527,484807
2023-10-20T04:00:00Z,25.6527,26.4929,25.5638,26.2281,1060067
2023-10-20T08:00:00Z,26.2281,27.5415,26.2182,26.8818,1136507
2023-10-20T12:00:00Z,26.8818,27.1468,26.5522,26.8859,689967
2023-10-20T16:00:00Z,26.8859,27.0547,26.3,26.8776,522218
2023-10-20T20:00:00Z,26.8776,27.3533,26.7172,27.0162,307888
2023-10-21T00:00:00Z,27.0162,27.1219,26.6501,26.8091,249600
2023-10-21T04:00:00Z,26.8091,28.6201,26.6572,28.0467,740562
2023-10-21T08:00:00Z,28.0467,29.9,27.8358,29.4904,1066201
2023-10-21T12:00:00Z,29.4904,29.6334,28.5818,29.0066,909660
2023-10-21T16:00:00Z,29.0066,29.9241,28.8548,29.4554,614723
2023-10-21T20:00:00Z,29.4554,30.28,29.2005,29.309,646725
2023-10-22T00:00:00Z,29.309,29.9116,29.1364,29.695,370429
2023-10-22T04:00:00Z,29.695,29.9751,28.0579,28.7865,725818
2023-10-22T08:00:00Z,28.7865,29.0159,28.0757,28.3176,498652
2023-10-22T12:00:00Z,28.3176,28.8655,28.2621,28.3985,431962
2023-10-22T16:00:00Z,28.3985,29.1294,28.3704,28.6657,264317
2023-10-22T20:00:00Z,28.6657,29.3183,28.6358,29.0142,347120
2023-10-23T00:00:00Z,29.0142,30.65,28.7163,30.6261,862344
2023-10-23T04:00:00Z,30.6261,31.3306,29.8519,30.093,900957
2023-10-23T08:00:00Z,30.093,30.323,29.3192,29.6814,577258
2023-10-23T12:00:00Z,29.6814,29.8343,28.7745,28.9532,626821
2023-10-23T16:00:00Z,28.9532,29.941,28.855,29.8675,575849
2023-10-23T20:00:00Z,29.8675,32.8828,29.71,31.8846,1052095
2023-10-24T00:00:00Z,31.8846,32.5605,31.2372,31.3727,658482
2023-10-24T04:00:00Z,31.3727,31.7605,30.6372,31.228,449539
2023-10-24T08:00:00Z,31.228,31.9745,31.1538,31.8107,293993
2023-10-24T12:00:00Z,31.8107,32.5957,30.4214,30.9221,806280
2023-10-24T16:00:00Z,30.9221,31.1844,30.0038,30.5211,507797
2023-10-24T20:00:00Z,30.5211,30.7733,29.4361,30.1498,480802
2023-10-25T00:00:00Z,30.1498,32.2,29.9688,31.0142,453504
2023-10-25T04:00:00Z,31.0142,31.845,30.6234,30.9379,340593
2023-10-25T08:00:00Z,30.9379,32.2834,30.7563,32.1974,540442
2023-10-25T12:00:00Z,32.1974,33.9,32.1944,33.374,1007049
2023-10-25T16:00:00Z,33.374,33.5501,32.305,32.7439,460824
2023-10-25T20:00:00Z,32.7439,33.0633,31.8464,32.4355,330813
2023-10-26T00:00:00Z,32.4355,32.7874,31.6805,32.7407,278330
2023-10-26T04:00:00Z,32.7407,33.2639,32.0167,32.8355,318020
2023-10-26T08:00:00Z,32.8355,32.965,31.5706,31.8,404928
2023-10-26T12:00:00Z,31.8,32.3725,30.8959,31.2788,489899
2023-10-26T16:00:00Z,31.2788,31.6898,30.7221,31.523,304597
2023-10-26T20:00:00Z,31.523,33.2282,31.4417,32.757,405095
2023-10-27T00:00:00Z,32.757,32.8433,31.8055,32.3549,358759
2023-10-27T04:00:00Z,32.3549,32.8824,32.1183,32.348,257354
2023-10-27T08:00:00Z,32.348,33.1091,32.1383,32.5894,378603
2023-10-27T12:00:00Z,32.5894,33.3907,31.8892,32.1956,615492
2023-10-27T16:00:00Z,32.1956,32.46,31.1996,31.9077,505177
2023-10-27T20:00:00Z,31.9077,32.25,31.45,31.7036,254174
2023-10-28T00:00:00Z,31.7036,32.3706,31.636,32.3353,208838
2023-10-28T04:00:00Z,32.3353,32.4657,32.0595,32.2681,155844
2023-10-28T08:00:00Z,32.2681,32.5051,32.0526,32.1847,192458
2023-10-28T12:00:00Z,32.1847,32.217,31.6,32.0048,299339
2023-10-28T16:00:00Z,32.0048,32.0749,31.4596,31.5692,220494
2023-10-28T20:00:00Z,31.5692,31.9621,31.3187,31.6019,179980
2023-10-29T00:00:00Z,31.6019,31.82,31.2226,31.5514,149342
2023-10-29T04:00:00Z,31.5514,32.3428,31.4975,32.253,230902
2023-10-29T08:00:00Z,32.253,32.3482,32.1101,32.2367,169984
2023-10-29T16:00:00Z,32.6058,33.186,32.5022,32.9804,275107
2023-10-29T20:00:00Z,32.9804,33.0161,32.4922,32.8132,198602
2023-10-30T00:00:00Z,32.8132,33.0621,32.5052,32.7142,204161
2023-10-30T04:00:00Z,32.7142,32.9664,32.266,32.5232,248305
2023-10-30T08:00:00Z,32.5232,35.165,32.4433,34.9226,844774
2023-10-30T12:00:00Z,34.9226,35.3414,34.5144,35.0201,453621
2023-10-30T16:00:00Z,35.0201,35.0369,34.2255,34.8858,283013
2023-10-30T20:00:00Z,34.8858,35.0009,34.468,34.9383,147646
2023-10-31T00:00:00Z,34.9383,36.4498,34.8419,35.7467,546484
2023-10-31T04:00:00Z,35.7467,36.58,35.5528,35.6818,478981
2023-10-31T08:00:00Z,35.6818,36.93,35.5605,36.5692,599181
2023-10-31T12:00:00Z,36.5692,36.64,35.5844,36.0786,520684
2023-10-31T16:00:00Z,36.0786,36.4281,35.79,36.2224,228375
2023-10-31T20:00:00Z,36.2224,38.5999,36.2146,38.3595,862264
2023-11-01T00:00:00Z,38.3595,38.7538,37.8712,38.2421,609026
2023-11-01T04:00:00Z,38.2421,39.4073,37.7699,38.4209,557142
2023-11-01T08:00:00Z,38.4209,39.7604,37.944,39.2251,1250464
2023-11-01T12:00:00Z,39.2251,41.8643,38.7773,40.5816,2051934
2023-11-01T16:00:00Z,40.5816,46.7808,40.2681,42.0261,2869340
2023-11-01T20:00:00Z,42.0261,43.7755,40.6238,41.2104,1225212
2023-11-02T00:00:00Z,41.2104,42.8219,41.1414,42.575,581390
2023-11-02T04:00:00Z,42.575,43.3883,41.1074,43.0763,564291
2023-11-02T08:00:00Z,43.0763,44.5432,42.5185,44.4234,714562
2023-11-02T12:00:00Z,44.4234,44.4613,40.0162,40.0328,1432984
2023-11-02T16:00:00Z,40.0328,41.5322,38.6421,41.3533,1353146
2023-11-02T20:00:00Z,41.3533,42.105,39.5523,40.2303,810370
2023-11-03T00:00:00Z,40.2303,40.238,37.9536,38.91,904502
2023-11-03T04:00:00Z,38.91,39.0861,37.9809,39.0255,489622
2023-11-03T08:00:00Z,39.0255,39.7327,38.0845,39.1498,797868
2023-11-03T12:00:00Z,39.1498,40.2307,38.7841,39.7995,832359
2023-11-03T16:00:00Z,39.7995,40.0587,38.5246,39.1743,525882
2023-11-03T20:00:00Z,39.1743,39.9267,39.0209,39.4768,281687
2023-11-04T00:00:00Z,39.4768,41.2197,39.0342,41.0886,462601
2023-11-04T04:00:00Z,41.0886,42.0204,40.4029,41.6714,587763
2023-11-04T08:00:00Z,41.6714,42.6787,41.2599,41.5195,710669
2023-11-04T12:00:00Z,41.5195,42.1841,40.7933,41.2601,697539
2023-11-04T16:00:00Z,41.2601,41.8761,40.9649,41.3519,337872
2023-11-04T20:00:00Z,41.3519,42.7009,41.277,42.3966,425142
2023-11-05T00:00:00Z,42.3966,42.8511,41.6917,42.4971,434110
2023-11-05T04:00:00Z,42.4971,42.5352,41.4319,41.5527,314383
2023-11-05T08:00:00Z,41.5527,41.7995,41.0991,41.65,276370
2023-11-05T12:00:00Z,41.65,41.8603,40.4205,40.7165,511718
2023-11-05T16:00:00Z,40.7165,41.573,40.6166,40.7453,258548
2023-11-05T20:00:00Z,40.7453,41.5418,40.0237,41.1511,335525
2023-11-06T00:00:00Z,41.1511,41.8396,40.893,41.0981,327204
2023-11-06T04:00:00Z,41.0981,41.2143,39.6513,39.929,471176
2023-11-06T08:00:00Z,39.929,40.69,39.67,40.3154,351765
2023-11-06T12:00:00Z,40.3154,40.716,39.8993,40.2395,338272
2023-11-06T16:00:00Z,40.2395,40.5182,39.8727,40.482,273114
2023-11-06T20:00:00Z,40.482,42.2089,40.03,42.1704,355613
2023-11-07T00:00:00Z,42.1704,42.2949,40.0724,40.8057,420720
2023-11-07T04:00:00Z,40.8057,41.6957,40.6522,41.5656,219388
2023-11-07T08:00:00Z,41.5656,41.7657,40.4922,41.1144,387326
2023-11-07T12:00:00Z,41.1144,42.1225,40.7291,41.2089,529153
2023-11-07T16:00:00Z,41.2089,44.3765,41.023,43.8847,828150
2023-11-07T20:00:00Z,43.8847,44.8348,42.8,42.9526,539251
2023-11-08T00:00:00Z,42.9526,43.5,42.23,43.3644,327266
2023-11-08T04:00:00Z,43.3644,43.7742,43,43.48,237182
2023-11-08T08:00:00Z,43.48,43.8722,43.1224,43.2942,247802
2023-11-08T12:00:00Z,43.2942,43.5813,42.3098,42.74,343976
2023-11-08T16:00:00Z,42.74,43.6151,42.5287,43.0914,247056
2023-11-08T20:00:00Z,43.0914,43.5093,42.6077,43.1064,234425
2023-11-09T00:00:00Z,43.1064,44.1389,42.5,44.0871,311066
2023-11-09T04:00:00Z,44.0871,44.623,43.783,43.8859,340320
2023-11-09T08:00:00Z,43.8859,47.4708,43.8789,47.1129,617708
2023-11-09T12:00:00Z,47.1129,48.9514,45.7452,46.4137,547743
2023-11-09T16:00:00Z,46.4137,46.8221,41.0068,44.402,1068817
2023-11-09T20:00:00Z,44.402,45.7441,43.0227,45.2741,357114
2023-11-10T00:00:00Z,45.2741,47.9696,45.0466,47.4087,341885
2023-11-10T04:00:00Z,47.4087,48.9537,46.8279,47.5883,390311
2023-11-10T08:00:00Z,47.5883,51.17,46.5687,50.6926,757843
2023-11-10T12:00:00Z,50.6926,51.9772,48.6521,50.8651,782205
2023-11-10T16:00:00Z,50.8651,54.9535,50.6067,54.0988,957357
2023-11-10T20:00:00Z,54.0988,57.4886,53.055,56.6559,619826
2023-11-11T00:00:00Z,56.6559,57.7445,54.4868,55.7972,440069
2023-11-11T04:00:00Z,55.7972,55.9968,53.523,54.2245,424133
2023-11-11T08:00:00Z,54.2245,55.8532,53.7973,55.2513,398034
2023-11-11T12:00:00Z,55.2513,63.917,55.03,60.9423,921076
2023-11-11T16:00:00Z,60.9423,62.5542,58.1656,60.5544,689972
2023-11-11T20:00:00Z,60.5544,60.5736,55.3777,56.4117,858603
2023-11-12T00:00:00Z,56.4117,57.9582,54.4584,57.3964,753320
2023-11-12T04:00:00Z,57.3964,61.9,56.4829,61.1211,702274
2023-11-12T08:00:00Z,61.1211,61.4734,58.3541,59.9615,653133
2023-11-12T12:00:00Z,59.9615,60.4,57.6729,58.6546,533888
2023-11-12T16:00:00Z,58.6546,58.78,55.516,56.0754,553245
2023-11-12T20:00:00Z,56.0754,57.5803,55.63,56.2963,300769
2023-11-13T00:00:00Z,56.2963,59.3944,55.106,57.0479,352699
2023-11-13T04:00:00Z,57.0479,59.5,56.6547,58.2744,388702
2023-11-13T08:00:00Z,58.2744,59.66,56.5151,57.0461,476452
2023-11-13T12:00:00Z,57.0461,59.934,54.2907,55.6748,1003727
2023-11-13T16:00:00Z,55.6748,56.9542,52.2953,54.6733,694944
2023-11-13T20:00:00Z,54.6733,54.6974,51.5491,51.6268,540123
2023-11-14T00:00:00Z,51.6268,54.8319,51.2,54.0664,406159
2023-11-14T04:00:00Z,54.0664,55.49,53.7536,55.1534,206316
2023-11-14T08:00:00Z,55.1534,55.8498,52,52.6931,484468
2023-11-14T12:00:00Z,52.6931,58.1301,52.0245,56.214,1105164
2023-11-14T16:00:00Z,56.214,57.0511,52.169,55.1267,793122
2023-11-14T20:00:00Z,55.1267,57.4862,54.7702,56.805,431996
2023-11-15T00:00:00Z,56.805,57.9481,56.14,56.263,303596
2023-11-15T04:00:00Z,56.263,59.71,56.2176,59.1528,398271
2023-11-15T08:00:00Z,59.1528,63.6306,58.6802,62.9917,416572
2023-11-15T12:00:00Z,62.9917,63.8687,61.3307,62.4482,437132
2023-11-15T16:00:00Z,62.4482,65.8111,60.7182,65.3255,756559
2023-11-15T20:00:00Z,65.3255,67.1815,64.2109,65.4867,468180
2023-11-16T00:00:00Z,65.4867,66.748,64.44,65.8719,345077
2023-11-16T04:00:00Z,65.8719,68.2789,64.7286,65.7401,268260
2023-11-16T08:00:00Z,65.7401,66.1269,63.2902,64.0456,281276
2023-11-16T12:00:00Z,64.0456,64.7531,60.4418,61.6351,404043
2023-11-16T16:00:00Z,61.6351,62.8661,58.951,62.2665,383013
2023-11-16T20:00:00Z,62.2665,62.8962,56.3859,57.7997,591698
2023-11-17T00:00:00Z,57.7997,60.6059,57.6162,58.9399,238648
2023-11-17T04:00:00Z,58.9399,59.9742,57.9616,58.1562,123635
2023-11-17T08:00:00Z,58.1562,59.0603,56.4611,58.1221,319278
2023-11-17T12:00:00Z,58.1221,59.6476,54.0897,55.0222,360905
2023-11-17T16:00:00Z,55.0222,58.7181,54.3932,57.5085,328317
2023-11-17T20:00:00Z,57.5085,59.4201,57.429,58.486,101339
2023-11-18T00:00:00Z,58.486,58.5808,56.2915,56.6874,150518
2023-11-18T04:00:00Z,56.6874,57.4533,54.6748,56.3878,227852
2023-11-18T08:00:00Z,56.3878,57.6784,56.0453,56.9477,130603
2023-11-18T12:00:00Z,56.9477,58.3606,55.5101,58,186715
2023-11-18T16:00:00Z,58,59.35,57.5001,59,129060
2023-11-18T20:00:00Z,59,59.2704,57.9576,58.5533,73548
2023-11-19T00:00:00Z,58.5533,58.5892,56.61,58.2695,167961
2023-11-19T04:00:00Z,58.2695,60.9567,57.7489,60.3894,123900
2023-11-19T08:00:00Z,60.3894,61.75,59.4096,59.8521,190286
2023-11-19T12:00:00Z,59.8521,60.3656,59.0598,59.9598,137379
2023-11-19T16:00:00Z,59.9598,61.2764,59.3785,61.1601,70612
2023-11-19T20:00:00Z,61.1601,62.12,60.1163,61.0129,83350
2023-11-20T00:00:00Z,61.0129,61.3289,59.7797,59.948,69193
2023-11-20T04:00:00Z,59.948,60.2245,59.136,59.9272,60984
2023-11-20T08:00:00Z,59.9272,61.0826,59.2737,60.0724,70279
2023-11-20T12:00:00Z,60.0724,60.6406,57.5,58.9971,172588
2023-11-20T16:00:00Z,58.9971,59.4002,56.5186,57.5512,181909
2023-11-20T20:00:00Z,57.5512,57.7961,55.9589,56.5669,112390
2023-11-21T00:00:00Z,56.5669,57.4,55.1,56.0246,134956
2023-11-21T04:00:00Z,56.0246,56.4745,55.2888,55.3509,117278
2023-11-21T08:00:00Z,55.3509,57.1225,55.3256,56.242,110265
2023-11-21T12:00:00Z,56.242,56.6477,52.7,55.1069,421177
2023-11-21T16:00:00Z,55.1069,56.2242,52.3366,54.764,486011
2023-11-21T20:00:00Z,54.764,55.7165,51.206,51.7,382454
2023-11-22T00:00:00Z,51.7,54.424,51.4493,54.3312,212634
2023-11-22T04:00:00Z,54.3312,55.2398,53.872,54.6377,215983
2023-11-22T08:00:00Z,54.6377,55.1906,54.3006,54.4274,165714
2023-11-22T12:00:00Z,54.4274,55.7363,54.023,54.9011,256562
2023-11-22T16:00:00Z,54.9011,57.6259,54.3694,57.3,305619
2023-11-22T20:00:00Z,57.3,58.9084,56.8634,57.5174,265925
2023-11-23T00:00:00Z,57.5174,58.4774,57,57.6315,139249
2023-11-23T04:00:00Z,57.6315,58.5655,57.5126,57.8321,107446
2023-11-23T08:00:00Z,57.8321,58.9992,57.1539,57.9647,239931
2023-11-23T12:00:00Z,57.9647,59.6867,56.4035,56.5881,344111
2023-11-23T16:00:00Z,56.5881,57.3568,56.1435,56.3658,174258
2023-11-23T20:00:00Z,56.3658,57.0606,56.3046,56.4548,92855
2023-11-24T00:00:00Z,56.4548,57.6589,56.2062,57.3006,108552
2023-11-24T04:00:00Z,57.3006,57.4939,56.6341,57.3999,107198
2023-11-24T08:00:00Z,57.3999,58.8,57.1062,58.0565,232716
2023-11-24T12:00:00Z,58.0565,58.57,57.1844,58.1559,207469
2023-11-24T16:00:00Z,58.1559,58.468,56.7781,57.1348,166653
2023-11-24T20:00:00Z,57.1348,57.5936,56.4602,56.8542,94158
2023-11-25T00:00:00Z,56.8542,59.816,55.555,58.7981,276878
2023-11-25T04:00:00Z,58.7981,59,58.4176,58.6239,97323
2023-11-25T08:00:00Z,58.6239,58.8766,57.373,57.8689,146678
2023-11-25T12:00:00Z,57.8689,58.7866,57.7442,58.549,112622
2023-11-25T16:00:00Z,58.549,59.72,58.35,59.0115,129121
2023-11-25T20:00:00Z,59.0115,59.3379,58.61,58.8222,75517
2023-11-26T00:00:00Z,58.8222,59.0722,58,58.3705,105852
2023-11-26T04:00:00Z,58.3705,58.71,58.1533,58.4562,55852
2023-11-26T08:00:00Z,58.4562,58.6755,57.7687,57.895,98805
2023-11-26T12:00:00Z,57.895,58.1668,56.6885,57.1099,189123
2023-11-26T16:00:00Z,57.1099,57.3305,56.1066,57.2311,140047
2023-11-26T20:00:00Z,57.2311,58.7095,57.0345,57.5516,138311
2023-11-27T00:00:00Z,57.5516,58.0753,56.1211,56.6189,117037
2023-11-27T04:00:00Z,56.6189,57.3775,55.4752,55.9685,185808
2023-11-27T08:00:00Z,55.9685,56.3127,54.6413,55.0496,227079
2023-11-27T12:00:00Z,55.0496,55.2188,53.896,53.9898,204554
2023-11-27T16:00:00Z,53.9898,55.183,53.4515,54.1718,158704
2023-11-27T20:00:00Z,54.1718,55.1965,53.7145,55.0581,109048
2023-11-28T00:00:00Z,55.0581,55.4519,54.6087,54.9508,95938
2023-11-28T04:00:00Z,54.9508,55.3011,53.9179,55.0656,123965
2023-11-28T08:00:00Z,55.0656,56.3,54.6509,56.1252,215475
2023-11-28T12:00:00Z,56.1252,56.4141,55.3163,56.0343,179058
2023-11-28T16:00:00Z,56.0343,58.3702,55.9,57.9796,358717
2023-11-28T20:00:00Z,57.9796,58.6057,57.4601,58.071,171060
2023-11-29T00:00:00Z,58.071,58.8512,57.6232,58.4375,144375
2023-11-29T04:00:00Z,58.4375,59.5981,58.1026,59.2512,191587
2023-11-29T08:00:00Z,59.2512,61.7461,59.2512,60.6142,472538
2023-11-29T12:00:00Z,60.6142,61.5422,59.0492,60,375220
2023-11-29T16:00:00Z,60,60.4401,58.75,60.1037,203353
2023-11-29T20:00:00Z,60.1037,60.2753,58.4633,59.3374,167261
2023-11-30T00:00:00Z,59.3374,60.7992,58.7599,60.435,180603
2023-11-30T04:00:00Z,60.435,61.3091,59.65,60.0062,149148
2023-11-30T08:00:00Z,60.0062,60.9676,59.2555,60.7812,168104
2023-11-30T12:00:00Z,60.7812,61.6979,59.11,59.6267,360179
2023-11-30T16:00:00Z,59.6267,60.0627,58.9515,60.0486,118601
2023-11-30T20:00:00Z,60.0486,60.1942,59.03,59.3948,91091
2023-12-01T00:00:00Z,59.3948,61.0244,58.6012,60.7599,238030
2023-12-01T04:00:00Z,60.7599,61.2841,60.153,60.8052,148349
2023-12-01T08:00:00Z,60.8052,61.9567,60.566,60.9887,212434
2023-12-01T12:00:00Z,60.9887,61.1649,59.7624,60.1642,229335
2023-12-01T16:00:00Z,60.1642,61.1275,59.9,60.4604,196680
2023-12-02T00:00:00Z,59.7882,61.2298,59.6368,61.0667,141074
2023-12-02T04:00:00Z,61.0667,62.714,60.8365,62.0476,250957
2023-12-02T08:00:00Z,62.0476,62.54,61.6346,62.137,182777
2023-12-02T12:00:00Z,62.137,62.6279,61.4548,61.9158,184186
2023-12-02T16:00:00Z,61.9158,63.4056,61.33,63.02,222193
2023-12-02T20:00:00Z,63.02,63.9945,62.7293,63.7366,174519
2023-12-03T00:00:00Z,63.7366,65.5633,63.5558,64.1496,183347
2023-12-03T04:00:00Z,64.1496,64.3468,63.55,64.011,80344
2023-12-03T08:00:00Z,64.011,64.1843,63.0579,63.5919,147307
2023-12-03T12:00:00Z,63.5919,63.6482,62.3403,63.0268,221314
2023-12-03T16:00:00Z,63.0268,63.0829,62.2085,63.0274,100575
2023-12-03T20:00:00Z,63.0274,64.0784,62.4357,63.0001,135437
2023-12-04T00:00:00Z,63.0001,65,62.9609,64.2992,110648
2023-12-04T04:00:00Z,64.2992,65.2821,63.53,63.7293,148590
2023-12-04T08:00:00Z,63.7293,64.4124,59.2516,62.1879,418444
2023-12-04T12:00:00Z,62.1879,62.2977,59.92,60.5823,269099
2023-12-04T16:00:00Z,60.5823,61.4193,60.2955,61.1268,110342
2023-12-04T20:00:00Z,61.1268,62.15,60.7175,61.7256,151633
2023-12-05T00:00:00Z,61.7256,62.2376,59.55,60.6502,172782
2023-12-05T04:00:00Z,60.6502,60.7478,59.0245,59.7326,161108
2023-12-05T08:00:00Z,59.7326,60.5,59.4487,60.2378,115552
2023-12-05T12:00:00Z,60.2378,61.6918,60.0251,60.9805,101321
2023-12-05T16:00:00Z,60.9805,62.6488,60.401,61.4421,179053
2023-12-05T20:00:00Z,61.4421,61.725,60.1739,61.0582,136558
2023-12-06T00:00:00Z,61.0582,64.5,61.0582,64.3731,165413
2023-12-06T04:00:00Z,64.3731,64.7419,62.56,63.3933,160118
2023-12-06T08:00:00Z,63.3933,66.6903,61.8,63.1,435825
2023-12-06T12:00:00Z,63.1,63.7956,62.3595,62.7035,186174
2023-12-06T16:00:00Z,62.7035,64.496,62.5282,64.481,152375
2023-12-06T20:00:00Z,64.481,64.6643,61.3218,61.931,204218
2023-12-07T00:00:00Z,61.931,64.048,61.6371,62.9631,104738
2023-12-07T04:00:00Z,62.9631,63.8918,62.8792,63.4159,78490
2023-12-07T08:00:00Z,63.4159,64.3552,61.65,64.192,255603
2023-12-07T12:00:00Z,64.192,66.281,63.5596,65.8086,295283
2023-12-07T16:00:00Z,65.8086,67.6588,64.4428,64.7947,329072
2023-12-07T20:00:00Z,64.7947,69.4359,64.648,67.8022,447912
2023-12-08T00:00:00Z,67.8022,72.2503,67.8022,71.4059,414796
2023-12-08T04:00:00Z,71.4059,72.9529,70.8334,71.4165,456922
2023-12-08T08:00:00Z,71.4165,73.8627,70.4505,73.0327,387549
2023-12-08T12:00:00Z,73.0327,74.3,71.7408,72.0358,425929
2023-12-08T16:00:00Z,72.0358,74.1,72.0044,72.3609,266192
2023-12-08T20:00:00Z,72.3609,75.3414,72.3508,74.9643,240604
2023-12-09T00:00:00Z,74.9643,75.4759,72.9087,74.1531,274178
2023-12-09T04:00:00Z,74.1531,77.7777,73.5571,76.7933,165699
2023-12-09T08:00:00Z,76.7933,77.637,74.429,77.188,242732
2023-12-09T12:00:00Z,77.188,77.4991,75.0434,75.6487,132013
2023-12-09T16:00:00Z,75.6487,75.9071,72.729,74.18,258654
2023-12-09T20:00:00Z,74.18,74.348,71.5111,72.3559,188040
2023-12-10T00:00:00Z,72.3559,74.0899,72.1288,73.0995,138367
2023-12-10T04:00:00Z,73.0995,73.7189,71.7,72.6019,104434
2023-12-10T08:00:00Z,72.6019,72.8416,70.6,71.4303,164967
2023-12-10T12:00:00Z,71.4303,74.6717,71.3588,73.7859,201453
2023-12-10T16:00:00Z,73.7859,74.1841,72.195,73.56,130119
2023-12-10T20:00:00Z,73.56,74.9523,73.3221,74.8834,64326
2023-12-11T00:00:00Z,74.8834,75,62.8721,70.8687,440419
2023-12-11T04:00:00Z,70.8687,71.2659,67.7454,68.4977,256604
2023-12-11T08:00:00Z,68.4977,69.9844,67.7955,69.6684,170852
2023-12-11T12:00:00Z,69.6684,69.8945,66.8397,69.2432,278271
2023-12-11T16:00:00Z,69.2432,70.9,67.9663,69.2826,293021
2023-12-11T20:00:00Z,69.2826,70.6546,67.7472,70.2901,154648
2023-12-12T00:00:00Z,70.2901,72.5301,70.2678,71.2466,191913
2023-12-12T04:00:00Z,71.2466,71.7998,69.5808,71.7684,155468
2023-12-12T08:00:00Z,71.7684,72.3094,70.3844,70.6924,156338
2023-12-12T12:00:00Z,70.6924,71.8839,68.2,68.548,312199
2023-12-12T16:00:00Z,68.548,68.8981,65.8,67.7266,316413
2023-12-12T20:00:00Z,67.7266,69.2072,67.011,68.6537,153304
2023-12-13T00:00:00Z,68.6537,68.8622,65.097,65.5577,194958
2023-12-13T04:00:00Z,65.5577,66.3578,63.545,64.9546,216432
2023-12-13T08:00:00Z,64.9546,66.7,64.8664,65.4814,175413
2023-12-13T12:00:00Z,65.4814,68.2261,65.0954,67.6138,209557
2023-12-13T16:00:00Z,67.6138,70.5789,66.8348,70.3369,207271
2023-12-13T20:00:00Z,70.3369,72.6707,70.15,70.5776,161832
2023-12-14T00:00:00Z,70.5776,71.0574,69.6331,70.1355,130881
2023-12-14T04:00:00Z,70.1355,71.9832,69.77,71.6327,133587
2023-12-14T08:00:00Z,71.6327,73.7609,71.0001,73.499,142501
2023-12-14T12:00:00Z,73.499,73.8723,68.064,71.6848,293003
2023-12-14T16:00:00Z,71.6848,74.5535,71.6473,73.3334,219537
2023-12-14T20:00:00Z,73.3334,76.3,72.5912,75.7435,199138
2023-12-15T00:00:00Z,75.7435,75.9645,74.0302,74.3889,154157
2023-12-15T04:00:00Z,74.3889,77,74.3889,76.562,242953
2023-12-15T08:00:00Z,76.562,79.3,76.1193,79.0056,215280
2023-12-15T12:00:00Z,79.0056,79.4657,75.1904,76.124,314989
2023-12-15T16:00:00Z,76.124,77.5486,73.6437,76.959,240530
2023-12-15T20:00:00Z,76.959,77.2815,72.1927,72.5948,179309
2023-12-16T00:00:00Z,72.5948,74.4874,71.2197,74.321,177592
2023-12-16T04:00:00Z,74.321,74.63,73.7005,74.4033,58208
2023-12-16T08:00:00Z,74.4033,75.2203,73.776,75.1615,93088
2023-12-16T12:00:00Z,75.1615,77.284,74.9232,77.1388,175393
2023-12-16T16:00:00Z,77.1388,77.2347,73.8314,74.2609,146318
2023-12-16T20:00:00Z,74.2609,74.6667,72.8685,73.7974,133058
2023-12-17T00:00:00Z,73.7974,74.19,72.5981,73.6725,79524
2023-12-17T04:00:00Z,73.6725,74.3942,72.0473,72.4842,105712
2023-12-17T08:00:00Z,72.4842,73.4016,71.737,73.1691,79968
