timestamp,open,high,low,close,volume
2023-12-17T16:00:00Z,41828.50,42476,41707.20,42136.50,59835.013
2023-12-17T20:00:00Z,42136.50,42226.80,41248.30,41396.50,42149.293
2023-12-18T00:00:00Z,41396.60,41487.50,40810.60,41107,57583.207
2023-12-18T04:00:00Z,41107,41338.70,41022.50,41159.90,32295.962
2023-12-18T08:00:00Z,41160,41285.30,40553.80,41137.30,85508.853
2023-12-18T12:00:00Z,41137.20,41780.00,40916.80,41288.00,76882.713
2023-12-18T16:00:00Z,41288.00,41750.00,41170.00,41715.40,40807.318
2023-12-18T20:00:00Z,41714.70,42795.30,41590.00,42671.70,82307.622
2023-12-19T00:00:00Z,42671.80,43550.00,42595.10,43100.10,75175.979
2023-12-19T04:00:00Z,43100.10,43159.70,42840.20,43062.00,28627.568
2023-12-19T08:00:00Z,43062.10,43297.10,42962.00,43003.90,34165.827
2023-12-19T12:00:00Z,43004.00,43068.50,42238.70,42512.80,74373.559
2023-12-19T16:00:00Z,42512.90,42675.00,41835.40,42379.00,74735.369
2023-12-19T20:00:00Z,42379.70,42556.80,42152.60,42298.30,28233.542
2023-12-20T00:00:00Z,42298.20,42519.50,42218.30,42451.70,22122.059
2023-12-20T04:00:00Z,42451.70,43056.90,42393.80,42950.00,46836.407
2023-12-20T08:00:00Z,42950.00,43037.20,42693.60,42891.40,32002.326
2023-12-20T12:00:00Z,42891.20,44384.60,42780.10,44079.00,141282.839
2023-12-20T16:00:00Z,44078.90,44290.00,43511.80,43760.10,78486.341
2023-12-20T20:00:00Z,43760.10,43846.00,43260.10,43708.90,56278.951
2023-12-21T00:00:00Z,43708.90,43775.60,43317.20,43678.60,35653.416
2023-12-21T04:00:00Z,43678.60,43920.00,43480.00,43794.80,25905.712
2023-12-21T08:00:00Z,43794.90,44172.20,43610.00,43969.70,46262.476
2023-12-21T12:00:00Z,43969.80,44287.20,43386.20,43857.70,81888.587
2023-12-21T16:00:00Z,43857.70,43957.00,43390.00,43623.10,53751.040
2023-12-21T20:00:00Z,43623.00,44175.00,43583.60,43896.30,33460.924
2023-12-22T00:00:00Z,43896.40,44332.80,43750.20,44044.30,34467.517
2023-12-22T04:00:00Z,44044.40,44484.00,43566.10,43614.10,63339.852
2023-12-22T08:00:00Z,43614.00,43877.50,43480.50,43783.00,42888.610
2023-12-22T12:00:00Z,43783.20,43849.60,43430.40,43699.90,43302.470
2023-12-22T16:00:00Z,43699.90,44047.60,43503.40,43666.40,35104.573
2023-12-22T20:00:00Z,43666.50,44086.00,43650.00,43999.20,19238.911
2023-12-23T00:00:00Z,43999.20,44023.00,43464.80,43543.20,31870.041
2023-12-23T04:00:00Z,43543.20,43670.00,43304.20,43582.00,25017.737
2023-12-23T08:00:00Z,43582.10,43709.90,43513.40,43583.00,15905.084
2023-12-23T12:00:00Z,43583.00,43899.80,43575.70,43782.00,21835.284
2023-12-23T16:00:00Z,43782.00,43880.10,43720.00,43729.10,14370.201
2023-12-23T20:00:00Z,43729.20,43864.70,43656.80,43725.20,11793.852
2023-12-24T00:00:00Z,43725.20,43952.30,43625.10,43867.80,19796.067
2023-12-24T04:00:00Z,43867.80,43994.80,43454.10,43678.60,28290.374
2023-12-24T08:00:00Z,43678.70,43733.00,43421.00,43666.60,19354.803
2023-12-24T12:00:00Z,43666.60,43908.30,43582.90,43707.00,23794.381
2023-12-24T16:00:00Z,43707.10,43750.60,43568.30,43645.30,16277.893
2023-12-24T20:00:00Z,43645.40,43652.20,42550.00,43008.40,72453.733
2023-12-25T00:00:00Z,43008.40,43188.50,42755.40,43182.50,29688.549
2023-12-25T04:00:00Z,43182.60,43360.40,43121.80,43233.20,17527.765
2023-12-25T08:00:00Z,43233.30,43320.00,43083.20,43200.30,20002.961
2023-12-25T12:00:00Z,43200.40,43850.00,43118.30,43661.00,61760.169
2023-12-25T16:00:00Z,43661.00,43761.90,43383.20,43515.80,31664.127
2023-12-25T20:00:00Z,43515.70,43772.10,43354.30,43611.90,23566.703
2023-12-26T00:00:00Z,43611.90,43635.10,43400.00,43487.90,16834.268
2023-12-26T04:00:00Z,43488.00,43509.90,42552.30,42798.70,74677.204
2023-12-26T08:00:00Z,42798.70,42830.90,42109.00,42719.90,52503.851
2023-12-26T12:00:00Z,42720.00,42870.00,42253.70,42423.10,38842.982
2023-12-26T16:00:00Z,42423.10,42470.60,41597.00,42149.20,89933.420
2023-12-26T20:00:00Z,42149.20,42630.40,42086.90,42538.50,22791.953
2023-12-27T00:00:00Z,42538.60,42580.00,42145.70,42274.70,25627.172
2023-12-27T04:00:00Z,42274.70,42595.50,42248.50,42495.90,20023.850
2023-12-27T08:00:00Z,42496.00,43277.10,42443.00,43059.30,61784.091
2023-12-27T12:00:00Z,43059.30,43191.10,42726.60,43009.60,59036.748
2023-12-27T16:00:00Z,43010.00,43264.00,42890.30,43183.90,37903.282
2023-12-27T20:00:00Z,43183.80,43700.00,43146.20,43453.80,46976.395
2023-12-28T00:00:00Z,43453.80,43850.00,43333.10,43444.80,40639.668
2023-12-28T04:00:00Z,43444.80,43669.40,42821.00,43087.20,46971.692
2023-12-28T08:00:00Z,43087.30,43233.00,42900.00,43112.10,26016.438
2023-12-28T12:00:00Z,43112.00,43181.10,42439.60,42485.80,74384.216
2023-12-28T16:00:00Z,42485.90,42783.00,42320.50,42655.90,41372.033
2023-12-28T20:00:00Z,42656.00,42788.70,42369.70,42600.10,28131.135
2023-12-29T00:00:00Z,42600.10,42839.10,42123.10,42738.10,55055.074
2023-12-29T04:00:00Z,42738.20,42812.90,42253.20,42314.50,32071.961
2023-12-29T08:00:00Z,42314.50,42996.30,42306.80,42908.90,40511.048
2023-12-29T12:00:00Z,42908.80,43171.90,42160.00,42301.60,68202.711
2023-12-29T16:00:00Z,42301.60,42389.00,41680.00,42152.80,87706.129
2023-12-29T20:00:00Z,42152.90,42288.30,41283.20,42095.10,53874.942
2023-12-30T00:00:00Z,42095.10,42250.00,41854.40,42014.70,23528.273
2023-12-30T04:00:00Z,42014.70,42205.20,41960.00,41987.10,16563.477
2023-12-30T08:00:00Z,41987.10,42032.70,41550.00,41933.60,40727.124
2023-12-30T12:00:00Z,41933.60,42473.40,41915.10,42410.30,42746.745
2023-12-30T16:00:00Z,42410.40,42654.60,42278.70,42395.00,41015.216
2023-12-30T20:00:00Z,42395.00,42431.90,42106.50,42174.20,19309.835
2023-12-31T00:00:00Z,42174.30,42478.90,42001.00,42209.40,24649.414
2023-12-31T04:00:00Z,42209.40,42729.20,42189.90,42567.00,27687.399
2023-12-31T08:00:00Z,42567.00,42951.00,42400.20,42561.80,37644.346
2023-12-31T12:00:00Z,42561.80,42694.00,42381.00,42489.60,29877.289
2023-12-31T16:00:00Z,42489.60,42766.70,42465.40,42659.90,21496.084
2023-12-31T20:00:00Z,42659.90,42724.50,42083.10,42314.00,32153.757
2024-01-01T00:00:00Z,42314.00,42832.00,42270.00,42369.80,30275.835
2024-01-01T04:00:00Z,42369.80,42536.00,42207.90,42527.00,18884.162
2024-01-01T08:00:00Z,42527.10,42800.00,42489.40,42727.60,21225.402
2024-01-01T12:00:00Z,42727.70,42887.50,42614.50,42818.00,23160.827
2024-01-01T16:00:00Z,42818.00,43593.20,42693.10,43556.20,46470.443
2024-01-01T20:00:00Z,43556.20,44266.00,43426.00,44230.20,66407.475
2024-01-02T00:00:00Z,44230.30,45565.00,44200.90,45435.00,130549.341
2024-01-02T04:00:00Z,45434.90,45832.80,45153.00,45495.50,46617.839
2024-01-02T08:00:00Z,45495.60,45950.00,45258.00,45486.80,73125.619
2024-01-02T12:00:00Z,45486.80,45850.00,44868.10,45215.00,98947.373
2024-01-02T16:00:00Z,45215.00,45449.20,44783.30,45073.20,59665.882
2024-01-02T20:00:00Z,45073.30,45338.90,44598.00,44979.80,50892.469
2024-01-03T00:00:00Z,44979.70,45463.50,44895.80,45297.80,27249.852
2024-01-03T04:00:00Z,45297.80,45423.00,44960.00,45030.40,27047.436
2024-01-03T08:00:00Z,45030.50,45582.30,43500.00,43728.90,118206.260
2024-01-03T12:00:00Z,43728.90,43738.80,40333.00,43014.00,269274.008
2024-01-03T16:00:00Z,43014.00,43595.90,41920.00,42600.40,121646.733
2024-01-03T20:00:00Z,42600.40,42974.50,42517.60,42849.50,32430.936
2024-01-04T00:00:00Z,42849.50,43236.00,42625.00,43119.60,32954.430
2024-01-04T04:00:00Z,43119.60,43290.00,42765.00,42775.00,34097.989
2024-01-04T08:00:00Z,42775.10,43255.00,42645.10,43188.20,41353.248
2024-01-04T12:00:00Z,43188.20,44343.10,43107.40,44050.40,89531.705
2024-01-04T16:00:00Z,44050.40,44437.50,43773.40,43950.00,67286.547
2024-01-04T20:00:00Z,43950.00,44840.80,43887.20,44143.80,68699.179
2024-01-05T00:00:00Z,44143.80,44284.00,42300.00,43469.10,92493.981
2024-01-05T04:00:00Z,43469.50,43951.70,43193.50,43769.60,36820.465
2024-01-05T08:00:00Z,43769.60,44332.40,43459.00,43769.90,53933.111
2024-01-05T12:00:00Z,43769.90,44119.10,43000.00,43495.20,82365.927
2024-01-05T16:00:00Z,43495.10,43825.20,43090.00,43599.00,50576.810
2024-01-05T20:00:00Z,43599.00,44500.00,43559.00,44145.40,58777.497
2024-01-06T00:00:00Z,44145.30,44214.60,43809.50,43925.80,22344.039
2024-01-06T04:00:00Z,43925.80,43972.00,43391.30,43645.30,32223.565
2024-01-06T08:00:00Z,43645.40,43777.50,43550.00,43669.20,18571.596
2024-01-06T12:00:00Z,43669.20,43925.00,43527.20,43863.60,21680.915
2024-01-06T16:00:00Z,43863.60,44149.90,43817.40,43903.60,23415.539
2024-01-06T20:00:00Z,43903.60,43980.00,43645.00,43956.70,20307.143
2024-01-07T00:00:00Z,43956.60,44267.90,43824.20,43937.20,25504.202
2024-01-07T04:00:00Z,43937.10,44099.60,43830.00,44071.50,16798.655
2024-01-07T08:00:00Z,44071.60,44161.50,43862.80,44054.00,21062.951
2024-01-07T12:00:00Z,44054.00,44486.90,43922.70,44035.00,49020.753
2024-01-07T16:00:00Z,44034.90,44262.30,43686.90,44238.80,32162.368
2024-01-07T20:00:00Z,44238.80,44262.90,43557.50,43916.90,36161.785
2024-01-08T00:00:00Z,43916.90,43975.00,43158.10,43501.90,49205.414
2024-01-08T04:00:00Z,43502.00,44431.10,43417.80,43970.00,52687.145
2024-01-08T08:00:00Z,43969.90,44748.50,43629.70,44637.20,48551.307
2024-01-08T12:00:00Z,44637.20,45440.00,44350.00,44969.60,124466.243
2024-01-08T16:00:00Z,44969.70,47312.00,44783.80,47006.70,168436.314
2024-01-08T20:00:00Z,47007.10,47240.30,46666.10,46972.70,51741.560
2024-01-09T00:00:00Z,46972.60,47173.50,46253.70,46932.80,62275.549
2024-01-09T04:00:00Z,46932.70,46950.30,46600.20,46841.00,25566.034
2024-01-09T08:00:00Z,46841.00,46891.30,46372.00,46624.40,37564.557
2024-01-09T12:00:00Z,46624.40,47100.00,45400.00,46868.80,127284.890
2024-01-09T16:00:00Z,46868.90,46977.00,46500.00,46873.50,42262.943
2024-01-09T20:00:00Z,46873.50,48100.00,44417.20,46114.00,218408.800
2024-01-10T00:00:00Z,46113.90,46252.50,45629.60,46133.60,36681.322
2024-01-10T04:00:00Z,46133.50,46200.00,45728.90,45766.40,21755.225
2024-01-10T08:00:00Z,45766.30,45876.70,44800.00,45530.20,54054.765
2024-01-10T12:00:00Z,45530.10,45680.00,44291.50,45569.00,149727.617
2024-01-10T16:00:00Z,45569.40,46768.00,45189.40,46498.90,130065.437
2024-01-10T20:00:00Z,46498.80,47699.30,44720.00,46662.90,276373.108
2024-01-11T00:00:00Z,46663.00,46758.00,46146.50,46502.40,40763.102
2024-01-11T04:00:00Z,46502.30,46511.40,45610.10,46096.10,42163.348
2024-01-11T08:00:00Z,46096.10,47171.00,46051.60,47068.50,50256.742
2024-01-11T12:00:00Z,47068.50,49027.50,46488.10,46813.40,278574.629
2024-01-11T16:00:00Z,46813.40,47065.80,45600.00,46698.40,136031.851
2024-01-11T20:00:00Z,46698.40,46973.80,46080.60,46337.80,48908.707
2024-01-12T00:00:00Z,46337.90,46536.20,45900.90,45997.00,37819.707
2024-01-12T04:00:00Z,45997.30,46380.00,45714.20,46002.60,35158.293
2024-01-12T08:00:00Z,46002.60,46280.00,45527.50,45958.00,47922.902
2024-01-12T12:00:00Z,45958.00,46120.00,44360.80,44495.10,122262.686
2024-01-12T16:00:00Z,44495.10,44719.70,43221.10,43497.50,179066.407
2024-01-12T20:00:00Z,43497.40,44000.00,41370.00,42788.90,153713.263
2024-01-13T00:00:00Z,42789.00,42997.00,42445.70,42625.60,39049.139
2024-01-13T04:00:00Z,42625.60,43265.10,42565.90,43102.10,33842.417
2024-01-13T08:00:00Z,43102.10,43255.00,42513.00,42631.90,42897.598
2024-01-13T12:00:00Z,42631.80,43273.40,42509.80,43159.70,44715.766
2024-01-13T16:00:00Z,43159.90,43193.90,42711.50,42791.10,31207.956
2024-01-13T20:00:00Z,42791.10,43067.70,42703.20,42846.40,16024.450
2024-01-14T00:00:00Z,42846.40,42896.90,42651.00,42691.20,17785.043
2024-01-14T04:00:00Z,42691.10,43064.40,42553.00,43012.80,20194.264
2024-01-14T08:00:00Z,43012.80,43096.10,42759.20,42836.80,18481.558
2024-01-14T12:00:00Z,42836.70,43014.30,42710.30,42908.40,18436.804
2024-01-14T16:00:00Z,42908.40,43019.10,42633.20,42665.80,23087.661
2024-01-14T20:00:00Z,42665.80,42755.00,41713.50,41734.90,83111.638
2024-01-15T00:00:00Z,41734.90,42650.00,41720.00,42571.80,36398.917
2024-01-15T04:00:00Z,42572.80,42829.80,42501.60,42713.10,25795.373
2024-01-15T08:00:00Z,42713.10,42784.30,42535.80,42699.90,21197.177
2024-01-15T12:00:00Z,42700.00,42969.00,42156.00,42278.70,57163.469
2024-01-15T16:00:00Z,42278.70,43376.00,42249.10,42989.60,65313.134
2024-01-15T20:00:00Z,42989.60,43114.70,42341.30,42515.00,34191.071
2024-01-16T00:00:00Z,42515.00,42942.00,42466.10,42919.50,22087.986
2024-01-16T04:00:00Z,42919.30,42945.00,42600.50,42788.10,20030.646
2024-01-16T08:00:00Z,42788.50,43164.90,42718.80,42894.90,32133.083
2024-01-16T12:00:00Z,42894.60,43333.00,42050.00,43251.70,121732.820
2024-01-16T16:00:00Z,43251.00,43450.00,42825.50,43164.80,50349.539
2024-01-16T20:00:00Z,43164.80,43589.00,43061.70,43133.00,40873.159
2024-01-17T00:00:00Z,43133.00,43198.00,42838.80,42842.10,20601.204
2024-01-17T04:00:00Z,42842.00,42933.00,42616.00,42654.00,24548.960
2024-01-17T08:00:00Z,42654.00,42855.80,42555.80,42681.00,25131.297
2024-01-17T12:00:00Z,42681.00,42934.90,42355.50,42478.30,68850.505
2024-01-17T16:00:00Z,42478.20,42757.60,42200.00,42617.50,40872.097
2024-01-17T20:00:00Z,42617.60,42869.30,42444.00,42783.40,29392.018
2024-01-18T00:00:00Z,42783.30,42797.00,42515.00,42594.00,15331.957
2024-01-18T04:00:00Z,42594.00,42930.10,42590.00,42918.30,19685.656
2024-01-18T08:00:00Z,42918.30,42932.30,42382.50,42540.00,33804.674
2024-01-18T12:00:00Z,42540.10,42821.40,42351.00,42618.90,41921.482
2024-01-18T16:00:00Z,42619.00,42619.00,40805.20,41014.20,151310.930
2024-01-18T20:00:00Z,41014.20,41366.40,40673.60,41323.10,73026.057
2024-01-19T00:00:00Z,41323.20,41372.00,40739.60,41049.80,36295.221
2024-01-19T04:00:00Z,41049.80,41578.30,41031.30,41282.00,31853.198
2024-01-19T08:00:00Z,41281.90,41518.40,41132.50,41471.70,27935.207
2024-01-19T12:00:00Z,41471.70,41493.00,40718.50,40897.00,67750.170
2024-01-19T16:00:00Z,40897.10,42000.00,40300.00,41818.50,138416.879
2024-01-19T20:00:00Z,41818.60,42197.00,41530.10,41662.20,43691.055
2024-01-20T00:00:00Z,41662.10,41712.00,41458.50,41638.00,18155.851
2024-01-20T04:00:00Z,41638.10,41781.40,41566.30,41652.40,12915.098
2024-01-20T08:00:00Z,41652.40,41672.70,41453.60,41583.60,21012.587
2024-01-20T12:00:00Z,41583.50,41706.50,41480.00,41570.30,18279.360
2024-01-20T16:00:00Z,41570.20,41685.00,41522.00,41638.40,10616.752
2024-01-20T20:00:00Z,41638.40,41883.50,41615.00,41691.80,14886.414
2024-01-21T00:00:00Z,41691.80,41735.00,41624.60,41677.40,7680.812
2024-01-21T04:00:00Z,41677.40,41699.90,41544.00,41648.60,6744.413
2024-01-21T08:00:00Z,41648.50,41826.50,41648.50,41720.90,11294.961
2024-01-21T12:00:00Z,41720.80,41880.90,41600.00,41652.80,17377.056
2024-01-21T16:00:00Z,41652.70,41733.00,41516.00,41721.20,11626.497
2024-01-21T20:00:00Z,41721.20,41820.00,41500.00,41580.00,12311.813
2024-01-22T00:00:00Z,41579.90,41692.30,41050.50,41199.60,40969.062
2024-01-22T04:00:00Z,41199.50,41334.90,40666.00,41042.60,51245.971
2024-01-22T08:00:00Z,41042.70,41050.00,40353.70,40809.40,68960.918
2024-01-22T12:00:00Z,40809.50,41253.70,40333.00,40774.70,82368.763
2024-01-22T16:00:00Z,40775.00,40880.10,39402.00,39812.50,137033.009
2024-01-22T20:00:00Z,39812.60,40360.00,39450.00,39567.00,78446.383
2024-01-23T00:00:00Z,39567.10,40121.20,39508.00,40000.10,32689.795
2024-01-23T04:00:00Z,40000.10,40172.70,39656.80,39773.90,25079.661
2024-01-23T08:00:00Z,39773.90,39862.90,38652.30,38850.10,124825.562
2024-01-23T12:00:00Z,38850.20,39479.20,38545.00,39197.40,104576.943
2024-01-23T16:00:00Z,39197.50,39654.20,38925.60,39140.10,79917.657
2024-01-23T20:00:00Z,39140.10,39898.00,39031.30,39890.00,47283.768
2024-01-24T00:00:00Z,39889.90,40247.00,39563.80,39611.20,49456.120
2024-01-24T04:00:00Z,39611.30,40179.70,39550.00,39979.40,31974.054
2024-01-24T08:00:00Z,39979.50,40560.60,39844.70,40195.20,48695.143
2024-01-24T12:00:00Z,40195.10,40287.80,39754.40,40046.70,62130.902
2024-01-24T16:00:00Z,40046.70,40208.40,39602.00,39797.40,43289.491
2024-01-24T20:00:00Z,39797.40,40171.30,39493.30,40078.70,37208.461
2024-01-25T00:00:00Z,40078.80,40170.00,39901.00,40002.80,20040.925
2024-01-25T04:00:00Z,40002.80,40131.90,39778.30,40119.60,21098.349
2024-01-25T08:00:00Z,40119.60,40300.00,39950.00,40165.50,34021.643
2024-01-25T12:00:00Z,40165.50,40280.00,39605.00,39793.60,57869.103
2024-01-25T16:00:00Z,39793.60,40053.60,39535.30,39982.90,48224.544
2024-01-25T20:00:00Z,39982.90,39987.20,39630.00,39953.30,22474.115
2024-01-26T00:00:00Z,39953.30,40250.00,39813.10,40057.00,24692.913
2024-01-26T04:00:00Z,40057.10,40216.70,39880.90,39956.00,19746.788
2024-01-26T08:00:00Z,39956.00,41350.00,39944.70,41272.00,103031.994
2024-01-26T12:00:00Z,41271.90,41587.30,40890.00,41399.80,86189.487
2024-01-26T16:00:00Z,41399.80,42187.10,41383.80,42046.00,85294.135
2024-01-26T20:00:00Z,42046.10,42239.30,41779.20,41806.40,36463.161
2024-01-27T00:00:00Z,41806.40,41924.00,41681.80,41805.20,16504.250
2024-01-27T04:00:00Z,41805.10,41880.50,41594.00,41699.10,17412.384
2024-01-27T08:00:00Z,41699.00,41786.00,41360.10,41744.70,32118.828
2024-01-27T12:00:00Z,41744.70,41880.00,41689.30,41797.40,15054.687
2024-01-27T16:00:00Z,41797.50,41977.00,41727.00,41896.40,16407.782
2024-01-27T20:00:00Z,41896.50,42187.10,41896.40,42102.20,20939.183
2024-01-28T00:00:00Z,42102.20,42236.90,41908.20,42210.00,22234.237
2024-01-28T04:00:00Z,42210.10,42836.00,42204.00,42369.90,58552.846
2024-01-28T08:00:00Z,42370.00,42688.00,42301.10,42456.60,30902.798
2024-01-28T12:00:00Z,42456.50,42525.00,42130.00,42244.50,30369.168
2024-01-28T16:00:00Z,42244.50,42340.00,41700.00,41770.60,35068.296
2024-01-28T20:00:00Z,41770.60,42067.50,41600.00,42021.20,28609.108
2024-01-29T00:00:00Z,42021.20,42493.00,41865.40,42306.40,30700.241
2024-01-29T04:00:00Z,42306.50,42326.90,41966.20,42040.00,21337.912
2024-01-29T08:00:00Z,42040.00,42368.70,41932.90,42233.30,27133.608
2024-01-29T12:00:00Z,42233.20,42636.00,41768.30,42623.20,57176.087
2024-01-29T16:00:00Z,42623.10,43298.00,42495.70,42986.70,90725.291
2024-01-29T20:00:00Z,42986.80,43340.80,42966.50,43287.70,22428.971
2024-01-30T00:00:00Z,43287.60,43798.20,43111.30,43502.90,48884.945
2024-01-30T04:00:00Z,43502.80,43554.10,43238.00,43346.60,21202.780
2024-01-30T08:00:00Z,43346.70,43548.00,43200.40,43513.40,23711.395
2024-01-30T12:00:00Z,43513.30,43888.00,43092.00,43355.50,80242.404
2024-01-30T16:00:00Z,43355.40,43584.10,43197.70,43525.10,34144.187
2024-01-30T20:00:00Z,43525.10,43750.00,42665.60,42918.30,49397.073
2024-01-31T00:00:00Z,42918.30,43090.00,42634.30,42918.00,33334.684
2024-01-31T04:00:00Z,42918.10,43075.70,42854.70,43031.60,16041.567
2024-01-31T08:00:00Z,43031.50,43077.00,42341.00,42630.20,46489.446
2024-01-31T12:00:00Z,42630.20,43460.00,42503.30,43341.80,75301.219
2024-01-31T16:00:00Z,43341.90,43748.60,43022.30,43316.40,71465.065
2024-01-31T20:00:00Z,43316.30,43348.90,42257.60,42560.50,70437.129
2024-02-01T00:00:00Z,42560.50,42674.90,41866.80,41998.00,51692.193
2024-02-01T04:00:00Z,41998.00,42292.10,41877.00,42182.20,25471.968
2024-02-01T08:00:00Z,42182.30,42323.60,42028.80,42075.90,23431.070
2024-02-01T12:00:00Z,42075.80,42936.60,41926.30,42500.10,75085.797
2024-02-01T16:00:00Z,42500.00,43288.00,42350.00,43206.30,70649.680
2024-02-01T20:00:00Z,43206.30,43278.40,42856.10,43072.60,27990.399
2024-02-02T00:00:00Z,43072.60,43430.00,43005.60,43018.10,26305.244
2024-02-02T04:00:00Z,43018.00,43262.90,42926.40,43076.00,20847.054
2024-02-02T08:00:00Z,43076.00,43191.00,42923.10,43136.80,20151.439
2024-02-02T12:00:00Z,43136.90,43250.00,42512.70,43222.90,72050.288
2024-02-02T16:00:00Z,43222.90,43480.00,42756.10,43044.10,50790.883
2024-02-02T20:00:00Z,43044.20,43221.00,42877.00,43182.00,15622.666
2024-02-03T00:00:00Z,43182.00,43372.20,43119.20,43155.30,17970.113
2024-02-03T04:00:00Z,43155.30,43207.00,43017.00,43037.10,10385.215
2024-02-03T08:00:00Z,43037.10,43110.30,42950.60,42978.00,13257.767
2024-02-03T12:00:00Z,42977.90,43181.30,42858.30,43097.40,18618.511
2024-02-03T16:00:00Z,43097.50,43264.30,43000.00,43046.80,20172.048
2024-02-03T20:00:00Z,43046.80,43088.00,42925.90,42992.40,9331.566
2024-02-04T00:00:00Z,42992.40,43055.00,42871.50,43015.70,9837.114
2024-02-04T04:00:00Z,43015.70,43018.70,42702.40,42822.90,18170.104
2024-02-04T08:00:00Z,42822.80,43112.10,42721.80,43041.60,18845.925
2024-02-04T12:00:00Z,43041.60,43104.90,42820.10,42926.70,18482.552
2024-02-04T16:00:00Z,42926.70,42960.00,42550.00,42623.90,23294.154
2024-02-04T20:00:00Z,42623.90,42977.20,42176.70,42570.30,38791.699
2024-02-05T00:00:00Z,42570.30,42722.00,42235.10,42708.00,27676.486
2024-02-05T04:00:00Z,42707.90,43168.40,42622.80,43059.00,34225.188
2024-02-05T08:00:00Z,43058.90,43264.20,42936.00,43180.80,30502.017
2024-02-05T12:00:00Z,43180.80,43580.00,42580.00,42629.70,72798.166
2024-02-05T16:00:00Z,42629.70,42873.20,42470.20,42757.40,40062.466
2024-02-05T20:00:00Z,42757.40,42789.10,42311.20,42692.90,35391.226
2024-02-06T00:00:00Z,42692.90,42941.10,42559.80,42829.80,24494.620
2024-02-06T04:00:00Z,42829.90,42911.00,42634.10,42870.00,18799.089
2024-02-06T08:00:00Z,42870.00,43110.00,42650.70,42814.30,44085.411
2024-02-06T12:00:00Z,42814.30,43266.40,42631.00,43232.00,49858.046
2024-02-06T16:00:00Z,43232.00,43378.80,42980.80,43261.70,39099.122
2024-02-06T20:00:00Z,43261.70,43312.30,43000.20,43079.10,19821.355
2024-02-07T00:00:00Z,43079.10,43179.60,42763.40,42783.00,20587.882
2024-02-07T04:00:00Z,42783.10,43035.70,42775.00,42904.80,17271.048
2024-02-07T08:00:00Z,42904.90,43191.20,42813.60,42917.40,26488.098
2024-02-07T12:00:00Z,42917.30,43314.90,42864.80,43057.80,44451.179
2024-02-07T16:00:00Z,43057.70,43708.20,42992.20,43596.10,65950.629
2024-02-07T20:00:00Z,43596.20,44388.00,43596.10,44326.20,77308.872
2024-02-08T00:00:00Z,44326.30,44795.10,44306.80,44523.60,57010.272
2024-02-08T04:00:00Z,44523.50,44618.80,44405.00,44500.80,18349.140
2024-02-08T08:00:00Z,44500.80,44884.30,44496.50,44677.90,40028.987
2024-02-08T12:00:00Z,44677.90,45450.00,44580.40,45406.30,91951.672
2024-02-08T16:00:00Z,45406.40,45488.00,44878.00,45260.10,56549.404
2024-02-08T20:00:00Z,45260.20,45600.00,45200.00,45269.10,35848.813
2024-02-09T00:00:00Z,45269.20,46444.00,45218.10,46046.50,72986.429
2024-02-09T04:00:00Z,46046.50,46424.40,45830.10,46185.10,44347.500
2024-02-09T08:00:00Z,46185.10,47290.00,46183.40,47155.90,92742.899
2024-02-09T12:00:00Z,47155.90,47699.50,46638.60,47136.90,162167.146
2024-02-09T16:00:00Z,47137.00,48230.30,47110.30,47486.20,110312.265
2024-02-09T20:00:00Z,47486.30,47671.70,47020.10,47116.10,37363.180
2024-02-10T00:00:00Z,47116.10,47489.90,47025.60,47366.90,24916.310
2024-02-10T04:00:00Z,47366.90,47418.30,47125.00,47130.50,14281.105
2024-02-10T08:00:00Z,47130.60,47258.30,46836.40,47172.80,34605.176
2024-02-10T12:00:00Z,47172.70,47377.00,47083.80,47332.00,24261.183
2024-02-10T16:00:00Z,47331.90,47650.00,47139.00,47511.20,26043.207
2024-02-10T20:00:00Z,47511.30,48189.60,47436.90,47732.60,55519.623
2024-02-11T00:00:00Z,47732.60,48571.40,47539.40,48517.10,49007.905
2024-02-11T04:00:00Z,48517.60,48600.00,48048.20,48169.60,36963.858
2024-02-11T08:00:00Z,48169.50,48439.50,47912.10,48403.70,29479.277
2024-02-11T12:00:00Z,48403.70,48469.30,47914.10,48140.80,37614.010
2024-02-11T16:00:00Z,48140.70,48401.10,47938.00,48282.40,30963.158
2024-02-11T20:00:00Z,48282.30,48379.90,47961.00,48303.40,25923.418
2024-02-12T00:00:00Z,48303.40,48846.00,48001.00,48138.60,52738.429
2024-02-12T04:00:00Z,48138.70,48389.60,47702.00,48213.00,35030.414
2024-02-12T08:00:00Z,48213.00,48323.10,47711.00,47906.00,37963.976
2024-02-12T12:00:00Z,47905.90,49965.30,47841.60,49925.40,141835.936
2024-02-12T16:00:00Z,49925.50,50413.20,49411.60,49545.90,135900.154
2024-02-12T20:00:00Z,49545.90,50293.90,49545.80,49943.60,47426.293
2024-02-13T00:00:00Z,49943.60,50428.80,49754.40,49813.80,40575.467
2024-02-13T04:00:00Z,49813.90,50143.60,49810.00,50019.90,23299.694
2024-02-13T08:00:00Z,50019.80,50290.00,49651.00,50004.00,47417.718
2024-02-13T12:00:00Z,50003.90,50009.30,48356.00,48753.10,162559.433
2024-02-13T16:00:00Z,48753.20,49279.30,48301.00,49044.90,68146.465
2024-02-13T20:00:00Z,49045.00,49783.50,49016.20,49696.40,40349.308
2024-02-14T00:00:00Z,49696.40,49717.30,49320.90,49524.40,20833.112
2024-02-14T04:00:00Z,49524.50,49900.00,49215.70,49845.00,29061.916
2024-02-14T08:00:00Z,49844.90,51829.10,49742.40,51601.20,146804.756
2024-02-14T12:00:00Z,51601.10,52100.00,51302.00,51616.40,113215.908
2024-02-14T16:00:00Z,51616.50,51777.00,51217.70,51707.50,56012.926
2024-02-14T20:00:00Z,51707.50,51924.70,51483.00,51823.20,29263.173
2024-02-15T00:00:00Z,51823.10,52568.30,51732.60,52379.90,75753.234
2024-02-15T04:00:00Z,52379.90,52400.10,51651.00,51802.40,40228.865
2024-02-15T08:00:00Z,51802.50,52549.50,51666.00,52359.10,46926.241
2024-02-15T12:00:00Z,52359.00,52859.00,51750.00,51968.70,116996.891
2024-02-15T16:00:00Z,51968.60,52419.10,51658.00,52022.00,62622.289
2024-02-15T20:00:00Z,52022.10,52035.30,51334.90,51898.50,50197.083
2024-02-16T00:00:00Z,51898.40,52376.10,51824.50,52309.90,31836.617
2024-02-16T04:00:00Z,52309.80,52372.60,51758.00,51786.40,29981.292
2024-02-16T08:00:00Z,51786.40,52470.60,51611.70,52241.10,50737.158
2024-02-16T12:00:00Z,52241.20,52623.00,51623.20,51909.30,87726.020
2024-02-16T16:00:00Z,51909.20,52284.30,51665.40,51780.20,40535.044
2024-02-16T20:00:00Z,51780.20,52245.10,51697.30,52148.60,19003.662
2024-02-17T00:00:00Z,52148.70,52192.80,51870.00,51993.60,12597.447
2024-02-17T04:00:00Z,51993.60,52093.20,51811.00,51933.90,11156.397
2024-02-17T08:00:00Z,51933.90,51934.00,51521.40,51723.70,35256.919
2024-02-17T12:00:00Z,51723.70,51777.00,50647.50,51013.40,93063.831
2024-02-17T16:00:00Z,51013.40,51482.40,50770.80,51428.80,32817.244
2024-02-17T20:00:00Z,51428.20,52109.00,51331.00,51679.40,37450.167
2024-02-18T00:00:00Z,51679.50,51841.40,51178.00,51518.00,27895.491
2024-02-18T04:00:00Z,51518.00,51785.20,51435.10,51703.70,21066.913
2024-02-18T08:00:00Z,51703.70,52107.30,51677.50,51861.10,28696.465
2024-02-18T12:00:00Z,51861.10,51985.90,51563.30,51808.90,27165.839
2024-02-18T16:00:00Z,51809.00,52013.50,51670.10,51791.50,20771.590
2024-02-18T20:00:00Z,51791.60,52450.00,51616.50,52175.90,41040.128
2024-02-19T00:00:00Z,52175.90,52490.00,51933.10,52104.00,25668.051
2024-02-19T04:00:00Z,52104.00,52532.90,52023.40,52423.90,30265.979
2024-02-19T08:00:00Z,52424.00,52495.00,52088.70,52375.90,30014.308
2024-02-19T12:00:00Z,52375.90,52509.10,52051.00,52157.50,37244.590
2024-02-19T16:00:00Z,52157.50,52270.00,51688.80,51851.60,49343.040
2024-02-19T20:00:00Z,51851.60,52148.60,51722.00,51813.80,23852.010
2024-02-20T00:00:00Z,51813.70,51872.20,51330.50,51608.90,35595.672
2024-02-20T04:00:00Z,51608.80,52077.00,51533.10,51869.20,24747.893
2024-02-20T08:00:00Z,51869.20,52443.70,51584.90,52325.80,54336.122
2024-02-20T12:00:00Z,52325.90,53090.90,51367.60,51712.70,151276.089
2024-02-20T16:00:00Z,51712.70,52166.20,50788.00,52131.30,82490.556
2024-02-20T20:00:00Z,52131.20,52561.80,51918.00,52297.40,40466.732
2024-02-21T00:00:00Z,52297.30,52402.30,52021.00,52042.50,18699.387
2024-02-21T04:00:00Z,52042.40,52155.10,51510.00,51599.90,35816.397
2024-02-21T08:00:00Z,51599.90,51835.60,50826.20,50988.10,71637.392
2024-02-21T12:00:00Z,50988.20,51468.00,50528.40,51183.70,85217.852
2024-02-21T16:00:00Z,51183.60,51459.50,50663.00,51082.00,52037.079
2024-02-21T20:00:00Z,51081.90,51991.20,50884.30,51877.80,44719.194
2024-02-22T00:00:00Z,51877.90,51911.60,51176.80,51612.10,31802.892
2024-02-22T04:00:00Z,51612.10,51949.10,51376.70,51860.60,29514.518
2024-02-22T08:00:00Z,51860.60,52078.00,51555.70,51659.20,38151.534
2024-02-22T12:00:00Z,51659.10,51766.00,50967.50,51630.00,65259.700
2024-02-22T16:00:00Z,51630.00,51785.80,51424.00,51547.00,29668.492
2024-02-22T20:00:00Z,51546.90,52130.80,51203.70,51316.90,49747.511
2024-02-23T00:00:00Z,51316.90,51576.30,50989.90,51129.70,28843.394
2024-02-23T04:00:00Z,51129.80,51352.60,50900.20,50952.30,26692.668
2024-02-23T08:00:00Z,50952.30,51300.00,50862.30,51254.10,33220.181
2024-02-23T12:00:00Z,51254.10,51372.30,50804.40,50938.10,57952.033
2024-02-23T16:00:00Z,50938.20,51228.60,50652.90,51131.00,40579.172
2024-02-23T20:00:00Z,51130.90,51187.60,50512.70,50771.90,28187.114
2024-02-24T00:00:00Z,50771.90,50934.90,50611.40,50878.20,19923.319
2024-02-24T04:00:00Z,50878.20,51133.30,50856.10,51099.80,15404.691
2024-02-24T08:00:00Z,51099.80,51195.00,50965.00,51151.90,11282.592
2024-02-24T12:00:00Z,51151.80,51204.20,51053.30,51124.60,10274.880
2024-02-24T16:00:00Z,51124.70,51736.60,51117.10,51590.00,35543.963
2024-02-24T20:00:00Z,51589.90,51712.50,51474.40,51602.10,12515.012
2024-02-25T00:00:00Z,51602.10,51949.80,51465.50,51654.20,23934.575
2024-02-25T04:00:00Z,51654.10,51853.20,51530.30,51756.80,13597.975
2024-02-25T08:00:00Z,51756.90,51817.00,51550.00,51672.30,13141.489
2024-02-25T12:00:00Z,51672.30,51828.40,51465.00,51547.80,20815.578
2024-02-25T16:00:00Z,51547.90,51780.00,51300.40,51708.00,24842.382
2024-02-25T20:00:00Z,51707.90,52050.00,51681.30,51764.90,25845.261
2024-02-26T00:00:00Z,51764.90,51846.10,51431.00,51596.10,17085.810
2024-02-26T04:00:00Z,51596.10,51645.00,51320.00,51327.50,13813.271
2024-02-26T08:00:00Z,51327.50,51429.10,50922.50,51126.40,38647.704
2024-02-26T12:00:00Z,51126.30,52885.50,50990.00,52872.30,99983.070
2024-02-26T16:00:00Z,52872.20,54599.90,52777.20,54531.30,155069.110
2024-02-26T20:00:00Z,54531.20,54991.80,54321.00,54511.60,68867.266
2024-02-27T00:00:00Z,54511.70,57780.00,54495.00,55774.30,144626.561
2024-02-27T04:00:00Z,55773.10,56497.00,55655.00,56100.00,56194.932
2024-02-27T08:00:00Z,56100.10,56879.90,56075.60,56581.40,49250.279
2024-02-27T12:00:00Z,56581.40,57494.30,56501.90,56775.00,134488.874
2024-02-27T16:00:00Z,56775.10,57679.50,56231.00,57390.70,85549.812
2024-02-27T20:00:00Z,57390.70,57415.40,56625.30,57074.50,41365.077
2024-02-28T00:00:00Z,57074.50,57150.40,56730.10,56963.30,19741.359
2024-02-28T04:00:00Z,56963.30,58472.80,56932.20,58300.00,61816.050
2024-02-28T08:00:00Z,58299.90,59589.00,58226.90,58997.40,171926.592
2024-02-28T12:00:00Z,58997.40,61437.40,58940.80,61000.00,230822.903
2024-02-28T16:00:00Z,61000.00,64300.00,59000.00,61032.80,422227.200
2024-02-28T20:00:00Z,61032.80,62710.00,59840.50,62487.90,103584.338
2024-02-29T00:00:00Z,62487.90,62508.40,61105.20,61638.60,67555.583
2024-02-29T04:00:00Z,61638.60,63762.80,61408.30,62761.50,104934.082
2024-02-29T08:00:00Z,62761.60,63460.80,62151.10,63019.80,74702.902
2024-02-29T12:00:00Z,63019.80,63599.90,62050.00,62809.10,104765.172
2024-02-29T16:00:00Z,62809.10,62952.40,60452.00,61681.80,150952.986
2024-02-29T20:00:00Z,61681.70,62345.70,60619.70,61203.30,81803.158
2024-03-01T00:00:00Z,61203.30,61842.20,60844.80,61183.40,34861.575
2024-03-01T04:00:00Z,61183.40,61856.70,61135.00,61485.80,30538.809
2024-03-01T08:00:00Z,61485.90,62332.00,61385.50,61927.70,41673.153
2024-03-01T12:00:00Z,61927.70,62750.00,61200.00,61335.30,78663.840
2024-03-01T16:00:00Z,61335.40,62556.30,61312.10,62270.50,54171.773
2024-03-01T20:00:00Z,62270.50,63199.00,62270.50,62430.60,59322.677
2024-03-02T00:00:00Z,62430.60,62513.10,62004.00,62374.30,28442.554
2024-03-02T04:00:00Z,62374.40,62380.00,61820.00,62071.90,30783.238
2024-03-02T08:00:00Z,62071.90,62217.70,61711.50,61900.00,28774.711
2024-03-02T12:00:00Z,61900.00,62248.20,61605.00,61834.50,34361.163
2024-03-02T16:00:00Z,61834.50,62189.60,61700.00,62185.30,16953.447
2024-03-02T20:00:00Z,62185.30,62276.60,61720.00,62039.90,19968.516
2024-03-03T00:00:00Z,62039.90,62072.40,61700.00,61997.10,15651.137
2024-03-03T04:00:00Z,61997.10,62181.20,61339.50,61641.00,34331.807
2024-03-03T08:00:00Z,61641.00,61963.00,61452.30,61900.00,24394.336
2024-03-03T12:00:00Z,61900.00,62720.00,61885.60,62210.70,54827.945
2024-03-03T16:00:00Z,62210.80,63079.00,62141.00,62797.10,39358.189
2024-03-03T20:00:00Z,62797.10,63330.90,62639.00,63178.50,31749.089
2024-03-04T00:00:00Z,63178.50,64429.30,62299.00,63523.90,106338.610
2024-03-04T04:00:00Z,63524.00,64390.20,63249.10,64120.60,37940.673
2024-03-04T08:00:00Z,64120.60,65717.40,64078.20,65314.00,115160.424
2024-03-04T12:00:00Z,65313.90,66666.60,64566.30,66505.40,119953.810
2024-03-04T16:00:00Z,66505.40,67648.60,66100.00,67483.20,139133.923
2024-03-04T20:00:00Z,67483.20,68600.00,66813.10,68296.40,114354.704
2024-03-05T00:00:00Z,68296.50,68824.70,67616.20,68203.80,79528.678
2024-03-05T04:00:00Z,68203.70,68484.50,65021.10,66223.80,124817.283
2024-03-05T08:00:00Z,66223.80,67290.30,65600.00,66749.00,71036.114
2024-03-05T12:00:00Z,66749.10,69350.00,66484.00,66841.30,197493.725
2024-03-05T16:00:00Z,66839.80,67096.50,59112.00,61510.20,379422.284
2024-03-05T20:00:00Z,61497.30,64393.90,61202.30,63747.40,200727.048
2024-03-06T00:00:00Z,63747.50,64186.00,62829.30,63323.60,54565.237
2024-03-06T04:00:00Z,63323.60,66846.60,63313.30,66759.40,108137.773
2024-03-06T08:00:00Z,66759.30,67729.50,66117.40,67383.90,94868.205
2024-03-06T12:00:00Z,67383.90,67689.80,64615.50,66541.30,173035.007
2024-03-06T16:00:00Z,66541.30,67570.00,66275.00,66803.50,63884.768
2024-03-06T20:00:00Z,66803.50,67425.20,65750.60,66128.10,39520.823
2024-03-07T00:00:00Z,66128.00,66539.00,65609.30,65914.90,35529.364
2024-03-07T04:00:00Z,65915.00,66536.10,65702.80,66447.80,35034.810
2024-03-07T08:00:00Z,66447.80,67350.00,66404.20,66974.90,48238.410
2024-03-07T12:00:00Z,66975.00,67994.00,66588.00,67317.10,84112.593
2024-03-07T16:00:00Z,67317.20,68101.30,67068.50,67559.30,56791.611
2024-03-07T20:00:00Z,67559.40,67974.80,66852.10,66870.00,36386.000
2024-03-08T00:00:00Z,66870.00,67339.60,66800.00,67219.90,23836.852
2024-03-08T04:00:00Z,67220.00,67719.30,66818.10,67308.50,27850.418
2024-03-08T08:00:00Z,67308.50,67838.00,67093.00,67822.00,27365.479
2024-03-08T12:00:00Z,67821.50,70330.80,67219.40,67685.80,168389.285
2024-03-08T16:00:00Z,67685.80,68922.00,66120.00,68922.00,152017.882
2024-03-08T20:00:00Z,68921.90,69447.00,67820.00,68180.20,59927.291
2024-03-09T00:00:00Z,68180.20,68343.90,67908.70,68297.10,17481.310
2024-03-09T04:00:00Z,68297.20,68608.70,68179.30,68336.30,15255.702
2024-03-09T08:00:00Z,68336.30,68530.50,67996.00,68360.30,22150.292
2024-03-09T12:00:00Z,68360.30,68580.00,68125.40,68341.60,18353.712
2024-03-09T16:00:00Z,68341.50,68391.80,68050.00,68255.00,12015.249
2024-03-09T20:00:00Z,68255.00,68497.80,68254.90,68360.10,9642.740
2024-03-10T00:00:00Z,68360.20,69344.00,68262.50,69208.10,44236.817
2024-03-10T04:00:00Z,69208.00,69780.00,69099.10,69430.00,30333.559
2024-03-10T08:00:00Z,69429.90,69999.80,69227.30,69639.50,47002.381
2024-03-10T12:00:00Z,69639.60,69937.70,68672.90,69254.70,50095.129
2024-03-10T16:00:00Z,69254.60,69845.90,69168.90,69465.00,23895.198
2024-03-10T20:00:00Z,69465.10,69522.70,68155.00,69001.80,38033.439
2024-03-11T00:00:00Z,69001.80,69016.30,67000.00,68657.40,69458.296
2024-03-11T04:00:00Z,68657.40,71537.70,68502.40,71223.80,114734.582
2024-03-11T08:00:00Z,71223.90,72346.30,71211.50,71558.60,97544.481
2024-03-11T12:00:00Z,71558.60,72772.50,71405.20,72061.40,98754.823
2024-03-11T16:00:00Z,72061.30,72890.00,71800.00,72041.30,63972.169
2024-03-11T20:00:00Z,72041.30,72850.00,71884.70,72153.80,29932.546
2024-03-12T00:00:00Z,72153.90,72571.00,71300.00,71673.40,37698.804
2024-03-12T04:00:00Z,71673.30,72425.00,71342.00,72175.50,45975.945
2024-03-12T08:00:00Z,72175.60,72461.40,71438.50,72098.70,39679.087
2024-03-12T12:00:00Z,72098.70,73370.00,70777.70,71779.20,129025.702
2024-03-12T16:00:00Z,71779.20,71910.00,68600.00,71403.10,182962.502
2024-03-12T20:00:00Z,71403.00,71623.30,70623.80,71503.20,36730.291
2024-03-13T00:00:00Z,71503.30,72300.00,71388.10,72135.80,30308.014
2024-03-13T04:00:00Z,72135.80,73311.70,71990.00,72964.00,48978.929
2024-03-13T08:00:00Z,72964.10,73755.00,72934.10,73149.90,50161.327
2024-03-13T12:00:00Z,73149.80,73276.90,71671.10,72670.20,97371.457
2024-03-13T16:00:00Z,72670.20,73421.60,72410.60,73399.90,39746.775
2024-03-13T20:00:00Z,73399.90,73485.10,72883.20,73127.60,21879.836
2024-03-14T00:00:00Z,73127.60,73385.00,72540.50,73333.30,26763.274
2024-03-14T04:00:00Z,73333.30,73881.40,72720.00,73280.70,54976.316
2024-03-14T08:00:00Z,73280.70,73598.00,72678.00,72939.40,34164.114
2024-03-14T12:00:00Z,72939.40,73115.50,70563.00,70904.50,145808.719
2024-03-14T16:00:00Z,70904.50,71548.00,68600.00,69500.40,179635.464
2024-03-14T20:00:00Z,69500.40,71785.00,69392.10,71455.50,72553.350
2024-03-15T00:00:00Z,71455.60,72500.00,66660.10,68266.00,183221.843
2024-03-15T04:00:00Z,68266.00,68910.50,66905.00,68487.40,112860.506
2024-03-15T08:00:00Z,68487.40,68665.50,65580.00,67818.30,161336.026
2024-03-15T12:00:00Z,67818.30,68777.00,67444.90,68199.20,74867.568
2024-03-15T16:00:00Z,68199.20,70715.90,67568.00,69003.00,108426.144
2024-03-15T20:00:00Z,69002.90,69813.60,67420.00,69552.20,65098.598
2024-03-16T00:00:00Z,69552.10,70097.60,68967.10,69247.60,36440.378
2024-03-16T04:00:00Z,69247.60,69527.60,68646.00,69490.20,25526.924
2024-03-16T08:00:00Z,69490.20,69490.20,67739.60,68300.10,43345.593
2024-03-16T12:00:00Z,68300.00,68557.60,67576.00,68431.80,47936.852
2024-03-16T16:00:00Z,68431.90,68477.00,66700.00,66969.10,75874.402
2024-03-16T20:00:00Z,66969.10,67600.00,64750.00,65351.00,104301.980
2024-03-17T00:00:00Z,65351.00,66630.70,65166.60,66574.40,54153.223
2024-03-17T04:00:00Z,66574.50,66600.00,64559.80,65681.20,70177.078
2024-03-17T08:00:00Z,65681.10,67600.00,65333.00,67015.00,66619.301
2024-03-17T12:00:00Z,67014.90,68199.00,66500.00,68009.80,57971.821
2024-03-17T16:00:00Z,68009.90,68757.10,67812.20,68575.50,36619.508
2024-03-17T20:00:00Z,68575.50,68972.40,68001.60,68447.90,29349.378
2024-03-18T00:00:00Z,68447.90,68486.60,66814.60,68038.10,53949.744
2024-03-18T04:00:00Z,68038.10,69044.40,67760.10,68262.90,37297.925
2024-03-18T08:00:00Z,68262.90,68557.90,67350.60,68307.70,45501.817
2024-03-18T12:00:00Z,68307.60,68685.30,66658.00,67509.20,93123.928
2024-03-18T16:00:00Z,67509.20,68140.00,66601.60,66985.70,60098.513
2024-03-18T20:00:00Z,66985.80,68054.90,66985.80,67660.00,27913.989
2024-03-19T00:00:00Z,67660.00,68178.60,64893.10,65930.50,118043.870
2024-03-19T04:00:00Z,65930.40,66044.00,63625.00,64742.10,114699.638
2024-03-19T08:00:00Z,64742.10,64750.00,62545.00,63137.10,148646.191
2024-03-19T12:00:00Z,63137.10,64198.70,62412.10,64084.00,120209.988
2024-03-19T16:00:00Z,64084.10,65802.80,64003.00,64435.00,107528.517
2024-03-19T20:00:00Z,64435.00,64549.20,61582.80,61974.10,91338.591
2024-03-20T00:00:00Z,61974.10,63544.10,61661.70,61894.80,101026.897
2024-03-20T04:00:00Z,61896.30,63248.80,60800.00,62995.10,111380.629
2024-03-20T08:00:00Z,62995.10,64010.00,62676.60,63432.00,70517.139
2024-03-20T12:00:00Z,63432.00,64450.00,63113.60,63649.00,93735.674
2024-03-20T16:00:00Z,63648.90,66062.40,62057.70,65821.60,160980.964
2024-03-20T20:00:00Z,65821.60,68140.00,65692.30,67876.40,99721.162
2024-03-21T00:00:00Z,67876.40,68293.90,66400.40,66707.80,56126.971
2024-03-21T04:00:00Z,66707.80,67384.60,66129.00,67031.80,51815.644
2024-03-21T08:00:00Z,67031.80,67716.60,66695.60,67082.30,40706.816
2024-03-21T12:00:00Z,67082.30,67774.30,66105.80,66601.60,72640.997
2024-03-21T16:00:00Z,66601.60,67066.60,64924.60,65276.00,75882.498
2024-03-21T20:00:00Z,65274.30,66000.00,64550.10,65539.90,50045.459
2024-03-22T00:00:00Z,65539.90,66200.00,65163.00,66017.80,39257.301
2024-03-22T04:00:00Z,66017.80,66691.90,65801.40,66223.40,28624.153
2024-03-22T08:00:00Z,66223.30,66413.00,64102.00,64268.00,64282.856
2024-03-22T12:00:00Z,64268.10,64729.10,62614.50,63920.00,142184.833
2024-03-22T16:00:00Z,63920.00,64168.00,62794.60,63907.20,67901.638
2024-03-22T20:00:00Z,63907.40,64017.10,62294.00,63826.00,58898.552
2024-03-23T00:00:00Z,63826.10,64418.00,63020.20,63592.00,45171.862
2024-03-23T04:00:00Z,63592.00,64887.60,63537.80,64606.50,38575.356
2024-03-23T08:00:00Z,64606.60,64875.20,64221.30,64674.90,30575.575
2024-03-23T12:00:00Z,64674.80,65473.80,64320.00,65147.50,50015.088
2024-03-23T16:00:00Z,65147.40,66050.00,64823.50,64917.90,46298.247
2024-03-23T20:00:00Z,64918.00,65245.30,63861.90,64020.30,28487.872
2024-03-24T00:00:00Z,64020.40,64770.30,63951.70,64007.60,26955.583
2024-03-24T04:00:00Z,64008.10,64633.60,63822.00,64624.60,26527.085
2024-03-24T08:00:00Z,64624.60,65432.90,64511.90,65371.90,38847.042
2024-03-24T12:00:00Z,65371.90,65974.70,65224.70,65718.60,42167.269
2024-03-24T16:00:00Z,65718.60,66127.00,64635.00,65886.80,54566.413
2024-03-24T20:00:00Z,65886.80,67700.00,65777.30,67260.90,55116.043
2024-03-25T00:00:00Z,67260.90,67409.60,66427.60,67407.80,38631.742
2024-03-25T04:00:00Z,67407.80,67780.00,66744.00,66866.60,38989.057
2024-03-25T08:00:00Z,66866.50,67388.30,66784.20,66855.90,29696.402
2024-03-25T12:00:00Z,66855.10,70108.10,66825.50,69844.60,140201.921
2024-03-25T16:00:00Z,69844.50,71063.60,69505.80,71019.60,87615.027
2024-03-25T20:00:00Z,71019.60,71228.30,69608.90,69920.50,60022.042
2024-03-26T00:00:00Z,69920.60,70679.00,69782.20,70473.80,30683.177
2024-03-26T04:00:00Z,70473.70,71649.00,70302.40,70535.00,50356.280
2024-03-26T08:00:00Z,70535.00,71340.80,70295.90,70734.20,44137.268
2024-03-26T12:00:00Z,70734.10,71200.00,69320.00,70307.10,101981.595
2024-03-26T16:00:00Z,70307.00,70580.00,69465.20,69523.30,54669.999
2024-03-26T20:00:00Z,69523.20,70368.00,69420.00,70044.10,26032.797
2024-03-27T00:00:00Z,70044.20,70799.30,69888.00,70445.10,35628.422
2024-03-27T04:00:00Z,70445.20,70650.00,69690.10,69798.80,31346.500
2024-03-27T08:00:00Z,69797.50,70436.60,69466.40,70290.30,38869.095
2024-03-27T12:00:00Z,70290.20,71888.00,68551.00,68922.00,202602.158
2024-03-27T16:00:00Z,68922.10,69487.80,68364.80,68707.80,69700.950
2024-03-27T20:00:00Z,68707.70,69703.70,68677.20,69532.60,29139.449
2024-03-28T00:00:00Z,69532.60,70081.90,68941.00,69349.30,31861.746
2024-03-28T04:00:00Z,69349.30,70564.00,69333.00,70456.80,37488.507
2024-03-28T08:00:00Z,70457.00,71050.00,70344.90,70707.70,42713.479
2024-03-28T12:00:00Z,70707.70,71636.20,70411.00,71335.10,78369.544
2024-03-28T16:00:00Z,71335.20,71381.40,70455.60,70837.10,33522.126
2024-03-28T20:00:00Z,70837.10,71138.00,70592.30,70838.70,18015.420
2024-03-29T00:00:00Z,70838.80,70976.90,70335.10,70491.80,18384.635
2024-03-29T04:00:00Z,70491.70,70598.50,69801.90,69855.60,30990.097
2024-03-29T08:00:00Z,69855.60,70379.90,69612.80,70182.90,36337.211
2024-03-29T12:00:00Z,70183.00,70704.80,69000.00,69240.10,60730.386
2024-03-29T16:00:00Z,69240.40,69734.60,69125.40,69720.60,26131.250
2024-03-29T20:00:00Z,69720.50,69970.10,69327.00,69903.60,15397.262
2024-03-30T00:00:00Z,69903.60,70245.00,69753.30,69836.80,17158.879
2024-03-30T04:00:00Z,69836.80,70388.00,69805.10,69900.10,18320.399
2024-03-30T08:00:00Z,69900.20,70254.70,69872.30,70237.10,14184.529
2024-03-30T12:00:00Z,70237.10,70328.00,69961.30,70064.90,13327.590
2024-03-30T16:00:00Z,70065.00,70373.80,69712.30,69944.70,16241.650
2024-03-30T20:00:00Z,69944.70,69959.00,69577.20,69642.10,11893.703
2024-03-31T00:00:00Z,69642.00,70224.20,69608.00,69980.80,16822.223
2024-03-31T04:00:00Z,69980.90,70555.60,69928.00,70366.50,19570.180
2024-03-31T08:00:00Z,70367.50,70549.50,70200.00,70442.60,12809.761
2024-03-31T12:00:00Z,70442.60,70824.00,70329.60,70446.20,25610.054
2024-03-31T16:00:00Z,70446.20,71383.20,70387.80,71135.10,33030.260
2024-03-31T20:00:00Z,71135.10,71495.50,70711.00,71363.00,24616.312
2024-04-01T00:00:00Z,71363.00,71388.00,70588.00,70650.10,21815.323
2024-04-01T04:00:00Z,70650.00,70727.20,68895.50,69637.00,70969.124
2024-04-01T08:00:00Z,69637.00,69868.90,69222.00,69520.40,29105.420
2024-04-01T12:00:00Z,69520.40,70145.00,68210.00,68281.00,83634.103
2024-04-01T16:00:00Z,68280.90,69866.10,68103.30,69682.10,53164.149
2024-04-01T20:00:00Z,69682.20,69949.00,69361.00,69700.00,24124.007
2024-04-02T00:00:00Z,69700.00,69731.60,65600.00,66734.10,118225.311
2024-04-02T04:00:00Z,66734.10,67157.00,66150.00,66503.30,55086.316
2024-04-02T08:00:00Z,66503.40,66748.00,65108.00,65684.20,101124.889
2024-04-02T12:00:00Z,65684.20,66289.00,64650.00,64928.30,121001.846
2024-04-02T16:00:00Z,64928.20,66225.20,64603.20,65946.80,70323.338
2024-04-02T20:00:00Z,65946.80,66147.10,65223.30,65505.30,33279.872
2024-04-03T00:00:00Z,65502.40,66341.80,64500.00,66252.20,60445.956
2024-04-03T04:00:00Z,66252.20,66550.00,65955.00,66181.10,31478.147
2024-04-03T08:00:00Z,66181.20,66696.50,65555.00,66094.30,47333.798
2024-04-03T12:00:00Z,66094.20,66940.00,65661.00,65873.90,67186.665
2024-04-03T16:00:00Z,65873.90,66624.00,65451.10,65798.80,45312.020
2024-04-03T20:00:00Z,65798.80,66324.00,65500.10,65971.90,23284.644
2024-04-04T00:00:00Z,65971.80,66375.80,65451.30,65637.20,30274.072
2024-04-04T04:00:00Z,65637.20,66307.00,65100.00,66104.80,39140.486
2024-04-04T08:00:00Z,66104.70,66500.00,66036.00,66361.50,24461.347
2024-04-04T12:00:00Z,66361.50,67916.00,66336.60,67631.80,75527.215
2024-04-04T16:00:00Z,67631.70,69329.70,67514.70,68484.00,97105.541
2024-04-04T20:00:00Z,68483.90,68581.00,67291.30,68489.90,59876.677
2024-04-05T00:00:00Z,68489.80,68787.10,67420.20,67885.40,37413.887
2024-04-05T04:00:00Z,67885.50,68051.40,66376.00,66937.40,50688.326
2024-04-05T08:00:00Z,66937.40,67700.00,66388.40,66502.80,56234.546
2024-04-05T12:00:00Z,66502.80,68585.90,65966.00,68201.50,110822.813
2024-04-05T16:00:00Z,68200.00,68388.10,67326.60,67400.00,41415.268
2024-04-05T20:00:00Z,67400.00,67977.00,67333.30,67825.70,16972.453
2024-04-06T00:00:00Z,67825.80,68074.80,67450.00,67793.30,18480.422
2024-04-06T04:00:00Z,67793.40,68240.10,67601.00,67985.10,17391.704
2024-04-06T08:00:00Z,67985.10,68129.00,67610.00,67655.00,15249.245
2024-04-06T12:00:00Z,67654.90,68320.00,67525.00,68094.00,21939.242
2024-04-06T16:00:00Z,68094.00,68490.10,67923.40,68259.50,18317.958
2024-04-06T20:00:00Z,68259.40,69708.00,68158.50,68901.60,35965.155
2024-04-07T00:00:00Z,68901.50,69800.00,68820.60,69402.10,30693.366
2024-04-07T04:00:00Z,69402.20,69499.50,69055.10,69367.40,17331.856
2024-04-07T08:00:00Z,69367.30,69579.20,69198.30,69366.10,15464.263
2024-04-07T12:00:00Z,69366.20,69921.30,69215.10,69567.90,33660.142
2024-04-07T16:00:00Z,69567.90,70395.00,68881.30,69089.90,54047.410
2024-04-07T20:00:00Z,69090.00,69492.90,68900.90,69362.70,20586.399
2024-04-08T00:00:00Z,69362.70,69898.00,69040.40,69484.90,26553.497
2024-04-08T04:00:00Z,69485.00,70917.00,69296.60,70745.40,40704.221
2024-04-08T08:00:00Z,70745.40,72753.60,70677.60,72472.60,110069.526
2024-04-08T12:00:00Z,72472.60,72890.40,71276.00,71815.70,70417.438
2024-04-08T16:00:00Z,71815.70,72171.60,71338.30,71807.20,34303.610
2024-04-08T20:00:00Z,71807.30,72077.30,71552.50,71678.40,15189.157
2024-04-09T00:00:00Z,71678.30,71820.60,70900.00,71339.00,33623.357
2024-04-09T04:00:00Z,71339.00,71399.90,70160.00,70444.00,48492.765
2024-04-09T08:00:00Z,70444.10,70961.00,69536.80,70858.30,66018.368
2024-04-09T12:00:00Z,70858.20,71048.30,68538.00,69322.80,113450.195
2024-04-09T16:00:00Z,69322.80,69369.90,68216.00,69049.70,54110.638
2024-04-09T20:00:00Z,69049.60,69473.40,68913.20,69189.30,18364.080
2024-04-10T00:00:00Z,69189.20,69650.00,68514.00,69193.10,38460.266
2024-04-10T04:00:00Z,69193.20,69564.00,69049.00,69381.60,19061.143
2024-04-10T08:00:00Z,69381.60,69381.60,68662.70,69094.70,32864.250
2024-04-10T12:00:00Z,69094.80,69275.10,67546.20,68687.90,125630.717
2024-04-10T16:00:00Z,68688.00,70130.00,68585.00,70121.00,71230.063
2024-04-10T20:00:00Z,70120.30,71412.20,69613.40,70681.70,50528.317
2024-04-11T00:00:00Z,70681.80,71128.80,70340.00,70900.50,25776.252
2024-04-11T04:00:00Z,70900.50,71387.40,70421.00,70789.10,32669.624
2024-04-11T08:00:00Z,70789.10,71337.80,69921.10,70043.30,45863.876
2024-04-11T12:00:00Z,70043.40,71160.00,69592.60,70045.90,96654.864
2024-04-11T16:00:00Z,70045.90,70577.70,69608.10,70491.40,34983.242
2024-04-11T20:00:00Z,70491.30,70806.40,69800.00,70055.70,20246.295
2024-04-12T00:00:00Z,70055.60,71071.40,70044.40,71034.30,28772.522
2024-04-12T04:00:00Z,71034.30,71297.00,70633.60,70825.90,25196.369
2024-04-12T08:00:00Z,70825.90,71038.90,70552.90,70950.90,21288.038
2024-04-12T12:00:00Z,70950.90,71028.00,69267.00,69374.10,82025.367
2024-04-12T16:00:00Z,69374.00,69626.70,65102.00,66867.50,220063.110
2024-04-12T20:00:00Z,66867.60,67498.70,66695.10,67136.40,38182.743
2024-04-13T00:00:00Z,67136.40,67200.00,65754.60,67188.40,55177.302
2024-04-13T04:00:00Z,67188.50,67975.40,67039.30,67466.10,42109.713
2024-04-13T08:00:00Z,67466.10,67842.90,67116.90,67377.00,23444.783
2024-04-13T12:00:00Z,67377.10,67954.00,67175.00,67683.20,29542.422
2024-04-13T16:00:00Z,67683.20,67770.00,63530.00,64779.10,107653.080
2024-04-13T20:00:00Z,64779.10,65667.70,59652.50,63939.70,257077.903
2024-04-14T00:00:00Z,63939.70,64297.10,62139.30,63428.70,88650.039
2024-04-14T04:00:00Z,63428.50,64869.00,63383.30,64449.90,50112.447
2024-04-14T08:00:00Z,64449.90,64891.60,63850.00,64150.20,40232.475
2024-04-14T12:00:00Z,64150.20,64846.10,63428.60,64163.30,59925.363
2024-04-14T16:00:00Z,64163.30,64733.00,62550.00,64146.00,92113.232
2024-04-14T20:00:00Z,64146.00,65822.10,63300.00,65615.90,64736.577
2024-04-15T00:00:00Z,65615.90,65842.80,64903.10,65107.90,35393.543
2024-04-15T04:00:00Z,65108.00,66550.00,64649.20,66224.80,53589.263
2024-04-15T08:00:00Z,66224.90,66874.90,65801.00,65848.60,41279.881
2024-04-15T12:00:00Z,65848.60,66369.70,63800.00,64552.80,94952.165
2024-04-15T16:00:00Z,64552.60,64848.80,62242.50,63269.90,113636.279
2024-04-15T20:00:00Z,63269.90,63610.30,62606.00,63392.70,42681.094
2024-04-16T00:00:00Z,63392.80,63879.60,62711.00,62937.60,43701.669
2024-04-16T04:00:00Z,62937.60,63786.30,61651.80,63487.90,68412.564
2024-04-16T08:00:00Z,63488.00,63646.90,61521.00,63064.60,80931.579
2024-04-16T12:00:00Z,63064.60,63399.70,61704.70,61749.20,98458.370
2024-04-16T16:00:00Z,61749.20,63277.10,61680.00,62691.00,73768.751
2024-04-16T20:00:00Z,62690.90,64356.30,62519.30,63765.00,40658.506
2024-04-17T00:00:00Z,63764.90,64283.30,63541.70,63806.00,28336.977
2024-04-17T04:00:00Z,63806.10,64483.30,63170.50,63260.80,36161.176
2024-04-17T08:00:00Z,63260.70,63562.70,62490.00,62576.90,41805.835
2024-04-17T12:00:00Z,62576.80,62957.20,59713.20,60272.00,180202.594
2024-04-17T16:00:00Z,60274.00,61938.00,59625.00,60997.20,122038.404
2024-04-17T20:00:00Z,60997.10,61743.70,60741.30,61254.50,35488.006
2024-04-18T00:00:00Z,61254.50,62194.80,60900.00,61953.50,39391.280
2024-04-18T04:00:00Z,61953.60,62048.00,60763.80,61154.70,45077.119
2024-04-18T08:00:00Z,61154.60,63049.90,60824.20,62563.00,60982.513
2024-04-18T12:00:00Z,62563.00,64100.00,61558.00,63474.00,118803.773
2024-04-18T16:00:00Z,63473.90,63857.50,62268.40,63438.00,68984.116
2024-04-18T20:00:00Z,63437.30,63815.60,63123.30,63445.00,30063.593
2024-04-19T00:00:00Z,63445.00,63449.90,59541.00,61757.10,162327.211
2024-04-19T04:00:00Z,61757.10,65189.00,61701.30,64519.60,132400.625
2024-04-19T08:00:00Z,64519.50,65480.00,64088.10,64839.80,79968.568
2024-04-19T12:00:00Z,64839.80,65420.50,63779.70,64417.70,83821.582
2024-04-19T16:00:00Z,64417.60,64823.60,63477.50,64307.20,67738.532
2024-04-19T20:00:00Z,64307.20,64478.80,62910.00,63787.40,48007.540
2024-04-20T00:00:00Z,63787.40,64236.20,63045.10,63931.80,41252.775
2024-04-20T04:00:00Z,63931.80,64244.00,63779.90,63937.90,19125.163
2024-04-20T08:00:00Z,63938.00,63967.20,63244.00,63688.70,35323.020
2024-04-20T12:00:00Z,63688.70,64940.00,63537.30,64771.00,33816.236
2024-04-20T16:00:00Z,64771.00,65400.00,64421.80,64834.70,50097.196
2024-04-20T20:00:00Z,64834.80,65013.00,64513.10,64897.20,17527.872
2024-04-21T00:00:00Z,64897.20,65678.70,64570.50,65131.20,30568.361
2024-04-21T04:00:00Z,65131.30,65216.30,64803.10,65109.80,17902.665
2024-04-21T08:00:00Z,65109.80,65425.00,64728.30,65203.50,25335.640
2024-04-21T12:00:00Z,65203.50,65362.30,64743.70,65015.00,24230.119
2024-04-21T16:00:00Z,65014.90,65068.70,64214.20,64506.90,37769.782
2024-04-21T20:00:00Z,64507.00,65242.00,64322.70,64912.60,24727.381
2024-04-22T00:00:00Z,64912.70,66101.00,64470.50,65677.60,56789.099
2024-04-22T04:00:00Z,65677.50,66449.00,65466.60,65943.70,41069.709
2024-04-22T08:00:00Z,65943.80,66180.00,65664.60,65856.20,23493.116
2024-04-22T12:00:00Z,65856.10,66449.00,65600.70,65966.80,49814.265
2024-04-22T16:00:00Z,65966.80,66819.60,65866.80,66495.60,43140.787
2024-04-22T20:00:00Z,66495.60,67222.00,66300.10,66778.00,31961.435
2024-04-23T00:00:00Z,66777.90,67158.90,66383.50,66410.10,25070.758
2024-04-23T04:00:00Z,66410.00,66627.60,65988.00,66079.90,27576.254
2024-04-23T08:00:00Z,66079.90,66297.00,65812.00,66023.50,24977.278
2024-04-23T12:00:00Z,66023.50,67099.70,65750.00,66393.20,59203.747
2024-04-23T16:00:00Z,66393.20,66887.00,66311.40,66456.00,22329.169
2024-04-23T20:00:00Z,66455.90,66457.10,65924.70,66386.30,19508.358
2024-04-24T00:00:00Z,66386.20,66869.80,66347.20,66585.70,18340.202
2024-04-24T04:00:00Z,66585.80,67068.20,66520.80,66588.90,23285.043
2024-04-24T08:00:00Z,66588.90,66721.70,66172.00,66550.70,24802.818
2024-04-24T12:00:00Z,66550.70,66711.90,64489.70,64594.00,103026.913
2024-04-24T16:00:00Z,64593.50,65122.00,63695.00,63960.90,71058.223
2024-04-24T20:00:00Z,63960.80,64426.60,63575.00,64250.00,40031.862
2024-04-25T00:00:00Z,64250.00,64713.60,63823.20,64260.00,29118.115
2024-04-25T04:00:00Z,64259.90,64377.10,63800.00,63996.10,23629.633
2024-04-25T08:00:00Z,63996.20,64180.00,63300.00,63826.90,47523.366
2024-04-25T12:00:00Z,63827.00,64316.50,62721.30,64091.70,92249.687
2024-04-25T16:00:00Z,64091.60,64995.70,63934.00,64721.50,52582.241
2024-04-25T20:00:00Z,64721.60,65270.60,64413.40,64478.80,30108.020
2024-04-26T00:00:00Z,64478.80,64649.70,63844.00,64359.70,32749.047
2024-04-26T04:00:00Z,64359.60,64590.30,63992.60,64236.60,22324.933
2024-04-26T08:00:00Z,64236.70,64544.80,64031.50,64213.60,20015.817
2024-04-26T12:00:00Z,64213.60,64783.10,63325.00,63481.30,81303.560
2024-04-26T16:00:00Z,63481.20,64156.00,63291.50,63723.60,32853.541
2024-04-26T20:00:00Z,63723.60,64097.40,63648.60,63748.80,12902.915
2024-04-27T00:00:00Z,63748.70,63901.40,62332.80,63047.20,59693.740
2024-04-27T04:00:00Z,63047.20,63157.60,62760.70,62944.30,17253.027
2024-04-27T08:00:00Z,62944.30,63044.60,62650.00,62834.50,14504.338
2024-04-27T12:00:00Z,62834.40,63390.80,62780.30,62928.40,23358.700
2024-04-27T16:00:00Z,62928.30,63624.40,62700.20,63329.80,39059.005
2024-04-27T20:00:00Z,63329.90,63532.60,63115.00,63421.00,13480.299
2024-04-28T00:00:00Z,63420.90,64350.00,63420.90,63989.80,28362.952
2024-04-28T04:00:00Z,63989.90,64041.40,63760.90,63883.10,14698.248
2024-04-28T08:00:00Z,63883.20,63954.60,63230.70,63459.10,21213.117
2024-04-28T12:00:00Z,63459.00,63832.00,63385.10,63508.60,17692.993
2024-04-28T16:00:00Z,63508.50,63973.90,63446.20,63688.90,14380.740
2024-04-28T20:00:00Z,63688.90,63716.90,62700.00,63088.30,29708.101
2024-04-29T00:00:00Z,63088.40,63337.80,62056.10,62259.90,33929.947
2024-04-29T04:00:00Z,62259.90,62632.10,61888.00,62362.00,40103.763
2024-04-29T08:00:00Z,62362.10,62658.70,62150.00,62222.90,22955.752
2024-04-29T12:00:00Z,62222.60,63085.00,61726.20,63012.20,66488.045
2024-04-29T16:00:00Z,63012.20,63227.30,62511.10,62953.40,30356.738
2024-04-29T20:00:00Z,62953.40,64200.00,62787.60,63842.40,34576.918
2024-04-30T00:00:00Z,63842.40,64700.00,63075.90,63627.10,54356.874
2024-04-30T04:00:00Z,63627.10,63691.30,63050.00,63123.80,21881.930
2024-04-30T08:00:00Z,63123.70,63220.40,61000.00,61182.30,92748.254
2024-04-30T12:00:00Z,61182.30,61576.10,60517.60,60764.90,86741.926
2024-04-30T16:00:00Z,60764.90,60887.90,59150.00,59276.20,99188.100
2024-04-30T20:00:00Z,59276.10,61063.20,59256.60,60651.20,53830.619
2024-05-01T00:00:00Z,60651.20,60816.70,59555.00,60214.00,41842.441
2024-05-01T04:00:00Z,60214.00,60331.80,57030.00,57482.00,111582.926
2024-05-01T08:00:00Z,57482.00,57881.00,56537.70,57862.10,105319.627
2024-05-01T12:00:00Z,57862.20,58257.80,56651.20,56865.20,86671.022
2024-05-01T16:00:00Z,56865.30,59438.20,56600.00,56935.70,163355.410
2024-05-01T20:00:00Z,56935.70,58550.80,56729.00,58307.60,55336.974
2024-05-02T00:00:00Z,58307.70,58571.10,56951.60,57407.60,48642.413
2024-05-02T04:00:00Z,57407.70,57933.10,57175.40,57645.00,24643.195
2024-05-02T08:00:00Z,57645.00,58696.60,57542.40,58538.40,54335.416
2024-05-02T12:00:00Z,58538.50,59441.60,58186.70,59230.70,97124.360
2024-05-02T16:00:00Z,59230.80,59557.40,58895.60,59324.40,38379.928
2024-05-02T20:00:00Z,59324.50,59637.30,58594.40,59036.70,36103.990
2024-05-03T00:00:00Z,59036.70,59976.90,58781.30,59687.90,36797.051
2024-05-03T04:00:00Z,59687.90,59810.00,59031.50,59158.10,23719.982
2024-05-03T08:00:00Z,59158.10,59562.90,58818.20,59269.30,31556.268
2024-05-03T12:00:00Z,59269.40,62239.60,58970.50,61662.10,155671.882
2024-05-03T16:00:00Z,61662.20,62181.00,61497.60,62031.90,40812.563
2024-05-03T20:00:00Z,62031.90,63333.00,61931.10,62853.70,65048.713
2024-05-04T00:00:00Z,62853.70,63555.50,62520.00,62698.10,35544.126
2024-05-04T04:00:00Z,62698.00,63430.00,62652.50,62931.30,29638.413
2024-05-04T08:00:00Z,62931.40,64547.90,62888.00,63850.00,62488.680
2024-05-04T12:00:00Z,63850.00,64137.80,63424.00,63590.00,35808.475
2024-05-04T16:00:00Z,63590.10,64000.00,63278.10,63885.20,21209.796
2024-05-04T20:00:00Z,63885.20,64198.90,63503.10,63864.20,20515.709
2024-05-05T00:00:00Z,63864.30,64170.60,62833.00,63209.80,40066.159
2024-05-05T04:00:00Z,63209.80,63932.40,63067.30,63697.10,22134.259
2024-05-05T08:00:00Z,63697.10,63907.90,63505.70,63838.00,20907.752
2024-05-05T12:00:00Z,63838.10,64644.30,63588.70,64398.00,51798.380
2024-05-05T16:00:00Z,64398.10,64531.90,63756.00,63846.00,29615.387
2024-05-05T20:00:00Z,63846.00,64217.40,63520.30,63988.00,20973.716
2024-05-06T00:00:00Z,63987.90,64443.30,63666.00,63830.10,22429.192
2024-05-06T04:00:00Z,63830.00,64564.50,63738.90,64509.60,29368.823
2024-05-06T08:00:00Z,64509.50,65500.00,63779.10,64178.10,90546.106
2024-05-06T12:00:00Z,64178.10,64295.10,62900.00,63599.80,92005.477
2024-05-06T16:00:00Z,63599.90,63731.30,62655.30,63200.00,52386.835
2024-05-06T20:00:00Z,63199.90,63598.70,63025.00,63142.80,18373.634
2024-05-07T00:00:00Z,63142.70,63950.00,62805.60,63204.10,38286.024
2024-05-07T04:00:00Z,63204.10,63830.00,63056.80,63648.90,23770.021
2024-05-07T08:00:00Z,63648.90,64392.20,63313.20,63472.40,47888.360
2024-05-07T12:00:00Z,63472.40,64320.00,63001.00,63710.00,57889.868
2024-05-07T16:00:00Z,63710.10,63875.00,62758.10,63034.70,34222.559
2024-05-07T20:00:00Z,63034.70,63177.30,62203.60,62296.00,36917.814
2024-05-08T00:00:00Z,62296.00,62949.20,62055.00,62864.00,28153.491
2024-05-08T04:00:00Z,62864.00,62994.90,62036.10,62186.70,31663.880
2024-05-08T08:00:00Z,62186.70,62517.60,62005.80,62224.90,29263.081
2024-05-08T12:00:00Z,62224.90,62800.00,61736.70,62251.80,67533.185
2024-05-08T16:00:00Z,62251.90,62743.90,61902.80,62148.70,29625.538
2024-05-08T20:00:00Z,62148.60,62224.50,60843.60,61157.90,55412.404
2024-05-09T00:00:00Z,61157.90,61779.00,61113.00,61647.40,22040.640
2024-05-09T04:00:00Z,61647.50,61753.20,61087.00,61222.50,21456.884
2024-05-09T08:00:00Z,61222.50,61429.20,60550.00,61033.00,42557.014
2024-05-09T12:00:00Z,61033.00,62262.10,60846.70,62122.50,66846.839
2024-05-09T16:00:00Z,62122.50,62637.30,61707.80,62420.60,48794.861
2024-05-09T20:00:00Z,62420.60,63447.20,62312.30,63050.10,40755.064
2024-05-10T00:00:00Z,63050.00,63070.20,62633.20,62880.00,19493.079
2024-05-10T04:00:00Z,62880.00,63365.50,62638.30,63053.90,29665.211
2024-05-10T08:00:00Z,63053.80,63299.00,62758.70,63276.50,21952.047
2024-05-10T12:00:00Z,63276.50,63446.50,60645.30,60893.80,129675.576
2024-05-10T16:00:00Z,60893.70,61262.70,60117.40,60682.40,83338.902
2024-05-10T20:00:00Z,60682.40,60985.80,60416.60,60778.10,23090.145
2024-05-11T00:00:00Z,60778.00,61079.40,60617.00,60706.00,19987.403
2024-05-11T04:00:00Z,60706.00,61055.50,60680.40,60988.90,16168.856
2024-05-11T08:00:00Z,60989.00,61028.00,60432.60,60654.50,18892.240
2024-05-11T12:00:00Z,60654.60,61491.40,60602.60,61146.10,29790.488
2024-05-11T16:00:00Z,61146.10,61390.00,60976.80,61112.90,15661.949
2024-05-11T20:00:00Z,61113.00,61129.90,60720.30,60809.20,12793.851
2024-05-12T00:00:00Z,60809.20,61081.30,60778.00,60902.50,8957.244
2024-05-12T04:00:00Z,60902.60,61097.00,60557.30,60803.80,13680.716
2024-05-12T08:00:00Z,60803.80,61361.90,60757.70,61120.00,20279.049
2024-05-12T12:00:00Z,61120.10,61598.80,61050.00,61395.90,17168.030
2024-05-12T16:00:00Z,61395.90,61849.40,61158.30,61393.50,28818.414
2024-05-12T20:00:00Z,61393.40,61527.50,60870.00,61455.80,15140.444
2024-05-13T00:00:00Z,61455.70,61787.60,60750.00,61130.00,42993.269
2024-05-13T04:00:00Z,61130.00,62426.00,60757.60,62296.60,44748.278
2024-05-13T08:00:00Z,62296.50,63289.30,62296.50,62700.00,74300.067
2024-05-13T12:00:00Z,62699.90,63183.00,62400.00,62980.50,42598.003
2024-05-13T16:00:00Z,62981.20,63440.00,62540.20,63140.50,43073.508
2024-05-13T20:00:00Z,63139.60,63162.10,62683.50,62912.10,14213.948
2024-05-14T00:00:00Z,62912.20,63099.60,62377.20,62464.80,30244.783
2024-05-14T04:00:00Z,62464.80,62749.90,61373.20,62002.10,53110.693
2024-05-14T08:00:00Z,62002.00,62015.70,61492.80,61770.20,22566.352
2024-05-14T12:00:00Z,61770.20,62295.90,60950.00,61749.90,91131.328
2024-05-14T16:00:00Z,61750.00,61793.00,61116.60,61563.60,34540.720
2024-05-14T20:00:00Z,61563.60,61768.90,61444.60,61550.50,12751.398
2024-05-15T00:00:00Z,61550.50,61998.00,61316.10,61923.20,18643.623
2024-05-15T04:00:00Z,61923.20,62245.10,61783.20,62157.40,20302.939
2024-05-15T08:00:00Z,62157.50,62972.70,61886.80,62447.40,54806.314
2024-05-15T12:00:00Z,62447.30,65055.00,62371.50,64685.50,155120.647
2024-05-15T16:00:00Z,64685.40,66382.30,64681.50,65959.60,79093.976
2024-05-15T20:00:00Z,65959.60,66440.00,65687.20,66175.40,37064.181
2024-05-16T00:00:00Z,66175.40,66644.00,65735.90,65946.90,31811.606
2024-05-16T04:00:00Z,65946.80,66232.80,65633.00,66100.00,22763.404
2024-05-16T08:00:00Z,66100.00,66573.00,65962.20,66483.80,26975.817
2024-05-16T12:00:00Z,66483.80,66800.00,65339.00,65800.10,80035.187
2024-05-16T16:00:00Z,65800.00,65809.60,64567.00,65152.20,63915.502
2024-05-16T20:00:00Z,65152.30,65480.00,65018.70,65217.70,16953.808
2024-05-17T00:00:00Z,65217.70,65850.00,65061.20,65545.20,27794.900
2024-05-17T04:00:00Z,65545.10,66478.50,65327.70,66350.60,41669.275
2024-05-17T08:00:00Z,66350.50,66550.00,66037.30,66182.70,26340.980
2024-05-17T12:00:00Z,66182.60,67400.60,65773.80,67170.00,76890.366
2024-05-17T16:00:00Z,67169.90,67277.80,66158.40,67007.50,42405.702
2024-05-17T20:00:00Z,67007.50,67027.70,66636.00,66980.00,11962.696
2024-05-18T00:00:00Z,66980.00,67059.80,66696.10,66918.90,14987.935
2024-05-18T04:00:00Z,66919.00,67233.60,66700.10,66854.10,15843.297
2024-05-18T08:00:00Z,66854.10,67340.50,66808.40,67152.40,19628.857
2024-05-18T12:00:00Z,67152.50,67198.70,66503.20,66781.40,27767.746
2024-05-18T16:00:00Z,66781.30,66965.00,66682.60,66881.70,10585.364
2024-05-18T20:00:00Z,66881.80,67035.10,66761.10,66884.90,8118.349
2024-05-19T00:00:00Z,66884.90,67279.00,66810.00,67133.00,12471.395
2024-05-19T04:00:00Z,67133.10,67313.80,66895.00,67295.00,13650.417
2024-05-19T08:00:00Z,67295.10,67750.00,66921.90,67303.30,41565.229
2024-05-19T12:00:00Z,67303.40,67303.40,66619.40,66863.00,29635.182
2024-05-19T16:00:00Z,66863.00,66964.70,65835.80,66002.90,36476.631
2024-05-19T20:00:00Z,66002.90,66438.00,65958.20,66239.40,14371.496
2024-05-20T00:00:00Z,66239.40,66748.00,66010.00,66643.10,22106.058
2024-05-20T04:00:00Z,66643.00,67270.00,66236.90,66788.90,41557.498
2024-05-20T08:00:00Z,66788.90,67341.40,66720.90,66974.00,28761.148
2024-05-20T12:00:00Z,66974.00,67499.90,66716.30,67382.10,40610.395
2024-05-20T16:00:00Z,67382.10,70120.00,67344.90,69996.40,129693.909
2024-05-20T20:00:00Z,69996.50,71674.60,68900.00,71466.50,103299.070
2024-05-21T00:00:00Z,71466.50,72132.80,70740.80,71323.80,63389.213
2024-05-21T04:00:00Z,71323.70,71462.00,70858.40,70926.40,25693.491
2024-05-21T08:00:00Z,70926.30,71498.60,70900.20,71163.00,30042.772
2024-05-21T12:00:00Z,71163.00,71487.60,69722.00,69874.90,75217.839
2024-05-21T16:00:00Z,69874.80,70300.00,69165.60,69317.70,46218.311
2024-05-21T20:00:00Z,69319.20,70393.20,69269.10,70168.80,23112.701
2024-05-22T00:00:00Z,70168.70,70423.20,69868.10,70002.00,19590.336
2024-05-22T04:00:00Z,70001.90,70137.70,69242.00,69759.60,29964.805
2024-05-22T08:00:00Z,69759.60,70321.80,69680.00,69770.30,21713.431
2024-05-22T12:00:00Z,69770.30,70642.80,69466.70,70485.70,52886.213
2024-05-22T16:00:00Z,70485.70,70715.40,69241.50,69668.00,41621.447
2024-05-22T20:00:00Z,69668.00,69999.00,68736.80,69219.10,28384.262
2024-05-23T00:00:00Z,69219.20,69670.10,69219.10,69483.20,16149.719
2024-05-23T04:00:00Z,69483.20,69900.00,69371.60,69770.60,16494.618
2024-05-23T08:00:00Z,69770.60,70100.00,69561.80,70019.50,24326.937
2024-05-23T12:00:00Z,70019.40,70133.30,67612.80,68103.00,114331.673
2024-05-23T16:00:00Z,68102.90,68199.00,66763.90,67239.00,54734.540
2024-05-23T20:00:00Z,67239.10,68388.00,66156.60,67999.90,74056.135
2024-05-24T00:00:00Z,67999.90,68042.90,67651.70,67905.80,18229.102
2024-05-24T04:00:00Z,67905.80,67944.20,66850.00,67191.20,36724.606
2024-05-24T08:00:00Z,67191.20,67540.50,66639.00,67383.40,25954.913
2024-05-24T12:00:00Z,67383.30,68445.00,66952.60,68340.20,47961.276
2024-05-24T16:00:00Z,68340.30,69273.50,67950.00,69127.40,42690.151
2024-05-24T20:00:00Z,69127.30,69222.20,68535.60,68584.10,15121.034
2024-05-25T00:00:00Z,68584.00,68935.70,68523.70,68772.50,13021.059
2024-05-25T04:00:00Z,68772.60,68854.70,68633.10,68775.00,8126.279
2024-05-25T08:00:00Z,68775.10,69622.80,68767.00,69112.50,25426.221
2024-05-25T12:00:00Z,69112.40,69323.90,68844.10,68949.10,21348.654
2024-05-25T16:00:00Z,68949.00,69287.60,68870.60,69167.00,10058.168
2024-05-25T20:00:00Z,69166.90,69394.60,69061.50,69314.40,7133.224
2024-05-26T00:00:00Z,69314.50,69339.60,68830.00,69093.20,10244.257
2024-05-26T04:00:00Z,69093.20,69468.90,68934.00,69359.20,9813.627
2024-05-26T08:00:00Z,69359.20,69590.30,68980.60,69160.30,15909.255
2024-05-26T12:00:00Z,69160.30,69425.20,68678.50,68864.60,21942.125
2024-05-26T16:00:00Z,68864.70,68987.90,68697.20,68925.40,11186.901
2024-05-26T20:00:00Z,68925.50,68937.50,68155.00,68524.30,14973.659
2024-05-27T00:00:00Z,68524.40,69331.60,68490.10,68900.60,19327.660
2024-05-27T04:00:00Z,68900.50,68935.10,68327.30,68661.10,19042.524
2024-05-27T08:00:00Z,68661.00,68958.60,68268.70,68462.90,19439.727
2024-05-27T12:00:00Z,68463.00,70584.90,68401.20,70421.50,55134.676
2024-05-27T16:00:00Z,70421.40,70750.00,69100.00,69298.00,39677.011
2024-05-27T20:00:00Z,69297.90,69950.00,69211.80,69461.60,17669.758
2024-05-28T00:00:00Z,69461.50,69628.00,67760.00,68070.00,54544.602
2024-05-28T04:00:00Z,68070.00,68153.80,67500.00,67712.00,29822.671
2024-05-28T08:00:00Z,67712.10,68921.60,67602.80,68411.30,40291.196
2024-05-28T12:00:00Z,68411.30,68583.70,67550.00,68399.70,46982.297
2024-05-28T16:00:00Z,68399.80,68657.00,67273.00,68466.50,41587.464
2024-05-28T20:00:00Z,68466.40,68710.00,68162.20,68440.50,14610.210
2024-05-29T00:00:00Z,68440.40,68983.00,68302.80,68862.10,18567.902
2024-05-29T04:00:00Z,68862.00,68976.40,67975.50,67993.60,21732.935
2024-05-29T08:00:00Z,67993.70,68085.20,67631.00,67816.90,25758.932
2024-05-29T12:00:00Z,67816.80,68330.60,67321.70,67421.00,51076.169
2024-05-29T16:00:00Z,67421.00,67790.00,67129.00,67315.90,26538.879
2024-05-29T20:00:00Z,67316.00,67882.20,67179.40,67686.70,14561.782
2024-05-30T00:00:00Z,67686.80,68250.00,67501.70,68156.00,18064.349
2024-05-30T04:00:00Z,68156.00,68479.00,67555.00,67627.80,29978.701
2024-05-30T08:00:00Z,67627.90,68154.10,67167.00,67855.70,33978.605
2024-05-30T12:00:00Z,67855.80,68869.90,67792.40,68566.40,47275.223
2024-05-30T16:00:00Z,68566.40,69568.90,68412.00,68705.00,45336.979
2024-05-30T20:00:00Z,68705.00,68712.00,68068.80,68402.50,19940.042
2024-05-31T00:00:00Z,68402.60,68782.00,68316.00,68574.00,16008.269
2024-05-31T04:00:00Z,68574.00,68694.00,68124.00,68226.10,15093.349
2024-05-31T08:00:00Z,68226.20,68500.00,67908.40,68387.80,23284.141
2024-05-31T12:00:00Z,68387.90,69080.00,67234.00,67252.70,74910.649
2024-05-31T16:00:00Z,67252.60,68059.40,66700.50,67719.90,50702.718
2024-05-31T20:00:00Z,67720.00,67834.40,67259.70,67577.90,15752.626
2024-06-01T00:00:00Z,67577.90,67800.70,67480.00,67749.90,11203.855
2024-06-01T04:00:00Z,67750.00,67857.50,67608.60,67677.90,8158.758
2024-06-01T08:00:00Z,67677.80,67800.00,67649.80,67704.00,6444.213
2024-06-01T12:00:00Z,67704.00,67936.00,67681.40,67728.20,9973.997
2024-06-01T16:00:00Z,67728.20,67867.30,67590.00,67779.70,9329.853
2024-06-01T20:00:00Z,67779.70,67921.30,67729.60,67799.20,5832.382
2024-06-02T00:00:00Z,67799.20,67951.70,67661.90,67826.10,7225.374
2024-06-02T04:00:00Z,67826.00,67910.00,67738.00,67743.00,4961.302
2024-06-02T08:00:00Z,67743.00,68367.90,67410.00,68284.10,23005.400
2024-06-02T12:00:00Z,68284.00,68545.90,67824.10,68189.80,30389.939
2024-06-02T16:00:00Z,68189.80,68252.00,67296.30,67765.30,27950.080
2024-06-02T20:00:00Z,67765.40,68038.70,67606.40,67805.90,8662.623
2024-06-03T00:00:00Z,67805.90,68848.00,67642.60,68435.90,31790.130
2024-06-03T04:00:00Z,68435.90,69255.00,68333.30,68949.90,35589.902
2024-06-03T08:00:00Z,68950.00,69385.00,68872.10,69125.50,23842.964
2024-06-03T12:00:00Z,69125.50,70372.90,68554.70,69650.00,89848.981
2024-06-03T16:00:00Z,69650.00,69752.00,68838.00,69257.20,29783.920
2024-06-03T20:00:00Z,69257.20,69553.80,68764.00,68851.40,16821.033
2024-06-04T00:00:00Z,68851.30,69408.20,68659.00,69199.10,16706.647
2024-06-04T04:00:00Z,69199.10,69318.40,68787.20,69054.70,18637.534
2024-06-04T08:00:00Z,69054.60,69246.70,68595.50,68992.80,23575.146
2024-06-04T12:00:00Z,68992.80,70560.30,68882.40,70492.00,78555.551
2024-06-04T16:00:00Z,70492.10,71146.40,70117.80,70459.00,62356.225
2024-06-04T20:00:00Z,70459.10,70776.30,70207.20,70580.00,16268.913
2024-06-05T00:00:00Z,70580.00,71389.80,70462.80,70994.00,32305.489
2024-06-05T04:00:00Z,70994.00,71430.00,70872.40,71244.10,29151.109
2024-06-05T08:00:00Z,71244.00,71282.20,70737.40,71008.40,21436.375
2024-06-05T12:00:00Z,71008.40,71792.00,70423.60,71625.10,64897.043
2024-06-05T16:00:00Z,71625.20,71824.40,70909.20,71314.80,40647.493
2024-06-05T20:00:00Z,71314.80,71390.50,70711.30,71133.30,15554.525
2024-06-06T00:00:00Z,71133.30,71280.00,70922.50,71087.80,11201.699
2024-06-06T04:00:00Z,71087.70,71144.00,70850.00,71077.30,16751.841
2024-06-06T08:00:00Z,71077.20,71259.80,70912.90,71219.20,13937.128
2024-06-06T12:00:00Z,71219.30,71714.80,71025.10,71334.30,51402.285
2024-06-06T16:00:00Z,71334.30,71421.60,70489.20,70526.10,39348.230
2024-06-06T20:00:00Z,70526.00,70988.00,70101.90,70830.00,25842.381
2024-06-07T00:00:00Z,70830.00,71063.80,70700.00,71032.90,13995.944
2024-06-07T04:00:00Z,71032.80,71476.00,71029.00,71147.90,24968.269
2024-06-07T08:00:00Z,71147.90,71773.30,71085.00,71750.00,22121.625
2024-06-07T12:00:00Z,71749.90,72144.00,70668.00,71150.00,100822.730
2024-06-07T16:00:00Z,71150.10,71254.70,68405.00,69287.20,118519.869
2024-06-07T20:00:00Z,69287.20,69663.40,69000.40,69377.00,18983.933
2024-06-08T00:00:00Z,69377.00,69550.00,69314.20,69454.60,11099.128
2024-06-08T04:00:00Z,69454.60,69612.50,69257.90,69612.50,11997.931
2024-06-08T08:00:00Z,69612.50,69613.60,69351.80,69404.50,10018.737
2024-06-08T12:00:00Z,69404.50,69540.00,69192.30,69462.10,17084.533
2024-06-08T16:00:00Z,69462.00,69533.00,69334.50,69486.60,8497.079
2024-06-08T20:00:00Z,69486.60,69514.00,69325.00,69346.50,7042.449
2024-06-09T00:00:00Z,69346.60,69386.50,69160.00,69300.90,9319.249
2024-06-09T04:00:00Z,69300.90,69461.90,69263.00,69331.90,6332.455
2024-06-09T08:00:00Z,69331.90,69443.50,69314.80,69400.60,5060.355
2024-06-09T12:00:00Z,69400.60,69821.10,69284.80,69530.10,27852.187
2024-06-09T16:00:00Z,69530.10,69879.00,69517.00,69742.60,12632.597
2024-06-09T20:00:00Z,69742.50,69862.00,69606.40,69667.10,6827.257
2024-06-10T00:00:00Z,69667.10,69833.00,69450.10,69637.30,11282.926
2024-06-10T04:00:00Z,69637.40,69712.10,69265.00,69325.30,16614.917
2024-06-10T08:00:00Z,69325.30,69592.60,69201.20,69506.70,17219.526
2024-06-10T12:00:00Z,69506.60,70222.70,69255.10,70090.90,38901.997
2024-06-10T16:00:00Z,70090.90,70166.10,69420.00,69524.20,28832.938
2024-06-10T20:00:00Z,69524.30,69734.50,69360.40,69558.70,14529.300
2024-06-11T00:00:00Z,69558.80,69600.00,67881.90,68472.30,62972.141
2024-06-11T04:00:00Z,68472.20,68472.20,67300.00,67582.00,54397.426
2024-06-11T08:00:00Z,67582.10,67690.80,66689.50,66919.60,60250.278
2024-06-11T12:00:00Z,66919.60,67288.00,66000.00,66266.00,69766.471
2024-06-11T16:00:00Z,66266.00,67591.30,66177.90,67420.60,47244.306
2024-06-11T20:00:00Z,67420.50,67605.00,67180.40,67320.70,17354.320
2024-06-12T00:00:00Z,67320.60,67624.20,66920.00,67413.00,21465.281
2024-06-12T04:00:00Z,67413.00,67621.00,67200.00,67449.40,15864.818
2024-06-12T08:00:00Z,67449.50,68065.30,67346.60,67789.90,27553.384
2024-06-12T12:00:00Z,67790.00,70028.00,67740.90,69738.00,109560.362
2024-06-12T16:00:00Z,69738.00,69864.20,67215.20,67523.20,123012.215
2024-06-12T20:00:00Z,67523.10,68692.60,67409.80,68270.30,32462.400
2024-06-13T00:00:00Z,68270.30,68400.00,66957.00,67471.10,38476.862
2024-06-13T04:00:00Z,67471.10,67728.40,67300.00,67724.90,20772.849
2024-06-13T08:00:00Z,67724.90,67964.10,67170.40,67744.60,32346.314
2024-06-13T12:00:00Z,67744.60,68607.70,66337.00,66464.40,104087.192
2024-06-13T16:00:00Z,66464.30,67080.50,66251.10,66620.80,39352.706
2024-06-13T20:00:00Z,66620.90,66991.10,66533.10,66786.90,13319.538
2024-06-14T00:00:00Z,66786.80,67038.00,66471.30,66749.70,21110.955
2024-06-14T04:00:00Z,66749.80,67228.20,66710.80,66906.20,20208.270
2024-06-14T08:00:00Z,66906.30,67250.00,66755.80,67034.20,20074.503
2024-06-14T12:00:00Z,67034.10,67366.50,66334.50,66380.00,52927.484
2024-06-14T16:00:00Z,66380.00,66522.00,65052.40,65514.90,90887.381
2024-06-14T20:00:00Z,65514.90,66648.80,65471.60,66039.70,34202.638
2024-06-15T00:00:00Z,66039.70,66280.00,65979.60,66266.00,10504.153
2024-06-15T04:00:00Z,66265.90,66421.50,66060.00,66082.60,16019.550
2024-06-15T08:00:00Z,66082.50,66334.80,66054.20,66305.20,11031.847
2024-06-15T12:00:00Z,66305.20,66482.60,66157.50,66311.90,12929.953
2024-06-15T16:00:00Z,66311.80,66360.80,66057.00,66144.20,9737.092
2024-06-15T20:00:00Z,66144.10,66282.50,65801.00,66213.70,12201.160
2024-06-16T00:00:00Z,66213.70,66256.90,66054.10,66129.60,7207.515
2024-06-16T04:00:00Z,66129.60,66350.00,66012.10,66249.40,9128.799
2024-06-16T08:00:00Z,66249.30,66780.00,66169.40,66471.40,21366.022
2024-06-16T12:00:00Z,66471.40,66778.10,66455.60,66690.40,16369.949
2024-06-16T16:00:00Z,66690.40,66733.30,66496.00,66542.50,9484.899
2024-06-16T20:00:00Z,66542.40,66960.30,66432.90,66653.60,16804.367
2024-06-17T00:00:00Z,66653.50,66915.40,66116.00,66200.00,26541.924
2024-06-17T04:00:00Z,66199.90,66548.90,65907.50,66147.30,25463.109
2024-06-17T08:00:00Z,66147.30,66295.80,65511.60,65791.80,38859.894
2024-06-17T12:00:00Z,65791.90,65813.20,65094.90,65341.90,50595.447
2024-06-17T16:00:00Z,65341.80,67280.60,65130.00,66661.40,79723.990
2024-06-17T20:00:00Z,66661.40,66746.20,66122.30,66472.10,27236.423
2024-06-18T00:00:00Z,66472.10,66558.90,64565.00,65474.90,89800.947
2024-06-18T04:00:00Z,65474.90,65831.10,65314.60,65646.40,30746.917
2024-06-18T08:00:00Z,65646.30,65724.60,65080.90,65339.20,24625.538
2024-06-18T12:00:00Z,65339.20,65410.10,64212.00,64676.80,108649.661
2024-06-18T16:00:00Z,64676.70,64887.40,64009.80,64400.00,48259.975
2024-06-18T20:00:00Z,64399.70,65281.60,64168.90,65150.00,33476.356
2024-06-19T00:00:00Z,65149.90,65596.90,64777.10,65377.10,37949.606
2024-06-19T04:00:00Z,65377.00,65711.90,65143.00,65295.00,25799.918
2024-06-19T08:00:00Z,65294.90,65519.60,64955.90,65181.90,28912.285
2024-06-19T12:00:00Z,65182.00,65279.90,64708.20,64895.00,27082.482
2024-06-19T16:00:00Z,64895.00,65269.50,64757.20,64851.30,17320.406
2024-06-19T20:00:00Z,64851.40,65060.40,64600.00,64933.60,12967.972
2024-06-20T00:00:00Z,64933.60,65378.00,64804.70,65156.00,19929.713
2024-06-20T04:00:00Z,65156.00,65977.00,65051.70,65831.40,34653.264
2024-06-20T08:00:00Z,65831.30,66467.00,65552.60,66150.00,37258.526
2024-06-20T12:00:00Z,66150.00,66289.40,64625.20,64794.40,82670.424
2024-06-20T16:00:00Z,64794.30,65198.50,64526.00,65032.90,37216.049
2024-06-20T20:00:00Z,65032.90,65164.10,64831.00,64854.00,9226.700
2024-06-21T00:00:00Z,64854.00,65055.50,64306.50,64473.40,23077.355
2024-06-21T04:00:00Z,64473.40,64715.90,64167.10,64179.40,23004.106
2024-06-21T08:00:00Z,64179.50,64350.00,63485.00,63745.50,57148.359
2024-06-21T12:00:00Z,63745.10,64342.10,63361.20,63716.90,60362.492
2024-06-21T16:00:00Z,63717.00,64243.70,63444.60,64207.50,29552.670
2024-06-21T20:00:00Z,64207.60,64448.90,63801.00,64124.00,16964.619
2024-06-22T00:00:00Z,64124.10,64315.20,63915.80,64297.20,10320.946
2024-06-22T04:00:00Z,64297.20,64520.00,64218.80,64490.10,13520.233
2024-06-22T08:00:00Z,64490.00,64512.00,64184.80,64245.00,13671.968
2024-06-22T12:00:00Z,64244.90,64390.30,64222.00,64283.40,7200.476
2024-06-22T16:00:00Z,64283.30,64340.60,64200.20,64270.90,4989.552
2024-06-22T20:00:00Z,64270.90,64307.00,64215.90,64240.00,4152.687
2024-06-23T00:00:00Z,64240.10,64500.00,64240.00,64389.00,9294.674
2024-06-23T04:00:00Z,64389.00,64409.00,64311.90,64390.00,4545.853
2024-06-23T08:00:00Z,64390.00,64414.00,64211.70,64310.70,7086.881
2024-06-23T12:00:00Z,64310.70,64409.10,64034.20,64071.80,12474.652
2024-06-23T16:00:00Z,64071.80,64166.40,63888.00,64128.70,10422.264
2024-06-23T20:00:00Z,64128.70,64132.70,63137.90,63194.90,28227.969
2024-06-24T00:00:00Z,63194.90,63357.00,62638.00,62840.10,43033.616
2024-06-24T04:00:00Z,62840.00,62931.70,62125.40,62433.60,49460.025
2024-06-24T08:00:00Z,62433.60,62955.30,60500.00,61257.30,110919.968
2024-06-24T12:00:00Z,61257.30,61677.00,60650.00,60823.20,52488.693
2024-06-24T16:00:00Z,60823.30,61018.60,59001.00,59294.70,120813.039
2024-06-24T20:00:00Z,59292.80,60431.80,58218.00,60273.60,69187.843
2024-06-25T00:00:00Z,60273.50,61566.00,60230.50,61271.10,41969.855
2024-06-25T04:00:00Z,61271.10,61392.50,60600.50,60660.80,33185.269
2024-06-25T08:00:00Z,60660.90,61587.40,60641.20,61170.70,34675.875
2024-06-25T12:00:00Z,61170.70,62145.50,60941.90,61776.00,76703.109
2024-06-25T16:00:00Z,61775.90,62448.10,61100.00,61957.90,63812.457
2024-06-25T20:00:00Z,61957.10,62141.40,61641.40,61777.80,14300.752
2024-06-26T00:00:00Z,61777.90,62465.10,61605.70,61910.40,22735.968
2024-06-26T04:00:00Z,61910.40,61969.20,61500.60,61705.30,19736.078
2024-06-26T08:00:00Z,61705.30,61741.30,61150.00,61427.20,26889.266
2024-06-26T12:00:00Z,61427.30,61959.40,61140.20,61453.20,38176.787
2024-06-26T16:00:00Z,61453.30,61532.50,60700.00,60991.00,47290.709
2024-06-26T20:00:00Z,60990.90,61144.70,60696.00,60860.10,15772.372
2024-06-27T00:00:00Z,60860.10,61327.90,60752.20,61027.10,16213.431
2024-06-27T04:00:00Z,61027.00,61191.40,60605.00,60786.40,16884.460
2024-06-27T08:00:00Z,60786.40,61500.00,60730.00,61188.50,24181.569
2024-06-27T12:00:00Z,61188.50,62379.70,61137.70,61570.50,67990.828
2024-06-27T16:00:00Z,61570.60,61997.20,61396.40,61445.90,24189.502
2024-06-27T20:00:00Z,61445.90,61696.10,61340.00,61682.00,10712.692
2024-06-28T00:00:00Z,61682.10,62204.00,61458.10,61803.00,27120.720
2024-06-28T04:00:00Z,61803.00,61812.90,61186.40,61317.90,20978.587
2024-06-28T08:00:00Z,61318.00,61779.00,61181.90,61671.50,21252.752
2024-06-28T12:00:00Z,61671.50,61868.10,60721.20,61039.90,69596.468
2024-06-28T16:00:00Z,61039.90,61106.00,60077.20,60132.20,40681.247
2024-06-28T20:00:00Z,60132.20,60465.00,60038.00,60429.80,15878.351
2024-06-29T00:00:00Z,60429.80,61023.00,60400.10,60760.10,25192.132
2024-06-29T04:00:00Z,60760.00,61128.10,60706.50,61049.80,12412.104
2024-06-29T08:00:00Z,61049.80,61232.00,60895.50,61111.00,15840.048
2024-06-29T12:00:00Z,61110.90,61188.60,60951.10,61107.90,12366.272
2024-06-29T16:00:00Z,61107.80,61130.00,60918.60,61056.50,6981.263
2024-06-29T20:00:00Z,61056.40,61097.00,60883.10,60982.40,6888.470
2024-06-30T00:00:00Z,60982.50,61081.40,60750.60,60898.20,11400.085
2024-06-30T04:00:00Z,60898.20,61798.20,60705.00,61533.60,30029.870
2024-06-30T08:00:00Z,61533.60,61720.00,61400.00,61555.60,17926.412
2024-06-30T12:00:00Z,61555.60,61871.80,61325.00,61722.40,25442.248
2024-06-30T16:00:00Z,61722.50,62100.00,61579.30,62016.80,21477.736
2024-06-30T20:00:00Z,62016.80,63058.40,61825.40,62766.00,41501.564
2024-07-01T00:00:00Z,62766.10,63800.00,62562.00,63416.40,49753.740
2024-07-01T04:00:00Z,63416.50,63453.70,63200.00,63265.50,13560.880
2024-07-01T08:00:00Z,63265.50,63302.70,62580.00,62657.90,26439.402
2024-07-01T12:00:00Z,62657.90,63182.50,62502.20,63119.90,40119.806
2024-07-01T16:00:00Z,63120.00,63849.00,62947.40,63207.60,46436.922
2024-07-01T20:00:00Z,63207.20,63421.60,62780.00,62883.60,17627.188
2024-07-02T00:00:00Z,62883.70,63284.00,62765.70,63115.70,14302.825
2024-07-02T04:00:00Z,63118.00,63227.00,62566.00,62617.90,19063.833
2024-07-02T08:00:00Z,62617.90,62861.10,62387.00,62823.30,26473.226
2024-07-02T12:00:00Z,62823.30,63167.40,61840.00,61945.00,63689.490
2024-07-02T16:00:00Z,61945.00,62362.80,61800.00,61944.00,29330.932
2024-07-02T20:00:00Z,61944.00,62176.40,61870.80,62123.60,10240.937
2024-07-03T00:00:00Z,62123.50,62278.20,60600.00,60983.50,55575.397
2024-07-03T04:00:00Z,60983.40,61179.40,60802.00,60859.90,23185.153
2024-07-03T08:00:00Z,60859.80,60987.30,59515.10,60384.90,81025.116
2024-07-03T12:00:00Z,60384.90,60700.00,59756.50,60176.10,66329.351
2024-07-03T16:00:00Z,60176.10,60653.00,59645.60,59661.20,38404.269
2024-07-03T20:00:00Z,59661.20,60361.70,59299.30,60208.00,30783.979
2024-07-04T00:00:00Z,60208.00,60500.00,57611.00,59092.40,99276.085
2024-07-04T04:00:00Z,59092.40,59131.70,58086.40,58214.00,46231.188
2024-07-04T08:00:00Z,58214.00,58484.50,56917.50,57748.40,97863.329
2024-07-04T12:00:00Z,57748.40,58350.00,56750.00,58137.60,110723.819
2024-07-04T16:00:00Z,58137.50,58653.40,57735.70,58267.00,42553.649
2024-07-04T20:00:00Z,58266.90,58800.00,56560.00,57045.90,49008.207
2024-07-05T00:00:00Z,57045.90,57533.40,54918.30,55214.60,163719.762
2024-07-05T04:00:00Z,55214.70,55350.00,53329.50,54389.40,128635.582
2024-07-05T08:00:00Z,54389.40,55629.70,53870.40,55458.90,78963.666
2024-07-05T12:00:00Z,55459.00,56663.50,54822.90,56637.50,106044.317
2024-07-05T16:00:00Z,56637.50,57000.00,55781.80,56446.20,83444.612
2024-07-05T20:00:00Z,56446.10,56847.00,56300.00,56604.90,16385.656
2024-07-06T00:00:00Z,56604.90,56975.00,56157.30,56388.30,30655.656
2024-07-06T04:00:00Z,56388.40,56660.00,56000.00,56571.10,26523.010
2024-07-06T08:00:00Z,56571.10,56850.00,56412.50,56713.20,17676.392
2024-07-06T12:00:00Z,56713.20,57420.00,56475.70,57285.40,38884.253
2024-07-06T16:00:00Z,57285.40,58089.90,57150.00,57834.80,37978.044
2024-07-06T20:00:00Z,57834.90,58472.00,57792.20,58216.00,26862.667
2024-07-07T00:00:00Z,58216.00,58443.00,57820.00,57943.90,38936.027
2024-07-07T04:00:00Z,57944.00,57990.30,57041.70,57344.40,37722.788
2024-07-07T08:00:00Z,57344.50,57899.90,57331.20,57436.90,23278.542
2024-07-07T12:00:00Z,57436.90,57600.00,56555.10,56806.20,42475.284
2024-07-07T16:00:00Z,56806.20,57372.20,56723.00,57133.90,22235.384
2024-07-07T20:00:00Z,57133.90,57301.80,55688.00,55830.90,45713.956
2024-07-08T00:00:00Z,55831.00,55999.00,54243.10,55136.60,97328.846
2024-07-08T04:00:00Z,55136.60,55878.00,54935.30,55828.40,40128.204
2024-07-08T08:00:00Z,55828.40,58200.00,55715.20,57137.30,124398.512
2024-07-08T12:00:00Z,57137.30,57629.30,54890.00,55736.80,131119.632
2024-07-08T16:00:00Z,55736.80,56550.00,55400.50,56462.30,44260.458
2024-07-08T20:00:00Z,56462.90,56955.00,56175.40,56686.40,26871.305
2024-07-09T00:00:00Z,56686.40,57350.00,56256.20,57139.50,45966.233
2024-07-09T04:00:00Z,57139.50,57744.80,57000.00,57102.50,36022.582
2024-07-09T08:00:00Z,57102.50,57899.90,57000.00,57407.10,42043.643
2024-07-09T12:00:00Z,57407.10,58159.60,56862.90,57445.30,74279.844
2024-07-09T16:00:00Z,57445.30,58290.60,57318.30,57837.70,40891.309
2024-07-09T20:00:00Z,57837.70,58256.00,57684.60,58023.20,18033.437
2024-07-10T00:00:00Z,58023.10,58190.00,57315.90,58157.70,27261.073
2024-07-10T04:00:00Z,58157.60,59449.60,58153.30,58948.10,69642.360
2024-07-10T08:00:00Z,58948.00,59013.90,58288.00,58469.40,39133.753
2024-07-10T12:00:00Z,58469.40,58544.50,57416.50,57658.00,68439.925
2024-07-10T16:00:00Z,57658.10,57995.00,57333.00,57374.10,26039.130
2024-07-10T20:00:00Z,57374.80,57860.80,57125.00,57707.00,23732.696
2024-07-11T00:00:00Z,57707.00,58380.00,57030.00,57540.50,43339.762
2024-07-11T04:00:00Z,57540.40,58288.60,57464.20,58168.10,25661.286
2024-07-11T08:00:00Z,58168.20,58887.00,58024.00,58754.10,39948.267
2024-07-11T12:00:00Z,58754.00,59780.00,57242.00,57382.80,131206.798
2024-07-11T16:00:00Z,57382.80,57969.60,57152.00,57354.70,31336.599
2024-07-11T20:00:00Z,57354.80,57593.20,57118.00,57315.50,21614.247
2024-07-12T00:00:00Z,57315.70,57554.40,56500.10,56887.60,45049.617
2024-07-12T04:00:00Z,56887.60,57378.00,56690.00,57071.40,27355.661
2024-07-12T08:00:00Z,57071.40,57325.20,56740.60,57188.80,31049.857
2024-07-12T12:00:00Z,57188.70,58255.40,57066.00,58188.90,59825.465
2024-07-12T16:00:00Z,58188.90,58500.00,57446.10,57546.10,49492.814
2024-07-12T20:00:00Z,57546.20,57887.60,57107.70,57870.00,25327.202
2024-07-13T00:00:00Z,57870.00,57962.80,57730.20,57792.40,11605.553
2024-07-13T04:00:00Z,57792.50,58195.70,57728.60,58140.00,14463.350
2024-07-13T08:00:00Z,58140.00,58900.00,57882.30,58513.90,34849.500
2024-07-13T12:00:00Z,58514.00,58873.10,58408.10,58808.50,30158.627
2024-07-13T16:00:00Z,58808.50,58950.00,58538.90,58596.60,17510.271
2024-07-13T20:00:00Z,58596.70,59850.00,58254.50,59174.00,49297.021
2024-07-14T00:00:00Z,59173.90,59816.50,59164.00,59435.00,31878.101
2024-07-14T04:00:00Z,59435.00,60299.00,59387.40,60031.30,46649.503
2024-07-14T08:00:00Z,60031.20,60397.20,59879.30,60079.00,26938.154
2024-07-14T12:00:00Z,60079.00,60220.00,59438.00,60053.30,38864.156
2024-07-14T16:00:00Z,60053.30,60154.60,59858.00,59886.30,10270.212
2024-07-14T20:00:00Z,59886.30,61412.40,59850.00,60766.00,53460.757
2024-07-15T00:00:00Z,60766.00,62777.00,60622.60,62617.30,79541.414
2024-07-15T04:00:00Z,62617.30,63075.80,62400.00,62816.00,44695.396
2024-07-15T08:00:00Z,62816.10,63239.20,62266.00,62431.90,44412.806
2024-07-15T12:00:00Z,62432.00,63299.80,62419.50,62985.90,56556.020
2024-07-15T16:00:00Z,62986.00,63777.00,62812.80,63309.90,70459.802
2024-07-15T20:00:00Z,63309.90,64870.70,63216.20,64680.60,56556.743
2024-07-16T00:00:00Z,64680.60,64936.10,64405.00,64725.10,33143.185
2024-07-16T04:00:00Z,64725.10,64988.80,62672.40,62881.80,86305.499
2024-07-16T08:00:00Z,62881.80,63839.00,62350.00,63719.80,66858.749
2024-07-16T12:00:00Z,63719.80,64942.00,63031.50,64833.90,85549.043
2024-07-16T16:00:00Z,64833.90,65177.00,64070.40,65125.20,63666.014
2024-07-16T20:00:00Z,65125.20,65388.00,64058.00,65010.00,39736.126
2024-07-17T00:00:00Z,65010.00,66100.00,64885.30,65662.80,54516.165
2024-07-17T04:00:00Z,65662.80,65968.50,65167.60,65226.20,30419.751
2024-07-17T08:00:00Z,65226.20,65479.50,64531.00,64700.00,48428.987
2024-07-17T12:00:00Z,64699.90,65379.80,64489.50,64695.80,64341.879
2024-07-17T16:00:00Z,64696.00,64745.60,63823.00,64550.60,57856.457
2024-07-17T20:00:00Z,64550.70,64654.40,64020.00,64055.70,21093.154
2024-07-18T00:00:00Z,64055.80,65173.80,63871.20,64827.80,35420.270
2024-07-18T04:00:00Z,64827.90,65038.50,64355.10,64644.80,22100.793
2024-07-18T08:00:00Z,64644.80,64930.70,64413.00,64728.90,20655.775
2024-07-18T12:00:00Z,64729.00,65098.90,63359.10,63500.10,79341.492
2024-07-18T16:00:00Z,63500.10,63933.30,63206.40,63535.60,40122.803
2024-07-18T20:00:00Z,63535.50,64096.30,63413.10,63959.90,18007.024
2024-07-19T00:00:00Z,63960.00,64348.20,63266.20,64298.00,30771.327
2024-07-19T04:00:00Z,64297.90,64469.30,63565.00,63673.90,28188.859
2024-07-19T08:00:00Z,63673.90,64165.80,63371.40,64095.20,35395.006
2024-07-19T12:00:00Z,64095.60,65870.00,64010.10,65791.50,93974.647
2024-07-19T16:00:00Z,65791.50,67362.80,65784.00,67107.80,96570.502
2024-07-19T20:00:00Z,67107.80,67320.90,66590.90,66627.90,26959.464
2024-07-20T00:00:00Z,66627.90,66797.00,66159.10,66568.70,22374.296
2024-07-20T04:00:00Z,66568.70,66729.00,66401.00,66526.30,11307.037
2024-07-20T08:00:00Z,66526.40,66700.00,66422.90,66445.90,11122.777
2024-07-20T12:00:00Z,66446.00,66799.90,66241.40,66797.00,17627.830
2024-07-20T16:00:00Z,66797.00,67648.70,66632.00,67195.00,41238.669
2024-07-20T20:00:00Z,67195.00,67412.40,66737.70,67095.60,19893.797
2024-07-21T00:00:00Z,67095.60,67400.00,66918.40,67145.80,13108.955
2024-07-21T04:00:00Z,67145.80,67194.30,66560.00,66670.00,18387.329
2024-07-21T08:00:00Z,66669.90,67040.40,66645.60,66845.40,11562.755
2024-07-21T12:00:00Z,66845.40,67498.00,66571.30,67130.90,31277.598
2024-07-21T16:00:00Z,67130.90,67719.80,65750.00,67391.40,89763.164
2024-07-21T20:00:00Z,67391.50,68351.20,67239.90,68138.00,43128.571
2024-07-22T00:00:00Z,68138.00,68459.70,67700.00,67847.30,29357.100
2024-07-22T04:00:00Z,67847.30,67966.00,67100.00,67210.30,26807.626
2024-07-22T08:00:00Z,67210.40,67571.40,66904.20,67479.10,20838.304
2024-07-22T12:00:00Z,67479.10,67932.20,66538.60,67044.30,56104.431
2024-07-22T16:00:00Z,67044.30,68228.60,66784.10,68193.50,34521.383
2024-07-22T20:00:00Z,68193.60,68221.50,67202.10,67499.20,25362.547
2024-07-23T00:00:00Z,67499.20,67729.30,67175.60,67437.30,20135.362
2024-07-23T04:00:00Z,67437.30,67493.30,66216.10,66550.00,45758.851
2024-07-23T08:00:00Z,66549.90,67135.50,66413.00,66641.00,34676.727
2024-07-23T12:00:00Z,66641.00,67338.00,65921.70,66552.80,86188.637
2024-07-23T16:00:00Z,66552.80,66745.10,65416.50,65516.10,57758.536
2024-07-23T20:00:00Z,65516.20,66040.00,65453.40,65916.40,25912.567
2024-07-24T00:00:00Z,65916.30,66135.50,65450.80,66027.50,23229.873
2024-07-24T04:00:00Z,66027.40,66056.00,65577.50,66049.00,16527.006
2024-07-24T08:00:00Z,66049.00,66590.00,65974.90,66345.70,28364.608
2024-07-24T12:00:00Z,66345.70,67087.30,66066.00,66155.70,64013.824
2024-07-24T16:00:00Z,66155.80,66687.90,65537.00,65631.80,46286.693
2024-07-24T20:00:00Z,65631.80,66059.70,65040.50,65350.80,36657.417
2024-07-25T00:00:00Z,65350.70,65606.30,63823.30,64074.00,86228.936
2024-07-25T04:00:00Z,64073.90,64378.00,63800.00,64115.10,29134.565
2024-07-25T08:00:00Z,64115.00,64474.20,63857.20,64082.60,32232.038
2024-07-25T12:00:00Z,64082.60,64993.60,63456.70,64773.30,85867.664
2024-07-25T16:00:00Z,64773.30,65170.00,64357.50,64669.50,43249.638
2024-07-25T20:00:00Z,64669.50,66144.00,64390.80,65773.00,42972.600
2024-07-26T00:00:00Z,65773.00,67470.40,65688.20,67014.00,54322.043
2024-07-26T04:00:00Z,67014.00,67168.20,66839.50,66873.80,27381.084
2024-07-26T08:00:00Z,66873.70,67466.00,66873.70,67293.90,25036.720
2024-07-26T12:00:00Z,67293.90,67982.40,66865.70,67528.00,69433.176
2024-07-26T16:00:00Z,67527.90,68143.00,67277.00,67957.20,30157.705
2024-07-26T20:00:00Z,67957.20,68200.00,67365.00,67882.50,29053.798
2024-07-27T00:00:00Z,67882.50,68055.60,67588.30,67766.20,15182.442
2024-07-27T04:00:00Z,67766.20,68278.80,67752.10,68013.60,17714.409
2024-07-27T08:00:00Z,68013.50,68244.60,67864.80,68184.70,14552.231
2024-07-27T12:00:00Z,68184.70,69381.70,68162.90,68822.00,69130.287
2024-07-27T16:00:00Z,68821.90,68976.40,67538.40,68209.20,61397.720
2024-07-27T20:00:00Z,68209.30,69200.00,66624.50,67873.80,153005.558
2024-07-28T00:00:00Z,67873.70,68246.60,67222.70,67910.90,22253.123
2024-07-28T04:00:00Z,67910.90,68003.50,67037.00,67517.70,25149.842
2024-07-28T08:00:00Z,67517.60,67969.10,67178.90,67800.00,18990.816
2024-07-28T12:00:00Z,67800.10,68093.40,67527.40,67624.30,21697.193
2024-07-28T16:00:00Z,67624.20,68300.00,67588.40,68090.00,15542.059
2024-07-28T20:00:00Z,68090.00,68254.70,67771.60,68215.50,13280.902
2024-07-29T00:00:00Z,68215.50,69782.20,68130.10,69323.10,64456.552
2024-07-29T04:00:00Z,69323.10,69872.60,69240.00,69510.60,28440.561
2024-07-29T08:00:00Z,69510.50,69841.20,69345.00,69549.90,23274.384
2024-07-29T12:00:00Z,69549.80,70081.00,67650.00,68067.20,122246.263
2024-07-29T16:00:00Z,68067.30,68093.10,66365.80,67276.60,102883.789
2024-07-29T20:00:00Z,67276.70,67521.00,66547.10,66750.00,31236.269
2024-07-30T00:00:00Z,66750.10,66865.30,65820.00,66585.60,53988.278
2024-07-30T04:00:00Z,66585.70,66966.60,66288.00,66914.00,23753.397
2024-07-30T08:00:00Z,66914.00,66956.60,66358.90,66532.50,23447.894
2024-07-30T12:00:00Z,66532.60,66923.80,65500.00,66198.00,66028.538
2024-07-30T16:00:00Z,66198.00,66526.10,65501.10,65899.40,47748.809
2024-07-30T20:00:00Z,65900.00,66319.00,65254.50,66159.30,31584.128
2024-07-31T00:00:00Z,66159.30,66380.00,65825.90,66028.90,19978.559
2024-07-31T04:00:00Z,66028.10,66540.80,65459.40,66196.40,40885.994
2024-07-31T08:00:00Z,66196.40,66360.40,65906.70,66062.60,19153.975
2024-07-31T12:00:00Z,66062.70,66826.30,65939.70,66354.50,46270.954
2024-07-31T16:00:00Z,66354.40,66820.00,64894.00,65229.80,71073.914
2024-07-31T20:00:00Z,65228.10,65399.00,64500.40,64601.80,49026.050
2024-08-01T00:00:00Z,64601.80,64824.40,63722.00,63912.80,53076.972
2024-08-01T04:00:00Z,63912.70,64468.60,63559.50,64297.40,43263.551
2024-08-01T08:00:00Z,64297.50,64681.90,64280.00,64645.30,20514.248
2024-08-01T12:00:00Z,64645.20,64927.20,62646.70,62892.60,101176.373
2024-08-01T16:00:00Z,62892.60,63480.00,62271.20,63403.00,81788.779
2024-08-01T20:00:00Z,63403.00,65650.00,63312.00,65328.90,72834.667
2024-08-02T00:00:00Z,65329.00,65577.00,63630.60,64600.10,52628.167
2024-08-02T04:00:00Z,64600.10,64640.00,63800.00,64146.00,35151.989
2024-08-02T08:00:00Z,64146.00,64957.40,64026.50,64640.00,33125.652
2024-08-02T12:00:00Z,64640.00,65534.30,62350.00,63393.50,162016.878
2024-08-02T16:00:00Z,63393.50,63600.00,62478.00,62619.70,57246.326
2024-08-02T20:00:00Z,62619.60,63181.00,61200.20,61483.70,81459.408
2024-08-03T00:00:00Z,61483.70,61956.40,60473.30,61862.20,65725.345
2024-08-03T04:00:00Z,61862.20,61945.00,61380.80,61636.00,19226.551
2024-08-03T08:00:00Z,61636.00,61986.30,61420.20,61884.80,19753.370
2024-08-03T12:00:00Z,61884.70,62166.00,60800.00,60857.70,42750.029
2024-08-03T16:00:00Z,60857.80,61262.50,59888.00,60216.70,100562.580
2024-08-03T20:00:00Z,60216.80,60842.20,59800.00,60684.60,42452.081
2024-08-04T00:00:00Z,60684.50,61089.50,60290.90,60705.30,23040.242
2024-08-04T04:00:00Z,60705.30,60915.10,60228.00,60346.00,18248.526
2024-08-04T08:00:00Z,60344.60,60986.20,60080.50,60880.10,25833.958
2024-08-04T12:00:00Z,60880.10,61064.60,58926.10,59070.00,81031.408
2024-08-04T16:00:00Z,59069.90,59475.00,57040.00,59234.00,141030.817
2024-08-04T20:00:00Z,59233.90,59569.20,57975.40,58144.50,50327.464
2024-08-05T00:00:00Z,58144.50,58286.90,52222.00,53864.10,295951.644
2024-08-05T04:00:00Z,53864.00,54538.00,48888.00,52645.60,285579.138
2024-08-05T08:00:00Z,52645.60,53200.00,50590.10,51316.80,170229.540
2024-08-05T12:00:00Z,51316.70,54952.30,49501.00,54289.80,313707.062
2024-08-05T16:00:00Z,54289.70,55523.00,52520.40,53450.40,141719.563
2024-08-05T20:00:00Z,53450.30,55192.20,53439.90,54003.10,74795.078
2024-08-06T00:00:00Z,54003.50,56254.80,53925.30,55638.10,75090.615
2024-08-06T04:00:00Z,55638.10,56152.00,55220.00,55979.10,46375.502
2024-08-06T08:00:00Z,55979.00,56090.00,54531.60,55188.00,69864.431
2024-08-06T12:00:00Z,55188.00,56599.00,54288.00,56370.00,126550.500
2024-08-06T16:00:00Z,56370.00,56999.90,56205.10,56737.00,68281.366
2024-08-06T20:00:00Z,56737.00,56919.80,55792.00,55991.20,49791.025
2024-08-07T00:00:00Z,55991.30,57249.00,55516.30,56826.80,65654.654
2024-08-07T04:00:00Z,56826.90,57219.40,56510.00,56898.70,36392.101
2024-08-07T08:00:00Z,56898.80,57699.00,56838.00,56938.00,57955.694
2024-08-07T12:00:00Z,56938.00,57454.00,55620.50,56067.50,92698.036
2024-08-07T16:00:00Z,56067.40,56279.80,54650.00,54739.90,72193.669
2024-08-07T20:00:00Z,54739.90,55550.00,54519.80,55102.90,52548.386
2024-08-08T00:00:00Z,55102.90,57688.80,54672.40,57031.70,78167.269
2024-08-08T04:00:00Z,57031.80,57399.20,56636.90,57166.40,34216.433
2024-08-08T08:00:00Z,57166.40,57650.00,56943.70,57292.30,31182.131
2024-08-08T12:00:00Z,57292.40,59493.00,56645.00,59391.30,161033.470
2024-08-08T16:00:00Z,59391.90,59839.70,59213.60,59389.10,61744.499
2024-08-08T20:00:00Z,59389.00,62737.20,59273.50,61659.80,103773.706
2024-08-09T00:00:00Z,61659.80,61726.00,60728.70,61327.00,45368.076
2024-08-09T04:00:00Z,61327.00,61361.90,60555.00,60844.00,32873.145
2024-08-09T08:00:00Z,60844.10,61184.90,60150.00,60633.50,44404.398
2024-08-09T12:00:00Z,60633.50,61089.70,59500.00,59786.40,95689.828
2024-08-09T16:00:00Z,59786.40,60729.50,59705.90,60649.50,44486.156
2024-08-09T20:00:00Z,60649.60,60961.50,59862.60,60808.60,45852.736
2024-08-10T00:00:00Z,60808.60,61450.00,60231.60,60410.00,32792.529
2024-08-10T04:00:00Z,60410.00,60823.70,60208.50,60809.50,13222.181
2024-08-10T08:00:00Z,60809.60,61082.00,60582.40,60892.40,20424.968
2024-08-10T12:00:00Z,60892.30,60926.00,60375.00,60480.50,17862.337
2024-08-10T16:00:00Z,60480.50,61200.00,60360.00,60989.10,21578.607
2024-08-10T20:00:00Z,60989.10,61136.30,60721.00,60889.90,9712.732
2024-08-11T00:00:00Z,60889.80,61350.00,60857.00,61054.80,16049.514
2024-08-11T04:00:00Z,61054.80,61233.00,60838.50,61224.90,14422.756
2024-08-11T08:00:00Z,61225.00,62000.00,60380.10,60637.60,42331.908
2024-08-11T12:00:00Z,60637.50,60736.60,59911.00,60100.00,39701.126
2024-08-11T16:00:00Z,60099.90,60330.60,59512.20,59598.00,24736.746
2024-08-11T20:00:00Z,59598.10,59657.50,58255.40,58693.10,65297.026
2024-08-12T00:00:00Z,58693.10,59055.00,58078.80,58488.60,34275.824
2024-08-12T04:00:00Z,58488.60,58958.10,57615.00,58640.10,40522.628
2024-08-12T08:00:00Z,58640.10,59937.80,58086.10,59809.20,61662.719
2024-08-12T12:00:00Z,59809.20,60666.00,57774.00,60171.20,143983.432
2024-08-12T16:00:00Z,60171.30,60390.80,58403.90,59025.90,53835.075
2024-08-12T20:00:00Z,59026.00,59721.00,58520.70,59323.60,32846.612
2024-08-13T00:00:00Z,59323.70,59895.00,58840.20,59014.00,33883.540
2024-08-13T04:00:00Z,59014.00,59442.50,58803.00,59209.00,18668.520
2024-08-13T08:00:00Z,59209.10,59302.50,58360.00,58803.00,27235.168
2024-08-13T12:00:00Z,58803.00,59748.80,58668.00,59438.40,58301.150
2024-08-13T16:00:00Z,59438.40,61545.00,59402.60,60792.10,93646.839
2024-08-13T20:00:00Z,60794.50,61120.80,60355.00,60550.50,24199.504
2024-08-14T00:00:00Z,60550.40,61277.00,60390.00,60920.00,21570.954
2024-08-14T04:00:00Z,60920.10,61131.20,60588.80,60887.20,18265.191
2024-08-14T08:00:00Z,60887.30,61419.20,60600.00,61260.70,29257.399
2024-08-14T12:00:00Z,61260.60,61839.70,58773.30,59396.90,157618.112
2024-08-14T16:00:00Z,59396.90,59436.20,58500.00,58854.00,47736.564
2024-08-14T20:00:00Z,58853.80,59151.60,58367.20,58648.10,21214.588
2024-08-15T00:00:00Z,58648.10,59021.00,57971.20,58420.00,35121.967
2024-08-15T04:00:00Z,58420.00,58622.00,57679.60,58031.90,33573.459
2024-08-15T08:00:00Z,58031.90,58836.50,57937.70,58712.10,30951.155
2024-08-15T12:00:00Z,58712.00,59749.20,58508.10,59643.70,81773.999
2024-08-15T16:00:00Z,59643.30,59820.00,56633.00,57002.40,114222.529
2024-08-15T20:00:00Z,57002.50,57850.00,55969.00,57511.00,65172.837
2024-08-16T00:00:00Z,57511.10,58494.90,57062.10,57858.10,42608.887
2024-08-16T04:00:00Z,57858.10,58619.90,57766.30,58423.40,26572.525
2024-08-16T08:00:00Z,58423.40,58656.20,58175.90,58369.30,28098.257
2024-08-16T12:00:00Z,58369.40,58908.50,57500.00,58035.60,87458.985
2024-08-16T16:00:00Z,58035.10,59780.20,57965.40,59649.20,60447.637
2024-08-16T20:00:00Z,59649.30,59678.20,58711.40,58854.90,23570.238
2024-08-17T00:00:00Z,58854.90,59363.00,58769.40,59128.20,16955.085
2024-08-17T04:00:00Z,59128.20,59238.00,59024.60,59222.00,8228.101
2024-08-17T08:00:00Z,59221.90,59450.10,59026.00,59106.50,13687.324
2024-08-17T12:00:00Z,59106.50,59638.80,59065.60,59357.60,18213.242
2024-08-17T16:00:00Z,59357.70,59690.20,59265.30,59446.30,12678.586
2024-08-17T20:00:00Z,59446.20,59474.40,59122.10,59468.50,7323.194
2024-08-18T00:00:00Z,59468.50,60249.80,59258.50,59308.50,34857.959
2024-08-18T04:00:00Z,59308.50,59666.00,59214.00,59545.40,13583.873
2024-08-18T08:00:00Z,59545.50,60177.40,59401.10,59991.30,29934.066
2024-08-18T12:00:00Z,59991.30,60250.00,59629.30,59828.80,22362.047
2024-08-18T16:00:00Z,59828.80,59916.00,59327.80,59671.90,18061.423
2024-08-18T20:00:00Z,59672.00,59847.50,58352.00,58390.00,30860.896
2024-08-19T00:00:00Z,58390.10,58736.60,58173.20,58696.60,36689.134
2024-08-19T04:00:00Z,58696.70,58724.80,58339.80,58475.50,17094.209
2024-08-19T08:00:00Z,58475.50,58648.70,57750.00,58360.90,41220.822
2024-08-19T12:00:00Z,58360.80,58945.40,58019.40,58505.00,56087.605
2024-08-19T16:00:00Z,58504.50,59262.90,58332.00,58933.00,39519.485
2024-08-19T20:00:00Z,58935.70,59585.40,58879.30,59398.50,23431.884
2024-08-20T00:00:00Z,59398.40,60887.00,59324.20,60588.60,51764.706
2024-08-20T04:00:00Z,60588.50,61386.00,60539.00,60899.90,38075.289
2024-08-20T08:00:00Z,60899.90,60949.70,60386.70,60494.90,23776.837
2024-08-20T12:00:00Z,60494.90,60920.50,58663.40,58783.70,109188.639
2024-08-20T16:00:00Z,58783.70,59574.00,58501.10,59482.50,41313.283
2024-08-20T20:00:00Z,59482.50,59689.50,58831.10,58982.90,22930.376
2024-08-21T00:00:00Z,58982.70,59489.00,58728.90,59290.30,20416.045
2024-08-21T04:00:00Z,59290.30,59721.20,59164.70,59689.20,16832.524
2024-08-21T08:00:00Z,59689.20,59893.00,59058.00,59332.40,30713.810
2024-08-21T12:00:00Z,59332.30,60192.30,58801.10,59486.00,89664.322
2024-08-21T16:00:00Z,59485.90,61600.00,59339.90,61538.10,69687.927
2024-08-21T20:00:00Z,61538.10,61793.90,60865.20,61120.00,43269.051
2024-08-22T00:00:00Z,61120.00,61184.70,59677.60,60514.90,45566.023
2024-08-22T04:00:00Z,60515.00,61128.80,60422.40,60946.00,23500.574
2024-08-22T08:00:00Z,60946.00,61392.00,60761.20,61297.00,28590.700
2024-08-22T12:00:00Z,61296.90,61364.00,60060.30,60370.90,71562.025
2024-08-22T16:00:00Z,60370.90,60554.90,60100.00,60272.70,28524.433
2024-08-22T20:00:00Z,60272.80,60673.10,60250.00,60349.90,13355.204
2024-08-23T00:00:00Z,60349.90,60990.00,60301.50,60565.10,19144.284
2024-08-23T04:00:00Z,60565.00,61370.00,60548.80,61045.00,28205.460
2024-08-23T08:00:00Z,61045.00,61317.70,60651.60,60710.20,27019.442
2024-08-23T12:00:00Z,60710.10,62307.60,60710.10,61499.00,126207.328
2024-08-23T16:00:00Z,61498.60,63794.00,61300.00,63577.20,115228.930
2024-08-23T20:00:00Z,63577.40,65000.00,63435.10,64019.90,66685.265
2024-08-24T00:00:00Z,64020.00,64168.00,63600.00,63800.10,22317.765
2024-08-24T04:00:00Z,63800.00,64298.90,63790.20,64269.30,19125.053
2024-08-24T08:00:00Z,64269.30,64472.50,63836.60,63881.70,22828.946
2024-08-24T12:00:00Z,63881.70,64222.00,63828.00,63943.30,19592.894
2024-08-24T16:00:00Z,63943.40,64414.20,63897.60,64170.00,24371.542
2024-08-24T20:00:00Z,64170.10,64306.20,63522.70,64116.50,24505.702
2024-08-25T00:00:00Z,64116.60,64549.00,63962.90,64065.00,22855.305
2024-08-25T04:00:00Z,64065.00,64164.30,63751.00,63835.40,14721.603
2024-08-25T08:00:00Z,63835.50,63990.00,63731.30,63851.70,12960.856
2024-08-25T12:00:00Z,63851.70,64270.00,63777.00,64099.90,16885.471
2024-08-25T16:00:00Z,64099.90,64226.20,63950.00,64152.20,8486.783
2024-08-25T20:00:00Z,64152.30,65175.40,64098.60,64190.20,39636.870
2024-08-26T00:00:00Z,64190.10,64455.80,63711.20,64089.50,23198.666
2024-08-26T04:00:00Z,64089.50,64183.20,63541.90,63603.20,21222.012
2024-08-26T08:00:00Z,63603.30,64022.20,63074.50,63816.60,33534.559
2024-08-26T12:00:00Z,63816.60,63934.70,63032.00,63493.00,54988.264
2024-08-26T16:00:00Z,63493.00,63859.20,63138.40,63305.00,35175.091
2024-08-26T20:00:00Z,63305.00,63536.10,62750.20,62807.60,27858.630
2024-08-27T00:00:00Z,62807.70,63196.00,62618.00,62947.20,29706.099
2024-08-27T04:00:00Z,62947.10,63178.70,62688.50,62882.00,20401.076
2024-08-27T08:00:00Z,62881.90,62987.10,62200.20,62392.50,39119.070
2024-08-27T12:00:00Z,62392.40,62485.20,61426.10,61673.30,76715.331
2024-08-27T16:00:00Z,61673.40,62165.00,61484.30,62071.80,33637.142
2024-08-27T20:00:00Z,62071.80,62075.00,57928.20,59384.50,139691.087
2024-08-28T00:00:00Z,59384.40,59625.00,58872.30,59597.30,38342.376
2024-08-28T04:00:00Z,59597.30,59640.00,58475.20,58579.00,29969.699
2024-08-28T08:00:00Z,58579.00,60197.80,58510.00,59900.10,49925.701
2024-08-28T12:00:00Z,59900.20,60131.00,58400.00,58963.40,75714.471
2024-08-28T16:00:00Z,58963.40,59794.70,57820.00,58871.10,82316.682
2024-08-28T20:00:00Z,58871.00,59579.80,58602.60,59010.00,37519.638
2024-08-29T00:00:00Z,59010.00,59300.00,58834.00,59113.00,16919.526
2024-08-29T04:00:00Z,59113.40,59734.10,59040.80,59548.90,19489.420
2024-08-29T08:00:00Z,59548.90,60450.00,59340.00,60040.00,34525.878
2024-08-29T12:00:00Z,60040.00,61144.90,59956.30,60750.90,61927.272
2024-08-29T16:00:00Z,60750.90,60930.00,58876.80,59237.00,74013.459
2024-08-29T20:00:00Z,59236.90,59614.50,58655.00,59323.20,27021.130
2024-08-30T00:00:00Z,59323.30,59468.00,58862.20,59001.00,22767.268
2024-08-30T04:00:00Z,59001.10,59558.00,58650.00,59235.90,31797.878
2024-08-30T08:00:00Z,59236.00,59637.40,59235.90,59367.00,22816.700
2024-08-30T12:00:00Z,59367.00,59914.90,57901.20,58073.10,106557.210
2024-08-30T16:00:00Z,58073.70,59345.80,57525.00,58670.10,69320.590
2024-08-30T20:00:00Z,58670.00,59283.10,58668.80,59096.30,15016.823
2024-08-31T00:00:00Z,59096.40,59436.00,59028.00,59199.90,11958.450
2024-08-31T04:00:00Z,59200.00,59321.80,59044.00,59060.80,8559.326
2024-08-31T08:00:00Z,59060.80,59153.00,58795.40,59093.10,13321.559
2024-08-31T12:00:00Z,59093.10,59215.80,58860.00,58983.70,13422.200
2024-08-31T16:00:00Z,58983.80,59108.30,58700.00,58834.20,13929.987
2024-08-31T20:00:00Z,58834.30,59107.50,58756.00,58941.90,7675.152
2024-09-01T00:00:00Z,58941.90,59052.70,58250.00,58501.60,21088.037
2024-09-01T04:00:00Z,58501.60,58575.70,57728.60,58444.10,36976.487
2024-09-01T08:00:00Z,58444.10,58469.90,57800.00,58208.00,23778.603
2024-09-01T12:00:00Z,58208.10,58345.30,57123.00,58184.10,64849.981
2024-09-01T16:00:00Z,58184.10,58787.20,57834.00,58480.80,31892.443
2024-09-01T20:00:00Z,58480.80,58626.30,57161.10,57268.10,44324.363
2024-09-02T00:00:00Z,57268.10,57735.00,57093.00,57708.70,40517.859
2024-09-02T04:00:00Z,57708.60,57966.90,57316.60,57523.20,22388.633
2024-09-02T08:00:00Z,57523.30,58639.00,57487.70,58396.00,49492.531
2024-09-02T12:00:00Z,58395.90,58783.00,58075.00,58508.00,37132.393
2024-09-02T16:00:00Z,58508.00,58645.40,58267.40,58418.80,15329.088
2024-09-02T20:00:00Z,58418.80,59412.30,58354.80,59112.10,36357.880
2024-09-03T00:00:00Z,59112.20,59790.00,59000.00,59087.90,33235.220
2024-09-03T04:00:00Z,59087.90,59236.70,58838.10,59078.00,21946.896
2024-09-03T08:00:00Z,59078.00,59174.80,58668.50,59038.60,20272.022
2024-09-03T12:00:00Z,59038.50,59332.90,57530.10,57695.10,88841.444
2024-09-03T16:00:00Z,57695.10,58250.00,57560.70,58020.90,42995.514
2024-09-03T20:00:00Z,58021.00,58217.60,57320.00,57451.90,22905.401
2024-09-04T00:00:00Z,57452.00,57920.00,55555.00,56632.90,96559.930
2024-09-04T04:00:00Z,56632.90,56847.20,56107.90,56717.00,36160.820
2024-09-04T08:00:00Z,56717.10,56871.50,56411.60,56536.20,24166.838
2024-09-04T12:00:00Z,56536.10,58137.70,56154.00,58096.20,98800.802
2024-09-04T16:00:00Z,58096.00,58500.00,57615.90,58029.80,53202.151
2024-09-04T20:00:00Z,58029.80,58371.70,57781.30,57944.80,18092.770
2024-09-05T00:00:00Z,57944.80,58318.90,56869.40,57104.10,43700.153
2024-09-05T04:00:00Z,57104.10,57265.00,56500.80,57127.00,36290.493
2024-09-05T08:00:00Z,57126.90,57217.50,56591.00,56666.10,28862.997
2024-09-05T12:00:00Z,56666.10,57300.00,55779.10,55947.00,114809.769
2024-09-05T16:00:00Z,55947.00,56688.90,55760.00,56026.00,46207.195
2024-09-05T20:00:00Z,56025.20,56232.80,55600.00,56145.70,24832.985
2024-09-06T00:00:00Z,56145.70,56836.70,55955.10,56553.70,31267.057
2024-09-06T04:00:00Z,56553.70,56717.80,55250.00,55766.30,48647.469
2024-09-06T08:00:00Z,55766.30,56244.10,55607.30,55972.10,37288.305
2024-09-06T12:00:00Z,55972.10,57000.00,53780.90,54022.10,199654.457
2024-09-06T16:00:00Z,54022.10,54414.00,53235.70,53515.30,95828.271
2024-09-06T20:00:00Z,53515.30,53938.90,52510.80,53927.70,66377.554
2024-09-07T00:00:00Z,53927.70,54082.20,53725.00,53789.20,16109.681
2024-09-07T04:00:00Z,53789.30,54369.70,53780.10,54258.10,26886.448
2024-09-07T08:00:00Z,54258.00,54472.80,54143.50,54298.90,16932.707
2024-09-07T12:00:00Z,54299.00,54800.00,54298.90,54746.60,23152.430
2024-09-07T16:00:00Z,54746.70,54820.20,53969.00,54375.00,26559.311
2024-09-07T20:00:00Z,54375.10,54415.40,53778.10,54134.90,18046.017
2024-09-08T00:00:00Z,54134.90,54478.90,53937.00,54371.50,16385.479
2024-09-08T04:00:00Z,54371.50,54544.80,54232.10,54411.50,13982.548
2024-09-08T08:00:00Z,54411.50,54700.00,54322.90,54528.60,15369.004
2024-09-08T12:00:00Z,54528.70,54544.00,53610.00,53663.60,41767.656
2024-09-08T16:00:00Z,53663.40,54497.40,53596.50,54301.30,25558.946
2024-09-08T20:00:00Z,54301.30,55300.00,54130.30,54839.60,49014.903
2024-09-09T00:00:00Z,54839.60,55351.40,54650.20,55084.90,34856.397
2024-09-09T04:00:00Z,55085.00,55118.30,54557.00,54939.10,25144.536
2024-09-09T08:00:00Z,54939.00,55549.00,54920.70,55236.80,35621.185
2024-09-09T12:00:00Z,55236.70,55774.90,54755.00,55360.30,77478.100
2024-09-09T16:00:00Z,55360.30,57148.60,55319.40,57060.10,89138.154
2024-09-09T20:00:00Z,57060.10,58153.20,56770.40,57010.00,50855.989
2024-09-10T00:00:00Z,57010.10,57041.90,56493.00,56500.10,25864.710
2024-09-10T04:00:00Z,56500.00,57266.60,56361.00,57183.20,28066.767
2024-09-10T08:00:00Z,57183.20,57366.00,56851.10,57190.10,26303.665
2024-09-10T12:00:00Z,57190.10,57439.00,56485.00,56561.00,68550.308
2024-09-10T16:00:00Z,56553.90,58033.20,56525.00,57923.60,58356.336
2024-09-10T20:00:00Z,57923.90,57945.40,57416.30,57609.10,21175.890
2024-09-11T00:00:00Z,57609.20,57729.00,56643.00,56793.50,45303.418
2024-09-11T04:00:00Z,56793.60,56794.90,56050.00,56675.10,42336.080
2024-09-11T08:00:00Z,56675.10,56850.00,56311.00,56768.90,32736.378
2024-09-11T12:00:00Z,56768.90,57138.00,55515.20,56676.10,129132.610
2024-09-11T16:00:00Z,56676.00,57954.40,56618.00,57560.90,74115.014
2024-09-11T20:00:00Z,57560.90,57648.00,57171.00,57306.00,14607.945
2024-09-12T00:00:00Z,57305.60,58465.40,57283.10,58197.90,49947.024
2024-09-12T04:00:00Z,58197.90,58397.50,57810.00,58101.80,24243.847
2024-09-12T08:00:00Z,58101.70,58317.50,57867.00,58031.70,22402.437
2024-09-12T12:00:00Z,58031.70,58606.60,57310.00,57472.10,95837.316
2024-09-12T16:00:00Z,57472.20,58425.70,57454.40,58366.30,46353.896
2024-09-12T20:00:00Z,58366.30,58366.80,57734.90,58097.00,22665.168
2024-09-13T00:00:00Z,58097.10,58226.80,57800.80,57827.00,16460.526
2024-09-13T04:00:00Z,57827.00,58108.80,57708.00,58079.80,16302.311
2024-09-13T08:00:00Z,58079.70,58321.90,57792.50,57852.60,25215.501
2024-09-13T12:00:00Z,57852.60,59706.10,57594.00,59623.50,115499.474
2024-09-13T16:00:00Z,59623.60,59979.20,59278.90,59703.10,61622.677
2024-09-13T20:00:00Z,59703.10,60597.00,59588.00,60456.20,42329.003
2024-09-14T00:00:00Z,60456.20,60572.90,60255.40,60290.50,15486.844
2024-09-14T04:00:00Z,60290.50,60318.80,59866.00,60110.40,17391.535
2024-09-14T08:00:00Z,60110.30,60130.00,59577.70,59680.00,19441.411
2024-09-14T12:00:00Z,59680.10,59988.90,59610.00,59840.10,17932.901
2024-09-14T16:00:00Z,59840.10,59953.00,59360.10,59778.40,20367.115
2024-09-14T20:00:00Z,59778.40,60135.80,59740.00,59964.00,11960.771
2024-09-15T00:00:00Z,59963.90,60247.90,59950.00,60130.20,11165.607
2024-09-15T04:00:00Z,60130.20,60193.60,60047.90,60166.80,7003.375
2024-09-15T08:00:00Z,60166.70,60178.00,59848.60,59977.00,11882.577
2024-09-15T12:00:00Z,59977.00,60369.40,59823.00,60304.60,25224.832
2024-09-15T16:00:00Z,60304.60,60323.10,59663.00,59847.70,29765.693
2024-09-15T20:00:00Z,59847.70,59910.20,58654.00,59100.50,45482.122
2024-09-16T00:00:00Z,59100.50,59182.20,58079.70,58546.50,54220.709
2024-09-16T04:00:00Z,58546.40,58935.00,58279.20,58874.60,26326.722
2024-09-16T08:00:00Z,58874.60,59159.10,58463.60,58630.00,28655.980
2024-09-16T12:00:00Z,58630.10,58766.00,57550.00,57860.70,71193.929
2024-09-16T16:00:00Z,57860.70,58250.00,57446.30,57915.40,48106.279
2024-09-16T20:00:00Z,57915.50,58397.90,57576.10,58187.00,22195.813
2024-09-17T00:00:00Z,58187.00,58320.00,57588.80,58035.20,26540.640
2024-09-17T04:00:00Z,58035.20,58762.00,57993.00,58668.10,23933.192
2024-09-17T08:00:00Z,58668.10,59274.40,58600.00,59055.10,37558.458
2024-09-17T12:00:00Z,59055.00,61345.00,58850.00,61103.00,138114.453
2024-09-17T16:00:00Z,61111.00,61240.60,59600.00,59946.00,66312.487
2024-09-17T20:00:00Z,59945.90,60398.20,59696.00,60281.00,25982.836
2024-09-18T00:00:00Z,60281.00,60747.70,59838.00,60490.00,27659.690
2024-09-18T04:00:00Z,60490.10,60664.90,60166.70,60403.70,18106.577
2024-09-18T08:00:00Z,60403.60,60403.70,59360.10,59824.60,42775.420
2024-09-18T12:00:00Z,59824.50,60130.00,59261.90,59400.10,56105.508
2024-09-18T16:00:00Z,59400.10,61320.70,59138.00,60024.60,158110.080
2024-09-18T20:00:00Z,60024.60,61765.00,59430.00,61735.30,52972.037
2024-09-19T00:00:00Z,61735.30,62555.00,61534.00,62086.50,71083.208
2024-09-19T04:00:00Z,62086.60,62155.00,61779.90,62071.00,23263.940
2024-09-19T08:00:00Z,62071.00,62697.00,61851.30,62604.50,40249.506
2024-09-19T12:00:00Z,62604.50,63483.80,62540.30,63129.00,85542.087
2024-09-19T16:00:00Z,63129.00,63830.10,62905.60,63229.40,56180.057
2024-09-19T20:00:00Z,63229.40,63229.50,62623.40,62926.90,26063.614
2024-09-20T00:00:00Z,62926.90,63728.20,62579.20,63723.30,32841.521
2024-09-20T04:00:00Z,63723.20,64126.70,63363.70,63494.40,52132.864
2024-09-20T08:00:00Z,63494.50,63673.80,63080.10,63417.10,35056.918
2024-09-20T12:00:00Z,63417.20,63528.70,62535.00,63120.20,79408.734
2024-09-20T16:00:00Z,63120.20,63257.60,62320.00,62772.10,41022.336
2024-09-20T20:00:00Z,62772.00,63280.00,62669.20,63175.70,16710.462
2024-09-21T00:00:00Z,63175.80,63282.00,62790.00,62865.10,17298.311
2024-09-21T04:00:00Z,62865.00,63114.60,62714.20,63060.00,12981.750
2024-09-21T08:00:00Z,63060.10,63120.00,62936.80,63058.00,8566.426
2024-09-21T12:00:00Z,63058.00,63286.90,62995.20,63146.60,14099.266
2024-09-21T16:00:00Z,63146.60,63378.80,63054.00,63174.20,12565.693
2024-09-21T20:00:00Z,63174.10,63546.90,63025.00,63320.60,12736.916
2024-09-22T00:00:00Z,63320.60,63423.70,62801.20,63088.90,19579.364
2024-09-22T04:00:00Z,63088.80,63182.40,62808.00,62909.30,10743.317
2024-09-22T08:00:00Z,62909.20,63010.50,62520.20,62751.40,22546.486
2024-09-22T12:00:00Z,62751.40,62915.70,62435.00,62624.20,19079.416
2024-09-22T16:00:00Z,62624.10,63200.00,62443.20,63132.10,22456.101
2024-09-22T20:00:00Z,63132.20,64000.00,62339.00,63558.40,54725.200
2024-09-23T00:00:00Z,63558.50,64724.80,62534.40,64320.10,74683.458
2024-09-23T04:00:00Z,64320.10,64427.90,63356.80,63519.90,35083.345
2024-09-23T08:00:00Z,63519.90,63668.40,63279.50,63399.00,21731.180
2024-09-23T12:00:00Z,63398.90,63778.70,63033.90,63589.60,56370.517
2024-09-23T16:00:00Z,63589.60,63790.00,63077.60,63272.60,28820.318
2024-09-23T20:00:00Z,63272.70,63467.10,63050.00,63302.00,17654.746
2024-09-24T00:00:00Z,63302.10,63377.40,62688.20,63097.60,34882.224
2024-09-24T04:00:00Z,63097.60,63542.90,62913.60,63527.80,18863.348
2024-09-24T08:00:00Z,63527.70,63925.50,63350.00,63446.30,32217.024
2024-09-24T12:00:00Z,63446.30,63744.40,62695.00,63128.80,63631.464
2024-09-24T16:00:00Z,63128.80,64357.70,63056.00,64270.00,49015.976
2024-09-24T20:00:00Z,64270.00,64666.00,63939.20,64243.10,38377.592
2024-09-25T00:00:00Z,64243.20,64800.00,63955.90,64422.40,29755.753
2024-09-25T04:00:00Z,64422.50,64430.00,63612.30,63814.90,25639.113
2024-09-25T08:00:00Z,63814.90,63888.30,63376.00,63808.10,30911.433
2024-09-25T12:00:00Z,63808.10,63971.00,63243.20,63470.10,39594.067
2024-09-25T16:00:00Z,63470.10,63642.40,62963.20,63151.60,37305.727
2024-09-25T20:00:00Z,63151.00,63533.30,62910.00,63118.40,21744.679
2024-09-26T00:00:00Z,63118.30,63518.90,62634.40,63482.90,36878.788
2024-09-26T04:00:00Z,63483.00,63843.10,63311.80,63823.40,22609.118
2024-09-26T08:00:00Z,63823.40,64500.00,63567.00,64373.00,46849.777
2024-09-26T12:00:00Z,64372.90,65549.50,64127.10,65200.00,130644.247
2024-09-26T16:00:00Z,65200.00,65800.00,64656.10,64677.80,56313.884
2024-09-26T20:00:00Z,64677.80,65214.20,64601.60,65139.20,27890.542
2024-09-27T00:00:00Z,65139.10,65412.00,64788.00,65338.00,25651.759
2024-09-27T04:00:00Z,65338.00,65534.60,65071.00,65438.90,26033.490
2024-09-27T08:00:00Z,65438.80,65968.10,65307.00,65408.20,41461.345
2024-09-27T12:00:00Z,65408.30,66450.00,65287.60,65974.00,76731.833
2024-09-27T16:00:00Z,65974.10,66329.00,65477.70,65612.80,43546.194
2024-09-27T20:00:00Z,65612.90,65950.00,65587.20,65749.60,12979.400
2024-09-28T00:00:00Z,65749.50,66237.00,65692.30,66041.00,15236.279
2024-09-28T04:00:00Z,66041.00,66060.10,65706.10,65790.00,12621.823
2024-09-28T08:00:00Z,65790.00,65790.10,65392.70,65761.50,19888.929
2024-09-28T12:00:00Z,65761.50,65796.80,65368.10,65593.70,20472.053
2024-09-28T16:00:00Z,65593.60,65798.70,65460.00,65699.60,9155.286
2024-09-28T20:00:00Z,65699.70,65980.00,65380.00,65822.60,15399.183
2024-09-29T00:00:00Z,65822.70,65954.50,65599.80,65781.60,12438.833
2024-09-29T04:00:00Z,65781.50,65781.60,65400.00,65436.90,12286.502
2024-09-29T08:00:00Z,65436.90,65702.70,65401.00,65670.40,11851.759
2024-09-29T12:00:00Z,65670.40,65832.90,65480.00,65720.00,17725.988
2024-09-29T16:00:00Z,65720.00,65947.40,65623.80,65926.30,12855.578
2024-09-29T20:00:00Z,65926.20,66059.30,65491.40,65568.10,20973.139
2024-09-30T00:00:00Z,65568.20,65588.80,64150.00,64539.90,69881.834
2024-09-30T04:00:00Z,64539.90,64686.00,64300.00,64539.10,24981.714
2024-09-30T08:00:00Z,64539.00,64552.90,63222.00,63794.40,76458.979
2024-09-30T12:00:00Z,63794.40,64130.80,63490.20,63535.60,48875.810
2024-09-30T16:00:00Z,63535.70,63722.40,63036.20,63472.80,45469.704
2024-09-30T20:00:00Z,63472.90,63845.00,62825.00,63309.10,31180.332
2024-10-01T00:00:00Z,63309.00,63732.00,63000.00,63707.20,30145.062
2024-10-01T04:00:00Z,63707.20,64092.60,63627.60,64017.00,23523.665
2024-10-01T08:00:00Z,64016.90,64075.50,63683.10,63699.90,18586.910
2024-10-01T12:00:00Z,63700.00,63784.00,61801.60,62613.80,149631.728
2024-10-01T16:00:00Z,62613.80,62760.00,61100.00,61739.70,126786.010
2024-10-01T20:00:00Z,61739.80,61750.20,60128.20,60776.80,81144.460
2024-10-02T00:00:00Z,60776.70,61858.20,60703.30,61718.00,37462.528
2024-10-02T04:00:00Z,61718.10,61926.70,61325.00,61702.50,27147.209
2024-10-02T08:00:00Z,61702.50,61888.20,60856.80,61140.80,42121.394
2024-10-02T12:00:00Z,61140.80,61902.60,60495.00,61833.90,91786.770
2024-10-02T16:00:00Z,61833.90,62355.00,59934.90,60155.00,93642.638
2024-10-02T20:00:00Z,60155.00,60972.90,60091.30,60622.60,34841.266
2024-10-03T00:00:00Z,60622.70,61445.10,60508.70,61434.30,31925.503
2024-10-03T04:00:00Z,61434.40,61452.60,60789.20,60898.60,24875.301
2024-10-03T08:00:00Z,60898.50,61047.30,60101.50,60733.00,53727.324
2024-10-03T12:00:00Z,60732.90,60909.10,59815.00,60606.50,101228.614
2024-10-03T16:00:00Z,60606.40,61024.10,59888.00,60998.00,55409.577
2024-10-03T20:00:00Z,60998.00,61073.70,60580.00,60727.20,18970.893
2024-10-04T00:00:00Z,60727.10,61247.40,60434.10,60928.70,29090.101
2024-10-04T04:00:00Z,60928.70,61476.10,60896.30,61403.90,21411.632
2024-10-04T08:00:00Z,61403.90,61616.00,61236.00,61423.00,24727.149
2024-10-04T12:00:00Z,61423.00,61985.00,60700.50,61843.10,97099.192
2024-10-04T16:00:00Z,61843.20,62442.80,61611.00,62337.00,46119.924
2024-10-04T20:00:00Z,62337.20,62457.10,61934.00,62054.40,16347.838
2024-10-05T00:00:00Z,62054.30,62169.30,61648.00,61835.50,15990.326
2024-10-05T04:00:00Z,61835.50,62242.40,61790.30,62043.00,11996.567
2024-10-05T08:00:00Z,62043.00,62298.20,62043.00,62149.10,8605.565
2024-10-05T12:00:00Z,62149.10,62344.00,62058.90,62131.40,11275.172
2024-10-05T16:00:00Z,62131.50,62159.40,61740.40,61822.40,15845.230
2024-10-05T20:00:00Z,61822.40,62076.90,61671.90,62023.10,10617.921
2024-10-06T00:00:00Z,62023.10,62132.40,61840.50,61852.40,8978.768
2024-10-06T04:00:00Z,61852.50,61987.70,61778.90,61919.80,6470.994
2024-10-06T08:00:00Z,61919.80,62139.80,61890.00,62067.10,8955.265
2024-10-06T12:00:00Z,62067.00,62750.00,62027.00,62690.40,32004.279
2024-10-06T16:00:00Z,62690.40,62961.50,62511.00,62601.50,20697.883
2024-10-06T20:00:00Z,62601.40,62888.00,62265.00,62789.30,19306.264
2024-10-07T00:00:00Z,62789.20,63950.00,62620.10,63494.60,53427.045
2024-10-07T04:00:00Z,63494.50,63689.80,63281.60,63509.90,19040.589
2024-10-07T08:00:00Z,63509.90,63680.00,62621.90,63114.10,46007.292
2024-10-07T12:00:00Z,63114.10,64448.20,62800.00,63620.00,92256.761
2024-10-07T16:00:00Z,63620.10,63885.00,62700.00,63349.40,46946.801
2024-10-07T20:00:00Z,63349.40,63379.90,62091.80,62190.70,41270.887
2024-10-08T00:00:00Z,62190.60,62794.00,62126.30,62602.40,28564.660
2024-10-08T04:00:00Z,62602.30,62753.30,61941.00,62291.40,35539.487
2024-10-08T08:00:00Z,62291.40,62637.00,62159.80,62595.70,20264.489
2024-10-08T12:00:00Z,62595.80,63178.70,61836.00,62259.90,84886.204
2024-10-08T16:00:00Z,62259.90,62571.80,61843.60,62228.30,42234.458
2024-10-08T20:00:00Z,62228.50,62544.60,62000.00,62131.70,14787.061
2024-10-09T00:00:00Z,62131.80,62478.60,61962.80,62365.00,19352.949
2024-10-09T04:00:00Z,62365.00,62520.90,62164.70,62243.00,14632.884
2024-10-09T08:00:00Z,62243.00,62261.70,62025.00,62177.80,16509.769
2024-10-09T12:00:00Z,62177.70,62386.00,61600.10,62285.40,64587.868
2024-10-09T16:00:00Z,62285.40,62320.00,60800.20,61013.70,60119.581
2024-10-09T20:00:00Z,61013.60,61092.50,60251.90,60606.40,42099.122
2024-10-10T00:00:00Z,60606.30,60930.00,60309.00,60838.70,25500.217
2024-10-10T04:00:00Z,60838.70,61128.10,60782.50,60871.00,15827.297
2024-10-10T08:00:00Z,60871.10,61297.00,60600.00,61235.90,27636.423
2024-10-10T12:00:00Z,61235.90,61294.70,60414.00,60769.90,67108.376
2024-10-10T16:00:00Z,60770.00,61020.00,58900.00,59696.90,99979.096
2024-10-10T20:00:00Z,59696.90,60295.70,59550.00,60293.20,26896.244
2024-10-11T00:00:00Z,60293.30,60749.90,60057.80,60572.60,26586.058
2024-10-11T04:00:00Z,60572.60,60893.40,60541.60,60643.30,19170.546
2024-10-11T08:00:00Z,60643.20,61228.90,60618.40,61140.00,29003.451
2024-10-11T12:00:00Z,61140.10,62432.60,61091.80,62218.00,87805.333
2024-10-11T16:00:00Z,62218.00,63400.00,62080.10,63042.40,75652.829
2024-10-11T20:00:00Z,63042.30,63144.00,62328.00,62509.00,25472.925
2024-10-12T00:00:00Z,62509.00,63055.90,62458.00,62537.00,23211.182
2024-10-12T04:00:00Z,62537.10,62770.00,62537.00,62734.10,10128.848
2024-10-12T08:00:00Z,62734.00,63248.00,62645.50,62900.30,17567.587
2024-10-12T12:00:00Z,62900.40,63462.60,62781.00,63124.80,26797.661
2024-10-12T16:00:00Z,63124.90,63366.80,62862.00,62966.30,16359.048
2024-10-12T20:00:00Z,62966.20,63345.20,62966.20,63176.00,8720.080
2024-10-13T00:00:00Z,63176.00,63260.00,62615.40,62686.20,22542.817
2024-10-13T04:00:00Z,62686.20,62960.00,62675.40,62819.00,9250.078
2024-10-13T08:00:00Z,62819.00,62938.10,62486.10,62528.50,13355.855
2024-10-13T12:00:00Z,62528.40,62811.00,62020.00,62195.30,32569.283
2024-10-13T16:00:00Z,62195.20,62864.80,62141.10,62699.30,33647.995
2024-10-13T20:00:00Z,62699.20,63118.30,62574.10,62839.80,18330.128
2024-10-14T00:00:00Z,62839.70,64377.60,62420.00,64281.60,49743.051
2024-10-14T04:00:00Z,64280.80,64676.70,63752.80,64599.60,63161.449
2024-10-14T08:00:00Z,64599.50,65221.60,64306.90,64899.40,53429.685
2024-10-14T12:00:00Z,64899.50,66288.00,64630.00,65850.90,97129.105
2024-10-14T16:00:00Z,65850.90,66066.00,65520.00,65901.00,41167.572
2024-10-14T20:00:00Z,65900.90,66533.00,65710.00,66064.90,33620.739
2024-10-15T00:00:00Z,66064.90,66312.40,65300.00,65382.10,30836.404
2024-10-15T04:00:00Z,65382.20,65830.00,65200.10,65638.40,27701.846
2024-10-15T08:00:00Z,65638.40,65838.90,65255.00,65385.30,26501.689
2024-10-15T12:00:00Z,65385.30,67953.70,64771.70,65994.60,218343.805
2024-10-15T16:00:00Z,65994.70,67372.90,65952.60,66937.10,78846.996
2024-10-15T20:00:00Z,66937.00,67136.00,66095.80,67044.10,39774.771
2024-10-16T00:00:00Z,67044.00,67548.60,66724.20,67064.50,31340.546
2024-10-16T04:00:00Z,67064.50,67335.90,66732.70,66948.80,24048.074
2024-10-16T08:00:00Z,66948.80,68400.00,66888.00,67872.30,67489.134
2024-10-16T12:00:00Z,67872.30,68299.90,67076.00,67726.00,85352.330
2024-10-16T16:00:00Z,67725.90,68087.90,67447.10,67692.40,30240.739
2024-10-16T20:00:00Z,67692.40,67945.00,67468.10,67592.00,15682.678
2024-10-17T00:00:00Z,67592.00,67925.90,67369.30,67570.00,23822.274
2024-10-17T04:00:00Z,67570.10,67570.10,67054.20,67280.80,27116.955
2024-10-17T08:00:00Z,67280.80,67516.70,66766.00,66853.60,34930.910
2024-10-17T12:00:00Z,66853.50,67673.90,66600.00,67561.90,75033.595
2024-10-17T16:00:00Z,67561.90,67570.00,66682.30,66821.10,42147.009
2024-10-17T20:00:00Z,66821.10,67473.50,66802.60,67401.50,17222.094
2024-10-18T00:00:00Z,67401.50,68268.00,67165.00,67532.30,42849.602
2024-10-18T04:00:00Z,67532.30,68371.00,67520.10,67955.00,35988.833
2024-10-18T08:00:00Z,67955.10,68044.80,67656.60,67692.70,20054.459
2024-10-18T12:00:00Z,67692.70,68870.70,67629.00,68710.00,82701.774
2024-10-18T16:00:00Z,68710.00,69000.00,68338.00,68582.30,44954.462
2024-10-18T20:00:00Z,68582.30,68669.60,68173.40,68407.80,18752.631
2024-10-19T00:00:00Z,68407.80,68684.90,68278.80,68428.40,14128.924
2024-10-19T04:00:00Z,68428.40,68544.60,68270.80,68328.90,9447.218
2024-10-19T08:00:00Z,68328.90,68456.00,68042.50,68071.60,13259.148
2024-10-19T12:00:00Z,68071.60,68347.20,68063.50,68206.90,12650.205
2024-10-19T16:00:00Z,68206.90,68228.90,68000.00,68162.50,9668.409
2024-10-19T20:00:00Z,68162.50,68401.60,68145.20,68357.10,9478.204
2024-10-20T00:00:00Z,68357.10,68435.60,68069.80,68161.10,9136.247
2024-10-20T04:00:00Z,68161.10,68423.00,68151.30,68347.00,10766.222
2024-10-20T08:00:00Z,68347.00,68498.00,68330.00,68396.30,7315.345
2024-10-20T12:00:00Z,68396.40,68749.00,68176.70,68605.00,26395.008
2024-10-20T16:00:00Z,68605.00,68649.00,68384.30,68484.90,9301.881
2024-10-20T20:00:00Z,68484.90,69425.80,68431.90,69020.10,43024.789
2024-10-21T00:00:00Z,69020.20,69566.00,68590.00,68938.00,37444.311
2024-10-21T04:00:00Z,68937.90,69200.00,68468.00,68519.30,26063.349
2024-10-21T08:00:00Z,68519.30,68675.00,68136.00,68250.90,27692.483
2024-10-21T12:00:00Z,68250.80,68350.80,66865.90,67354.30,97480.381
2024-10-21T16:00:00Z,67354.20,67949.00,66920.00,67755.40,45291.764
2024-10-21T20:00:00Z,67755.60,67928.40,67341.40,67368.80,19465.045
2024-10-22T00:00:00Z,67368.70,67688.00,66536.50,67390.30,42456.350
2024-10-22T04:00:00Z,67390.30,67784.90,67278.00,67387.30,17437.114
2024-10-22T08:00:00Z,67387.20,67524.60,66740.00,67280.60,41352.412
2024-10-22T12:00:00Z,67280.60,67718.00,66613.00,67266.80,69808.374
2024-10-22T16:00:00Z,67266.80,67630.00,66902.10,67466.80,29595.381
2024-10-22T20:00:00Z,67466.20,67825.00,67266.60,67406.40,17869.346
2024-10-23T00:00:00Z,67406.50,67449.00,66856.70,67057.80,18075.878
2024-10-23T04:00:00Z,67057.80,67290.00,66779.50,66838.00,18800.014
2024-10-23T08:00:00Z,66838.00,67046.80,66150.00,66406.10,47764.715
2024-10-23T12:00:00Z,66406.10,66921.70,65900.00,66201.60,61638.876
2024-10-23T16:00:00Z,66201.70,66566.00,65222.30,66465.20,80361.232
2024-10-23T20:00:00Z,66465.30,66806.20,66300.00,66647.20,21574.343
2024-10-24T00:00:00Z,66647.30,67615.30,66482.00,67192.70,37890.497
2024-10-24T04:00:00Z,67192.70,67457.00,67050.00,67104.40,17146.619
2024-10-24T08:00:00Z,67104.50,67327.20,66700.00,67276.30,28291.929
2024-10-24T12:00:00Z,67276.30,68000.00,67243.30,67672.70,58248.604
2024-10-24T16:00:00Z,67672.70,68296.00,67329.20,68279.70,35683.920
2024-10-24T20:00:00Z,68279.70,68842.50,67890.00,68173.80,35079.153
2024-10-25T00:00:00Z,68173.80,68256.50,67800.00,67983.10,21316.585
2024-10-25T04:00:00Z,67983.20,68019.30,67222.40,67503.60,30679.870
2024-10-25T08:00:00Z,67503.60,68158.00,67289.50,68081.60,29234.239
2024-10-25T12:00:00Z,68081.60,68748.00,67397.10,67660.60,69478.441
2024-10-25T16:00:00Z,67660.60,67895.50,65950.30,66825.80,130344.496
2024-10-25T20:00:00Z,66825.70,67376.90,65557.20,66662.80,67458.240
2024-10-26T00:00:00Z,66662.70,67016.10,66414.10,66885.70,27492.406
2024-10-26T04:00:00Z,66885.80,67211.20,66730.10,66982.00,14541.648
2024-10-26T08:00:00Z,66982.00,67250.00,66939.50,67110.10,11608.638
2024-10-26T12:00:00Z,67110.20,67156.00,66708.00,66864.20,18967.953
2024-10-26T16:00:00Z,66864.30,67160.00,66760.50,67154.50,10647.402
2024-10-26T20:00:00Z,67154.40,67450.00,67056.50,67071.80,10911.945
2024-10-27T00:00:00Z,67071.90,67297.20,66909.40,67261.80,8720.051
2024-10-27T04:00:00Z,67261.90,67291.80,67081.60,67174.70,5970.870
2024-10-27T08:00:00Z,67174.70,67246.00,67011.10,67101.10,7730.454
2024-10-27T12:00:00Z,67101.00,67835.10,67095.00,67759.90,26035.205
2024-10-27T16:00:00Z,67759.90,67994.20,67513.00,67816.80,16831.536
2024-10-27T20:00:00Z,67816.80,68306.10,67600.00,67992.60,23180.692
2024-10-28T00:00:00Z,67992.70,68094.60,67651.00,67698.10,17259.456
2024-10-28T04:00:00Z,67698.10,68666.00,67584.20,68395.20,31198.170
2024-10-28T08:00:00Z,68395.30,68820.90,68207.40,68731.10,31556.121
2024-10-28T12:00:00Z,68731.10,69272.10,68390.60,68459.10,73534.015
2024-10-28T16:00:00Z,68459.10,69902.40,68424.00,69566.10,71038.675
2024-10-28T20:00:00Z,69650.00,70331.00,69480.30,69940.00,31542.185
2024-10-29T00:00:00Z,69939.90,71607.00,69733.00,70927.50,70969.906
2024-10-29T04:00:00Z,70927.40,71343.90,70803.00,71004.20,27074.597
2024-10-29T08:00:00Z,71004.10,71580.00,70960.00,71440.10,27038.505
2024-10-29T12:00:00Z,71440.00,72490.00,70900.00,72374.90,101844.283
2024-10-29T16:00:00Z,72374.90,73660.00,72328.60,72528.60,111067.510
2024-10-29T20:00:00Z,72534.60,72999.00,71871.10,72739.50,44507.259
2024-10-30T00:00:00Z,72739.50,72797.40,72018.00,72249.90,28141.259
2024-10-30T04:00:00Z,72249.90,72628.50,72112.60,72244.80,18203.431
2024-10-30T08:00:00Z,72244.80,72620.00,71931.10,71995.00,28224.538
2024-10-30T12:00:00Z,71994.90,72484.50,71444.20,72058.80,69872.822
2024-10-30T16:00:00Z,72058.80,72207.10,71655.00,71826.10,25715.669
2024-10-30T20:00:00Z,71826.00,72984.90,71631.60,72349.00,56951.089
2024-10-31T00:00:00Z,72349.00,72598.50,72030.50,72359.90,19966.004
2024-10-31T04:00:00Z,72360.00,72488.90,72144.80,72417.80,12421.816
2024-10-31T08:00:00Z,72417.80,72720.30,72150.00,72213.30,25593.011
2024-10-31T12:00:00Z,72213.40,72270.00,70453.10,70638.70,108897.549
2024-10-31T16:00:00Z,70638.60,70922.40,70050.00,70128.10,54149.039
2024-10-31T20:00:00Z,70128.00,70669.70,69705.00,70321.90,35457.909
2024-11-01T00:00:00Z,70321.90,70500.00,68870.40,69397.70,61743.169
2024-11-01T04:00:00Z,69397.70,69721.80,69100.90,69301.00,21979.496
2024-11-01T08:00:00Z,69301.00,70248.60,69270.00,70024.80,33299.189
2024-11-01T12:00:00Z,70024.70,71650.00,69036.00,69381.00,132614.932
2024-11-01T16:00:00Z,69381.10,70543.30,68822.50,69278.60,82079.073
2024-11-01T20:00:00Z,69278.60,69634.90,68856.30,69495.50,20875.229
2024-11-02T00:00:00Z,69495.40,69913.10,69480.80,69599.90,13396.546
2024-11-02T04:00:00Z,69599.90,69822.50,69450.00,69813.10,9480.066
2024-11-02T08:00:00Z,69813.00,69846.20,69413.00,69602.50,9919.876
2024-11-02T12:00:00Z,69602.60,69700.00,69022.80,69394.00,25701.195
2024-11-02T16:00:00Z,69393.90,69610.90,69221.60,69502.60,11944.529
2024-11-02T20:00:00Z,69502.50,69570.00,69150.10,69366.60,8871.893
2024-11-03T00:00:00Z,69366.60,69393.70,67846.00,68367.50,53265.097
2024-11-03T04:00:00Z,68367.60,68772.80,68287.60,68395.60,20698.181
2024-11-03T08:00:00Z,68395.50,68605.50,68183.80,68345.40,17859.381
2024-11-03T12:00:00Z,68345.40,68549.70,67446.60,68076.00,57554.991
2024-11-03T16:00:00Z,68075.60,68691.40,67660.00,68670.00,43218.091
2024-11-03T20:00:00Z,68670.00,69348.00,68483.10,68762.50,33881.635
2024-11-04T00:00:00Z,68762.50,69495.30,68220.00,69034.00,31791.122
2024-11-04T04:00:00Z,69034.00,69397.20,68600.90,68601.00,21320.158
2024-11-04T08:00:00Z,68601.00,69029.80,68456.30,68778.00,25361.648
2024-11-04T12:00:00Z,68778.10,69243.80,68173.30,68614.70,47079.052
2024-11-04T16:00:00Z,68614.80,68808.60,67205.00,67845.70,66818.212
2024-11-04T20:00:00Z,67845.60,68093.00,66810.00,67834.30,52541.974
2024-11-05T00:00:00Z,67834.40,68264.30,67454.20,68226.30,26196.710
2024-11-05T04:00:00Z,68226.20,68967.00,68200.00,68876.00,24619.450
2024-11-05T08:00:00Z,68875.90,69100.00,68588.20,68788.40,24112.300
2024-11-05T12:00:00Z,68788.50,70300.00,68642.10,69615.30,85206.886
2024-11-05T16:00:00Z,69615.20,70537.40,68650.00,68955.90,72195.636
2024-11-05T20:00:00Z,68955.90,69875.10,68786.40,69353.10,40739.888
2024-11-06T00:00:00Z,69353.10,75656.10,69272.70,74367.10,220262.621
2024-11-06T04:00:00Z,74367.10,75486.40,73112.00,73435.90,150835.366
2024-11-06T08:00:00Z,73435.80,74488.10,72721.50,74291.60,80333.054
2024-11-06T12:00:00Z,74291.70,74801.10,73500.00,74289.60,98258.389
2024-11-06T16:00:00Z,74289.70,75896.50,74134.50,75817.90,72281.048
2024-11-06T20:00:00Z,75817.90,76420.00,75500.00,75579.90,55469.808
2024-11-07T00:00:00Z,75579.90,76072.50,75000.00,75062.90,42389.268
2024-11-07T04:00:00Z,75062.80,75083.00,74450.00,74800.00,33140.462
2024-11-07T08:00:00Z,74800.00,75195.00,74719.30,74776.90,22641.139
2024-11-07T12:00:00Z,74776.90,76094.60,74508.00,76081.60,53654.903
2024-11-07T16:00:00Z,76081.50,76750.40,75577.80,76533.30,85759.805
2024-11-07T20:00:00Z,76533.20,76900.00,75471.10,75859.40,43089.456
2024-11-08T00:00:00Z,75859.40,76350.20,75576.30,75900.40,26499.940
2024-11-08T04:00:00Z,75900.40,76247.00,75696.10,76171.00,20162.471
2024-11-08T08:00:00Z,76171.00,76350.00,75775.80,75951.90,23054.513
2024-11-08T12:00:00Z,75952.00,76627.80,75620.10,76423.30,58380.345
2024-11-08T16:00:00Z,76423.30,77182.90,75820.00,76894.40,72505.490
2024-11-08T20:00:00Z,76894.40,77080.40,76278.50,76482.20,29767.565
2024-11-09T00:00:00Z,76482.20,76618.30,76122.40,76330.00,15792.551
2024-11-09T04:00:00Z,76330.10,76800.00,76285.70,76523.90,18270.772
2024-11-09T08:00:00Z,76523.90,76735.00,76358.80,76478.60,12472.435
2024-11-09T12:00:00Z,76478.60,76552.10,76255.00,76305.70,15353.180
2024-11-09T16:00:00Z,76305.60,76700.00,75683.20,76195.20,35282.838
2024-11-09T20:00:00Z,76195.20,76920.00,76158.80,76675.10,20582.258
2024-11-10T00:00:00Z,76675.10,77543.10,76501.10,77204.00,45047.568
2024-11-10T04:00:00Z,77204.00,79882.80,77133.30,78858.20,112080.688
2024-11-10T08:00:00Z,78858.20,80178.00,78858.10,79926.70,48780.387
2024-11-10T12:00:00Z,79926.70,80200.00,79200.00,79735.10,54489.793
2024-11-10T16:00:00Z,79735.10,81199.00,79386.00,79793.40,75109.372
2024-11-10T20:00:00Z,79793.40,81699.80,78549.20,80410.00,81919.091
2024-11-11T00:00:00Z,80409.90,81944.60,80261.20,81662.40,47331.713
2024-11-11T04:00:00Z,81662.30,81783.50,80467.00,81147.90,38159.913
2024-11-11T08:00:00Z,81147.80,82431.40,81051.60,82168.70,52573.957
2024-11-11T12:00:00Z,82168.70,84359.70,81467.50,84114.20,143031.996
2024-11-11T16:00:00Z,84114.10,86971.00,83897.20,86181.00,158908.501
2024-11-11T20:00:00Z,86180.90,89800.00,86123.10,88728.90,174135.582
2024-11-12T00:00:00Z,88729.00,89589.20,86657.40,88145.10,112158.288
2024-11-12T04:00:00Z,88145.00,90070.10,87769.00,89095.40,82836.942
2024-11-12T08:00:00Z,89095.50,89590.20,85500.00,87229.50,152590.451
2024-11-12T12:00:00Z,87229.50,87933.30,85159.90,86659.90,131106.429
2024-11-12T16:00:00Z,86660.00,89830.00,85792.50,88762.80,98262.570
2024-11-12T20:00:00Z,88762.90,89920.00,87384.60,87972.00,62526.904
2024-11-13T00:00:00Z,87972.00,88619.00,87061.60,87198.20,50628.657
2024-11-13T04:00:00Z,87198.30,87755.00,86180.00,87402.90,52550.607
2024-11-13T08:00:00Z,87402.90,88154.30,87132.40,87710.70,32402.081
2024-11-13T12:00:00Z,87710.70,92808.00,87551.00,92608.10,179178.401
2024-11-13T16:00:00Z,92608.00,93421.10,90005.80,90218.80,144613.188
2024-11-13T20:00:00Z,90218.80,91233.00,88005.10,90413.30,95915.363
2024-11-14T00:00:00Z,90413.30,90642.50,89531.70,89988.00,37865.206
2024-11-14T04:00:00Z,89988.10,90900.00,89095.50,90818.90,35453.645
2024-11-14T08:00:00Z,90818.90,91726.10,90370.00,91536.70,58116.522
2024-11-14T12:00:00Z,91536.80,91846.10,87855.00,88000.00,106437.305
2024-11-14T16:00:00Z,87999.90,89763.90,87555.00,89502.70,59001.492
2024-11-14T20:00:00Z,89502.60,89502.60,86714.00,87382.70,67747.510
2024-11-15T00:00:00Z,87382.60,88544.50,87302.40,88253.10,33647.259
2024-11-15T04:00:00Z,88253.20,88450.00,87111.00,87693.90,30043.698
2024-11-15T08:00:00Z,87693.90,89831.10,87418.40,89782.90,45281.393
2024-11-15T12:00:00Z,89783.00,90780.00,87815.00,88485.40,100346.130
2024-11-15T16:00:00Z,88485.50,90898.00,88428.90,90418.40,60358.503
2024-11-15T20:00:00Z,90418.50,91921.50,90371.10,91074.60,44754.925
2024-11-16T00:00:00Z,91074.60,91745.00,90900.00,91286.80,22409.140
2024-11-16T04:00:00Z,91286.90,91849.80,91107.40,91173.30,15216.836
2024-11-16T08:00:00Z,91173.30,91650.10,91050.00,91240.10,16860.827
2024-11-16T12:00:00Z,91240.10,91384.40,90120.00,90578.00,37507.082
2024-11-16T16:00:00Z,90577.90,91443.50,90250.00,91176.90,22394.018
2024-11-16T20:00:00Z,91176.90,91253.70,90350.30,90643.30,14635.544
2024-11-17T00:00:00Z,90643.20,90954.90,89400.10,90294.90,31001.004
2024-11-17T04:00:00Z,90294.90,90949.90,90194.20,90600.00,19011.425
2024-11-17T08:00:00Z,90600.00,91539.60,90523.30,90743.40,25814.112
2024-11-17T12:00:00Z,90743.30,91250.00,89935.70,90305.10,32101.076
2024-11-17T16:00:00Z,90305.20,90701.00,89713.70,90099.50,25084.894
2024-11-17T20:00:00Z,90099.60,90276.30,88736.10,89899.90,34492.281
2024-11-18T00:00:00Z,89900.00,91000.00,89666.90,90728.60,22915.771
2024-11-18T04:00:00Z,90728.60,92414.90,90502.10,91795.90,38769.822
2024-11-18T08:00:00Z,91795.90,92338.90,90077.70,90338.70,44082.727
2024-11-18T12:00:00Z,90338.70,92700.00,89422.10,92407.80,95658.795
2024-11-18T16:00:00Z,92407.80,92675.90,89706.20,90657.80,78011.620
2024-11-18T20:00:00Z,90657.70,92084.70,90280.00,90507.40,54118.375
2024-11-19T00:00:00Z,90507.40,91634.20,90405.60,91499.90,24546.623
2024-11-19T04:00:00Z,91500.00,92123.70,91292.50,91696.00,23000.398
2024-11-19T08:00:00Z,91696.10,92029.20,91250.00,91717.60,24939.284
2024-11-19T12:00:00Z,91717.60,92885.00,91015.60,92453.30,96334.675
2024-11-19T16:00:00Z,92455.50,93985.90,92105.90,93271.40,79233.610
2024-11-19T20:00:00Z,93271.60,93633.10,91334.40,92335.90,55477.441
2024-11-20T00:00:00Z,92335.90,92459.20,91500.00,92072.10,26421.429
2024-11-20T04:00:00Z,92072.00,92866.60,91882.40,92856.60,21131.099
2024-11-20T08:00:00Z,92856.60,93712.50,92730.20,93485.10,40106.881
2024-11-20T12:00:00Z,93485.20,94849.00,93328.60,94737.60,96267.382
2024-11-20T16:00:00Z,94737.60,94840.00,93093.30,93999.90,78303.055
2024-11-20T20:00:00Z,93999.90,94626.80,93750.30,94288.00,27814.381
2024-11-21T00:00:00Z,94288.00,95991.40,94008.70,95790.20,61140.448
2024-11-21T04:00:00Z,95790.10,97899.90,95790.10,96950.00,83899.747
2024-11-21T08:00:00Z,96950.00,98438.90,96757.60,98014.00,54909.632
2024-11-21T12:00:00Z,98014.00,98289.30,95625.00,96684.00,103958.368
2024-11-21T16:00:00Z,96684.10,99100.00,96311.00,97891.50,76195.107
2024-11-21T20:00:00Z,97891.50,98767.00,97531.70,98366.80,38279.834
2024-11-22T00:00:00Z,98366.80,99414.00,97860.10,98888.90,38616.603
2024-11-22T04:00:00Z,98888.90,99537.60,98550.00,99252.60,32825.662
2024-11-22T08:00:00Z,99252.60,99340.00,98300.00,98929.90,33443.457
2024-11-22T12:00:00Z,98930.00,99019.20,97199.90,98696.50,77364.746
2024-11-22T16:00:00Z,98696.60,99660.00,98264.20,99112.60,54528.558
2024-11-22T20:00:00Z,99112.60,99500.00,98508.10,98921.40,28995.041
2024-11-23T00:00:00Z,98921.50,98937.30,98309.90,98702.60,17253.830
2024-11-23T04:00:00Z,98702.60,98842.80,98314.40,98600.60,14055.072
2024-11-23T08:00:00Z,98600.50,98666.00,98355.00,98470.80,11785.190
2024-11-23T12:00:00Z,98470.80,98916.80,98412.80,98426.00,19215.669
2024-11-23T16:00:00Z,98426.10,98504.40,97368.00,97562.40,40309.275
2024-11-23T20:00:00Z,97562.50,98088.40,97173.50,97725.50,17739.386
2024-11-24T00:00:00Z,97725.60,98666.00,97670.90,98260.80,17187.628
2024-11-24T04:00:00Z,98260.90,98490.80,97947.40,98490.10,12556.249
2024-11-24T08:00:00Z,98490.10,98578.90,97286.00,97337.60,20554.068
2024-11-24T12:00:00Z,97337.60,97680.00,95976.00,95986.40,60350.265
2024-11-24T16:00:00Z,95986.30,96846.40,95822.10,96396.80,32601.995
2024-11-24T20:00:00Z,96396.80,98429.70,96265.10,97960.40,29868.635
2024-11-25T00:00:00Z,97960.50,98106.90,96929.90,97935.90,22932.841
2024-11-25T04:00:00Z,97935.80,98421.60,97600.00,98112.90,20355.410
2024-11-25T08:00:00Z,98113.00,98999.00,97911.10,98268.00,32738.055
2024-11-25T12:00:00Z,98268.10,98390.00,94665.40,96040.40,112741.637
2024-11-25T16:00:00Z,96040.40,96562.70,94467.40,94723.60,64872.212
2024-11-25T20:00:00Z,94723.70,95366.80,92666.00,93064.00,75734.866
2024-11-26T00:00:00Z,93064.00,94981.80,92800.10,94537.80,39545.582
2024-11-26T04:00:00Z,94537.70,95064.00,93533.90,93842.10,24648.316
2024-11-26T08:00:00Z,93842.10,93846.10,91553.00,92420.00,90231.256
2024-11-26T12:00:00Z,92420.00,93639.50,91809.90,92877.40,73826.177
2024-11-26T16:00:00Z,92877.40,94745.20,91650.60,91760.00,67285.049
2024-11-26T20:00:00Z,91760.00,92443.20,90866.40,92021.40,49392.853
2024-11-27T00:00:00Z,92021.50,93133.00,91864.00,92645.30,30203.735
2024-11-27T04:00:00Z,92645.20,93721.80,92413.20,93651.30,23144.634
2024-11-27T08:00:00Z,93651.30,93939.00,93167.20,93423.80,21517.494
2024-11-27T12:00:00Z,93423.80,95908.00,92903.40,95610.50,67850.746
2024-11-27T16:00:00Z,95610.40,96687.40,95238.70,96670.00,54604.299
2024-11-27T20:00:00Z,96670.10,97250.00,95776.60,95905.20,39685.079
2024-11-28T00:00:00Z,95905.20,96627.60,94878.20,95523.10,30725.546
2024-11-28T04:00:00Z,95523.10,95985.10,95135.80,95371.60,21039.487
2024-11-28T08:00:00Z,95371.50,95862.00,94700.10,95509.90,28019.076
2024-11-28T12:00:00Z,95509.90,96284.00,94950.00,95067.30,35794.858
2024-11-28T16:00:00Z,95067.30,95521.50,94863.80,95196.30,18747.366
2024-11-28T20:00:00Z,95196.40,96082.70,94768.00,95694.40,19680.693
2024-11-29T00:00:00Z,95694.40,96932.90,95404.50,96646.40,24959.608
2024-11-29T04:00:00Z,96646.50,96684.40,95669.40,95690.20,19223.755
2024-11-29T08:00:00Z,95690.20,97437.10,95690.10,97302.20,30200.689
2024-11-29T12:00:00Z,97302.20,98713.30,96822.00,98076.20,60395.647
2024-11-29T16:00:00Z,98076.30,98514.90,96903.20,97380.00,41569.331
2024-11-29T20:00:00Z,97380.00,97687.40,97036.90,97516.30,14171.919
2024-11-30T00:00:00Z,97516.20,97522.10,96400.00,96708.10,23965.592
2024-11-30T04:00:00Z,96708.10,97300.00,96599.80,96843.30,19485.822
2024-11-30T08:00:00Z,96843.30,97047.20,96150.00,96321.30,16897.440
2024-11-30T12:00:00Z,96321.30,96800.00,96300.00,96707.40,11979.631
2024-11-30T16:00:00Z,96707.40,97128.40,96581.90,97072.50,10495.275
2024-11-30T20:00:00Z,97072.60,97109.10,96380.00,96475.10,10250.458
2024-12-01T00:00:00Z,96475.20,96746.30,95736.50,96404.00,26132.180
2024-12-01T04:00:00Z,96404.00,96585.00,96249.10,96525.40,9153.515
2024-12-01T08:00:00Z,96525.40,97250.00,96480.00,97163.70,21533.374
2024-12-01T12:00:00Z,97163.70,97481.30,96705.30,97081.40,20941.010
2024-12-01T16:00:00Z,97081.50,97632.80,97029.50,97242.00,15616.016
2024-12-01T20:00:00Z,97242.10,97933.00,96852.70,97265.10,19846.895
2024-12-02T00:00:00Z,97265.00,98266.00,96402.50,96549.80,29835.063
2024-12-02T04:00:00Z,96549.90,97000.00,95788.40,96053.60,39372.545
2024-12-02T08:00:00Z,96053.50,96177.90,94887.00,95191.30,43471.871
2024-12-02T12:00:00Z,95191.40,97286.20,94826.00,97106.50,60495.623
2024-12-02T16:00:00Z,97106.60,97435.00,94400.00,95873.90,63080.969
2024-12-02T20:00:00Z,95873.90,96389.90,95171.50,95890.50,21357.840
2024-12-03T00:00:00Z,95890.60,96375.00,95463.60,96136.80,18629.132
2024-12-03T04:00:00Z,96136.80,96324.90,95336.30,95608.80,17487.710
2024-12-03T08:00:00Z,95608.80,95739.80,94661.30,95045.80,25645.596
2024-12-03T12:00:00Z,95045.90,96315.50,93605.00,95743.70,85647.457
2024-12-03T16:00:00Z,95744.70,96236.30,94925.80,95512.70,38288.732
2024-12-03T20:00:00Z,95512.60,96200.00,95337.20,95913.30,20903.353
2024-12-04T00:00:00Z,95913.30,96740.00,95271.60,95852.00,27822.359
2024-12-04T04:00:00Z,95852.10,96799.90,95783.50,96652.10,18405.832
2024-12-04T08:00:00Z,96652.20,97041.10,96239.70,96270.00,20925.907
2024-12-04T12:00:00Z,96270.10,96634.60,95398.10,95813.00,54479.082
2024-12-04T16:00:00Z,95813.00,97310.30,94650.80,97283.40,67941.454
2024-12-04T20:00:00Z,97283.40,99099.90,97189.30,98669.80,86374.571
2024-12-05T00:00:00Z,98669.80,104630.40,97970.50,103084.80,155798.412
2024-12-05T04:00:00Z,103084.70,103696.70,101359.80,102292.10,69178.653
2024-12-05T08:00:00Z,102292.10,103228.90,102290.30,102668.20,31253.697
2024-12-05T12:00:00Z,102668.20,103661.70,100932.60,101350.10,82540.521
2024-12-05T16:00:00Z,101350.10,102063.80,98704.60,99111.60,78445.371
2024-12-05T20:00:00Z,99111.50,99542.90,90200.00,97001.50,163060.737
2024-12-06T00:00:00Z,97001.60,98858.60,96429.50,97802.70,54871.518
2024-12-06T04:00:00Z,97802.70,98356.60,97422.80,98209.60,23490.730
2024-12-06T08:00:00Z,98209.70,98765.40,97705.20,98127.40,34097.618
2024-12-06T12:00:00Z,98127.40,99592.10,97550.00,99358.50,67051.277
2024-12-06T16:00:00Z,99358.50,101900.00,98800.00,101532.60,67789.279
2024-12-06T20:00:00Z,101532.60,101988.80,99111.00,99802.50,35069.186
2024-12-07T00:00:00Z,99802.50,100499.00,99361.00,99383.00,19615.533
2024-12-07T04:00:00Z,99383.00,99741.00,98876.90,99442.60,21001.060
2024-12-07T08:00:00Z,99442.60,99895.30,99314.80,99660.40,12084.542
2024-12-07T12:00:00Z,99660.30,99890.00,99101.70,99811.40,15668.723
2024-12-07T16:00:00Z,99811.50,100336.80,99528.00,100140.60,15477.404
2024-12-07T20:00:00Z,100140.70,100497.50,99655.00,99899.20,12011.396
2024-12-08T00:00:00Z,99899.20,100415.00,99686.40,99996.70,10362.305
2024-12-08T04:00:00Z,99996.70,100100.00,99388.50,99741.50,11720.725
2024-12-08T08:00:00Z,99741.60,99898.00,98709.40,99755.30,24081.257
2024-12-08T12:00:00Z,99755.20,100597.50,99409.30,99975.00,29860.114
2024-12-08T16:00:00Z,99974.90,100272.20,99538.40,100182.30,14904.590
2024-12-08T20:00:00Z,100182.40,101457.90,99800.00,101200.00,18826.685
2024-12-09T00:00:00Z,101200.10,101300.00,98500.10,99180.00,41149.178
2024-12-09T04:00:00Z,99179.90,99798.10,98374.30,99637.10,29272.885
2024-12-09T08:00:00Z,99637.20,99757.50,98112.00,98157.40,37959.165
2024-12-09T12:00:00Z,98157.50,100481.30,97555.00,97856.00,78567.275
2024-12-09T16:00:00Z,97856.10,98448.50,97029.50,97126.80,42609.820
2024-12-09T20:00:00Z,97126.80,97627.30,94039.70,97349.10,97415.267
2024-12-10T00:00:00Z,97349.10,98197.80,95591.90,96958.00,47046.703
2024-12-10T04:00:00Z,96957.90,97540.80,95923.80,97217.70,28323.888
2024-12-10T08:00:00Z,97217.70,97948.00,96961.10,97745.80,20244.349
2024-12-10T12:00:00Z,97745.70,98320.60,95639.50,95687.90,69046.590
2024-12-10T16:00:00Z,95674.80,96566.80,94265.50,95862.90,98509.952
2024-12-10T20:00:00Z,95862.90,97238.90,95621.10,96602.40,28319.262
2024-12-11T00:00:00Z,96602.30,97643.00,95650.00,97406.80,37997.227
2024-12-11T04:00:00Z,97406.90,97800.00,97185.70,97337.90,14407.389
2024-12-11T08:00:00Z,97337.90,98499.90,97310.60,98289.70,24609.143
2024-12-11T12:00:00Z,98289.70,100798.60,98047.50,100352.70,66071.763
2024-12-11T16:00:00Z,100352.70,101136.60,99583.40,101094.10,50125.706
2024-12-11T20:00:00Z,101094.20,101880.00,100844.60,101115.30,28596.477
2024-12-12T00:00:00Z,101115.30,101812.30,100309.80,101000.00,27234.965
2024-12-12T04:00:00Z,101000.00,101162.10,100359.60,100481.60,17652.590
2024-12-12T08:00:00Z,100481.50,101122.40,100150.00,100339.80,20809.100
2024-12-12T12:00:00Z,100339.80,101850.00,100336.30,101775.10,56891.436
2024-12-12T16:00:00Z,101775.10,102538.40,99280.20,99455.10,64519.390
2024-12-12T20:00:00Z,99455.10,100461.50,99428.60,99982.40,28111.594
2024-12-13T00:00:00Z,99982.30,100333.00,99149.60,99690.60,21321.108
2024-12-13T04:00:00Z,99690.60,100215.00,99446.40,100100.00,15814.867
2024-12-13T08:00:00Z,100099.90,100770.00,99863.50,100331.30,17660.896
2024-12-13T12:00:00Z,100331.30,101339.00,99653.60,99831.00,38171.736
2024-12-13T16:00:00Z,99831.00,101869.50,99750.00,101416.00,45302.268
2024-12-13T20:00:00Z,101416.10,101822.40,101028.70,101371.90,14166.443
2024-12-14T00:00:00Z,101371.90,102638.00,101106.10,102040.70,30294.884
2024-12-14T04:00:00Z,102040.70,102113.60,101557.80,101787.00,12566.304
2024-12-14T08:00:00Z,101787.00,101840.20,101298.40,101562.70,9813.394
2024-12-14T12:00:00Z,101562.60,101729.20,100777.00,101601.90,26386.649
2024-12-14T16:00:00Z,101601.90,101716.30,100806.00,101293.00,17681.995
2024-12-14T20:00:00Z,101293.10,101450.00,100559.80,101381.00,10937.323
2024-12-15T00:00:00Z,101381.00,102165.40,101200.10,101700.10,15592.176
2024-12-15T04:00:00Z,101700.00,102900.00,101460.80,101671.90,27541.411
2024-12-15T08:00:00Z,101671.80,102666.00,101525.20,102623.10,15406.991
2024-12-15T12:00:00Z,102623.00,103362.30,102438.00,102668.50,31971.916
2024-12-15T16:00:00Z,102668.50,103498.90,102556.30,103227.70,18789.402
2024-12-15T20:00:00Z,103227.80,105374.60,102592.40,104460.40,48432.020
2024-12-16T00:00:00Z,104460.50,106665.80,104245.20,104560.00,62637.778
2024-12-16T04:00:00Z,104560.00,105390.00,104439.30,104949.90,18270.625
2024-12-16T08:00:00Z,104950.00,104991.70,103585.20,103717.80,24163.793
2024-12-16T12:00:00Z,103717.90,106466.90,103264.60,106281.20,72852.537
2024-12-16T16:00:00Z,106281.10,107777.00,105769.00,106546.00,71322.401
2024-12-16T20:00:00Z,106546.10,106618.20,105424.00,106023.20,25148.622
2024-12-17T00:00:00Z,106023.20,106980.00,105623.00,106824.40,21309.575
2024-12-17T04:00:00Z,106824.40,107113.90,106331.60,106784.00,16950.593
2024-12-17T08:00:00Z,106784.00,107493.90,106671.70,106777.20,21219.982
2024-12-17T12:00:00Z,106777.10,108366.80,105674.00,106429.90,71086.715
2024-12-17T16:00:00Z,106429.90,107596.00,106104.60,106450.50,40303.166
2024-12-17T20:00:00Z,106450.40,106877.30,105252.00,106074.60,26903.881
2024-12-18T00:00:00Z,106074.60,106484.60,104527.60,104716.80,36652.409
2024-12-18T04:00:00Z,104716.80,104716.90,103065.60,104200.10,46474.659
2024-12-18T08:00:00Z,104200.10,104993.70,103683.90,104978.60,21989.201
2024-12-18T12:00:00Z,104978.60,105343.80,103611.70,104395.10,45761.763
2024-12-18T16:00:00Z,104395.20,104959.40,102777.10,102782.10,60569.290
2024-12-18T20:00:00Z,102781.80,102954.80,99951.10,100181.10,117134.613
2024-12-19T00:00:00Z,100181.20,101305.10,98744.00,101163.30,68598.754
2024-12-19T04:00:00Z,101163.40,101694.90,100613.20,101615.20,19507.702
2024-12-19T08:00:00Z,101615.10,102600.00,101338.80,102419.90,23149.224
2024-12-19T12:00:00Z,102420.00,102756.70,99455.00,100631.10,75610.020
2024-12-19T16:00:00Z,100631.10,101162.50,96233.70,97172.10,121737.036
2024-12-19T20:00:00Z,97172.20,98391.40,95681.20,97434.40,64365.727
2024-12-20T00:00:00Z,97434.30,97795.50,95946.90,97083.20,42560.281
2024-12-20T04:00:00Z,97083.20,98243.00,96350.10,97826.10,44423.807
2024-12-20T08:00:00Z,97826.10,97867.50,92613.70,92715.10,108658.870
2024-12-20T12:00:00Z,92715.10,97555.00,92272.60,96961.30,115205.819
2024-12-20T16:00:00Z,96961.40,97721.00,96254.00,97079.60,53735.933
2024-12-20T20:00:00Z,97079.60,97777.00,95393.80,97764.40,31604.085
2024-12-21T00:00:00Z,97764.50,97773.10,97142.00,97444.90,16567.071
2024-12-21T04:00:00Z,97444.90,99485.00,97330.00,98988.10,32678.501
2024-12-21T08:00:00Z,98988.00,99137.50,97757.80,98225.30,25724.796
2024-12-21T12:00:00Z,98225.40,98253.50,96375.00,97486.50,42516.701
2024-12-21T16:00:00Z,97486.60,97695.00,96800.00,97242.20,22571.885
2024-12-21T20:00:00Z,97242.30,98084.90,96520.00,97261.80,21199.526
2024-12-22T00:00:00Z,97261.70,97437.90,96532.00,96965.10,16009.718
2024-12-22T04:00:00Z,96965.10,97057.00,95867.30,96192.10,22249.568
2024-12-22T08:00:00Z,96192.10,97322.10,96172.10,97054.80,16254.938
2024-12-22T12:00:00Z,97054.70,97266.60,95085.00,95341.00,35517.211
2024-12-22T16:00:00Z,95341.00,96426.70,94642.40,94795.40,27681.696
2024-12-22T20:00:00Z,94795.40,95787.70,94200.00,95153.50,30401.604
2024-12-23T00:00:00Z,95153.40,96019.80,93655.30,95989.90,43781.728
2024-12-23T04:00:00Z,95989.80,96488.80,94639.50,95360.50,28583.122
2024-12-23T08:00:00Z,95360.50,96499.00,94974.20,95899.40,21634.571
2024-12-23T12:00:00Z,95899.40,96377.20,93060.30,93217.60,63342.199
2024-12-23T16:00:00Z,93217.70,94249.30,92634.70,92997.70,49457.666
2024-12-23T20:00:00Z,92997.70,95480.40,92464.40,94861.10,40412.569
2024-12-24T00:00:00Z,94861.00,94861.10,93525.60,94330.10,24731.379
2024-12-24T04:00:00Z,94330.10,94638.60,93774.40,94200.00,14943.809
2024-12-24T08:00:00Z,94199.90,94618.00,93800.00,94369.00,14932.806
2024-12-24T12:00:00Z,94368.30,98274.90,94039.80,98243.50,66173.325
2024-12-24T16:00:00Z,98243.50,99450.00,97522.50,97558.50,60647.937
2024-12-24T20:00:00Z,97558.40,99074.80,97226.20,98627.20,30181.376
2024-12-25T00:00:00Z,98626.90,98848.40,97681.30,98000.00,16945.268
2024-12-25T04:00:00Z,98000.10,98539.50,97807.50,98049.70,11793.716
2024-12-25T08:00:00Z,98049.80,99323.30,97709.90,97889.30,28204.972
2024-12-25T12:00:00Z,97888.40,98797.90,97570.00,98493.30,27000.386
2024-12-25T16:00:00Z,98493.30,99258.00,98100.00,98981.30,16271.137
2024-12-25T20:00:00Z,98981.30,99580.70,98331.50,99379.70,24481.413
2024-12-26T00:00:00Z,99379.60,99950.00,98400.10,98957.70,30003.867
2024-12-26T04:00:00Z,98957.70,98957.70,97647.20,97669.60,20353.109
2024-12-26T08:00:00Z,97669.50,97721.80,95153.00,95662.70,61946.222
2024-12-26T12:00:00Z,95662.60,96227.40,95200.10,95993.50,37273.370
2024-12-26T16:00:00Z,95993.10,96580.00,95400.00,96064.80,28521.113
2024-12-26T20:00:00Z,96064.80,96079.90,95276.40,95751.00,16759.970
2024-12-27T00:00:00Z,95750.90,96419.00,95350.10,96377.80,24193.173
2024-12-27T04:00:00Z,96377.80,96580.00,94620.00,95074.40,33137.794
2024-12-27T08:00:00Z,95080.10,97564.50,95080.10,96900.30,47936.629
2024-12-27T12:00:00Z,96900.30,96999.00,93982.40,94539.90,46582.934
2024-12-27T16:00:00Z,94539.90,94979.90,93440.00,94720.30,38793.661
2024-12-27T20:00:00Z,94720.20,94794.00,94094.00,94258.90,15364.052
2024-12-28T00:00:00Z,94258.90,94687.60,94100.00,94550.60,9504.565
2024-12-28T04:00:00Z,94550.60,94762.30,94256.90,94334.70,7504.281
2024-12-28T08:00:00Z,94334.60,94850.00,94261.70,94711.30,8716.735
2024-12-28T12:00:00Z,94711.30,95346.10,94320.00,94407.70,20174.431
2024-12-28T16:00:00Z,94407.80,95197.30,94356.50,94993.80,12257.034
2024-12-28T20:00:00Z,94993.70,95700.00,94836.00,95259.10,9834.303
2024-12-29T00:00:00Z,95259.10,95300.00,94761.00,95135.30,8086.524
2024-12-29T04:00:00Z,95135.30,95250.00,94930.00,95233.20,4847.215
2024-12-29T08:00:00Z,95233.30,95286.40,94968.40,94986.10,5718.538
2024-12-29T12:00:00Z,94986.20,95195.00,93925.40,94468.40,25557.782
2024-12-29T16:00:00Z,94468.30,94537.70,93333.00,93559.60,26206.812
2024-12-29T20:00:00Z,93559.50,93892.50,92961.80,93700.00,24631.063
2024-12-30T00:00:00Z,93699.90,94240.00,93326.00,93681.10,19319.653
2024-12-30T04:00:00Z,93680.80,94048.90,93181.80,93688.90,16272.993
2024-12-30T08:00:00Z,93688.90,94053.50,93433.00,93900.10,14170.338
2024-12-30T12:00:00Z,93900.10,94249.90,91510.00,92081.50,70350.035
2024-12-30T16:00:00Z,92081.50,94668.50,91758.30,94400.00,56405.037
2024-12-30T20:00:00Z,94400.10,95031.60,91850.00,92759.30,45825.537
2024-12-31T00:00:00Z,92759.30,92875.40,92000.00,92481.50,16941.843
2024-12-31T04:00:00Z,92481.50,93000.00,92315.40,92819.60,11095.688
2024-12-31T08:00:00Z,92819.50,94738.40,92800.00,94202.50,36509.765
2024-12-31T12:00:00Z,94202.40,96254.30,94202.40,95389.40,58306.271
2024-12-31T16:00:00Z,95389.30,95569.60,93145.10,94155.80,41481.273
2024-12-31T20:00:00Z,94155.80,94218.30,93343.40,93548.90,14313.276
2025-01-01T00:00:00Z,93548.80,94449.20,93460.20,93810.00,13962.019
2025-01-01T04:00:00Z,93810.00,93914.70,93502.00,93660.70,7852.483
2025-01-01T08:00:00Z,93660.70,93735.20,92796.50,93420.10,19004.988
2025-01-01T12:00:00Z,93420.10,94489.50,93375.00,94409.90,22127.069
2025-01-01T16:00:00Z,94409.90,94823.20,93729.20,94612.10,14907.698
2025-01-01T20:00:00Z,94612.10,95161.20,94522.10,94580.90,13382.403
2025-01-02T00:00:00Z,94580.90,95523.50,94357.40,95000.00,22798.717
2025-01-02T04:00:00Z,95000.00,96031.40,94971.30,95815.30,20140.275
2025-01-02T08:00:00Z,95815.40,96870.90,95612.50,96715.40,25249.289
2025-01-02T12:00:00Z,96715.40,97440.00,95910.80,96428.50,52717.632
2025-01-02T16:00:00Z,96428.50,97777.00,96018.70,97292.70,44624.753
2025-01-02T20:00:00Z,97292.70,97822.40,96642.70,96967.50,16114.829
2025-01-03T00:00:00Z,96967.60,97325.70,96622.00,97019.10,11388.626
2025-01-03T04:00:00Z,97019.10,97034.90,96236.60,96275.00,14493.689
2025-01-03T08:00:00Z,96275.10,96788.00,96061.50,96710.50,16109.732
2025-01-03T12:00:00Z,96710.40,97637.70,96422.50,97479.50,33904.407
2025-01-03T16:00:00Z,97479.60,98949.00,97353.60,98545.50,36541.023
2025-01-03T20:00:00Z,98545.60,98705.00,98028.50,98145.70,12783.197
2025-01-04T00:00:00Z,98145.70,98272.60,97762.10,98149.40,11796.611
2025-01-04T04:00:00Z,98149.30,98300.00,97830.00,98244.20,7743.120
2025-01-04T08:00:00Z,98244.20,98300.00,97438.20,97831.80,14626.729
2025-01-04T12:00:00Z,97831.80,98117.60,97472.00,97623.60,15225.112
2025-01-04T16:00:00Z,97623.50,98334.60,97535.70,98120.30,9987.065
2025-01-04T20:00:00Z,98120.40,98760.90,98076.40,98173.20,12535.997
2025-01-05T00:00:00Z,98173.20,98349.80,98001.10,98160.10,5656.739
2025-01-05T04:00:00Z,98160.00,98496.30,98160.00,98225.30,7364.236
2025-01-05T08:00:00Z,98225.30,98225.40,97533.60,97609.50,13194.206
2025-01-05T12:00:00Z,97609.50,98248.50,97227.00,97986.60,19204.699
2025-01-05T16:00:00Z,97987.10,98297.30,97530.00,98050.00,12523.264
2025-01-05T20:00:00Z,98050.00,98852.60,97986.30,98340.20,17006.145
2025-01-06T00:00:00Z,98340.20,99278.00,97872.60,99005.00,26621.424
2025-01-06T04:00:00Z,99005.00,99886.70,99005.00,99280.00,25842.394
2025-01-06T08:00:00Z,99280.00,99600.00,98662.70,99219.30,21919.386
2025-01-06T12:00:00Z,99219.20,102443.90,98670.00,102104.50,78806.424
2025-01-06T16:00:00Z,102104.50,102444.00,101223.00,101771.70,38386.837
2025-01-06T20:00:00Z,101771.70,102298.80,101551.20,102180.40,15916.864
2025-01-07T00:00:00Z,102180.50,102762.10,101459.40,101661.30,18124.335
2025-01-07T04:00:00Z,101661.40,101986.10,101528.80,101649.30,9587.694
2025-01-07T08:00:00Z,101649.30,101973.10,100435.40,100787.00,27244.306
2025-01-07T12:00:00Z,100787.00,100914.20,97100.00,97915.30,102572.629
2025-01-07T16:00:00Z,97915.40,98307.90,96295.90,96433.30,68434.860
2025-01-07T20:00:00Z,96433.30,97185.80,96153.00,96920.30,32747.485
2025-01-08T00:00:00Z,96920.20,97242.20,96200.00,96504.10,22590.190
2025-01-08T04:00:00Z,96504.10,96616.30,95222.00,95628.40,38378.445
2025-01-08T08:00:00Z,95628.30,96100.00,94480.70,95093.90,33435.244
2025-01-08T12:00:00Z,95093.80,96064.50,94588.90,95450.00,55769.475
2025-01-08T16:00:00Z,95449.90,95456.20,92500.00,94217.20,87321.554
2025-01-08T20:00:00Z,94217.10,95265.80,93509.80,95014.10,24517.205
2025-01-09T00:00:00Z,95014.00,95358.70,93405.30,93985.00,32781.223
2025-01-09T04:00:00Z,93985.00,94582.00,93156.00,93176.40,23080.953
2025-01-09T08:00:00Z,93176.50,93832.80,92700.00,93414.40,35074.143
2025-01-09T12:00:00Z,93414.30,94547.70,91747.00,94195.20,67736.150
2025-01-09T16:00:00Z,94195.10,94644.80,91853.00,91858.30,54387.438
2025-01-09T20:00:00Z,91858.20,92674.90,91055.80,92505.90,44700.995
2025-01-10T00:00:00Z,92506.00,93682.80,92395.90,93654.90,20708.684
2025-01-10T04:00:00Z,93655.00,94975.20,93450.80,94457.00,26429.005
2025-01-10T08:00:00Z,94457.00,95239.90,94344.50,95030.50,24667.579
2025-01-10T12:00:00Z,95030.50,95078.00,92173.60,93704.00,110225.730
2025-01-10T16:00:00Z,93704.00,95882.50,93151.50,95275.90,64309.711
2025-01-10T20:00:00Z,95276.00,95412.30,94531.40,94675.50,15602.245
2025-01-11T00:00:00Z,94675.60,94700.00,94060.80,94168.30,10624.496
2025-01-11T04:00:00Z,94168.30,94394.30,93802.10,94210.30,9858.079
2025-01-11T08:00:00Z,94210.20,94757.90,94000.00,94570.40,11530.321
2025-01-11T12:00:00Z,94570.40,94613.60,94262.10,94365.80,8787.678
2025-01-11T16:00:00Z,94365.90,94680.30,93943.00,94206.50,12137.832
2025-01-11T20:00:00Z,94206.50,94988.00,94150.90,94562.50,11723.357
2025-01-12T00:00:00Z,94562.40,94665.70,94260.00,94586.00,6125.373
2025-01-12T04:00:00Z,94586.00,94614.50,94227.20,94291.30,4831.221
2025-01-12T08:00:00Z,94291.20,94359.50,93661.10,94209.00,15455.056
2025-01-12T12:00:00Z,94209.00,95444.00,94128.00,95035.60,21151.098
2025-01-12T16:00:00Z,95035.70,95278.00,94527.80,94625.10,11349.438
2025-01-12T20:00:00Z,94625.00,94777.20,93727.40,94499.90,18385.947
2025-01-13T00:00:00Z,94499.90,95934.50,93852.00,94215.40,39756.953
2025-01-13T04:00:00Z,94215.40,94878.00,93222.20,93557.90,29936.963
2025-01-13T08:00:00Z,93557.90,93626.10,90809.80,90827.50,69147.558
2025-01-13T12:00:00Z,90827.50,93055.00,88909.00,92093.60,127451.604
2025-01-13T16:00:00Z,92093.70,92501.50,91207.80,92274.80,54692.581
2025-01-13T20:00:00Z,92274.90,94681.10,91869.30,94485.30,40164.831
2025-01-14T00:00:00Z,94485.40,95260.00,94305.40,94821.20,22691.711
2025-01-14T04:00:00Z,94821.30,95437.80,94710.00,94823.30,16022.964
2025-01-14T08:00:00Z,94823.40,97353.90,94823.30,96508.40,55743.583
2025-01-14T12:00:00Z,96508.30,97250.00,95715.80,96416.70,59887.331
2025-01-14T16:00:00Z,96416.80,97044.80,95309.90,96496.50,43657.669
2025-01-14T20:00:00Z,96496.50,96882.80,96100.10,96514.90,14856.403
2025-01-15T00:00:00Z,96514.90,97530.20,96450.20,97288.70,26432.753
2025-01-15T04:00:00Z,97288.80,97688.00,96689.20,97253.70,22265.926
2025-01-15T08:00:00Z,97253.70,97488.00,96480.00,96725.40,20975.230
2025-01-15T12:00:00Z,96725.50,99746.60,96500.00,98943.40,85483.105
2025-01-15T16:00:00Z,98943.30,100038.10,98550.10,99807.40,34322.161
2025-01-15T20:00:00Z,99807.40,100658.90,99410.30,100460.00,32938.391
2025-01-16T00:00:00Z,100460.00,100850.00,99106.80,99438.80,28294.304
2025-01-16T04:00:00Z,99438.90,99869.20,99284.20,99756.50,12552.843
2025-01-16T08:00:00Z,99756.50,99787.80,98557.80,99107.10,34575.941
2025-01-16T12:00:00Z,99107.10,99479.70,97293.60,99258.30,68005.563
2025-01-16T16:00:00Z,99258.20,100426.00,99023.90,100382.00,46977.234
2025-01-16T20:00:00Z,100382.00,100599.80,99326.30,99937.40,26396.635
2025-01-17T00:00:00Z,99937.40,102133.70,99902.00,101005.10,45074.023
2025-01-17T04:00:00Z,101005.20,101845.60,100900.00,101406.90,16966.096
2025-01-17T08:00:00Z,101406.90,102568.80,101400.00,102181.60,30304.328
2025-01-17T12:00:00Z,102181.60,104198.90,102137.10,103946.20,68462.094
2025-01-17T16:00:00Z,103946.30,105784.00,103772.60,105770.90,59774.108
2025-01-17T20:00:00Z,105771.00,105783.90,104024.80,104042.50,28869.320
2025-01-18T00:00:00Z,104042.60,104620.00,103001.10,103531.10,21840.674
2025-01-18T04:00:00Z,103531.20,103746.70,102561.00,102781.00,37862.007
2025-01-18T08:00:00Z,102781.10,103855.00,102242.80,103547.00,31937.663
2025-01-18T12:00:00Z,103547.00,104962.10,103086.50,104517.10,32980.549
2025-01-18T16:00:00Z,104517.10,104681.70,103110.00,104349.90,30255.347
2025-01-18T20:00:00Z,104349.90,104744.30,103750.00,104524.30,13063.852
2025-01-19T00:00:00Z,104524.30,105439.00,103980.00,104958.30,20810.853
2025-01-19T04:00:00Z,104958.20,105629.40,104214.60,105151.80,24589.200
2025-01-19T08:00:00Z,105151.80,105458.40,103458.60,104353.80,48225.235
2025-01-19T12:00:00Z,104353.80,105743.10,104285.70,104936.00,36699.724
2025-01-19T16:00:00Z,104936.00,106259.80,104520.00,106247.90,21082.500
2025-01-19T20:00:00Z,106247.90,106450.00,99600.00,101311.50,129541.666
2025-01-20T00:00:00Z,101311.50,102300.00,99501.00,101874.50,78880.347
2025-01-20T04:00:00Z,101873.80,110000.00,101519.50,107178.80,116597.377
2025-01-20T08:00:00Z,107178.80,109300.80,107140.00,108267.50,43506.419
2025-01-20T12:00:00Z,108267.60,108756.60,104500.00,105008.70,85667.609
2025-01-20T16:00:00Z,105001.30,107082.80,100138.20,103674.20,174874.235
2025-01-20T20:00:00Z,103674.30,104313.20,101714.40,102247.60,30982.193
2025-01-21T00:00:00Z,102247.70,103279.90,100097.20,102922.70,54348.060
2025-01-21T04:00:00Z,102922.70,102972.50,101102.80,101980.70,27001.200
2025-01-21T08:00:00Z,101980.70,103956.20,101719.40,103725.00,28413.984
2025-01-21T12:00:00Z,103725.00,105292.30,102800.00,103929.10,64361.253
2025-01-21T16:00:00Z,103929.10,107241.60,103781.50,106989.90,68892.901
2025-01-21T20:00:00Z,106989.90,107180.00,105400.20,106114.50,30279.430
2025-01-22T00:00:00Z,106115.40,106390.00,105431.90,105588.20,16342.423
2025-01-22T04:00:00Z,105588.10,105948.60,105037.20,105063.80,16263.508
2025-01-22T08:00:00Z,105063.80,105449.90,104610.00,105083.90,19448.044
2025-01-22T12:00:00Z,105083.90,105557.20,103612.00,104138.00,47832.318
2025-01-22T16:00:00Z,104138.10,104721.80,103211.60,104600.00,32231.051
2025-01-22T20:00:00Z,104600.00,104804.50,103556.70,103664.90,19126.184
2025-01-23T00:00:00Z,103664.90,103777.40,102082.00,102417.00,30890.534
2025-01-23T04:00:00Z,102417.10,102955.00,101550.40,102668.40,24694.165
2025-01-23T08:00:00Z,102668.30,102668.40,101211.00,101909.20,21357.796
2025-01-23T12:00:00Z,101909.20,106000.00,101279.80,105235.20,136243.990
2025-01-23T16:00:00Z,105235.20,106840.20,103342.00,103713.70,83709.753
2025-01-23T20:00:00Z,103713.70,106387.40,102161.90,103864.10,121257.781
2025-01-24T00:00:00Z,103864.00,104289.90,102680.00,103842.60,24734.677
2025-01-24T04:00:00Z,103842.60,105331.20,103745.50,104999.90,21476.673
2025-01-24T08:00:00Z,104999.90,105732.10,104875.70,105374.00,18221.840
2025-01-24T12:00:00Z,105374.10,106307.60,104623.00,105821.80,36536.511
2025-01-24T16:00:00Z,105821.30,107076.50,105533.00,105726.70,39006.248
2025-01-24T20:00:00Z,105726.70,105733.40,104400.00,104808.10,25771.001
2025-01-25T00:00:00Z,104808.00,105234.50,104310.00,105153.90,14022.122
2025-01-25T04:00:00Z,105153.90,105153.90,104128.20,104349.30,10568.419
2025-01-25T08:00:00Z,104349.40,104650.50,104040.60,104626.80,10038.856
2025-01-25T12:00:00Z,104626.90,105066.00,104400.10,104852.10,10788.444
2025-01-25T16:00:00Z,104852.10,105274.70,104410.80,105005.60,13101.270
2025-01-25T20:00:00Z,105005.70,105234.30,104643.30,104702.00,7111.052
2025-01-26T00:00:00Z,104702.00,105263.30,104461.60,105036.50,8524.479
2025-01-26T04:00:00Z,105036.60,105496.90,104905.30,104963.70,6808.860
2025-01-26T08:00:00Z,104963.70,105208.80,104358.30,104775.60,13300.655
2025-01-26T12:00:00Z,104775.60,105043.40,104648.80,104919.90,6971.965
2025-01-26T16:00:00Z,104920.00,105237.00,104850.10,105050.10,6836.178
2025-01-26T20:00:00Z,105050.10,105175.00,102450.30,102560.10,33344.950
2025-01-27T00:00:00Z,102560.00,103216.50,100632.50,101349.20,52340.587
2025-01-27T04:00:00Z,101349.10,101349.30,97680.00,98996.30,72374.471
2025-01-27T08:00:00Z,98996.30,99495.00,98200.00,98700.00,35594.681
2025-01-27T12:00:00Z,98700.10,102267.80,98666.00,101070.80,80059.767
2025-01-27T16:00:00Z,101070.80,101207.10,98820.60,99660.40,47155.292
2025-01-27T20:00:00Z,99660.30,102423.30,99548.90,102021.30,38165.076
2025-01-28T00:00:00Z,102021.30,102846.10,101263.00,102582.70,25966.028
2025-01-28T04:00:00Z,102582.70,103325.30,102473.30,102753.80,20947.894
2025-01-28T08:00:00Z,102754.30,103151.00,102352.30,102717.90,14152.903
2025-01-28T12:00:00Z,102717.90,103797.00,101770.50,102730.60,41814.816
2025-01-28T16:00:00Z,102730.60,103089.90,101778.00,102368.70,35294.657
2025-01-28T20:00:00Z,102368.70,102495.00,100235.00,101279.60,31740.963
2025-01-29T00:00:00Z,101279.70,102300.00,101269.70,101994.00,14925.038
2025-01-29T04:00:00Z,101994.10,102800.60,101908.50,102723.20,12728.903
2025-01-29T08:00:00Z,102723.20,103012.60,102153.80,102594.70,14137.703
2025-01-29T12:00:00Z,102594.70,102783.70,101526.80,101934.20,28727.356
2025-01-29T16:00:00Z,101934.20,103997.00,101365.00,103550.50,58082.504
2025-01-29T20:00:00Z,103550.60,104755.00,102791.00,103698.20,41388.448
2025-01-30T00:00:00Z,103698.10,105287.90,103224.50,105155.70,23135.964
2025-01-30T04:00:00Z,105155.60,105564.50,104762.90,105085.10,21889.357
2025-01-30T08:00:00Z,105085.20,105514.20,104879.30,105251.90,12288.148
2025-01-30T12:00:00Z,105251.90,106450.00,104607.20,105519.40,41745.937
2025-01-30T16:00:00Z,105519.40,105960.00,104704.10,105659.80,21888.068
2025-01-30T20:00:00Z,105659.90,105767.10,104628.30,104676.90,16019.926
2025-01-31T00:00:00Z,104676.90,104982.20,103880.00,104286.70,19595.660
2025-01-31T04:00:00Z,104286.60,104776.40,103926.40,104160.10,15289.239
2025-01-31T08:00:00Z,104160.00,104821.80,103888.60,104691.90,14789.404
2025-01-31T12:00:00Z,104692.00,106000.00,104050.00,105407.00,36319.944
2025-01-31T16:00:00Z,105406.90,105537.00,102100.00,102275.80,54110.430
2025-01-31T20:00:00Z,102275.70,102443.90,101509.00,102379.70,32133.140
2025-02-01T00:00:00Z,102379.80,102734.90,102131.00,102203.90,11261.398
2025-02-01T04:00:00Z,102203.80,102543.00,102058.80,102127.00,7685.936
2025-02-01T08:00:00Z,102127.00,102242.30,101344.00,101980.10,17719.955
2025-02-01T12:00:00Z,101980.00,102297.00,101680.00,102031.50,13065.456
2025-02-01T16:00:00Z,102031.60,102250.00,101392.90,101620.10,12351.277
2025-02-01T20:00:00Z,101620.10,101620.10,100215.00,100603.60,28779.069
2025-02-02T00:00:00Z,100603.60,101426.00,99111.00,99160.80,32062.059
2025-02-02T04:00:00Z,99160.80,100470.10,98989.00,99586.20,24488.446
2025-02-02T08:00:00Z,99586.20,100071.00,98550.00,98811.60,25456.429
2025-02-02T12:00:00Z,98811.50,99384.50,98100.00,99298.60,33912.653
2025-02-02T16:00:00Z,99298.60,99319.00,96750.10,98232.00,67223.464
2025-02-02T20:00:00Z,98232.00,98594.90,96029.60,97664.50,49791.642
2025-02-03T00:00:00Z,97664.50,97748.00,91130.30,94001.60,168653.996
2025-02-03T04:00:00Z,94001.60,95373.10,92595.70,95271.10,40481.456
2025-02-03T08:00:00Z,95271.10,95891.90,94716.50,95070.80,36094.712
2025-02-03T12:00:00Z,95070.90,99501.40,94111.00,98802.70,91828.338
2025-02-03T16:00:00Z,98802.80,101832.00,97993.30,101831.90,73898.605
2025-02-03T20:00:00Z,101831.90,102456.00,100861.00,101293.70,44130.927
2025-02-04T00:00:00Z,101293.60,101729.30,100500.10,100597.10,21676.343
2025-02-04T04:00:00Z,100597.20,100736.30,98183.00,98405.10,52017.001
2025-02-04T08:00:00Z,98405.10,99387.00,97792.80,98924.00,29726.530
2025-02-04T12:00:00Z,98924.10,100371.00,98215.70,99310.60,55172.933
2025-02-04T16:00:00Z,99310.50,100743.60,98724.10,98811.80,38784.927
2025-02-04T20:00:00Z,98812.00,99400.00,96100.00,97709.90,65368.469
2025-02-05T00:00:00Z,97710.00,98914.40,97069.00,97989.50,26689.012
2025-02-05T04:00:00Z,97989.50,98300.00,97320.00,97814.90,17884.945
2025-02-05T08:00:00Z,97814.90,98178.00,97206.00,98161.70,15468.776
2025-02-05T12:00:00Z,98161.70,99124.20,97709.90,98063.30,34048.979
2025-02-05T16:00:00Z,98063.30,98262.30,96442.10,97327.10,33419.487
2025-02-05T20:00:00Z,97327.20,97662.60,96106.10,96553.20,23868.467
2025-02-06T00:00:00Z,96553.20,97460.00,96373.40,97305.60,14758.431
2025-02-06T04:00:00Z,97305.60,98390.50,97215.20,98164.90,15525.030
2025-02-06T08:00:00Z,98164.90,99093.00,97880.00,98826.30,24612.470
2025-02-06T12:00:00Z,98826.30,99019.90,96866.90,97285.60,42424.160
2025-02-06T16:00:00Z,97285.70,97500.00,95613.50,95946.10,43232.830
2025-02-06T20:00:00Z,95946.00,97041.40,95736.00,96515.10,20968.092
2025-02-07T00:00:00Z,96515.00,97805.80,96358.30,97410.20,16612.270
2025-02-07T04:00:00Z,97410.20,97835.00,96536.50,96705.10,17746.436
2025-02-07T08:00:00Z,96705.00,97722.30,96566.30,97703.80,14669.521
2025-02-07T12:00:00Z,97703.80,100112.40,97150.00,98257.10,98527.475
2025-02-07T16:00:00Z,98257.10,98535.50,96817.00,96840.10,45070.845
2025-02-07T20:00:00Z,96840.00,96885.60,95555.00,96454.50,30747.082
2025-02-08T00:00:00Z,96454.50,96850.00,96288.00,96660.00,12426.456
2025-02-08T04:00:00Z,96660.00,96660.10,95714.40,96153.40,13155.164
2025-02-08T08:00:00Z,96153.40,96248.30,95805.00,96074.10,9887.085
2025-02-08T12:00:00Z,96074.00,96466.00,95600.00,95798.00,14840.001
2025-02-08T16:00:00Z,95798.00,96725.20,95685.60,96550.00,13291.749
2025-02-08T20:00:00Z,96550.00,96673.50,96311.60,96411.90,5449.977
2025-02-09T00:00:00Z,96412.00,97284.10,96306.50,97278.40,12620.838
2025-02-09T04:00:00Z,97278.30,97301.70,96738.30,97020.00,7892.281
2025-02-09T08:00:00Z,97020.00,97279.30,96498.50,96511.20,13729.086
2025-02-09T12:00:00Z,96511.20,96663.60,95633.60,96438.00,21436.138
2025-02-09T16:00:00Z,96438.00,96541.60,95828.00,96011.40,10274.100
2025-02-09T20:00:00Z,96011.40,96750.00,94650.10,96423.60,35224.843
2025-02-10T00:00:00Z,96423.60,97091.80,95200.10,96770.00,32348.746
2025-02-10T04:00:00Z,96770.00,97634.00,96591.80,97386.30,23605.802
2025-02-10T08:00:00Z,97386.30,97930.00,97305.50,97627.20,18947.956
2025-02-10T12:00:00Z,97627.30,98328.00,96806.60,97187.70,35096.177
2025-02-10T16:00:00Z,97187.70,97611.00,96828.40,97343.60,16027.970
2025-02-10T20:00:00Z,97343.60,97455.50,97090.30,97379.20,6905.894
2025-02-11T00:00:00Z,97379.20,98108.50,97352.20,97565.50,15100.134
2025-02-11T04:00:00Z,97565.40,98482.20,97514.60,98231.10,16552.116
2025-02-11T08:00:00Z,98231.20,98306.90,97834.30,98100.00,10582.887
2025-02-11T12:00:00Z,98100.10,98112.20,96529.30,96963.30,40145.936
2025-02-11T16:00:00Z,96963.20,97002.00,94814.30,94988.00,43455.599
2025-02-11T20:00:00Z,94988.00,96468.50,94871.20,95731.40,28996.232
2025-02-12T00:00:00Z,95731.40,96230.00,95050.00,95251.40,15872.659
2025-02-12T04:00:00Z,95251.40,96130.10,95213.20,96025.80,12022.343
2025-02-12T08:00:00Z,96025.10,96437.50,95860.50,96062.40,15330.015
2025-02-12T12:00:00Z,96062.40,96596.30,94003.90,95762.10,81170.853
2025-02-12T16:00:00Z,95762.00,97700.00,95074.00,97156.60,52129.395
2025-02-12T20:00:00Z,97156.70,98090.90,96811.20,97816.30,25922.814
2025-02-13T00:00:00Z,97816.30,98053.80,97309.10,97463.40,12528.340
2025-02-13T04:00:00Z,97463.40,97519.30,95706.80,96018.50,29528.250
2025-02-13T08:00:00Z,96018.50,96288.90,95500.00,95883.60,20319.939
2025-02-13T12:00:00Z,95883.60,96432.40,95288.50,95943.50,37774.418
2025-02-13T16:00:00Z,95943.20,96325.00,95160.10,95587.80,26297.007
2025-02-13T20:00:00Z,95587.90,96756.80,95544.90,96560.60,15792.572
2025-02-14T00:00:00Z,96560.60,97163.00,96309.50,97094.90,13958.196
2025-02-14T04:00:00Z,97094.90,97212.00,96505.00,96889.90,12651.199
2025-02-14T08:00:00Z,96889.90,97150.00,96743.40,96844.60,9939.549
2025-02-14T12:00:00Z,96844.60,97561.10,96225.70,96886.50,34393.742
2025-02-14T16:00:00Z,96886.50,98792.80,96444.60,97898.30,51033.979
2025-02-14T20:00:00Z,97898.40,98229.10,96636.70,97445.10,22476.292
2025-02-15T00:00:00Z,97445.20,97941.20,97170.00,97619.40,10051.551
2025-02-15T04:00:00Z,97619.40,97750.00,97306.30,97312.40,5995.987
2025-02-15T08:00:00Z,97312.40,97692.30,97255.20,97569.40,6186.788
2025-02-15T12:00:00Z,97569.50,97899.80,97377.00,97594.50,11164.250
2025-02-15T16:00:00Z,97594.50,97682.40,97274.50,97496.90,7776.703
2025-02-15T20:00:00Z,97497.00,97698.40,97370.00,97538.00,6243.314
2025-02-16T00:00:00Z,97538.00,97665.80,97373.10,97504.90,5666.471
2025-02-16T04:00:00Z,97504.80,97638.80,97137.00,97207.40,5859.374
2025-02-16T08:00:00Z,97207.40,97355.00,97011.00,97293.10,7282.127
2025-02-16T12:00:00Z,97293.10,97295.70,96629.50,96849.90,13685.034
2025-02-16T16:00:00Z,96850.00,97134.00,96572.50,97021.50,9001.586
2025-02-16T20:00:00Z,97021.40,97247.60,96002.00,96067.00,15190.281
2025-02-17T00:00:00Z,96067.00,96605.70,96000.00,96171.50,11350.760
2025-02-17T04:00:00Z,96171.40,96421.90,95739.60,96023.80,13627.400
2025-02-17T08:00:00Z,96023.80,96347.00,95897.10,96018.20,12992.848
2025-02-17T12:00:00Z,96018.30,97000.00,95491.70,95605.50,29886.124
2025-02-17T16:00:00Z,95605.50,95900.00,95150.60,95490.80,24809.586
2025-02-17T20:00:00Z,95490.70,96386.90,95452.80,95743.20,12910.268
2025-02-18T00:00:00Z,95743.10,96296.50,95508.80,96163.10,12045.894
2025-02-18T04:00:00Z,96163.10,96267.70,95199.90,95409.90,18722.380
2025-02-18T08:00:00Z,95409.90,95849.00,95000.00,95606.10,15643.511
2025-02-18T12:00:00Z,95606.00,96737.30,95115.10,95501.60,39510.683
2025-02-18T16:00:00Z,95501.60,95595.00,93321.60,94062.10,59876.925
2025-02-18T20:00:00Z,94062.20,95645.30,93696.40,95622.00,33373.969
2025-02-19T00:00:00Z,95622.00,95929.00,95020.00,95672.10,17813.797
2025-02-19T04:00:00Z,95672.20,95816.20,95012.50,95640.40,16957.175
2025-02-19T08:00:00Z,95640.50,96443.90,95571.20,96392.00,20145.348
2025-02-19T12:00:00Z,96392.00,96676.00,95494.40,95895.40,32576.279
2025-02-19T16:00:00Z,95895.40,96447.00,95362.80,96159.90,22433.716
2025-02-19T20:00:00Z,96159.80,96878.70,96011.60,96598.00,15070.558
2025-02-20T00:00:00Z,96597.90,97339.80,96366.00,97017.40,16242.992
2025-02-20T04:00:00Z,97017.40,97310.40,96743.80,96825.80,10876.646
2025-02-20T08:00:00Z,96825.70,97350.00,96757.20,97164.60,9215.261
2025-02-20T12:00:00Z,97164.60,98000.00,96756.10,96870.50,40545.385
2025-02-20T16:00:00Z,96871.10,98480.00,96838.10,98370.00,34903.809
2025-02-20T20:00:00Z,98369.90,98662.10,97952.80,98252.90,17396.079
2025-02-21T00:00:00Z,98252.80,98450.00,98030.30,98106.10,9636.148
2025-02-21T04:00:00Z,98106.00,98555.00,98072.40,98130.00,9837.915
2025-02-21T08:00:00Z,98129.90,98888.00,98057.50,98579.70,21699.494
2025-02-21T12:00:00Z,98579.70,99431.50,97143.00,98057.60,85401.790
2025-02-21T16:00:00Z,98057.60,98720.00,95201.20,95247.50,85986.940
2025-02-21T20:00:00Z,95247.40,96150.00,94830.40,96127.90,38055.986
2025-02-22T00:00:00Z,96128.00,96399.90,95701.90,96249.90,12887.850
2025-02-22T04:00:00Z,96250.00,96542.70,96219.90,96241.70,8085.678
2025-02-22T08:00:00Z,96241.70,96571.20,96107.00,96526.40,11109.977
2025-02-22T12:00:00Z,96526.50,96988.00,96444.20,96552.40,18121.719
2025-02-22T16:00:00Z,96552.30,96794.60,96333.80,96596.60,10553.783
2025-02-22T20:00:00Z,96596.50,96659.50,96432.60,96503.30,5033.143
2025-02-23T00:00:00Z,96503.30,96602.90,96309.60,96373.70,5921.475
2025-02-23T04:00:00Z,96373.70,96504.10,96102.20,96454.60,10823.841
2025-02-23T08:00:00Z,96454.60,96459.40,96030.00,96064.30,7616.299
2025-02-23T12:00:00Z,96064.20,96118.10,95326.80,95391.50,21371.740
2025-02-23T16:00:00Z,95391.50,95823.50,95180.20,95706.50,11934.582
2025-02-23T20:00:00Z,95706.50,96290.00,95476.50,96218.40,11630.754
2025-02-24T00:00:00Z,96218.40,96470.00,95263.00,95388.10,17763.849
2025-02-24T04:00:00Z,95388.00,95918.40,95018.00,95834.20,17643.499
2025-02-24T08:00:00Z,95834.20,96147.50,95282.40,95774.80,19209.488
2025-02-24T12:00:00Z,95774.90,96055.10,93800.00,94295.90,60104.206
2025-02-24T16:00:00Z,94295.90,95182.30,93612.90,93916.10,39593.268
2025-02-24T20:00:00Z,93917.40,94551.10,91300.00,91514.50,63174.440
2025-02-25T00:00:00Z,91514.50,92500.00,90850.00,92125.30,49736.339
2025-02-25T04:00:00Z,92125.30,92287.00,88131.60,89262.90,92098.853
2025-02-25T08:00:00Z,89262.80,89952.00,86800.00,89186.80,100778.920
2025-02-25T12:00:00Z,89186.90,89499.90,86020.40,87206.90,108732.091
2025-02-25T16:00:00Z,87206.80,88048.90,86125.90,87914.30,72441.612
2025-02-25T20:00:00Z,87914.20,89442.70,87578.10,88639.10,48508.687
2025-02-26T00:00:00Z,88639.10,89367.10,88101.90,88851.80,21365.208
2025-02-26T04:00:00Z,88851.80,89214.80,88366.00,88682.30,16621.135
2025-02-26T08:00:00Z,88682.30,89285.70,88092.00,88570.00,27628.135
2025-02-26T12:00:00Z,88570.10,88641.00,85377.20,87536.40,113336.525
2025-02-26T16:00:00Z,87536.50,87784.70,83265.50,83832.00,137446.696
2025-02-26T20:00:00Z,83832.00,85382.00,82222.00,84208.50,84744.122
2025-02-27T00:00:00Z,84208.60,85397.10,84000.00,85174.00,31978.449
2025-02-27T04:00:00Z,85174.00,86687.50,84640.10,86227.90,33054.482
2025-02-27T08:00:00Z,86228.00,87066.00,85827.10,86655.30,36174.377
2025-02-27T12:00:00Z,86655.40,86756.10,84609.00,85473.00,71815.480
2025-02-27T16:00:00Z,85472.90,85664.80,83567.40,84084.00,44193.184
2025-02-27T20:00:00Z,84084.00,84894.00,82667.00,84668.10,52192.558
2025-02-28T00:00:00Z,84668.20,84858.60,79500.00,80429.20,150178.095
2025-02-28T04:00:00Z,80429.20,80939.90,78787.00,79159.90,109818.611
2025-02-28T08:00:00Z,79159.90,80800.00,78200.20,80474.30,76070.275
2025-02-28T12:00:00Z,80474.40,84380.90,80030.00,83948.10,103925.229
2025-02-28T16:00:00Z,83948.10,85084.50,83153.30,84393.30,72721.105
2025-02-28T20:00:00Z,84393.30,84743.80,83555.00,84299.60,23629.916
2025-03-01T00:00:00Z,84299.60,85638.00,83779.00,85279.30,31502.988
2025-03-01T04:00:00Z,85279.10,86516.50,84698.80,84707.30,39241.067
2025-03-01T08:00:00Z,84707.20,85452.40,84343.00,84593.60,26089.157
2025-03-01T12:00:00Z,84593.60,84908.50,84285.00,84755.10,17714.663
2025-03-01T16:00:00Z,84755.00,85613.40,84652.00,85431.20,16936.818
2025-03-01T20:00:00Z,85431.10,86219.70,85239.60,86007.70,15511.978
2025-03-02T00:00:00Z,86007.70,86449.90,85571.80,85811.90,18529.902
2025-03-02T04:00:00Z,85812.00,86515.00,85490.00,86191.40,13859.725
2025-03-02T08:00:00Z,86191.40,86219.50,85605.00,86047.00,16697.034
2025-03-02T12:00:00Z,86047.10,88644.00,85015.00,87390.10,74595.642
2025-03-02T16:00:00Z,87390.10,94971.00,87236.00,93467.30,192872.480
2025-03-02T20:00:00Z,93467.20,94800.00,93444.90,94222.80,48156.755
2025-03-03T00:00:00Z,94222.00,94373.40,92380.10,92660.00,37429.120
2025-03-03T04:00:00Z,92660.00,93304.90,91150.00,92318.00,40159.560
2025-03-03T08:00:00Z,92318.00,92888.00,91100.00,92700.00,37107.704
2025-03-03T12:00:00Z,92700.00,93666.00,89100.00,90009.50,115283.973
2025-03-03T16:00:00Z,90009.50,90959.10,85495.50,85552.00,122196.084
2025-03-03T20:00:00Z,85552.00,86999.90,85029.00,86192.70,83855.961
2025-03-04T00:00:00Z,86193.30,86773.50,82420.00,83929.00,106129.625
2025-03-04T04:00:00Z,83928.90,84566.00,83100.30,83159.40,32146.523
2025-03-04T08:00:00Z,83159.40,84359.50,83000.10,83890.10,26599.170
2025-03-04T12:00:00Z,83890.10,84934.90,81200.00,82945.00,118850.856
2025-03-04T16:00:00Z,82945.00,88488.00,81911.10,88165.30,91455.087
2025-03-04T20:00:00Z,88165.30,88931.00,86544.00,87245.90,57253.537
2025-03-05T00:00:00Z,87245.90,87850.00,86328.00,86813.60,31773.108
2025-03-05T04:00:00Z,86813.70,87688.00,86694.00,87573.90,15899.215
2025-03-05T08:00:00Z,87573.90,90625.00,87549.00,89777.60,50928.602
2025-03-05T12:00:00Z,89777.60,90897.10,87890.00,88312.60,93893.227
2025-03-05T16:00:00Z,88312.50,90444.00,87558.00,89711.20,63517.478
2025-03-05T20:00:00Z,89711.20,91000.00,89626.30,90566.10,22989.460
2025-03-06T00:00:00Z,90566.10,91988.00,89955.00,91563.20,37147.404
2025-03-06T04:00:00Z,91563.20,92780.30,91222.00,91311.30,32218.874
2025-03-06T08:00:00Z,91311.40,91642.30,90572.40,91319.20,30673.037
2025-03-06T12:00:00Z,91319.20,91420.00,89070.00,90777.90,79791.931
2025-03-06T16:00:00Z,90777.90,91025.70,87790.50,88488.50,73825.248
2025-03-06T20:00:00Z,88488.50,90748.00,88428.80,89887.80,49402.138
2025-03-07T00:00:00Z,89887.90,91257.70,84600.00,86958.50,132530.280
2025-03-07T04:00:00Z,86958.40,88569.90,86809.20,88308.80,26269.039
2025-03-07T08:00:00Z,88308.80,89666.00,87932.00,88928.80,27344.006
2025-03-07T12:00:00Z,88928.90,91107.90,87979.00,88424.90,106013.324
2025-03-07T16:00:00Z,88425.00,88990.00,86530.00,87787.20,87066.667
2025-03-07T20:00:00Z,87787.30,88494.30,85555.00,86753.80,73250.879
2025-03-08T00:00:00Z,86753.80,86876.50,85108.00,85880.00,27166.455
2025-03-08T04:00:00Z,85880.00,86622.90,85607.70,86159.20,14502.391
2025-03-08T08:00:00Z,86159.20,86422.00,85720.00,85923.90,12411.924
2025-03-08T12:00:00Z,85923.90,86587.00,85774.80,86360.00,14833.073
2025-03-08T16:00:00Z,86360.00,86459.00,85605.50,86190.50,18610.891
2025-03-08T20:00:00Z,86190.50,86458.80,85800.00,86184.70,8581.453
2025-03-09T00:00:00Z,86184.70,86470.60,85902.00,86077.10,10664.199
2025-03-09T04:00:00Z,86077.10,86128.30,85753.30,85968.90,8708.738
2025-03-09T08:00:00Z,85968.80,86092.80,84601.30,84990.10,28696.135
2025-03-09T12:00:00Z,84990.00,85028.10,82619.30,83030.50,56855.474
2025-03-09T16:00:00Z,83030.40,83727.80,82176.90,82604.90,53961.081
2025-03-09T20:00:00Z,82605.00,83515.00,79933.40,80688.80,62723.721
2025-03-10T00:00:00Z,80690.70,82694.20,80001.00,82000.10,51441.000
2025-03-10T04:00:00Z,82000.10,82761.00,81947.00,82277.60,18157.406
2025-03-10T08:00:00Z,82277.70,84031.50,81110.00,83540.20,76138.678
2025-03-10T12:00:00Z,83540.30,83728.20,79142.80,80009.70,124660.837
2025-03-10T16:00:00Z,80009.70,80217.60,77410.10,79037.10,106456.310
2025-03-10T20:00:00Z,79035.30,79844.40,78363.60,78567.80,39532.566
2025-03-11T00:00:00Z,78567.80,79888.00,76560.00,79486.60,78235.731
2025-03-11T04:00:00Z,79486.70,80585.50,79411.20,80386.00,33668.415
2025-03-11T08:00:00Z,80386.00,82061.50,80291.00,81684.60,41608.884
2025-03-11T12:00:00Z,81684.50,82240.00,79026.20,81190.70,139695.873
2025-03-11T16:00:00Z,81190.70,83600.00,80600.00,83060.10,74604.747
2025-03-11T20:00:00Z,83060.10,83261.70,82512.40,82896.00,22965.519
2025-03-12T00:00:00Z,82896.00,83741.80,82066.50,82098.20,35999.113
2025-03-12T04:00:00Z,82098.20,82500.00,81250.00,82402.90,37098.324
2025-03-12T08:00:00Z,82402.80,83046.90,81980.00,82972.00,37875.934
2025-03-12T12:00:00Z,82971.90,84487.00,80578.50,81688.10,122716.834
2025-03-12T16:00:00Z,81688.00,83127.40,81575.60,82877.30,53129.002
2025-03-12T20:00:00Z,82877.30,83849.00,82662.00,83640.70,19351.917
2025-03-13T00:00:00Z,83640.70,84307.10,83267.10,83537.10,24001.951
2025-03-13T04:00:00Z,83537.20,83663.00,82813.20,83118.50,24236.411
2025-03-13T08:00:00Z,83118.60,83494.60,82350.00,82939.50,30560.697
2025-03-13T12:00:00Z,82939.30,84030.00,80914.40,81016.00,88799.609
2025-03-13T16:00:00Z,81016.00,81243.80,79903.40,80177.90,58197.608
2025-03-13T20:00:00Z,80177.50,81450.50,80162.90,81085.40,22163.776
2025-03-14T00:00:00Z,81085.50,82249.00,80772.00,81861.50,27108.918
2025-03-14T04:00:00Z,81861.50,82425.00,81730.90,82124.50,17419.406
2025-03-14T08:00:00Z,82124.60,83330.00,82121.20,83202.80,30208.907
2025-03-14T12:00:00Z,83202.90,85270.20,82594.30,84692.20,97510.760
2025-03-14T16:00:00Z,84692.10,84908.80,83908.30,84508.10,40100.559
2025-03-14T20:00:00Z,84504.80,84507.80,83654.70,83939.80,21196.158
2025-03-15T00:00:00Z,83939.90,84625.00,83915.40,84439.90,13976.156
2025-03-15T04:00:00Z,84440.00,84520.00,83752.90,83797.00,12901.624
2025-03-15T08:00:00Z,83797.10,84143.90,83564.50,84054.80,18511.016
2025-03-15T12:00:00Z,84054.70,84442.00,83961.60,84295.80,16141.216
2025-03-15T16:00:00Z,84295.70,84453.40,84060.00,84261.20,9720.647
2025-03-15T20:00:00Z,84261.20,84433.10,84191.20,84302.90,5424.311
2025-03-16T00:00:00Z,84303.00,84357.10,83691.30,84295.90,13994.399
2025-03-16T04:00:00Z,84296.00,84382.20,83924.40,84242.00,10835.962
2025-03-16T08:00:00Z,84242.10,84300.00,82333.40,82367.90,37793.928
2025-03-16T12:00:00Z,82367.90,83454.00,82354.80,83280.00,36041.854
2025-03-16T16:00:00Z,83280.00,85136.00,82500.00,83064.30,51260.232
2025-03-16T20:00:00Z,83064.30,83424.40,81925.60,82541.60,24704.325
2025-03-17T00:00:00Z,82541.60,83696.60,82483.90,83641.00,21622.978
2025-03-17T04:00:00Z,83641.10,83842.80,82630.80,83525.20,23981.245
2025-03-17T08:00:00Z,83525.30,83749.90,83171.70,83475.00,18023.286
2025-03-17T12:00:00Z,83475.00,84000.00,82384.00,83499.00,64260.353
2025-03-17T16:00:00Z,83499.10,84727.10,83054.90,84436.20,39230.746
2025-03-17T20:00:00Z,84436.20,84464.10,83700.00,83962.90,15543.474
2025-03-18T00:00:00Z,83963.00,83979.80,82913.60,83107.60,23013.546
2025-03-18T04:00:00Z,83107.60,83241.10,82207.70,83124.80,33722.964
2025-03-18T08:00:00Z,83124.70,83422.80,82457.60,82550.00,21256.271
2025-03-18T12:00:00Z,82550.10,82791.30,81113.50,81567.80,61034.890
2025-03-18T16:00:00Z,81567.50,82446.80,81203.10,82273.40,33916.237
2025-03-18T20:00:00Z,82273.50,82772.70,81823.50,82666.10,15953.841
2025-03-19T00:00:00Z,82666.20,83200.00,82501.80,83008.40,20173.238
2025-03-19T04:00:00Z,83008.40,83329.90,82752.10,83152.50,16262.798
2025-03-19T08:00:00Z,83152.50,84088.20,83137.80,83848.40,29259.361
2025-03-19T12:00:00Z,83848.50,84855.00,83455.60,84693.30,47755.976
2025-03-19T16:00:00Z,84693.30,85908.00,83500.00,85382.50,102445.196
2025-03-19T20:00:00Z,85382.60,86990.00,85163.90,86809.80,36065.172
2025-03-20T00:00:00Z,86809.80,87500.00,85580.60,85849.50,46168.248
2025-03-20T04:00:00Z,85849.60,85972.30,85383.00,85764.70,17109.791
2025-03-20T08:00:00Z,85764.70,86285.80,84685.50,85462.20,39885.293
2025-03-20T12:00:00Z,85462.90,86490.00,84520.00,84642.10,65648.016
2025-03-20T16:00:00Z,84642.00,84846.10,83613.60,84129.30,55952.889
2025-03-20T20:00:00Z,84129.30,84582.80,83877.40,84183.60,18179.255
2025-03-21T00:00:00Z,84183.60,84813.60,84140.00,84409.90,15520.668
2025-03-21T04:00:00Z,84410.00,84773.60,83650.30,83889.60,20591.929
2025-03-21T08:00:00Z,83889.50,84319.50,83679.80,84006.00,19775.675
2025-03-21T12:00:00Z,84005.90,84344.40,83122.00,83525.90,52089.133
2025-03-21T16:00:00Z,83525.90,84405.90,83333.00,83925.00,25233.681
2025-03-21T20:00:00Z,83925.00,84550.00,83778.00,84050.30,11211.185
2025-03-22T00:00:00Z,84050.30,84286.00,83940.20,84214.10,7551.459
2025-03-22T04:00:00Z,84214.10,84389.00,84110.60,84235.40,6393.596
2025-03-22T08:00:00Z,84235.40,84509.00,84073.70,84190.80,9147.168
2025-03-22T12:00:00Z,84190.80,84257.20,83932.00,84073.50,8977.145
2025-03-22T16:00:00Z,84073.40,84292.00,84021.10,84134.60,6453.155
2025-03-22T20:00:00Z,84134.50,84171.60,83589.50,83804.90,13696.129
2025-03-23T00:00:00Z,83804.90,84241.50,83761.20,84195.10,7066.186
2025-03-23T04:00:00Z,84195.10,84282.40,84025.20,84229.90,5066.142
2025-03-23T08:00:00Z,84229.90,85024.80,84216.80,84651.50,20060.748
2025-03-23T12:00:00Z,84651.40,85231.70,84529.00,85148.00,18572.248
2025-03-23T16:00:00Z,85148.00,85376.40,84756.00,84966.70,19055.791
2025-03-23T20:00:00Z,84966.70,86110.90,84868.90,86044.20,21078.758
2025-03-24T00:00:00Z,86044.10,86619.90,85478.30,86502.60,34610.780
2025-03-24T04:00:00Z,86502.60,87277.50,86502.50,86827.60,31398.367
2025-03-24T08:00:00Z,86827.50,87898.90,86808.00,87643.50,26543.017
2025-03-24T12:00:00Z,87643.60,88752.00,87100.00,88283.60,58494.267
2025-03-24T16:00:00Z,88283.70,88492.10,87630.00,88162.30,34573.071
2025-03-24T20:00:00Z,88162.30,88438.50,87010.00,87463.40,25287.982
2025-03-25T00:00:00Z,87463.40,87644.00,86278.50,86477.40,28269.465
2025-03-25T04:00:00Z,86477.30,86847.30,86260.00,86404.40,22193.451
2025-03-25T08:00:00Z,86404.50,87448.00,86358.20,87323.30,22125.787
2025-03-25T12:00:00Z,87323.40,88221.00,86839.20,87723.00,47579.277
2025-03-25T16:00:00Z,87723.00,88284.00,87532.30,88051.40,23475.471
2025-03-25T20:00:00Z,88054.00,88500.00,87079.00,87369.80,29861.838
2025-03-26T00:00:00Z,87369.90,87864.40,86980.00,87120.60,16890.189
2025-03-26T04:00:00Z,87120.60,88270.20,87000.30,88106.70,22666.057
2025-03-26T08:00:00Z,88106.70,88235.00,87781.80,87914.90,15319.543
2025-03-26T12:00:00Z,87914.90,87975.00,86387.70,86696.90,63270.743
2025-03-26T16:00:00Z,86696.80,87032.60,85816.30,86525.30,40992.066
2025-03-26T20:00:00Z,86525.20,87360.00,86473.80,86873.80,28818.097
2025-03-27T00:00:00Z,86873.90,87722.40,86752.30,87631.10,18655.879
2025-03-27T04:00:00Z,87631.20,87654.20,87210.00,87363.20,10658.862
2025-03-27T08:00:00Z,87363.10,87562.40,86741.50,86900.70,20115.926
2025-03-27T12:00:00Z,86900.70,87528.00,85724.50,86931.20,77093.821
2025-03-27T16:00:00Z,86931.20,87380.60,86738.00,87025.80,23043.518
2025-03-27T20:00:00Z,87025.90,87695.90,86892.00,87191.20,13883.683
2025-03-28T00:00:00Z,87191.20,87470.00,86694.50,86746.80,19440.395
2025-03-28T04:00:00Z,86746.80,86792.80,85121.10,85175.10,50638.309
2025-03-28T08:00:00Z,85175.10,85409.50,84767.00,85214.00,36315.505
2025-03-28T12:00:00Z,85214.00,85575.00,83915.60,84011.10,66581.578
2025-03-28T16:00:00Z,84011.00,84190.00,83531.70,83760.70,32959.417
2025-03-28T20:00:00Z,83760.70,84499.50,83659.60,84380.80,16349.356
2025-03-29T00:00:00Z,84380.80,84589.70,83668.10,84125.70,18318.477
2025-03-29T04:00:00Z,84125.80,84222.00,83618.00,83696.00,11481.064
2025-03-29T08:00:00Z,83696.10,83917.50,81963.00,82255.10,43603.689
2025-03-29T12:00:00Z,82255.10,82839.90,82104.00,82377.30,22396.817
2025-03-29T16:00:00Z,82377.30,82737.60,81601.00,82722.90,29476.229
2025-03-29T20:00:00Z,82722.90,82759.40,82214.00,82604.70,10237.429
2025-03-30T00:00:00Z,82604.80,83456.00,82450.90,83042.80,19850.117
2025-03-30T04:00:00Z,83042.80,83283.30,82818.50,83037.40,13129.496
2025-03-30T08:00:00Z,83037.50,83490.00,82924.10,83080.00,14250.728
2025-03-30T12:00:00Z,83080.00,83229.60,82531.40,82699.90,18904.413
2025-03-30T16:00:00Z,82699.90,82878.20,82000.00,82510.60,19922.238
2025-03-30T20:00:00Z,82510.50,82732.50,81501.40,82352.80,23508.933
2025-03-31T00:00:00Z,82353.10,82416.00,81222.00,81491.50,31536.956
2025-03-31T04:00:00Z,81491.60,82275.50,81358.10,81895.20,19826.270
2025-03-31T08:00:00Z,81895.10,82236.00,81250.00,82171.50,28834.653
2025-03-31T12:00:00Z,82171.60,83895.80,81600.50,83373.40,80021.150
2025-03-31T16:00:00Z,83373.30,83655.40,82350.00,82426.70,32906.251
2025-03-31T20:00:00Z,82426.70,82898.60,82221.00,82517.50,18939.296
2025-04-01T00:00:00Z,82517.50,83213.00,82383.30,82929.90,15244.220
2025-04-01T04:00:00Z,82930.00,83565.00,82846.10,83415.20,15232.027
2025-04-01T08:00:00Z,83415.20,84474.80,83401.00,83879.90,35987.638
2025-04-01T12:00:00Z,83880.00,85475.00,82505.00,85245.40,81146.631
2025-04-01T16:00:00Z,85245.50,85452.50,84666.30,84911.70,31993.203
2025-04-01T20:00:00Z,84911.60,85595.50,84715.70,85120.90,17659.457
2025-04-02T00:00:00Z,85121.00,85217.90,84479.20,84509.50,19256.193
2025-04-02T04:00:00Z,84509.50,84695.00,83846.00,84389.80,24222.399
2025-04-02T08:00:00Z,84389.70,85425.00,84220.00,84528.40,30044.064
2025-04-02T12:00:00Z,84528.30,87288.00,84424.10,86709.50,101403.902
2025-04-02T16:00:00Z,86709.50,87255.00,86142.00,86854.20,42796.162
2025-04-02T20:00:00Z,86854.20,88500.00,82300.00,82485.10,131241.658
2025-04-03T00:00:00Z,82485.10,83889.20,82137.30,83449.00,43538.786
2025-04-03T04:00:00Z,83449.20,83707.90,82962.10,83423.70,18012.198
2025-04-03T08:00:00Z,83423.70,83774.10,83008.40,83058.10,25845.247
2025-04-03T12:00:00Z,83058.00,83112.00,81172.20,82001.80,92135.552
2025-04-03T16:00:00Z,82001.70,82463.70,81504.80,81977.40,35332.973
2025-04-03T20:00:00Z,81977.40,83298.00,81754.90,83181.50,24298.763
2025-04-04T00:00:00Z,83181.70,83376.00,82553.80,82787.90,23066.562
2025-04-04T04:00:00Z,82787.90,83987.00,82569.90,83968.20,24342.362
2025-04-04T08:00:00Z,83968.10,84686.20,81624.60,82633.70,90960.907
2025-04-04T12:00:00Z,82633.70,83682.90,81796.60,82822.00,128058.822
2025-04-04T16:00:00Z,82821.90,84580.00,82700.00,83971.90,67073.197
2025-04-04T20:00:00Z,83969.30,84422.90,83449.70,83861.30,19607.356
2025-04-05T00:00:00Z,83861.40,84244.50,83323.70,83585.70,17023.772
2025-04-05T04:00:00Z,83585.60,83832.10,83300.50,83490.00,10620.814
2025-04-05T08:00:00Z,83490.00,83866.30,83326.20,83428.40,11518.556
2025-04-05T12:00:00Z,83428.30,83516.80,82333.80,82576.40,33111.923
2025-04-05T16:00:00Z,82576.50,83108.80,82561.80,82818.70,12394.700
2025-04-05T20:00:00Z,82818.70,83674.90,82781.50,83506.10,14904.439
2025-04-06T00:00:00Z,83506.10,83790.50,83100.00,83301.70,13707.665
2025-04-06T04:00:00Z,83301.70,83496.90,82980.00,82990.90,10928.376
2025-04-06T08:00:00Z,82990.90,83143.90,82625.00,82810.10,16830.905
2025-04-06T12:00:00Z,82810.10,82944.00,82155.40,82497.40,29601.982
2025-04-06T16:00:00Z,82497.40,82524.90,78635.00,79572.60,108788.065
2025-04-06T20:00:00Z,79572.60,79858.70,77111.00,78390.00,101334.760
2025-04-07T00:00:00Z,78390.10,79311.50,77311.00,77669.60,69452.679
2025-04-07T04:00:00Z,77669.50,77950.00,74457.00,75084.10,120677.337
2025-04-07T08:00:00Z,75084.10,77550.60,75051.70,76655.90,91159.234
2025-04-07T12:00:00Z,76656.00,81200.00,75761.50,78444.60,284460.151
2025-04-07T16:00:00Z,78444.60,79347.10,77262.60,78086.30,91535.930
2025-04-07T20:00:00Z,78093.70,80184.70,78060.00,79140.00,36558.172
2025-04-08T00:00:00Z,79140.10,80832.10,78726.50,79869.20,44433.570
2025-04-08T04:00:00Z,79869.30,80383.40,79177.00,79448.60,25868.771
2025-04-08T08:00:00Z,79448.50,80049.80,78788.00,79949.70,33896.193
2025-04-08T12:00:00Z,79949.70,80359.50,78136.00,78460.00,92487.008
2025-04-08T16:00:00Z,78459.90,78500.00,76311.00,76830.00,100174.783
2025-04-08T20:00:00Z,76832.00,77259.90,76200.10,76297.90,31549.209
2025-04-09T00:00:00Z,76298.00,76834.60,74578.50,75040.00,79097.570
2025-04-09T04:00:00Z,75039.90,77906.60,74952.00,77651.40,75116.640
2025-04-09T08:00:00Z,77651.30,77833.80,75735.90,76204.10,72634.361
2025-04-09T12:00:00Z,76204.10,78288.80,75988.00,77237.60,98020.430
2025-04-09T16:00:00Z,77237.50,82967.40,77104.00,82291.40,183836.453
2025-04-09T20:00:00Z,82291.40,83554.90,81980.10,82588.00,51944.408
2025-04-10T00:00:00Z,82587.90,82706.90,81424.30,81731.80,34510.348
2025-04-10T04:00:00Z,81731.90,82315.40,81241.10,81561.60,28212.148
2025-04-10T08:00:00Z,81561.50,82083.30,81300.90,81839.20,27826.270
2025-04-10T12:00:00Z,81839.10,82488.00,78559.00,78731.70,115295.495
2025-04-10T16:00:00Z,78731.70,80011.80,78416.00,79611.10,67707.740
2025-04-10T20:00:00Z,79611.10,79999.90,79335.20,79560.20,20110.099
2025-04-11T00:00:00Z,79560.30,80855.00,78935.50,80796.90,41672.942
2025-04-11T04:00:00Z,80796.90,81388.00,80460.00,81213.60,30258.330
2025-04-11T08:00:00Z,81213.70,82944.30,80691.30,82096.60,68755.993
2025-04-11T12:00:00Z,82096.50,83297.90,81305.00,82486.70,79925.014
2025-04-11T16:00:00Z,82486.80,84178.70,81968.00,83809.50,54200.084
2025-04-11T20:00:00Z,83809.50,84300.00,83115.10,83378.30,20965.508
2025-04-12T00:00:00Z,83378.30,83537.60,82756.00,82940.30,18705.450
2025-04-12T04:00:00Z,82940.30,83785.40,82824.20,83685.40,21558.323
2025-04-12T08:00:00Z,83685.40,83998.90,83260.00,83484.00,16179.792
2025-04-12T12:00:00Z,83484.00,85388.00,83432.60,84974.10,58881.989
2025-04-12T16:00:00Z,84974.10,85225.00,84389.50,84891.80,21838.433
2025-04-12T20:00:00Z,84891.70,85884.20,84830.80,85237.80,20838.850
2025-04-13T00:00:00Z,85237.90,86100.00,84689.50,85388.80,34243.838
2025-04-13T04:00:00Z,85388.80,85400.00,84355.10,84378.40,28885.799
2025-04-13T08:00:00Z,84378.40,84918.00,84160.80,84490.60,21104.862
2025-04-13T12:00:00Z,84490.60,84649.00,83450.70,83820.10,40410.003
2025-04-13T16:00:00Z,83820.10,84999.90,82991.50,83949.90,42854.152
2025-04-13T20:00:00Z,83950.00,84424.30,82999.90,83713.70,39539.726
2025-04-14T00:00:00Z,83713.80,85534.80,83630.90,84536.40,53910.823
2025-04-14T04:00:00Z,84536.40,85067.10,84170.20,84544.20,20195.283
2025-04-14T08:00:00Z,84544.30,84936.90,84202.00,84891.50,21445.178
2025-04-14T12:00:00Z,84891.60,85755.00,83668.90,84054.40,69300.966
2025-04-14T16:00:00Z,84054.40,85171.90,83813.90,84872.60,32361.607
2025-04-14T20:00:00Z,84872.50,84925.50,84376.00,84553.90,12135.499
2025-04-15T00:00:00Z,84553.90,85392.20,84303.00,85351.90,22331.604
2025-04-15T04:00:00Z,85351.90,85835.00,85109.90,85691.30,24303.263
2025-04-15T08:00:00Z,85691.30,85974.90,85314.40,85549.30,27366.079
2025-04-15T12:00:00Z,85549.30,86443.00,84567.00,84871.90,65580.031
2025-04-15T16:00:00Z,84871.90,85115.10,83888.00,83954.60,26216.961
2025-04-15T20:00:00Z,83954.50,84197.90,83560.00,83608.70,18724.244
2025-04-16T00:00:00Z,83608.60,83915.70,83063.90,83654.00,25553.467
2025-04-16T04:00:00Z,83653.90,83788.50,83165.80,83325.00,20539.390
2025-04-16T08:00:00Z,83325.00,84091.70,83100.00,84008.50,28400.044
2025-04-16T12:00:00Z,84008.40,85232.00,83453.40,84810.70,51343.800
2025-04-16T16:00:00Z,84811.30,85493.50,83198.20,84286.00,69049.234
2025-04-16T20:00:00Z,84286.00,84642.80,83986.70,83990.00,14555.483
2025-04-17T00:00:00Z,83990.10,84468.80,83772.50,83953.30,16179.399
2025-04-17T04:00:00Z,83953.30,85043.40,83856.90,84629.00,20775.920
2025-04-17T08:00:00Z,84629.00,84730.00,84144.10,84531.80,15124.909
2025-04-17T12:00:00Z,84531.80,84829.40,83700.00,84495.50,36468.828
2025-04-17T16:00:00Z,84495.60,85441.50,84358.00,84797.50,42706.516
2025-04-17T20:00:00Z,84797.00,85100.00,84681.40,84915.00,9777.623
2025-04-18T00:00:00Z,84914.90,85100.00,84682.80,84790.30,8330.771
2025-04-18T04:00:00Z,84790.40,84803.10,84349.30,84622.90,12408.591
2025-04-18T08:00:00Z,84622.90,84734.50,84428.90,84629.40,8899.434
2025-04-18T12:00:00Z,84629.50,84730.00,84300.50,84332.30,11609.942
2025-04-18T16:00:00Z,84332.20,84616.10,84260.00,84529.10,8055.920
2025-04-18T20:00:00Z,84529.00,84659.80,84291.40,84421.00,5914.184
2025-04-19T00:00:00Z,84421.00,84947.80,84317.20,84845.30,10423.621
2025-04-19T04:00:00Z,84845.30,85240.00,84840.10,85174.50,13824.920
2025-04-19T08:00:00Z,85174.50,85400.00,85070.90,85179.30,12830.984
2025-04-19T12:00:00Z,85179.30,85600.00,85006.20,85146.30,15225.821
2025-04-19T16:00:00Z,85146.30,85277.80,84613.50,85054.30,16462.047
2025-04-19T20:00:00Z,85054.20,85332.70,84966.00,85046.90,4613.173
2025-04-20T00:00:00Z,85046.90,85283.60,85001.00,85116.60,5474.433
2025-04-20T04:00:00Z,85116.70,85210.00,84650.00,84736.50,15243.765
2025-04-20T08:00:00Z,84736.60,84751.00,83900.00,84084.60,23477.675
2025-04-20T12:00:00Z,84084.60,84638.40,84050.50,84304.50,17096.184
2025-04-20T16:00:00Z,84304.60,84624.50,84234.10,84608.80,7272.931
2025-04-20T20:00:00Z,84608.90,85266.50,84572.00,85138.80,22086.830
2025-04-21T00:00:00Z,85138.90,87621.80,85100.00,87166.60,72207.253
2025-04-21T04:00:00Z,87166.60,87702.30,87007.00,87400.60,19796.228
2025-04-21T08:00:00Z,87400.70,87777.00,86610.00,86936.40,29449.949
2025-04-21T12:00:00Z,86936.50,88418.20,86750.00,87997.40,72486.723
2025-04-21T16:00:00Z,87997.30,88216.30,86327.00,87369.10,57440.549
2025-04-21T20:00:00Z,87369.20,87599.80,86852.00,87466.00,22689.169
2025-04-22T00:00:00Z,87466.00,88850.00,87017.50,88111.00,52155.508
2025-04-22T04:00:00Z,88111.00,88445.00,87911.10,88434.90,18699.693
2025-04-22T08:00:00Z,88434.90,88649.90,88187.20,88572.70,19693.026
2025-04-22T12:00:00Z,88572.80,91373.00,88432.90,90881.20,124199.257
2025-04-22T16:00:00Z,90881.10,91686.60,90561.70,91356.40,50079.386
2025-04-22T20:00:00Z,91356.30,94142.50,90999.30,93404.90,69178.211
2025-04-23T00:00:00Z,93404.90,93864.90,92552.00,93126.00,33940.086
2025-04-23T04:00:00Z,93126.00,94263.00,92964.10,94102.50,28985.949
2025-04-23T08:00:00Z,94102.60,94453.00,93280.00,93425.20,35725.834
2025-04-23T12:00:00Z,93425.20,94904.30,91898.00,93140.30,86830.394
2025-04-23T16:00:00Z,93140.30,94178.00,92860.00,93436.30,33955.173
2025-04-23T20:00:00Z,93436.40,93869.90,93181.80,93632.10,13310.992
2025-04-24T00:00:00Z,93632.20,93735.10,92607.00,92632.90,19305.989
2025-04-24T04:00:00Z,92632.80,92869.90,92055.10,92166.00,24136.437
2025-04-24T08:00:00Z,92166.10,92620.00,91619.00,92575.10,30141.353
2025-04-24T12:00:00Z,92575.20,93429.60,92380.40,93144.80,36090.385
2025-04-24T16:00:00Z,93144.80,93595.70,92625.00,93497.50,26446.208
2025-04-24T20:00:00Z,93497.60,93980.60,92969.00,93931.60,20972.356
2025-04-25T00:00:00Z,93931.50,94409.50,92788.00,93262.90,29877.009
2025-04-25T04:00:00Z,93262.90,93821.70,92959.20,93734.00,16763.171
2025-04-25T08:00:00Z,93733.90,94642.60,93493.90,94602.30,24204.202
2025-04-25T12:00:00Z,94602.20,95769.60,93876.00,94999.80,78266.827
2025-04-25T16:00:00Z,94999.80,95498.30,94310.00,95229.20,31103.127
2025-04-25T20:00:00Z,95229.30,95284.50,94402.00,94591.80,11616.141
2025-04-26T00:00:00Z,94591.80,95157.10,94500.50,94685.00,13091.802
2025-04-26T04:00:00Z,94685.00,94776.10,94274.00,94520.10,10766.592
2025-04-26T08:00:00Z,94520.00,94680.00,93947.50,94095.60,17868.057
2025-04-26T12:00:00Z,94095.70,94360.00,93833.00,94325.00,12882.691
2025-04-26T16:00:00Z,94325.00,94332.60,94000.00,94261.00,6646.130
2025-04-26T20:00:00Z,94261.00,94850.20,94043.10,94575.70,11282.937
2025-04-27T00:00:00Z,94575.70,95280.50,94000.00,94121.70,25352.851
2025-04-27T04:00:00Z,94121.60,94250.00,93586.70,94027.60,12220.315
2025-04-27T08:00:00Z,94027.70,94295.40,93840.00,93871.10,9208.402
2025-04-27T12:00:00Z,93871.10,94140.80,93547.30,93857.70,15121.759
2025-04-27T16:00:00Z,93857.70,94394.30,93680.00,94388.90,9835.889
2025-04-27T20:00:00Z,94388.90,94517.90,93600.00,93697.10,12076.967
2025-04-28T00:00:00Z,93697.00,93943.80,92700.00,93799.90,34243.196
2025-04-28T04:00:00Z,93800.00,94758.00,93799.90,94641.60,19207.845
2025-04-28T08:00:00Z,94641.60,95490.00,94259.20,95276.10,36146.553
2025-04-28T12:00:00Z,95276.10,95578.80,93520.20,93772.80,60496.166
2025-04-28T16:00:00Z,93772.70,94874.20,93367.20,94740.90,27658.149
2025-04-28T20:00:00Z,94741.00,95146.30,94244.50,94969.00,16668.807
2025-04-29T00:00:00Z,94969.00,95415.70,94380.00,94599.90,32535.760
2025-04-29T04:00:00Z,94599.90,94927.60,94154.10,94878.00,17947.813
2025-04-29T08:00:00Z,94877.90,95264.90,94700.10,95086.90,17261.808
2025-04-29T12:00:00Z,95087.00,95260.00,94466.50,94790.70,25266.996
2025-04-29T16:00:00Z,94790.60,95426.40,94590.50,95250.50,25414.524
2025-04-29T20:00:00Z,95250.50,95350.00,93678.70,94200.10,29404.893
2025-04-30T00:00:00Z,94200.10,95078.50,94081.40,94989.30,18097.325
2025-04-30T04:00:00Z,94989.30,95149.90,94442.30,94577.60,15073.172
2025-04-30T08:00:00Z,94577.60,95186.50,94468.60,95126.50,14665.449
2025-04-30T12:00:00Z,95126.40,95163.60,92848.10,93948.40,81587.654
2025-04-30T16:00:00Z,93948.40,94488.00,93476.20,94118.20,22363.333
2025-04-30T20:00:00Z,94118.20,94751.80,93950.00,94125.10,19142.377
2025-05-01T00:00:00Z,94125.20,94978.10,94086.70,94737.50,19363.191
2025-05-01T04:00:00Z,94737.60,95146.20,94660.20,94978.60,16342.808
2025-05-01T08:00:00Z,94978.60,96351.80,94866.60,96129.90,41762.093
2025-05-01T12:00:00Z,96130.00,97388.00,95742.10,96793.90,62733.290
2025-05-01T16:00:00Z,96793.90,97300.00,96344.40,96459.10,28899.433
2025-05-01T20:00:00Z,96459.50,96834.40,96122.40,96423.30,15425.940
2025-05-02T00:00:00Z,96423.20,97193.70,96400.00,97054.90,17200.018
2025-05-02T04:00:00Z,97055.00,97262.00,96283.10,96302.00,19341.642
2025-05-02T08:00:00Z,96302.00,97072.20,96300.00,96875.70,14786.274
2025-05-02T12:00:00Z,96875.70,97865.40,96585.10,97270.10,54228.730
2025-05-02T16:00:00Z,97270.10,97740.00,96700.00,96856.80,23304.485
2025-05-02T20:00:00Z,96856.80,97083.40,96507.60,96831.20,10336.377
2025-05-03T00:00:00Z,96831.20,96868.40,96255.00,96292.10,12788.794
2025-05-03T04:00:00Z,96292.10,96557.70,96064.10,96290.80,10809.148
2025-05-03T08:00:00Z,96290.80,96377.80,95804.80,95895.60,15912.985
2025-05-03T12:00:00Z,95895.70,96456.00,95834.40,96358.70,11574.759
2025-05-03T16:00:00Z,96358.70,96370.00,95812.70,96312.00,10135.037
2025-05-03T20:00:00Z,96312.00,96399.90,95700.00,95803.30,10199.906
2025-05-04T00:00:00Z,95803.30,96266.60,95508.70,95680.00,14654.377
2025-05-04T04:00:00Z,95680.00,96109.60,95634.00,95842.10,9794.382
2025-05-04T08:00:00Z,95842.10,95886.50,95227.20,95376.00,17133.692
2025-05-04T12:00:00Z,95376.00,95649.00,95172.40,95421.10,13352.424
2025-05-04T16:00:00Z,95421.10,95590.00,95200.10,95533.90,9415.553
2025-05-04T20:00:00Z,95534.00,95700.00,94116.40,94230.20,29910.449
2025-05-05T00:00:00Z,94230.20,94750.10,93445.10,94001.10,35169.994
2025-05-05T04:00:00Z,94001.20,94778.50,93980.00,94696.40,18884.983
2025-05-05T08:00:00Z,94696.40,94726.80,93835.00,93986.00,18035.166
2025-05-05T12:00:00Z,93986.10,94501.00,93559.60,93726.00,37424.134
2025-05-05T16:00:00Z,93726.00,94871.80,93705.30,94295.50,24018.270
2025-05-05T20:00:00Z,94295.20,95165.10,93814.20,94696.70,21369.828
2025-05-06T00:00:00Z,94696.70,94893.30,93961.00,94418.30,16000.398
2025-05-06T04:00:00Z,94418.40,94600.00,94267.00,94350.00,8862.333
2025-05-06T08:00:00Z,94350.00,94354.60,93662.20,93770.30,23699.819
2025-05-06T12:00:00Z,93770.30,94697.20,93327.00,94513.20,48631.997
2025-05-06T16:00:00Z,94513.20,95119.90,94145.40,94910.80,27227.515
2025-05-06T20:00:00Z,94910.80,96879.50,94400.00,96798.90,49261.004
2025-05-07T00:00:00Z,96798.90,97700.00,96153.20,96453.80,49252.243
2025-05-07T04:00:00Z,96453.80,96963.00,96268.00,96940.00,15114.534
2025-05-07T08:00:00Z,96940.00,97077.60,96783.00,97000.00,14368.674
2025-05-07T12:00:00Z,97000.00,97446.80,96655.20,96889.00,34956.983
2025-05-07T16:00:00Z,96889.00,96916.50,95718.50,96124.60,48429.239
2025-05-07T20:00:00Z,96124.50,97363.80,96015.10,96988.40,23145.469
2025-05-08T00:00:00Z,96988.40,99199.90,96831.50,99097.90,60617.723
2025-05-08T04:00:00Z,99098.00,99374.30,98680.10,99212.00,32945.558
2025-05-08T08:00:00Z,99212.10,99863.30,99165.20,99369.80,31717.498
2025-05-08T12:00:00Z,99369.90,101493.20,99050.10,100730.80,83079.999
2025-05-08T16:00:00Z,100730.90,101686.70,100550.00,101254.20,44847.125
2025-05-08T20:00:00Z,101254.30,104305.30,101231.70,103228.10,64214.566
2025-05-09T00:00:00Z,103228.00,103228.10,102327.90,102419.50,24344.001
2025-05-09T04:00:00Z,102419.50,104373.00,102345.70,103597.40,31095.632
2025-05-09T08:00:00Z,103597.40,103920.00,102376.50,102914.50,46422.104
2025-05-09T12:00:00Z,102914.50,103746.80,102358.00,102852.90,38682.860
2025-05-09T16:00:00Z,102853.00,103336.10,102240.00,103145.50,23424.037
2025-05-09T20:00:00Z,103145.50,103366.00,102700.00,102941.90,8915.288
2025-05-10T00:00:00Z,102941.90,103232.00,102784.00,103179.40,9036.731
2025-05-10T04:00:00Z,103179.30,104085.00,102997.30,103721.70,18134.111
2025-05-10T08:00:00Z,103721.70,104066.20,103311.00,103374.60,18529.911
2025-05-10T12:00:00Z,103374.70,103781.10,103038.70,103102.60,13607.261
2025-05-10T16:00:00Z,103102.60,103589.00,102940.00,103148.60,14747.802
2025-05-10T20:00:00Z,103148.70,105000.10,103016.20,104788.80,30328.721
2025-05-11T00:00:00Z,104788.80,104950.00,103406.30,103947.80,27276.827
2025-05-11T04:00:00Z,103947.80,104363.90,103283.30,103327.90,18978.685
2025-05-11T08:00:00Z,103327.80,104750.00,103321.00,104613.70,24045.282
2025-05-11T12:00:00Z,104613.70,104873.50,103726.60,104083.00,30912.963
2025-05-11T16:00:00Z,104082.90,104800.00,103691.90,104373.80,20721.626
2025-05-11T20:00:00Z,104373.80,104526.30,103502.40,104072.70,17201.038
2025-05-12T00:00:00Z,104072.70,105190.40,103664.80,104064.00,30422.810
2025-05-12T04:00:00Z,104064.00,105863.10,103696.30,104426.20,52152.229
2025-05-12T08:00:00Z,104426.30,104684.00,103550.00,103705.10,27636.310
2025-05-12T12:00:00Z,103705.00,104620.10,102345.00,102481.70,70155.841
2025-05-12T16:00:00Z,102481.80,103040.80,100678.00,101812.80,55847.607
2025-05-12T20:00:00Z,101812.90,103080.90,101728.30,102739.30,20327.902
2025-05-13T00:00:00Z,102739.30,102743.90,101400.00,101681.30,25611.921
2025-05-13T04:00:00Z,101681.30,102900.00,101580.40,102624.00,18458.159
2025-05-13T08:00:00Z,102624.00,103778.90,102507.60,103685.50,22686.973
2025-05-13T12:00:00Z,103685.50,103930.10,102762.90,103633.10,44843.029
2025-05-13T16:00:00Z,103633.00,104949.20,103488.20,104744.70,35688.452
2025-05-13T20:00:00Z,104744.70,104889.20,103795.50,104082.00,15079.794
2025-05-14T00:00:00Z,104082.00,104086.50,103409.00,103549.20,16919.418
2025-05-14T04:00:00Z,103549.10,103949.60,103314.00,103662.20,13321.090
2025-05-14T08:00:00Z,103662.20,104109.60,102815.00,103903.40,29067.801
2025-05-14T12:00:00Z,103903.30,104319.00,102773.40,103461.40,39994.122
2025-05-14T16:00:00Z,103461.30,103675.00,102536.00,103278.70,20724.080
2025-05-14T20:00:00Z,103278.80,103626.50,103248.90,103458.10,6237.586
2025-05-15T00:00:00Z,103458.10,103820.00,102663.50,102706.10,16572.907
2025-05-15T04:00:00Z,102706.00,102926.20,101677.00,101733.90,23248.870
2025-05-15T08:00:00Z,101734.00,102398.70,101433.00,102335.30,26222.220
2025-05-15T12:00:00Z,102335.30,103242.00,101270.80,103211.20,48382.314
2025-05-15T16:00:00Z,103211.20,104162.80,102500.00,103107.00,40544.155
2025-05-15T20:00:00Z,103107.10,103939.80,102662.00,103714.50,21373.640
2025-05-16T00:00:00Z,103714.20,104440.10,103414.80,103979.00,22492.546
2025-05-16T04:00:00Z,103979.10,104150.00,103640.00,103646.60,14442.576
2025-05-16T08:00:00Z,103646.50,103872.90,103062.30,103614.50,21526.350
2025-05-16T12:00:00Z,103614.60,104258.70,103300.00,104144.00,26264.535
2025-05-16T16:00:00Z,104144.00,104524.20,103533.20,103974.30,20926.270
2025-05-16T20:00:00Z,103974.30,103991.70,103361.60,103412.20,9860.772
2025-05-17T00:00:00Z,103412.20,103564.70,102541.60,103464.70,26575.089
2025-05-17T04:00:00Z,103464.60,103658.00,103239.60,103399.40,10427.045
2025-05-17T08:00:00Z,103399.50,103524.70,102705.00,102944.20,22486.468
2025-05-17T12:00:00Z,102944.10,103132.30,102591.00,102900.00,11160.074
2025-05-17T16:00:00Z,102900.10,103305.80,102706.60,103100.10,10946.644
2025-05-17T20:00:00Z,103100.10,103458.60,102851.50,103079.60,8777.349
2025-05-18T00:00:00Z,103079.50,103380.80,103052.20,103244.20,6439.874
2025-05-18T04:00:00Z,103244.30,103949.60,103244.30,103893.00,13111.120
2025-05-18T08:00:00Z,103893.00,104066.10,103754.40,103769.00,12871.838
2025-05-18T12:00:00Z,103769.00,105665.30,103660.70,105484.20,41829.124
2025-05-18T16:00:00Z,105484.20,105999.70,103800.00,103834.00,49587.471
2025-05-18T20:00:00Z,103834.10,106629.80,103217.20,106407.60,49384.857
2025-05-19T00:00:00Z,106407.50,107114.30,103502.40,103569.40,51326.874
2025-05-19T04:00:00Z,103569.50,103739.20,102038.80,103167.00,57011.120
2025-05-19T08:00:00Z,103167.10,103359.50,102732.80,102912.00,20571.050
2025-05-19T12:00:00Z,102912.10,104920.20,102088.90,104740.40,60679.364
2025-05-19T16:00:00Z,104740.50,105519.80,104426.80,105457.80,47160.881
2025-05-19T20:00:00Z,105457.90,105798.50,104982.00,105531.60,21076.315
2025-05-20T00:00:00Z,105531.50,106800.00,105480.10,105720.00,42632.840
2025-05-20T04:00:00Z,105720.00,106371.30,104868.50,104980.10,27220.608
2025-05-20T08:00:00Z,104980.10,105371.70,104808.60,105159.20,20790.139
2025-05-20T12:00:00Z,105159.30,105357.60,104115.20,105294.50,41453.456
2025-05-20T16:00:00Z,105294.50,107252.90,105028.40,106972.20,54588.390
2025-05-20T20:00:00Z,106972.30,107292.50,105875.80,106800.10,39501.813
2025-05-21T00:00:00Z,106800.00,107168.70,106146.90,106791.00,22911.733
2025-05-21T04:00:00Z,106791.00,107950.00,106400.00,106463.60,49534.063
2025-05-21T08:00:00Z,106463.70,106748.70,106037.90,106490.90,30178.731
2025-05-21T12:00:00Z,106490.90,109430.00,106277.80,108936.60,94965.494
2025-05-21T16:00:00Z,108936.60,109804.20,106085.30,108547.30,157112.935
2025-05-21T20:00:00Z,108547.20,110830.00,107671.70,109609.50,58886.898
2025-05-22T00:00:00Z,109609.60,111866.40,109153.40,111755.90,64755.016
2025-05-22T04:00:00Z,111755.90,111776.30,110433.00,111005.80,47573.709
2025-05-22T08:00:00Z,111005.80,111303.80,110238.50,110944.10,32748.467
2025-05-22T12:00:00Z,110944.00,111582.50,110492.80,111250.60,49945.987
2025-05-22T16:00:00Z,111251.00,111959.50,110860.50,111136.10,34534.378
2025-05-22T20:00:00Z,111136.20,111692.90,110704.10,111662.70,16509.476
2025-05-23T00:00:00Z,111662.60,111770.40,110958.50,111044.00,22959.440
2025-05-23T04:00:00Z,111044.00,111143.30,110351.50,110685.20,23761.569
2025-05-23T08:00:00Z,110685.30,111348.00,108816.00,109033.20,45137.260
2025-05-23T12:00:00Z,109033.20,109969.60,107250.00,108892.40,108855.124
2025-05-23T16:00:00Z,108892.50,109760.00,107950.00,108659.40,46212.629
2025-05-23T20:00:00Z,108659.50,108677.20,106721.90,107271.50,32554.325
2025-05-24T00:00:00Z,107271.60,108330.60,106836.00,108306.80,24382.839
2025-05-24T04:00:00Z,108306.70,108520.00,107520.00,107550.60,21546.444
2025-05-24T08:00:00Z,107550.70,109440.20,107546.10,109152.20,34423.684
2025-05-24T12:00:00Z,109152.20,109227.10,108495.80,108889.20,29417.399
2025-05-24T16:00:00Z,108889.10,109165.80,108647.10,108912.70,18957.367
2025-05-24T20:00:00Z,108912.70,109084.80,107394.70,107698.90,36431.025
2025-05-25T00:00:00Z,107699.00,108210.00,107142.00,108045.40,24941.567
2025-05-25T04:00:00Z,108045.40,108250.10,107387.80,107637.10,14442.712
2025-05-25T08:00:00Z,107637.10,107650.50,106653.00,107214.00,32864.988
2025-05-25T12:00:00Z,107214.00,107698.40,106497.00,106927.90,33112.095
2025-05-25T16:00:00Z,106928.00,107888.00,106593.40,107656.30,14416.703
2025-05-25T20:00:00Z,107656.30,109285.10,107118.80,108955.90,39687.738
2025-05-26T00:00:00Z,108956.00,109856.00,108616.60,109587.00,31295.991
2025-05-26T04:00:00Z,109587.10,110197.90,109327.40,110049.90,21821.547
2025-05-26T08:00:00Z,110049.90,110138.80,109500.00,109736.70,14879.390
2025-05-26T12:00:00Z,109736.60,110400.00,109412.90,109963.20,30300.067
2025-05-26T16:00:00Z,109963.20,110394.70,108807.00,109074.30,34224.496
2025-05-26T20:00:00Z,109074.40,109863.20,108894.00,109386.80,14470.729
2025-05-27T00:00:00Z,109386.80,109633.80,107438.00,108844.90,51580.633
2025-05-27T04:00:00Z,108845.00,109600.00,108483.00,109488.00,24898.577
2025-05-27T08:00:00Z,109488.00,109861.50,109366.90,109541.80,22031.647
2025-05-27T12:00:00Z,109541.90,110700.00,108609.40,110091.30,77612.286
2025-05-27T16:00:00Z,110091.30,110459.70,109516.10,109822.80,27423.933
2025-05-27T20:00:00Z,109824.80,109857.60,108533.50,108889.30,20052.829
2025-05-28T00:00:00Z,108889.20,109252.60,108339.20,108807.60,20569.689
2025-05-28T04:00:00Z,108807.30,109040.70,108568.70,108764.90,12077.087
2025-05-28T08:00:00Z,108764.90,109076.20,108178.10,108821.40,25977.609
2025-05-28T12:00:00Z,108821.30,109012.00,107000.00,107065.50,53509.222
2025-05-28T16:00:00Z,107065.50,107793.00,106881.50,106894.10,25973.073
2025-05-28T20:00:00Z,106894.00,107999.00,106723.90,107723.10,20311.079
2025-05-29T00:00:00Z,107723.10,108450.00,107378.60,107996.40,22974.724
2025-05-29T04:00:00Z,107996.50,108056.80,106877.40,107839.40,21142.095
2025-05-29T08:00:00Z,107839.50,108860.00,107638.60,108740.00,27695.002
2025-05-29T12:00:00Z,108740.00,108772.90,106400.00,106972.50,66342.689
2025-05-29T16:00:00Z,106972.60,107121.10,105580.00,105699.20,52209.294
2025-05-29T20:00:00Z,105699.10,106415.00,105054.20,105539.90,22737.451
2025-05-30T00:00:00Z,105539.90,106175.90,104521.00,105978.80,41953.330
2025-05-30T04:00:00Z,105978.80,106266.00,104680.40,104997.50,28438.438
2025-05-30T08:00:00Z,104997.50,105940.10,104568.00,105827.40,35034.252
2025-05-30T12:00:00Z,105827.40,105949.10,105000.10,105504.00,38288.794
2025-05-30T16:00:00Z,105504.00,105531.50,103650.20,104597.60,52008.664
2025-05-30T20:00:00Z,104597.60,104849.90,103555.00,103950.00,23977.824
2025-05-31T00:00:00Z,103949.90,104259.40,103032.10,103640.10,32955.856
2025-05-31T04:00:00Z,103640.20,103863.60,103433.10,103700.60,11063.629
2025-05-31T08:00:00Z,103700.50,103770.20,103249.90,103460.90,10547.557
2025-05-31T12:00:00Z,103460.90,104800.00,103444.40,104497.10,29627.761
2025-05-31T16:00:00Z,104497.10,104743.80,104215.00,104653.90,11091.248
2025-05-31T20:00:00Z,104653.90,104859.30,104423.00,104544.70,8321.789
2025-06-01T00:00:00Z,104544.60,104599.60,103860.90,104336.40,14341.262
2025-06-01T04:00:00Z,104336.40,104700.00,104138.00,104231.00,9469.678
2025-06-01T08:00:00Z,104230.90,104410.50,103704.10,104038.00,15555.538
2025-06-01T12:00:00Z,104038.00,104760.00,103708.60,104664.00,16896.822
2025-06-01T16:00:00Z,104663.90,105285.00,104280.10,105075.20,24033.126
2025-06-01T20:00:00Z,105075.20,105823.60,104833.10,105583.30,17123.814
2025-06-02T00:00:00Z,105583.30,105700.00,104520.00,104781.80,17614.141
2025-06-02T04:00:00Z,104781.80,105398.50,104549.80,105346.40,15376.453
2025-06-02T08:00:00Z,105346.40,105900.00,103867.80,104000.00,39491.959
2025-06-02T12:00:00Z,104000.10,104646.10,103600.60,104396.80,42551.179
2025-06-02T16:00:00Z,104396.90,104699.40,103982.90,104366.40,15855.761
2025-06-02T20:00:00Z,104366.50,105893.80,104366.50,105814.30,27363.425
2025-06-03T00:00:00Z,105814.40,106470.80,105280.00,105448.80,29321.060
2025-06-03T04:00:00Z,105448.80,105475.40,105062.50,105134.40,12956.522
2025-06-03T08:00:00Z,105134.40,105305.20,104822.40,105240.10,12289.458
2025-06-03T12:00:00Z,105240.10,106775.00,104969.40,106556.10,42236.633
2025-06-03T16:00:00Z,106556.10,106619.60,105526.20,106171.80,25039.332
2025-06-03T20:00:00Z,106179.70,106208.00,105200.40,105330.10,17373.002
2025-06-04T00:00:00Z,105330.10,105800.00,105072.00,105474.90,15154.628
2025-06-04T04:00:00Z,105474.80,105566.40,105200.00,105260.20,9967.039
2025-06-04T08:00:00Z,105260.10,105967.20,105039.10,105044.10,22229.278
2025-06-04T12:00:00Z,105044.20,105510.20,104111.70,105254.70,44030.271
2025-06-04T16:00:00Z,105254.70,105437.80,104824.00,104870.40,14054.096
2025-06-04T20:00:00Z,104870.40,105006.30,104350.00,104641.80,13098.813
2025-06-05T00:00:00Z,104641.80,105225.60,104594.80,104991.40,11856.411
2025-06-05T04:00:00Z,104991.50,105183.00,104321.20,104473.00,15487.560
2025-06-05T08:00:00Z,104473.10,104880.00,104373.00,104772.70,10288.160
2025-06-05T12:00:00Z,104772.70,105878.30,103825.00,104490.50,68596.820
2025-06-05T16:00:00Z,104490.50,104547.90,101500.00,101872.90,76338.478
2025-06-05T20:00:00Z,101873.00,102163.90,100305.10,101458.60,63671.245
2025-06-06T00:00:00Z,101458.70,102464.70,101003.40,102444.90,24397.812
2025-06-06T04:00:00Z,102445.00,103424.50,102321.10,103096.80,28923.945
2025-06-06T08:00:00Z,103096.70,103953.90,103096.70,103866.00,24302.565
2025-06-06T12:00:00Z,103865.90,105283.00,103471.40,105035.40,61774.111
2025-06-06T16:00:00Z,105035.40,105240.00,104010.00,104176.90,25548.570
2025-06-06T20:00:00Z,104177.00,104574.90,104109.20,104240.00,9353.903
2025-06-07T00:00:00Z,104240.10,104856.00,103800.10,104822.40,15787.969
2025-06-07T04:00:00Z,104822.40,105293.00,104591.90,104813.60,13412.441
2025-06-07T08:00:00Z,104813.70,105222.00,104632.00,105094.50,10912.449
2025-06-07T12:00:00Z,105094.50,105758.80,105094.40,105507.90,19660.879
2025-06-07T16:00:00Z,105507.90,105850.00,105222.60,105694.20,13309.422
2025-06-07T20:00:00Z,105694.10,105878.30,105482.70,105507.50,6750.013
2025-06-08T00:00:00Z,105507.50,105760.50,105347.00,105436.40,8070.070
2025-06-08T04:00:00Z,105436.50,105617.20,105358.20,105380.40,5648.935
2025-06-08T08:00:00Z,105380.50,105666.60,104927.40,105619.20,15763.690
2025-06-08T12:00:00Z,105619.20,106200.00,105450.00,105917.50,19486.972
2025-06-08T16:00:00Z,105917.60,106300.00,105888.50,106242.60,13202.730
2025-06-08T20:00:00Z,106242.60,106482.60,105511.00,105676.50,12932.707
2025-06-09T00:00:00Z,105676.50,105929.80,105253.20,105617.00,12640.840
2025-06-09T04:00:00Z,105617.00,105685.70,105265.00,105516.70,8731.330
2025-06-09T08:00:00Z,105516.70,107774.80,105429.20,107707.90,49256.420
2025-06-09T12:00:00Z,107707.80,107985.00,106800.30,107564.30,43730.983
2025-06-09T16:00:00Z,107564.30,108791.80,107563.40,108515.10,31629.447
2025-06-09T20:00:00Z,108515.10,110653.60,108383.00,110227.90,46967.389
2025-06-10T00:00:00Z,110228.00,110280.00,109340.00,109525.80,20879.389
2025-06-10T04:00:00Z,109525.90,109690.80,109041.10,109178.00,17640.424
2025-06-10T08:00:00Z,109178.10,109800.00,109010.20,109498.10,22098.840
2025-06-10T12:00:00Z,109498.00,109852.90,108282.00,108975.30,44120.927
2025-06-10T16:00:00Z,108975.20,110367.20,108467.50,109460.00,29872.958
2025-06-10T20:00:00Z,109460.10,110265.50,109189.00,110235.40,17604.436
2025-06-11T00:00:00Z,110235.40,110247.00,109500.00,109664.10,12285.286
2025-06-11T04:00:00Z,109664.10,109715.40,109322.00,109396.90,9255.542
2025-06-11T08:00:00Z,109396.90,109629.30,109133.80,109200.10,11892.147
2025-06-11T12:00:00Z,109200.10,110350.00,108950.10,109694.80,47346.710
2025-06-11T16:00:00Z,109694.90,109776.50,108331.70,108684.50,33333.871
2025-06-11T20:00:00Z,108684.50,109164.80,108001.20,108600.00,20308.765
2025-06-12T00:00:00Z,108600.10,108782.10,107650.00,107820.50,24193.834
2025-06-12T04:00:00Z,107820.50,107951.00,107300.00,107577.00,17432.701
2025-06-12T08:00:00Z,107577.00,107798.00,106830.00,106862.90,20489.988
2025-06-12T12:00:00Z,106862.90,107769.10,106539.10,106960.60,44438.417
2025-06-12T16:00:00Z,106960.60,108398.40,106621.00,106749.60,36093.638
2025-06-12T20:00:00Z,106749.50,106929.90,105602.00,105609.50,43141.612
2025-06-13T00:00:00Z,105609.40,105661.00,102614.00,104233.90,98662.526
2025-06-13T04:00:00Z,104233.90,104891.40,103733.70,104831.40,27313.357
2025-06-13T08:00:00Z,104831.40,105459.70,104360.00,104989.90,28154.767
2025-06-13T12:00:00Z,104990.00,105750.00,104069.50,105391.90,46774.893
2025-06-13T16:00:00Z,105392.00,105912.00,104607.00,105050.00,31938.527
2025-06-13T20:00:00Z,105050.10,106141.10,104963.10,106027.30,13091.343
2025-06-14T00:00:00Z,106027.30,106173.60,105150.10,105189.40,16567.596
2025-06-14T04:00:00Z,105189.30,105374.90,104738.70,105025.10,9863.730
2025-06-14T08:00:00Z,105025.00,105088.00,104772.30,105030.60,7912.806
2025-06-14T12:00:00Z,105030.50,105084.20,104570.00,104783.40,11378.285
2025-06-14T16:00:00Z,104783.40,105011.00,104290.00,104582.30,18623.517
2025-06-14T20:00:00Z,104584.20,105438.00,104225.40,105359.90,15565.636
2025-06-15T00:00:00Z,105359.80,105631.60,105208.70,105425.60,7896.238
2025-06-15T04:00:00Z,105425.60,106099.40,105137.00,105374.10,16601.294
2025-06-15T08:00:00Z,105374.20,105444.90,104812.20,104924.50,10938.222
2025-06-15T12:00:00Z,104924.60,105810.60,104900.00,105526.00,16414.581
2025-06-15T16:00:00Z,105525.90,105744.00,104999.90,105252.00,10211.904
2025-06-15T20:00:00Z,105251.90,105571.40,104399.90,105534.60,16757.160
2025-06-16T00:00:00Z,105534.70,105927.00,104920.00,105865.60,17792.791
2025-06-16T04:00:00Z,105865.60,107250.00,105817.30,107023.80,30100.727
2025-06-16T08:00:00Z,107023.80,107199.90,106540.00,106842.50,16343.835
2025-06-16T12:00:00Z,106842.60,107759.80,106446.60,107374.90,32297.364
2025-06-16T16:00:00Z,107375.00,108882.00,107258.00,108594.20,31766.821
2025-06-16T20:00:00Z,108594.20,108900.00,106640.10,106750.10,38511.681
2025-06-17T00:00:00Z,106750.10,107727.40,106068.00,107553.30,37289.670
2025-06-17T04:00:00Z,107553.30,107655.60,106413.40,106711.10,17587.099
2025-06-17T08:00:00Z,106711.00,106785.20,105461.40,105592.90,28139.512
2025-06-17T12:00:00Z,105592.90,105816.50,104068.00,104199.20,60675.190
2025-06-17T16:00:00Z,104199.20,105288.00,103300.00,104630.60,58959.759
2025-06-17T20:00:00Z,104630.50,104865.80,104143.40,104508.00,23400.633
2025-06-18T00:00:00Z,104508.00,105192.20,104312.20,105132.20,14529.003
2025-06-18T04:00:00Z,105132.10,105500.00,104660.00,104925.70,17150.860
2025-06-18T08:00:00Z,104925.60,105276.80,104111.40,104791.20,24837.186
2025-06-18T12:00:00Z,104791.10,105300.00,103750.00,104744.20,52718.894
2025-06-18T16:00:00Z,104744.20,104795.00,103426.10,103773.30,44220.997
2025-06-18T20:00:00Z,103773.30,105098.00,103601.50,104832.80,19249.459
2025-06-19T00:00:00Z,104832.80,105185.70,104364.50,105054.40,15050.881
2025-06-19T04:00:00Z,105054.40,105184.00,104560.60,104585.90,12630.633
2025-06-19T08:00:00Z,104585.80,105032.10,104570.10,104717.70,9030.799
2025-06-19T12:00:00Z,104717.80,104861.00,104021.30,104055.10,21664.367
2025-06-19T16:00:00Z,104055.20,104795.20,103870.30,104202.60,19357.697
2025-06-19T20:00:00Z,104202.60,104869.40,104094.60,104607.10,9976.228
2025-06-20T00:00:00Z,104607.10,104770.00,104338.50,104555.10,8187.275
2025-06-20T04:00:00Z,104555.00,105765.80,104185.30,105763.50,22781.587
2025-06-20T08:00:00Z,105763.60,106486.20,105715.00,105928.60,35129.800
2025-06-20T12:00:00Z,105928.70,106111.90,103805.90,104168.50,58185.489
2025-06-20T16:00:00Z,104168.50,104221.00,102255.30,103263.90,58187.934
2025-06-20T20:00:00Z,103263.80,103796.80,102903.60,103246.10,16630.050
2025-06-21T00:00:00Z,103246.10,103641.00,103067.70,103434.50,8659.610
2025-06-21T04:00:00Z,103434.60,103550.00,103268.60,103402.20,6144.184
2025-06-21T08:00:00Z,103402.10,103940.60,103401.90,103827.50,12050.220
2025-06-21T12:00:00Z,103827.50,103899.00,103222.70,103516.70,17939.107
2025-06-21T16:00:00Z,103516.70,103600.00,102128.20,102207.50,22756.187
2025-06-21T20:00:00Z,102207.50,102849.20,100789.90,102079.80,53222.042
2025-06-22T00:00:00Z,102079.80,103362.60,101781.80,102340.00,46913.542
2025-06-22T04:00:00Z,102340.00,102910.70,102220.90,102399.00,16170.421
2025-06-22T08:00:00Z,102399.10,102770.60,102022.50,102693.70,14959.174
2025-06-22T12:00:00Z,102693.70,102789.70,98786.90,98849.90,119443.671
2025-06-22T16:00:00Z,98849.70,100348.70,98608.90,98829.70,44659.100
2025-06-22T20:00:00Z,98829.70,100993.50,98115.40,100904.70,51416.728
2025-06-23T00:00:00Z,100904.70,101580.60,100425.60,101104.40,27455.568
2025-06-23T04:00:00Z,101104.30,102155.10,100899.30,101874.50,23144.867
2025-06-23T08:00:00Z,101874.40,102028.90,101071.10,101248.50,18847.037
2025-06-23T12:00:00Z,101248.40,102596.50,100749.80,101369.70,54410.602
2025-06-23T16:00:00Z,101369.60,103273.70,99547.60,103114.20,96846.702
2025-06-23T20:00:00Z,103114.20,106050.00,102818.40,105290.90,76517.265
2025-06-24T00:00:00Z,105291.00,105454.10,104658.00,104870.00,22863.359
2025-06-24T04:00:00Z,104870.00,105775.90,104651.40,104891.80,27514.690
2025-06-24T08:00:00Z,104891.80,105525.00,104570.80,105134.60,23689.654
2025-06-24T12:00:00Z,105134.50,105675.00,104750.00,105184.40,32530.670
2025-06-24T16:00:00Z,105184.30,106239.00,105125.30,105582.10,27242.579
2025-06-24T20:00:00Z,105582.10,106073.90,105382.40,106034.90,10608.935
2025-06-25T00:00:00Z,106034.90,106750.90,105755.60,106177.00,25837.304
2025-06-25T04:00:00Z,106176.90,106664.20,105949.20,106547.50,11857.788
2025-06-25T08:00:00Z,106547.50,107187.60,106286.50,107136.30,25270.696
2025-06-25T12:00:00Z,107136.30,108095.70,106700.00,106982.60,62655.746
2025-06-25T16:00:00Z,106982.70,107863.10,106859.00,107698.20,20971.111
2025-06-25T20:00:00Z,107698.10,107965.90,107022.60,107280.00,12685.178
2025-06-26T00:00:00Z,107280.10,108249.90,107041.40,107809.30,21442.778
2025-06-26T04:00:00Z,107809.40,108044.90,107467.60,107768.50,10862.684
2025-06-26T08:00:00Z,107768.60,108135.00,107050.00,107272.80,17852.704
2025-06-26T12:00:00Z,107272.80,107724.50,106500.00,107260.00,33276.670
2025-06-26T16:00:00Z,107259.90,107630.80,106952.00,107476.10,13297.913
2025-06-26T20:00:00Z,107476.00,107971.30,106789.90,106913.70,17700.637
2025-06-27T00:00:00Z,106913.80,107462.50,106345.20,107428.00,15903.805
2025-06-27T04:00:00Z,107428.10,107686.00,106801.00,106816.90,13995.556
2025-06-27T08:00:00Z,106816.90,107125.90,106616.80,106943.70,18756.592
2025-06-27T12:00:00Z,106943.70,107378.60,106313.10,107261.30,34011.743
2025-06-27T16:00:00Z,107261.20,107659.90,106373.30,106748.10,27344.038
2025-06-27T20:00:00Z,106748.20,107232.10,106736.70,107010.70,8625.716
2025-06-28T00:00:00Z,107010.60,107313.40,106767.00,107248.00,8573.672
2025-06-28T04:00:00Z,107248.00,107458.40,107127.20,107433.00,5266.941
2025-06-28T08:00:00Z,107433.10,107450.00,107194.70,107320.30,5080.545
2025-06-28T12:00:00Z,107320.20,107538.00,107039.80,107407.60,6987.810
2025-06-28T16:00:00Z,107407.70,107494.00,107157.00,107162.50,6567.659
2025-06-28T20:00:00Z,107162.50,107324.80,107096.70,107241.00,3193.792
2025-06-29T00:00:00Z,107240.90,107464.00,107112.60,107156.50,6341.251
2025-06-29T04:00:00Z,107156.50,107372.60,107156.40,107367.20,3360.312
2025-06-29T08:00:00Z,107367.30,108460.00,107351.60,108448.30,25224.949
2025-06-29T12:00:00Z,108448.30,108499.00,107580.60,107686.90,14699.842
2025-06-29T16:00:00Z,107686.90,107735.70,107233.10,107346.50,13327.099
2025-06-29T20:00:00Z,107346.50,108400.00,107203.80,108309.80,16494.872
2025-06-30T00:00:00Z,108309.80,108783.90,108193.50,108466.70,16475.112
2025-06-30T04:00:00Z,108466.80,108500.00,107427.50,107562.60,20237.325
2025-06-30T08:00:00Z,107562.60,107916.60,107320.00,107608.10,14358.165
2025-06-30T12:00:00Z,107608.10,107821.80,106686.40,107525.60,38964.361
2025-06-30T16:00:00Z,107525.70,107775.00,107057.90,107689.60,15502.118
2025-06-30T20:00:00Z,107689.60,107714.90,106863.80,107087.40,9144.305
2025-07-01T00:00:00Z,107087.30,107499.90,106972.90,107149.40,9332.538
2025-07-01T04:00:00Z,107149.40,107164.50,106557.40,107134.90,15896.580
2025-07-01T08:00:00Z,107134.80,107139.10,106222.00,106556.80,16028.372
2025-07-01T12:00:00Z,106556.80,107140.70,105578.00,105908.30,45292.146
2025-07-01T16:00:00Z,105908.30,106248.60,105333.00,105340.10,21726.122
2025-07-01T20:00:00Z,105340.10,106066.10,105182.60,105637.90,12158.643
2025-07-02T00:00:00Z,105637.90,106165.10,105010.00,106140.00,15209.233
2025-07-02T04:00:00Z,106140.00,107144.40,106074.20,107026.00,21402.727
2025-07-02T08:00:00Z,107026.10,107799.90,107026.10,107439.60,30093.388
2025-07-02T12:00:00Z,107439.70,108754.60,107132.30,108695.30,42934.441
2025-07-02T16:00:00Z,108695.40,109690.40,108603.90,109621.90,52472.299
2025-07-02T20:00:00Z,109621.80,109621.90,108682.50,108800.00,15455.173
2025-07-03T00:00:00Z,108800.00,109075.10,108480.60,108594.80,12861.074
2025-07-03T04:00:00Z,108594.80,109516.30,108509.10,109235.00,16803.208
2025-07-03T08:00:00Z,109234.90,110265.10,109234.90,109551.00,26021.311
2025-07-03T12:00:00Z,109551.10,110484.00,108706.00,109089.80,60448.794
2025-07-03T16:00:00Z,109089.90,109865.90,108966.00,109743.90,17643.766
2025-07-03T20:00:00Z,109743.80,109963.10,109488.80,109545.20,7709.844
2025-07-04T00:00:00Z,109545.10,109732.30,109050.00,109195.60,10659.199
2025-07-04T04:00:00Z,109195.70,109283.20,108661.00,108661.00,15465.862
2025-07-04T08:00:00Z,108661.10,109071.10,108456.40,108842.30,16634.811
2025-07-04T12:00:00Z,108842.20,108929.30,107436.00,107534.70,48983.286
2025-07-04T16:00:00Z,107534.60,107868.60,107200.00,107429.60,28292.819
2025-07-04T20:00:00Z,107429.60,108229.00,107385.90,107935.40,12269.870
2025-07-05T00:00:00Z,107935.30,108218.00,107688.30,108093.50,7916.035
2025-07-05T04:00:00Z,108093.40,108368.10,107946.10,108000.90,7573.066
2025-07-05T08:00:00Z,108000.80,108175.00,107828.10,108059.10,5891.798
2025-07-05T12:00:00Z,108059.20,108194.40,107908.80,108012.70,5090.317
2025-07-05T16:00:00Z,108012.60,108130.70,107809.20,108092.10,6157.434
2025-07-05T20:00:00Z,108092.20,108183.80,107930.10,108153.40,4032.298
2025-07-06T00:00:00Z,108153.40,108211.00,107968.10,107996.30,4372.140
2025-07-06T04:00:00Z,107996.20,108180.00,107901.00,107991.30,3924.309
2025-07-06T08:00:00Z,107991.40,108087.20,107743.40,108017.30,7597.263
2025-07-06T12:00:00Z,108017.30,109079.10,107984.70,108856.80,25569.419
2025-07-06T16:00:00Z,108856.80,108917.00,108209.60,108493.80,10930.018
2025-07-06T20:00:00Z,108493.80,109684.70,108477.90,109145.80,19995.454
2025-07-07T00:00:00Z,109145.80,109667.30,108622.60,109348.90,15642.606
2025-07-07T04:00:00Z,109349.00,109409.70,108611.00,109016.30,11504.510
2025-07-07T08:00:00Z,109016.30,109041.20,108525.00,108599.90,12004.305
2025-07-07T12:00:00Z,108599.80,108612.20,107903.20,108249.00,30362.595
2025-07-07T16:00:00Z,108248.90,108460.80,107456.00,107999.90,28556.766
2025-07-07T20:00:00Z,107999.90,108250.10,107728.50,108203.90,8326.796
2025-07-08T00:00:00Z,108203.90,108475.00,107400.00,107852.60,17984.307
2025-07-08T04:00:00Z,107852.50,108445.80,107696.50,108440.70,10189.634
2025-07-08T08:00:00Z,108440.70,108964.10,108172.40,108713.10,15943.556
2025-07-08T12:00:00Z,108713.20,109180.00,108151.00,108217.00,24144.169
2025-07-08T16:00:00Z,108217.00,109115.40,108041.00,108723.60,20875.072
2025-07-08T20:00:00Z,108723.60,108928.00,108570.10,108873.10,6019.289
2025-07-09T00:00:00Z,108873.20,109107.40,108284.20,108311.90,11601.542
2025-07-09T04:00:00Z,108311.90,108900.00,108273.50,108674.80,9998.912
2025-07-09T08:00:00Z,108674.70,109074.00,108510.00,109008.30,9544.375
2025-07-09T12:00:00Z,109008.30,109738.50,108429.00,109020.00,44231.698
2025-07-09T16:00:00Z,109019.90,112036.80,108975.90,111718.80,55843.017
2025-07-09T20:00:00Z,111718.80,111931.50,110508.00,111199.90,36615.187
2025-07-10T00:00:00Z,111199.80,111548.30,110834.60,111028.20,13062.149
2025-07-10T04:00:00Z,111028.30,111399.70,110894.20,111186.10,10503.767
2025-07-10T08:00:00Z,111186.20,111370.30,110800.00,110972.20,12366.984
2025-07-10T12:00:00Z,110972.10,111363.50,110432.20,111350.00,29486.905
2025-07-10T16:00:00Z,111350.00,113760.00,111267.70,113246.10,78710.069
2025-07-10T20:00:00Z,113246.10,117500.00,113208.40,115979.20,81440.339
2025-07-11T00:00:00Z,115979.20,116945.80,115186.70,116839.50,29918.240
2025-07-11T04:00:00Z,116839.50,118395.90,116429.20,117522.70,57156.787
2025-07-11T08:00:00Z,117522.70,118882.80,117522.70,117790.10,30866.366
2025-07-11T12:00:00Z,117790.00,118226.00,116725.10,116910.30,41834.893
2025-07-11T16:00:00Z,116910.30,118128.00,116611.10,118072.70,25630.995
2025-07-11T20:00:00Z,118072.70,118072.70,117130.00,117500.00,14412.076
2025-07-12T00:00:00Z,117500.00,117818.60,117055.00,117730.00,8464.791
2025-07-12T04:00:00Z,117730.00,118036.70,117454.90,117689.70,9786.843
2025-07-12T08:00:00Z,117689.60,118176.90,117579.80,117773.60,10654.146
2025-07-12T12:00:00Z,117773.50,117819.80,116862.40,117075.60,20538.261
2025-07-12T16:00:00Z,117075.60,117609.40,117012.00,117525.70,8165.529
2025-07-12T20:00:00Z,117525.70,117527.80,116960.00,117389.30,6112.902
2025-07-13T00:00:00Z,117389.40,117794.70,117164.30,117711.50,7178.918
2025-07-13T04:00:00Z,117711.60,118040.80,117639.70,117950.00,7310.041
2025-07-13T08:00:00Z,117950.00,118058.30,117641.30,118036.10,6329.781
2025-07-13T12:00:00Z,118036.00,119655.00,117933.40,118610.60,39022.920
2025-07-13T16:00:00Z,118610.60,119454.90,118325.40,118923.00,14954.202
2025-07-13T20:00:00Z,118922.90,119333.00,118197.70,119038.30,15256.519
2025-07-14T00:00:00Z,119038.30,121800.00,118862.60,120733.20,43343.170
2025-07-14T04:00:00Z,120733.20,123300.00,120515.90,122731.00,55896.715
2025-07-14T08:00:00Z,122731.00,122772.70,121357.00,121474.50,26389.017
2025-07-14T12:00:00Z,121474.50,122113.90,119590.90,119863.10,50636.426
2025-07-14T16:00:00Z,119863.10,120510.90,119200.00,119920.00,31947.629
2025-07-14T20:00:00Z,119920.30,120430.00,119505.00,119816.50,13343.163
2025-07-15T00:00:00Z,119816.50,119919.40,116870.00,117209.20,58092.182
2025-07-15T04:00:00Z,117209.20,117761.30,116227.00,116777.10,43592.968
2025-07-15T08:00:00Z,116777.10,117229.90,116300.00,117110.40,23334.349
2025-07-15T12:00:00Z,117110.40,118499.80,115678.10,116393.00,79630.187
2025-07-15T16:00:00Z,116393.10,117727.40,116050.00,116428.90,45663.410
2025-07-15T20:00:00Z,116428.80,117965.60,116189.00,117738.50,19664.350
2025-07-16T00:00:00Z,117738.60,118208.60,117017.10,117477.60,17005.915
2025-07-16T04:00:00Z,117477.70,118297.10,117252.20,118181.20,14568.033
2025-07-16T08:00:00Z,118181.20,119299.90,118113.60,118755.10,24815.797
2025-07-16T12:00:00Z,118755.10,119786.70,118156.00,119056.00,52951.251
2025-07-16T16:00:00Z,119055.90,119888.00,118430.30,119186.70,27062.815
2025-07-16T20:00:00Z,119186.70,120100.00,118359.40,118590.70,22762.137
2025-07-17T00:00:00Z,118590.70,119151.30,117663.60,118090.90,24347.198
2025-07-17T04:00:00Z,118090.80,118763.40,117810.40,118293.90,15838.307
2025-07-17T08:00:00Z,118293.80,119216.40,117915.20,117968.90,19524.523
2025-07-17T12:00:00Z,117968.80,119100.00,117412.80,118875.00,33485.560
2025-07-17T16:00:00Z,118875.00,119879.10,118293.60,118948.80,24071.418
2025-07-17T20:00:00Z,118948.80,120951.50,118343.20,119176.60,47007.395
2025-07-18T00:00:00Z,119176.50,120799.00,119003.80,120212.80,22719.763
2025-07-18T04:00:00Z,120212.80,120846.10,119300.00,119356.60,21765.573
2025-07-18T08:00:00Z,119356.50,119483.20,118384.60,119175.50,27047.111
2025-07-18T12:00:00Z,119175.50,119519.80,117230.70,117830.00,46533.252
2025-07-18T16:00:00Z,117830.10,118053.50,117109.40,117361.60,20948.078
2025-07-18T20:00:00Z,117361.70,118000.00,116788.90,117896.40,23233.129
2025-07-19T00:00:00Z,117896.50,118340.70,117588.00,118295.20,9844.745
2025-07-19T04:00:00Z,118295.30,118337.50,118013.20,118135.00,5699.452
2025-07-19T08:00:00Z,118134.90,118456.00,117904.00,118300.00,7488.051
2025-07-19T12:00:00Z,118300.00,118301.40,117615.30,118025.60,11576.241
2025-07-19T16:00:00Z,118025.60,118149.80,117562.10,117978.30,8300.911
2025-07-19T20:00:00Z,117978.40,118125.70,117245.90,117814.40,9621.793
2025-07-20T00:00:00Z,117814.30,118158.70,117618.00,117934.10,7587.220
2025-07-20T04:00:00Z,117934.20,118214.00,117736.30,117984.30,5749.199
2025-07-20T08:00:00Z,117984.30,118261.60,117801.00,117869.20,9129.395
2025-07-20T12:00:00Z,117869.20,118794.00,117701.10,118669.30,17153.006
2025-07-20T16:00:00Z,118669.40,118856.60,117912.80,118131.20,13641.525
2025-07-20T20:00:00Z,118131.20,118245.30,116370.10,117216.00,29120.237
2025-07-21T00:00:00Z,117216.10,118585.00,116454.10,118374.80,21656.729
2025-07-21T04:00:00Z,118374.80,119720.60,118144.00,119352.20,21794.769
2025-07-21T08:00:00Z,119352.30,119496.20,118035.00,118045.00,19078.201
2025-07-21T12:00:00Z,118044.90,119200.00,117726.70,118304.10,33398.891
2025-07-21T16:00:00Z,118304.20,118381.00,116600.00,116724.70,33604.587
2025-07-21T20:00:00Z,116724.70,117596.60,116566.90,117330.20,12352.671
2025-07-22T00:00:00Z,117330.20,117947.10,115865.00,117177.00,31111.146
2025-07-22T04:00:00Z,117176.90,118554.90,116484.20,117959.50,25633.459
2025-07-22T08:00:00Z,117959.50,119199.90,117441.50,119142.20,26898.785
2025-07-22T12:00:00Z,119142.20,119582.30,117522.00,118899.80,51696.429
2025-07-22T16:00:00Z,118899.80,120300.10,118377.00,119286.50,36767.964
2025-07-22T20:00:00Z,119286.60,120264.80,119207.50,119993.70,14724.667
2025-07-23T00:00:00Z,119993.70,120146.50,118522.00,118620.80,18660.208
2025-07-23T04:00:00Z,118620.70,118997.70,118236.10,118327.00,14724.267
2025-07-23T08:00:00Z,118326.90,118586.30,117789.20,118484.80,20516.010
2025-07-23T12:00:00Z,118484.70,118687.10,117259.70,118531.00,37596.998
2025-07-23T16:00:00Z,118530.90,118530.90,117250.00,118344.40,22578.767
2025-07-23T20:00:00Z,118344.40,118725.30,117319.00,118713.50,22910.647
2025-07-24T00:00:00Z,118713.40,119265.40,118425.30,118451.50,19395.181
2025-07-24T04:00:00Z,118451.60,118542.50,117050.20,118368.00,33247.023
2025-07-24T08:00:00Z,118368.10,118789.30,117923.00,118558.00,21819.142
2025-07-24T12:00:00Z,118558.00,119469.90,117773.10,119074.10,34069.135
2025-07-24T16:00:00Z,119074.10,119376.90,118306.00,118902.00,19232.517
2025-07-24T20:00:00Z,118902.00,118953.90,118112.00,118294.30,9614.615
2025-07-25T00:00:00Z,118294.40,118410.80,115300.00,115384.60,67458.100
2025-07-25T04:00:00Z,115384.70,116100.00,114667.30,115288.80,58534.653
2025-07-25T08:00:00Z,115288.90,116759.60,115000.00,116504.60,44704.838
2025-07-25T12:00:00Z,116504.60,116629.00,114846.10,115687.40,47785.037
2025-07-25T16:00:00Z,115687.40,116989.90,115413.10,116649.60,22061.427
2025-07-25T20:00:00Z,116649.60,117615.30,116530.00,117583.50,19842.699
2025-07-26T00:00:00Z,117583.40,117740.60,117114.20,117455.80,11547.475
2025-07-26T04:00:00Z,117455.80,117515.90,117288.00,117288.10,5970.020
2025-07-26T08:00:00Z,117288.00,118229.70,117288.00,117758.00,16554.074
2025-07-26T12:00:00Z,117758.10,118211.80,117755.00,118111.10,10334.632
2025-07-26T16:00:00Z,118111.10,118300.00,117917.70,118209.00,6040.431
2025-07-26T20:00:00Z,118209.10,118289.30,117846.10,117889.20,6771.972
2025-07-27T00:00:00Z,117889.30,118356.00,117800.80,118162.00,6261.936
2025-07-27T04:00:00Z,118161.90,118432.10,118041.60,118083.60,5969.934
2025-07-27T08:00:00Z,118083.50,118273.80,117822.20,118053.40,8614.694
2025-07-27T12:00:00Z,118053.30,118583.20,117850.00,118580.80,14083.048
2025-07-27T16:00:00Z,118580.90,119550.00,118580.80,118953.30,27165.447
2025-07-27T20:00:00Z,118953.30,119766.00,118709.20,119423.40,13883.900
2025-07-28T00:00:00Z,119423.50,119812.00,118949.90,119269.70,14577.544
2025-07-28T04:00:00Z,119269.60,119692.00,118742.00,118873.20,13369.059
2025-07-28T08:00:00Z,118873.10,119091.20,118471.30,118813.30,12578.189
2025-07-28T12:00:00Z,118813.40,119085.00,117900.00,118152.80,33484.739
2025-07-28T16:00:00Z,118152.90,118363.00,117388.00,118050.00,22310.897
2025-07-28T20:00:00Z,118050.00,118329.80,117466.10,118041.40,10391.901
2025-07-29T00:00:00Z,118041.50,118777.00,117406.30,118745.60,16848.829
2025-07-29T04:00:00Z,118745.60,119258.70,118377.10,118856.20,13443.520
2025-07-29T08:00:00Z,118856.20,119019.60,118119.10,118560.00,12770.764
2025-07-29T12:00:00Z,118560.00,119050.00,117218.70,117345.70,34225.744
2025-07-29T16:00:00Z,117345.70,118019.30,116923.00,117484.90,24192.938
2025-07-29T20:00:00Z,117485.50,117951.00,117044.10,117897.00,13781.668
2025-07-30T00:00:00Z,117897.10,118210.00,117363.00,118106.50,9850.102
2025-07-30T04:00:00Z,118106.50,118384.60,117616.10,118083.10,9746.446
2025-07-30T08:00:00Z,118083.20,118451.30,117291.60,117526.70,15902.454
2025-07-30T12:00:00Z,117526.60,118763.50,117300.60,117950.00,28851.628
2025-07-30T16:00:00Z,117949.90,117995.40,115700.00,116865.20,46229.505
2025-07-30T20:00:00Z,116865.20,117866.40,116829.80,117771.00,14337.722
2025-07-31T00:00:00Z,117771.10,118590.00,117713.50,118429.00,17973.204
2025-07-31T04:00:00Z,118429.00,118910.00,118238.70,118624.10,12172.541
2025-07-31T08:00:00Z,118624.00,118728.00,118246.80,118330.90,8609.962
2025-07-31T12:00:00Z,118330.90,118684.40,117783.30,118259.30,26860.019
2025-07-31T16:00:00Z,118259.40,118850.00,116691.10,116718.90,34611.488
2025-07-31T20:00:00Z,116718.90,116927.80,115373.90,115697.30,34810.253
2025-08-01T00:00:00Z,115697.30,116000.00,114239.00,115595.70,42604.847
2025-08-01T04:00:00Z,115595.60,115873.40,114579.50,115015.10,21214.534
2025-08-01T08:00:00Z,115015.10,115291.10,114055.60,115246.60,26589.382
2025-08-01T12:00:00Z,115246.50,115956.00,113871.10,115305.30,54800.767
2025-08-01T16:00:00Z,115305.30,115656.80,113173.70,113278.50,46088.416
2025-08-01T20:00:00Z,113278.40,114039.00,112660.00,113244.80,29984.153
2025-08-02T00:00:00Z,113244.80,113873.70,113145.00,113859.90,11027.075
2025-08-02T04:00:00Z,113860.00,114000.00,113415.80,113919.90,11938.326
2025-08-02T08:00:00Z,113920.00,113988.00,113370.00,113732.50,10218.835
2025-08-02T12:00:00Z,113732.60,113740.50,112769.20,112798.60,18494.393
2025-08-02T16:00:00Z,112798.60,113388.90,111910.00,112175.50,36337.074
2025-08-02T20:00:00Z,112175.50,113022.50,112007.90,112508.80,14443.745
2025-08-03T00:00:00Z,112508.80,113694.00,111850.00,113550.90,17961.770
2025-08-03T04:00:00Z,113550.90,113676.40,113285.70,113647.20,6301.771
2025-08-03T08:00:00Z,113647.20,114200.00,113492.50,113810.10,11023.459
2025-08-03T12:00:00Z,113810.00,114049.80,113529.60,113904.30,10900.396
2025-08-03T16:00:00Z,113904.30,114730.00,113727.80,114259.00,10570.464
2025-08-03T20:00:00Z,114259.10,114567.30,114011.30,114150.80,6426.009
2025-08-04T00:00:00Z,114150.90,114963.40,114053.80,114520.20,12295.237
2025-08-04T04:00:00Z,114520.30,114739.30,114089.00,114607.00,9279.797
2025-08-04T08:00:00Z,114607.00,114715.00,114166.00,114450.00,7637.669
2025-08-04T12:00:00Z,114450.10,115431.60,114070.00,114766.30,27575.335
2025-08-04T16:00:00Z,114766.40,115686.00,114681.10,114724.00,17022.068
2025-08-04T20:00:00Z,114724.00,115299.00,114580.40,115002.10,9518.485
2025-08-05T00:00:00Z,115002.10,115073.30,114213.60,114215.00,10318.429
2025-08-05T04:00:00Z,114214.90,114468.10,113650.00,113924.70,16889.881
2025-08-05T08:00:00Z,113924.70,115057.00,113869.50,114782.00,15542.383
2025-08-05T12:00:00Z,114782.10,114860.10,112582.40,112871.80,48789.021
2025-08-05T16:00:00Z,112871.70,113731.70,112755.10,113573.10,16283.201
2025-08-05T20:00:00Z,113573.80,114178.40,113240.10,114069.60,11493.513
2025-08-06T00:00:00Z,114069.60,114091.30,113355.50,113470.10,9186.999
2025-08-06T04:00:00Z,113470.20,114390.20,113304.50,114179.20,14343.657
2025-08-06T08:00:00Z,114179.20,114372.70,113663.30,114188.00,11807.499
2025-08-06T12:00:00Z,114187.90,115488.00,113520.00,115366.30,37775.792
2025-08-06T16:00:00Z,115366.20,115674.20,114867.00,115215.10,18625.447
2025-08-06T20:00:00Z,115215.00,115228.50,114732.80,114941.00,6859.276
2025-08-07T00:00:00Z,114941.00,115144.00,114333.60,114500.80,10847.644
2025-08-07T04:00:00Z,114500.90,114834.40,114211.40,114751.10,10679.936
2025-08-07T08:00:00Z,114751.20,116782.60,114750.00,116469.10,40981.265
2025-08-07T12:00:00Z,116469.10,116747.60,115950.10,116634.60,24976.017
2025-08-07T16:00:00Z,116634.60,117487.20,115555.20,117407.60,31486.178
2025-08-07T20:00:00Z,117407.50,117580.00,116942.20,117419.90,15438.015
2025-08-08T00:00:00Z,117419.90,117591.80,116639.90,116692.20,17323.039
2025-08-08T04:00:00Z,116692.20,116917.10,116342.00,116772.00,10920.557
2025-08-08T08:00:00Z,116772.00,116880.00,116256.00,116840.50,10056.008
2025-08-08T12:00:00Z,116840.60,117229.90,115850.00,116162.00,25731.574
2025-08-08T16:00:00Z,116162.10,116863.90,115949.90,116384.40,18032.069
2025-08-08T20:00:00Z,116384.40,116941.50,116250.00,116628.20,7765.364
2025-08-09T00:00:00Z,116628.20,116703.60,116304.00,116331.50,5712.949
2025-08-09T04:00:00Z,116331.60,116950.10,116309.00,116703.20,14934.749
2025-08-09T08:00:00Z,116703.30,117906.70,116700.00,117064.90,25544.616
2025-08-09T12:00:00Z,117065.00,117200.00,116600.00,116835.60,13944.013
2025-08-09T16:00:00Z,116835.50,116900.90,116458.10,116499.90,7593.202
2025-08-09T20:00:00Z,116499.90,117000.00,116350.00,116422.10,10195.005
2025-08-10T00:00:00Z,116422.10,118500.00,116413.20,118480.10,34945.874
2025-08-10T04:00:00Z,118480.00,118738.00,117342.00,117770.00,29066.653
2025-08-10T08:00:00Z,117770.00,118489.90,117568.90,118295.90,16040.238
2025-08-10T12:00:00Z,118295.90,119094.00,118192.60,118766.00,22868.048
2025-08-10T16:00:00Z,118766.00,118917.40,118395.80,118624.50,7283.134
2025-08-10T20:00:00Z,118624.60,119291.90,118010.00,119255.30,20127.832
2025-08-11T00:00:00Z,119255.30,122165.40,118950.00,121700.10,59538.202
2025-08-11T04:00:00Z,121700.10,122450.00,121432.30,121534.80,27806.843
2025-08-11T08:00:00Z,121534.90,121820.70,120267.30,120545.00,28876.249
2025-08-11T12:00:00Z,120545.00,120655.00,119345.00,120271.20,48113.091
2025-08-11T16:00:00Z,120271.20,120799.00,118499.00,119035.30,32996.458
2025-08-11T20:00:00Z,119035.20,119149.60,118050.00,118641.90,19757.411
2025-08-12T00:00:00Z,118641.80,119246.40,118551.70,118813.10,13300.142
2025-08-12T04:00:00Z,118813.20,119120.00,118377.20,118931.90,14300.013
2025-08-12T08:00:00Z,118931.90,119011.90,118154.30,118464.10,13998.651
2025-08-12T12:00:00Z,118464.20,119927.90,118234.80,119888.00,45134.657
2025-08-12T16:00:00Z,119888.00,120163.60,119124.50,119600.30,22828.660
2025-08-12T20:00:00Z,119600.30,120270.00,119430.00,120081.00,16146.432
2025-08-13T00:00:00Z,120080.90,120146.60,119028.00,119436.00,16859.449
2025-08-13T04:00:00Z,119436.00,119798.60,118829.00,119540.30,16032.891
2025-08-13T08:00:00Z,119540.30,120710.40,119408.80,120538.50,23680.705
2025-08-13T12:00:00Z,120538.40,122218.30,120066.10,120897.20,65444.155
2025-08-13T16:00:00Z,120897.30,122831.10,120897.30,122719.90,32963.963
2025-08-13T20:00:00Z,122720.00,123715.90,122314.10,123323.90,33092.710
2025-08-14T00:00:00Z,123323.90,124545.60,123272.10,123405.20,29585.605
2025-08-14T04:00:00Z,123405.10,123485.30,121318.50,121742.40,41732.330
2025-08-14T08:00:00Z,121742.30,122050.00,120657.60,120947.90,25372.784
2025-08-14T12:00:00Z,120947.80,121154.70,117410.00,118185.90,112404.602
2025-08-14T16:00:00Z,118185.90,118500.00,117004.00,117889.50,32884.838
2025-08-14T20:00:00Z,117889.40,118470.10,117255.00,118242.20,17821.411
2025-08-15T00:00:00Z,118242.20,119039.90,117970.70,118918.10,14657.063
2025-08-15T04:00:00Z,118918.10,119184.00,118569.70,118908.30,13276.330
2025-08-15T08:00:00Z,118908.40,119114.90,118550.00,118950.00,8916.305
2025-08-15T12:00:00Z,118950.10,119068.80,116750.00,117216.80,48081.547
2025-08-15T16:00:00Z,117216.80,117859.40,116736.30,116900.00,24658.013
2025-08-15T20:00:00Z,116900.00,117711.00,116820.50,117279.20,10953.099
2025-08-16T00:00:00Z,117279.10,117853.50,117162.60,117385.00,10472.387
2025-08-16T04:00:00Z,117385.00,117857.10,117226.80,117549.90,8878.588
2025-08-16T08:00:00Z,117550.00,117664.90,117089.70,117340.40,8197.037
2025-08-16T12:00:00Z,117340.50,117786.00,117268.50,117626.90,7789.925
2025-08-16T16:00:00Z,117627.00,117774.50,117588.70,117622.30,4894.852
2025-08-16T20:00:00Z,117622.30,117673.90,117137.40,117329.70,6441.631
2025-08-17T00:00:00Z,117329.80,117722.50,117121.60,117627.40,5731.934
2025-08-17T04:00:00Z,117627.30,118187.00,117627.30,117949.90,9439.515
2025-08-17T08:00:00Z,117950.00,118435.00,117865.00,118253.90,9265.939
2025-08-17T12:00:00Z,118254.00,118558.00,118010.00,118191.00,7883.199
2025-08-17T16:00:00Z,118191.00,118267.90,117245.00,117527.00,15033.475
2025-08-17T20:00:00Z,117527.00,117945.00,117322.20,117353.80,7032.742
2025-08-18T00:00:00Z,117353.90,117499.40,114950.30,115264.90,46974.544
2025-08-18T04:00:00Z,115264.80,115684.50,114815.20,115153.20,22828.276
2025-08-18T08:00:00Z,115153.20,115342.50,114605.00,114900.00,17981.665
2025-08-18T12:00:00Z,114900.10,116137.80,114769.20,116099.40,28586.539
2025-08-18T16:00:00Z,116099.40,116761.00,115773.30,116273.40,19769.430
2025-08-18T20:00:00Z,116273.40,116938.70,115929.90,116183.60,11079.325
2025-08-19T00:00:00Z,116183.60,116687.70,114734.80,114756.60,21808.316
2025-08-19T04:00:00Z,114756.70,115430.00,114303.80,114928.70,19906.291
2025-08-19T08:00:00Z,114928.70,115608.50,114750.00,115461.00,11178.156
2025-08-19T12:00:00Z,115461.00,115847.40,113506.00,113730.00,44225.425
2025-08-19T16:00:00Z,113730.10,113844.00,112714.40,113078.30,29407.714
2025-08-19T20:00:00Z,113078.20,113524.50,112666.60,112824.20,14498.385
2025-08-20T00:00:00Z,112824.10,113599.40,112500.00,113465.40,21619.508
2025-08-20T04:00:00Z,113465.40,113805.50,113360.90,113436.70,9143.536
2025-08-20T08:00:00Z,113436.70,113978.00,113009.50,113627.50,15623.162
2025-08-20T12:00:00Z,113627.40,114279.30,112301.80,113297.00,45124.338
2025-08-20T16:00:00Z,113296.90,114411.00,113200.00,114216.30,27678.020
2025-08-20T20:00:00Z,114216.30,114569.00,113941.90,114220.50,11333.806
2025-08-21T00:00:00Z,114220.50,114777.00,113843.70,113912.10,13829.073
2025-08-21T04:00:00Z,113912.00,113997.10,113520.00,113836.80,9921.262
2025-08-21T08:00:00Z,113836.80,113947.40,112924.60,113100.20,12824.800
2025-08-21T12:00:00Z,113100.00,113936.00,112545.40,112748.90,27324.857
2025-08-21T16:00:00Z,112748.80,112940.60,111944.00,112152.80,21010.133
2025-08-21T20:00:00Z,112152.80,112833.30,112010.00,112462.20,11496.231
2025-08-22T00:00:00Z,112462.20,113485.90,112273.20,112889.90,15818.142
2025-08-22T04:00:00Z,112890.00,113350.20,112655.50,113040.10,12847.566
2025-08-22T08:00:00Z,113040.00,113273.90,112130.30,112272.80,13076.590
2025-08-22T12:00:00Z,112272.90,117266.90,111625.90,116319.30,110185.220
2025-08-22T16:00:00Z,116319.40,117397.40,116046.50,116625.50,35551.395
2025-08-22T20:00:00Z,116625.40,117140.60,116510.00,116897.50,11969.064
2025-08-23T00:00:00Z,116897.50,116988.00,115414.30,115522.50,21833.348
2025-08-23T04:00:00Z,115522.60,116015.30,115504.60,115769.90,10604.533
2025-08-23T08:00:00Z,115770.00,115840.40,115180.00,115266.70,9759.963
2025-08-23T12:00:00Z,115266.80,115450.00,114510.00,114776.50,22697.545
2025-08-23T16:00:00Z,114776.40,115166.50,114648.70,115104.90,7958.313
2025-08-23T20:00:00Z,115104.90,115380.00,114957.70,115377.10,5565.713
2025-08-24T00:00:00Z,115377.10,115640.00,114902.00,115006.50,11855.839
2025-08-24T04:00:00Z,115006.50,115264.40,114814.20,114854.80,8290.719
2025-08-24T08:00:00Z,114854.90,115033.40,114574.10,114702.00,10131.968
2025-08-24T12:00:00Z,114701.90,114845.00,114324.90,114372.60,14203.317
2025-08-24T16:00:00Z,114372.70,114914.80,110484.00,112556.40,58915.204
2025-08-24T20:00:00Z,112556.40,113646.50,111555.00,113446.30,29990.955
2025-08-25T00:00:00Z,113446.20,113621.30,112100.20,112867.70,22365.177
2025-08-25T04:00:00Z,112867.80,113022.90,111245.90,111469.70,26547.559
2025-08-25T08:00:00Z,111469.70,111789.90,110891.00,111183.70,27037.380
2025-08-25T12:00:00Z,111183.70,112533.20,110532.20,112142.20,41669.829
2025-08-25T16:00:00Z,112142.20,112897.70,110601.70,110650.40,30479.325
2025-08-25T20:00:00Z,110650.40,111050.00,109219.80,110064.00,56740.515
2025-08-26T00:00:00Z,110064.10,110064.10,108559.70,109825.00,32739.345
2025-08-26T04:00:00Z,109825.10,110508.50,109711.00,110244.20,14571.872
2025-08-26T08:00:00Z,110244.20,110405.60,109529.50,109842.20,13433.107
2025-08-26T12:00:00Z,109842.20,110817.50,109350.00,109624.60,40914.503
2025-08-26T16:00:00Z,109624.60,111106.50,109400.00,111053.50,21525.613
2025-08-26T20:00:00Z,111053.50,112330.00,110855.00,111709.90,21856.998
2025-08-27T00:00:00Z,111710.00,111765.60,110867.10,111373.70,15375.235
2025-08-27T04:00:00Z,111373.80,111700.40,110586.50,110688.00,11788.597
2025-08-27T08:00:00Z,110688.00,111328.90,110306.90,111270.80,12812.348
2025-08-27T12:00:00Z,111270.70,112568.50,110958.20,111965.10,29562.927
2025-08-27T16:00:00Z,111965.00,112550.00,111489.80,112032.80,18174.547
2025-08-27T20:00:00Z,112032.90,112401.50,110854.40,111194.90,26491.468
2025-08-28T00:00:00Z,111194.90,111993.00,110811.00,111954.10,11667.908
2025-08-28T04:00:00Z,111954.00,113318.20,111892.40,113079.20,23087.347
2025-08-28T08:00:00Z,113079.30,113301.60,112780.30,112876.50,10509.946
2025-08-28T12:00:00Z,112876.50,113429.00,112344.40,112633.10,26239.509
2025-08-28T16:00:00Z,112633.10,113153.10,111853.60,111864.70,17144.949
2025-08-28T20:00:00Z,111864.80,112519.10,111829.40,112507.30,8980.618
2025-08-29T00:00:00Z,112507.30,112585.70,111238.50,111648.60,17249.864
2025-08-29T04:00:00Z,111648.60,111797.20,109850.00,109969.00,25126.998
2025-08-29T08:00:00Z,109969.00,110254.90,109360.00,110047.80,23367.603
2025-08-29T12:00:00Z,110047.80,111489.50,108034.10,108334.40,70997.820
2025-08-29T16:00:00Z,108334.40,108777.00,107869.60,108155.50,21364.211
2025-08-29T20:00:00Z,108155.50,108513.00,107411.40,108332.40,21618.676
2025-08-30T00:00:00Z,108332.40,108378.00,107281.00,108367.90,16398.309
2025-08-30T04:00:00Z,108368.00,108615.30,108067.50,108466.60,11466.765
2025-08-30T08:00:00Z,108466.60,108742.90,108359.60,108638.60,9160.751
2025-08-30T12:00:00Z,108638.60,108879.60,108155.00,108809.80,13394.470
2025-08-30T16:00:00Z,108809.80,108851.00,108562.00,108769.40,5467.675
2025-08-30T20:00:00Z,108769.50,108776.10,108412.20,108757.90,4768.913
2025-08-31T00:00:00Z,108758.00,109439.90,108750.00,109175.40,13765.096
2025-08-31T04:00:00Z,109175.50,109190.40,108455.00,108656.90,9506.115
2025-08-31T08:00:00Z,108656.90,109067.20,108251.30,108350.00,12792.960
2025-08-31T12:00:00Z,108350.00,108808.50,108153.80,108758.20,10880.915
2025-08-31T16:00:00Z,108758.20,109196.50,108504.70,108877.20,10481.101
2025-08-31T20:00:00Z,108877.30,109192.30,108021.00,108208.40,12723.359
2025-09-01T00:00:00Z,108208.40,108447.60,107355.00,107619.10,25068.790
2025-09-01T04:00:00Z,107619.10,109390.30,107211.50,109390.30,26104.798
2025-09-01T08:00:00Z,109390.20,109874.80,108131.60,108721.90,33039.009
2025-09-01T12:00:00Z,108721.80,109479.20,108515.80,108738.00,21788.115
2025-09-01T16:00:00Z,108737.90,109298.60,108350.00,109178.70,12872.734
2025-09-01T20:00:00Z,109178.70,109410.50,107400.00,109187.90,31407.180
2025-09-02T00:00:00Z,109187.90,110597.90,108834.90,110286.00,28302.513
2025-09-02T04:00:00Z,110286.00,110571.90,109932.40,110190.10,13927.360
2025-09-02T08:00:00Z,110190.10,110700.00,109501.70,109698.60,18830.291
2025-09-02T12:00:00Z,109698.60,111742.10,108333.00,110789.90,79576.083
2025-09-02T16:00:00Z,110789.90,111076.80,110118.50,110742.90,20760.952
2025-09-02T20:00:00Z,110742.90,111487.90,110650.80,111188.00,14564.157
2025-09-03T00:00:00Z,111187.90,111732.90,110842.70,110991.70,14679.713
2025-09-03T04:00:00Z,110991.80,111117.50,110486.90,111041.50,11117.044
2025-09-03T08:00:00Z,111041.40,111670.00,110843.00,111391.60,11890.428
2025-09-03T12:00:00Z,111391.60,112470.50,110966.80,112168.60,42967.906
2025-09-03T16:00:00Z,112168.50,112541.20,111626.00,112139.90,17438.926
2025-09-03T20:00:00Z,112140.00,112207.10,111550.90,111659.80,7410.404
2025-09-04T00:00:00Z,111659.70,112136.80,111081.10,111107.10,14897.088
2025-09-04T04:00:00Z,111107.10,111283.70,110237.20,110417.30,20718.869
2025-09-04T08:00:00Z,110417.30,111111.00,110366.00,110763.90,14846.823
2025-09-04T12:00:00Z,110763.80,111081.60,109269.10,109448.00,33312.199
2025-09-04T16:00:00Z,109448.00,110150.00,109315.00,109753.90,17804.968
2025-09-04T20:00:00Z,109753.90,111743.80,109702.80,110679.40,20720.422
2025-09-05T00:00:00Z,110679.50,111444.10,110394.20,111266.90,14819.651
2025-09-05T04:00:00Z,111267.00,112949.00,111086.20,112900.10,28206.507
2025-09-05T08:00:00Z,112900.00,112947.60,112080.00,112299.60,22210.272
2025-09-05T12:00:00Z,112299.60,113344.30,110240.00,110674.10,88696.603
2025-09-05T16:00:00Z,110674.10,111598.20,110153.30,111550.10,19053.407
2025-09-05T20:00:00Z,111550.00,111655.50,110307.60,110614.90,20388.964
2025-09-06T00:00:00Z,110614.80,111256.20,110504.90,111034.00,7401.220
2025-09-06T04:00:00Z,111034.00,111034.00,110653.10,110779.90,5151.787
2025-09-06T08:00:00Z,110779.90,110928.50,110621.00,110732.90,5048.529
2025-09-06T12:00:00Z,110732.80,110956.50,110285.20,110324.10,9309.436
2025-09-06T16:00:00Z,110324.20,110359.10,109850.00,109986.70,14613.108
2025-09-06T20:00:00Z,109986.80,110225.90,109981.20,110135.30,4758.436
2025-09-07T00:00:00Z,110135.20,110700.00,110120.50,110579.80,8486.949
2025-09-07T04:00:00Z,110579.80,110880.80,110414.40,110710.80,7174.867
2025-09-07T08:00:00Z,110710.80,111348.00,110666.40,111249.50,14763.410
2025-09-07T12:00:00Z,111249.50,111371.40,110998.80,111276.20,7509.152
2025-09-07T16:00:00Z,111276.20,111327.20,110817.50,111217.00,7640.787
2025-09-07T20:00:00Z,111216.90,111559.50,110947.60,111076.00,8265.419
2025-09-08T00:00:00Z,111075.50,111345.00,110566.50,111004.90,14141.826
2025-09-08T04:00:00Z,111004.80,111580.70,110852.10,111236.40,9409.023
2025-09-08T08:00:00Z,111236.50,112144.00,111201.00,112022.00,24016.679
2025-09-08T12:00:00Z,112022.00,112867.60,111800.00,112573.60,28275.809
2025-09-08T16:00:00Z,112573.60,112635.00,111927.00,112051.00,14865.987
2025-09-08T20:00:00Z,112050.00,112460.40,111847.00,112012.60,8408.535
2025-09-09T00:00:00Z,112012.70,112055.70,111050.00,111657.60,19290.250
2025-09-09T04:00:00Z,111657.70,113238.00,111576.70,112950.10,31921.636
2025-09-09T08:00:00Z,112950.20,113134.30,112350.00,112397.40,12841.685
2025-09-09T12:00:00Z,112397.50,112900.00,110714.90,110830.10,49386.303
2025-09-09T16:00:00Z,110830.10,111342.00,110738.60,111242.30,14928.609
2025-09-09T20:00:00Z,111242.40,111692.30,111041.10,111499.90,8906.650
2025-09-10T00:00:00Z,111499.90,111545.00,110855.80,111498.90,17185.891
2025-09-10T04:00:00Z,111498.90,112555.00,111316.80,112500.10,16775.302
2025-09-10T08:00:00Z,112500.00,112832.00,112060.00,112266.40,19366.674
2025-09-10T12:00:00Z,112266.50,114287.90,112266.40,113801.30,64026.700
2025-09-10T16:00:00Z,113801.30,114046.80,113111.00,113525.20,21631.484
2025-09-10T20:00:00Z,113525.30,114005.00,113468.40,113896.80,12915.488
2025-09-11T00:00:00Z,113896.80,114433.20,113614.50,114354.40,11183.876
2025-09-11T04:00:00Z,114354.40,114419.90,113900.00,114040.00,11621.630
2025-09-11T08:00:00Z,114040.10,114161.00,113722.20,113960.90,11061.871
2025-09-11T12:00:00Z,113961.00,114691.70,113340.70,114122.30,50084.085
2025-09-11T16:00:00Z,114122.40,114564.00,114008.50,114370.50,11930.936
2025-09-11T20:00:00Z,114370.40,115439.00,114195.00,115427.00,17183.680
2025-09-12T00:00:00Z,115427.00,116280.00,114993.00,115138.30,31719.513
2025-09-12T04:00:00Z,115138.30,115613.00,115024.30,115049.00,12398.784
2025-09-12T08:00:00Z,115048.90,115243.50,114833.80,114863.00,13385.479
2025-09-12T12:00:00Z,114863.00,115445.90,114681.50,115064.90,18827.404
2025-09-12T16:00:00Z,115064.80,116605.70,114989.90,116561.10,27949.158
2025-09-12T20:00:00Z,116561.00,116561.00,115701.40,115978.40,14733.380
2025-09-13T00:00:00Z,115978.40,116245.40,115500.10,115913.60,10867.694
2025-09-13T04:00:00Z,115913.60,115913.60,115594.90,115715.50,6578.872
2025-09-13T08:00:00Z,115715.50,116126.00,115715.50,115912.90,6897.627
2025-09-13T12:00:00Z,115913.00,116013.70,115546.10,115721.30,9103.390
2025-09-13T16:00:00Z,115721.40,115780.30,115032.00,115751.40,15004.094
2025-09-13T20:00:00Z,115751.40,115946.40,115745.60,115862.70,4077.913
2025-09-14T00:00:00Z,115862.70,116075.80,115580.00,115626.00,7677.134
2025-09-14T04:00:00Z,115626.00,115884.10,115406.10,115746.00,4741.452
2025-09-14T08:00:00Z,115746.10,116118.60,115700.30,115750.00,7509.269
2025-09-14T12:00:00Z,115750.00,115828.10,115100.50,115162.20,15997.510
2025-09-14T16:00:00Z,115162.20,115605.50,115132.40,115597.40,5946.542
2025-09-14T20:00:00Z,115597.30,116050.00,115057.00,115210.00,13216.083
2025-09-15T00:00:00Z,115210.00,115536.00,114777.00,115387.60,13576.469
2025-09-15T04:00:00Z,115387.70,116759.90,115341.80,115769.50,27463.691
2025-09-15T08:00:00Z,115769.60,115769.60,114588.00,115009.00,30239.543
2025-09-15T12:00:00Z,115009.00,115045.50,114338.50,114788.40,25881.909
2025-09-15T16:00:00Z,114788.10,115528.80,114542.60,115246.70,14288.385
2025-09-15T20:00:00Z,115246.70,115550.00,115141.40,115300.60,6461.282
2025-09-16T00:00:00Z,115300.50,115490.80,114890.00,115250.90,8274.606
2025-09-16T04:00:00Z,115250.80,115968.00,114867.00,115799.40,18532.273
2025-09-16T08:00:00Z,115799.40,115945.00,115151.00,115222.20,9903.929
2025-09-16T12:00:00Z,115222.10,115878.20,114600.00,115877.90,24558.996
2025-09-16T16:00:00Z,115877.90,116830.00,115549.90,116758.00,28427.493
2025-09-16T20:00:00Z,116757.10,116910.80,116543.70,116747.30,9748.887
2025-09-17T00:00:00Z,116747.30,117081.90,116317.00,116320.10,11721.837
2025-09-17T04:00:00Z,116320.20,117266.40,116107.20,117120.50,19903.725
2025-09-17T08:00:00Z,117120.50,117156.60,116197.00,116200.10,14747.898
2025-09-17T12:00:00Z,116200.10,116493.00,115340.00,115825.10,27934.073
2025-09-17T16:00:00Z,115825.10,116316.00,114623.30,115587.60,61585.442
2025-09-17T20:00:00Z,115587.50,116940.00,115257.10,116402.50,22232.095
2025-09-18T00:00:00Z,116402.60,117865.90,116033.50,117531.20,30344.595
2025-09-18T04:00:00Z,117531.30,117713.50,116834.50,117033.60,17350.923
2025-09-18T08:00:00Z,117033.70,117381.90,116955.00,117015.00,10057.804
2025-09-18T12:00:00Z,117015.00,117789.90,116913.90,117530.30,22097.569
2025-09-18T16:00:00Z,117530.20,117875.20,117133.00,117403.00,12457.020
2025-09-18T20:00:00Z,117402.90,117605.80,116489.70,117017.10,14907.806
2025-09-19T00:00:00Z,117017.10,117406.80,116800.00,116914.20,10269.210
2025-09-19T04:00:00Z,116914.10,117049.90,116567.30,116850.10,12862.505
2025-09-19T08:00:00Z,116850.00,117050.60,116250.70,116343.10,13997.595
2025-09-19T12:00:00Z,116343.30,116488.00,115408.40,115826.90,27296.129
2025-09-19T16:00:00Z,115826.90,116093.00,115057.00,115082.40,16518.271
2025-09-19T20:00:00Z,115082.40,115600.00,115049.90,115569.50,7207.939
2025-09-20T00:00:00Z,115569.60,115670.00,115355.00,115394.20,4785.626
2025-09-20T04:00:00Z,115394.30,115933.40,115343.00,115909.80,6258.545
2025-09-20T08:00:00Z,115909.90,115914.40,115605.60,115834.90,6129.028
2025-09-20T12:00:00Z,115834.90,116059.20,115750.60,115928.50,6527.830
2025-09-20T16:00:00Z,115928.40,116017.90,115636.60,115636.60,5001.456
2025-09-20T20:00:00Z,115636.60,115887.60,115549.90,115624.90,3653.193
2025-09-21T00:00:00Z,115625.00,115671.20,115388.00,115613.80,4830.646
2025-09-21T04:00:00Z,115613.80,115772.90,115430.20,115772.90,4856.719
2025-09-21T08:00:00Z,115772.80,115778.00,115277.00,115559.30,6594.717
2025-09-21T12:00:00Z,115559.30,115703.90,115413.00,115471.10,4436.358
2025-09-21T16:00:00Z,115471.00,115620.00,115158.00,115441.00,6740.608
2025-09-21T20:00:00Z,115441.00,115510.70,115137.60,115183.90,5334.383
2025-09-22T00:00:00Z,115183.90,115344.60,114050.00,114602.90,34217.270
2025-09-22T04:00:00Z,114602.90,114604.90,111469.20,112454.40,53970.686
2025-09-22T08:00:00Z,112454.50,112927.00,112119.00,112814.10,16269.606
2025-09-22T12:00:00Z,112814.00,113413.50,112333.00,112768.70,26147.892
2025-09-22T16:00:00Z,112768.70,112839.00,111866.30,112072.90,17130.484
2025-09-22T20:00:00Z,112072.80,112942.40,111924.60,112604.70,11725.630
2025-09-23T00:00:00Z,112604.70,112808.40,111405.10,112294.00,21299.087
2025-09-23T04:00:00Z,112294.00,113080.00,111804.90,113048.10,19008.272
2025-09-23T08:00:00Z,113048.10,113236.00,112634.00,112938.60,12834.182
2025-09-23T12:00:00Z,112938.60,113254.80,112390.60,112828.60,16574.487
2025-09-23T16:00:00Z,112828.60,112927.80,111482.00,111611.80,22467.091
2025-09-23T20:00:00Z,111611.70,112178.00,111413.50,111947.00,10075.145
2025-09-24T00:00:00Z,111947.00,112466.60,111622.40,111639.70,16182.590
2025-09-24T04:00:00Z,111639.80,112732.80,110935.00,112544.70,23001.272
2025-09-24T08:00:00Z,112544.70,113121.80,112356.40,112982.00,14830.326
2025-09-24T12:00:00Z,112982.00,113850.00,112760.00,113299.90,27960.187
2025-09-24T16:00:00Z,113300.00,113895.80,113107.40,113371.70,14802.650
2025-09-24T20:00:00Z,113371.70,113590.00,113143.30,113254.00,8537.071
2025-09-25T00:00:00Z,113253.90,113462.10,112155.60,112485.80,27168.994
2025-09-25T04:00:00Z,112485.70,112574.60,111389.00,111708.50,26475.190
2025-09-25T08:00:00Z,111708.50,112220.30,111234.80,111316.10,15940.854
2025-09-25T12:00:00Z,111316.00,111682.60,110555.00,111538.40,42099.500
2025-09-25T16:00:00Z,111538.40,111636.60,108574.10,109320.50,50538.879
2025-09-25T20:00:00Z,109320.50,109637.30,108694.80,108934.50,16440.324
2025-09-26T00:00:00Z,108934.60,109766.00,108750.00,109537.60,17356.486
2025-09-26T04:00:00Z,109537.50,109588.80,108841.00,109257.30,19163.400
2025-09-26T08:00:00Z,109257.40,109653.60,108566.00,109082.90,18038.068
2025-09-26T12:00:00Z,109082.90,109742.30,108656.80,108976.00,28268.466
2025-09-26T16:00:00Z,108976.00,110250.00,108953.70,109115.90,22207.427
2025-09-26T20:00:00Z,109115.80,109641.60,109028.70,109588.50,7243.812
2025-09-27T00:00:00Z,109588.50,109700.00,109267.30,109503.80,7435.557
2025-09-27T04:00:00Z,109503.80,109694.20,109284.30,109354.80,4334.991
2025-09-27T08:00:00Z,109354.90,109449.20,109021.90,109265.80,7603.852
2025-09-27T12:00:00Z,109265.80,109444.20,109145.00,109340.70,7048.089
2025-09-27T16:00:00Z,109340.80,109397.60,109188.10,109369.30,5170.985
2025-09-27T20:00:00Z,109369.40,109653.20,109305.50,109577.30,4278.450
2025-09-28T00:00:00Z,109577.20,109749.90,109284.10,109397.30,8565.210
2025-09-28T04:00:00Z,109397.30,109500.00,109203.90,109468.50,4028.334
2025-09-28T08:00:00Z,109468.40,109544.80,109188.00,109319.90,7836.570
2025-09-28T12:00:00Z,109319.90,109990.00,109136.50,109990.00,16361.203
2025-09-28T16:00:00Z,109990.00,110350.00,109952.20,110281.60,12576.758
2025-09-28T20:00:00Z,110281.70,112300.00,110236.60,112119.60,27879.888
2025-09-29T00:00:00Z,112119.70,112269.30,111517.30,111817.90,18747.416
2025-09-29T04:00:00Z,111817.90,111860.00,111501.00,111814.70,12523.860
2025-09-29T08:00:00Z,111814.80,112381.30,111814.70,112052.00,15639.613
2025-09-29T12:00:00Z,112052.00,114188.00,111844.30,113752.00,48549.611
2025-09-29T16:00:00Z,113752.00,114349.70,113404.50,114204.80,17519.655
2025-09-29T20:00:00Z,114204.90,114377.20,113960.60,114257.10,12425.554
2025-09-30T00:00:00Z,114257.10,114800.00,113985.10,114321.50,18219.208
2025-09-30T04:00:00Z,114321.50,114321.50,113531.70,113662.40,15263.367
2025-09-30T08:00:00Z,113662.30,113700.00,112615.30,113003.70,22065.979
2025-09-30T12:00:00Z,113003.70,113623.80,112800.10,113055.40,25466.936
2025-09-30T16:00:00Z,113055.40,114528.20,112743.60,114309.10,21865.766
2025-09-30T20:00:00Z,114309.10,114720.00,113710.00,113988.80,16438.759
2025-10-01T00:00:00Z,113988.70,114498.00,113899.40,114135.90,15897.091
2025-10-01T04:00:00Z,114135.80,114700.00,114095.20,114480.80,16277.671
2025-10-01T08:00:00Z,114480.80,116750.00,114425.60,116736.80,51889.352
2025-10-01T12:00:00Z,116736.80,117647.80,116311.50,117366.40,32115.557
2025-10-01T16:00:00Z,117366.50,118190.00,116687.50,117374.10,35556.092
2025-10-01T20:00:00Z,117374.00,118631.80,117104.10,118552.40,21253.666
2025-10-02T00:00:00Z,118552.00,119457.00,118335.00,118697.00,30360.048
2025-10-02T04:00:00Z,118697.00,118893.80,118226.40,118444.10,11848.115
2025-10-02T08:00:00Z,118444.10,118885.80,118307.30,118716.00,9479.148
2025-10-02T12:00:00Z,118716.10,119889.00,118458.40,119875.10,42758.205
2025-10-02T16:00:00Z,119875.10,120999.00,119317.00,120787.90,36408.207
2025-10-02T20:00:00Z,120787.80,120880.90,120018.00,120481.30,14603.215
2025-10-03T00:00:00Z,120481.30,120505.50,119766.00,120185.40,14304.582
2025-10-03T04:00:00Z,120185.40,120281.60,119579.60,119620.10,12310.710
2025-10-03T08:00:00Z,119620.10,120484.10,119200.00,120307.20,17880.291
2025-10-03T12:00:00Z,120307.20,122399.90,119820.40,122238.50,38616.185
2025-10-03T16:00:00Z,122238.50,123900.00,121425.50,122609.30,74701.828
2025-10-03T20:00:00Z,122609.30,122694.10,121944.70,122182.70,10066.666
2025-10-04T00:00:00Z,122182.60,122301.90,121636.40,122197.20,16539.763
2025-10-04T04:00:00Z,122197.30,122781.10,122168.40,122271.30,13166.182
2025-10-04T08:00:00Z,122271.40,122497.40,121908.30,121924.60,8147.412
2025-10-04T12:00:00Z,121924.60,122480.90,121638.50,121744.80,13471.868
2025-10-04T16:00:00Z,121744.80,121920.00,121432.00,121919.00,12409.999
2025-10-04T20:00:00Z,121918.90,122374.80,121813.40,122343.20,6743.986
2025-10-05T00:00:00Z,122343.20,124374.00,122088.10,123735.70,34731.178
2025-10-05T04:00:00Z,123735.70,125877.30,123678.00,124692.40,42796.463
2025-10-05T08:00:00Z,124692.50,124843.00,122472.00,123413.20,41554.431
2025-10-05T12:00:00Z,123413.30,123413.30,122600.00,122753.00,12408.739
2025-10-05T16:00:00Z,122752.90,123422.00,122160.00,122550.40,20005.211
2025-10-05T20:00:00Z,122550.50,123453.50,122425.70,123426.70,11074.978
2025-10-06T00:00:00Z,123426.70,124336.30,123018.50,123792.90,24935.811
2025-10-06T04:00:00Z,123792.80,124137.70,123217.90,123332.30,14538.648
2025-10-06T08:00:00Z,123332.40,124500.00,123332.30,124161.20,14441.381
2025-10-06T12:00:00Z,124161.30,125375.00,124123.30,124946.20,37455.595
2025-10-06T16:00:00Z,124946.20,126208.50,124742.50,125357.30,33248.277
2025-10-06T20:00:00Z,125357.30,125500.00,124463.00,124628.50,15581.617
2025-10-07T00:00:00Z,124628.60,125047.00,124055.00,124277.70,13050.893
2025-10-07T04:00:00Z,124277.80,124631.90,123503.90,123627.10,18156.340
2025-10-07T08:00:00Z,123627.10,124471.40,123261.60,124397.20,18443.485
2025-10-07T12:00:00Z,124397.10,125098.00,121102.00,121788.30,70971.787
2025-10-07T16:00:00Z,121788.20,122049.70,120516.00,121593.60,48194.981
2025-10-07T20:00:00Z,121593.50,122255.40,121218.00,121286.50,13081.861
2025-10-08T00:00:00Z,121286.60,122196.90,121137.00,121333.10,19688.959
2025-10-08T04:00:00Z,121333.10,121880.00,121005.30,121550.40,16141.831
2025-10-08T08:00:00Z,121550.50,123150.00,121468.50,122825.70,22689.216
2025-10-08T12:00:00Z,122825.80,123312.90,121607.80,122140.10,30420.126
2025-10-08T16:00:00Z,122140.10,124170.60,122055.80,123381.80,29648.513
2025-10-08T20:00:00Z,123381.80,123671.50,122739.70,123237.50,8511.141
2025-10-09T00:00:00Z,123237.40,123279.70,121411.80,121988.40,17473.027
2025-10-09T04:00:00Z,121988.40,122221.00,121657.30,121847.90,10691.440
2025-10-09T08:00:00Z,121847.80,122777.00,121081.50,122672.90,21258.055
2025-10-09T12:00:00Z,122673.00,123740.10,120595.50,121079.40,62517.268
2025-10-09T16:00:00Z,121079.40,121426.70,119572.80,120897.60,42006.187
2025-10-09T20:00:00Z,120897.60,121712.40,120787.90,121579.30,9650.403
2025-10-10T00:00:00Z,121579.40,121835.50,120850.00,120960.80,16114.114
2025-10-10T04:00:00Z,120960.80,121712.20,120814.00,120886.10,13636.340
2025-10-10T08:00:00Z,120886.10,121728.30,120869.20,121493.20,10048.553
2025-10-10T12:00:00Z,121493.20,122497.00,118424.40,118965.30,67102.354
2025-10-10T16:00:00Z,118965.20,119403.40,115845.00,116605.30,67842.528
2025-10-10T20:00:00Z,116605.20,117145.30,101516.50,112714.90,217219.743
2025-10-11T00:00:00Z,112715.00,113300.10,110987.00,112261.90,45022.178
2025-10-11T04:00:00Z,112261.60,112931.90,110022.00,110338.70,38020.264
2025-10-11T08:00:00Z,110338.70,112307.60,110100.50,112224.60,23492.990
2025-10-11T12:00:00Z,112224.60,112466.20,111740.80,111744.40,16698.898
2025-10-11T16:00:00Z,111744.40,112142.00,110800.10,111126.70,17110.637
2025-10-11T20:00:00Z,111126.60,111333.50,109501.00,110579.10,23326.623
2025-10-12T00:00:00Z,110579.10,111424.00,109509.30,110643.30,32024.510
2025-10-12T04:00:00Z,110643.30,112110.00,110561.80,111464.00,18747.611
2025-10-12T08:00:00Z,111463.90,112084.30,111070.40,111783.80,19180.411
2025-10-12T12:00:00Z,111783.80,113687.60,111111.00,113119.00,60564.451
2025-10-12T16:00:00Z,113119.00,114654.50,113119.00,114288.70,44045.749
2025-10-12T20:00:00Z,114288.80,115730.30,114200.00,114894.40,43365.305
2025-10-13T00:00:00Z,114894.50,115912.00,114566.10,114773.60,33866.079
2025-10-13T04:00:00Z,114773.50,115500.00,114357.20,115341.70,27016.549
2025-10-13T08:00:00Z,115341.70,115376.30,113600.50,114129.30,29931.406
2025-10-13T12:00:00Z,114129.20,115488.90,113721.20,114260.70,52250.214
2025-10-13T16:00:00Z,114260.80,115827.60,114151.00,115726.60,38754.704
2025-10-13T20:00:00Z,115726.60,115817.40,114930.10,115111.90,14177.831
2025-10-14T00:00:00Z,115112.00,115360.20,113210.60,113441.00,31868.196
2025-10-14T04:00:00Z,113440.90,113677.90,111302.00,111665.20,66212.874
2025-10-14T08:00:00Z,111665.20,112100.10,109969.20,111241.40,44800.731
2025-10-14T12:00:00Z,111241.40,112839.90,109802.00,112823.00,52781.510
2025-10-14T16:00:00Z,112822.90,113480.00,111615.10,112543.90,51041.328
2025-10-14T20:00:00Z,112543.90,113557.90,112164.60,112983.80,12539.857
2025-10-15T00:00:00Z,112983.90,113576.10,111758.50,111978.70,20365.548
2025-10-15T04:00:00Z,111978.70,112637.00,111692.80,112524.30,12933.986
2025-10-15T08:00:00Z,112524.40,113477.90,111606.10,111841.00,25860.953
2025-10-15T12:00:00Z,111840.90,112183.40,110320.40,110757.50,40187.854
2025-10-15T16:00:00Z,110757.40,111500.00,110096.90,111202.70,18943.794
2025-10-15T20:00:00Z,111202.70,111499.70,110429.80,110699.00,13484.955
2025-10-16T00:00:00Z,110699.10,111827.50,110300.00,111277.40,15192.718
2025-10-16T04:00:00Z,111277.50,111711.40,110488.00,110518.20,19927.291
2025-10-16T08:00:00Z,110518.20,111677.10,109403.50,111363.90,35831.997
2025-10-16T12:00:00Z,111364.00,111960.00,108250.00,108474.00,56236.512
2025-10-16T16:00:00Z,108473.90,109212.60,107503.30,108151.30,50886.082
2025-10-16T20:00:00Z,108151.20,108450.40,107350.00,108129.40,15470.185
2025-10-17T00:00:00Z,108129.40,109199.80,107885.60,109121.80,14999.648
2025-10-17T04:00:00Z,109121.90,109182.90,105457.40,105578.30,46920.111
2025-10-17T08:00:00Z,105578.30,106666.60,103470.00,105610.50,85777.861
2025-10-17T12:00:00Z,105610.50,106800.00,104489.50,106750.10,57751.674
2025-10-17T16:00:00Z,106750.00,107505.00,106016.60,106416.40,25754.742
2025-10-17T20:00:00Z,106416.50,107370.00,106296.30,106378.60,11585.656
2025-10-18T00:00:00Z,106378.50,107250.00,106270.00,107025.00,15612.225
2025-10-18T04:00:00Z,107024.90,107452.60,106374.20,106648.30,19538.235
2025-10-18T08:00:00Z,106648.20,107187.90,106550.00,107151.00,10415.868
2025-10-18T12:00:00Z,107151.00,107248.00,106669.00,106893.20,9353.647
2025-10-18T16:00:00Z,106893.30,107047.50,106410.80,107023.00,7832.113
2025-10-18T20:00:00Z,107023.00,107298.70,106788.40,107117.50,5757.815
2025-10-19T00:00:00Z,107117.50,107333.00,106666.90,107221.90,9661.995
2025-10-19T04:00:00Z,107221.90,107241.50,106503.30,106733.30,8079.786
2025-10-19T08:00:00Z,106733.30,108214.80,106055.80,107730.60,45768.235
2025-10-19T12:00:00Z,107730.60,108575.60,107312.20,108429.50,20332.538
2025-10-19T16:00:00Z,108429.60,109399.90,108175.60,108850.00,19259.023
2025-10-19T20:00:00Z,108850.10,109340.70,108366.40,108586.20,10372.143
2025-10-20T00:00:00Z,108586.20,110404.30,107377.20,110100.40,30932.220
2025-10-20T04:00:00Z,110100.30,111350.00,109875.00,111126.20,28821.916
2025-10-20T08:00:00Z,111126.20,111650.00,110552.30,110969.50,19262.416
2025-10-20T12:00:00Z,110969.50,111649.00,110522.90,111079.10,22003.588
2025-10-20T16:00:00Z,111079.20,111255.00,109800.00,110735.00,29379.973
2025-10-20T20:00:00Z,110735.10,111215.30,110355.00,110469.90,9246.836
2025-10-21T00:00:00Z,110469.90,110486.30,109005.00,109005.00,17977.098
2025-10-21T04:00:00Z,109005.10,109005.10,107400.00,108020.00,34541.006
2025-10-21T08:00:00Z,108019.90,108772.40,107432.80,108519.40,20402.173
2025-10-21T12:00:00Z,108519.40,113480.00,107677.00,113355.20,76932.616
2025-10-21T16:00:00Z,113355.20,113940.00,111255.90,111720.70,51739.148
2025-10-21T20:00:00Z,111720.70,111747.70,108000.00,108253.70,39535.385
2025-10-22T00:00:00Z,108253.80,108649.40,107777.10,108174.10,22708.974
2025-10-22T04:00:00Z,108174.00,108581.90,107558.10,108284.10,19772.922
2025-10-22T08:00:00Z,108284.10,108313.80,106360.30,107501.70,28951.313
2025-10-22T12:00:00Z,107501.70,109160.00,107389.40,108369.90,61071.108
2025-10-22T16:00:00Z,108369.80,108780.00,107416.10,107829.00,24816.809
2025-10-22T20:00:00Z,107829.10,108032.00,106588.00,107532.00,23572.857
2025-10-23T00:00:00Z,107532.10,108660.00,107462.90,108322.20,17160.974
2025-10-23T04:00:00Z,108322.20,110275.90,108290.30,109228.60,26449.996
2025-10-23T08:00:00Z,109228.60,109867.70,109021.30,109218.50,14083.275
2025-10-23T12:00:00Z,109218.50,110088.00,108639.40,109849.00,30294.704
2025-10-23T16:00:00Z,109849.00,111240.00,109575.90,110137.80,26886.962
2025-10-23T20:00:00Z,110137.90,110145.80,109260.00,110025.90,14764.806
2025-10-24T00:00:00Z,110026.00,110839.90,109927.80,110399.90,13232.129
2025-10-24T04:00:00Z,110399.90,111498.80,110274.40,111013.70,19519.691
2025-10-24T08:00:00Z,111013.70,111438.30,110496.50,111006.70,15176.101
2025-10-24T12:00:00Z,111006.70,112086.00,109650.00,110009.80,43877.194
2025-10-24T16:00:00Z,110009.90,110907.10,109752.80,110571.30,10895.753
2025-10-24T20:00:00Z,110571.40,111088.00,110431.00,110965.40,8058.664
2025-10-25T00:00:00Z,110965.40,111187.50,110600.50,110962.30,5959.945
2025-10-25T04:00:00Z,110962.30,111775.10,110962.30,111445.40,9261.504
2025-10-25T08:00:00Z,111445.50,111789.40,111328.00,111522.70,8330.669
2025-10-25T12:00:00Z,111522.60,111903.90,111255.20,111340.90,10350.647
2025-10-25T16:00:00Z,111341.00,111686.00,111094.40,111574.90,7533.985
2025-10-25T20:00:00Z,111574.90,111640.10,111291.00,111589.40,3832.733
2025-10-26T00:00:00Z,111589.40,111866.70,111200.00,111210.10,6834.903
2025-10-26T04:00:00Z,111210.10,111677.90,111200.20,111672.80,3509.598
2025-10-26T08:00:00Z,111672.90,113442.50,111650.30,113235.20,25720.793
2025-10-26T12:00:00Z,113235.10,114000.00,113221.50,113648.10,26931.538
2025-10-26T16:00:00Z,113648.00,113774.50,113231.20,113546.30,8821.993
2025-10-26T20:00:00Z,113546.20,115521.70,112800.00,114497.80,25516.562
2025-10-27T00:00:00Z,114497.90,115407.70,114300.00,114927.70,18053.270
2025-10-27T04:00:00Z,114927.80,116380.20,114925.60,115522.50,30815.659
2025-10-27T08:00:00Z,115522.40,115575.10,114780.20,115302.30,17780.233
2025-10-27T12:00:00Z,115302.30,115385.70,114433.00,114914.40,22572.882
2025-10-27T16:00:00Z,114914.50,115744.80,114712.40,114894.90,14588.861
2025-10-27T20:00:00Z,114894.80,114894.80,113792.40,114064.10,14800.707
2025-10-28T00:00:00Z,114064.20,114500.10,113477.50,113863.90,15404.391
2025-10-28T04:00:00Z,113864.00,114320.60,113422.00,114128.70,11948.360
2025-10-28T08:00:00Z,114128.80,114619.20,114058.00,114290.70,9577.148
2025-10-28T12:00:00Z,114290.60,116074.30,114080.80,114571.90,40806.620
2025-10-28T16:00:00Z,114571.70,115554.50,113500.00,113629.00,24148.699
2025-10-28T20:00:00Z,113629.00,113647.40,112121.40,112833.50,29203.622
2025-10-29T00:00:00Z,112833.50,112927.50,112036.10,112459.60,16426.727
2025-10-29T04:00:00Z,112459.60,113525.00,112443.50,113511.90,14258.365
2025-10-29T08:00:00Z,113512.00,113581.70,112666.00,113084.50,13158.647
2025-10-29T12:00:00Z,113084.60,113593.00,111326.50,111460.60,33870.214
2025-10-29T16:00:00Z,111460.70,111963.00,109026.40,110605.60,66487.330
2025-10-29T20:00:00Z,110605.90,111744.00,109686.40,109985.60,19719.583
2025-10-30T00:00:00Z,109985.60,110957.90,109670.60,110694.50,17053.264
2025-10-30T04:00:00Z,110694.40,111565.10,107817.30,111313.50,53901.189
2025-10-30T08:00:00Z,111313.60,111400.00,109638.60,109666.00,21769.837
2025-10-30T12:00:00Z,109665.90,109736.30,107254.10,107670.60,53828.523
2025-10-30T16:00:00Z,107670.50,108184.00,106200.00,106495.10,36902.370
2025-10-30T20:00:00Z,106494.30,108300.00,106257.00,108263.50,22298.461
2025-10-31T00:00:00Z,108263.60,110014.40,108226.60,109186.20,32333.602
2025-10-31T04:00:00Z,109186.30,110200.00,109062.70,109400.10,23926.082
2025-10-31T08:00:00Z,109400.00,110500.00,109159.00,110375.70,19137.691
2025-10-31T12:00:00Z,110375.70,111233.00,109308.10,110160.10,44500.399
2025-10-31T16:00:00Z,110160.10,110273.20,108600.00,109802.80,25323.478
2025-10-31T20:00:00Z,109802.70,109802.70,109277.70,109557.30,6842.524
2025-11-01T00:00:00Z,109557.20,110300.00,109351.50,110194.60,8752.106
2025-11-01T04:00:00Z,110194.60,110557.00,109885.50,110025.30,7330.524
2025-11-01T08:00:00Z,110025.30,110237.60,109803.00,110096.20,5172.837
2025-11-01T12:00:00Z,110096.30,110300.00,109654.50,110253.20,9755.490
2025-11-01T16:00:00Z,110253.10,110486.40,110125.10,110249.00,6444.769
2025-11-01T20:00:00Z,110249.00,110487.00,109803.50,110047.20,4158.495
2025-11-02T00:00:00Z,110047.30,110234.40,109836.70,110008.50,4533.290
2025-11-02T04:00:00Z,110008.40,110988.00,109974.10,110844.10,12154.892
2025-11-02T08:00:00Z,110844.00,111193.50,110302.10,111145.40,12421.938
2025-11-02T12:00:00Z,111145.40,111216.00,110030.00,110066.10,13972.771
2025-11-02T16:00:00Z,110066.20,110286.20,109661.20,110125.20,9115.985
2025-11-02T20:00:00Z,110125.30,110700.00,109368.90,110494.90,8910.297
2025-11-03T00:00:00Z,110494.90,110711.00,107850.00,107886.00,27059.636
2025-11-03T04:00:00Z,107886.00,108088.80,106946.70,107420.50,24838.664
2025-11-03T08:00:00Z,107420.60,107881.40,106618.70,107737.40,20106.721
2025-11-03T12:00:00Z,107737.40,108280.00,105500.00,105718.80,48388.035
2025-11-03T16:00:00Z,105718.80,107797.20,105300.00,107034.70,38120.260
2025-11-03T20:00:00Z,107034.70,107120.00,105750.10,106544.00,15744.731
2025-11-04T00:00:00Z,106544.00,107271.90,105820.00,107097.20,21672.139
2025-11-04T04:00:00Z,107097.10,107247.80,104125.30,104442.90,41302.896
2025-11-04T08:00:00Z,104442.90,104656.00,103550.00,104530.70,30893.792
2025-11-04T12:00:00Z,104530.70,104800.00,102870.00,103157.70,45886.912
2025-11-04T16:00:00Z,103157.70,103474.10,99980.00,100507.00,81901.563
2025-11-04T20:00:00Z,100507.00,101859.50,98888.80,101450.30,60084.858
2025-11-05T00:00:00Z,101450.20,102222.00,98909.70,102094.80,55517.144
2025-11-05T04:00:00Z,102094.80,102326.40,101433.30,101946.10,20988.348
2025-11-05T08:00:00Z,101946.20,102174.90,101131.00,102019.40,20735.516
2025-11-05T12:00:00Z,102019.30,103750.00,101867.80,103668.30,35318.597
2025-11-05T16:00:00Z,103668.20,104496.60,102972.80,103950.00,22268.689
2025-11-05T20:00:00Z,103950.00,104497.60,103240.50,103837.00,12941.800
2025-11-06T00:00:00Z,103837.00,103919.70,102684.70,103598.30,17770.869
2025-11-06T04:00:00Z,103598.30,104210.20,102850.10,103138.60,13713.371
2025-11-06T08:00:00Z,103138.60,103406.00,102611.50,103182.60,12724.785
2025-11-06T12:00:00Z,103182.60,103585.00,101570.50,101981.60,41011.914
2025-11-06T16:00:00Z,101981.60,102367.90,100238.40,101335.90,44808.954
2025-11-06T20:00:00Z,101335.90,101599.60,100500.00,101305.60,14999.928
2025-11-07T00:00:00Z,101305.60,102311.00,100700.10,101863.50,20217.531
2025-11-07T04:00:00Z,101863.40,102480.40,101530.00,101978.80,13280.182
2025-11-07T08:00:00Z,101978.20,102024.70,99750.00,100369.10,30839.672
2025-11-07T12:00:00Z,100369.20,101230.00,99200.00,100758.00,47608.527
2025-11-07T16:00:00Z,100758.00,103350.70,100468.90,103350.00,34409.209
2025-11-07T20:00:00Z,103350.00,104070.70,102889.60,103305.20,17612.337
2025-11-08T00:00:00Z,103305.30,103373.80,102488.00,102545.80,15693.661
2025-11-08T04:00:00Z,102545.80,102794.00,101853.80,102302.90,14868.115
2025-11-08T08:00:00Z,102302.80,102654.10,101647.70,101805.60,11719.209
2025-11-08T12:00:00Z,101805.60,102142.90,101400.10,101678.00,14407.901
2025-11-08T16:00:00Z,101678.10,102182.70,101471.10,101934.30,8852.243
2025-11-08T20:00:00Z,101934.40,102443.90,101906.60,102269.30,5150.820
2025-11-09T00:00:00Z,102269.30,102294.90,101300.00,101622.90,8613.569
2025-11-09T04:00:00Z,101623.00,102097.00,101602.10,101898.20,6756.373
2025-11-09T08:00:00Z,101898.30,102274.90,101457.00,102198.20,9506.279
2025-11-09T12:00:00Z,102198.20,104180.00,102001.00,103715.80,29922.195
2025-11-09T16:00:00Z,103715.80,104780.00,103290.80,104764.10,19690.095
2025-11-09T20:00:00Z,104764.10,105440.00,103999.50,104670.60,17879.159
2025-11-10T00:00:00Z,104670.70,106666.00,104205.90,105990.60,32933.122
2025-11-10T04:00:00Z,105990.60,106499.00,105800.00,106417.70,12528.833
2025-11-10T08:00:00Z,106417.60,106570.00,105780.10,106136.60,13572.766
2025-11-10T12:00:00Z,106136.50,106566.70,104615.70,105028.90,33078.144
2025-11-10T16:00:00Z,105028.90,106081.10,104735.60,105767.20,16326.419
2025-11-10T20:00:00Z,105767.10,106249.60,105202.70,105966.30,11964.254
2025-11-11T00:00:00Z,105966.30,107473.70,105399.60,106407.30,30111.804
2025-11-11T04:00:00Z,106407.40,106496.60,104685.30,104737.00,20998.664
2025-11-11T08:00:00Z,104737.10,105464.20,104718.20,105256.20,11555.593
2025-11-11T12:00:00Z,105256.20,105459.80,103135.20,103417.20,35003.229
2025-11-11T16:00:00Z,103417.20,103694.80,102777.00,103073.60,19238.124
2025-11-11T20:00:00Z,103073.60,103183.80,102400.00,103005.80,15696.360
2025-11-12T00:00:00Z,103005.80,103399.40,102629.50,103267.20,13122.938
2025-11-12T04:00:00Z,103267.20,103605.00,102941.60,103066.70,8824.550
2025-11-12T08:00:00Z,103066.70,105162.60,103066.70,104979.90,27402.495
2025-11-12T12:00:00Z,104979.90,105297.00,101900.00,102124.90,41940.216
2025-11-12T16:00:00Z,102124.90,102249.20,100711.00,101245.40,37825.035
2025-11-12T20:00:00Z,101245.30,101964.50,101087.80,101605.80,11761.042
2025-11-13T00:00:00Z,101605.80,102581.70,100850.00,102088.10,22639.572
2025-11-13T04:00:00Z,102088.00,104024.60,101602.20,103430.90,34325.354
2025-11-13T08:00:00Z,103430.90,103765.40,102509.10,102900.00,18566.647
2025-11-13T12:00:00Z,102900.10,103456.00,101135.00,101338.00,45078.899
2025-11-13T16:00:00Z,101338.00,101495.70,98100.00,98643.10,75018.436
2025-11-13T20:00:00Z,98643.10,100485.80,97959.00,99654.30,40417.891
2025-11-14T00:00:00Z,99654.30,99862.80,98657.00,99103.30,28715.780
2025-11-14T04:00:00Z,99103.30,99152.00,95840.90,97099.90,71313.808
2025-11-14T08:00:00Z,97099.90,97520.00,95597.90,96134.60,31110.834
2025-11-14T12:00:00Z,96134.50,97280.00,94500.00,96752.60,82600.541
2025-11-14T16:00:00Z,96752.70,97377.60,94741.20,95737.30,42316.610
2025-11-14T20:00:00Z,95737.40,95900.00,93955.00,94544.90,31015.210
2025-11-15T00:00:00Z,94544.90,96800.00,94523.90,96388.50,27406.464
2025-11-15T04:00:00Z,96388.50,96543.80,95900.10,96289.40,13884.426
2025-11-15T08:00:00Z,96289.30,96310.40,95587.30,95657.30,12856.230
2025-11-15T12:00:00Z,95657.30,96439.60,95534.10,96222.10,13204.020
2025-11-15T16:00:00Z,96222.10,96362.50,95677.70,95967.70,11960.891
2025-11-15T20:00:00Z,95967.70,95979.10,95072.10,95560.30,10908.288
2025-11-16T00:00:00Z,95560.40,95946.40,94800.00,95782.00,12634.047
2025-11-16T04:00:00Z,95782.00,96170.60,95602.00,96064.80,8616.379
2025-11-16T08:00:00Z,96064.80,96600.00,95443.60,95588.00,16713.435
2025-11-16T12:00:00Z,95588.00,95870.00,94300.00,94531.30,18869.751
2025-11-16T16:00:00Z,94531.20,95544.80,93677.40,93994.50,44324.084
2025-11-16T20:00:00Z,93994.50,94700.00,92922.80,94221.70,34591.813
2025-11-17T00:00:00Z,94221.70,95539.30,93730.00,95472.10,24659.317
2025-11-17T04:00:00Z,95472.00,95838.00,94850.00,95587.90,15760.621
2025-11-17T08:00:00Z,95587.90,95980.10,95268.90,95530.10,14932.070
2025-11-17T12:00:00Z,95530.00,96012.20,93511.80,93915.70,58887.551
2025-11-17T16:00:00Z,93915.80,94388.00,91550.20,91656.20,60184.076
2025-11-17T20:00:00Z,91656.20,92370.90,91250.00,92169.70,30737.650
2025-11-18T00:00:00Z,92169.80,92335.40,89666.10,90811.90,54125.497
2025-11-18T04:00:00Z,90811.80,90842.10,89012.00,90459.10,44370.545
2025-11-18T08:00:00Z,90459.20,91567.00,90459.10,91473.60,28352.843
2025-11-18T12:00:00Z,91474.10,92991.70,90888.00,92851.40,58085.185
2025-11-18T16:00:00Z,92851.50,93799.10,92532.00,93143.10,33005.355
2025-11-18T20:00:00Z,93143.10,93400.00,92420.30,92916.90,14751.731
2025-11-19T00:00:00Z,92916.80,92944.80,91600.00,91842.20,24522.251
2025-11-19T04:00:00Z,91842.10,91987.20,89966.00,91826.60,46058.357
2025-11-19T08:00:00Z,91826.60,91920.00,91038.90,91372.40,19679.241
2025-11-19T12:00:00Z,91372.30,92348.20,89822.00,89901.00,42278.255
2025-11-19T16:00:00Z,89901.00,90202.50,88600.00,88857.70,54170.658
2025-11-19T20:00:00Z,88857.80,91554.90,88564.40,91508.90,39729.688
2025-11-20T00:00:00Z,91509.00,92760.00,91140.20,92404.60,26837.515
2025-11-20T04:00:00Z,92404.70,93150.00,91640.20,92267.40,27995.866
2025-11-20T08:00:00Z,92267.50,92363.10,91388.50,91892.60,17102.033
2025-11-20T12:00:00Z,91892.70,92498.60,89804.10,89835.40,50957.631
2025-11-20T16:00:00Z,89835.50,89885.70,86066.60,86880.30,114064.312
2025-11-20T20:00:00Z,86880.20,88214.10,86291.70,86601.30,39555.670
2025-11-21T00:00:00Z,86601.40,87465.40,85288.00,85782.50,45579.338
2025-11-21T04:00:00Z,85782.40,86313.20,81111.00,84006.70,78365.775
2025-11-21T08:00:00Z,84006.70,84667.10,81601.70,82279.10,84124.192
2025-11-21T12:00:00Z,82279.20,85449.20,80600.00,82905.10,129537.870
2025-11-21T16:00:00Z,82905.00,85548.40,82300.00,84167.20,80734.325
2025-11-21T20:00:00Z,84167.10,85374.50,83418.40,85093.50,31462.824
2025-11-22T00:00:00Z,85093.60,85599.90,84180.00,84414.10,19897.887
2025-11-22T04:00:00Z,84414.00,84764.30,83792.00,84537.40,15965.292
2025-11-22T08:00:00Z,84537.40,84546.40,83456.00,84066.20,20664.044
2025-11-22T12:00:00Z,84066.20,84712.70,83578.50,84239.90,18582.456
2025-11-22T16:00:00Z,84239.90,84888.00,84175.00,84566.70,9063.108
2025-11-22T20:00:00Z,84566.80,85238.30,84193.80,84689.40,10024.268
2025-11-23T00:00:00Z,84689.40,86300.00,84622.00,86261.00,24200.097
2025-11-23T04:00:00Z,86261.00,86826.80,85348.70,85732.00,24602.446
2025-11-23T08:00:00Z,85732.10,86438.50,85724.70,86290.30,16673.741
2025-11-23T12:00:00Z,86290.30,87222.00,86222.00,87042.80,26845.253
2025-11-23T16:00:00Z,87042.80,87653.90,86458.00,87276.70,24543.305
2025-11-23T20:00:00Z,87276.70,88100.00,86700.00,86807.70,22065.231
2025-11-24T00:00:00Z,86807.60,88049.50,85915.00,87408.80,36758.713
2025-11-24T04:00:00Z,87408.70,87795.90,86400.00,87004.60,26095.166
2025-11-24T08:00:00Z,87004.60,87004.60,85654.10,86232.50,25190.047
2025-11-24T12:00:00Z,86232.50,86700.00,85226.40,86571.00,47419.810
2025-11-24T16:00:00Z,86571.10,88788.00,86571.00,88277.00,51453.968
2025-11-24T20:00:00Z,88277.10,89177.30,88205.30,88247.10,24195.628
2025-11-25T00:00:00Z,88247.10,88247.10,87378.80,87775.10,19713.977
2025-11-25T04:00:00Z,87775.00,88477.60,87240.00,87362.20,17064.891
2025-11-25T08:00:00Z,87362.20,87585.70,86628.40,87311.90,23787.173
2025-11-25T12:00:00Z,87312.00,87732.70,86061.10,86946.50,39724.105
2025-11-25T16:00:00Z,86946.60,88115.00,86132.70,86835.00,30082.125
2025-11-25T20:00:00Z,86835.10,87869.40,86542.00,87324.10,19265.384
2025-11-26T00:00:00Z,87324.10,88200.00,87022.20,87088.50,17140.975
2025-11-26T04:00:00Z,87088.40,87947.00,86851.10,87896.20,14105.593
2025-11-26T08:00:00Z,87896.20,87909.20,86630.00,87049.20,17454.952
2025-11-26T12:00:00Z,87049.10,87646.80,86260.90,86926.20,36287.132
2025-11-26T16:00:00Z,86926.30,90362.70,86914.30,89923.30,54312.066
2025-11-26T20:00:00Z,89923.30,90655.40,89458.70,90438.10,19845.815
2025-11-27T00:00:00Z,90438.00,91850.00,90024.40,91049.30,32745.927
2025-11-27T04:00:00Z,91049.30,91520.00,90843.80,91361.50,14177.400
2025-11-27T08:00:00Z,91361.40,91931.90,91177.20,91334.90,18138.117
2025-11-27T12:00:00Z,91334.90,91418.40,90410.60,90912.90,24029.717
2025-11-27T16:00:00Z,90913.00,91800.00,90800.40,91489.00,17191.032
2025-11-27T20:00:00Z,91489.00,91562.80,91058.40,91292.20,7403.039
2025-11-28T00:00:00Z,91292.20,91386.60,90612.20,91168.00,13757.156
2025-11-28T04:00:00Z,91168.00,91690.00,90824.10,90870.20,13510.903
2025-11-28T08:00:00Z,90870.20,92000.00,90863.60,91382.90,21589.404
2025-11-28T12:00:00Z,91383.00,93080.00,91314.40,92299.90,48122.799
2025-11-28T16:00:00Z,92299.80,92323.60,90155.00,91106.10,41246.173
2025-11-28T20:00:00Z,91106.00,91209.00,90657.60,90847.80,8693.912
2025-11-29T00:00:00Z,90847.80,91078.40,90500.00,90638.00,7053.901
2025-11-29T04:00:00Z,90638.10,90884.80,90265.20,90523.50,9280.403
2025-11-29T08:00:00Z,90523.40,90691.50,90335.20,90633.70,6285.010
2025-11-29T12:00:00Z,90633.80,91068.10,90484.30,91030.00,8755.570
2025-11-29T16:00:00Z,91030.00,91130.00,90092.70,90602.90,14802.817
2025-11-29T20:00:00Z,90602.90,91020.00,90363.00,90765.00,8018.978
2025-11-30T00:00:00Z,90764.90,91016.00,90414.00,90873.00,6739.259
2025-11-30T04:00:00Z,90872.90,90999.40,90626.20,90924.50,4260.813
2025-11-30T08:00:00Z,90924.50,91580.00,90879.30,91000.90,14264.111
2025-11-30T12:00:00Z,91000.90,91934.40,90960.00,91405.80,16461.441
2025-11-30T16:00:00Z,91405.90,91818.80,91088.10,91423.20,8957.664
2025-11-30T20:00:00Z,91423.10,91592.30,90300.00,90320.60,15456.430
2025-12-01T00:00:00Z,90320.50,90396.90,86126.00,86319.20,80222.892
2025-12-01T04:00:00Z,86319.10,86524.60,85563.70,86487.60,31809.427
2025-12-01T08:00:00Z,86487.30,86886.00,86090.00,86100.10,19775.516
2025-12-01T12:00:00Z,86100.00,86625.00,83786.00,84650.00,83435.905
2025-12-01T16:00:00Z,84650.00,85528.70,84011.00,84985.00,46606.811
2025-12-01T20:00:00Z,84985.00,86817.00,84966.80,86241.60,34996.615
2025-12-02T00:00:00Z,86241.50,87384.00,86140.10,86936.00,23647.179
2025-12-02T04:00:00Z,86935.90,87245.90,86772.00,86965.00,11979.706
2025-12-02T08:00:00Z,86965.00,87640.00,86321.00,87326.90,24568.861
2025-12-02T12:00:00Z,87327.00,91211.30,87005.00,90809.20,78565.044
2025-12-02T16:00:00Z,90809.20,92273.20,90156.40,91849.90,54905.622
2025-12-02T20:00:00Z,91849.90,91970.40,90643.50,91249.10,34434.753
2025-12-03T00:00:00Z,91249.10,93068.90,90954.80,92589.20,30608.344
2025-12-03T04:00:00Z,92589.20,93932.70,92578.00,92969.90,37966.712
2025-12-03T08:00:00Z,92970.00,93338.40,92602.80,92957.70,21367.918
2025-12-03T12:00:00Z,92957.60,93653.60,91637.40,92332.90,58413.578
2025-12-03T16:00:00Z,92333.00,93471.10,91733.20,92995.80,30690.222
2025-12-03T20:00:00Z,92995.80,94185.00,92784.30,93376.70,22251.543
2025-12-04T00:00:00Z,93376.80,94040.00,92628.00,93499.90,24501.316
2025-12-04T04:00:00Z,93500.00,93549.20,92737.00,93358.60,16001.449
2025-12-04T08:00:00Z,93358.50,93600.00,92666.10,92894.90,16325.267
2025-12-04T12:00:00Z,92894.90,93256.30,91762.00,92933.50,38745.228
2025-12-04T16:00:00Z,92933.40,93143.40,90822.50,91941.50,38482.820
2025-12-04T20:00:00Z,91941.50,92676.80,91649.80,92034.70,12716.347
2025-12-05T00:00:00Z,92034.70,92665.50,91917.70,92104.90,10956.852
2025-12-05T04:00:00Z,92104.80,92455.40,91750.60,92227.50,12306.339
2025-12-05T08:00:00Z,92227.60,92227.60,90940.40,91307.90,21552.042
2025-12-05T12:00:00Z,91308.00,91445.20,89863.00,90414.00,55291.144
2025-12-05T16:00:00Z,90413.90,90460.00,87976.30,89590.50,66447.207
2025-12-05T20:00:00Z,89590.50,89706.00,88856.70,89288.50,12571.473
2025-12-06T00:00:00Z,89288.60,89758.00,88986.10,89636.50,10198.215
2025-12-06T04:00:00Z,89636.50,89732.40,89410.80,89549.60,6055.827
2025-12-06T08:00:00Z,89549.50,89679.00,89165.90,89585.40,8658.915
2025-12-06T12:00:00Z,89585.40,90257.30,89424.20,89713.40,14787.600
2025-12-06T16:00:00Z,89713.30,89940.30,89203.00,89369.40,8623.445
2025-12-06T20:00:00Z,89369.50,89578.30,88870.10,89197.10,8502.865
2025-12-07T00:00:00Z,89197.10,89704.50,89131.50,89675.60,5748.385
2025-12-07T04:00:00Z,89675.70,89750.00,89155.00,89337.10,6553.596
2025-12-07T08:00:00Z,89337.10,89494.40,89012.90,89109.40,7659.024
2025-12-07T12:00:00Z,89109.30,89700.00,87688.00,89505.00,41325.561
2025-12-07T16:00:00Z,89505.00,91722.00,89065.20,91379.70,36596.274
2025-12-07T20:00:00Z,91379.80,91473.20,88890.00,90345.40,31709.165
2025-12-08T00:00:00Z,90345.40,91650.00,89806.40,91039.40,20651.383
2025-12-08T04:00:00Z,91039.30,91868.00,90979.20,91519.80,12977.758
2025-12-08T08:00:00Z,91519.80,92262.60,91433.60,91923.50,16068.448
2025-12-08T12:00:00Z,91923.60,92106.40,89553.80,89912.60,57039.196
2025-12-08T16:00:00Z,89912.70,90471.60,89629.10,90073.60,29715.552
2025-12-08T20:00:00Z,90073.70,91338.20,90073.70,90610.80,16022.402
2025-12-09T00:00:00Z,90610.80,90810.80,89774.10,90364.00,15639.888
2025-12-09T04:00:00Z,90364.10,90485.80,89368.90,90449.90,20910.849
2025-12-09T08:00:00Z,90449.90,90584.80,89868.00,90341.90,10989.605
2025-12-09T12:00:00Z,90342.00,92867.00,89953.00,92676.90,45314.765
2025-12-09T16:00:00Z,92676.90,94555.00,92656.50,93761.90,62023.498
2025-12-09T20:00:00Z,93761.90,93819.10,92199.00,92638.40,27051.658
2025-12-10T00:00:00Z,92638.30,92748.20,91900.00,92366.00,16458.476
2025-12-10T04:00:00Z,92366.00,92749.80,92339.80,92744.70,9066.291
2025-12-10T08:00:00Z,92744.70,93278.90,91721.00,92085.50,22951.746
2025-12-10T12:00:00Z,92085.40,92197.30,91520.00,92021.80,20761.517
2025-12-10T16:00:00Z,92021.80,93223.60,91605.00,92913.80,47793.664
2025-12-10T20:00:00Z,92913.90,94443.70,91825.00,91977.50,43457.086
2025-12-11T00:00:00Z,91977.50,92046.30,89321.00,89833.10,41765.030
2025-12-11T04:00:00Z,89833.10,90445.60,89640.40,90231.40,16187.084
2025-12-11T08:00:00Z,90231.30,90494.70,89931.00,90195.30,11011.162
2025-12-11T12:00:00Z,90195.30,90618.00,89200.00,89830.10,36667.082
2025-12-11T16:00:00Z,89830.10,91499.00,89288.00,90793.50,36608.297
2025-12-11T20:00:00Z,90793.50,93547.30,90749.60,92477.50,48909.413
2025-12-12T00:00:00Z,92477.60,92719.00,91400.00,92234.30,22813.990
2025-12-12T04:00:00Z,92234.30,92685.50,92028.40,92389.50,11201.460
2025-12-12T08:00:00Z,92389.50,92600.00,92050.00,92381.50,9687.193
2025-12-12T12:00:00Z,92381.40,92630.00,89688.00,89895.00,49205.788
2025-12-12T16:00:00Z,89895.00,90617.70,89429.00,90147.30,41898.523
2025-12-12T20:00:00Z,90147.40,90357.50,89843.00,90229.60,10037.156
2025-12-13T00:00:00Z,90229.70,90432.00,90077.00,90304.00,5591.180
2025-12-13T04:00:00Z,90304.10,90379.50,90226.80,90286.10,3796.600
2025-12-13T08:00:00Z,90286.00,90599.00,90239.00,90298.40,7893.366
2025-12-13T12:00:00Z,90298.50,90441.90,89888.00,90055.40,9021.404
2025-12-13T16:00:00Z,90055.30,90236.60,89944.00,90150.90,4576.962
2025-12-13T20:00:00Z,90150.80,90248.00,89711.90,90191.30,5358.221
2025-12-14T00:00:00Z,90191.30,90440.00,90071.60,90222.30,7086.650
2025-12-14T04:00:00Z,90222.40,90300.00,90005.80,90205.10,3999.939
2025-12-14T08:00:00Z,90205.10,90250.00,88412.80,89308.20,24641.953
2025-12-14T12:00:00Z,89308.30,89630.80,88831.70,88985.20,17265.699
2025-12-14T16:00:00Z,88985.20,89372.80,88432.00,88598.70,17696.731
2025-12-14T20:00:00Z,88598.70,88779.10,87504.30,88118.80,21395.682
2025-12-15T00:00:00Z,88118.80,89972.40,88025.30,89239.90,27815.116
2025-12-15T04:00:00Z,89240.00,89880.00,89229.50,89703.00,10941.101
2025-12-15T08:00:00Z,89702.90,89940.00,89525.00,89606.00,11790.519
2025-12-15T12:00:00Z,89606.00,89845.00,86563.60,86996.60,67384.379
2025-12-15T16:00:00Z,86996.50,87189.90,85073.00,86104.20,56199.332
2025-12-15T20:00:00Z,86104.20,86437.10,85489.70,86389.90,20085.598
2025-12-16T00:00:00Z,86390.00,86478.60,85340.10,85837.70,16787.316
2025-12-16T04:00:00Z,85837.60,86577.00,85226.00,85964.80,17300.472
2025-12-16T08:00:00Z,85964.90,87299.70,85874.60,87216.60,18856.619
2025-12-16T12:00:00Z,87216.60,88143.90,86055.90,87936.30,54188.458
2025-12-16T16:00:00Z,87936.30,88012.50,87015.80,87538.70,26033.481
2025-12-16T20:00:00Z,87538.70,87900.00,87297.90,87826.30,9058.702
2025-12-17T00:00:00Z,87826.30,87925.80,87104.20,87178.10,11671.628
2025-12-17T04:00:00Z,87178.20,87360.80,86158.40,87010.40,22749.284
2025-12-17T08:00:00Z,87010.40,87100.00,86201.00,86939.30,15486.489
2025-12-17T12:00:00Z,86939.20,90363.20,86768.80,87191.40,86140.012
2025-12-17T16:00:00Z,87191.00,87737.30,85261.30,85982.70,55699.358
2025-12-17T20:00:00Z,85982.70,86421.00,85630.00,86201.60,16899.977
2025-12-18T00:00:00Z,86201.60,86836.20,85820.60,86575.10,16118.556
2025-12-18T04:00:00Z,86575.10,86859.10,86323.70,86787.50,11560.136
2025-12-18T08:00:00Z,86787.50,87417.60,86640.50,87268.10,14444.149
2025-12-18T12:00:00Z,87257.00,89447.90,87068.00,88480.80,75762.851
2025-12-18T16:00:00Z,88480.70,88500.00,84429.90,84447.00,83673.674
2025-12-18T20:00:00Z,84447.00,85800.00,84408.60,85469.70,28014.313
2025-12-19T00:00:00Z,85469.80,87550.00,85062.70,86863.10,30604.064
2025-12-19T04:00:00Z,86863.20,88366.00,86651.90,87909.70,28039.593
2025-12-19T08:00:00Z,87909.70,88345.10,87700.00,88169.90,16798.031
2025-12-19T12:00:00Z,88170.00,89374.60,87488.00,87925.60,51776.280
2025-12-19T16:00:00Z,87925.60,88888.00,86795.50,87812.80,36941.972
2025-12-19T20:00:00Z,87812.90,88406.30,87569.10,88100.00,14124.554
2025-12-20T00:00:00Z,88100.00,88294.80,87926.70,88165.30,5637.357
2025-12-20T04:00:00Z,88165.30,88551.80,88065.90,88239.90,6898.331
2025-12-20T08:00:00Z,88240.00,88397.80,88063.80,88243.60,4869.385
2025-12-20T12:00:00Z,88243.60,88320.00,87698.50,88134.60,11529.379
2025-12-20T16:00:00Z,88134.50,88407.70,88060.00,88196.30,3919.255
2025-12-20T20:00:00Z,88196.40,88434.90,88111.10,88320.80,3120.141
2025-12-21T00:00:00Z,88320.70,88400.00,87821.10,88043.20,7336.323
2025-12-21T04:00:00Z,88043.30,88174.50,88010.00,88138.70,2659.008
2025-12-21T08:00:00Z,88138.80,89050.00,88103.30,88570.60,15426.009
2025-12-21T12:00:00Z,88570.70,88885.90,87548.50,88024.70,25733.455
2025-12-21T16:00:00Z,88024.70,88588.00,87902.00,88448.20,10214.556
2025-12-21T20:00:00Z,88448.30,88786.90,88047.40,88621.30,6255.037
2025-12-22T00:00:00Z,88621.30,89600.00,87845.00,88727.50,31996.805
2025-12-22T04:00:00Z,88727.40,89173.80,88665.30,89127.70,9144.909
2025-12-22T08:00:00Z,89127.80,90085.00,89050.10,89905.20,25914.874
2025-12-22T12:00:00Z,89905.20,90599.00,89109.10,89688.50,43053.447
2025-12-22T16:00:00Z,89688.60,90088.00,87906.70,88011.10,26150.733
2025-12-22T20:00:00Z,88011.00,88805.90,87872.60,88581.50,18432.701
2025-12-23T00:00:00Z,88581.50,88904.90,87738.30,88128.20,16525.238
2025-12-23T04:00:00Z,88128.20,88342.00,86976.60,87531.30,23180.432
2025-12-23T08:00:00Z,87531.30,87852.00,87256.30,87813.90,12098.900
2025-12-23T12:00:00Z,87813.80,87914.00,86536.00,87405.30,34384.868
2025-12-23T16:00:00Z,87405.20,88247.80,87121.40,87724.20,32501.327
2025-12-23T20:00:00Z,87724.20,88349.20,87145.00,87463.00,14967.183
2025-12-24T00:00:00Z,87463.10,87849.90,86817.90,87311.40,15341.836
2025-12-24T04:00:00Z,87311.40,87430.00,86738.80,86868.10,11302.398
2025-12-24T08:00:00Z,86868.10,87316.70,86671.70,87162.60,10537.249
2025-12-24T12:00:00Z,87162.60,87450.00,86355.00,87012.00,23298.985
2025-12-24T16:00:00Z,87012.00,87660.00,86878.30,87521.40,13327.506
2025-12-24T20:00:00Z,87521.40,88033.30,87484.60,87627.30,7735.534
2025-12-25T00:00:00Z,87627.40,87933.50,87466.90,87811.60,5633.524
2025-12-25T04:00:00Z,87811.60,87830.00,87617.10,87795.90,3874.387
2025-12-25T08:00:00Z,87795.90,87858.80,87219.00,87485.20,8305.291
2025-12-25T12:00:00Z,87485.20,88594.00,87360.70,88338.90,15360.367
2025-12-25T16:00:00Z,88339.00,88451.60,87947.80,88112.30,9470.156
2025-12-25T20:00:00Z,88112.30,88139.20,86902.10,87182.80,15152.527
2025-12-26T00:00:00Z,87182.80,89432.00,86824.80,88796.20,38115.137
2025-12-26T04:00:00Z,88796.20,89557.60,88300.50,88433.00,21937.337
2025-12-26T08:00:00Z,88433.00,88888.00,88380.00,88507.50,11419.104
2025-12-26T12:00:00Z,88507.60,89037.00,86619.90,87100.00,51437.502
2025-12-26T16:00:00Z,87100.00,87555.00,86760.40,87453.70,19187.707
2025-12-26T20:00:00Z,87453.70,87750.00,87266.60,87318.20,7874.950
2025-12-27T00:00:00Z,87318.30,87493.40,87203.00,87473.40,4564.436
2025-12-27T04:00:00Z,87473.40,87669.70,87374.50,87490.90,3525.475
2025-12-27T08:00:00Z,87490.90,87634.90,87324.60,87433.60,5166.212
2025-12-27T12:00:00Z,87433.60,87555.00,87264.80,87516.20,4515.048
2025-12-27T16:00:00Z,87516.30,87545.60,87397.50,87522.40,2442.758
2025-12-27T20:00:00Z,87522.30,87956.90,87455.50,87829.40,7080.180
2025-12-28T00:00:00Z,87829.50,87921.70,87674.40,87693.00,4818.273
2025-12-28T04:00:00Z,87693.10,87802.50,87566.00,87697.70,3595.942
2025-12-28T08:00:00Z,87697.70,87980.90,87676.40,87850.80,5882.811
2025-12-28T12:00:00Z,87850.90,88078.30,87762.20,87797.70,6369.212
2025-12-28T16:00:00Z,87797.60,87902.70,87448.40,87488.60,9230.702
2025-12-28T20:00:00Z,87488.70,88023.40,87402.60,87920.50,7463.024
2025-12-29T00:00:00Z,87920.40,90156.50,87778.50,90091.60,45213.489
2025-12-29T04:00:00Z,90091.50,90373.40,89448.10,89583.00,25464.187
2025-12-29T08:00:00Z,89583.00,89791.50,87520.10,87529.00,45300.356
2025-12-29T12:00:00Z,87529.10,88150.00,86760.00,87636.60,49719.631
2025-12-29T16:00:00Z,87636.40,87968.10,87259.60,87328.90,15239.929
2025-12-29T20:00:00Z,87328.90,87569.20,87043.40,87203.30,9066.617
2025-12-30T00:00:00Z,87203.20,87393.10,86789.00,87334.70,13438.983
2025-12-30T04:00:00Z,87334.70,87581.40,87105.60,87457.50,8171.089
2025-12-30T08:00:00Z,87457.50,88190.60,87455.50,87875.20,23327.302
2025-12-30T12:00:00Z,87875.30,89126.00,87788.20,88966.80,38901.923
2025-12-30T16:00:00Z,88966.80,89355.00,87910.40,88189.70,32511.331
2025-12-30T20:00:00Z,88189.80,88533.00,87833.20,88455.30,10394.632
2025-12-31T00:00:00Z,88455.20,88780.00,88134.90,88411.50,11679.228
2025-12-31T04:00:00Z,88411.60,88596.00,88280.10,88569.00,6284.482
2025-12-31T08:00:00Z,88568.90,89000.00,88339.90,88967.60,12440.160
2025-12-31T12:00:00Z,88967.60,89192.80,87729.20,87909.00,31536.840
2025-12-31T16:00:00Z,87909.00,88024.30,87350.50,87515.00,24053.975
2025-12-31T20:00:00Z,87515.00,87849.70,87189.20,87608.20,10773.672
2026-01-01T00:00:00Z,87608.30,88065.00,87600.00,87824.60,7102.550
2026-01-01T04:00:00Z,87824.60,87831.60,87508.40,87603.70,5685.305
2026-01-01T08:00:00Z,87603.70,87985.60,87590.00,87980.10,6046.668
2026-01-01T12:00:00Z,87980.10,88079.30,87758.40,87986.80,8130.085
2026-01-01T16:00:00Z,87986.80,88475.80,87833.10,88354.80,11314.033
2026-01-01T20:00:00Z,88354.80,88881.40,88193.20,88800.00,9662.662
2026-01-02T00:00:00Z,88800.00,89088.00,88324.40,88899.30,19809.197
2026-01-02T04:00:00Z,88899.30,89055.00,88533.60,88829.30,12241.301
2026-01-02T08:00:00Z,88829.30,89900.00,88780.00,89458.30,27887.349
2026-01-02T12:00:00Z,89458.30,90126.50,88401.20,89373.10,50647.142
2026-01-02T16:00:00Z,89373.00,90945.10,89145.20,89865.00,53631.695
2026-01-02T20:00:00Z,89865.00,90368.70,89588.00,89951.40,12445.764
2026-01-03T00:00:00Z,89951.50,90365.90,89914.50,90279.90,6484.185
2026-01-03T04:00:00Z,90280.00,90456.00,89261.20,89535.90,14358.150
2026-01-03T08:00:00Z,89535.90,89943.90,89380.20,89706.40,9668.717
2026-01-03T12:00:00Z,89706.40,90200.00,89620.00,89931.80,10078.954
2026-01-03T16:00:00Z,89931.70,90189.00,89866.50,90091.80,4811.570
2026-01-03T20:00:00Z,90091.80,90716.90,89972.90,90595.80,11489.693
2026-01-04T00:00:00Z,90595.80,91597.60,90595.70,91192.70,21036.474
2026-01-04T04:00:00Z,91192.70,91779.70,91142.30,91477.50,13544.574
2026-01-04T08:00:00Z,91477.50,91581.70,91111.90,91262.70,11954.424
2026-01-04T12:00:00Z,91262.80,91377.20,90968.00,91292.80,10317.597
2026-01-04T16:00:00Z,91292.80,91429.40,90790.10,91102.90,9385.331
2026-01-04T20:00:00Z,91102.90,91567.00,91085.10,91497.10,7534.629
2026-01-05T00:00:00Z,91497.20,93382.50,91476.50,92835.20,51047.503
2026-01-05T04:00:00Z,92835.30,92920.00,92102.00,92492.10,20234.161
2026-01-05T08:00:00Z,92492.10,93131.80,92292.00,93093.30,20213.743
2026-01-05T12:00:00Z,93093.30,93998.90,92370.90,93899.90,43133.117
2026-01-05T16:00:00Z,93900.00,94475.70,93201.00,94248.60,35514.604
2026-01-05T20:00:00Z,94248.60,94760.30,93757.90,93822.40,19273.184
2026-01-06T00:00:00Z,93822.30,94125.10,93467.10,93725.80,13154.652
2026-01-06T04:00:00Z,93725.70,93966.40,93088.00,93207.40,16653.016
2026-01-06T08:00:00Z,93207.40,93865.50,93130.40,93799.90,13061.435
2026-01-06T12:00:00Z,93800.00,94415.40,93292.00,93608.20,42110.368
2026-01-06T16:00:00Z,93608.20,93728.90,91209.00,92062.20,69722.545
2026-01-06T20:00:00Z,92062.20,93825.00,92062.20,93708.00,32741.034
2026-01-07T00:00:00Z,93708.10,93708.10,92202.90,92778.20,23633.179
2026-01-07T04:00:00Z,92778.10,92893.00,92457.90,92848.10,9331.514
2026-01-07T08:00:00Z,92848.10,92928.00,91549.90,92041.90,31461.263
2026-01-07T12:00:00Z,92041.80,92249.30,90987.00,91303.10,39915.388
2026-01-07T16:00:00Z,91303.20,91750.00,90634.10,91143.60,28364.998
2026-01-07T20:00:00Z,91143.60,91462.10,90740.50,91328.00,16280.508
2026-01-08T00:00:00Z,91328.10,91666.00,90555.10,90780.10,15801.589
2026-01-08T04:00:00Z,90780.00,91157.60,89588.10,90509.90,33939.861
2026-01-08T08:00:00Z,90509.80,90741.20,89733.60,90192.30,26745.978
2026-01-08T12:00:00Z,90192.20,90790.00,89242.00,90730.00,49177.480
2026-01-08T16:00:00Z,90730.00,91425.10,90244.70,90890.90,28633.856
2026-01-08T20:00:00Z,90890.90,91449.90,90519.90,91059.80,14177.180
2026-01-09T00:00:00Z,91059.80,91600.00,90800.60,91190.10,13112.406
2026-01-09T04:00:00Z,91190.10,91203.00,90704.00,90712.10,7718.517
2026-01-09T08:00:00Z,90712.10,90812.00,89632.80,90398.10,29857.973
2026-01-09T12:00:00Z,90398.10,91999.00,89800.00,91137.70,50210.138
2026-01-09T16:00:00Z,91137.80,91749.90,90145.00,90290.60,30045.679
2026-01-09T20:00:00Z,90290.60,90693.00,90082.60,90603.60,9449.964
2026-01-10T00:00:00Z,90603.70,90748.60,90474.40,90591.30,4296.028
2026-01-10T04:00:00Z,90591.30,90650.40,90351.60,90627.10,3897.275
2026-01-10T08:00:00Z,90627.10,90800.00,90570.00,90692.80,5112.255
2026-01-10T12:00:00Z,90692.90,90758.70,90494.00,90622.70,4673.046
2026-01-10T16:00:00Z,90622.80,90708.00,90450.00,90591.40,3632.768
2026-01-10T20:00:00Z,90591.30,90627.60,90358.50,90469.60,3659.369
2026-01-11T00:00:00Z,90469.70,90699.90,90410.60,90696.50,3298.738
2026-01-11T04:00:00Z,90696.40,90818.00,90530.90,90664.00,3375.466
2026-01-11T08:00:00Z,90663.90,90787.80,90555.00,90707.30,4860.961
2026-01-11T12:00:00Z,90707.20,91143.10,90650.00,90834.10,11189.115
2026-01-11T16:00:00Z,90834.00,91252.50,90609.50,90644.70,7657.326
2026-01-11T20:00:00Z,90644.70,91000.00,90175.30,90964.40,13162.776
2026-01-12T00:00:00Z,90964.40,92488.00,90642.00,91766.20,34613.115
2026-01-12T04:00:00Z,91766.20,92245.10,91342.00,91369.20,14891.693
2026-01-12T08:00:00Z,91369.20,91586.50,90319.40,90573.90,30364.738
2026-01-12T12:00:00Z,90573.90,91637.80,90066.00,91618.70,33382.596
2026-01-12T16:00:00Z,91618.60,92299.00,90966.00,91821.90,43461.407
2026-01-12T20:00:00Z,91821.90,92017.00,90870.00,91252.60,12523.834
2026-01-13T00:00:00Z,91252.50,91524.50,91011.00,91380.90,11584.552
2026-01-13T04:00:00Z,91380.90,92258.00,91316.30,91908.00,20473.116
2026-01-13T08:00:00Z,91908.00,92676.60,91850.60,91962.10,23092.118
2026-01-13T12:00:00Z,91962.10,93408.00,91700.60,93407.90,48588.204
2026-01-13T16:00:00Z,93407.90,94189.00,93009.80,94179.50,39149.646
2026-01-13T20:00:00Z,94179.60,96863.70,94011.70,95375.20,57658.282
2026-01-14T00:00:00Z,95375.20,95670.00,95082.00,95665.70,16464.491
2026-01-14T04:00:00Z,95665.60,95755.00,94413.40,95166.60,23449.918
2026-01-14T08:00:00Z,95166.60,95288.00,94700.00,94763.60,14291.289
2026-01-14T12:00:00Z,94763.70,97100.00,94643.00,96691.90,56131.329
2026-01-14T16:00:00Z,96691.90,97733.90,96180.00,97221.80,52868.159
2026-01-14T20:00:00Z,97221.80,97932.10,96666.60,96907.90,18838.305
2026-01-15T00:00:00Z,96908.00,96960.90,95733.10,95943.10,19713.874
2026-01-15T04:00:00Z,95943.10,96744.20,95909.10,96601.20,17931.660
2026-01-15T08:00:00Z,96601.20,97155.00,96243.80,96548.90,15485.899
2026-01-15T12:00:00Z,96548.90,97100.00,95403.70,96717.30,45603.132
2026-01-15T16:00:00Z,96717.30,97047.60,95080.00,95469.20,37698.441
2026-01-15T20:00:00Z,95469.20,95837.80,95089.00,95567.30,12771.735
2026-01-16T00:00:00Z,95567.40,95825.00,95279.80,95319.60,9561.470
2026-01-16T04:00:00Z,95319.60,95790.00,95111.10,95608.40,14107.350
2026-01-16T08:00:00Z,95608.40,95805.00,95210.50,95382.60,9683.442
2026-01-16T12:00:00Z,95382.50,95763.00,94234.50,94537.50,37520.560
2026-01-16T16:00:00Z,94537.60,95191.80,94454.50,94961.00,17146.236
2026-01-16T20:00:00Z,94961.00,95550.00,94630.00,95503.70,13199.031
2026-01-17T00:00:00Z,95503.80,95536.90,95136.20,95324.00,5524.505
2026-01-17T04:00:00Z,95324.10,95346.10,94999.90,95061.10,4766.776
2026-01-17T08:00:00Z,95061.10,95287.10,94977.50,95283.90,4032.162
2026-01-17T12:00:00Z,95283.80,95621.90,95152.10,95529.00,11191.027
2026-01-17T16:00:00Z,95529.00,95529.00,95165.50,95258.30,7792.851
2026-01-17T20:00:00Z,95258.30,95373.20,95000.00,95107.90,5661.912
2026-01-18T00:00:00Z,95107.90,95200.90,94819.50,95155.00,6600.369
2026-01-18T04:00:00Z,95155.00,95236.50,94980.00,94989.90,4813.436
2026-01-18T08:00:00Z,94989.90,95257.40,94980.00,95133.40,5147.428
2026-01-18T12:00:00Z,95133.30,95326.40,94850.40,95067.80,12660.949
2026-01-18T16:00:00Z,95067.70,95485.90,95024.60,95335.60,7763.476
2026-01-18T20:00:00Z,95335.60,95490.00,93550.30,93614.00,25594.735
2026-01-19T00:00:00Z,93614.00,93614.10,91800.00,92656.60,49990.263
2026-01-19T04:00:00Z,92656.70,92810.00,92344.50,92787.90,11351.718
2026-01-19T08:00:00Z,92787.80,93312.80,92635.00,93136.70,13800.415
2026-01-19T12:00:00Z,93136.80,93188.00,92660.00,93013.50,11142.096
2026-01-19T16:00:00Z,93013.40,93379.00,92888.00,93066.20,8569.393
2026-01-19T20:00:00Z,93066.20,93312.10,92116.00,92589.60,13383.171
2026-01-20T00:00:00Z,92589.60,92845.00,92200.00,92397.00,13853.313
2026-01-20T04:00:00Z,92396.90,92440.10,90723.30,91136.10,40101.084
2026-01-20T08:00:00Z,91136.10,91415.10,90622.20,91185.80,17642.089
2026-01-20T12:00:00Z,91185.80,91344.80,89819.00,90644.20,49534.190
2026-01-20T16:00:00Z,90644.30,90944.50,89250.20,89694.10,34730.522
2026-01-20T20:00:00Z,89694.10,89824.00,87787.20,88390.60,32215.002
2026-01-21T00:00:00Z,88390.70,89568.50,88218.20,89396.00,18898.318
2026-01-21T04:00:00Z,89395.90,90088.00,89045.00,89171.30,19315.661
2026-01-21T08:00:00Z,89171.30,89449.00,88614.10,88757.10,13506.472
2026-01-21T12:00:00Z,88757.00,90599.50,88109.70,90237.10,54268.387
2026-01-21T16:00:00Z,90237.20,90427.60,87205.50,90321.90,76317.133
2026-01-21T20:00:00Z,90321.90,90349.00,89317.90,89411.40,25776.644
2026-01-22T00:00:00Z,89411.40,90327.70,89411.30,89857.00,13517.244
2026-01-22T04:00:00Z,89856.90,90170.10,89750.00,89772.60,8495.666
2026-01-22T08:00:00Z,89772.60,90123.00,89701.90,89909.60,9239.677
2026-01-22T12:00:00Z,89909.70,90309.50,88465.60,88953.60,42054.956
2026-01-22T16:00:00Z,88953.70,89882.10,88630.20,89732.90,22922.654
2026-01-22T20:00:00Z,89732.80,89908.50,89095.50,89518.50,9684.024
2026-01-23T00:00:00Z,89518.40,89948.90,89400.00,89886.10,7103.310
2026-01-23T04:00:00Z,89886.20,90050.00,89358.00,89497.20,10350.649
2026-01-23T08:00:00Z,89497.30,89590.90,88823.30,89171.20,14039.112
2026-01-23T12:00:00Z,89171.30,89847.20,88530.00,89711.20,27156.810
2026-01-23T16:00:00Z,89711.20,91195.00,89438.00,89938.30,53329.738
2026-01-23T20:00:00Z,89938.30,90124.10,89163.60,89558.70,12846.231
2026-01-24T00:00:00Z,89558.70,89893.90,89383.50,89738.40,5898.549
2026-01-24T04:00:00Z,89738.40,89820.10,89530.60,89581.20,4004.245
2026-01-24T08:00:00Z,89581.30,89659.20,89539.50,89548.50,3259.833
2026-01-24T12:00:00Z,89548.50,89554.90,89131.20,89235.00,8263.039
2026-01-24T16:00:00Z,89234.90,89425.20,89116.90,89286.00,6341.109
2026-01-24T20:00:00Z,89286.10,89444.40,89155.00,89180.70,2969.162
2026-01-25T00:00:00Z,89180.70,89281.60,88800.00,88920.00,5837.206
2026-01-25T04:00:00Z,88920.00,89057.80,88600.00,88630.30,6941.923
2026-01-25T08:00:00Z,88630.30,88727.20,88084.00,88531.00,12171.295
2026-01-25T12:00:00Z,88530.90,88947.10,88306.60,88406.00,12877.754
2026-01-25T16:00:00Z,88406.00,88410.00,86100.00,86459.40,55909.370
2026-01-25T20:00:00Z,86459.40,86966.40,86021.70,86628.90,31141.815
2026-01-26T00:00:00Z,86628.90,87922.00,86463.20,87233.10,28640.303
2026-01-26T04:00:00Z,87233.10,88059.60,87188.30,87968.90,13632.750
2026-01-26T08:00:00Z,87969.00,88367.50,87556.90,87810.00,12963.850
2026-01-26T12:00:00Z,87810.10,88834.10,87278.50,87609.50,37919.782
2026-01-26T16:00:00Z,87609.40,88496.40,86960.00,87965.60,28639.512
2026-01-26T20:00:00Z,87965.50,88637.40,87506.80,88300.60,12813.294
2026-01-27T00:00:00Z,88300.60,88880.60,88157.40,88744.60,12771.372
2026-01-27T04:00:00Z,88744.70,88983.30,88239.90,88287.90,8861.368
2026-01-27T08:00:00Z,88288.00,88365.60,87707.10,87947.50,10960.454
2026-01-27T12:00:00Z,87947.40,88418.80,87530.00,88000.10,21717.911
2026-01-27T16:00:00Z,88000.10,88836.30,87265.40,88378.10,38341.683
2026-01-27T20:00:00Z,88378.10,89499.00,88335.60,89197.80,25273.326
2026-01-28T00:00:00Z,89197.80,89454.60,88932.60,89079.80,10026.193
2026-01-28T04:00:00Z,89079.80,89366.00,88786.00,89106.80,9710.807
2026-01-28T08:00:00Z,89106.80,90122.00,88831.90,90036.90,19303.904
2026-01-28T12:00:00Z,90036.90,90444.40,88852.20,89444.40,38056.703
2026-01-28T16:00:00Z,89444.50,90592.70,88974.00,89363.60,32992.134
2026-01-28T20:00:00Z,89363.50,89880.10,88829.00,89261.70,13795.118
2026-01-29T00:00:00Z,89261.70,89316.80,87650.10,88003.20,26173.956
2026-01-29T04:00:00Z,88003.20,88394.20,87863.00,88310.90,9421.294
2026-01-29T08:00:00Z,88310.90,88461.20,87711.00,87795.20,16008.750
2026-01-29T12:00:00Z,87795.10,88133.20,84335.40,84898.00,74469.515
2026-01-29T16:00:00Z,84897.90,85596.10,83338.30,83979.40,83125.553
2026-01-29T20:00:00Z,83979.50,84699.90,83785.60,84604.70,17562.523
2026-01-30T00:00:00Z,84604.70,84697.20,81000.00,82640.90,76402.239
2026-01-30T04:00:00Z,82640.90,83300.00,82021.10,82770.10,33705.929
2026-01-30T08:00:00Z,82770.10,83280.60,82108.40,83104.80,24459.859
2026-01-30T12:00:00Z,83104.70,83779.20,82328.60,82850.20,42061.200
2026-01-30T16:00:00Z,82850.10,84599.00,81832.00,84200.00,52992.028
2026-01-30T20:00:00Z,84199.90,84487.70,83501.00,84211.40,25173.261
2026-01-31T00:00:00Z,84211.40,84239.50,83775.50,83987.50,9341.051
2026-01-31T04:00:00Z,83987.50,84110.00,83368.00,83514.40,10028.444
2026-01-31T08:00:00Z,83514.30,83598.00,82530.20,82983.20,23221.921
2026-01-31T12:00:00Z,82983.20,83115.30,80754.30,81268.60,51733.360
2026-01-31T16:00:00Z,81268.60,82200.00,75500.00,77707.90,140211.477
2026-01-31T20:00:00Z,77707.90,79200.00,77037.80,78706.80,37012.258
2026-02-01T00:00:00Z,78706.70,79396.80,78245.70,78826.30,19245.976
2026-02-01T04:00:00Z,78826.30,79094.90,77899.90,78320.80,18661.217
2026-02-01T08:00:00Z,78320.80,79194.00,78099.80,78712.10,18582.650
2026-02-01T12:00:00Z,78712.10,78732.00,76752.50,77563.80,45953.015
2026-02-01T16:00:00Z,77563.80,78421.60,76950.90,77142.40,29864.884
2026-02-01T20:00:00Z,77142.40,77753.60,75644.00,76931.50,54676.338
2026-02-02T00:00:00Z,76931.60,78111.00,74555.00,76256.20,70032.518
2026-02-02T04:00:00Z,76256.20,76930.00,74853.00,76612.60,56149.261
2026-02-02T08:00:00Z,76612.60,77937.70,76576.70,77716.10,30912.995
2026-02-02T12:00:00Z,77716.00,79311.00,77515.60,78800.60,58953.880
2026-02-02T16:00:00Z,78800.50,79248.00,78234.90,78299.20,27195.435
2026-02-02T20:00:00Z,78299.10,78935.90,77843.20,78692.50,16402.325
2026-02-03T00:00:00Z,78692.50,79163.00,77566.50,78710.70,24856.120
2026-02-03T04:00:00Z,78710.70,78967.90,77900.10,78749.90,19860.497
2026-02-03T08:00:00Z,78750.00,79049.00,77900.00,78040.10,23203.397
2026-02-03T12:00:00Z,78040.10,78425.80,77000.50,78094.10,51447.122
2026-02-03T16:00:00Z,78094.20,78101.50,72889.20,74893.80,138235.631
2026-02-03T20:00:00Z,74893.90,76920.70,74541.00,75732.40,50122.749
2026-02-04T00:00:00Z,75732.40,76952.50,75420.00,76661.10,25230.293
2026-02-04T04:00:00Z,76661.10,76809.40,76072.00,76478.90,13166.927
2026-02-04T08:00:00Z,76478.90,76568.00,75629.90,75987.60,23832.370
2026-02-04T12:00:00Z,75987.60,76245.50,73756.00,74107.00,78049.845
2026-02-04T16:00:00Z,74107.00,74211.80,72101.00,73895.30,110739.361
2026-02-04T20:00:00Z,73895.20,74141.10,71838.00,73137.40,42105.843
2026-02-05T00:00:00Z,73137.50,73316.30,71111.00,71198.90,61677.796
2026-02-05T04:00:00Z,71199.00,71600.00,70085.30,70716.10,70629.246
2026-02-05T08:00:00Z,70716.10,71944.40,69862.00,70279.00,55156.137
2026-02-05T12:00:00Z,70279.10,70848.60,66666.00,67451.90,168792.675
2026-02-05T16:00:00Z,67452.00,68667.40,65160.00,65237.40,138785.242
2026-02-05T20:00:00Z,65237.50,65678.10,62233.30,62868.10,175048.645
2026-02-06T00:00:00Z,62868.10,65969.50,59800.00,64138.10,176970.308
2026-02-06T04:00:00Z,64138.10,66783.00,63924.70,64811.20,70097.968
2026-02-06T08:00:00Z,64811.20,66773.40,64438.90,66586.10,54110.748
2026-02-06T12:00:00Z,66586.10,69157.90,66072.00,68577.50,105687.051
2026-02-06T16:00:00Z,68577.50,71451.60,68348.00,70675.50,107975.296
2026-02-06T20:00:00Z,70675.50,71714.40,69764.70,70544.50,44341.398
2026-02-07T00:00:00Z,70544.50,70899.50,69674.50,70887.10,31855.755
2026-02-07T04:00:00Z,70887.20,71690.00,67250.00,68050.50,88703.150
2026-02-07T08:00:00Z,68050.50,68797.80,67550.20,67935.10,39834.145
2026-02-07T12:00:00Z,67935.00,70000.00,67870.20,69122.10,59726.379
2026-02-07T16:00:00Z,69122.10,69887.70,68478.10,69341.40,34087.255
2026-02-07T20:00:00Z,69341.30,69688.20,68734.60,69254.20,12456.967
2026-02-08T00:00:00Z,69254.30,69666.00,68843.70,69064.70,14911.652
2026-02-08T04:00:00Z,69064.70,69693.00,68928.00,69665.00,12103.435
2026-02-08T08:00:00Z,69665.10,71199.90,69467.90,70954.00,43821.848
2026-02-08T12:00:00Z,70954.00,71524.90,70653.00,71152.60,28255.244
2026-02-08T16:00:00Z,71152.50,71480.00,70220.10,71381.00,23445.872
2026-02-08T20:00:00Z,71381.00,72300.00,69913.30,70288.10,40215.536
2026-02-09T00:00:00Z,70288.20,71434.90,70013.30,71269.90,28075.139
2026-02-09T04:00:00Z,71269.80,71320.00,70251.10,70393.50,19162.987
2026-02-09T08:00:00Z,70393.50,70583.30,68373.90,68899.90,49010.982
2026-02-09T12:00:00Z,68900.00,69843.70,68271.70,69528.90,56527.819
2026-02-09T16:00:00Z,69528.90,71041.00,69050.00,70912.70,46984.623
2026-02-09T20:00:00Z,70912.60,71085.00,69776.10,70110.50,22681.278
2026-02-10T00:00:00Z,70110.60,70499.90,69155.80,69473.30,22533.107
2026-02-10T04:00:00Z,69473.20,69886.10,68633.30,68882.10,26911.354
2026-02-10T08:00:00Z,68882.20,69376.30,68406.40,68489.90,24790.436
2026-02-10T12:00:00Z,68489.90,69554.70,67883.00,69251.50,61160.036
2026-02-10T16:00:00Z,69251.40,69957.90,68555.60,69031.40,34739.185
2026-02-10T20:00:00Z,69031.30,69116.90,68322.10,68805.30,13738.491
2026-02-11T00:00:00Z,68805.30,69262.70,67951.80,68143.60,19145.197
2026-02-11T04:00:00Z,68143.60,68288.00,66511.00,67000.00,43120.560
2026-02-11T08:00:00Z,67000.00,67094.40,66342.60,67023.00,25236.662
2026-02-11T12:00:00Z,67022.90,68821.10,65718.50,66489.30,94588.830
2026-02-11T16:00:00Z,66489.40,67831.40,65834.50,67547.70,47502.511
2026-02-11T20:00:00Z,67547.60,68315.00,66757.40,67054.40,27031.764
2026-02-12T00:00:00Z,67054.80,68021.00,67016.60,67550.20,19130.074
2026-02-12T04:00:00Z,67550.30,67659.60,66640.00,67181.50,17969.216
2026-02-12T08:00:00Z,67181.50,68265.50,66860.00,68031.80,23709.827
2026-02-12T12:00:00Z,68031.80,68385.00,66958.00,67107.00,45122.558
2026-02-12T16:00:00Z,67107.00,67221.90,65081.00,65760.70,70971.692
2026-02-12T20:00:00Z,65760.70,66460.80,65177.80,66243.10,23089.892
2026-02-13T00:00:00Z,66243.20,66778.50,65833.90,66519.60,18050.465
2026-02-13T04:00:00Z,66519.60,66650.20,65964.20,66183.30,15780.838
2026-02-13T08:00:00Z,66183.30,67196.80,66159.90,67137.80,22860.438
2026-02-13T12:00:00Z,67137.80,69289.50,66823.60,68652.00,71464.150
2026-02-13T16:00:00Z,68652.10,69473.70,68500.00,68904.20,38164.259
2026-02-13T20:00:00Z,68904.30,69055.90,68639.70,68821.50,16723.139
2026-02-14T00:00:00Z,68821.50,69118.10,68736.20,68947.70,9642.697
2026-02-14T04:00:00Z,68947.70,69318.20,68689.10,69182.20,9127.385
2026-02-14T08:00:00Z,69182.10,70557.70,69174.50,70464.80,27428.772
2026-02-14T12:00:00Z,70464.80,70499.40,69163.70,69754.20,36370.367
2026-02-14T16:00:00Z,69754.20,69903.30,69259.10,69849.00,15953.444
2026-02-14T20:00:00Z,69848.90,70230.60,69600.00,69795.40,16011.581
2026-02-15T00:00:00Z,69795.40,69967.40,69212.20,69926.00,18571.897
2026-02-15T04:00:00Z,69925.90,70907.70,69925.90,70784.00,26247.372
2026-02-15T08:00:00Z,70784.00,70938.50,70114.80,70268.70,18316.803
2026-02-15T12:00:00Z,70268.60,70391.00,68741.40,69068.10,41787.049
2026-02-15T16:00:00Z,69068.10,69074.00,68029.60,68263.60,30584.219
2026-02-15T20:00:00Z,68263.70,69049.20,68100.20,68796.90,15742.790
2026-02-16T00:00:00Z,68796.90,69033.60,68112.20,68392.60,13437.439
2026-02-16T04:00:00Z,68392.60,68869.80,68183.30,68552.40,12323.489
2026-02-16T08:00:00Z,68552.50,69029.90,68300.00,68769.40,15845.783
2026-02-16T12:00:00Z,68769.40,70110.90,67250.00,67505.50,69582.444
2026-02-16T16:00:00Z,67505.50,68221.70,67475.00,67883.60,20666.719
2026-02-16T20:00:00Z,67883.50,68962.10,67788.60,68862.50,17723.874
2026-02-17T00:00:00Z,68862.60,69228.60,68350.00,68443.60,16477.877
2026-02-17T04:00:00Z,68443.60,68681.80,67854.20,68353.40,15435.494
2026-02-17T08:00:00Z,68353.40,68445.80,67655.00,67824.40,15199.471
2026-02-17T12:00:00Z,67824.30,68350.00,66588.00,67363.60,51182.908
2026-02-17T16:00:00Z,67363.60,68220.10,66824.50,67766.90,40921.100
2026-02-17T20:00:00Z,67766.90,67897.60,67355.70,67475.90,9968.272
2026-02-18T00:00:00Z,67475.90,67683.40,66850.10,67590.20,13859.457
2026-02-18T04:00:00Z,67590.30,68190.20,67456.60,68078.40,13751.365
2026-02-18T08:00:00Z,68078.50,68438.00,67037.20,67345.40,27303.081
2026-02-18T12:00:00Z,67345.40,68336.00,66666.20,67671.00,43142.829
2026-02-18T16:00:00Z,67671.10,67684.60,65826.10,66138.20,48354.052
2026-02-18T20:00:00Z,66138.30,66528.80,65993.10,66422.80,17562.607
2026-02-19T00:00:00Z,66422.80,66975.00,66301.80,66950.40,11949.431
2026-02-19T04:00:00Z,66950.40,67299.40,66651.80,67180.40,12987.831
2026-02-19T08:00:00Z,67180.40,67180.40,66431.10,66468.90,17634.609
2026-02-19T12:00:00Z,66468.80,66723.00,65595.70,66362.70,53345.665
2026-02-19T16:00:00Z,66362.60,67174.00,65863.80,67022.90,39321.698
2026-02-19T20:00:00Z,67022.80,67147.80,66618.20,66974.00,12193.367
2026-02-20T00:00:00Z,66973.90,67490.00,66912.40,67327.20,16163.093
2026-02-20T04:00:00Z,67327.20,67999.90,67079.30,67794.70,23131.392
2026-02-20T08:00:00Z,67794.80,68283.70,67250.00,67290.50,27634.024
2026-02-20T12:00:00Z,67290.40,68099.90,66408.10,67547.60,89010.872
2026-02-20T16:00:00Z,67547.60,67998.90,66915.00,67616.50,53992.045
2026-02-20T20:00:00Z,67616.50,68220.00,67486.60,67979.30,15372.545
2026-02-21T00:00:00Z,67979.30,68079.00,67488.90,67637.00,13484.385
2026-02-21T04:00:00Z,67636.90,67899.00,67555.20,67821.00,6835.056
2026-02-21T08:00:00Z,67821.00,68280.00,67776.20,68060.90,16424.915
2026-02-21T12:00:00Z,68061.00,68687.00,67882.80,68571.50,21938.833
2026-02-21T16:00:00Z,68571.50,68632.50,68066.00,68516.30,16510.563
2026-02-21T20:00:00Z,68516.30,68568.10,67860.00,67933.10,12301.741
2026-02-22T00:00:00Z,67933.20,68198.50,67763.70,68010.50,12501.071
2026-02-22T04:00:00Z,68010.50,68204.30,67850.40,67973.00,8942.586
2026-02-22T08:00:00Z,67973.00,68220.00,67877.00,68183.40,9086.000
2026-02-22T12:00:00Z,68183.40,68205.10,67275.00,67659.90,31174.344
2026-02-22T16:00:00Z,67660.00,67712.00,67150.00,67402.20,12981.135
2026-02-22T20:00:00Z,67402.10,67728.00,67324.10,67613.50,9658.286
2026-02-23T00:00:00Z,67613.60,67655.80,64232.80,64894.00,89086.873
2026-02-23T04:00:00Z,64894.10,65980.00,64628.50,65915.80,31480.866
2026-02-23T08:00:00Z,65915.70,66574.50,65534.60,66170.80,30726.787
2026-02-23T12:00:00Z,66170.80,66490.00,65500.00,65633.10,44068.051
2026-02-23T16:00:00Z,65633.10,65701.20,64050.00,64273.90,57061.836
2026-02-23T20:00:00Z,64273.90,64989.00,63860.00,64625.80,24726.883
2026-02-24T00:00:00Z,64625.80,64980.00,63303.90,63570.50,44780.755
2026-02-24T04:00:00Z,63570.50,63606.30,62655.00,63155.30,43162.099
2026-02-24T08:00:00Z,63155.40,63432.40,62900.00,63192.20,17864.350
2026-02-24T12:00:00Z,63192.10,63993.10,62401.70,63933.40,55745.736
2026-02-24T16:00:00Z,63933.40,64719.10,63664.80,64405.40,44265.128
2026-02-24T20:00:00Z,64405.40,64566.50,63769.20,64031.30,17332.501
2026-02-25T00:00:00Z,64031.40,66283.10,63876.00,65361.70,56855.085
2026-02-25T04:00:00Z,65361.70,65627.50,64720.40,65001.10,26612.513
2026-02-25T08:00:00Z,65001.20,65674.10,64929.70,65396.70,19061.581
2026-02-25T12:00:00Z,65396.60,67548.00,65280.10,67362.30,69345.322
2026-02-25T16:00:00Z,67362.40,69531.30,67354.20,69005.20,77165.838
2026-02-25T20:00:00Z,69005.20,69999.00,67557.00,67952.50,50198.479
2026-02-26T00:00:00Z,67952.50,68666.00,67690.10,68187.50,24179.246
2026-02-26T04:00:00Z,68187.40,68850.00,67780.00,67800.00,20005.173
2026-02-26T08:00:00Z,67800.00,68689.70,67750.00,68025.20,23034.015
2026-02-26T12:00:00Z,68025.20,68270.90,66730.70,67353.40,50416.384
2026-02-26T16:00:00Z,67353.30,67888.00,66462.00,67550.70,47321.725
2026-02-26T20:00:00Z,67550.70,67790.10,67114.00,67448.20,12880.512
2026-02-27T00:00:00Z,67448.10,67670.00,66841.60,67557.40,22307.866
2026-02-27T04:00:00Z,67557.40,68188.80,67417.40,67644.10,22791.161
2026-02-27T08:00:00Z,67644.10,68127.80,65923.00,66094.10,50214.113
2026-02-27T12:00:00Z,66094.00,66320.00,65626.10,66072.60,53927.286
2026-02-27T16:00:00Z,66072.50,66095.20,65080.00,65365.40,37731.794
2026-02-27T20:00:00Z,65365.40,65921.70,64875.60,65836.00,18985.144
2026-02-28T00:00:00Z,65836.00,65994.70,65681.90,65763.80,10665.044
2026-02-28T04:00:00Z,65763.80,65786.80,62979.50,63788.40,77198.277
2026-02-28T08:00:00Z,63787.40,64267.90,63313.90,63810.40,35913.713
2026-02-28T12:00:00Z,63810.40,65335.80,63782.20,64800.00,55609.039
2026-02-28T16:00:00Z,64800.10,66642.80,64635.00,66318.10,39161.254
2026-02-28T20:00:00Z,66318.10,67735.00,66150.00,66937.10,39375.459
2026-03-01T00:00:00Z,66937.00,68189.00,65812.00,67474.70,56559.864
2026-03-01T04:00:00Z,67474.80,67582.20,66757.20,67113.90,24461.609
2026-03-01T08:00:00Z,67114.00,67275.50,66160.40,66439.00,25330.042
2026-03-01T12:00:00Z,66439.00,67333.00,66100.00,66810.80,31465.641
2026-03-01T16:00:00Z,66810.80,67083.00,65681.30,65926.00,39092.282
2026-03-01T20:00:00Z,65925.90,66888.00,65011.00,65750.00,42201.998
2026-03-02T00:00:00Z,65749.90,67082.50,65726.00,66787.30,30045.733
2026-03-02T04:00:00Z,66787.30,66966.00,65509.00,65981.30,23909.560
2026-03-02T08:00:00Z,65981.20,66707.50,65612.40,66329.90,25846.474
2026-03-02T12:00:00Z,66329.80,69588.00,65234.40,69089.10,100518.310
2026-03-02T16:00:00Z,69089.10,70100.00,68519.80,68928.40,69288.610
2026-03-02T20:00:00Z,68928.40,69500.00,68529.50,68801.80,27769.345
2026-03-03T00:00:00Z,68801.80,69221.60,68142.10,68349.30,24654.008
2026-03-03T04:00:00Z,68349.40,68561.90,67759.60,68138.30,25184.326
2026-03-03T08:00:00Z,68138.20,68281.60,66270.70,67000.00,57583.252
2026-03-03T12:00:00Z,67000.00,68000.00,66080.00,67692.50,67933.027
2026-03-03T16:00:00Z,67692.50,68972.90,67440.00,68395.90,61502.223
2026-03-03T20:00:00Z,68395.90,68821.50,67778.40,68295.30,20613.064
2026-03-04T00:00:00Z,68295.20,68887.90,67350.00,67700.10,33692.828
2026-03-04T04:00:00Z,67700.10,69676.40,67421.90,69464.50,39330.795
2026-03-04T08:00:00Z,69464.50,71887.90,69100.20,71082.40,94611.132
2026-03-04T12:00:00Z,71082.30,73436.40,70559.70,73339.70,92618.500
2026-03-04T16:00:00Z,73339.70,74046.50,72467.20,73580.20,67026.008
2026-03-04T20:00:00Z,73580.30,73678.20,72273.00,72641.40,29864.233
2026-03-05T00:00:00Z,72641.40,73295.70,72300.00,72469.60,23591.685
2026-03-05T04:00:00Z,72469.50,73060.00,71740.00,72025.50,32629.087
2026-03-05T08:00:00Z,72025.40,73539.10,71716.30,72879.90,38402.512
2026-03-05T12:00:00Z,72880.00,73032.00,71136.20,71611.70,62191.887
2026-03-05T16:00:00Z,71611.70,71620.60,70612.80,70875.50,50962.285
2026-03-05T20:00:00Z,70875.50,71530.40,70737.90,70854.80,18390.824
2026-03-06T00:00:00Z,70854.80,71387.50,70339.60,71045.40,23279.920
2026-03-06T04:00:00Z,71045.40,71168.00,70100.00,71026.70,29611.984
2026-03-06T08:00:00Z,71026.70,71035.30,70164.90,70185.60,25068.966
2026-03-06T12:00:00Z,70185.60,70328.50,68121.60,68468.40,84732.612
2026-03-06T16:00:00Z,68468.30,68759.50,67712.30,68101.00,34900.467
2026-03-06T20:00:00Z,68100.90,68406.60,67731.00,68083.00,15788.754
2026-03-07T00:00:00Z,68083.00,68524.90,68018.70,68063.20,14174.659
2026-03-07T04:00:00Z,68063.30,68130.70,67411.00,67809.40,20253.761
2026-03-07T08:00:00Z,67809.50,68215.60,67675.00,67975.90,13839.088
2026-03-07T12:00:00Z,67976.00,68061.10,67568.40,67844.80,13378.413
2026-03-07T16:00:00Z,67844.80,67913.60,66850.10,67042.60,19525.490
2026-03-07T20:00:00Z,67042.60,67445.90,67028.00,67232.10,13398.751
2026-03-08T00:00:00Z,67232.10,67459.00,66720.80,66974.90,16885.389
2026-03-08T04:00:00Z,66974.90,67430.00,66508.00,67277.20,18554.059
2026-03-08T08:00:00Z,67277.10,68171.60,67121.10,67490.00,27801.877
2026-03-08T12:00:00Z,67490.10,67623.00,66730.00,67174.70,27339.604
2026-03-08T16:00:00Z,67174.60,67459.20,66707.00,67299.00,18854.836
2026-03-08T20:00:00Z,67299.00,67496.40,65569.20,65934.30,46312.208
2026-03-09T00:00:00Z,65934.30,67646.00,65770.50,67165.30,41435.983
2026-03-09T04:00:00Z,67165.30,68038.40,66833.90,67504.80,42658.686
2026-03-09T08:00:00Z,67504.90,68441.50,67301.00,67723.30,33413.817
2026-03-09T12:00:00Z,67723.30,69449.10,67714.20,68832.30,64501.076
2026-03-09T16:00:00Z,68832.40,69498.00,68200.10,68951.80,39934.468
2026-03-09T20:00:00Z,68951.80,69100.20,68333.00,68394.10,15267.517
2026-03-10T00:00:00Z,68394.00,70555.00,68345.00,69391.00,51529.442
2026-03-10T04:00:00Z,69391.00,70500.00,69391.00,70374.70,28318.564
2026-03-10T08:00:00Z,70374.70,71272.40,70332.20,70570.10,38904.133
2026-03-10T12:00:00Z,70570.10,71748.10,69184.80,71296.90,79824.041
2026-03-10T16:00:00Z,71296.90,71665.80,69688.00,70005.20,43473.679
2026-03-10T20:00:00Z,70005.10,70375.40,69388.00,69901.90,23624.625
2026-03-11T00:00:00Z,69901.80,70139.60,69455.60,69517.00,19934.411
2026-03-11T04:00:00Z,69517.00,70249.10,69329.70,69622.10,22428.745
2026-03-11T08:00:00Z,69622.20,69750.00,69098.00,69144.00,19591.571
2026-03-11T12:00:00Z,69144.00,71060.70,68932.90,70186.90,81262.520
2026-03-11T16:00:00Z,70187.00,71286.00,70093.20,70600.80,37304.834
2026-03-11T20:00:00Z,70600.70,70931.90,70078.60,70150.00,15105.875
2026-03-12T00:00:00Z,70150.00,70314.10,69180.00,69402.60,24677.582
2026-03-12T04:00:00Z,69402.60,69818.80,69150.00,69782.60,17621.830
2026-03-12T08:00:00Z,69782.70,70756.50,69540.90,70388.50,35040.695
2026-03-12T12:00:00Z,70388.60,70625.00,69303.80,70282.90,60362.280
2026-03-12T16:00:00Z,70282.80,70530.00,69725.00,70393.70,33038.945
2026-03-12T20:00:00Z,70393.70,70727.90,69974.70,70480.10,15749.261
2026-03-13T00:00:00Z,70480.10,71979.20,70342.70,71366.30,49074.595
2026-03-13T04:00:00Z,71366.30,71649.70,71150.00,71585.30,22770.578
2026-03-13T08:00:00Z,71585.20,72547.00,71347.10,72189.90,43793.534
2026-03-13T12:00:00Z,72189.80,73870.00,71700.00,71800.00,95514.604
2026-03-13T16:00:00Z,71800.10,72215.10,70811.00,71148.00,67789.571
2026-03-13T20:00:00Z,71148.10,71452.10,70510.80,70895.50,21289.239
2026-03-14T00:00:00Z,70895.50,71141.70,70436.20,71034.30,17911.298
2026-03-14T04:00:00Z,71034.30,71272.30,70256.00,70565.60,20769.739
2026-03-14T08:00:00Z,70565.60,70745.10,70350.00,70705.00,11804.118
2026-03-14T12:00:00Z,70705.00,70914.60,70444.10,70554.60,12725.591
2026-03-14T16:00:00Z,70554.70,70707.90,70455.60,70664.10,5710.845
2026-03-14T20:00:00Z,70664.10,71221.90,70607.70,71174.40,10361.423
2026-03-15T00:00:00Z,71174.40,71599.90,70815.70,71314.80,17119.670
2026-03-15T04:00:00Z,71314.80,71750.00,71277.10,71420.80,16031.421
2026-03-15T08:00:00Z,71420.80,71897.90,71420.80,71800.00,14103.141
2026-03-15T12:00:00Z,71800.10,71800.10,71220.10,71444.40,19469.966
2026-03-15T16:00:00Z,71444.40,71971.80,71275.00,71515.20,17115.499
2026-03-15T20:00:00Z,71515.20,73199.90,71396.40,72778.90,42634.545
2026-03-16T00:00:00Z,72778.80,74307.30,72235.60,73539.50,50880.921
2026-03-16T04:00:00Z,73539.50,74444.00,73345.90,73427.70,55945.157
2026-03-16T08:00:00Z,73427.80,73856.60,72841.90,73515.30,30983.237
2026-03-16T12:00:00Z,73515.30,74481.50,72926.40,73240.20,65250.406
2026-03-16T16:00:00Z,73240.20,74399.90,73122.00,73928.80,31945.377
2026-03-16T20:00:00Z,73928.80,74880.00,73819.00,74846.40,34071.892
2026-03-17T00:00:00Z,74846.40,75998.90,74231.60,74424.90,58475.828
2026-03-17T04:00:00Z,74424.90,74652.20,73723.40,74212.70,34915.028
2026-03-17T08:00:00Z,74212.80,74418.50,73512.00,73997.10,29483.915
2026-03-17T12:00:00Z,73997.10,74856.20,73330.30,73878.50,51694.124
2026-03-17T16:00:00Z,73878.50,74763.60,73826.80,74460.80,27312.217
2026-03-17T20:00:00Z,74460.80,74777.00,73829.50,73872.40,16397.861
2026-03-18T00:00:00Z,73872.30,74633.00,73492.00,74414.60,17853.087
2026-03-18T04:00:00Z,74414.70,74455.70,73636.50,73840.00,16057.317
2026-03-18T08:00:00Z,73840.10,74246.20,72731.60,72906.40,34321.746
2026-03-18T12:00:00Z,72906.40,72947.40,70821.20,71436.40,94292.645
2026-03-18T16:00:00Z,71436.30,71980.50,70858.30,71030.30,40790.497
2026-03-18T20:00:00Z,71030.30,71438.10,70456.00,71202.90,23440.177
2026-03-19T00:00:00Z,71202.90,71598.30,70858.40,71180.00,16806.300
2026-03-19T04:00:00Z,71180.00,71180.00,69421.10,70145.10,45952.411
2026-03-19T08:00:00Z,70145.00,70535.00,69860.30,69926.80,28698.426
2026-03-19T12:00:00Z,69926.80,70144.60,68750.00,69372.70,72865.933
2026-03-19T16:00:00Z,69372.80,70563.50,69065.40,70233.10,36895.021
2026-03-19T20:00:00Z,70233.00,70655.20,69677.10,69887.40,17428.086
2026-03-20T00:00:00Z,69887.40,70777.00,69801.30,70696.10,18120.173
2026-03-20T04:00:00Z,70696.10,70944.90,70161.00,70811.90,21998.628
2026-03-20T08:00:00Z,70812.00,71342.20,70175.00,70439.90,35467.865
2026-03-20T12:00:00Z,70440.00,70647.50,69450.00,69829.50,61685.772
2026-03-20T16:00:00Z,69829.50,70161.00,69350.00,70141.90,28032.496
2026-03-20T20:00:00Z,70141.90,70888.00,69701.30,70472.70,20936.583
2026-03-21T00:00:00Z,70472.60,70803.10,70403.20,70638.00,8766.870
2026-03-21T04:00:00Z,70637.90,70849.20,70582.70,70687.30,8316.400
2026-03-21T08:00:00Z,70687.40,70721.70,70455.60,70618.30,8839.546
2026-03-21T12:00:00Z,70618.20,71077.70,70420.00,70599.10,14845.433
2026-03-21T16:00:00Z,70599.10,70620.20,70163.00,70365.90,10277.605
2026-03-21T20:00:00Z,70365.80,70482.20,68511.30,68881.50,23039.032
2026-03-22T00:00:00Z,68881.50,69555.80,68189.00,69307.00,35724.348
2026-03-22T04:00:00Z,69307.10,69493.20,68846.40,68884.50,13159.053
2026-03-22T08:00:00Z,68884.50,68950.00,68030.00,68177.00,22401.831
2026-03-22T12:00:00Z,68177.00,69000.00,68153.10,68814.90,20510.702
2026-03-22T16:00:00Z,68814.90,68852.30,68108.00,68170.60,11335.985
2026-03-22T20:00:00Z,68170.60,68470.60,67300.00,67830.60,31748.645
2026-03-23T00:00:00Z,67830.70,68555.50,67400.10,68045.10,25498.732
2026-03-23T04:00:00Z,68045.20,68872.40,67456.70,68306.00,38017.808
2026-03-23T08:00:00Z,68305.90,71468.00,67880.00,70097.30,98820.429
2026-03-23T12:00:00Z,70097.20,71789.80,69644.00,70112.20,82230.708
2026-03-23T16:00:00Z,70112.20,71232.00,70100.50,70647.10,33568.000
2026-03-23T20:00:00Z,70647.10,70976.30,70370.00,70865.90,12964.001
2026-03-24T00:00:00Z,70866.00,71080.00,70232.00,70512.10,16904.604
2026-03-24T04:00:00Z,70512.10,71377.50,70075.50,71255.20,25264.519
2026-03-24T08:00:00Z,71255.20,71339.80,70812.70,71116.40,20900.666
2026-03-24T12:00:00Z,71116.40,71144.00,69467.80,69837.70,60563.264
2026-03-24T16:00:00Z,69837.60,69979.00,68884.50,69342.60,40454.956
2026-03-24T20:00:00Z,69342.60,70800.00,69257.90,70523.90,32103.941
2026-03-25T00:00:00Z,70524.00,71028.00,70375.00,70689.30,20167.741
2026-03-25T04:00:00Z,70689.20,71319.90,70659.90,70900.00,20176.191
2026-03-25T08:00:00Z,70899.90,71999.90,70752.50,71650.30,31609.885
2026-03-25T12:00:00Z,71650.30,71933.30,70531.40,70792.40,50063.907
2026-03-25T16:00:00Z,70792.40,71742.20,70623.40,70853.20,30523.044
2026-03-25T20:00:00Z,70853.30,71606.00,70603.00,71297.50,13975.081
2026-03-26T00:00:00Z,71297.50,71408.10,70640.00,70881.90,15369.374
2026-03-26T04:00:00Z,70882.00,70882.00,69722.60,70053.80,28170.739
2026-03-26T08:00:00Z,70053.80,70131.50,69127.20,69239.30,31299.448
2026-03-26T12:00:00Z,69239.30,69872.20,68553.40,69054.80,49114.500
2026-03-26T16:00:00Z,69054.90,69138.80,68115.80,68502.70,32420.866
2026-03-26T20:00:00Z,68502.70,69466.60,68378.50,68788.00,30098.687
2026-03-27T00:00:00Z,68788.10,69142.70,68458.50,68728.80,15782.447
2026-03-27T04:00:00Z,68728.80,68925.00,68257.20,68501.70,22617.561
2026-03-27T08:00:00Z,68501.80,68619.90,66175.40,66663.20,66255.788
2026-03-27T12:00:00Z,66663.30,66742.20,65681.50,66092.00,59804.127
2026-03-27T16:00:00Z,66091.90,66267.40,65501.00,66005.40,34760.006
2026-03-27T20:00:00Z,66005.50,66384.00,65766.10,66364.20,13131.119
2026-03-28T00:00:00Z,66364.10,66472.40,65888.00,66191.80,13447.828
2026-03-28T04:00:00Z,66191.80,66533.90,66068.30,66520.80,9361.184
2026-03-28T08:00:00Z,66520.90,66529.40,66087.30,66288.50,10694.728
2026-03-28T12:00:00Z,66288.40,67284.00,66191.70,66982.30,31909.105
2026-03-28T16:00:00Z,66982.40,67065.00,66644.00,66873.00,11262.952
2026-03-28T20:00:00Z,66873.00,66978.00,66233.60,66334.80,12697.695
2026-03-29T00:00:00Z,66334.80,67100.00,66235.60,66875.70,15037.104
2026-03-29T04:00:00Z,66875.70,66907.50,66521.40,66632.50,10557.620
2026-03-29T08:00:00Z,66632.40,66986.80,66375.50,66780.80,11793.427
2026-03-29T12:00:00Z,66780.80,66849.00,66288.10,66500.00,16588.365
2026-03-29T16:00:00Z,66499.90,66639.00,66111.00,66320.20,12137.954
2026-03-29T20:00:00Z,66320.30,66767.90,64918.20,65977.90,44163.926
2026-03-30T00:00:00Z,65978.00,67487.70,65754.20,67139.80,43452.227
2026-03-30T04:00:00Z,67140.00,67777.00,67129.30,67595.90,24988.604
2026-03-30T08:00:00Z,67595.90,67998.00,67333.30,67651.50,25240.799
2026-03-30T12:00:00Z,67651.50,68148.40,67055.00,67590.20,42769.125
2026-03-30T16:00:00Z,67590.20,67614.90,66200.10,66516.00,34170.069
2026-03-30T20:00:00Z,66515.90,66973.50,66377.10,66764.40,16438.241
2026-03-31T00:00:00Z,66764.40,68377.00,66498.90,67670.80,38783.787
2026-03-31T04:00:00Z,67670.80,67865.70,67071.90,67343.80,21775.200
2026-03-31T08:00:00Z,67343.90,67476.90,65938.00,66652.40,45906.629
2026-03-31T12:00:00Z,66652.40,67765.80,66374.40,66700.00,60392.206
2026-03-31T16:00:00Z,66700.00,68600.00,66695.90,67803.00,60172.062
2026-03-31T20:00:00Z,67803.00,68382.90,67794.80,68241.50,16303.201
2026-04-01T00:00:00Z,68241.40,68330.00,67534.90,68134.00,21051.997
2026-04-01T04:00:00Z,68134.00,69288.00,67965.00,68651.90,39490.528
2026-04-01T08:00:00Z,68651.90,68821.50,68360.00,68669.90,19706.052
2026-04-01T12:00:00Z,68670.00,68938.80,67883.70,68877.00,38470.852
2026-04-01T16:00:00Z,68876.90,69142.60,67900.40,68143.80,27241.301
2026-04-01T20:00:00Z,68143.70,68510.60,67927.00,68086.50,11315.490
2026-04-02T00:00:00Z,68086.40,68639.10,66455.90,66538.40,51050.567
2026-04-02T04:00:00Z,66538.40,66898.50,66171.80,66887.90,25041.797
2026-04-02T08:00:00Z,66887.80,66887.90,66065.10,66180.60,19810.094
2026-04-02T12:00:00Z,66180.60,67080.00,65676.10,66810.60,54090.961
2026-04-02T16:00:00Z,66810.60,67400.00,66550.00,66943.20,29514.463
2026-04-02T20:00:00Z,66943.20,67078.90,66681.30,66868.50,8851.039
2026-04-03T00:00:00Z,66868.60,66976.20,66240.00,66550.00,18212.835
2026-04-03T04:00:00Z,66550.10,67233.30,66375.10,67008.80,13472.972
2026-04-03T08:00:00Z,67008.80,67258.00,66644.00,66983.40,12486.352
2026-04-03T12:00:00Z,66983.50,67350.00,66478.50,66806.10,22358.522
2026-04-03T16:00:00Z,66806.00,67046.10,66714.10,66857.00,7921.876
2026-04-03T20:00:00Z,66857.00,66946.30,66791.80,66930.00,4815.276
2026-04-04T00:00:00Z,66930.00,66935.30,66773.30,66799.10,3902.732
2026-04-04T04:00:00Z,66799.10,67023.70,66745.50,66982.00,6007.355
2026-04-04T08:00:00Z,66982.10,67223.80,66874.50,67128.90,7992.931
2026-04-04T12:00:00Z,67128.90,67554.50,67003.70,67357.30,16379.357
2026-04-04T16:00:00Z,67357.40,67523.80,67226.40,67262.70,11176.887
2026-04-04T20:00:00Z,67262.80,67452.70,67150.60,67271.00,5311.075
2026-04-05T00:00:00Z,67271.10,67279.20,66900.00,67113.50,6903.652
2026-04-05T04:00:00Z,67113.40,67160.00,66575.50,66787.40,13916.330
2026-04-05T08:00:00Z,66787.40,67132.80,66782.10,66972.70,6904.214
2026-04-05T12:00:00Z,66972.70,67828.60,66650.00,67272.20,27564.797
2026-04-05T16:00:00Z,67272.20,67540.00,67132.20,67329.10,10633.010
2026-04-05T20:00:00Z,67329.10,69108.00,67302.40,68997.90,38996.166
2026-04-06T00:00:00Z,68997.90,69583.00,68740.20,69092.40,31472.532
2026-04-06T04:00:00Z,69092.30,69338.20,68769.60,69089.70,16774.749
2026-04-06T08:00:00Z,69089.80,70252.90,69047.70,69583.60,31538.644
2026-04-06T12:00:00Z,69583.50,69931.90,69088.00,69922.50,31536.197
2026-04-06T16:00:00Z,69922.40,70332.50,69240.00,69704.80,28697.393
2026-04-06T20:00:00Z,69704.80,69940.00,68227.50,68817.90,26737.721
2026-04-07T00:00:00Z,68817.90,69111.80,68241.90,68746.30,22331.356
2026-04-07T04:00:00Z,68746.40,68955.60,68400.60,68592.10,12350.999
2026-04-07T08:00:00Z,68592.00,69219.00,68033.00,68310.80,32353.624
2026-04-07T12:00:00Z,68310.70,68613.80,67711.00,68138.40,38539.121
2026-04-07T16:00:00Z,68138.50,69068.60,68049.90,68975.90,28366.793
2026-04-07T20:00:00Z,68975.90,72743.40,68975.90,71890.20,98886.354
2026-04-08T00:00:00Z,71890.20,72086.40,71186.00,71259.60,26757.697
2026-04-08T04:00:00Z,71259.70,71919.00,71250.00,71612.00,17009.861
2026-04-08T08:00:00Z,71612.10,71945.00,71367.00,71650.20,14461.090
2026-04-08T12:00:00Z,71650.20,72858.50,70671.60,71274.80,79220.378
2026-04-08T16:00:00Z,71274.90,71934.50,70980.00,71283.00,32164.665
2026-04-08T20:00:00Z,71283.00,71726.70,70850.90,71038.10,13764.801
2026-04-09T00:00:00Z,71038.20,71168.00,70428.00,70961.20,21193.853
2026-04-09T04:00:00Z,70961.20,71087.80,70666.00,70945.00,12002.442
2026-04-09T08:00:00Z,70945.00,71533.00,70831.90,71109.90,17310.192
2026-04-09T12:00:00Z,71109.90,72320.00,70470.20,72108.00,49151.802
2026-04-09T16:00:00Z,72108.00,72517.90,71688.80,72055.90,41877.194
2026-04-09T20:00:00Z,72055.80,73128.00,71539.90,71750.40,34270.974
2026-04-10T00:00:00Z,71750.40,72350.00,71546.00,71837.30,21715.955
2026-04-10T04:00:00Z,71837.30,72243.60,71382.10,71461.20,16485.581
2026-04-10T08:00:00Z,71461.20,72229.00,71395.00,72092.70,19118.232
2026-04-10T12:00:00Z,72092.80,73255.70,71868.50,72421.00,57943.465
2026-04-10T16:00:00Z,72421.10,73223.40,72350.00,73187.30,23358.005
2026-04-10T20:00:00Z,73187.40,73450.00,72669.10,72917.40,17948.428
2026-04-11T00:00:00Z,72917.40,73066.20,72615.00,72835.10,10123.999
2026-04-11T04:00:00Z,72835.10,72921.50,72566.40,72707.70,11906.343
2026-04-11T08:00:00Z,72707.80,72886.00,72580.00,72868.20,8113.981
2026-04-11T12:00:00Z,72868.20,72945.00,72451.90,72817.30,12417.345
2026-04-11T16:00:00Z,72817.30,73773.40,72775.30,73635.90,23634.789
2026-04-11T20:00:00Z,73635.90,73648.80,72861.20,73013.40,13973.213
2026-04-12T00:00:00Z,73013.40,73094.40,71259.00,71563.60,43169.182
2026-04-12T04:00:00Z,71563.60,71750.00,71369.70,71628.10,12023.589
2026-04-12T08:00:00Z,71628.20,71750.00,71309.70,71435.00,8820.093
2026-04-12T12:00:00Z,71435.00,71478.00,70566.50,70856.20,34941.462
2026-04-12T16:00:00Z,70856.10,71199.00,70777.00,71055.20,11517.812
2026-04-12T20:00:00Z,71055.20,71423.90,70458.20,70711.10,24350.851
2026-04-13T00:00:00Z,70711.20,71245.00,70574.00,70944.80,15132.601
2026-04-13T04:00:00Z,70944.80,71114.90,70627.90,70780.00,11392.397
2026-04-13T08:00:00Z,70780.10,70960.30,70517.30,70883.90,11273.638
2026-04-13T12:00:00Z,70883.90,72431.00,70722.30,71823.60,57450.265
2026-04-13T16:00:00Z,71823.60,73441.70,71629.50,73272.20,56314.370
2026-04-13T20:00:00Z,73272.10,74870.00,72953.30,74385.00,61466.248
2026-04-14T00:00:00Z,74384.90,74583.10,73946.90,74408.80,19651.083
2026-04-14T04:00:00Z,74408.80,74900.00,74112.20,74513.40,16214.625
2026-04-14T08:00:00Z,74513.30,74873.50,74267.20,74342.40,16225.412
2026-04-14T12:00:00Z,74342.40,76009.00,74234.00,75268.10,75098.043
2026-04-14T16:00:00Z,75268.10,75684.90,73789.70,74176.40,41947.024
2026-04-14T20:00:00Z,74176.50,74387.70,73766.80,74106.90,14125.303
2026-04-15T00:00:00Z,74106.90,74739.20,74085.00,74296.80,16203.804
2026-04-15T04:00:00Z,74296.80,74400.00,73449.00,73705.10,19300.982
2026-04-15T08:00:00Z,73705.20,74227.50,73640.10,74155.10,17459.363
2026-04-15T12:00:00Z,74155.00,74473.50,73540.00,73797.50,32291.529
2026-04-15T16:00:00Z,73797.50,75240.00,73714.90,74957.80,24574.563
2026-04-15T20:00:00Z,74957.70,75425.60,74466.50,74776.20,21199.530
2026-04-16T00:00:00Z,74776.30,75232.70,74400.00,74851.90,15651.250
2026-04-16T04:00:00Z,74851.90,75130.00,74590.30,74667.70,17045.274
2026-04-16T08:00:00Z,74667.70,74866.90,74226.20,74528.40,20577.670
2026-04-16T12:00:00Z,74528.40,74981.10,73256.80,74659.50,56715.810
2026-04-16T16:00:00Z,74659.50,75378.10,73873.50,75309.40,32912.364
2026-04-16T20:00:00Z,75309.50,75500.00,74736.50,75106.80,15495.357
2026-04-17T00:00:00Z,75106.80,75118.40,74480.00,74582.80,13107.450
2026-04-17T04:00:00Z,74582.80,75060.40,74508.20,75047.40,11691.865
2026-04-17T08:00:00Z,75047.40,76350.00,74951.60,75542.20,53474.253
2026-04-17T12:00:00Z,75542.10,77999.90,75481.80,77736.20,107834.631
2026-04-17T16:00:00Z,77736.20,78300.00,76921.90,77348.80,40552.358
2026-04-17T20:00:00Z,77349.20,77566.00,76854.20,77030.60,12735.358
2026-04-18T00:00:00Z,77030.60,77380.00,76903.20,76964.30,9887.034
2026-04-18T04:00:00Z,76964.40,77233.60,76824.10,76951.00,10695.009
2026-04-18T08:00:00Z,76951.00,77004.20,75710.60,76002.00,37691.022
2026-04-18T12:00:00Z,76002.00,76342.70,75738.00,76124.80,17432.324
2026-04-18T16:00:00Z,76124.80,76176.60,75395.90,75604.20,23009.346
2026-04-18T20:00:00Z,75604.20,75843.30,75551.00,75653.80,7179.656
2026-04-19T00:00:00Z,75653.80,75804.00,75314.00,75473.00,10862.513
2026-04-19T04:00:00Z,75472.90,75747.30,74824.30,75205.60,18131.041
2026-04-19T08:00:00Z,75205.70,75589.20,74863.60,75557.40,14364.469
2026-04-19T12:00:00Z,75557.50,76200.00,75342.30,75807.60,28969.611
2026-04-19T16:00:00Z,75807.70,75817.70,74550.00,74917.90,25232.576
2026-04-19T20:00:00Z,74918.00,74920.20,73700.20,73758.40,31418.001
2026-04-20T00:00:00Z,73758.40,74697.60,73669.00,74593.90,21233.994
2026-04-20T04:00:00Z,74593.90,75539.30,74061.20,74795.50,25444.888
2026-04-20T08:00:00Z,74795.50,75375.10,74563.20,75148.70,18020.188
2026-04-20T12:00:00Z,75148.80,75750.00,74639.50,75668.10,42510.020
2026-04-20T16:00:00Z,75668.10,76449.80,75242.50,76252.50,38692.836
2026-04-20T20:00:00Z,76252.50,76531.00,75556.20,75790.10,20247.741
2026-04-21T00:00:00Z,75790.10,76232.30,75433.10,75669.10,13838.396
2026-04-21T04:00:00Z,75669.10,76276.60,75558.80,76050.00,14272.520
2026-04-21T08:00:00Z,76050.00,76999.00,76025.00,76408.30,27821.111
2026-04-21T12:00:00Z,76408.30,76574.30,75355.20,75799.90,48277.160
2026-04-21T16:00:00Z,75800.00,76155.00,74777.90,74988.60,38568.672
2026-04-21T20:00:00Z,74988.70,76396.20,74942.20,76288.20,21983.128
2026-04-22T00:00:00Z,76288.30,77699.00,76078.60,77488.30,39061.724
2026-04-22T04:00:00Z,77488.40,78447.50,77321.70,77979.80,41227.885
2026-04-22T08:00:00Z,77979.70,78365.80,77895.30,78263.20,15681.688
2026-04-22T12:00:00Z,78263.20,79370.00,78060.00,79234.30,53011.501
2026-04-22T16:00:00Z,79234.30,79444.00,78586.70,78791.30,27094.127
2026-04-22T20:00:00Z,78791.30,78868.90,78111.60,78139.80,15010.171
2026-04-23T00:00:00Z,78139.70,78534.90,77410.70,77704.30,29046.607
2026-04-23T04:00:00Z,77704.30,78310.10,77627.40,78009.10,17571.723
2026-04-23T08:00:00Z,78009.10,78142.20,76504.60,77649.90,35463.400
2026-04-23T12:00:00Z,77650.00,78648.00,77322.80,78329.20,35494.645
2026-04-23T16:00:00Z,78329.30,78466.80,76900.10,77670.50,43195.351
2026-04-23T20:00:00Z,77670.40,78299.00,77598.40,78216.80,11713.286
2026-04-24T00:00:00Z,78217.40,78546.00,77500.00,77690.10,23409.633
2026-04-24T04:00:00Z,77690.10,78019.20,77401.50,77620.50,17255.414
2026-04-24T08:00:00Z,77620.50,78346.10,77355.80,78194.80,25294.889
2026-04-24T12:00:00Z,78194.90,78432.90,77521.00,78007.30,31389.885
2026-04-24T16:00:00Z,78007.30,78031.90,77308.00,77596.10,20079.534
2026-04-24T20:00:00Z,77596.00,77727.00,77206.80,77395.40,10353.650
2026-04-25T00:00:00Z,77395.30,77678.00,77254.70,77629.00,6659.441
2026-04-25T04:00:00Z,77629.00,77653.20,77400.00,77449.90,5246.887
2026-04-25T08:00:00Z,77449.90,77847.00,77444.00,77638.70,8566.490
2026-04-25T12:00:00Z,77638.70,77719.10,77263.00,77289.30,9750.494
2026-04-25T16:00:00Z,77289.30,77411.80,77100.00,77285.60,10601.660
2026-04-25T20:00:00Z,77285.70,77615.70,77267.30,77585.00,5767.514
2026-04-26T00:00:00Z,77585.00,77607.70,77280.00,77349.30,6370.913
2026-04-26T04:00:00Z,77349.30,78164.70,77338.40,78061.50,15176.812
2026-04-26T08:00:00Z,78061.50,78182.80,77880.00,78050.00,6338.101
2026-04-26T12:00:00Z,78050.00,78136.50,77715.00,78007.90,11383.992
2026-04-26T16:00:00Z,78007.90,78477.90,77815.00,78183.10,15250.276
2026-04-26T20:00:00Z,78183.20,78994.80,77777.00,78613.50,25423.211
2026-04-27T00:00:00Z,78614.40,79455.00,78319.10,79065.10,28332.003
2026-04-27T04:00:00Z,79065.10,79128.10,77408.60,77556.70,46056.494
2026-04-27T08:00:00Z,77556.70,77949.90,77500.00,77804.30,15085.328
2026-04-27T12:00:00Z,77804.30,78232.00,76524.00,76760.00,45532.905
2026-04-27T16:00:00Z,76760.00,76902.70,76400.00,76844.40,20255.064
2026-04-27T20:00:00Z,76844.30,77419.70,76714.80,77331.20,13839.089
2026-04-28T00:00:00Z,77331.20,77450.00,76632.40,76770.60,16306.693
2026-04-28T04:00:00Z,76770.60,77132.40,76324.10,76828.40,17501.573
2026-04-28T08:00:00Z,76828.30,76956.00,76088.00,76198.80,16237.845
2026-04-28T12:00:00Z,76198.90,76403.70,75635.60,76027.80,32920.405
2026-04-28T16:00:00Z,76027.70,76352.00,75840.30,76293.60,12516.735
2026-04-28T20:00:00Z,76293.50,76448.00,76150.00,76298.10,8435.626
2026-04-29T00:00:00Z,76298.20,77098.80,76138.70,76955.70,17757.966
2026-04-29T04:00:00Z,76955.70,77432.10,76839.80,77003.80,24024.000
2026-04-29T08:00:00Z,77003.80,77873.20,76918.50,77552.50,25723.964
2026-04-29T12:00:00Z,77552.50,77563.60,75675.20,75889.10,47484.616
2026-04-29T16:00:00Z,75889.10,76220.00,74868.00,75518.50,54386.306
2026-04-29T20:00:00Z,75518.40,76061.20,75448.00,75749.90,17156.651
2026-04-30T00:00:00Z,75749.90,76445.00,75448.90,75882.10,22074.553
2026-04-30T04:00:00Z,75881.60,76148.00,75273.50,76129.90,15761.964
2026-04-30T08:00:00Z,76129.90,76332.60,75836.00,76032.90,15331.776
2026-04-30T12:00:00Z,76032.90,76630.30,76009.80,76423.00,26961.697
2026-04-30T16:00:00Z,76423.00,76470.50,76060.40,76366.70,11760.837
2026-04-30T20:00:00Z,76366.70,76536.20,76155.10,76305.40,7863.633
2026-05-01T00:00:00Z,76305.40,77421.20,76265.40,77082.60,21673.031
2026-05-01T04:00:00Z,77082.60,77177.10,76833.70,77100.00,12318.418
2026-05-01T08:00:00Z,77099.90,77588.40,77010.50,77429.50,17873.319
2026-05-01T12:00:00Z,77429.60,78879.90,77368.20,78395.40,66947.870
2026-05-01T16:00:00Z,78395.40,78642.00,78081.50,78316.90,19035.818
2026-05-01T20:00:00Z,78317.00,78402.90,77717.70,78192.00,15149.850
2026-05-02T00:00:00Z,78191.90,78503.90,78123.00,78377.70,8115.878
2026-05-02T04:00:00Z,78377.70,78416.80,77979.30,78181.60,10254.585
2026-05-02T08:00:00Z,78181.60,78359.20,78055.70,78105.70,5555.410
2026-05-02T12:00:00Z,78105.70,78458.20,78056.00,78449.80,8234.343
2026-05-02T16:00:00Z,78449.80,78565.90,78277.00,78443.80,5602.226
2026-05-02T20:00:00Z,78444.10,79145.00,78376.00,78652.90,13678.666
2026-05-03T00:00:00Z,78652.80,78740.50,78069.00,78162.40,13209.701
2026-05-03T04:00:00Z,78162.30,78415.40,78027.00,78316.60,7080.944
2026-05-03T08:00:00Z,78316.60,78814.70,78295.10,78620.50,9195.937
2026-05-03T12:00:00Z,78620.60,78850.00,78522.90,78625.20,9849.891
2026-05-03T16:00:00Z,78625.20,78832.20,78514.20,78729.10,5743.945
2026-05-03T20:00:00Z,78729.10,79428.90,78440.00,78529.00,26953.203
2026-05-04T00:00:00Z,78529.00,80426.00,78235.40,80278.70,59484.212
2026-05-04T04:00:00Z,80278.70,80590.20,79440.00,79663.50,30796.491
2026-05-04T08:00:00Z,79663.40,79900.00,78128.30,78753.50,64999.688
2026-05-04T12:00:00Z,78753.50,80528.90,78450.00,79976.70,75904.797
2026-05-04T16:00:00Z,79976.60,80771.70,79562.00,80018.40,38924.278
2026-05-04T20:00:00Z,80018.30,80363.20,79715.90,79826.10,10807.116
2026-05-05T00:00:00Z,79826.10,81050.00,79761.20,80836.90,24027.045
2026-05-05T04:00:00Z,80836.80,81278.20,80671.40,80815.80,26966.917
2026-05-05T08:00:00Z,80815.80,81071.00,80480.60,80973.00,21914.277
2026-05-05T12:00:00Z,80973.10,81656.60,80879.50,81488.70,49091.490
2026-05-05T16:00:00Z,81488.70,81636.40,81000.00,81554.40,20374.894
2026-05-05T20:00:00Z,81554.30,81745.40,80716.80,80861.90,28546.905
2026-05-06T00:00:00Z,80861.90,81716.30,80651.20,81535.90,19335.861
2026-05-06T04:00:00Z,81535.90,81599.00,81005.60,81333.30,13068.658
2026-05-06T08:00:00Z,81333.40,82828.70,81280.00,82485.40,52877.103
