timestamp,open,high,low,close,volume
2023-12-17T16:00:00Z,2223.56,2244.16,2211.85,2236.24,395652.531
2023-12-17T20:00:00Z,2236.24,2251.24,2190,2197.93,422386.558
2023-12-18T00:00:00Z,2197.93,2206.89,2161.57,2175.75,594198.160
2023-12-18T04:00:00Z,2175.75,2185.80,2165.53,2170.05,276694.828
2023-12-18T08:00:00Z,2170.05,2179.31,2116.56,2143.05,883549.562
2023-12-18T12:00:00Z,2143.05,2175.03,2128.39,2156.17,505795.963
2023-12-18T16:00:00Z,2156.17,2177.10,2150.31,2175.42,309469.641
2023-12-18T20:00:00Z,2175.42,2226.52,2167.87,2220.48,534081.824
2023-12-19T00:00:00Z,2220.49,2255.48,2212.69,2237.72,523121.136
2023-12-19T04:00:00Z,2237.72,2254.67,2232.42,2248.57,218562.364
2023-12-19T08:00:00Z,2248.57,2256.64,2235.26,2237.41,302606.429
2023-12-19T12:00:00Z,2237.41,2242.37,2180.02,2192.85,723793.880
2023-12-19T16:00:00Z,2192.85,2207.96,2135.03,2177.82,880617.903
2023-12-19T20:00:00Z,2177.83,2187.62,2166.01,2179.02,274085.813
2023-12-20T00:00:00Z,2179.01,2192.31,2171.30,2187.48,256004.805
2023-12-20T04:00:00Z,2187.49,2224.69,2184.57,2217.69,427369.257
2023-12-20T08:00:00Z,2217.70,2226.00,2205.30,2212.70,348124.955
2023-12-20T12:00:00Z,2212.70,2269.56,2204.19,2249.11,922909.712
2023-12-20T16:00:00Z,2249.12,2251.60,2193.26,2206.27,655285.802
2023-12-20T20:00:00Z,2206.28,2209.22,2156.00,2203.95,654909.783
2023-12-21T00:00:00Z,2203.95,2205.15,2184.90,2202.21,287667.409
2023-12-21T04:00:00Z,2202.20,2221.89,2193.81,2216.81,284065.118
2023-12-21T08:00:00Z,2216.81,2260.17,2205.00,2255.72,563095.698
2023-12-21T12:00:00Z,2255.72,2282.41,2200.00,2234.50,1054820.251
2023-12-21T16:00:00Z,2234.50,2248.63,2220.00,2227.51,554606.967
2023-12-21T20:00:00Z,2227.50,2266.00,2220.00,2241.35,421605.538
2023-12-22T00:00:00Z,2241.47,2263.81,2232.56,2250.98,379070.980
2023-12-22T04:00:00Z,2250.99,2302.31,2246.92,2275.27,1045739.756
2023-12-22T08:00:00Z,2275.27,2334.77,2270.11,2315.06,1104227.576
2023-12-22T12:00:00Z,2315.06,2345.95,2292.43,2321.74,797408.426
2023-12-22T16:00:00Z,2321.73,2343.00,2307.13,2311.40,504724.396
2023-12-22T20:00:00Z,2311.41,2329.60,2303.98,2326.53,267886.511
2023-12-23T00:00:00Z,2326.54,2332.75,2265.00,2274.28,589268.709
2023-12-23T04:00:00Z,2274.29,2296.97,2266.46,2285.36,319892.836
2023-12-23T08:00:00Z,2285.35,2295.53,2282.36,2288.93,196059.862
2023-12-23T12:00:00Z,2288.93,2299.99,2286.01,2287.09,239298.602
2023-12-23T16:00:00Z,2287.09,2314.60,2284.30,2293.54,298515.010
2023-12-23T20:00:00Z,2293.54,2317.95,2285.77,2309.86,222875.449
2023-12-24T00:00:00Z,2309.86,2328.79,2295.60,2318.57,345184.864
2023-12-24T04:00:00Z,2318.58,2323.83,2275.70,2296.11,438944.491
2023-12-24T08:00:00Z,2296.12,2300.25,2275.00,2290.56,272334.017
2023-12-24T12:00:00Z,2290.56,2309.13,2285.76,2294.60,259685.190
2023-12-24T16:00:00Z,2294.61,2299.47,2283.09,2290.23,217465.083
2023-12-24T20:00:00Z,2290.24,2290.85,2241.20,2265.43,528536.337
2023-12-25T00:00:00Z,2265.42,2278.79,2254.38,2277.82,268695.726
2023-12-25T04:00:00Z,2277.82,2291.98,2276.74,2282.15,203406.220
2023-12-25T08:00:00Z,2282.16,2289.00,2264.96,2280.47,244761.669
2023-12-25T12:00:00Z,2280.47,2308.00,2275.18,2288.73,531214.023
2023-12-25T16:00:00Z,2288.50,2291.11,2270.97,2275.83,310867.670
2023-12-25T20:00:00Z,2275.83,2289.14,2258.04,2273.07,335390.481
2023-12-26T00:00:00Z,2273.08,2277.51,2265.47,2270.99,181997.121
2023-12-26T04:00:00Z,2270.99,2274.06,2219.03,2242.50,687970.293
2023-12-26T08:00:00Z,2242.50,2246.23,2216.86,2244.82,450193.230
2023-12-26T12:00:00Z,2244.82,2253.00,2225.55,2230.64,386071.629
2023-12-26T16:00:00Z,2230.64,2234.57,2178.84,2213.70,816653.749
2023-12-26T20:00:00Z,2213.71,2234.40,2211.00,2232.44,194520.540
2023-12-27T00:00:00Z,2232.45,2236.43,2213.68,2219.68,226801.269
2023-12-27T04:00:00Z,2219.68,2233.47,2218.92,2230.45,172675.473
2023-12-27T08:00:00Z,2230.45,2294.00,2228.72,2287.72,681083.134
2023-12-27T12:00:00Z,2287.72,2358.80,2277.44,2345.01,1221748.684
2023-12-27T16:00:00Z,2345.01,2379.00,2335.64,2348.61,778138.916
2023-12-27T20:00:00Z,2348.61,2395.00,2346.21,2380.31,490275.570
2023-12-28T00:00:00Z,2380.32,2455.52,2377.59,2415.86,865230.459
2023-12-28T04:00:00Z,2415.86,2427.38,2365.00,2383.06,646792.886
2023-12-28T08:00:00Z,2383.06,2414.73,2375.00,2403.92,470645.486
2023-12-28T12:00:00Z,2403.92,2416.75,2345.00,2360.81,1286077.054
2023-12-28T16:00:00Z,2360.82,2385.91,2350.30,2364.65,576520.221
2023-12-28T20:00:00Z,2364.65,2365.84,2336.02,2345.96,415196.952
2023-12-29T00:00:00Z,2345.98,2366.61,2311.07,2354.15,842768.350
2023-12-29T04:00:00Z,2354.15,2363.05,2333.45,2335.43,361975.176
2023-12-29T08:00:00Z,2335.43,2381.05,2334.10,2374.65,416447.994
2023-12-29T12:00:00Z,2374.66,2388.74,2318.00,2328.84,751827.212
2023-12-29T16:00:00Z,2328.84,2335.56,2286.34,2318.84,919233.527
2023-12-29T20:00:00Z,2318.84,2319.61,2254.72,2300.60,574499.720
2023-12-30T00:00:00Z,2300.61,2311.62,2289.11,2300.16,239228.940
2023-12-30T04:00:00Z,2300.17,2311.00,2295.61,2297.92,160941.270
2023-12-30T08:00:00Z,2297.91,2298.98,2269.15,2289.89,438284.239
2023-12-30T12:00:00Z,2289.89,2318.94,2284.19,2314.41,367229.330
2023-12-30T16:00:00Z,2314.39,2325.00,2297.40,2301.98,362316.211
2023-12-30T20:00:00Z,2301.97,2307.58,2273.86,2293.26,241956.541
2023-12-31T00:00:00Z,2293.26,2306.51,2278.84,2285.71,205219.422
2023-12-31T04:00:00Z,2285.71,2306.83,2280.91,2296.94,196927.492
2023-12-31T08:00:00Z,2296.95,2318.00,2291.43,2310.66,324174.135
2023-12-31T12:00:00Z,2310.66,2324.78,2291.86,2300.60,358689.484
2023-12-31T16:00:00Z,2300.59,2311.74,2292.56,2296.86,226419.616
2023-12-31T20:00:00Z,2296.85,2296.91,2258.00,2283.85,360287.848
2024-01-01T00:00:00Z,2283.84,2308.74,2272.04,2275.59,267355.434
2024-01-01T04:00:00Z,2275.59,2289.82,2266.67,2286.46,213716.910
2024-01-01T08:00:00Z,2286.46,2307.45,2281.82,2306.72,213613.116
2024-01-01T12:00:00Z,2306.71,2321.00,2296.51,2316.97,252804.721
2024-01-01T16:00:00Z,2316.97,2343.43,2308.36,2339.71,372935.888
2024-01-01T20:00:00Z,2339.71,2354.95,2325.56,2354.62,338137.349
2024-01-02T00:00:00Z,2354.63,2402.64,2349.57,2388.45,681513.539
2024-01-02T04:00:00Z,2388.46,2394.99,2375.66,2387.83,281134.425
2024-01-02T08:00:00Z,2387.84,2434.49,2382.01,2394.28,703837.633
2024-01-02T12:00:00Z,2394.28,2407.81,2353.47,2359.60,816155.372
2024-01-02T16:00:00Z,2359.61,2374.99,2352.32,2371.24,455049.226
2024-01-02T20:00:00Z,2371.22,2382.65,2335.00,2356.93,438483.535
2024-01-03T00:00:00Z,2356.92,2387.28,2348.46,2370.36,291981.576
2024-01-03T04:00:00Z,2370.36,2382.99,2357.99,2362.82,269634.774
2024-01-03T08:00:00Z,2362.82,2387.48,2298.01,2309.86,837245.939
2024-01-03T12:00:00Z,2309.46,2310.39,2067.16,2241.02,2478511.836
2024-01-03T16:00:00Z,2241.23,2246.62,2188.88,2206.79,834705.935
2024-01-03T20:00:00Z,2206.79,2228.69,2196.15,2210.39,284839.618
2024-01-04T00:00:00Z,2210.39,2241.19,2202.10,2231.78,311199.686
2024-01-04T04:00:00Z,2231.79,2245.94,2222.04,2222.99,293875.170
2024-01-04T08:00:00Z,2223.00,2232.00,2205.42,2229.13,353624.841
2024-01-04T12:00:00Z,2229.13,2286.99,2223.58,2277.86,695169.509
2024-01-04T16:00:00Z,2277.86,2295.36,2260.00,2274.89,491010.572
2024-01-04T20:00:00Z,2274.89,2295.55,2261.70,2267.85,367920.478
2024-01-05T00:00:00Z,2267.85,2275.60,2207.03,2242.89,523904.108
2024-01-05T04:00:00Z,2242.89,2265.95,2234.34,2252.39,261566.900
2024-01-05T08:00:00Z,2252.40,2270.09,2233.23,2242.15,373469.369
2024-01-05T12:00:00Z,2242.15,2253.94,2216.20,2225.23,596894.707
2024-01-05T16:00:00Z,2225.22,2241.00,2206.00,2234.30,402773.708
2024-01-05T20:00:00Z,2234.30,2278.16,2233.60,2268.93,482133.175
2024-01-06T00:00:00Z,2268.92,2270.34,2250.26,2253.67,179651.993
2024-01-06T04:00:00Z,2253.67,2255.99,2215.56,2233.09,352007.914
2024-01-06T08:00:00Z,2233.09,2239.67,2228.58,2238.84,156209.265
2024-01-06T12:00:00Z,2238.85,2248.59,2228.18,2246.27,198819.079
2024-01-06T16:00:00Z,2246.28,2254.64,2237.10,2244.28,158916.953
2024-01-06T20:00:00Z,2244.29,2247.63,2230.03,2240.36,155705.540
2024-01-07T00:00:00Z,2240.36,2254.00,2235.08,2241.99,176010.711
2024-01-07T04:00:00Z,2241.99,2251.70,2240.46,2248.89,146176.705
2024-01-07T08:00:00Z,2248.89,2253.15,2230.00,2236.64,253159.263
2024-01-07T12:00:00Z,2236.64,2257.98,2221.21,2229.90,396513.704
2024-01-07T16:00:00Z,2229.90,2250.10,2220.09,2248.25,272663.034
2024-01-07T20:00:00Z,2248.26,2251.23,2201.06,2220.87,365273.280
2024-01-08T00:00:00Z,2220.87,2224.29,2165.43,2190.23,652208.531
2024-01-08T04:00:00Z,2190.23,2230.16,2187.15,2223.51,446093.252
2024-01-08T08:00:00Z,2223.50,2242.66,2204.16,2240.23,354442.824
2024-01-08T12:00:00Z,2240.23,2285.27,2239.00,2269.94,742091.863
2024-01-08T16:00:00Z,2269.94,2359.63,2259.17,2355.24,942398.861
2024-01-08T20:00:00Z,2355.24,2358.37,2324.34,2331.11,341704.185
2024-01-09T00:00:00Z,2331.12,2337.00,2288.01,2309.45,447994.898
2024-01-09T04:00:00Z,2309.44,2319.00,2296.80,2306.10,217304.737
2024-01-09T08:00:00Z,2306.09,2311.68,2285.09,2298.75,319719.264
2024-01-09T12:00:00Z,2298.75,2304.95,2222.44,2256.91,984152.310
2024-01-09T16:00:00Z,2256.91,2278.00,2243.27,2270.87,393754.092
2024-01-09T20:00:00Z,2270.87,2377.36,2243.26,2344.44,2007585.632
2024-01-10T00:00:00Z,2344.33,2402.60,2340.00,2361.65,777385.971
2024-01-10T04:00:00Z,2361.65,2394.16,2357.21,2369.42,448580.175
2024-01-10T08:00:00Z,2369.42,2431.80,2362.50,2402.97,866672.147
2024-01-10T12:00:00Z,2402.97,2463.37,2336.28,2450.01,1702081.243
2024-01-10T16:00:00Z,2450.01,2483.00,2401.21,2478.06,1284675.818
2024-01-10T20:00:00Z,2478.06,2645.65,2408.95,2585.82,2661500.242
2024-01-11T00:00:00Z,2585.81,2617.00,2565.69,2613.07,726666.556
2024-01-11T04:00:00Z,2613.10,2630.60,2573.48,2590.00,623696.044
2024-01-11T08:00:00Z,2590.01,2666.66,2586.76,2658.18,701014.855
2024-01-11T12:00:00Z,2658.18,2691.90,2595.35,2614.66,1725954.564
2024-01-11T16:00:00Z,2614.65,2626.95,2571.28,2623.37,951193.498
2024-01-11T20:00:00Z,2623.36,2633.72,2588.40,2618.59,432901.502
2024-01-12T00:00:00Z,2618.60,2625.10,2581.09,2590.28,348147.349
2024-01-12T04:00:00Z,2590.29,2627.90,2586.25,2597.22,417244.567
2024-01-12T08:00:00Z,2597.23,2669.69,2585.01,2648.23,784214.904
2024-01-12T12:00:00Z,2648.23,2719.89,2634.44,2648.40,1744103.923
2024-01-12T16:00:00Z,2648.40,2691.23,2560.00,2585.80,1708572.850
2024-01-12T20:00:00Z,2585.80,2600.20,2458.38,2523.30,1482713.373
2024-01-13T00:00:00Z,2523.30,2557.86,2497.79,2548.98,571510.116
2024-01-13T04:00:00Z,2548.98,2562.00,2539.31,2550.91,287268.266
2024-01-13T08:00:00Z,2550.91,2561.04,2521.24,2543.12,390818.991
2024-01-13T12:00:00Z,2543.12,2567.00,2531.84,2564.29,456280.581
2024-01-13T16:00:00Z,2564.30,2581.35,2548.87,2572.41,574077.074
2024-01-13T20:00:00Z,2572.44,2591.29,2563.00,2578.50,229242.559
2024-01-14T00:00:00Z,2578.51,2579.13,2550.54,2551.84,281883.438
2024-01-14T04:00:00Z,2551.84,2557.14,2543.01,2551.63,236423.058
2024-01-14T08:00:00Z,2551.63,2555.00,2535.29,2538.22,223347.426
2024-01-14T12:00:00Z,2538.22,2547.56,2524.82,2538.16,305294.926
2024-01-14T16:00:00Z,2538.17,2544.86,2500.04,2502.03,411835.902
2024-01-14T20:00:00Z,2502.02,2534.30,2470.00,2474.36,667514.138
2024-01-15T00:00:00Z,2474.30,2515.05,2472.04,2504.74,456383.199
2024-01-15T04:00:00Z,2504.74,2522.42,2504.22,2514.32,173970.610
2024-01-15T08:00:00Z,2514.32,2543.60,2507.93,2539.90,226844.402
2024-01-15T12:00:00Z,2539.90,2549.79,2505.39,2515.02,417464.298
2024-01-15T16:00:00Z,2515.01,2555.00,2514.57,2535.22,321383.107
2024-01-15T20:00:00Z,2535.22,2539.99,2500.00,2512.21,222513.223
2024-01-16T00:00:00Z,2512.20,2539.23,2505.01,2538.00,266286.416
2024-01-16T04:00:00Z,2537.99,2543.00,2522.47,2528.57,194352.136
2024-01-16T08:00:00Z,2528.57,2549.88,2520.60,2530.83,281565.584
2024-01-16T12:00:00Z,2530.83,2572.00,2500.00,2559.43,844215.672
2024-01-16T16:00:00Z,2559.43,2579.88,2547.21,2574.57,426484.907
2024-01-16T20:00:00Z,2574.57,2613.80,2571.46,2587.40,443725.354
2024-01-17T00:00:00Z,2587.40,2593.01,2570.99,2571.60,276757.292
2024-01-17T04:00:00Z,2571.60,2575.63,2551.25,2552.14,259880.485
2024-01-17T08:00:00Z,2552.13,2554.12,2535.19,2543.08,321233.439
2024-01-17T12:00:00Z,2543.08,2575.26,2532.00,2539.31,740260.674
2024-01-17T16:00:00Z,2539.32,2545.53,2515.00,2533.46,408030.231
2024-01-17T20:00:00Z,2533.47,2545.56,2505.76,2530.62,293367.166
2024-01-18T00:00:00Z,2530.61,2534.28,2509.25,2530.23,240844.981
2024-01-18T04:00:00Z,2530.24,2540.00,2525.02,2538.88,237979.920
2024-01-18T08:00:00Z,2538.87,2549.99,2515.00,2522.72,372957.115
2024-01-18T12:00:00Z,2522.73,2535.89,2503.00,2526.12,449084.596
2024-01-18T16:00:00Z,2526.12,2526.73,2429.50,2439.37,1207148.699
2024-01-18T20:00:00Z,2439.36,2472.90,2428.22,2471.29,420734.339
2024-01-19T00:00:00Z,2471.29,2474.96,2442.98,2460.77,302167.817
2024-01-19T04:00:00Z,2460.76,2474.94,2456.86,2465.48,211664.668
2024-01-19T08:00:00Z,2465.48,2495.74,2460.40,2488.83,313574.666
2024-01-19T12:00:00Z,2488.83,2500.95,2460.37,2463.66,498228.078
2024-01-19T16:00:00Z,2463.67,2505.16,2415.55,2493.58,1021609.432
2024-01-19T20:00:00Z,2493.58,2504.91,2480.53,2492.46,247230.114
2024-01-20T00:00:00Z,2492.46,2492.46,2475.40,2481.82,181043.843
2024-01-20T04:00:00Z,2481.82,2487.11,2475.43,2479.00,108541.965
2024-01-20T08:00:00Z,2478.99,2480.52,2463.33,2471.10,192329.964
2024-01-20T12:00:00Z,2471.10,2477.16,2457.60,2464.34,192808.113
2024-01-20T16:00:00Z,2464.34,2468.34,2453.79,2461.94,150131.252
2024-01-20T20:00:00Z,2461.95,2474.73,2460.45,2472.27,114041.025
2024-01-21T00:00:00Z,2472.26,2481.92,2465.16,2475.35,118832.028
2024-01-21T04:00:00Z,2475.35,2476.11,2466.07,2475.84,75209.322
2024-01-21T08:00:00Z,2475.85,2482.70,2471.68,2473.77,111586.382
2024-01-21T12:00:00Z,2473.77,2481.43,2463.66,2468.00,145322.134
2024-01-21T16:00:00Z,2468.01,2478.66,2464.00,2474.41,113500.175
2024-01-21T20:00:00Z,2474.41,2475.69,2451.00,2457.02,143841.328
2024-01-22T00:00:00Z,2457.02,2466.46,2424.00,2437.91,417284.261
2024-01-22T04:00:00Z,2437.90,2439.05,2401.20,2420.98,426637.323
2024-01-22T08:00:00Z,2420.98,2420.99,2360.51,2381.00,757334.642
2024-01-22T12:00:00Z,2380.99,2405.22,2352.64,2380.00,706601.955
2024-01-22T16:00:00Z,2379.99,2386.30,2303.50,2321.89,850459.381
2024-01-22T20:00:00Z,2321.89,2351.58,2302.21,2314.33,486795.399
2024-01-23T00:00:00Z,2314.33,2343.10,2312.44,2339.01,287432.248
2024-01-23T04:00:00Z,2339.01,2351.76,2315.92,2323.57,279166.472
2024-01-23T08:00:00Z,2323.56,2327.19,2202.95,2218.28,1455094.669
2024-01-23T12:00:00Z,2218.28,2232.96,2167.50,2219.07,1241118.075
2024-01-23T16:00:00Z,2219.06,2231.51,2180.41,2185.00,736192.403
2024-01-23T20:00:00Z,2185.01,2247.31,2182.21,2241.67,380157.327
2024-01-24T00:00:00Z,2241.67,2255.00,2211.31,2213.04,424503.200
2024-01-24T04:00:00Z,2213.04,2245.00,2212.51,2233.83,269004.837
2024-01-24T08:00:00Z,2233.83,2264.44,2228.18,2243.22,364868.648
2024-01-24T12:00:00Z,2243.22,2247.57,2217.18,2233.95,475170.902
2024-01-24T16:00:00Z,2233.95,2244.32,2202.02,2212.47,405929.001
2024-01-24T20:00:00Z,2212.46,2239.29,2195.00,2234.62,316596.412
2024-01-25T00:00:00Z,2234.62,2239.40,2205.07,2216.14,250803.681
2024-01-25T04:00:00Z,2216.14,2227.47,2202.41,2226.94,200579.330
2024-01-25T08:00:00Z,2226.94,2242.55,2216.17,2231.10,305642.172
2024-01-25T12:00:00Z,2231.09,2233.91,2181.03,2187.61,553263.217
2024-01-25T16:00:00Z,2187.61,2225.00,2169.04,2217.96,541829.539
2024-01-25T20:00:00Z,2217.96,2231.10,2211.40,2218.02,230708.765
2024-01-26T00:00:00Z,2218.01,2237.98,2210.25,2222.95,214986.538
2024-01-26T04:00:00Z,2222.95,2228.88,2195.15,2196.99,261576.860
2024-01-26T08:00:00Z,2196.98,2260.36,2195.29,2253.11,612712.867
2024-01-26T12:00:00Z,2253.11,2264.92,2232.72,2256.62,475273.923
2024-01-26T16:00:00Z,2256.62,2281.96,2249.58,2257.29,502404.021
2024-01-26T20:00:00Z,2257.28,2270.89,2251.34,2266.72,194655.738
2024-01-27T00:00:00Z,2266.73,2283.35,2263.75,2273.36,186547.578
2024-01-27T04:00:00Z,2273.36,2275.75,2252.31,2257.80,171416.957
2024-01-27T08:00:00Z,2257.80,2271.46,2250.33,2264.87,194580.501
2024-01-27T12:00:00Z,2264.86,2274.45,2261.01,2269.29,119268.982
2024-01-27T16:00:00Z,2269.29,2276.95,2260.11,2272.00,148185.169
2024-01-27T20:00:00Z,2271.99,2275.04,2260.04,2266.99,124834.374
2024-01-28T00:00:00Z,2267.00,2288.71,2261.94,2285.99,227732.782
2024-01-28T04:00:00Z,2285.98,2308.00,2280.41,2281.84,327366.623
2024-01-28T08:00:00Z,2281.83,2301.81,2275.70,2280.19,254058.150
2024-01-28T12:00:00Z,2280.20,2285.59,2260.57,2269.16,299935.421
2024-01-28T16:00:00Z,2269.16,2275.31,2245.04,2253.09,258073.261
2024-01-28T20:00:00Z,2253.08,2265.71,2236.56,2256.00,229502.885
2024-01-29T00:00:00Z,2256.00,2277.49,2249.58,2270.98,228033.770
2024-01-29T04:00:00Z,2270.97,2273.55,2256.94,2258.50,136514.590
2024-01-29T08:00:00Z,2258.50,2276.80,2253.19,2263.88,237705.188
2024-01-29T12:00:00Z,2263.89,2275.50,2232.00,2274.99,466786.787
2024-01-29T16:00:00Z,2274.99,2314.75,2264.57,2292.40,662999.399
2024-01-29T20:00:00Z,2292.41,2322.53,2291.20,2316.52,227221.656
2024-01-30T00:00:00Z,2316.53,2327.68,2302.70,2310.35,278792.806
2024-01-30T04:00:00Z,2310.35,2313.65,2299.57,2308.27,186782.714
2024-01-30T08:00:00Z,2308.26,2316.84,2301.25,2313.10,169456.706
2024-01-30T12:00:00Z,2313.10,2347.67,2295.10,2340.43,714846.962
2024-01-30T16:00:00Z,2340.43,2381.47,2334.51,2373.75,646660.942
2024-01-30T20:00:00Z,2373.75,2392.84,2336.05,2341.95,387395.741
2024-01-31T00:00:00Z,2341.96,2351.23,2326.11,2342.32,328989.609
2024-01-31T04:00:00Z,2342.31,2344.00,2328.80,2339.73,167489.124
2024-01-31T08:00:00Z,2339.72,2342.58,2279.24,2299.12,549884.319
2024-01-31T12:00:00Z,2299.11,2333.02,2290.37,2328.49,560006.907
2024-01-31T16:00:00Z,2328.49,2349.95,2308.20,2322.34,512309.112
2024-01-31T20:00:00Z,2322.35,2323.74,2261.88,2282.00,489230.297
2024-02-01T00:00:00Z,2281.99,2289.25,2237.00,2256.12,431115.094
2024-02-01T04:00:00Z,2256.12,2276.88,2250.65,2270.92,206951.518
2024-02-01T08:00:00Z,2270.92,2277.57,2263.97,2265.62,179365.423
2024-02-01T12:00:00Z,2265.62,2307.92,2261.76,2288.28,485286.228
2024-02-01T16:00:00Z,2288.29,2311.51,2267.08,2303.96,419169.698
2024-02-01T20:00:00Z,2303.97,2309.72,2285.11,2303.33,172349.462
2024-02-02T00:00:00Z,2303.32,2320.00,2297.05,2300.36,214771.237
2024-02-02T04:00:00Z,2300.36,2318.90,2295.45,2312.51,190490.742
2024-02-02T08:00:00Z,2312.51,2318.59,2304.07,2317.48,154813.168
2024-02-02T12:00:00Z,2317.48,2324.90,2280.05,2313.01,530869.979
2024-02-02T16:00:00Z,2313.00,2323.52,2285.29,2300.66,307301.269
2024-02-02T20:00:00Z,2300.65,2309.82,2293.88,2307.99,115969.456
2024-02-03T00:00:00Z,2308.00,2330.45,2305.73,2320.41,223636.633
2024-02-03T04:00:00Z,2320.42,2324.49,2312.21,2313.44,110039.172
2024-02-03T08:00:00Z,2313.45,2315.61,2298.58,2302.72,182812.943
2024-02-03T12:00:00Z,2302.72,2309.12,2291.00,2302.83,184544.395
2024-02-03T16:00:00Z,2302.83,2312.77,2295.41,2302.49,151317.533
2024-02-03T20:00:00Z,2302.49,2304.91,2292.12,2295.42,85931.597
2024-02-04T00:00:00Z,2295.41,2305.78,2290.00,2302.07,106967.812
2024-02-04T04:00:00Z,2302.07,2303.49,2285.00,2289.66,152391.290
2024-02-04T08:00:00Z,2289.67,2309.58,2285.35,2304.62,161890.555
2024-02-04T12:00:00Z,2304.61,2308.70,2296.14,2300.89,120995.059
2024-02-04T16:00:00Z,2300.88,2307.89,2261.51,2278.82,311738.026
2024-02-04T20:00:00Z,2278.81,2311.00,2272.74,2288.66,339818.913
2024-02-05T00:00:00Z,2288.66,2298.01,2267.62,2295.51,199872.714
2024-02-05T04:00:00Z,2295.50,2311.96,2288.36,2309.74,202828.745
2024-02-05T08:00:00Z,2309.74,2332.62,2309.73,2328.56,346925.833
2024-02-05T12:00:00Z,2328.57,2338.00,2292.75,2297.21,421057.816
2024-02-05T16:00:00Z,2297.21,2312.31,2288.85,2303.68,290684.220
2024-02-05T20:00:00Z,2303.67,2305.03,2282.00,2300.83,227864.036
2024-02-06T00:00:00Z,2300.83,2329.30,2297.74,2315.79,263003.630
2024-02-06T04:00:00Z,2315.79,2326.98,2307.00,2326.05,206489.972
2024-02-06T08:00:00Z,2326.05,2344.45,2316.17,2324.58,443629.101
2024-02-06T12:00:00Z,2324.59,2350.00,2308.16,2342.85,576082.248
2024-02-06T16:00:00Z,2342.84,2378.99,2340.00,2377.85,418908.059
2024-02-06T20:00:00Z,2377.86,2392.00,2370.59,2371.74,289394.840
2024-02-07T00:00:00Z,2371.74,2389.96,2362.00,2363.79,222060.421
2024-02-07T04:00:00Z,2363.79,2368.17,2355.89,2362.07,184762.801
2024-02-07T08:00:00Z,2362.07,2377.11,2352.06,2360.72,265579.609
2024-02-07T12:00:00Z,2360.71,2385.00,2359.91,2368.69,367551.552
2024-02-07T16:00:00Z,2368.69,2424.92,2367.29,2418.66,728985.777
2024-02-07T20:00:00Z,2418.66,2445.00,2418.66,2424.22,385562.793
2024-02-08T00:00:00Z,2424.21,2443.43,2422.69,2432.45,276366.729
2024-02-08T04:00:00Z,2432.45,2434.32,2410.16,2420.20,213459.900
2024-02-08T08:00:00Z,2420.20,2429.88,2415.00,2424.19,190476.695
2024-02-08T12:00:00Z,2424.19,2463.28,2415.50,2452.52,590845.102
2024-02-08T16:00:00Z,2452.47,2454.56,2412.00,2420.66,453011.538
2024-02-08T20:00:00Z,2420.66,2433.48,2417.01,2418.76,185918.868
2024-02-09T00:00:00Z,2418.77,2466.00,2418.26,2447.52,414269.374
2024-02-09T04:00:00Z,2447.52,2462.94,2438.44,2452.86,285823.019
2024-02-09T08:00:00Z,2452.86,2507.00,2452.46,2501.82,531773.332
2024-02-09T12:00:00Z,2501.83,2528.66,2475.30,2494.24,889319.123
2024-02-09T16:00:00Z,2494.24,2522.56,2477.13,2484.65,562571.125
2024-02-09T20:00:00Z,2484.66,2505.80,2482.57,2485.24,224769.007
2024-02-10T00:00:00Z,2485.24,2513.83,2481.65,2511.14,212078.045
2024-02-10T04:00:00Z,2511.13,2515.20,2493.14,2494.06,154992.828
2024-02-10T08:00:00Z,2494.06,2498.28,2470.04,2482.38,280137.983
2024-02-10T12:00:00Z,2482.37,2496.00,2479.59,2489.42,192624.622
2024-02-10T16:00:00Z,2489.43,2496.97,2482.24,2496.73,162773.909
2024-02-10T20:00:00Z,2496.74,2516.12,2491.05,2499.20,317454.801
2024-02-11T00:00:00Z,2499.20,2528.98,2492.47,2528.28,307350.638
2024-02-11T04:00:00Z,2528.28,2538.46,2513.50,2526.93,296459.370
2024-02-11T08:00:00Z,2526.93,2539.20,2510.03,2530.13,243530.369
2024-02-11T12:00:00Z,2530.13,2531.36,2503.37,2507.64,277562.945
2024-02-11T16:00:00Z,2507.65,2519.47,2495.08,2506.67,244910.567
2024-02-11T20:00:00Z,2506.67,2513.63,2492.16,2506.10,152149.786
2024-02-12T00:00:00Z,2506.11,2525.00,2492.02,2498.97,307935.799
2024-02-12T04:00:00Z,2498.98,2504.00,2479.36,2500.89,221481.552
2024-02-12T08:00:00Z,2500.89,2504.83,2470.05,2487.17,306279.329
2024-02-12T12:00:00Z,2487.17,2563.37,2480.09,2557.33,740296.427
2024-02-12T16:00:00Z,2557.33,2639.98,2535.56,2610.91,1106241.276
2024-02-12T20:00:00Z,2610.91,2667.74,2610.90,2660.91,490165.854
2024-02-13T00:00:00Z,2660.91,2688.80,2637.46,2642.41,462739.242
2024-02-13T04:00:00Z,2642.40,2655.85,2640.00,2650.26,207564.434
2024-02-13T08:00:00Z,2650.26,2688.14,2648.22,2683.15,441983.507
2024-02-13T12:00:00Z,2683.15,2687.98,2585.70,2632.72,1348262.718
2024-02-13T16:00:00Z,2632.72,2641.99,2593.00,2612.16,561308.474
2024-02-13T20:00:00Z,2612.16,2651.24,2611.41,2640.83,298113.199
2024-02-14T00:00:00Z,2640.88,2645.21,2619.12,2638.08,203684.464
2024-02-14T04:00:00Z,2638.08,2656.13,2621.12,2653.63,238951.662
2024-02-14T08:00:00Z,2653.62,2763.60,2648.36,2758.06,1030418.618
2024-02-14T12:00:00Z,2758.14,2775.00,2731.00,2751.37,681074.672
2024-02-14T16:00:00Z,2751.36,2767.87,2728.09,2762.91,380743.588
2024-02-14T20:00:00Z,2762.90,2788.88,2756.25,2776.14,310746.639
2024-02-15T00:00:00Z,2776.14,2829.41,2772.63,2803.24,661323.806
2024-02-15T04:00:00Z,2803.24,2805.62,2758.57,2773.93,386470.988
2024-02-15T08:00:00Z,2773.92,2804.00,2770.02,2794.72,306607.122
2024-02-15T12:00:00Z,2794.71,2870.98,2776.19,2828.35,1152420.604
2024-02-15T16:00:00Z,2828.34,2843.31,2803.88,2836.11,511441.390
2024-02-15T20:00:00Z,2836.11,2848.54,2787.03,2824.54,426152.941
2024-02-16T00:00:00Z,2824.53,2859.83,2821.34,2848.03,322105.317
2024-02-16T04:00:00Z,2848.03,2854.69,2813.50,2817.09,317646.783
2024-02-16T08:00:00Z,2817.08,2837.66,2795.50,2825.21,451252.883
2024-02-16T12:00:00Z,2825.20,2849.44,2732.70,2777.45,930177.706
2024-02-16T16:00:00Z,2777.44,2809.78,2756.75,2764.05,476148.952
2024-02-16T20:00:00Z,2764.05,2812.14,2759.03,2803.69,239491.129
2024-02-17T00:00:00Z,2803.70,2806.09,2778.39,2794.90,198467.391
2024-02-17T04:00:00Z,2794.90,2800.73,2780.31,2797.20,166025.497
2024-02-17T08:00:00Z,2797.20,2797.21,2766.04,2782.83,316656.316
2024-02-17T12:00:00Z,2782.83,2789.98,2718.35,2756.35,662004.304
2024-02-17T16:00:00Z,2756.35,2778.97,2744.35,2776.11,220168.747
2024-02-17T20:00:00Z,2776.12,2804.33,2773.17,2787.43,213590.495
2024-02-18T00:00:00Z,2787.44,2799.95,2764.80,2783.89,223875.400
2024-02-18T04:00:00Z,2783.90,2808.99,2780.21,2802.29,314874.279
2024-02-18T08:00:00Z,2802.28,2825.00,2798.22,2804.97,289368.852
2024-02-18T12:00:00Z,2804.97,2814.88,2786.41,2808.60,318256.217
2024-02-18T16:00:00Z,2808.60,2846.97,2794.97,2829.03,393587.929
2024-02-18T20:00:00Z,2829.03,2899.00,2817.34,2883.58,571705.842
2024-02-19T00:00:00Z,2883.56,2895.95,2856.40,2888.82,325183.126
2024-02-19T04:00:00Z,2888.82,2934.00,2882.27,2927.89,527930.036
2024-02-19T08:00:00Z,2927.89,2929.66,2891.09,2914.46,396398.829
2024-02-19T12:00:00Z,2914.45,2922.80,2888.20,2910.38,381915.435
2024-02-19T16:00:00Z,2910.37,2957.00,2888.57,2935.49,779381.729
2024-02-19T20:00:00Z,2935.49,2988.22,2928.64,2946.55,482435.783
2024-02-20T00:00:00Z,2946.55,2958.30,2905.14,2908.89,497151.822
2024-02-20T04:00:00Z,2908.89,2938.12,2905.00,2923.32,253164.184
2024-02-20T08:00:00Z,2923.32,2944.23,2873.60,2937.20,655918.733
2024-02-20T12:00:00Z,2937.19,3009.68,2901.06,2926.95,1765561.549
2024-02-20T16:00:00Z,2926.94,2989.49,2885.00,2988.23,813734.430
2024-02-20T20:00:00Z,2988.23,3036.83,2967.83,3017.21,612586.697
2024-02-21T00:00:00Z,3017.22,3020.00,2990.50,3007.88,342698.643
2024-02-21T04:00:00Z,3007.88,3012.45,2922.60,2941.89,626768.678
2024-02-21T08:00:00Z,2941.88,2958.56,2888.01,2900.32,926280.864
2024-02-21T12:00:00Z,2900.32,2929.80,2867.87,2915.62,1032709.758
2024-02-21T16:00:00Z,2915.61,2938.99,2886.00,2913.65,593944.014
2024-02-21T20:00:00Z,2913.65,2982.24,2900.55,2969.65,547336.807
2024-02-22T00:00:00Z,2969.65,2970.35,2907.16,2936.45,468289.780
2024-02-22T04:00:00Z,2936.45,2999.96,2921.19,2995.94,554186.505
2024-02-22T08:00:00Z,2995.95,3036.00,2972.22,2992.83,915439.835
2024-02-22T12:00:00Z,2992.83,3007.62,2932.42,2988.33,946390.433
2024-02-22T16:00:00Z,2988.33,3006.00,2962.02,2989.89,452548.660
2024-02-22T20:00:00Z,2989.88,3044.00,2969.12,2972.80,715949.042
2024-02-23T00:00:00Z,2972.80,2996.00,2934.67,2956.97,449613.439
2024-02-23T04:00:00Z,2956.97,2969.82,2923.17,2935.00,415644.423
2024-02-23T08:00:00Z,2935.00,2950.05,2913.28,2945.30,406531.635
2024-02-23T12:00:00Z,2945.30,2964.10,2913.28,2916.80,608181.985
2024-02-23T16:00:00Z,2916.81,2953.62,2906.62,2947.00,389554.454
2024-02-23T20:00:00Z,2947.00,2955.41,2907.00,2923.35,231758.546
2024-02-24T00:00:00Z,2923.36,2938.55,2907.16,2932.37,237255.068
2024-02-24T04:00:00Z,2932.37,2968.00,2930.89,2965.18,273498.200
2024-02-24T08:00:00Z,2965.18,2968.36,2949.10,2962.75,192631.927
2024-02-24T12:00:00Z,2962.76,2970.65,2954.41,2956.51,159914.116
2024-02-24T16:00:00Z,2956.51,3009.29,2956.36,2989.27,440462.534
2024-02-24T20:00:00Z,2989.27,2997.97,2980.71,2994.39,146592.373
2024-02-25T00:00:00Z,2994.39,3055.19,2985.23,3027.29,537515.171
2024-02-25T04:00:00Z,3027.30,3051.16,3014.52,3032.50,318491.087
2024-02-25T08:00:00Z,3032.49,3043.84,3012.00,3042.93,313441.298
2024-02-25T12:00:00Z,3042.94,3078.00,3027.39,3045.54,660573.727
2024-02-25T16:00:00Z,3045.54,3093.23,3028.57,3084.57,550030.075
2024-02-25T20:00:00Z,3084.57,3131.00,3084.36,3115.24,575645.209
2024-02-26T00:00:00Z,3115.24,3141.83,3087.02,3109.81,433048.287
2024-02-26T04:00:00Z,3109.80,3119.44,3087.99,3089.35,309196.472
2024-02-26T08:00:00Z,3089.34,3105.17,3037.25,3059.43,721088.642
2024-02-26T12:00:00Z,3059.42,3151.00,3039.42,3149.10,845049.071
2024-02-26T16:00:00Z,3149.10,3188.00,3129.04,3181.20,1051161.983
2024-02-26T20:00:00Z,3181.20,3200.00,3167.50,3178.60,468840.061
2024-02-27T00:00:00Z,3178.60,3295.57,3168.29,3222.13,933627.696
2024-02-27T04:00:00Z,3222.12,3241.38,3205.26,3219.57,401860.915
2024-02-27T08:00:00Z,3219.57,3272.79,3218.78,3258.88,394646.935
2024-02-27T12:00:00Z,3258.87,3292.46,3220.80,3231.74,852298.255
2024-02-27T16:00:00Z,3231.73,3264.00,3205.00,3253.64,563893.318
2024-02-27T20:00:00Z,3253.65,3273.00,3235.69,3244.98,260265.891
2024-02-28T00:00:00Z,3244.99,3261.53,3233.05,3251.70,198684.667
2024-02-28T04:00:00Z,3251.69,3309.99,3246.43,3306.43,432020.966
2024-02-28T08:00:00Z,3306.44,3375.61,3280.00,3299.52,1338828.471
2024-02-28T12:00:00Z,3299.52,3381.11,3287.50,3350.30,1183347.801
2024-02-28T16:00:00Z,3350.31,3502.07,3152.94,3302.23,2856789.527
2024-02-28T20:00:00Z,3302.24,3388.40,3255.12,3387.07,585966.652
2024-02-29T00:00:00Z,3387.07,3475.68,3379.80,3411.47,745191.998
2024-02-29T04:00:00Z,3411.48,3499.00,3401.48,3471.58,598729.253
2024-02-29T08:00:00Z,3471.59,3531.00,3445.80,3520.55,755221.325
2024-02-29T12:00:00Z,3520.55,3524.76,3447.02,3470.42,803887.142
2024-02-29T16:00:00Z,3470.42,3473.93,3352.00,3408.27,1142824.401
2024-02-29T20:00:00Z,3408.39,3419.67,3300.39,3343.15,695412.788
2024-03-01T00:00:00Z,3343.16,3393.22,3342.18,3371.36,320876.078
2024-03-01T04:00:00Z,3371.36,3402.36,3366.14,3367.73,277371.894
2024-03-01T08:00:00Z,3367.73,3441.99,3355.24,3414.27,487627.822
2024-03-01T12:00:00Z,3414.27,3454.19,3380.00,3393.63,608035.219
2024-03-01T16:00:00Z,3393.63,3439.49,3383.52,3431.14,347205.533
2024-03-01T20:00:00Z,3431.15,3456.00,3424.30,3435.82,255958.453
2024-03-02T00:00:00Z,3435.83,3464.96,3428.12,3445.79,273485.134
2024-03-02T04:00:00Z,3445.80,3475.00,3390.00,3433.71,336917.439
2024-03-02T08:00:00Z,3433.71,3439.65,3397.12,3407.88,233734.342
2024-03-02T12:00:00Z,3407.87,3432.00,3397.07,3421.37,243538.946
2024-03-02T16:00:00Z,3421.37,3435.75,3413.42,3429.71,140710.899
2024-03-02T20:00:00Z,3429.71,3435.00,3405.10,3424.43,157853.855
2024-03-03T00:00:00Z,3424.43,3437.64,3412.00,3434.84,178219.429
2024-03-03T04:00:00Z,3434.83,3450.00,3355.88,3394.76,481275.947
2024-03-03T08:00:00Z,3394.76,3417.79,3377.55,3416.31,232141.849
2024-03-03T12:00:00Z,3416.31,3452.74,3406.08,3424.31,388467.002
2024-03-03T16:00:00Z,3424.31,3489.63,3421.21,3468.03,379985.948
2024-03-03T20:00:00Z,3468.04,3496.78,3462.00,3491.77,229146.361
2024-03-04T00:00:00Z,3491.78,3538.19,3420.22,3475.49,672105.493
2024-03-04T04:00:00Z,3475.50,3490.95,3457.64,3480.36,280992.385
2024-03-04T08:00:00Z,3480.37,3549.00,3479.99,3510.35,661112.661
2024-03-04T12:00:00Z,3510.36,3577.00,3460.00,3562.65,832231.307
2024-03-04T16:00:00Z,3562.64,3616.78,3531.21,3596.91,882568.251
2024-03-04T20:00:00Z,3596.91,3644.77,3561.00,3629.72,579118.255
2024-03-05T00:00:00Z,3629.72,3705.60,3610.12,3695.86,637890.641
2024-03-05T04:00:00Z,3695.86,3751.11,3645.91,3678.00,1110965.925
2024-03-05T08:00:00Z,3678.00,3750.00,3656.00,3737.96,528324.769
2024-03-05T12:00:00Z,3737.95,3827.93,3737.06,3786.85,1273552.054
2024-03-05T16:00:00Z,3786.85,3800.30,3205.00,3377.73,3035589.731
2024-03-05T20:00:00Z,3377.53,3583.26,3326.04,3555.43,1844483.822
2024-03-06T00:00:00Z,3555.43,3593.82,3501.00,3540.44,570315.793
2024-03-06T04:00:00Z,3540.44,3793.56,3538.79,3789.84,1045903.699
2024-03-06T08:00:00Z,3789.85,3902.72,3781.70,3883.07,965149.565
2024-03-06T12:00:00Z,3883.06,3906.42,3725.00,3793.55,1384452.306
2024-03-06T16:00:00Z,3793.57,3884.58,3766.67,3855.68,606009.384
2024-03-06T20:00:00Z,3855.68,3896.96,3796.48,3822.36,398819.507
2024-03-07T00:00:00Z,3822.35,3857.60,3767.50,3779.03,442527.558
2024-03-07T04:00:00Z,3778.88,3806.95,3736.44,3792.06,452361.655
2024-03-07T08:00:00Z,3792.07,3819.31,3773.60,3791.67,368237.375
2024-03-07T12:00:00Z,3791.66,3858.00,3767.98,3840.37,690496.698
2024-03-07T16:00:00Z,3840.37,3888.00,3816.36,3874.31,398880.394
2024-03-07T20:00:00Z,3874.31,3939.00,3841.28,3871.69,500039.521
2024-03-08T00:00:00Z,3871.69,3947.36,3866.61,3905.18,385360.053
2024-03-08T04:00:00Z,3905.19,3954.43,3883.11,3913.52,357182.224
2024-03-08T08:00:00Z,3913.52,3959.98,3913.27,3954.66,365315.951
2024-03-08T12:00:00Z,3954.66,4003.33,3889.29,3904.01,1036610.002
2024-03-08T16:00:00Z,3904.02,3983.43,3826.08,3932.00,1068155.021
2024-03-08T20:00:00Z,3932.01,3955.73,3872.79,3886.04,393244.283
2024-03-09T00:00:00Z,3886.04,3932.80,3880.35,3926.30,171062.577
2024-03-09T04:00:00Z,3926.30,3945.88,3915.00,3928.92,145653.908
2024-03-09T08:00:00Z,3928.91,3939.85,3890.01,3915.99,208743.168
2024-03-09T12:00:00Z,3915.98,3931.07,3904.00,3920.24,154627.565
2024-03-09T16:00:00Z,3920.23,3924.35,3871.46,3884.64,267039.782
2024-03-09T20:00:00Z,3884.64,3916.24,3884.64,3908.15,109869.982
2024-03-10T00:00:00Z,3908.16,3945.62,3902.29,3938.31,256112.259
2024-03-10T04:00:00Z,3938.32,3956.48,3932.61,3948.47,173643.895
2024-03-10T08:00:00Z,3948.48,3970.84,3923.35,3936.92,298656.968
2024-03-10T12:00:00Z,3936.93,3951.63,3860.00,3886.00,465536.918
2024-03-10T16:00:00Z,3886.00,3929.93,3884.44,3901.17,205461.127
2024-03-10T20:00:00Z,3901.17,3907.60,3791.19,3881.22,418566.637
2024-03-11T00:00:00Z,3881.32,3891.99,3719.00,3870.31,704888.925
2024-03-11T04:00:00Z,3870.32,4027.20,3836.12,4013.37,964749.577
2024-03-11T08:00:00Z,4013.37,4061.91,3992.24,4038.51,745104.710
2024-03-11T12:00:00Z,4038.52,4072.21,4017.41,4020.68,625968.588
2024-03-11T16:00:00Z,4020.69,4095.16,4001.49,4036.12,531525.091
2024-03-11T20:00:00Z,4036.12,4089.08,4032.18,4070.52,225030.839
2024-03-12T00:00:00Z,4070.52,4098.64,4024.30,4033.31,378708.736
2024-03-12T04:00:00Z,4033.31,4056.52,4002.10,4030.09,302708.725
2024-03-12T08:00:00Z,4030.07,4072.00,3968.00,4024.82,539978.382
2024-03-12T12:00:00Z,4024.81,4061.83,3950.00,3992.53,898580.203
2024-03-12T16:00:00Z,3992.53,3996.28,3831.95,3984.96,1225077.987
2024-03-12T20:00:00Z,3984.96,3985.36,3929.60,3984.18,296696.721
2024-03-13T00:00:00Z,3984.18,4050.00,3976.94,4047.93,295059.069
2024-03-13T04:00:00Z,4047.92,4085.90,4033.13,4043.28,300471.295
2024-03-13T08:00:00Z,4043.29,4091.65,4043.29,4053.74,326396.550
2024-03-13T12:00:00Z,4053.74,4058.00,3935.00,3965.66,929714.395
2024-03-13T16:00:00Z,3965.67,4015.66,3955.50,4004.13,352382.129
2024-03-13T20:00:00Z,4004.12,4025.84,3977.49,4008.76,241778.061
2024-03-14T00:00:00Z,4008.76,4015.45,3955.62,3997.37,289180.444
2024-03-14T04:00:00Z,3997.38,4011.97,3942.01,3966.68,372367.152
2024-03-14T08:00:00Z,3966.68,4002.89,3946.66,3959.21,304526.172
2024-03-14T12:00:00Z,3959.22,3971.94,3820.00,3848.40,1148129.960
2024-03-14T16:00:00Z,3848.41,3900.51,3725.03,3789.88,1241835.955
2024-03-14T20:00:00Z,3789.87,3894.00,3784.40,3884.99,466679.323
2024-03-15T00:00:00Z,3884.99,3938.16,3623.00,3724.84,1356202.376
2024-03-15T04:00:00Z,3724.84,3784.00,3656.38,3756.08,806102.435
2024-03-15T08:00:00Z,3756.09,3765.00,3566.00,3692.96,1295205.345
2024-03-15T12:00:00Z,3692.97,3746.80,3674.33,3691.94,587698.656
2024-03-15T16:00:00Z,3691.94,3811.10,3661.83,3690.00,782421.828
2024-03-15T20:00:00Z,3690.00,3751.57,3606.00,3745.00,565844.080
2024-03-16T00:00:00Z,3745.01,3784.87,3725.19,3738.41,314443.847
2024-03-16T04:00:00Z,3738.41,3746.68,3692.90,3743.39,217801.755
2024-03-16T08:00:00Z,3743.40,3744.54,3666.00,3695.24,289614.412
2024-03-16T12:00:00Z,3695.24,3715.20,3640.39,3681.49,383157.034
2024-03-16T16:00:00Z,3681.49,3683.53,3571.21,3603.01,664551.404
2024-03-16T20:00:00Z,3603.02,3637.42,3468.84,3525.58,867640.901
2024-03-17T00:00:00Z,3525.57,3585.40,3507.10,3574.37,411288.042
2024-03-17T04:00:00Z,3574.38,3575.23,3414.72,3474.33,655549.363
2024-03-17T08:00:00Z,3474.32,3610.25,3462.35,3582.47,644373.183
2024-03-17T12:00:00Z,3582.47,3650.00,3531.77,3629.96,559185.576
2024-03-17T16:00:00Z,3629.95,3658.98,3604.30,3653.38,277869.220
2024-03-17T20:00:00Z,3653.39,3682.95,3627.26,3646.99,209288.500
2024-03-18T00:00:00Z,3646.99,3648.78,3560.00,3603.58,401928.482
2024-03-18T04:00:00Z,3603.58,3645.87,3580.00,3628.97,257002.346
2024-03-18T08:00:00Z,3628.96,3629.47,3552.07,3600.76,463533.858
2024-03-18T12:00:00Z,3600.77,3616.21,3489.00,3528.17,756968.872
2024-03-18T16:00:00Z,3528.17,3568.00,3454.72,3482.09,644795.749
2024-03-18T20:00:00Z,3482.09,3550.00,3482.09,3523.43,278389.741
2024-03-19T00:00:00Z,3523.44,3551.99,3363.51,3421.68,1083876.271
2024-03-19T04:00:00Z,3421.68,3430.69,3306.45,3361.60,838583.864
2024-03-19T08:00:00Z,3361.60,3361.66,3205.03,3278.91,1501516.445
2024-03-19T12:00:00Z,3278.91,3327.39,3225.00,3304.63,940414.205
2024-03-19T16:00:00Z,3304.63,3363.27,3282.00,3335.56,695769.542
2024-03-19T20:00:00Z,3335.55,3341.25,3153.00,3161.00,834165.126
2024-03-20T00:00:00Z,3160.99,3266.31,3154.14,3162.24,900044.125
2024-03-20T04:00:00Z,3162.28,3228.03,3055.00,3219.73,1325402.808
2024-03-20T08:00:00Z,3219.73,3298.92,3207.02,3294.54,635863.145
2024-03-20T12:00:00Z,3294.55,3399.58,3277.00,3295.09,1393414.016
2024-03-20T16:00:00Z,3295.08,3409.70,3142.00,3380.82,2044079.057
2024-03-20T20:00:00Z,3380.82,3539.16,3372.33,3517.80,846373.114
2024-03-21T00:00:00Z,3517.80,3564.61,3495.70,3513.01,565303.422
2024-03-21T04:00:00Z,3513.18,3541.11,3450.00,3518.79,544121.847
2024-03-21T08:00:00Z,3518.80,3590.53,3518.79,3533.33,508284.603
2024-03-21T12:00:00Z,3533.38,3577.00,3480.05,3500.83,706439.687
2024-03-21T16:00:00Z,3500.82,3549.46,3414.06,3443.60,696349.452
2024-03-21T20:00:00Z,3443.58,3524.99,3414.32,3495.16,428850.446
2024-03-22T00:00:00Z,3495.16,3531.68,3455.17,3524.94,428083.863
2024-03-22T04:00:00Z,3524.94,3545.36,3502.80,3514.52,302160.252
2024-03-22T08:00:00Z,3514.53,3527.19,3400.00,3407.74,570646.861
2024-03-22T12:00:00Z,3407.74,3429.00,3282.77,3351.21,1335648.538
2024-03-22T16:00:00Z,3351.21,3364.56,3290.53,3343.61,630352.431
2024-03-22T20:00:00Z,3343.62,3348.16,3250.10,3339.00,583687.235
2024-03-23T00:00:00Z,3338.99,3364.44,3271.38,3305.32,377668.706
2024-03-23T04:00:00Z,3305.33,3386.81,3300.28,3367.61,329913.526
2024-03-23T08:00:00Z,3367.61,3385.00,3330.08,3367.32,346643.232
2024-03-23T12:00:00Z,3367.32,3425.93,3346.10,3407.57,475661.505
2024-03-23T16:00:00Z,3407.58,3438.00,3386.09,3388.67,265874.486
2024-03-23T20:00:00Z,3388.66,3403.79,3328.00,3330.96,269582.440
2024-03-24T00:00:00Z,3330.96,3370.91,3307.68,3310.68,253160.708
2024-03-24T04:00:00Z,3310.69,3345.57,3301.46,3344.30,215394.966
2024-03-24T08:00:00Z,3344.30,3395.66,3337.78,3389.88,291253.425
2024-03-24T12:00:00Z,3389.87,3417.64,3379.13,3399.94,289283.048
2024-03-24T16:00:00Z,3399.94,3411.94,3334.31,3385.09,464328.586
2024-03-24T20:00:00Z,3385.09,3474.16,3377.68,3457.16,351146.979
2024-03-25T00:00:00Z,3457.16,3463.68,3422.18,3457.06,234904.798
2024-03-25T04:00:00Z,3457.05,3508.80,3443.16,3446.71,315427.498
2024-03-25T08:00:00Z,3446.72,3474.98,3433.81,3438.40,240645.307
2024-03-25T12:00:00Z,3438.39,3591.31,3430.41,3584.48,801470.971
2024-03-25T16:00:00Z,3584.48,3665.10,3569.17,3642.53,602880.109
2024-03-25T20:00:00Z,3642.53,3651.44,3568.07,3592.94,335562.429
2024-03-26T00:00:00Z,3592.94,3645.13,3584.00,3626.56,325464.782
2024-03-26T04:00:00Z,3626.55,3684.45,3622.08,3637.91,348759.066
2024-03-26T08:00:00Z,3637.91,3674.00,3630.44,3634.47,330573.018
2024-03-26T12:00:00Z,3634.44,3657.08,3545.63,3596.00,801604.546
2024-03-26T16:00:00Z,3595.99,3607.64,3545.80,3563.68,415686.550
2024-03-26T20:00:00Z,3563.67,3617.30,3561.21,3589.64,211322.144
2024-03-27T00:00:00Z,3589.65,3631.00,3578.78,3605.42,224270.015
2024-03-27T04:00:00Z,3605.43,3619.46,3561.16,3567.55,248290.735
2024-03-27T08:00:00Z,3567.55,3594.75,3535.00,3588.90,347782.044
2024-03-27T12:00:00Z,3588.89,3671.94,3500.45,3517.30,1372928.908
2024-03-27T16:00:00Z,3517.30,3535.00,3461.18,3494.54,508165.129
2024-03-27T20:00:00Z,3494.54,3525.19,3491.94,3504.99,207160.339
2024-03-28T00:00:00Z,3504.99,3536.31,3466.97,3499.57,337290.216
2024-03-28T04:00:00Z,3499.57,3583.00,3498.50,3577.28,340865.013
2024-03-28T08:00:00Z,3577.32,3597.61,3566.52,3583.25,299104.490
2024-03-28T12:00:00Z,3583.24,3615.83,3554.95,3581.60,558347.137
2024-03-28T16:00:00Z,3581.60,3584.06,3535.22,3566.14,274607.414
2024-03-28T20:00:00Z,3566.13,3583.54,3545.40,3563.99,160970.080
2024-03-29T00:00:00Z,3564.00,3588.93,3552.50,3564.98,182078.213
2024-03-29T04:00:00Z,3564.98,3584.10,3515.00,3522.38,335644.928
2024-03-29T08:00:00Z,3522.38,3567.64,3519.39,3553.47,330529.689
2024-03-29T12:00:00Z,3553.47,3561.73,3481.01,3490.25,444838.472
2024-03-29T16:00:00Z,3490.25,3504.94,3475.00,3502.58,242030.124
2024-03-29T20:00:00Z,3502.57,3527.85,3477.77,3512.46,195518.722
2024-03-30T00:00:00Z,3512.47,3524.15,3488.26,3492.18,168846.662
2024-03-30T04:00:00Z,3492.18,3536.91,3489.27,3495.20,237856.185
2024-03-30T08:00:00Z,3495.20,3568.71,3493.98,3563.47,276146.121
2024-03-30T12:00:00Z,3563.48,3569.97,3533.19,3539.97,200206.932
2024-03-30T16:00:00Z,3539.98,3551.74,3486.51,3511.43,237852.197
2024-03-30T20:00:00Z,3511.44,3522.81,3496.96,3508.66,137871.361
2024-03-31T00:00:00Z,3508.66,3547.99,3507.39,3540.00,172241.898
2024-03-31T04:00:00Z,3539.99,3638.85,3534.68,3630.17,454870.998
2024-03-31T08:00:00Z,3630.18,3638.00,3603.16,3613.39,208122.875
2024-03-31T12:00:00Z,3613.38,3645.50,3610.05,3621.04,265269.555
2024-03-31T16:00:00Z,3621.04,3661.08,3616.42,3643.35,254561.066
2024-03-31T20:00:00Z,3643.36,3654.91,3621.19,3648.79,180335.678
2024-04-01T00:00:00Z,3648.80,3649.67,3604.00,3614.45,229422.519
2024-04-01T04:00:00Z,3614.46,3617.66,3500.00,3548.69,715938.691
2024-04-01T08:00:00Z,3548.69,3563.25,3521.52,3540.60,273290.439
2024-04-01T12:00:00Z,3540.60,3574.30,3438.88,3446.04,827610.506
2024-04-01T16:00:00Z,3446.03,3491.78,3413.00,3488.78,499248.181
2024-04-01T20:00:00Z,3488.79,3518.75,3472.86,3506.52,208990.173
2024-04-02T00:00:00Z,3506.52,3508.44,3315.45,3367.81,910685.829
2024-04-02T04:00:00Z,3367.80,3390.97,3338.64,3364.82,382484.066
2024-04-02T08:00:00Z,3364.81,3374.22,3278.45,3311.10,777925.063
2024-04-02T12:00:00Z,3311.11,3326.71,3232.67,3241.97,931600.107
2024-04-02T16:00:00Z,3241.97,3286.52,3212.00,3279.26,620453.590
2024-04-02T20:00:00Z,3279.19,3307.74,3241.60,3280.76,348564.409
2024-04-03T00:00:00Z,3280.67,3327.75,3203.12,3317.32,609390.087
2024-04-03T04:00:00Z,3317.32,3326.70,3280.88,3307.19,265803.026
2024-04-03T08:00:00Z,3307.20,3359.36,3291.04,3320.03,550195.476
2024-04-03T12:00:00Z,3320.04,3366.38,3294.18,3330.77,514282.160
2024-04-03T16:00:00Z,3330.78,3370.00,3282.07,3315.80,507322.545
2024-04-03T20:00:00Z,3315.80,3327.64,3290.04,3313.29,213191.378
2024-04-04T00:00:00Z,3313.28,3335.64,3264.01,3276.35,349305.618
2024-04-04T04:00:00Z,3276.35,3336.88,3252.59,3324.80,343090.151
2024-04-04T08:00:00Z,3324.80,3358.00,3320.91,3342.38,214631.796
2024-04-04T12:00:00Z,3342.37,3398.00,3340.60,3366.11,430743.251
2024-04-04T16:00:00Z,3366.11,3446.48,3361.67,3367.84,517686.391
2024-04-04T20:00:00Z,3367.83,3372.00,3277.55,3329.65,591097.825
2024-04-05T00:00:00Z,3329.65,3337.80,3252.59,3310.00,432659.826
2024-04-05T04:00:00Z,3310.00,3321.94,3241.71,3289.18,408897.427
2024-04-05T08:00:00Z,3289.18,3315.15,3237.21,3245.50,428213.637
2024-04-05T12:00:00Z,3245.49,3332.25,3208.00,3328.52,864196.400
2024-04-05T16:00:00Z,3328.53,3352.07,3307.73,3322.46,337904.008
2024-04-05T20:00:00Z,3322.46,3348.27,3312.50,3319.66,145520.810
2024-04-06T00:00:00Z,3319.66,3349.05,3308.00,3333.26,184732.496
2024-04-06T04:00:00Z,3333.26,3355.44,3322.78,3331.72,162370.538
2024-04-06T08:00:00Z,3331.73,3354.14,3325.29,3332.05,150469.432
2024-04-06T12:00:00Z,3332.04,3363.59,3315.01,3336.70,221652.353
2024-04-06T16:00:00Z,3336.69,3359.43,3332.56,3350.79,166739.354
2024-04-06T20:00:00Z,3350.78,3402.72,3345.33,3353.15,245755.350
2024-04-07T00:00:00Z,3353.16,3417.11,3345.51,3389.65,281025.302
2024-04-07T04:00:00Z,3389.66,3409.00,3375.38,3386.99,150704.740
2024-04-07T08:00:00Z,3386.98,3397.23,3377.76,3391.29,116402.918
2024-04-07T12:00:00Z,3391.29,3422.77,3385.83,3391.37,298398.374
2024-04-07T16:00:00Z,3391.38,3414.90,3368.14,3383.31,272683.119
2024-04-07T20:00:00Z,3383.31,3462.19,3379.73,3455.99,324880.085
2024-04-08T00:00:00Z,3456.00,3459.50,3407.33,3424.77,241505.897
2024-04-08T04:00:00Z,3424.76,3482.80,3414.50,3476.16,271806.748
2024-04-08T08:00:00Z,3476.17,3648.00,3472.09,3636.17,954739.651
2024-04-08T12:00:00Z,3636.18,3675.42,3598.00,3631.65,668815.417
2024-04-08T16:00:00Z,3631.64,3714.98,3629.93,3705.66,443820.983
2024-04-08T20:00:00Z,3705.73,3735.31,3684.00,3697.60,265245.933
2024-04-09T00:00:00Z,3697.59,3730.00,3667.30,3694.99,398271.599
2024-04-09T04:00:00Z,3695.00,3704.66,3632.40,3644.11,547007.985
2024-04-09T08:00:00Z,3644.10,3650.00,3580.00,3635.68,622113.842
2024-04-09T12:00:00Z,3635.68,3646.40,3480.88,3532.12,1101753.135
2024-04-09T16:00:00Z,3532.12,3535.34,3452.30,3519.64,564363.473
2024-04-09T20:00:00Z,3519.63,3530.00,3490.00,3508.45,214572.803
2024-04-10T00:00:00Z,3508.46,3541.00,3467.56,3515.10,478594.126
2024-04-10T04:00:00Z,3515.09,3556.97,3508.32,3538.91,260203.954
2024-04-10T08:00:00Z,3538.92,3543.94,3494.00,3523.81,350811.165
2024-04-10T12:00:00Z,3523.82,3531.25,3413.20,3481.08,972201.421
2024-04-10T16:00:00Z,3481.08,3550.60,3471.00,3524.00,499629.159
2024-04-10T20:00:00Z,3523.99,3567.18,3496.62,3547.64,270917.552
2024-04-11T00:00:00Z,3547.64,3580.00,3525.97,3578.53,246252.597
2024-04-11T04:00:00Z,3578.55,3609.00,3555.20,3585.41,266847.013
2024-04-11T08:00:00Z,3585.42,3621.74,3516.16,3524.85,420313.936
2024-04-11T12:00:00Z,3524.85,3578.46,3488.00,3509.94,783212.512
2024-04-11T16:00:00Z,3509.94,3524.97,3475.03,3519.89,353039.708
2024-04-11T20:00:00Z,3519.88,3534.48,3491.60,3504.43,165318.475
2024-04-12T00:00:00Z,3504.42,3539.87,3503.14,3536.00,176349.201
2024-04-12T04:00:00Z,3536.01,3555.00,3509.46,3518.79,212029.090
2024-04-12T08:00:00Z,3518.79,3545.00,3510.64,3534.16,254545.132
2024-04-12T12:00:00Z,3534.16,3534.77,3440.44,3442.42,648673.388
2024-04-12T16:00:00Z,3442.42,3456.13,3062.04,3206.98,2144196.135
2024-04-12T20:00:00Z,3206.93,3257.36,3201.58,3238.30,461072.885
2024-04-13T00:00:00Z,3238.31,3238.31,3143.30,3232.06,570348.417
2024-04-13T04:00:00Z,3232.06,3273.84,3223.87,3258.55,347649.096
2024-04-13T08:00:00Z,3258.56,3305.42,3248.46,3269.39,329155.842
2024-04-13T12:00:00Z,3269.39,3298.77,3251.34,3273.12,350335.169
2024-04-13T16:00:00Z,3273.12,3281.00,2971.10,3083.37,1245588.279
2024-04-13T20:00:00Z,3083.37,3092.48,2791.61,3005.46,2465440.014
2024-04-14T00:00:00Z,3005.47,3019.09,2903.00,2969.27,897106.534
2024-04-14T04:00:00Z,2969.26,3102.84,2963.94,3083.33,588117.410
2024-04-14T08:00:00Z,3083.33,3098.95,3006.85,3026.33,482752.913
2024-04-14T12:00:00Z,3026.32,3074.14,3005.06,3055.19,570786.388
2024-04-14T16:00:00Z,3055.18,3099.90,2976.60,3072.38,866542.873
2024-04-14T20:00:00Z,3072.38,3173.32,3045.81,3153.16,544898.639
2024-04-15T00:00:00Z,3153.16,3155.44,3097.95,3145.02,414705.872
2024-04-15T04:00:00Z,3145.03,3254.29,3120.88,3240.96,607992.486
2024-04-15T08:00:00Z,3240.97,3277.74,3225.25,3228.47,429391.221
2024-04-15T12:00:00Z,3228.47,3242.99,3101.09,3162.26,904230.569
2024-04-15T16:00:00Z,3162.26,3179.00,3022.08,3098.88,1132955.575
2024-04-15T20:00:00Z,3098.88,3127.19,3055.00,3100.75,365761.208
2024-04-16T00:00:00Z,3100.76,3119.52,3048.41,3071.74,468983.659
2024-04-16T04:00:00Z,3071.73,3127.41,2976.43,3105.87,686162.143
2024-04-16T08:00:00Z,3105.87,3110.38,2999.03,3091.79,701146.680
2024-04-16T12:00:00Z,3091.79,3094.28,3007.00,3007.61,737850.246
2024-04-16T16:00:00Z,3007.62,3084.00,2991.14,3056.04,588948.682
2024-04-16T20:00:00Z,3056.04,3119.30,3049.34,3082.85,268868.087
2024-04-17T00:00:00Z,3082.84,3106.00,3065.74,3093.68,261576.394
2024-04-17T04:00:00Z,3093.69,3123.12,3061.00,3074.66,329905.340
2024-04-17T08:00:00Z,3074.66,3086.61,3035.03,3038.97,318702.273
2024-04-17T12:00:00Z,3039.00,3063.24,2924.00,2945.77,1256223.224
2024-04-17T16:00:00Z,2945.60,3042.82,2912.45,3000.44,867409.521
2024-04-17T20:00:00Z,3000.44,3014.14,2962.29,2983.25,277912.955
2024-04-18T00:00:00Z,2983.26,3034.35,2949.54,3023.94,382511.738
2024-04-18T04:00:00Z,3023.94,3033.34,2954.77,2973.66,404508.102
2024-04-18T08:00:00Z,2973.66,3064.56,2952.00,3045.00,506860.130
2024-04-18T12:00:00Z,3045.00,3093.59,2982.93,3066.99,819207.532
2024-04-18T16:00:00Z,3066.99,3081.95,3016.41,3063.07,397607.728
2024-04-18T20:00:00Z,3062.95,3080.58,3054.05,3062.85,164850.390
2024-04-19T00:00:00Z,3062.85,3069.00,2861.76,2978.30,1294060.765
2024-04-19T04:00:00Z,2978.30,3128.52,2977.63,3082.60,895061.802
2024-04-19T08:00:00Z,3082.57,3123.41,3075.24,3100.94,520400.989
2024-04-19T12:00:00Z,3100.94,3120.00,3053.00,3079.32,514164.869
2024-04-19T16:00:00Z,3079.31,3107.29,3042.42,3103.36,405937.384
2024-04-19T20:00:00Z,3103.41,3104.89,3018.14,3054.91,378176.977
2024-04-20T00:00:00Z,3054.91,3070.45,3016.40,3054.48,309015.414
2024-04-20T04:00:00Z,3054.49,3069.81,3047.77,3059.77,144864.579
2024-04-20T08:00:00Z,3059.79,3060.25,3027.88,3045.84,218610.341
2024-04-20T12:00:00Z,3045.83,3113.88,3038.34,3108.48,265004.358
2024-04-20T16:00:00Z,3108.48,3165.00,3086.14,3147.00,486033.557
2024-04-20T20:00:00Z,3147.01,3173.83,3139.01,3154.31,201540.454
2024-04-21T00:00:00Z,3154.30,3196.41,3124.78,3165.01,328995.230
2024-04-21T04:00:00Z,3165.01,3189.99,3150.02,3177.92,258929.890
2024-04-21T08:00:00Z,3177.92,3185.81,3152.04,3167.02,217631.578
2024-04-21T12:00:00Z,3167.01,3175.73,3134.79,3158.23,264033.314
2024-04-21T16:00:00Z,3158.22,3160.69,3114.15,3135.73,314690.181
2024-04-21T20:00:00Z,3135.72,3168.49,3127.75,3145.73,190885.646
2024-04-22T00:00:00Z,3145.74,3210.90,3127.14,3189.23,489670.009
2024-04-22T04:00:00Z,3189.15,3235.00,3182.61,3202.57,361532.776
2024-04-22T08:00:00Z,3202.56,3222.96,3186.01,3193.04,283133.022
2024-04-22T12:00:00Z,3193.04,3210.48,3164.16,3182.04,384412.817
2024-04-22T16:00:00Z,3182.04,3216.78,3167.17,3186.56,309177.337
2024-04-22T20:00:00Z,3186.56,3223.00,3182.06,3198.66,219514.901
2024-04-23T00:00:00Z,3198.66,3221.85,3179.32,3182.19,200051.812
2024-04-23T04:00:00Z,3182.18,3192.32,3150.31,3158.93,258093.198
2024-04-23T08:00:00Z,3158.93,3184.38,3151.02,3178.63,197215.139
2024-04-23T12:00:00Z,3178.63,3266.91,3171.49,3224.48,604715.946
2024-04-23T16:00:00Z,3224.48,3245.86,3211.50,3217.27,210317.904
2024-04-23T20:00:00Z,3217.27,3222.12,3184.40,3218.04,192712.379
2024-04-24T00:00:00Z,3218.03,3247.50,3208.55,3236.60,216687.186
2024-04-24T04:00:00Z,3236.60,3274.00,3235.25,3248.40,268500.237
2024-04-24T08:00:00Z,3248.40,3286.00,3240.06,3280.15,295761.940
2024-04-24T12:00:00Z,3280.15,3293.38,3165.00,3174.60,818163.903
2024-04-24T16:00:00Z,3174.59,3192.27,3102.50,3133.25,601815.740
2024-04-24T20:00:00Z,3133.25,3151.34,3110.11,3138.84,281898.273
2024-04-25T00:00:00Z,3138.84,3169.98,3125.00,3145.68,281290.791
2024-04-25T04:00:00Z,3145.69,3166.48,3124.26,3134.99,256937.603
2024-04-25T08:00:00Z,3134.99,3151.95,3070.16,3110.35,547821.522
2024-04-25T12:00:00Z,3110.35,3168.00,3080.06,3158.83,753653.836
2024-04-25T16:00:00Z,3158.84,3174.81,3144.11,3164.83,391626.628
2024-04-25T20:00:00Z,3164.83,3189.97,3150.92,3154.44,216745.538
2024-04-26T00:00:00Z,3154.44,3163.30,3122.68,3140.41,265219.131
2024-04-26T04:00:00Z,3140.42,3152.62,3127.04,3133.48,224812.531
2024-04-26T08:00:00Z,3133.48,3156.68,3120.01,3127.57,249190.800
2024-04-26T12:00:00Z,3127.54,3167.20,3100.38,3116.44,634145.074
2024-04-26T16:00:00Z,3116.45,3154.45,3103.52,3132.67,258819.926
2024-04-26T20:00:00Z,3132.67,3152.80,3118.17,3129.98,132128.654
2024-04-27T00:00:00Z,3129.98,3137.64,3062.80,3120.72,509645.395
2024-04-27T04:00:00Z,3120.72,3132.00,3104.70,3119.12,166719.481
2024-04-27T08:00:00Z,3119.15,3127.00,3106.12,3123.35,164525.300
2024-04-27T12:00:00Z,3123.36,3165.44,3120.16,3143.30,351881.359
2024-04-27T16:00:00Z,3143.29,3283.54,3141.01,3235.83,799319.906
2024-04-27T20:00:00Z,3235.83,3262.30,3220.46,3253.97,207722.046
2024-04-28T00:00:00Z,3253.97,3329.00,3248.80,3307.65,415020.728
2024-04-28T04:00:00Z,3307.65,3340.86,3298.17,3316.27,268685.492
2024-04-28T08:00:00Z,3316.26,3323.76,3272.56,3285.03,342423.193
2024-04-28T12:00:00Z,3285.03,3327.78,3282.27,3319.24,330067.611
2024-04-28T16:00:00Z,3319.23,3365.69,3306.15,3315.37,306127.355
2024-04-28T20:00:00Z,3315.36,3319.93,3251.00,3262.28,337556.885
2024-04-29T00:00:00Z,3262.29,3286.29,3166.75,3176.94,658172.203
2024-04-29T04:00:00Z,3176.95,3208.99,3150.00,3186.93,535850.023
2024-04-29T08:00:00Z,3186.93,3194.56,3144.80,3158.24,382203.455
2024-04-29T12:00:00Z,3158.23,3185.12,3113.02,3181.07,754828.042
2024-04-29T16:00:00Z,3181.06,3188.71,3153.32,3184.68,293632.392
2024-04-29T20:00:00Z,3184.69,3234.52,3162.22,3215.27,335449.234
2024-04-30T00:00:00Z,3215.28,3250.00,3148.00,3179.62,575220.348
2024-04-30T04:00:00Z,3179.62,3184.56,3150.60,3155.66,225450.424
2024-04-30T08:00:00Z,3155.66,3160.69,3002.17,3005.93,1111346.130
2024-04-30T12:00:00Z,3005.94,3037.17,2963.33,2992.67,998305.999
2024-04-30T16:00:00Z,2992.66,2997.45,2918.33,2927.60,880790.789
2024-04-30T20:00:00Z,2927.61,3027.91,2926.44,3012.58,487374.746
2024-05-01T00:00:00Z,3012.57,3021.94,2958.00,3002.93,392606.123
2024-05-01T04:00:00Z,3002.93,3012.89,2851.00,2868.49,889746.134
2024-05-01T08:00:00Z,2868.48,2904.83,2814.44,2904.19,861732.875
2024-05-01T12:00:00Z,2904.19,2932.70,2864.16,2884.31,637099.994
2024-05-01T16:00:00Z,2884.32,3014.94,2866.78,2924.80,1136833.287
2024-05-01T20:00:00Z,2924.79,2983.98,2912.34,2970.61,359368.894
2024-05-02T00:00:00Z,2970.61,2980.67,2890.00,2928.00,412116.661
2024-05-02T04:00:00Z,2928.00,2937.36,2896.28,2919.88,255425.615
2024-05-02T08:00:00Z,2919.89,3007.64,2915.09,2994.44,508371.841
2024-05-02T12:00:00Z,2994.44,3012.00,2951.08,2988.65,571301.544
2024-05-02T16:00:00Z,2988.66,3006.00,2970.00,2998.45,297277.992
2024-05-02T20:00:00Z,2998.44,3016.38,2967.54,2984.80,248519.124
2024-05-03T00:00:00Z,2984.80,3035.00,2976.00,3008.32,294218.824
2024-05-03T04:00:00Z,3008.31,3015.96,2957.20,2967.83,260623.350
2024-05-03T08:00:00Z,2967.83,2989.63,2956.86,2978.40,274563.505
2024-05-03T12:00:00Z,2978.39,3085.57,2967.77,3074.12,905376.008
2024-05-03T16:00:00Z,3074.12,3086.97,3060.89,3070.69,245421.370
2024-05-03T20:00:00Z,3070.69,3126.44,3066.91,3100.83,375358.775
2024-05-04T00:00:00Z,3100.83,3129.00,3090.75,3110.96,219044.181
2024-05-04T04:00:00Z,3110.96,3122.26,3093.37,3094.79,161959.214
2024-05-04T08:00:00Z,3094.80,3167.45,3094.37,3129.40,388807.652
2024-05-04T12:00:00Z,3129.40,3158.02,3113.22,3125.23,267154.602
2024-05-04T16:00:00Z,3125.24,3139.46,3112.00,3136.02,156716.249
2024-05-04T20:00:00Z,3136.03,3146.13,3102.66,3115.46,177972.072
2024-05-05T00:00:00Z,3115.46,3125.68,3071.10,3085.60,333030.474
2024-05-05T04:00:00Z,3085.60,3113.79,3078.83,3103.98,159673.229
2024-05-05T08:00:00Z,3103.97,3171.15,3101.99,3136.56,385969.311
2024-05-05T12:00:00Z,3136.56,3166.98,3125.00,3159.07,341780.466
2024-05-05T16:00:00Z,3159.08,3164.85,3128.06,3141.23,213183.107
2024-05-05T20:00:00Z,3141.23,3144.99,3120.20,3135.24,136641.930
2024-05-06T00:00:00Z,3135.24,3165.00,3123.00,3133.74,198610.998
2024-05-06T04:00:00Z,3133.73,3191.55,3126.67,3179.10,361101.332
2024-05-06T08:00:00Z,3179.10,3221.95,3128.53,3147.89,666513.740
2024-05-06T12:00:00Z,3147.89,3153.50,3054.67,3088.29,861610.502
2024-05-06T16:00:00Z,3088.29,3096.26,3043.92,3069.32,396892.735
2024-05-06T20:00:00Z,3069.31,3087.87,3059.42,3061.50,153977.717
2024-05-07T00:00:00Z,3061.50,3096.13,3018.00,3048.00,414472.641
2024-05-07T04:00:00Z,3047.99,3081.69,3042.45,3076.19,240113.334
2024-05-07T08:00:00Z,3076.20,3128.59,3057.00,3061.91,515131.677
2024-05-07T12:00:00Z,3061.92,3105.67,3044.03,3070.20,425428.981
2024-05-07T16:00:00Z,3070.21,3078.43,3025.22,3048.66,252828.170
2024-05-07T20:00:00Z,3048.75,3060.98,2996.53,3004.55,353561.903
2024-05-08T00:00:00Z,3004.55,3037.52,2993.00,3030.73,234879.234
2024-05-08T04:00:00Z,3030.72,3034.99,2987.24,2994.23,336086.474
2024-05-08T08:00:00Z,2994.22,3011.62,2976.14,2989.63,388937.456
2024-05-08T12:00:00Z,2989.63,3031.98,2983.73,3006.00,514728.656
2024-05-08T16:00:00Z,3005.99,3024.32,2984.80,2998.36,213706.706
2024-05-08T20:00:00Z,2998.36,3002.82,2930.64,2972.93,507271.073
2024-05-09T00:00:00Z,2972.94,3004.39,2971.03,2996.90,178045.340
2024-05-09T04:00:00Z,2996.90,3014.94,2974.01,2982.37,220454.291
2024-05-09T08:00:00Z,2982.37,2990.98,2949.00,2976.22,319766.591
2024-05-09T12:00:00Z,2976.22,3019.88,2954.52,3004.82,435456.827
2024-05-09T16:00:00Z,3004.83,3025.00,2988.00,3020.23,300601.478
2024-05-09T20:00:00Z,3020.23,3058.23,3013.87,3034.75,255191.447
2024-05-10T00:00:00Z,3034.75,3041.86,3015.56,3027.60,157795.357
2024-05-10T04:00:00Z,3027.60,3053.52,3020.06,3040.39,186874.878
2024-05-10T08:00:00Z,3040.40,3044.00,3020.73,3036.44,153788.224
2024-05-10T12:00:00Z,3036.44,3043.06,2905.00,2917.03,973610.383
2024-05-10T16:00:00Z,2917.02,2933.70,2877.00,2900.47,615667.383
2024-05-10T20:00:00Z,2900.47,2914.56,2885.95,2908.85,176431.210
2024-05-11T00:00:00Z,2908.85,2935.00,2903.03,2910.12,185437.159
2024-05-11T04:00:00Z,2910.12,2926.56,2904.71,2920.90,107357.338
2024-05-11T08:00:00Z,2920.89,2924.00,2884.60,2902.70,214371.314
2024-05-11T12:00:00Z,2902.70,2946.60,2894.30,2924.50,310326.461
2024-05-11T16:00:00Z,2924.50,2940.00,2915.70,2929.59,173346.090
2024-05-11T20:00:00Z,2929.59,2930.02,2905.16,2911.27,124393.543
2024-05-12T00:00:00Z,2911.27,2924.30,2907.57,2919.42,103896.388
2024-05-12T04:00:00Z,2919.42,2931.94,2898.97,2906.54,157040.586
2024-05-12T08:00:00Z,2906.53,2943.38,2901.00,2927.10,247279.362
2024-05-12T12:00:00Z,2927.09,2943.00,2923.81,2936.82,163381.130
2024-05-12T16:00:00Z,2936.82,2954.94,2919.84,2928.66,226856.729
2024-05-12T20:00:00Z,2928.66,2935.36,2911.13,2927.73,104987.186
2024-05-13T00:00:00Z,2927.73,2942.00,2863.80,2889.31,595245.497
2024-05-13T04:00:00Z,2889.31,2958.21,2867.70,2953.09,504188.455
2024-05-13T08:00:00Z,2953.08,2996.44,2946.66,2964.59,584721.787
2024-05-13T12:00:00Z,2964.60,2985.76,2948.08,2960.20,356790.716
2024-05-13T16:00:00Z,2960.21,2977.09,2925.06,2955.69,343547.092
2024-05-13T20:00:00Z,2955.69,2959.00,2937.14,2949.71,105011.181
2024-05-14T00:00:00Z,2949.72,2959.79,2935.28,2939.33,245286.111
2024-05-14T04:00:00Z,2939.34,2948.43,2880.00,2918.75,438107.878
2024-05-14T08:00:00Z,2918.75,2920.24,2896.21,2906.82,186062.439
2024-05-14T12:00:00Z,2906.82,2925.00,2868.14,2897.53,776376.609
2024-05-14T16:00:00Z,2897.53,2899.48,2858.14,2893.11,310507.570
2024-05-14T20:00:00Z,2893.11,2902.24,2877.16,2880.87,130666.736
2024-05-15T00:00:00Z,2880.87,2901.94,2861.71,2901.44,233803.855
2024-05-15T04:00:00Z,2901.44,2920.00,2896.39,2914.55,217659.338
2024-05-15T08:00:00Z,2914.56,2932.99,2885.25,2897.74,377475.224
2024-05-15T12:00:00Z,2897.74,2992.00,2891.13,2975.54,1025166.460
2024-05-15T16:00:00Z,2975.54,3025.43,2968.40,3023.44,438473.977
2024-05-15T20:00:00Z,3023.43,3039.52,3008.32,3030.66,246362.520
2024-05-16T00:00:00Z,3030.67,3039.95,2989.32,3012.25,365776.634
2024-05-16T04:00:00Z,3012.25,3020.38,3002.94,3015.06,165185.380
2024-05-16T08:00:00Z,3015.07,3026.94,2984.50,3005.21,279982.143
2024-05-16T12:00:00Z,3005.20,3009.28,2929.14,2955.53,699591.227
2024-05-16T16:00:00Z,2955.53,2959.68,2923.00,2943.37,354868.626
2024-05-16T20:00:00Z,2943.37,2944.80,2920.93,2943.22,166150.926
2024-05-17T00:00:00Z,2943.22,2955.18,2931.36,2948.84,170690.716
2024-05-17T04:00:00Z,2948.84,3032.71,2938.56,3023.58,514260.014
2024-05-17T08:00:00Z,3023.59,3060.00,3016.15,3029.21,511777.104
2024-05-17T12:00:00Z,3029.21,3116.90,3018.31,3109.85,888119.100
2024-05-17T16:00:00Z,3109.85,3119.00,3066.00,3083.52,368488.100
2024-05-17T20:00:00Z,3083.53,3094.83,3079.18,3090.48,120537.204
2024-05-18T00:00:00Z,3090.47,3125.70,3081.59,3112.93,282128.405
2024-05-18T04:00:00Z,3112.94,3117.64,3088.80,3100.26,176821.595
2024-05-18T08:00:00Z,3100.25,3146.36,3099.05,3132.84,324588.891
2024-05-18T12:00:00Z,3132.85,3134.24,3093.62,3109.26,336369.994
2024-05-18T16:00:00Z,3109.26,3119.99,3104.40,3118.41,112567.765
2024-05-18T20:00:00Z,3118.40,3125.96,3103.99,3121.59,103032.937
2024-05-19T00:00:00Z,3121.60,3135.58,3111.50,3127.69,132198.593
2024-05-19T04:00:00Z,3127.70,3129.29,3101.99,3114.17,151692.891
2024-05-19T08:00:00Z,3114.16,3124.20,3080.00,3101.62,317993.548
2024-05-19T12:00:00Z,3101.62,3102.00,3061.00,3076.14,325874.681
2024-05-19T16:00:00Z,3076.14,3083.36,3056.14,3063.67,261241.101
2024-05-19T20:00:00Z,3063.68,3081.13,3051.30,3069.98,159684.902
2024-05-20T00:00:00Z,3069.98,3099.59,3045.06,3085.57,318851.852
2024-05-20T04:00:00Z,3085.57,3138.14,3061.44,3090.39,521794.171
2024-05-20T08:00:00Z,3090.39,3113.04,3084.39,3092.91,247742.477
2024-05-20T12:00:00Z,3092.92,3120.00,3075.00,3116.95,340408.207
2024-05-20T16:00:00Z,3116.96,3459.61,3109.08,3438.29,1849895.619
2024-05-20T20:00:00Z,3438.29,3698.86,3420.20,3664.39,2115680.641
2024-05-21T00:00:00Z,3664.39,3725.69,3639.81,3698.85,878009.612
2024-05-21T04:00:00Z,3698.85,3703.00,3628.00,3663.29,529104.872
2024-05-21T08:00:00Z,3663.29,3830.53,3651.59,3779.64,1058781.883
2024-05-21T12:00:00Z,3779.63,3842.17,3749.62,3779.08,1535889.588
2024-05-21T16:00:00Z,3779.09,3849.26,3677.40,3715.14,1151283.391
2024-05-21T20:00:00Z,3715.14,3824.36,3711.89,3792.32,476072.954
2024-05-22T00:00:00Z,3792.33,3816.84,3776.29,3795.98,320600.434
2024-05-22T04:00:00Z,3795.99,3797.80,3722.58,3749.24,472880.786
2024-05-22T08:00:00Z,3749.24,3782.34,3690.00,3692.71,488219.209
2024-05-22T12:00:00Z,3692.51,3775.93,3655.00,3763.31,1260256.032
2024-05-22T16:00:00Z,3763.32,3799.92,3701.98,3738.35,668635.483
2024-05-22T20:00:00Z,3738.35,3784.69,3725.27,3740.25,416251.427
2024-05-23T00:00:00Z,3740.25,3792.60,3738.20,3784.56,322638.624
2024-05-23T04:00:00Z,3784.57,3838.00,3761.16,3815.79,498673.243
2024-05-23T08:00:00Z,3815.79,3930.00,3792.69,3921.00,899905.420
2024-05-23T12:00:00Z,3921.01,3952.89,3732.00,3815.09,2131833.248
2024-05-23T16:00:00Z,3815.08,3830.61,3693.73,3793.56,1060547.633
2024-05-23T20:00:00Z,3793.58,3908.00,3524.55,3784.80,2721576.143
2024-05-24T00:00:00Z,3784.79,3832.00,3744.03,3805.31,370071.220
2024-05-24T04:00:00Z,3805.30,3817.20,3651.73,3681.26,842319.990
2024-05-24T08:00:00Z,3681.26,3720.00,3627.00,3714.35,576212.699
2024-05-24T12:00:00Z,3714.34,3734.90,3672.63,3695.69,649355.598
2024-05-24T16:00:00Z,3695.70,3761.94,3655.34,3745.28,581506.663
2024-05-24T20:00:00Z,3745.29,3756.50,3724.78,3729.61,196348.059
2024-05-25T00:00:00Z,3729.61,3749.97,3710.14,3746.88,189544.804
2024-05-25T04:00:00Z,3746.88,3782.82,3745.00,3747.90,247552.152
2024-05-25T08:00:00Z,3747.91,3776.91,3737.80,3740.68,227862.564
2024-05-25T12:00:00Z,3740.69,3760.00,3721.00,3746.01,264853.539
2024-05-25T16:00:00Z,3746.01,3768.40,3738.19,3759.03,126493.964
2024-05-25T20:00:00Z,3759.02,3762.80,3730.00,3751.15,90927.239
2024-05-26T00:00:00Z,3751.16,3773.96,3732.06,3773.44,178108.151
2024-05-26T04:00:00Z,3773.43,3797.94,3742.24,3787.58,243276.653
2024-05-26T08:00:00Z,3787.58,3824.84,3778.63,3815.36,382468.468
2024-05-26T12:00:00Z,3815.36,3878.69,3792.36,3834.53,547989.381
2024-05-26T16:00:00Z,3834.54,3887.26,3833.37,3881.51,328167.019
2024-05-26T20:00:00Z,3881.52,3883.05,3820.00,3827.53,223377.858
2024-05-27T00:00:00Z,3827.54,3946.05,3824.70,3922.39,520497.348
2024-05-27T04:00:00Z,3922.39,3937.54,3891.02,3915.43,319588.051
2024-05-27T08:00:00Z,3915.43,3959.62,3886.00,3902.78,444465.625
2024-05-27T12:00:00Z,3902.78,3980.00,3893.36,3966.13,666736.236
2024-05-27T16:00:00Z,3966.12,3977.08,3856.00,3874.91,479309.845
2024-05-27T20:00:00Z,3874.91,3908.21,3860.84,3896.09,334532.178
2024-05-28T00:00:00Z,3896.09,3914.41,3830.00,3852.32,514446.578
2024-05-28T04:00:00Z,3852.31,3867.75,3823.00,3850.52,269051.046
2024-05-28T08:00:00Z,3850.52,3934.42,3841.35,3906.56,410328.898
2024-05-28T12:00:00Z,3906.56,3915.00,3833.33,3863.32,746847.291
2024-05-28T16:00:00Z,3863.33,3872.18,3775.42,3844.02,575839.501
2024-05-28T20:00:00Z,3844.09,3875.00,3825.05,3847.00,226955.691
2024-05-29T00:00:00Z,3847.01,3865.00,3837.28,3853.70,271810.894
2024-05-29T04:00:00Z,3853.71,3891.79,3822.60,3824.72,360058.339
2024-05-29T08:00:00Z,3824.71,3832.30,3783.20,3813.81,431147.816
2024-05-29T12:00:00Z,3813.81,3842.29,3753.10,3763.04,653488.042
2024-05-29T16:00:00Z,3763.03,3783.50,3746.41,3752.83,312184.265
2024-05-29T20:00:00Z,3752.82,3796.66,3746.84,3770.00,293374.861
2024-05-30T00:00:00Z,3770.01,3801.38,3753.06,3794.21,262058.929
2024-05-30T04:00:00Z,3794.21,3805.00,3713.13,3722.15,448968.512
2024-05-30T08:00:00Z,3722.16,3761.93,3704.70,3739.56,422165.631
2024-05-30T12:00:00Z,3739.58,3800.96,3736.35,3778.40,523718.413
2024-05-30T16:00:00Z,3778.40,3828.74,3752.01,3763.91,428199.118
2024-05-30T20:00:00Z,3763.90,3764.33,3720.72,3750.39,252462.804
2024-05-31T00:00:00Z,3750.38,3773.29,3742.17,3762.76,196335.700
2024-05-31T04:00:00Z,3762.77,3769.43,3726.93,3731.89,180772.053
2024-05-31T08:00:00Z,3731.88,3817.00,3729.50,3805.47,380521.147
2024-05-31T12:00:00Z,3805.47,3859.53,3745.87,3747.25,839079.981
2024-05-31T16:00:00Z,3747.25,3797.00,3725.16,3788.41,402915.029
2024-05-31T20:00:00Z,3788.46,3804.34,3743.29,3764.35,245878.341
2024-06-01T00:00:00Z,3764.35,3784.99,3754.36,3781.01,159177.750
2024-06-01T04:00:00Z,3781.01,3796.86,3772.04,3775.61,173301.115
2024-06-01T08:00:00Z,3775.61,3812.81,3775.10,3790.39,216069.134
2024-06-01T12:00:00Z,3790.39,3817.00,3788.85,3801.38,184197.893
2024-06-01T16:00:00Z,3801.39,3812.84,3792.13,3806.65,106424.417
2024-06-01T20:00:00Z,3806.65,3837.20,3801.73,3817.49,151800.689
2024-06-02T00:00:00Z,3817.49,3841.70,3798.59,3809.00,280046.271
2024-06-02T04:00:00Z,3809.00,3826.03,3793.61,3795.13,186157.356
2024-06-02T08:00:00Z,3795.13,3812.00,3772.35,3806.26,344857.843
2024-06-02T12:00:00Z,3806.27,3812.29,3778.40,3801.48,199578.713
2024-06-02T16:00:00Z,3801.53,3806.16,3753.80,3784.00,238652.826
2024-06-02T20:00:00Z,3784.00,3799.80,3769.14,3783.98,150704.595
2024-06-03T00:00:00Z,3783.98,3824.82,3763.00,3802.13,283057.393
2024-06-03T04:00:00Z,3802.13,3847.42,3797.33,3819.99,294648.170
2024-06-03T08:00:00Z,3820.00,3842.73,3806.84,3811.61,201453.175
2024-06-03T12:00:00Z,3811.61,3854.00,3760.00,3798.22,708133.607
2024-06-03T16:00:00Z,3798.22,3800.00,3760.44,3775.79,265517.400
2024-06-03T20:00:00Z,3775.80,3787.57,3761.25,3769.15,163970.380
2024-06-04T00:00:00Z,3769.14,3787.78,3720.00,3775.27,306764.804
2024-06-04T04:00:00Z,3775.27,3781.20,3754.09,3777.00,159331.896
2024-06-04T08:00:00Z,3777.00,3785.50,3743.15,3767.02,243088.901
2024-06-04T12:00:00Z,3767.02,3821.91,3755.13,3813.10,519010.963
2024-06-04T16:00:00Z,3813.11,3835.11,3777.77,3802.53,399039.305
2024-06-04T20:00:00Z,3802.53,3825.10,3795.10,3813.12,130274.453
2024-06-05T00:00:00Z,3813.11,3845.00,3800.01,3813.01,244966.867
2024-06-05T04:00:00Z,3813.01,3823.40,3778.91,3811.35,358610.492
2024-06-05T08:00:00Z,3811.36,3816.14,3790.03,3806.87,176254.598
2024-06-05T12:00:00Z,3806.86,3827.47,3783.21,3816.63,391004.047
2024-06-05T16:00:00Z,3816.62,3881.77,3798.21,3880.00,546796.450
2024-06-05T20:00:00Z,3880.01,3892.06,3844.43,3868.61,221527.808
2024-06-06T00:00:00Z,3868.60,3881.99,3856.12,3864.01,149346.084
2024-06-06T04:00:00Z,3864.00,3868.41,3843.00,3854.43,187240.831
2024-06-06T08:00:00Z,3854.43,3859.93,3845.02,3852.74,118708.049
2024-06-06T12:00:00Z,3852.73,3869.86,3817.72,3847.10,392779.172
2024-06-06T16:00:00Z,3847.10,3857.00,3790.00,3793.50,396287.511
2024-06-06T20:00:00Z,3793.50,3817.93,3760.00,3815.76,306399.846
2024-06-07T00:00:00Z,3815.77,3816.45,3793.10,3808.66,138128.809
2024-06-07T04:00:00Z,3808.66,3828.32,3807.94,3819.25,132658.486
2024-06-07T08:00:00Z,3819.25,3843.89,3803.51,3838.30,192547.942
2024-06-07T12:00:00Z,3838.30,3844.32,3774.30,3802.96,668039.495
2024-06-07T16:00:00Z,3802.96,3810.88,3555.02,3689.08,1280269.841
2024-06-07T20:00:00Z,3688.89,3702.41,3670.83,3679.82,205954.212
2024-06-08T00:00:00Z,3679.82,3693.76,3675.00,3690.84,98423.195
2024-06-08T04:00:00Z,3690.85,3711.28,3678.35,3710.26,138815.901
2024-06-08T08:00:00Z,3710.26,3710.67,3680.20,3684.55,144294.002
2024-06-08T12:00:00Z,3684.55,3699.20,3659.00,3689.33,217397.085
2024-06-08T16:00:00Z,3689.33,3696.30,3672.70,3683.31,103447.358
2024-06-08T20:00:00Z,3683.31,3685.95,3671.00,3682.11,91184.414
2024-06-09T00:00:00Z,3682.12,3686.08,3666.71,3675.06,95235.960
2024-06-09T04:00:00Z,3675.07,3693.01,3670.44,3687.26,112395.646
2024-06-09T08:00:00Z,3687.30,3696.30,3684.10,3695.15,71350.077
2024-06-09T12:00:00Z,3695.15,3714.93,3682.05,3691.63,213114.486
2024-06-09T16:00:00Z,3691.62,3711.85,3690.41,3702.72,105347.256
2024-06-09T20:00:00Z,3702.71,3724.73,3695.00,3707.67,117756.761
2024-06-10T00:00:00Z,3707.67,3708.08,3681.56,3685.73,112623.528
2024-06-10T04:00:00Z,3685.72,3694.38,3642.60,3649.16,209683.418
2024-06-10T08:00:00Z,3649.16,3683.19,3648.00,3677.14,191884.145
2024-06-10T12:00:00Z,3677.14,3715.49,3663.74,3703.59,276268.223
2024-06-10T16:00:00Z,3703.59,3707.00,3665.46,3670.07,209454.011
2024-06-10T20:00:00Z,3670.07,3679.11,3651.35,3669.66,149123.339
2024-06-11T00:00:00Z,3669.65,3675.00,3560.00,3596.75,634157.852
2024-06-11T04:00:00Z,3596.75,3596.75,3501.12,3535.24,664066.198
2024-06-11T08:00:00Z,3535.34,3550.37,3503.33,3530.87,503013.122
2024-06-11T12:00:00Z,3530.86,3547.26,3427.09,3448.47,781554.809
2024-06-11T16:00:00Z,3448.47,3504.47,3432.30,3498.50,462461.480
2024-06-11T20:00:00Z,3498.49,3510.00,3485.00,3498.16,116801.728
2024-06-12T00:00:00Z,3498.17,3514.99,3462.09,3510.47,274987.434
2024-06-12T04:00:00Z,3510.47,3533.95,3507.41,3526.99,200548.825
2024-06-12T08:00:00Z,3527.00,3564.54,3516.70,3531.38,295712.364
2024-06-12T12:00:00Z,3531.38,3657.77,3531.18,3617.62,1023218.476
2024-06-12T16:00:00Z,3617.61,3626.16,3512.07,3528.55,851121.476
2024-06-12T20:00:00Z,3528.77,3574.93,3521.38,3560.45,215917.807
2024-06-13T00:00:00Z,3560.44,3562.33,3476.26,3503.35,369548.331
2024-06-13T04:00:00Z,3503.35,3517.53,3485.00,3507.48,212202.659
2024-06-13T08:00:00Z,3507.48,3511.91,3472.21,3496.50,273216.604
2024-06-13T12:00:00Z,3496.50,3540.70,3433.34,3442.08,927306.523
2024-06-13T16:00:00Z,3442.08,3492.48,3426.01,3481.59,338873.771
2024-06-13T20:00:00Z,3481.64,3491.80,3460.86,3469.18,136293.485
2024-06-14T00:00:00Z,3469.18,3508.95,3457.29,3490.70,225733.834
2024-06-14T04:00:00Z,3490.70,3533.82,3490.56,3515.83,242060.478
2024-06-14T08:00:00Z,3515.84,3530.54,3505.20,3515.14,165263.496
2024-06-14T12:00:00Z,3515.13,3525.20,3461.01,3461.79,428675.196
2024-06-14T16:00:00Z,3461.79,3467.00,3361.05,3405.21,911244.324
2024-06-14T20:00:00Z,3405.21,3529.00,3403.06,3480.51,550057.056
2024-06-15T00:00:00Z,3480.50,3503.36,3472.34,3503.35,189367.244
2024-06-15T04:00:00Z,3503.36,3557.54,3497.07,3528.92,413457.243
2024-06-15T08:00:00Z,3528.91,3541.89,3518.00,3538.17,180192.324
2024-06-15T12:00:00Z,3538.16,3594.99,3536.72,3565.31,432034.123
2024-06-15T16:00:00Z,3565.31,3574.98,3551.16,3557.90,210946.844
2024-06-15T20:00:00Z,3557.90,3574.88,3534.58,3567.87,150532.301
2024-06-16T00:00:00Z,3567.88,3572.95,3546.89,3554.00,125574.926
2024-06-16T04:00:00Z,3554.00,3573.68,3540.00,3561.37,133039.310
2024-06-16T08:00:00Z,3561.37,3569.39,3545.73,3553.86,173736.720
2024-06-16T12:00:00Z,3553.86,3611.10,3551.63,3591.07,399465.139
2024-06-16T16:00:00Z,3591.06,3608.29,3585.84,3598.57,182017.924
2024-06-16T20:00:00Z,3598.56,3653.73,3587.38,3622.96,321825.238
2024-06-17T00:00:00Z,3622.96,3637.47,3574.20,3581.00,388293.070
2024-06-17T04:00:00Z,3581.00,3595.29,3536.40,3551.56,437079.717
2024-06-17T08:00:00Z,3551.57,3560.31,3489.31,3525.99,559402.279
2024-06-17T12:00:00Z,3525.99,3546.23,3480.55,3495.81,586999.159
2024-06-17T16:00:00Z,3495.81,3576.54,3464.00,3552.47,688765.531
2024-06-17T20:00:00Z,3552.48,3554.89,3498.39,3509.56,273962.169
2024-06-18T00:00:00Z,3509.56,3515.87,3341.85,3439.88,1032245.176
2024-06-18T04:00:00Z,3439.88,3462.90,3426.93,3442.50,282532.787
2024-06-18T08:00:00Z,3442.50,3450.63,3390.00,3412.41,357639.188
2024-06-18T12:00:00Z,3412.41,3439.96,3367.73,3422.77,825010.340
2024-06-18T16:00:00Z,3422.76,3434.94,3385.38,3421.85,416649.991
2024-06-18T20:00:00Z,3421.84,3488.80,3410.84,3482.34,398864.786
2024-06-19T00:00:00Z,3482.33,3572.93,3463.91,3564.21,636612.573
2024-06-19T04:00:00Z,3564.22,3585.00,3531.52,3543.07,380702.721
2024-06-19T08:00:00Z,3543.07,3563.40,3516.29,3535.26,420684.674
2024-06-19T12:00:00Z,3535.26,3549.60,3510.03,3527.79,293387.515
2024-06-19T16:00:00Z,3527.79,3587.63,3521.09,3544.84,418359.289
2024-06-19T20:00:00Z,3544.84,3575.00,3530.57,3558.85,194469.656
2024-06-20T00:00:00Z,3558.84,3594.60,3531.44,3551.85,339130.527
2024-06-20T04:00:00Z,3551.85,3614.68,3543.20,3606.02,367178.619
2024-06-20T08:00:00Z,3606.02,3625.00,3570.07,3597.49,431081.705
2024-06-20T12:00:00Z,3597.49,3610.00,3489.46,3504.37,854218.094
2024-06-20T16:00:00Z,3504.37,3541.63,3483.63,3534.68,400365.616
2024-06-20T20:00:00Z,3534.68,3537.41,3509.03,3511.26,112196.371
2024-06-21T00:00:00Z,3511.27,3534.89,3490.03,3499.13,262880.075
2024-06-21T04:00:00Z,3499.14,3520.55,3466.31,3473.55,282188.676
2024-06-21T08:00:00Z,3473.54,3531.50,3443.80,3502.11,689799.317
2024-06-21T12:00:00Z,3502.11,3519.00,3453.47,3491.55,704893.952
2024-06-21T16:00:00Z,3491.54,3536.41,3469.35,3533.49,367693.965
2024-06-21T20:00:00Z,3533.49,3546.66,3498.00,3517.18,197406.814
2024-06-22T00:00:00Z,3517.18,3520.00,3493.07,3505.48,148137.664
2024-06-22T04:00:00Z,3505.49,3508.24,3486.77,3492.53,142974.624
2024-06-22T08:00:00Z,3492.53,3497.38,3472.57,3491.64,180592.023
2024-06-22T12:00:00Z,3491.64,3509.54,3485.18,3504.60,173837.707
2024-06-22T16:00:00Z,3504.59,3507.43,3483.00,3490.22,117567.084
2024-06-22T20:00:00Z,3490.22,3506.88,3483.97,3494.26,80973.700
2024-06-23T00:00:00Z,3494.25,3517.48,3493.33,3517.23,118947.007
2024-06-23T04:00:00Z,3517.24,3519.70,3505.39,3510.79,90610.412
2024-06-23T08:00:00Z,3510.80,3511.71,3486.06,3496.89,149127.755
2024-06-23T12:00:00Z,3496.88,3503.09,3470.07,3473.00,428390.828
2024-06-23T16:00:00Z,3472.99,3481.20,3460.00,3478.87,164436.319
2024-06-23T20:00:00Z,3478.87,3479.11,3397.87,3419.38,456636.395
2024-06-24T00:00:00Z,3419.38,3434.75,3383.00,3401.59,400700.735
2024-06-24T04:00:00Z,3401.60,3412.89,3352.47,3367.68,536205.979
2024-06-24T08:00:00Z,3367.68,3393.38,3213.00,3319.40,1106864.230
2024-06-24T12:00:00Z,3319.39,3335.69,3260.18,3278.80,618140.957
2024-06-24T16:00:00Z,3278.80,3314.09,3241.00,3292.51,839624.129
2024-06-24T20:00:00Z,3292.51,3363.11,3250.00,3352.00,679797.545
2024-06-25T00:00:00Z,3351.99,3385.00,3335.58,3370.38,369009.327
2024-06-25T04:00:00Z,3370.38,3393.98,3356.00,3360.49,278922.211
2024-06-25T08:00:00Z,3360.49,3395.24,3345.00,3375.03,268799.752
2024-06-25T12:00:00Z,3375.02,3423.50,3357.00,3417.63,482078.565
2024-06-25T16:00:00Z,3417.63,3431.27,3380.20,3414.29,426711.080
2024-06-25T20:00:00Z,3414.30,3417.84,3387.20,3393.06,147938.858
2024-06-26T00:00:00Z,3393.07,3425.00,3384.00,3393.93,242728.180
2024-06-26T04:00:00Z,3393.94,3405.42,3375.00,3400.37,203353.706
2024-06-26T08:00:00Z,3400.37,3401.94,3365.10,3380.30,221589.549
2024-06-26T12:00:00Z,3380.31,3395.00,3345.26,3360.75,364814.787
2024-06-26T16:00:00Z,3360.76,3409.78,3325.54,3407.34,511990.824
2024-06-26T20:00:00Z,3407.32,3416.95,3366.00,3370.76,250335.924
2024-06-27T00:00:00Z,3370.78,3392.00,3360.22,3382.89,205954.546
2024-06-27T04:00:00Z,3382.89,3387.99,3364.53,3374.47,198338.223
2024-06-27T08:00:00Z,3374.47,3412.00,3367.68,3402.59,271818.995
2024-06-27T12:00:00Z,3402.59,3476.60,3402.22,3451.77,745851.464
2024-06-27T16:00:00Z,3451.77,3467.46,3438.46,3448.90,197326.959
2024-06-27T20:00:00Z,3448.89,3454.87,3439.73,3450.34,105384.501
2024-06-28T00:00:00Z,3450.34,3487.98,3435.64,3459.99,401018.893
2024-06-28T04:00:00Z,3460.00,3460.60,3424.82,3431.27,191141.261
2024-06-28T08:00:00Z,3431.27,3460.34,3417.39,3451.61,236597.755
2024-06-28T12:00:00Z,3451.60,3475.00,3400.07,3411.79,649099.725
2024-06-28T16:00:00Z,3411.80,3415.65,3362.00,3379.54,447167.644
2024-06-28T20:00:00Z,3379.54,3393.63,3367.56,3379.51,157726.179
2024-06-29T00:00:00Z,3379.50,3399.42,3378.87,3385.07,178833.263
2024-06-29T04:00:00Z,3385.07,3407.00,3380.09,3398.18,137415.067
2024-06-29T08:00:00Z,3398.18,3405.00,3385.16,3398.69,121122.427
2024-06-29T12:00:00Z,3398.69,3401.99,3381.21,3393.46,131734.802
2024-06-29T16:00:00Z,3393.46,3395.57,3375.00,3386.20,80895.488
2024-06-29T20:00:00Z,3386.20,3388.71,3369.07,3377.62,85882.740
2024-06-30T00:00:00Z,3377.63,3388.72,3348.50,3370.31,225728.241
2024-06-30T04:00:00Z,3370.31,3399.39,3357.04,3393.06,193820.051
2024-06-30T08:00:00Z,3393.07,3398.53,3384.51,3387.95,129818.913
2024-06-30T12:00:00Z,3387.95,3404.24,3377.90,3398.87,177952.327
2024-06-30T16:00:00Z,3398.87,3432.95,3390.55,3427.22,192638.124
2024-06-30T20:00:00Z,3427.22,3459.77,3406.89,3436.73,254786.711
2024-07-01T00:00:00Z,3436.72,3524.16,3430.93,3497.27,523593.068
2024-07-01T04:00:00Z,3497.27,3498.46,3483.01,3489.25,167290.464
2024-07-01T08:00:00Z,3489.25,3494.18,3456.71,3459.06,236751.457
2024-07-01T12:00:00Z,3459.07,3481.00,3451.34,3473.86,316839.261
2024-07-01T16:00:00Z,3473.87,3498.91,3460.79,3470.09,257342.728
2024-07-01T20:00:00Z,3470.09,3475.00,3420.00,3440.46,223079.342
2024-07-02T00:00:00Z,3440.47,3463.84,3432.66,3455.68,132332.441
2024-07-02T04:00:00Z,3455.68,3463.65,3433.08,3438.35,174446.007
2024-07-02T08:00:00Z,3438.35,3454.32,3431.68,3452.13,167987.995
2024-07-02T12:00:00Z,3452.13,3463.07,3399.22,3414.68,481508.738
2024-07-02T16:00:00Z,3414.68,3433.32,3407.40,3414.95,171960.986
2024-07-02T20:00:00Z,3414.94,3428.00,3412.39,3420.43,86157.147
2024-07-03T00:00:00Z,3420.43,3431.36,3328.01,3359.36,541135.235
2024-07-03T04:00:00Z,3359.36,3372.09,3351.05,3351.11,198967.338
2024-07-03T08:00:00Z,3351.10,3356.09,3281.00,3306.07,592338.880
2024-07-03T12:00:00Z,3306.07,3325.54,3272.92,3302.59,519932.722
2024-07-03T16:00:00Z,3302.59,3321.31,3251.01,3265.24,428352.496
2024-07-03T20:00:00Z,3265.24,3305.48,3250.10,3294.75,239626.064
2024-07-04T00:00:00Z,3294.75,3312.59,3152.54,3241.92,925458.463
2024-07-04T04:00:00Z,3241.91,3245.25,3168.46,3181.17,408230.697
2024-07-04T08:00:00Z,3181.17,3195.38,3123.00,3158.90,794262.399
2024-07-04T12:00:00Z,3158.91,3159.90,3088.05,3137.87,929254.941
2024-07-04T16:00:00Z,3137.86,3151.40,3111.35,3132.59,298648.817
2024-07-04T20:00:00Z,3132.59,3168.98,3049.39,3059.31,506189.605
2024-07-05T00:00:00Z,3059.30,3108.28,2862.00,2919.91,1920006.266
2024-07-05T04:00:00Z,2919.91,2927.94,2800.00,2880.99,1379346.346
2024-07-05T08:00:00Z,2880.98,2955.00,2821.84,2946.04,875347.981
2024-07-05T12:00:00Z,2946.04,3007.86,2921.01,2989.98,946159.945
2024-07-05T16:00:00Z,2989.97,3000.50,2956.52,2986.52,443461.264
2024-07-05T20:00:00Z,2986.51,2992.52,2962.22,2980.43,188748.392
2024-07-06T00:00:00Z,2980.37,3026.40,2953.45,2978.95,369681.547
2024-07-06T04:00:00Z,2978.94,3014.82,2960.67,3002.82,251465.721
2024-07-06T08:00:00Z,3002.81,3013.67,2983.73,3004.44,230332.720
2024-07-06T12:00:00Z,3004.45,3029.40,2988.00,3018.44,264947.185
2024-07-06T16:00:00Z,3018.44,3064.83,3015.00,3056.87,291319.604
2024-07-06T20:00:00Z,3056.87,3080.00,3054.89,3065.50,188072.047
2024-07-07T00:00:00Z,3065.49,3072.00,3037.81,3049.52,246578.263
2024-07-07T04:00:00Z,3049.54,3049.76,2991.52,3002.98,303825.067
2024-07-07T08:00:00Z,3002.98,3031.83,3002.32,3013.97,185778.240
2024-07-07T12:00:00Z,3013.96,3022.91,2954.08,2969.61,441264.415
2024-07-07T16:00:00Z,2969.60,3008.84,2962.51,2984.31,223431.813
2024-07-07T20:00:00Z,2984.31,2999.60,2922.00,2930.24,399592.810
2024-07-08T00:00:00Z,2930.23,2951.07,2821.26,2877.90,1051063.322
2024-07-08T04:00:00Z,2877.90,2931.44,2873.76,2925.86,396753.544
2024-07-08T08:00:00Z,2925.85,3098.00,2921.22,3052.85,1115000.692
2024-07-08T12:00:00Z,3052.85,3062.79,2886.62,2968.22,1334705.833
2024-07-08T16:00:00Z,2968.22,3008.99,2943.45,3003.18,419064.233
2024-07-08T20:00:00Z,3003.18,3044.77,2982.60,3017.51,277232.520
2024-07-09T00:00:00Z,3017.51,3075.95,3002.56,3062.99,470203.769
2024-07-09T04:00:00Z,3063.00,3088.96,3052.40,3061.01,315956.582
2024-07-09T08:00:00Z,3061.00,3115.80,3053.30,3081.84,370517.707
2024-07-09T12:00:00Z,3081.84,3108.17,3034.58,3065.75,595913.537
2024-07-09T16:00:00Z,3065.75,3087.90,3045.11,3067.30,304324.171
2024-07-09T20:00:00Z,3067.31,3077.98,3045.30,3065.06,163343.279
2024-07-10T00:00:00Z,3065.05,3081.75,3022.57,3078.31,303806.580
2024-07-10T04:00:00Z,3078.30,3129.00,3078.30,3095.63,473212.693
2024-07-10T08:00:00Z,3095.63,3108.28,3077.07,3101.28,245980.619
2024-07-10T12:00:00Z,3101.28,3128.75,3075.84,3120.76,571962.918
2024-07-10T16:00:00Z,3120.75,3150.00,3089.18,3105.82,392916.490
2024-07-10T20:00:00Z,3105.82,3110.97,3078.00,3099.12,169493.974
2024-07-11T00:00:00Z,3099.12,3129.15,3052.75,3075.70,341380.984
2024-07-11T04:00:00Z,3075.71,3123.34,3072.61,3117.00,232243.109
2024-07-11T08:00:00Z,3117.00,3156.00,3113.06,3145.55,362796.168
2024-07-11T12:00:00Z,3145.55,3216.60,3103.00,3116.66,1105895.358
2024-07-11T16:00:00Z,3116.66,3146.70,3095.51,3105.97,321801.062
2024-07-11T20:00:00Z,3105.97,3120.48,3084.06,3098.25,237222.714
2024-07-12T00:00:00Z,3098.24,3116.92,3053.84,3084.08,371884.156
2024-07-12T04:00:00Z,3084.07,3097.50,3056.37,3070.64,237484.261
2024-07-12T08:00:00Z,3070.65,3084.52,3044.51,3069.22,314993.499
2024-07-12T12:00:00Z,3069.22,3139.18,3055.09,3130.18,486229.706
2024-07-12T16:00:00Z,3130.03,3156.60,3111.68,3114.95,322552.817
2024-07-12T20:00:00Z,3114.95,3134.75,3088.19,3133.24,199527.869
2024-07-13T00:00:00Z,3133.24,3138.91,3119.01,3119.83,96165.440
2024-07-13T04:00:00Z,3119.84,3141.87,3112.12,3139.08,158959.065
2024-07-13T08:00:00Z,3139.08,3170.99,3127.50,3155.59,241596.395
2024-07-13T12:00:00Z,3155.59,3163.94,3140.40,3153.92,160911.350
2024-07-13T16:00:00Z,3153.92,3164.35,3145.00,3162.63,99679.292
2024-07-13T20:00:00Z,3162.64,3200.72,3142.81,3174.01,292173.895
2024-07-14T00:00:00Z,3174.00,3192.94,3162.06,3171.15,186314.338
2024-07-14T04:00:00Z,3171.16,3206.09,3169.82,3194.34,248644.863
2024-07-14T08:00:00Z,3194.33,3224.00,3193.95,3201.59,228833.978
2024-07-14T12:00:00Z,3201.60,3202.80,3171.47,3188.56,243807.956
2024-07-14T16:00:00Z,3188.56,3196.77,3181.61,3189.56,87349.391
2024-07-14T20:00:00Z,3189.56,3268.66,3188.72,3243.56,371764.291
2024-07-15T00:00:00Z,3243.52,3341.95,3231.03,3328.17,613594.946
2024-07-15T04:00:00Z,3328.16,3368.64,3319.00,3354.39,362631.903
2024-07-15T08:00:00Z,3354.39,3371.98,3325.69,3338.85,295098.210
2024-07-15T12:00:00Z,3338.84,3392.96,3332.00,3365.72,365760.589
2024-07-15T16:00:00Z,3365.71,3434.00,3356.29,3404.40,595785.909
2024-07-15T20:00:00Z,3404.39,3493.94,3401.79,3481.62,490741.413
2024-07-16T00:00:00Z,3481.62,3497.74,3452.22,3467.53,296152.995
2024-07-16T04:00:00Z,3467.53,3476.80,3371.00,3375.67,652166.409
2024-07-16T08:00:00Z,3375.67,3423.60,3345.00,3417.78,503950.845
2024-07-16T12:00:00Z,3417.78,3484.23,3374.41,3474.54,664935.046
2024-07-16T16:00:00Z,3474.53,3493.00,3440.00,3472.87,451555.713
2024-07-16T20:00:00Z,3472.87,3473.74,3412.85,3442.83,277002.908
2024-07-17T00:00:00Z,3442.84,3517.14,3440.36,3478.87,443423.258
2024-07-17T04:00:00Z,3478.88,3514.94,3470.28,3484.53,354787.280
2024-07-17T08:00:00Z,3484.52,3499.82,3440.24,3448.13,392083.986
2024-07-17T12:00:00Z,3448.12,3474.33,3431.00,3436.17,397982.526
2024-07-17T16:00:00Z,3436.17,3437.90,3374.53,3415.68,481696.102
2024-07-17T20:00:00Z,3415.72,3427.80,3383.54,3386.00,201201.864
2024-07-18T00:00:00Z,3386.01,3440.00,3381.83,3429.99,269858.152
2024-07-18T04:00:00Z,3430.00,3452.50,3407.56,3431.90,306392.698
2024-07-18T08:00:00Z,3431.90,3459.76,3429.64,3457.34,191625.896
2024-07-18T12:00:00Z,3457.34,3487.99,3382.90,3387.26,629202.546
2024-07-18T16:00:00Z,3387.25,3422.67,3364.62,3404.34,382877.984
2024-07-18T20:00:00Z,3404.34,3435.90,3395.61,3424.99,133203.955
2024-07-19T00:00:00Z,3424.99,3431.74,3381.61,3428.51,309305.724
2024-07-19T04:00:00Z,3428.50,3449.47,3385.00,3390.59,328377.412
2024-07-19T08:00:00Z,3390.59,3409.92,3375.25,3402.84,321709.558
2024-07-19T12:00:00Z,3402.84,3473.98,3395.08,3463.59,631888.514
2024-07-19T16:00:00Z,3463.44,3539.38,3463.00,3520.90,561410.638
2024-07-19T20:00:00Z,3520.90,3525.66,3489.00,3502.18,236611.587
2024-07-20T00:00:00Z,3502.18,3507.00,3478.01,3493.78,165843.252
2024-07-20T04:00:00Z,3493.77,3506.94,3485.70,3485.99,118544.182
2024-07-20T08:00:00Z,3485.99,3493.40,3478.84,3483.39,146155.297
2024-07-20T12:00:00Z,3483.39,3507.07,3479.03,3501.82,167214.638
2024-07-20T16:00:00Z,3501.83,3538.38,3489.01,3513.21,332593.116
2024-07-20T20:00:00Z,3513.21,3525.26,3497.35,3516.03,117808.507
2024-07-21T00:00:00Z,3516.03,3527.90,3502.13,3508.86,96479.764
2024-07-21T04:00:00Z,3508.86,3512.03,3472.54,3482.87,201289.697
2024-07-21T08:00:00Z,3482.87,3506.89,3481.72,3497.37,128561.608
2024-07-21T12:00:00Z,3497.37,3515.75,3481.00,3498.64,215182.805
2024-07-21T16:00:00Z,3498.63,3524.00,3408.13,3489.00,750382.026
2024-07-21T20:00:00Z,3489.01,3547.84,3480.92,3534.29,366214.034
2024-07-22T00:00:00Z,3534.30,3562.33,3513.57,3515.48,270315.259
2024-07-22T04:00:00Z,3515.48,3522.54,3457.26,3477.02,325900.162
2024-07-22T08:00:00Z,3477.01,3502.61,3467.05,3498.60,190207.597
2024-07-22T12:00:00Z,3498.61,3505.88,3433.33,3455.70,481000.102
2024-07-22T16:00:00Z,3455.70,3497.65,3442.65,3497.36,238788.453
2024-07-22T20:00:00Z,3497.37,3498.37,3421.00,3438.08,439828.813
2024-07-23T00:00:00Z,3438.09,3489.86,3434.00,3473.57,335092.706
2024-07-23T04:00:00Z,3473.57,3482.53,3423.36,3453.30,394410.132
2024-07-23T08:00:00Z,3453.30,3540.94,3450.78,3514.54,754394.806
2024-07-23T12:00:00Z,3514.54,3517.28,3427.75,3452.96,1219702.782
2024-07-23T16:00:00Z,3452.96,3495.81,3384.61,3455.74,843951.294
2024-07-23T20:00:00Z,3455.74,3500.00,3453.16,3481.01,438210.147
2024-07-24T00:00:00Z,3481.01,3486.73,3425.76,3447.02,295328.730
2024-07-24T04:00:00Z,3447.01,3450.68,3428.01,3445.74,172463.058
2024-07-24T08:00:00Z,3445.74,3471.32,3441.35,3458.40,210703.734
2024-07-24T12:00:00Z,3458.39,3470.68,3407.03,3413.50,523152.664
2024-07-24T16:00:00Z,3413.50,3431.66,3355.05,3362.22,513911.127
2024-07-24T20:00:00Z,3362.22,3375.39,3285.69,3334.24,580741.028
2024-07-25T00:00:00Z,3334.23,3342.02,3148.78,3166.40,1359729.202
2024-07-25T04:00:00Z,3166.41,3192.85,3125.37,3170.22,482674.828
2024-07-25T08:00:00Z,3170.22,3186.58,3151.16,3170.88,357295.109
2024-07-25T12:00:00Z,3170.89,3182.56,3103.50,3140.81,923701.405
2024-07-25T16:00:00Z,3140.81,3171.00,3096.54,3122.04,548225.216
2024-07-25T20:00:00Z,3122.04,3198.00,3085.57,3173.67,532657.093
2024-07-26T00:00:00Z,3173.67,3258.35,3169.14,3235.15,571093.062
2024-07-26T04:00:00Z,3235.16,3274.95,3231.03,3249.62,383617.462
2024-07-26T08:00:00Z,3249.62,3262.72,3232.26,3245.36,272858.589
2024-07-26T12:00:00Z,3245.36,3269.98,3218.00,3253.84,590842.526
2024-07-26T16:00:00Z,3253.83,3284.45,3241.16,3272.89,265977.185
2024-07-26T20:00:00Z,3272.89,3284.93,3249.19,3272.82,173004.963
2024-07-27T00:00:00Z,3272.81,3273.46,3241.52,3243.80,200065.377
2024-07-27T04:00:00Z,3243.74,3276.41,3243.00,3270.41,136819.777
2024-07-27T08:00:00Z,3270.41,3281.91,3261.00,3277.00,165703.197
2024-07-27T12:00:00Z,3277.00,3326.90,3267.91,3279.79,519004.211
2024-07-27T16:00:00Z,3279.79,3290.58,3226.03,3259.99,447633.269
2024-07-27T20:00:00Z,3259.99,3293.95,3188.89,3248.17,712284.829
2024-07-28T00:00:00Z,3248.16,3255.41,3224.06,3236.80,185400.523
2024-07-28T04:00:00Z,3236.79,3242.89,3195.84,3226.29,249534.847
2024-07-28T08:00:00Z,3226.64,3264.00,3214.36,3255.00,196929.228
2024-07-28T12:00:00Z,3255.00,3278.52,3252.60,3267.56,230731.240
2024-07-28T16:00:00Z,3267.56,3284.57,3261.00,3270.36,124848.553
2024-07-28T20:00:00Z,3270.36,3272.34,3250.00,3268.03,126998.078
2024-07-29T00:00:00Z,3268.03,3356.64,3265.18,3348.01,508447.609
2024-07-29T04:00:00Z,3348.01,3388.00,3338.63,3366.01,398132.172
2024-07-29T08:00:00Z,3366.00,3396.07,3360.39,3374.03,265318.006
2024-07-29T12:00:00Z,3374.03,3385.82,3288.40,3306.88,772027.074
2024-07-29T16:00:00Z,3306.88,3323.47,3256.56,3310.13,664589.431
2024-07-29T20:00:00Z,3310.13,3351.71,3307.97,3316.87,288759.033
2024-07-30T00:00:00Z,3316.86,3336.95,3280.17,3319.43,397220.590
2024-07-30T04:00:00Z,3319.42,3354.05,3296.07,3339.51,249889.485
2024-07-30T08:00:00Z,3339.50,3354.81,3325.70,3333.35,208059.374
2024-07-30T12:00:00Z,3333.34,3365.00,3290.01,3319.26,496094.833
2024-07-30T16:00:00Z,3319.25,3326.67,3258.63,3271.36,383715.063
2024-07-30T20:00:00Z,3271.39,3284.00,3230.10,3278.17,265851.130
2024-07-31T00:00:00Z,3278.17,3303.64,3260.22,3292.92,186752.295
2024-07-31T04:00:00Z,3292.92,3331.42,3261.21,3316.25,358288.439
2024-07-31T08:00:00Z,3316.25,3326.00,3304.97,3321.85,183016.020
2024-07-31T12:00:00Z,3321.85,3348.74,3294.50,3301.20,441804.890
2024-07-31T16:00:00Z,3301.20,3329.37,3243.26,3265.02,589805.814
2024-07-31T20:00:00Z,3265.01,3270.50,3212.32,3231.48,413917.625
2024-08-01T00:00:00Z,3231.49,3241.83,3169.15,3177.01,458292.503
2024-08-01T04:00:00Z,3177.00,3189.53,3134.03,3165.35,468973.645
2024-08-01T08:00:00Z,3165.35,3192.85,3163.93,3187.13,189268.585
2024-08-01T12:00:00Z,3187.14,3206.35,3100.84,3115.67,689499.334
2024-08-01T16:00:00Z,3115.68,3134.71,3078.40,3130.30,621522.981
2024-08-01T20:00:00Z,3130.29,3219.20,3120.00,3201.67,412529.800
2024-08-02T00:00:00Z,3201.66,3217.06,3134.93,3166.72,373574.209
2024-08-02T04:00:00Z,3166.73,3174.43,3125.00,3146.02,304703.470
2024-08-02T08:00:00Z,3146.03,3165.61,3132.82,3152.10,193766.287
2024-08-02T12:00:00Z,3152.10,3181.99,2983.57,3037.51,1454047.316
2024-08-02T16:00:00Z,3037.50,3047.25,2990.64,3010.53,501041.059
2024-08-02T20:00:00Z,3010.53,3041.74,2965.27,2988.11,582165.043
2024-08-03T00:00:00Z,2988.10,3002.49,2912.50,2980.78,545475.512
2024-08-03T04:00:00Z,2980.77,2995.88,2958.87,2982.42,189860.543
2024-08-03T08:00:00Z,2982.42,3004.46,2973.02,2995.44,163709.703
2024-08-03T12:00:00Z,2995.43,3016.61,2937.06,2940.49,385083.132
2024-08-03T16:00:00Z,2940.52,2954.45,2875.22,2892.38,898902.720
2024-08-03T20:00:00Z,2892.37,2921.42,2855.00,2901.94,438860.969
2024-08-04T00:00:00Z,2901.95,2934.66,2875.01,2914.21,252916.495
2024-08-04T04:00:00Z,2914.22,2920.69,2886.32,2891.55,165433.212
2024-08-04T08:00:00Z,2891.53,2924.80,2874.12,2912.80,219092.513
2024-08-04T12:00:00Z,2912.80,2924.59,2818.00,2826.06,667290.185
2024-08-04T16:00:00Z,2826.08,2837.96,2613.30,2755.84,1885496.206
2024-08-04T20:00:00Z,2755.84,2771.34,2680.00,2687.60,519065.184
2024-08-05T00:00:00Z,2687.60,2695.93,2112.00,2311.67,4616994.853
2024-08-05T04:00:00Z,2311.64,2384.97,2150.37,2356.42,2760223.013
2024-08-05T08:00:00Z,2356.42,2361.99,2222.31,2289.89,1646831.896
2024-08-05T12:00:00Z,2289.89,2460.00,2181.61,2448.97,2627102.621
2024-08-05T16:00:00Z,2448.96,2518.27,2363.00,2403.94,1335817.422
2024-08-05T20:00:00Z,2403.87,2473.81,2399.79,2418.60,570754.292
2024-08-06T00:00:00Z,2418.60,2545.91,2414.63,2490.40,773192.838
2024-08-06T04:00:00Z,2490.40,2533.94,2476.94,2522.19,549155.664
2024-08-06T08:00:00Z,2522.18,2523.50,2438.41,2457.07,673184.180
2024-08-06T12:00:00Z,2457.08,2558.24,2412.35,2526.09,1158026.702
2024-08-06T16:00:00Z,2526.10,2549.08,2479.48,2491.36,651803.080
2024-08-06T20:00:00Z,2491.40,2512.55,2445.00,2459.87,551324.461
2024-08-07T00:00:00Z,2459.86,2529.60,2423.50,2506.07,806971.796
2024-08-07T04:00:00Z,2506.08,2533.56,2483.53,2509.78,510017.106
2024-08-07T08:00:00Z,2509.78,2549.85,2470.16,2471.82,692917.958
2024-08-07T12:00:00Z,2471.83,2486.95,2363.24,2411.71,1457574.964
2024-08-07T16:00:00Z,2411.71,2414.79,2324.89,2349.68,863756.303
2024-08-07T20:00:00Z,2349.71,2368.92,2307.00,2341.41,575550.918
2024-08-08T00:00:00Z,2341.40,2464.28,2318.64,2429.21,840214.466
2024-08-08T04:00:00Z,2429.21,2444.25,2410.04,2413.04,354507.174
2024-08-08T08:00:00Z,2413.07,2459.48,2407.08,2446.11,404197.391
2024-08-08T12:00:00Z,2446.11,2526.00,2410.29,2505.83,1430730.843
2024-08-08T16:00:00Z,2505.87,2609.25,2501.99,2572.31,938501.216
2024-08-08T20:00:00Z,2572.50,2723.77,2566.00,2681.59,852819.260
2024-08-09T00:00:00Z,2681.59,2700.00,2644.44,2692.90,514465.929
2024-08-09T04:00:00Z,2692.90,2708.80,2647.35,2668.97,455019.581
2024-08-09T08:00:00Z,2668.98,2681.08,2616.69,2633.46,504319.424
2024-08-09T12:00:00Z,2633.45,2663.27,2555.25,2557.33,1025691.719
2024-08-09T16:00:00Z,2557.33,2608.49,2551.23,2589.17,358718.301
2024-08-09T20:00:00Z,2589.18,2612.55,2560.40,2597.90,293466.200
2024-08-10T00:00:00Z,2597.89,2644.43,2574.54,2601.31,358644.779
2024-08-10T04:00:00Z,2601.31,2637.28,2586.60,2633.06,203888.207
2024-08-10T08:00:00Z,2633.06,2642.02,2621.18,2635.52,200206.103
2024-08-10T12:00:00Z,2635.53,2636.72,2595.08,2598.45,229165.884
2024-08-10T16:00:00Z,2598.48,2622.28,2587.85,2601.60,221622.954
2024-08-10T20:00:00Z,2601.61,2616.99,2594.67,2608.76,97951.477
2024-08-11T00:00:00Z,2608.77,2674.29,2604.50,2645.46,261141.110
2024-08-11T04:00:00Z,2645.46,2682.00,2632.03,2676.16,255575.463
2024-08-11T08:00:00Z,2676.20,2720.78,2643.48,2651.60,545395.315
2024-08-11T12:00:00Z,2651.58,2654.87,2592.50,2612.63,547612.966
2024-08-11T16:00:00Z,2612.63,2645.00,2595.00,2597.94,374763.417
2024-08-11T20:00:00Z,2597.95,2601.93,2537.76,2554.65,645000.959
2024-08-12T00:00:00Z,2554.66,2577.25,2506.13,2540.19,464609.446
2024-08-12T04:00:00Z,2540.18,2581.93,2514.68,2565.84,389333.624
2024-08-12T08:00:00Z,2565.83,2682.55,2556.62,2672.31,783744.651
2024-08-12T12:00:00Z,2672.31,2721.96,2590.80,2687.76,1520110.799
2024-08-12T16:00:00Z,2687.76,2697.44,2626.26,2658.96,450333.402
2024-08-12T20:00:00Z,2659.00,2749.97,2657.00,2721.15,518865.298
2024-08-13T00:00:00Z,2721.15,2737.38,2647.31,2655.04,624340.775
2024-08-13T04:00:00Z,2655.04,2662.90,2633.51,2647.14,304386.032
2024-08-13T08:00:00Z,2647.14,2656.77,2610.04,2642.95,385954.277
2024-08-13T12:00:00Z,2642.94,2673.70,2630.00,2650.75,616504.442
2024-08-13T16:00:00Z,2650.75,2729.05,2648.39,2710.17,838299.071
2024-08-13T20:00:00Z,2710.16,2733.32,2691.59,2701.01,246965.005
2024-08-14T00:00:00Z,2701.01,2724.60,2684.14,2707.99,272766.878
2024-08-14T04:00:00Z,2707.98,2749.00,2706.34,2726.46,341253.171
2024-08-14T08:00:00Z,2726.46,2763.32,2712.71,2748.60,467331.101
2024-08-14T12:00:00Z,2748.59,2788.88,2631.00,2672.73,1412380.207
2024-08-14T16:00:00Z,2672.72,2672.80,2640.06,2667.71,388444.094
2024-08-14T20:00:00Z,2667.68,2678.79,2639.69,2659.82,214353.242
2024-08-15T00:00:00Z,2659.82,2672.26,2632.23,2651.49,346052.098
2024-08-15T04:00:00Z,2651.50,2655.56,2586.50,2613.82,470351.003
2024-08-15T08:00:00Z,2613.83,2643.00,2604.29,2636.54,298537.830
2024-08-15T12:00:00Z,2636.53,2674.17,2631.86,2667.05,652125.793
2024-08-15T16:00:00Z,2666.94,2673.69,2520.00,2548.09,1001327.964
2024-08-15T20:00:00Z,2548.02,2588.42,2513.65,2568.73,450873.052
2024-08-16T00:00:00Z,2568.73,2609.04,2551.00,2578.62,356114.616
2024-08-16T04:00:00Z,2578.62,2627.65,2576.48,2616.00,293288.303
2024-08-16T08:00:00Z,2616.01,2625.49,2604.82,2611.17,258243.129
2024-08-16T12:00:00Z,2611.17,2619.00,2549.15,2567.50,928113.985
2024-08-16T16:00:00Z,2567.50,2630.73,2562.54,2619.10,606405.927
2024-08-16T20:00:00Z,2619.12,2625.14,2585.49,2591.52,224329.896
2024-08-17T00:00:00Z,2591.53,2606.81,2585.81,2594.48,143645.382
2024-08-17T04:00:00Z,2594.48,2602.29,2588.94,2598.88,96026.150
2024-08-17T08:00:00Z,2598.89,2606.47,2591.20,2597.90,119991.959
2024-08-17T12:00:00Z,2597.88,2618.29,2595.44,2605.56,186906.583
2024-08-17T16:00:00Z,2605.55,2628.00,2605.49,2613.79,176955.061
2024-08-17T20:00:00Z,2613.79,2617.04,2598.54,2613.18,97083.433
2024-08-18T00:00:00Z,2613.18,2638.36,2603.36,2605.09,263026.290
2024-08-18T04:00:00Z,2605.09,2609.46,2593.00,2606.75,141987.111
2024-08-18T08:00:00Z,2606.74,2666.91,2604.17,2648.01,403254.104
2024-08-18T12:00:00Z,2648.01,2688.25,2641.42,2671.00,349381.267
2024-08-18T16:00:00Z,2671.00,2677.33,2641.62,2666.70,199003.843
2024-08-18T20:00:00Z,2666.70,2669.52,2608.05,2610.67,259123.274
2024-08-19T00:00:00Z,2610.67,2646.55,2601.80,2643.32,349573.280
2024-08-19T04:00:00Z,2643.33,2647.29,2609.93,2612.59,257446.693
2024-08-19T08:00:00Z,2612.59,2620.85,2565.00,2586.45,475628.786
2024-08-19T12:00:00Z,2586.46,2603.00,2560.90,2583.05,425511.632
2024-08-19T16:00:00Z,2583.05,2629.97,2572.22,2605.32,422776.620
2024-08-19T20:00:00Z,2605.33,2639.98,2602.92,2635.15,191311.274
2024-08-20T00:00:00Z,2635.16,2676.19,2617.05,2660.97,412466.009
2024-08-20T04:00:00Z,2660.98,2694.96,2656.21,2673.67,362835.485
2024-08-20T08:00:00Z,2673.67,2674.75,2637.12,2641.03,244919.187
2024-08-20T12:00:00Z,2641.03,2654.68,2552.50,2573.34,904290.500
2024-08-20T16:00:00Z,2573.35,2605.67,2563.83,2600.67,348882.962
2024-08-20T20:00:00Z,2600.67,2608.78,2562.04,2571.51,231115.270
2024-08-21T00:00:00Z,2571.51,2596.93,2554.33,2590.09,219863.136
2024-08-21T04:00:00Z,2590.09,2605.59,2587.05,2599.22,155485.180
2024-08-21T08:00:00Z,2599.22,2606.65,2566.03,2576.40,271022.071
2024-08-21T12:00:00Z,2576.40,2616.88,2533.51,2600.44,937315.458
2024-08-21T16:00:00Z,2600.45,2649.33,2591.01,2645.01,518281.955
2024-08-21T20:00:00Z,2645.01,2663.55,2618.00,2629.38,312423.775
2024-08-22T00:00:00Z,2629.37,2639.28,2582.27,2615.18,334724.588
2024-08-22T04:00:00Z,2615.18,2641.95,2612.32,2635.00,179109.410
2024-08-22T08:00:00Z,2634.99,2644.00,2618.36,2640.42,227465.256
2024-08-22T12:00:00Z,2640.42,2643.87,2588.39,2598.30,483013.258
2024-08-22T16:00:00Z,2598.29,2618.86,2596.06,2605.44,252410.050
2024-08-22T20:00:00Z,2605.45,2631.27,2605.18,2622.00,154913.077
2024-08-23T00:00:00Z,2622.00,2652.82,2619.86,2634.64,227541.378
2024-08-23T04:00:00Z,2634.65,2688.86,2632.80,2668.07,437034.101
2024-08-23T08:00:00Z,2668.07,2679.97,2650.00,2651.94,272661.015
2024-08-23T12:00:00Z,2651.95,2698.69,2631.01,2669.45,992910.044
2024-08-23T16:00:00Z,2669.46,2749.22,2661.62,2744.58,860588.811
2024-08-23T20:00:00Z,2744.58,2798.88,2743.00,2761.58,498138.254
2024-08-24T00:00:00Z,2761.58,2768.44,2741.12,2745.58,214773.382
2024-08-24T04:00:00Z,2745.57,2764.20,2736.92,2757.23,172196.611
2024-08-24T08:00:00Z,2757.23,2785.78,2753.66,2755.35,314643.990
2024-08-24T12:00:00Z,2755.36,2763.07,2750.00,2759.79,247078.684
2024-08-24T16:00:00Z,2759.79,2819.35,2758.64,2791.25,747545.742
2024-08-24T20:00:00Z,2791.25,2806.62,2729.15,2766.40,428110.908
2024-08-25T00:00:00Z,2766.40,2782.62,2747.00,2763.42,256524.878
2024-08-25T04:00:00Z,2763.43,2769.66,2731.63,2742.05,210190.053
2024-08-25T08:00:00Z,2742.05,2759.96,2735.90,2749.68,171894.234
2024-08-25T12:00:00Z,2749.69,2772.00,2744.73,2762.79,196302.589
2024-08-25T16:00:00Z,2762.78,2773.42,2758.56,2764.77,115228.884
2024-08-25T20:00:00Z,2764.77,2791.66,2738.00,2744.47,277915.260
2024-08-26T00:00:00Z,2744.48,2760.97,2715.07,2743.01,306420.497
2024-08-26T04:00:00Z,2743.00,2751.00,2727.08,2731.92,186649.400
2024-08-26T08:00:00Z,2731.92,2747.96,2705.37,2735.81,276464.036
2024-08-26T12:00:00Z,2735.81,2741.18,2700.62,2720.53,460861.478
2024-08-26T16:00:00Z,2720.52,2731.35,2673.66,2679.96,439624.004
2024-08-26T20:00:00Z,2679.96,2692.28,2665.00,2679.25,237692.658
2024-08-27T00:00:00Z,2679.26,2693.10,2665.16,2684.50,246068.313
2024-08-27T04:00:00Z,2684.49,2699.11,2671.70,2686.91,265165.914
2024-08-27T08:00:00Z,2686.91,2691.00,2618.00,2625.59,522738.133
2024-08-27T12:00:00Z,2625.59,2628.13,2556.00,2577.64,929014.833
2024-08-27T16:00:00Z,2577.63,2590.96,2561.90,2582.85,418599.384
2024-08-27T20:00:00Z,2582.85,2587.48,2388.00,2455.98,1454986.852
2024-08-28T00:00:00Z,2455.98,2478.76,2416.56,2476.76,563536.659
2024-08-28T04:00:00Z,2476.76,2484.59,2431.18,2435.92,416509.072
2024-08-28T08:00:00Z,2435.92,2549.30,2427.65,2521.50,708608.143
2024-08-28T12:00:00Z,2521.49,2538.00,2467.00,2494.70,741724.193
2024-08-28T16:00:00Z,2494.71,2545.20,2455.04,2503.75,820236.569
2024-08-28T20:00:00Z,2503.75,2554.19,2503.33,2527.31,424093.800
2024-08-29T00:00:00Z,2527.32,2536.87,2509.12,2522.13,248879.394
2024-08-29T04:00:00Z,2522.16,2559.14,2517.10,2546.05,260758.777
2024-08-29T08:00:00Z,2546.05,2573.82,2536.16,2553.72,284677.497
2024-08-29T12:00:00Z,2553.71,2594.00,2550.59,2574.51,567522.454
2024-08-29T16:00:00Z,2574.51,2584.68,2508.84,2527.54,576158.540
2024-08-29T20:00:00Z,2527.53,2542.79,2504.11,2526.28,218752.066
2024-08-30T00:00:00Z,2526.28,2534.28,2503.00,2515.83,251072.417
2024-08-30T04:00:00Z,2515.83,2531.89,2502.84,2515.91,247076.955
2024-08-30T08:00:00Z,2515.91,2527.41,2506.14,2511.45,170283.107
2024-08-30T12:00:00Z,2511.45,2552.32,2433.75,2448.04,1095222.140
2024-08-30T16:00:00Z,2448.03,2540.00,2431.00,2505.79,801638.475
2024-08-30T20:00:00Z,2505.80,2529.69,2505.01,2524.99,140103.037
2024-08-31T00:00:00Z,2524.99,2533.29,2517.79,2522.42,104881.303
2024-08-31T04:00:00Z,2522.42,2528.50,2517.00,2519.78,84453.677
2024-08-31T08:00:00Z,2519.79,2528.76,2510.16,2524.56,141711.895
2024-08-31T12:00:00Z,2524.55,2526.83,2512.85,2518.02,119290.818
2024-08-31T16:00:00Z,2518.02,2518.72,2490.62,2498.36,202170.011
2024-08-31T20:00:00Z,2498.36,2527.50,2492.42,2511.91,133325.097
2024-09-01T00:00:00Z,2511.91,2514.97,2475.01,2487.76,230390.661
2024-09-01T04:00:00Z,2487.76,2490.00,2457.50,2485.62,316204.521
2024-09-01T08:00:00Z,2485.63,2491.96,2457.60,2476.44,243047.192
2024-09-01T12:00:00Z,2476.45,2488.99,2436.54,2479.49,501767.483
2024-09-01T16:00:00Z,2479.49,2513.52,2455.60,2500.14,380062.908
2024-09-01T20:00:00Z,2500.14,2514.77,2397.23,2424.55,624327.593
2024-09-02T00:00:00Z,2424.55,2454.66,2421.80,2449.15,361594.994
2024-09-02T04:00:00Z,2449.15,2465.96,2432.00,2439.94,304017.150
2024-09-02T08:00:00Z,2439.94,2537.57,2437.26,2514.75,697141.280
2024-09-02T12:00:00Z,2514.75,2527.22,2491.28,2512.29,446515.773
2024-09-02T16:00:00Z,2512.29,2530.00,2504.22,2523.39,178235.833
2024-09-02T20:00:00Z,2523.39,2564.49,2521.00,2536.74,302494.089
2024-09-03T00:00:00Z,2536.76,2552.55,2513.11,2514.79,266136.046
2024-09-03T04:00:00Z,2514.79,2524.14,2511.25,2518.89,176322.668
2024-09-03T08:00:00Z,2518.89,2519.64,2492.00,2508.19,254917.235
2024-09-03T12:00:00Z,2508.19,2518.00,2434.50,2442.93,722146.867
2024-09-03T16:00:00Z,2442.92,2469.86,2434.50,2446.70,349606.512
2024-09-03T20:00:00Z,2446.70,2470.40,2405.14,2424.05,282906.405
2024-09-04T00:00:00Z,2424.05,2448.00,2304.87,2371.93,1209681.026
2024-09-04T04:00:00Z,2371.92,2414.66,2362.18,2400.10,401937.787
2024-09-04T08:00:00Z,2400.11,2409.70,2385.84,2397.68,288863.904
2024-09-04T12:00:00Z,2397.67,2457.90,2391.50,2453.88,830362.095
2024-09-04T16:00:00Z,2453.87,2489.34,2437.37,2451.00,499034.389
2024-09-04T20:00:00Z,2451.00,2468.40,2442.00,2449.67,161250.508
2024-09-05T00:00:00Z,2449.67,2465.23,2402.80,2404.43,374011.446
2024-09-05T04:00:00Z,2404.43,2417.75,2375.36,2411.50,442350.254
2024-09-05T08:00:00Z,2411.49,2415.24,2382.17,2388.44,275605.167
2024-09-05T12:00:00Z,2388.44,2413.87,2354.01,2370.16,911654.899
2024-09-05T16:00:00Z,2370.16,2395.00,2346.05,2362.71,378239.583
2024-09-05T20:00:00Z,2362.68,2377.44,2348.69,2367.37,229220.477
2024-09-06T00:00:00Z,2367.33,2407.75,2356.17,2391.56,337526.609
2024-09-06T04:00:00Z,2391.55,2396.42,2319.63,2343.14,548616.980
2024-09-06T08:00:00Z,2343.14,2378.95,2337.28,2372.16,389416.775
2024-09-06T12:00:00Z,2372.16,2409.34,2264.40,2289.02,1686809.069
2024-09-06T16:00:00Z,2289.03,2292.00,2206.50,2221.51,1414464.723
2024-09-06T20:00:00Z,2221.50,2229.33,2150.00,2223.70,1099184.282
2024-09-07T00:00:00Z,2223.70,2242.00,2220.76,2237.23,254746.094
2024-09-07T04:00:00Z,2237.23,2292.99,2236.26,2287.03,433463.571
2024-09-07T08:00:00Z,2287.03,2298.96,2274.03,2282.71,282154.620
2024-09-07T12:00:00Z,2282.70,2310.00,2281.04,2299.17,288406.879
2024-09-07T16:00:00Z,2299.18,2303.31,2262.01,2289.03,366666.468
2024-09-07T20:00:00Z,2289.03,2290.00,2255.00,2272.21,207332.611
2024-09-08T00:00:00Z,2272.21,2287.56,2262.00,2284.77,173741.482
2024-09-08T04:00:00Z,2284.77,2303.90,2282.22,2293.69,192889.606
2024-09-08T08:00:00Z,2293.70,2309.00,2286.33,2295.27,211658.841
2024-09-08T12:00:00Z,2295.28,2298.16,2238.88,2244.67,493900.026
2024-09-08T16:00:00Z,2244.68,2282.59,2242.17,2270.63,328959.884
2024-09-08T20:00:00Z,2270.64,2333.98,2266.46,2295.89,532674.915
2024-09-09T00:00:00Z,2295.90,2320.00,2286.59,2303.34,307641.889
2024-09-09T04:00:00Z,2303.33,2315.95,2281.04,2313.03,302602.442
2024-09-09T08:00:00Z,2313.03,2338.74,2308.00,2314.10,426393.758
2024-09-09T12:00:00Z,2314.09,2324.47,2271.22,2291.59,684741.510
2024-09-09T16:00:00Z,2291.61,2352.67,2290.00,2349.27,784118.243
2024-09-09T20:00:00Z,2349.32,2382.51,2335.58,2358.19,428077.676
2024-09-10T00:00:00Z,2358.19,2359.19,2333.00,2339.58,281784.089
2024-09-10T04:00:00Z,2339.57,2366.00,2325.83,2362.21,243463.668
2024-09-10T08:00:00Z,2362.20,2371.34,2337.80,2349.65,260355.838
2024-09-10T12:00:00Z,2349.65,2363.00,2319.09,2323.64,558127.091
2024-09-10T16:00:00Z,2323.64,2391.54,2323.00,2379.59,525329.899
2024-09-10T20:00:00Z,2379.60,2399.99,2370.72,2387.63,279040.790
2024-09-11T00:00:00Z,2387.63,2388.39,2337.30,2347.13,436909.963
2024-09-11T04:00:00Z,2347.14,2347.14,2317.48,2340.42,371226.436
2024-09-11T08:00:00Z,2340.41,2340.73,2305.23,2326.68,352704.710
2024-09-11T12:00:00Z,2326.67,2354.70,2275.80,2324.87,1200982.865
2024-09-11T16:00:00Z,2324.86,2368.00,2323.74,2339.44,636190.743
2024-09-11T20:00:00Z,2339.45,2351.08,2331.58,2339.22,138133.396
2024-09-12T00:00:00Z,2339.18,2392.00,2338.26,2366.64,394578.513
2024-09-12T04:00:00Z,2366.65,2378.50,2351.39,2358.48,248986.393
2024-09-12T08:00:00Z,2358.47,2365.50,2341.67,2347.44,246179.786
2024-09-12T12:00:00Z,2347.44,2366.21,2313.16,2321.76,657002.938
2024-09-12T16:00:00Z,2321.76,2360.72,2321.00,2359.99,348596.460
2024-09-12T20:00:00Z,2360.00,2372.99,2340.50,2360.79,246322.121
2024-09-13T00:00:00Z,2360.79,2363.80,2348.61,2355.31,139683.251
2024-09-13T04:00:00Z,2355.31,2358.45,2336.20,2347.63,177387.116
2024-09-13T08:00:00Z,2347.63,2375.74,2340.05,2353.22,291631.314
2024-09-13T12:00:00Z,2353.23,2412.19,2340.94,2406.83,825337.405
2024-09-13T16:00:00Z,2406.83,2427.66,2395.00,2419.93,491868.573
2024-09-13T20:00:00Z,2419.94,2463.77,2411.60,2438.15,389071.378
2024-09-14T00:00:00Z,2438.16,2439.61,2420.74,2431.67,230015.276
2024-09-14T04:00:00Z,2431.67,2432.40,2412.27,2419.23,150696.872
2024-09-14T08:00:00Z,2419.23,2420.68,2406.72,2415.88,148659.935
2024-09-14T12:00:00Z,2415.87,2422.59,2411.12,2417.37,153026.845
2024-09-14T16:00:00Z,2417.37,2420.04,2373.82,2407.57,285668.673
2024-09-14T20:00:00Z,2407.56,2421.76,2405.86,2416.65,106969.444
2024-09-15T00:00:00Z,2416.65,2429.44,2415.31,2419.28,94060.846
2024-09-15T04:00:00Z,2419.28,2423.67,2412.65,2421.60,74978.264
2024-09-15T08:00:00Z,2421.61,2422.20,2401.03,2405.90,130910.915
2024-09-15T12:00:00Z,2405.89,2418.24,2395.13,2407.60,207938.700
2024-09-15T16:00:00Z,2407.59,2407.98,2361.09,2371.14,413433.867
2024-09-15T20:00:00Z,2371.14,2371.15,2282.00,2314.85,742996.719
2024-09-16T00:00:00Z,2314.85,2321.36,2251.06,2277.11,705066.871
2024-09-16T04:00:00Z,2277.11,2311.95,2275.10,2309.23,311776.261
2024-09-16T08:00:00Z,2309.24,2334.90,2286.31,2306.66,428529.689
2024-09-16T12:00:00Z,2306.67,2311.50,2268.00,2286.71,625608.180
2024-09-16T16:00:00Z,2286.71,2310.37,2268.08,2274.00,494516.324
2024-09-16T20:00:00Z,2274.00,2300.98,2266.14,2294.61,256562.100
2024-09-17T00:00:00Z,2294.61,2298.07,2262.00,2282.92,263274.191
2024-09-17T04:00:00Z,2282.92,2309.88,2281.20,2308.09,196360.161
2024-09-17T08:00:00Z,2308.09,2322.91,2301.15,2307.29,318568.186
2024-09-17T12:00:00Z,2307.29,2392.62,2300.76,2382.68,1033617.175
2024-09-17T16:00:00Z,2382.68,2388.88,2326.20,2352.03,569856.157
2024-09-17T20:00:00Z,2352.02,2361.27,2327.60,2340.59,234745.668
2024-09-18T00:00:00Z,2340.59,2343.90,2308.15,2333.92,283667.191
2024-09-18T04:00:00Z,2333.92,2335.15,2311.18,2328.65,223400.840
2024-09-18T08:00:00Z,2328.65,2328.66,2275.25,2299.43,462100.581
2024-09-18T12:00:00Z,2299.44,2317.48,2285.81,2295.04,424638.776
2024-09-18T16:00:00Z,2295.05,2363.89,2286.72,2313.81,1070959.012
2024-09-18T20:00:00Z,2313.78,2376.00,2288.20,2373.93,397142.283
2024-09-19T00:00:00Z,2373.93,2412.25,2371.37,2402.79,719870.317
2024-09-19T04:00:00Z,2402.79,2442.24,2398.50,2436.61,411620.079
2024-09-19T08:00:00Z,2436.61,2441.25,2421.45,2434.01,295603.421
2024-09-19T12:00:00Z,2434.00,2451.83,2419.50,2439.00,523218.030
2024-09-19T16:00:00Z,2439.00,2494.68,2432.01,2459.79,753487.672
2024-09-19T20:00:00Z,2459.79,2478.24,2452.18,2464.56,244755.484
2024-09-20T00:00:00Z,2464.55,2521.70,2436.11,2519.90,525580.264
2024-09-20T04:00:00Z,2519.90,2572.18,2515.56,2559.63,862737.365
2024-09-20T08:00:00Z,2559.63,2563.91,2537.60,2543.97,356806.628
2024-09-20T12:00:00Z,2543.97,2569.45,2515.31,2559.18,786062.703
2024-09-20T16:00:00Z,2559.19,2568.48,2523.75,2540.00,371168.112
2024-09-20T20:00:00Z,2540.01,2561.38,2537.23,2560.29,159903.047
2024-09-21T00:00:00Z,2560.30,2586.91,2532.21,2542.80,413712.537
2024-09-21T04:00:00Z,2542.80,2557.97,2527.69,2554.54,208526.831
2024-09-21T08:00:00Z,2554.55,2556.26,2543.49,2555.33,121748.795
2024-09-21T12:00:00Z,2555.34,2575.74,2549.10,2558.54,285240.954
2024-09-21T16:00:00Z,2558.53,2577.79,2555.00,2570.44,153006.804
2024-09-21T20:00:00Z,2570.45,2623.85,2558.51,2611.40,322980.450
2024-09-22T00:00:00Z,2611.40,2633.30,2586.48,2593.62,418488.426
2024-09-22T04:00:00Z,2593.61,2603.88,2575.00,2586.74,202435.690
2024-09-22T08:00:00Z,2586.73,2595.00,2568.58,2579.58,248455.101
2024-09-22T12:00:00Z,2579.59,2586.97,2553.07,2569.57,315362.278
2024-09-22T16:00:00Z,2569.57,2591.31,2550.08,2577.00,291767.673
2024-09-22T20:00:00Z,2576.99,2593.00,2522.57,2579.94,492936.026
2024-09-23T00:00:00Z,2579.95,2686.50,2538.24,2675.37,1027984.344
2024-09-23T04:00:00Z,2675.37,2680.00,2635.00,2645.28,396303.025
2024-09-23T08:00:00Z,2645.27,2661.92,2632.01,2645.11,304605.136
2024-09-23T12:00:00Z,2645.11,2685.00,2630.04,2674.07,605764.058
2024-09-23T16:00:00Z,2674.07,2702.00,2656.41,2671.80,487034.395
2024-09-23T20:00:00Z,2671.80,2681.52,2637.42,2645.84,297144.237
2024-09-24T00:00:00Z,2645.84,2650.63,2607.74,2626.50,502438.055
2024-09-24T04:00:00Z,2626.50,2649.16,2617.03,2645.99,230922.359
2024-09-24T08:00:00Z,2645.99,2667.21,2633.58,2636.28,368695.953
2024-09-24T12:00:00Z,2636.27,2645.40,2590.10,2611.82,779650.585
2024-09-24T16:00:00Z,2611.82,2656.21,2609.94,2649.38,444533.478
2024-09-24T20:00:00Z,2649.39,2669.94,2638.85,2652.00,391845.278
2024-09-25T00:00:00Z,2652.00,2673.06,2631.06,2645.51,364656.468
2024-09-25T04:00:00Z,2645.51,2645.88,2609.04,2620.44,334064.790
2024-09-25T08:00:00Z,2620.44,2629.90,2612.51,2626.31,241444.968
2024-09-25T12:00:00Z,2626.30,2628.64,2593.67,2599.90,400244.388
2024-09-25T16:00:00Z,2599.91,2608.43,2561.17,2569.69,516284.783
2024-09-25T20:00:00Z,2569.68,2583.69,2552.44,2578.90,276639.126
2024-09-26T00:00:00Z,2578.90,2606.00,2557.50,2601.65,463855.491
2024-09-26T04:00:00Z,2601.64,2634.01,2590.12,2628.59,274091.899
2024-09-26T08:00:00Z,2628.59,2638.77,2611.68,2627.91,366710.312
2024-09-26T12:00:00Z,2627.91,2663.05,2606.60,2651.05,810570.490
2024-09-26T16:00:00Z,2651.05,2666.17,2625.51,2647.99,469421.903
2024-09-26T20:00:00Z,2648.05,2654.36,2616.00,2631.11,256415.035
2024-09-27T00:00:00Z,2631.16,2644.02,2614.22,2637.74,248051.699
2024-09-27T04:00:00Z,2637.74,2667.99,2635.30,2656.06,337383.053
2024-09-27T08:00:00Z,2656.05,2676.83,2639.63,2650.28,411778.070
2024-09-27T12:00:00Z,2650.29,2698.80,2640.76,2682.17,605965.876
2024-09-27T16:00:00Z,2682.16,2727.66,2677.00,2700.49,624690.160
2024-09-27T20:00:00Z,2700.49,2707.74,2688.54,2693.53,145956.765
2024-09-28T00:00:00Z,2693.52,2703.30,2686.68,2689.28,172706.529
2024-09-28T04:00:00Z,2689.27,2699.30,2672.76,2677.00,235938.438
2024-09-28T08:00:00Z,2676.99,2677.64,2648.32,2674.24,325140.949
2024-09-28T12:00:00Z,2674.24,2675.00,2650.37,2668.78,332664.424
2024-09-28T16:00:00Z,2668.78,2683.84,2661.11,2676.83,180219.304
2024-09-28T20:00:00Z,2676.82,2681.71,2653.85,2673.90,146278.406
2024-09-29T00:00:00Z,2673.91,2683.00,2662.17,2673.47,159103.217
2024-09-29T04:00:00Z,2673.51,2673.51,2633.03,2639.60,290616.741
2024-09-29T08:00:00Z,2639.60,2654.39,2632.80,2651.77,218546.194
2024-09-29T12:00:00Z,2651.77,2668.24,2639.45,2664.96,279097.841
2024-09-29T16:00:00Z,2664.96,2671.08,2649.02,2665.65,172479.286
2024-09-29T20:00:00Z,2665.65,2672.88,2646.15,2656.30,270693.121
2024-09-30T00:00:00Z,2656.30,2662.81,2601.00,2628.64,656029.267
2024-09-30T04:00:00Z,2628.64,2642.99,2621.81,2636.70,258982.869
2024-09-30T08:00:00Z,2636.70,2642.48,2590.72,2627.97,683349.428
2024-09-30T12:00:00Z,2627.97,2638.15,2592.05,2595.05,429091.015
2024-09-30T16:00:00Z,2595.05,2609.44,2572.82,2594.49,488562.373
2024-09-30T20:00:00Z,2594.50,2616.86,2575.54,2601.49,343586.791
2024-10-01T00:00:00Z,2601.49,2632.92,2590.57,2629.33,340614.697
2024-10-01T04:00:00Z,2629.33,2658.63,2626.86,2644.79,374331.576
2024-10-01T08:00:00Z,2644.78,2646.35,2627.05,2627.82,212155.527
2024-10-01T12:00:00Z,2627.81,2632.43,2480.00,2523.54,1623547.321
2024-10-01T16:00:00Z,2523.54,2530.50,2425.17,2487.68,1306330.305
2024-10-01T20:00:00Z,2487.68,2491.76,2412.40,2446.85,782448.003
2024-10-02T00:00:00Z,2446.85,2498.00,2441.17,2488.51,389815.836
2024-10-02T04:00:00Z,2488.51,2492.13,2466.00,2480.75,313088.272
2024-10-02T08:00:00Z,2480.76,2486.25,2440.32,2454.20,432109.358
2024-10-02T12:00:00Z,2454.20,2462.98,2416.92,2459.43,893171.983
2024-10-02T16:00:00Z,2459.44,2478.00,2366.17,2370.61,1000731.733
2024-10-02T20:00:00Z,2370.61,2391.69,2350.00,2363.00,541186.162
2024-10-03T00:00:00Z,2363.00,2398.65,2351.60,2398.08,411583.688
2024-10-03T04:00:00Z,2398.08,2402.29,2358.00,2363.59,314508.341
2024-10-03T08:00:00Z,2363.59,2369.52,2318.00,2351.55,768412.649
2024-10-03T12:00:00Z,2351.56,2365.00,2308.09,2339.54,1026137.417
2024-10-03T16:00:00Z,2339.55,2353.55,2310.65,2352.40,491190.374
2024-10-03T20:00:00Z,2352.39,2356.84,2330.82,2348.74,178234.602
2024-10-04T00:00:00Z,2348.74,2379.00,2338.27,2366.07,396020.202
2024-10-04T04:00:00Z,2366.07,2386.69,2364.57,2380.55,255172.275
2024-10-04T08:00:00Z,2380.56,2392.44,2373.10,2385.21,248622.742
2024-10-04T12:00:00Z,2385.21,2417.27,2351.18,2415.99,912518.866
2024-10-04T16:00:00Z,2416.00,2440.00,2408.20,2428.41,563366.727
2024-10-04T20:00:00Z,2428.44,2430.85,2411.09,2413.38,157806.022
2024-10-05T00:00:00Z,2413.38,2427.94,2388.66,2398.75,247541.321
2024-10-05T04:00:00Z,2398.75,2426.24,2395.75,2414.18,215210.404
2024-10-05T08:00:00Z,2414.18,2427.00,2414.09,2416.43,121702.396
2024-10-05T12:00:00Z,2416.43,2423.00,2403.88,2413.99,186676.649
2024-10-05T16:00:00Z,2413.99,2415.13,2392.00,2395.71,184417.024
2024-10-05T20:00:00Z,2395.71,2418.85,2389.01,2413.42,147932.682
2024-10-06T00:00:00Z,2413.42,2421.99,2405.76,2412.78,134719.942
2024-10-06T04:00:00Z,2412.78,2420.00,2409.26,2416.25,95517.594
2024-10-06T08:00:00Z,2416.24,2430.00,2414.36,2425.65,167351.877
2024-10-06T12:00:00Z,2425.65,2457.11,2423.64,2445.68,367561.159
2024-10-06T16:00:00Z,2445.67,2452.00,2434.00,2440.47,206941.465
2024-10-06T20:00:00Z,2440.47,2443.83,2413.80,2438.77,247342.701
2024-10-07T00:00:00Z,2438.76,2512.50,2434.50,2494.37,673614.178
2024-10-07T04:00:00Z,2494.38,2497.77,2476.06,2479.55,244306.955
2024-10-07T08:00:00Z,2479.55,2489.18,2436.48,2474.64,632921.727
2024-10-07T12:00:00Z,2474.63,2520.25,2461.36,2472.88,795511.004
2024-10-07T16:00:00Z,2472.87,2479.92,2418.02,2444.40,540241.159
2024-10-07T20:00:00Z,2444.42,2456.83,2401.08,2421.75,458913.589
2024-10-08T00:00:00Z,2421.75,2447.56,2421.75,2437.29,243567.705
2024-10-08T04:00:00Z,2437.29,2445.00,2409.11,2427.54,376390.095
2024-10-08T08:00:00Z,2427.55,2440.75,2416.36,2438.63,204765.289
2024-10-08T12:00:00Z,2438.63,2452.00,2400.01,2418.39,710187.847
2024-10-08T16:00:00Z,2418.39,2455.31,2410.12,2439.43,513794.046
2024-10-08T20:00:00Z,2439.42,2466.63,2433.08,2439.84,214031.301
2024-10-09T00:00:00Z,2439.84,2472.90,2426.00,2445.52,358832.812
2024-10-09T04:00:00Z,2445.51,2451.76,2430.55,2434.80,237250.863
2024-10-09T08:00:00Z,2434.80,2441.66,2426.23,2440.80,192662.933
2024-10-09T12:00:00Z,2440.80,2471.64,2422.07,2460.34,662493.293
2024-10-09T16:00:00Z,2460.35,2461.65,2406.00,2417.05,574349.646
2024-10-09T20:00:00Z,2417.04,2417.04,2350.00,2369.60,663921.046
2024-10-10T00:00:00Z,2369.60,2400.96,2365.81,2394.36,359361.470
2024-10-10T04:00:00Z,2394.35,2410.90,2390.49,2394.56,227899.351
2024-10-10T08:00:00Z,2394.56,2407.16,2366.38,2405.43,377521.891
2024-10-10T12:00:00Z,2405.43,2408.00,2368.80,2403.94,641590.992
2024-10-10T16:00:00Z,2403.94,2421.50,2329.44,2366.32,979300.113
2024-10-10T20:00:00Z,2366.32,2386.40,2357.21,2385.24,277535.859
2024-10-11T00:00:00Z,2385.24,2416.33,2380.81,2410.34,365013.151
2024-10-11T04:00:00Z,2410.35,2417.84,2402.08,2406.49,220069.742
2024-10-11T08:00:00Z,2406.48,2425.24,2401.45,2416.71,277710.354
2024-10-11T12:00:00Z,2416.70,2452.70,2413.20,2442.36,703561.319
2024-10-11T16:00:00Z,2442.36,2470.00,2432.00,2458.18,519278.562
2024-10-11T20:00:00Z,2458.17,2461.20,2433.00,2438.46,253682.499
2024-10-12T00:00:00Z,2438.45,2450.40,2433.20,2437.93,183782.594
2024-10-12T04:00:00Z,2437.92,2451.58,2437.92,2445.36,122710.613
2024-10-12T08:00:00Z,2445.35,2467.53,2441.50,2451.35,176871.774
2024-10-12T12:00:00Z,2451.35,2482.91,2447.30,2471.74,319652.331
2024-10-12T16:00:00Z,2471.73,2486.36,2465.00,2471.30,207474.607
2024-10-12T20:00:00Z,2471.31,2489.95,2467.68,2475.09,107988.851
2024-10-13T00:00:00Z,2475.08,2484.00,2449.76,2456.90,228118.599
2024-10-13T04:00:00Z,2456.89,2468.18,2456.00,2463.98,97622.529
2024-10-13T08:00:00Z,2463.98,2471.29,2455.91,2456.86,136271.765
2024-10-13T12:00:00Z,2456.87,2469.11,2435.00,2439.29,316484.761
2024-10-13T16:00:00Z,2439.28,2461.53,2436.67,2456.99,296545.373
2024-10-13T20:00:00Z,2457.00,2483.89,2451.62,2467.79,219639.547
2024-10-14T00:00:00Z,2467.79,2524.89,2442.00,2520.05,577609.377
2024-10-14T04:00:00Z,2520.04,2547.99,2509.28,2534.74,839691.819
2024-10-14T08:00:00Z,2534.74,2546.22,2518.56,2536.70,394993.917
2024-10-14T12:00:00Z,2536.70,2643.03,2533.45,2634.95,1239886.344
2024-10-14T16:00:00Z,2634.95,2639.88,2615.00,2619.86,334746.944
2024-10-14T20:00:00Z,2619.85,2653.44,2615.20,2628.88,290264.219
2024-10-15T00:00:00Z,2628.87,2636.70,2607.20,2611.81,295608.441
2024-10-15T04:00:00Z,2611.81,2624.00,2590.00,2615.20,365585.915
2024-10-15T08:00:00Z,2615.20,2622.23,2580.00,2585.82,362260.530
2024-10-15T12:00:00Z,2585.82,2688.76,2536.64,2572.58,2004681.576
2024-10-15T16:00:00Z,2572.58,2618.85,2570.25,2591.06,598694.404
2024-10-15T20:00:00Z,2591.07,2609.21,2562.41,2606.53,286306.451
2024-10-16T00:00:00Z,2606.54,2629.68,2588.01,2616.24,293294.813
2024-10-16T04:00:00Z,2616.23,2623.78,2597.60,2606.02,226906.974
2024-10-16T08:00:00Z,2606.02,2642.99,2604.00,2629.20,505780.237
2024-10-16T12:00:00Z,2629.21,2647.51,2594.22,2606.70,703346.266
2024-10-16T16:00:00Z,2606.70,2627.67,2590.30,2614.02,258596.247
2024-10-16T20:00:00Z,2614.00,2627.23,2608.27,2610.39,141661.349
2024-10-17T00:00:00Z,2610.39,2644.90,2609.02,2640.37,298508.350
2024-10-17T04:00:00Z,2640.38,2647.90,2618.01,2627.80,269405.582
2024-10-17T08:00:00Z,2627.79,2630.00,2595.36,2597.38,314644.532
2024-10-17T12:00:00Z,2597.38,2632.50,2581.95,2630.29,598898.944
2024-10-17T16:00:00Z,2630.29,2630.92,2573.73,2594.69,435573.920
2024-10-17T20:00:00Z,2594.70,2614.40,2593.72,2605.01,147633.810
2024-10-18T00:00:00Z,2605.01,2651.05,2595.61,2609.10,436838.111
2024-10-18T04:00:00Z,2609.11,2645.00,2607.88,2643.62,281281.802
2024-10-18T08:00:00Z,2643.62,2649.82,2620.05,2621.43,233415.286
2024-10-18T12:00:00Z,2621.43,2664.00,2611.39,2652.12,688433.932
2024-10-18T16:00:00Z,2652.12,2675.12,2628.46,2650.50,500034.108
2024-10-18T20:00:00Z,2650.52,2651.53,2631.91,2641.11,169318.857
2024-10-19T00:00:00Z,2641.11,2662.66,2633.72,2645.35,191587.210
2024-10-19T04:00:00Z,2645.36,2649.99,2636.55,2639.98,103470.845
2024-10-19T08:00:00Z,2639.98,2647.84,2630.05,2630.34,114944.500
2024-10-19T12:00:00Z,2630.35,2653.88,2630.15,2644.87,214261.900
2024-10-19T16:00:00Z,2644.88,2645.91,2636.00,2640.58,98776.499
2024-10-19T20:00:00Z,2640.59,2654.85,2640.00,2647.45,88378.502
2024-10-20T00:00:00Z,2647.46,2652.85,2634.53,2639.66,99595.635
2024-10-20T04:00:00Z,2639.65,2652.75,2637.26,2645.49,111858.009
2024-10-20T08:00:00Z,2645.50,2650.88,2642.30,2648.89,66665.876
2024-10-20T12:00:00Z,2648.90,2720.00,2640.67,2705.71,792621.099
2024-10-20T16:00:00Z,2705.71,2709.00,2685.17,2699.22,219380.842
2024-10-20T20:00:00Z,2699.21,2759.62,2696.17,2746.98,596667.883
2024-10-21T00:00:00Z,2746.98,2770.00,2726.36,2734.84,489111.902
2024-10-21T04:00:00Z,2734.83,2746.12,2722.23,2722.68,248071.301
2024-10-21T08:00:00Z,2722.69,2730.00,2702.00,2705.20,341170.322
2024-10-21T12:00:00Z,2705.19,2711.99,2659.02,2680.21,867426.126
2024-10-21T16:00:00Z,2680.21,2684.60,2655.52,2680.08,349068.978
2024-10-21T20:00:00Z,2680.09,2683.57,2664.76,2666.63,146115.654
2024-10-22T00:00:00Z,2666.62,2671.59,2613.77,2644.65,559000.222
2024-10-22T04:00:00Z,2644.66,2659.59,2635.21,2646.65,165104.347
2024-10-22T08:00:00Z,2646.65,2649.35,2613.00,2632.75,394665.952
2024-10-22T12:00:00Z,2632.75,2646.19,2606.00,2623.75,679353.302
2024-10-22T16:00:00Z,2623.76,2633.51,2606.11,2627.44,249000.730
2024-10-22T20:00:00Z,2627.44,2643.56,2617.13,2621.78,184388.068
2024-10-23T00:00:00Z,2621.79,2629.51,2600.10,2615.99,241556.237
2024-10-23T04:00:00Z,2616.00,2624.44,2602.03,2602.10,217210.514
2024-10-23T08:00:00Z,2602.11,2610.45,2562.54,2580.83,603153.407
2024-10-23T12:00:00Z,2580.83,2586.74,2529.00,2539.53,699249.120
2024-10-23T16:00:00Z,2539.53,2541.80,2443.01,2511.77,1166213.354
2024-10-23T20:00:00Z,2511.77,2527.99,2500.96,2523.84,261739.849
2024-10-24T00:00:00Z,2523.85,2561.04,2507.76,2544.19,366019.758
2024-10-24T04:00:00Z,2544.20,2561.83,2539.04,2543.88,261141.946
2024-10-24T08:00:00Z,2543.88,2550.98,2507.68,2528.97,362390.343
2024-10-24T12:00:00Z,2528.97,2545.24,2512.37,2525.15,470963.376
2024-10-24T16:00:00Z,2525.16,2541.80,2506.27,2539.51,303256.630
2024-10-24T20:00:00Z,2539.51,2560.00,2526.08,2535.39,261106.251
2024-10-25T00:00:00Z,2535.39,2538.19,2509.00,2521.11,219158.493
2024-10-25T04:00:00Z,2521.12,2522.13,2460.98,2483.30,564979.096
2024-10-25T08:00:00Z,2483.29,2546.91,2476.79,2544.71,548155.870
2024-10-25T12:00:00Z,2544.72,2565.94,2507.51,2524.26,736384.858
2024-10-25T16:00:00Z,2524.27,2536.00,2453.52,2475.36,962746.898
2024-10-25T20:00:00Z,2475.35,2496.13,2380.63,2440.10,993027.586
2024-10-26T00:00:00Z,2440.10,2458.09,2429.34,2451.39,379004.666
2024-10-26T04:00:00Z,2451.39,2479.12,2450.41,2464.71,257309.912
2024-10-26T08:00:00Z,2464.72,2478.37,2462.43,2472.18,172929.174
2024-10-26T12:00:00Z,2472.18,2478.00,2441.68,2456.87,329895.650
2024-10-26T16:00:00Z,2456.86,2487.71,2454.60,2486.15,222831.390
2024-10-26T20:00:00Z,2486.14,2507.10,2481.06,2482.04,208171.055
2024-10-27T00:00:00Z,2482.04,2484.43,2468.16,2483.73,135416.036
2024-10-27T04:00:00Z,2483.73,2486.16,2477.05,2480.08,86561.214
2024-10-27T08:00:00Z,2480.07,2483.53,2462.86,2468.93,157470.359
2024-10-27T12:00:00Z,2468.92,2505.00,2468.81,2501.10,321645.936
2024-10-27T16:00:00Z,2501.10,2511.00,2485.01,2493.89,215621.684
2024-10-27T20:00:00Z,2493.90,2527.25,2490.00,2507.22,204453.983
2024-10-28T00:00:00Z,2507.21,2511.67,2470.41,2476.76,250293.489
2024-10-28T04:00:00Z,2476.76,2526.21,2472.31,2511.11,364147.211
2024-10-28T08:00:00Z,2511.11,2545.00,2504.22,2526.53,460581.189
2024-10-28T12:00:00Z,2526.54,2535.88,2497.50,2500.30,683976.748
2024-10-28T16:00:00Z,2500.29,2523.97,2485.00,2503.77,580743.514
2024-10-28T20:00:00Z,2518.92,2590.78,2516.54,2566.49,559286.798
2024-10-29T00:00:00Z,2566.48,2631.78,2560.30,2607.57,648007.625
2024-10-29T04:00:00Z,2607.58,2626.33,2607.36,2613.10,287400.920
2024-10-29T08:00:00Z,2613.09,2638.67,2612.47,2631.08,297625.164
2024-10-29T12:00:00Z,2631.07,2651.10,2610.93,2648.12,579747.559
2024-10-29T16:00:00Z,2648.11,2681.83,2621.25,2624.40,779809.288
2024-10-29T20:00:00Z,2624.43,2648.81,2606.23,2639.28,418834.724
2024-10-30T00:00:00Z,2639.28,2653.00,2599.90,2642.46,444643.595
2024-10-30T04:00:00Z,2642.46,2686.27,2637.04,2669.43,425918.229
2024-10-30T08:00:00Z,2669.43,2698.00,2657.53,2659.91,604740.468
2024-10-30T12:00:00Z,2659.92,2724.65,2653.69,2683.59,1073961.347
2024-10-30T16:00:00Z,2683.59,2696.90,2653.37,2655.31,426990.843
2024-10-30T20:00:00Z,2655.34,2688.12,2634.03,2659.36,526897.311
2024-10-31T00:00:00Z,2659.35,2669.74,2637.00,2657.59,266493.816
2024-10-31T04:00:00Z,2657.59,2658.56,2631.81,2647.05,267709.839
2024-10-31T08:00:00Z,2647.05,2649.00,2625.35,2638.78,355169.037
2024-10-31T12:00:00Z,2638.78,2641.43,2540.87,2562.89,1233431.122
2024-10-31T16:00:00Z,2562.89,2564.04,2506.00,2514.31,730521.615
2024-10-31T20:00:00Z,2514.30,2528.66,2502.50,2518.37,351877.401
2024-11-01T00:00:00Z,2518.37,2533.00,2467.30,2503.26,679047.172
2024-11-01T04:00:00Z,2503.26,2516.67,2485.32,2504.14,318919.333
2024-11-01T08:00:00Z,2504.13,2526.26,2493.67,2515.84,349226.054
2024-11-01T12:00:00Z,2515.85,2587.86,2481.44,2500.03,1238644.807
2024-11-01T16:00:00Z,2500.03,2538.99,2495.10,2514.72,607874.854
2024-11-01T20:00:00Z,2514.71,2528.00,2486.00,2511.57,257310.417
2024-11-02T00:00:00Z,2511.57,2523.80,2500.60,2506.58,152923.817
2024-11-02T04:00:00Z,2506.58,2513.79,2498.86,2507.20,117939.020
2024-11-02T08:00:00Z,2507.20,2510.18,2491.00,2501.81,185147.427
2024-11-02T12:00:00Z,2501.81,2504.17,2467.10,2488.18,527425.734
2024-11-02T16:00:00Z,2488.18,2497.25,2478.76,2492.73,151586.117
2024-11-02T20:00:00Z,2492.73,2497.49,2484.37,2493.61,78712.220
2024-11-03T00:00:00Z,2493.61,2496.21,2420.63,2448.96,669678.742
2024-11-03T04:00:00Z,2448.97,2463.62,2440.48,2449.72,245499.369
2024-11-03T08:00:00Z,2449.73,2462.91,2443.67,2454.31,532652.566
2024-11-03T12:00:00Z,2454.31,2460.19,2412.67,2442.20,630526.936
2024-11-03T16:00:00Z,2442.19,2459.85,2410.35,2452.77,545173.771
2024-11-03T20:00:00Z,2452.76,2475.00,2446.71,2457.29,304247.710
2024-11-04T00:00:00Z,2457.30,2491.00,2434.13,2473.28,342377.413
2024-11-04T04:00:00Z,2473.28,2482.02,2456.48,2458.89,220587.661
2024-11-04T08:00:00Z,2458.90,2477.81,2446.35,2469.96,274516.862
2024-11-04T12:00:00Z,2469.97,2485.55,2430.70,2441.96,462477.405
2024-11-04T16:00:00Z,2441.96,2445.81,2405.10,2430.06,664031.990
2024-11-04T20:00:00Z,2430.06,2431.69,2356.00,2397.37,719427.660
2024-11-05T00:00:00Z,2397.36,2421.06,2379.48,2419.73,391393.331
2024-11-05T04:00:00Z,2419.73,2444.79,2416.22,2442.32,279206.676
2024-11-05T08:00:00Z,2442.33,2447.31,2429.18,2439.88,209175.726
2024-11-05T12:00:00Z,2439.88,2479.60,2426.00,2440.22,793472.320
2024-11-05T16:00:00Z,2440.22,2474.97,2400.23,2407.30,571046.163
2024-11-05T20:00:00Z,2407.30,2439.36,2400.33,2421.42,313565.015
2024-11-06T00:00:00Z,2421.41,2637.32,2419.20,2579.04,1719228.341
2024-11-06T04:00:00Z,2579.04,2644.77,2560.56,2595.40,1390084.744
2024-11-06T08:00:00Z,2595.40,2638.58,2572.40,2629.83,796878.826
2024-11-06T12:00:00Z,2629.83,2668.00,2607.00,2634.28,1049142.620
2024-11-06T16:00:00Z,2634.28,2687.80,2633.65,2687.74,550241.400
2024-11-06T20:00:00Z,2687.74,2746.02,2669.44,2722.49,735366.339
2024-11-07T00:00:00Z,2722.50,2882.56,2700.31,2854.18,1554628.013
2024-11-07T04:00:00Z,2854.18,2856.72,2781.10,2821.63,780454.679
2024-11-07T08:00:00Z,2821.63,2832.84,2789.61,2792.99,465021.392
2024-11-07T12:00:00Z,2793.00,2850.52,2772.38,2848.14,784043.202
2024-11-07T16:00:00Z,2848.14,2895.66,2824.55,2885.99,970406.530
2024-11-07T20:00:00Z,2886.00,2916.56,2864.23,2895.76,653144.490
2024-11-08T00:00:00Z,2895.76,2956.99,2886.47,2902.92,758323.764
2024-11-08T04:00:00Z,2902.91,2924.75,2892.61,2912.94,329719.844
2024-11-08T08:00:00Z,2912.93,2933.00,2893.63,2915.27,353474.909
2024-11-08T12:00:00Z,2915.27,2958.00,2903.25,2937.59,933210.749
2024-11-08T16:00:00Z,2937.60,2982.75,2890.04,2950.00,1057140.536
2024-11-08T20:00:00Z,2950.00,2975.88,2915.13,2962.12,438297.206
2024-11-09T00:00:00Z,2962.12,2996.00,2954.63,2965.50,488317.141
2024-11-09T04:00:00Z,2965.51,3059.91,2954.10,3030.60,947886.456
2024-11-09T08:00:00Z,3030.61,3056.59,3021.51,3051.53,404047.268
2024-11-09T12:00:00Z,3051.53,3054.40,3028.01,3041.01,356927.531
2024-11-09T16:00:00Z,3041.00,3099.58,2990.01,3070.70,838701.060
2024-11-09T20:00:00Z,3070.71,3158.66,3066.00,3127.03,637437.788
2024-11-10T00:00:00Z,3127.02,3153.33,3104.08,3135.27,571808.307
2024-11-10T04:00:00Z,3135.26,3220.00,3130.50,3187.08,1168958.966
2024-11-10T08:00:00Z,3187.08,3236.14,3168.00,3223.12,709368.351
2024-11-10T12:00:00Z,3223.12,3241.00,3170.56,3212.17,767656.726
2024-11-10T16:00:00Z,3212.17,3252.28,3150.50,3164.99,1036160.433
2024-11-10T20:00:00Z,3164.99,3228.99,3073.86,3185.19,1361576.101
2024-11-11T00:00:00Z,3185.19,3224.91,3172.87,3197.12,519839.859
2024-11-11T04:00:00Z,3197.11,3199.38,3107.15,3141.58,694289.674
2024-11-11T08:00:00Z,3141.59,3214.69,3133.36,3199.92,602899.320
2024-11-11T12:00:00Z,3199.93,3265.12,3140.58,3240.64,1586358.802
2024-11-11T16:00:00Z,3240.63,3349.58,3236.26,3301.56,1538073.179
2024-11-11T20:00:00Z,3301.55,3392.06,3281.37,3375.02,1306089.166
2024-11-12T00:00:00Z,3375.02,3378.18,3250.01,3340.71,1205136.743
2024-11-12T04:00:00Z,3340.66,3399.32,3320.39,3372.03,825571.281
2024-11-12T08:00:00Z,3372.02,3449.00,3214.00,3285.43,2164439.715
2024-11-12T12:00:00Z,3285.43,3300.02,3211.54,3263.40,1411226.170
2024-11-12T16:00:00Z,3263.40,3306.00,3211.15,3275.36,820322.948
2024-11-12T20:00:00Z,3275.36,3307.23,3237.21,3245.98,472263.636
2024-11-13T00:00:00Z,3245.99,3288.73,3205.34,3210.61,771645.291
2024-11-13T04:00:00Z,3210.61,3233.40,3120.00,3162.99,1009905.626
2024-11-13T08:00:00Z,3163.00,3193.79,3144.17,3169.66,547655.734
2024-11-13T12:00:00Z,3169.66,3331.20,3153.84,3312.05,1559585.182
2024-11-13T16:00:00Z,3312.05,3335.00,3156.00,3160.21,1290160.898
2024-11-13T20:00:00Z,3160.20,3199.77,3120.00,3188.90,766680.156
2024-11-14T00:00:00Z,3188.90,3229.91,3164.87,3219.56,523753.058
2024-11-14T04:00:00Z,3219.56,3242.31,3175.61,3219.66,493497.268
2024-11-14T08:00:00Z,3219.65,3232.97,3156.00,3187.09,577369.465
2024-11-14T12:00:00Z,3187.08,3200.88,3057.14,3079.25,1213915.278
2024-11-14T16:00:00Z,3079.24,3184.10,3072.52,3147.72,705419.059
2024-11-14T20:00:00Z,3147.72,3147.72,3031.60,3061.03,663432.671
2024-11-15T00:00:00Z,3061.04,3095.31,3035.74,3084.85,420595.070
2024-11-15T04:00:00Z,3084.84,3084.84,3016.11,3041.19,518447.528
2024-11-15T08:00:00Z,3041.19,3116.32,3023.21,3105.91,535088.111
2024-11-15T12:00:00Z,3105.91,3133.68,3016.50,3025.07,936647.762
2024-11-15T16:00:00Z,3025.07,3063.00,3016.87,3042.01,547490.977
2024-11-15T20:00:00Z,3042.02,3122.99,3040.60,3091.75,559274.916
2024-11-16T00:00:00Z,3091.75,3159.30,3073.47,3156.49,351461.454
2024-11-16T04:00:00Z,3156.49,3167.20,3103.00,3108.59,326688.118
2024-11-16T08:00:00Z,3108.59,3197.70,3105.05,3197.38,459764.842
2024-11-16T12:00:00Z,3197.38,3222.69,3121.11,3143.18,858459.268
2024-11-16T16:00:00Z,3143.18,3186.81,3130.30,3170.89,300107.468
2024-11-16T20:00:00Z,3170.89,3176.92,3123.04,3134.72,220841.586
2024-11-17T00:00:00Z,3134.71,3155.88,3035.00,3081.83,623321.687
2024-11-17T04:00:00Z,3081.82,3149.98,3077.25,3139.22,505068.696
2024-11-17T08:00:00Z,3139.22,3164.80,3100.47,3107.80,525122.334
2024-11-17T12:00:00Z,3107.80,3129.23,3068.07,3088.25,518743.740
2024-11-17T16:00:00Z,3088.26,3117.77,3073.25,3100.31,372411.962
2024-11-17T20:00:00Z,3100.31,3109.67,3043.38,3078.09,458681.890
2024-11-18T00:00:00Z,3078.09,3127.00,3071.37,3114.72,381216.664
2024-11-18T04:00:00Z,3114.73,3153.15,3098.05,3133.35,376978.201
2024-11-18T08:00:00Z,3133.36,3143.55,3051.50,3058.16,627900.859
2024-11-18T12:00:00Z,3058.17,3160.60,3053.35,3146.14,951239.299
2024-11-18T16:00:00Z,3146.13,3205.00,3091.96,3129.30,1097719.163
2024-11-18T20:00:00Z,3129.30,3228.00,3124.47,3210.48,705470.183
2024-11-19T00:00:00Z,3210.48,3224.83,3144.32,3150.89,522517.475
2024-11-19T04:00:00Z,3150.89,3161.92,3110.31,3120.42,373891.708
2024-11-19T08:00:00Z,3120.42,3132.43,3093.01,3128.58,385846.472
2024-11-19T12:00:00Z,3128.57,3152.53,3076.95,3106.73,795152.341
2024-11-19T16:00:00Z,3106.73,3148.00,3101.66,3124.59,477920.871
2024-11-19T20:00:00Z,3124.60,3134.00,3066.40,3109.34,508508.788
2024-11-20T00:00:00Z,3109.33,3134.89,3073.56,3098.66,375846.349
2024-11-20T04:00:00Z,3098.66,3117.73,3089.91,3111.12,219086.104
2024-11-20T08:00:00Z,3111.04,3137.58,3085.12,3101.80,389812.318
2024-11-20T12:00:00Z,3101.79,3162.25,3083.24,3131.99,895043.982
2024-11-20T16:00:00Z,3131.98,3137.47,3030.50,3059.75,944651.691
2024-11-20T20:00:00Z,3059.75,3095.07,3046.06,3071.05,318764.502
2024-11-21T00:00:00Z,3071.05,3103.38,3033.32,3083.25,544247.692
2024-11-21T04:00:00Z,3083.25,3145.92,3081.79,3139.11,808060.054
2024-11-21T08:00:00Z,3139.12,3157.69,3120.14,3150.01,490089.141
2024-11-21T12:00:00Z,3150.01,3374.92,3148.52,3279.20,2805568.309
2024-11-21T16:00:00Z,3279.21,3389.99,3279.06,3349.99,954330.715
2024-11-21T20:00:00Z,3349.99,3382.26,3336.90,3358.42,391455.349
2024-11-22T00:00:00Z,3358.69,3384.88,3307.03,3368.66,623541.200
2024-11-22T04:00:00Z,3368.67,3429.99,3357.01,3365.66,698924.945
2024-11-22T08:00:00Z,3365.65,3387.06,3313.62,3346.99,562121.610
2024-11-22T12:00:00Z,3347.00,3359.93,3260.42,3316.37,1099244.017
2024-11-22T16:00:00Z,3316.36,3324.21,3266.61,3284.79,531897.715
2024-11-22T20:00:00Z,3284.79,3332.83,3275.07,3330.05,314649.912
2024-11-23T00:00:00Z,3330.04,3368.48,3315.28,3348.88,559736.462
2024-11-23T04:00:00Z,3348.88,3365.00,3329.04,3344.31,359369.853
2024-11-23T08:00:00Z,3344.32,3407.96,3339.01,3357.31,601462.322
2024-11-23T12:00:00Z,3357.30,3498.94,3351.00,3463.13,1310527.660
2024-11-23T16:00:00Z,3463.13,3473.64,3381.00,3410.21,899214.666
2024-11-23T20:00:00Z,3410.21,3430.61,3381.51,3396.33,361341.319
2024-11-24T00:00:00Z,3396.32,3453.00,3391.30,3430.00,352333.527
2024-11-24T04:00:00Z,3430.00,3435.18,3400.00,3424.99,300790.122
2024-11-24T08:00:00Z,3424.99,3431.62,3340.56,3346.71,638700.132
2024-11-24T12:00:00Z,3346.72,3360.22,3282.48,3297.13,1119642.834
2024-11-24T16:00:00Z,3297.12,3336.77,3290.00,3328.55,388750.158
2024-11-24T20:00:00Z,3328.55,3374.00,3323.44,3362.98,319293.445
2024-11-25T00:00:00Z,3362.98,3373.00,3301.96,3364.64,414863.153
2024-11-25T04:00:00Z,3364.63,3422.45,3363.24,3401.65,432026.341
2024-11-25T08:00:00Z,3401.66,3531.93,3398.82,3475.22,1103545.009
2024-11-25T12:00:00Z,3475.22,3541.99,3351.00,3521.26,2107604.560
2024-11-25T16:00:00Z,3521.18,3549.91,3423.56,3467.01,1263688.052
2024-11-25T20:00:00Z,3467.02,3507.98,3366.31,3416.92,921112.230
2024-11-26T00:00:00Z,3416.91,3464.95,3397.80,3436.47,595390.137
2024-11-26T04:00:00Z,3436.47,3445.65,3384.02,3396.98,485467.447
2024-11-26T08:00:00Z,3396.98,3399.82,3282.00,3325.18,1276175.192
2024-11-26T12:00:00Z,3325.17,3365.00,3292.01,3298.07,954248.863
2024-11-26T16:00:00Z,3298.08,3339.86,3254.19,3303.07,864628.799
2024-11-26T20:00:00Z,3303.07,3347.34,3291.12,3327.17,419765.039
2024-11-27T00:00:00Z,3327.17,3374.78,3305.00,3362.60,492762.535
2024-11-27T04:00:00Z,3362.60,3448.43,3361.02,3426.06,772811.419
2024-11-27T08:00:00Z,3426.06,3488.56,3404.16,3463.00,633670.010
2024-11-27T12:00:00Z,3462.99,3575.61,3443.51,3555.07,1199383.688
2024-11-27T16:00:00Z,3555.07,3615.38,3535.45,3592.00,859641.291
2024-11-27T20:00:00Z,3592.00,3688.00,3590.38,3655.88,797146.823
2024-11-28T00:00:00Z,3655.89,3664.31,3563.33,3601.12,672037.376
2024-11-28T04:00:00Z,3601.12,3621.27,3568.68,3594.60,457987.820
2024-11-28T08:00:00Z,3594.60,3641.20,3576.79,3622.84,594402.593
2024-11-28T12:00:00Z,3622.84,3644.30,3537.30,3543.41,960495.966
2024-11-28T16:00:00Z,3543.41,3587.08,3531.00,3577.18,375047.866
2024-11-28T20:00:00Z,3577.18,3602.25,3551.95,3581.58,270730.605
2024-11-29T00:00:00Z,3581.58,3605.00,3551.63,3585.86,350285.783
2024-11-29T04:00:00Z,3585.86,3598.48,3535.52,3547.59,422933.712
2024-11-29T08:00:00Z,3547.58,3602.30,3547.58,3596.63,328563.235
2024-11-29T12:00:00Z,3596.64,3649.28,3575.02,3615.21,745589.678
2024-11-29T16:00:00Z,3615.21,3621.97,3561.27,3584.92,496791.003
2024-11-29T20:00:00Z,3584.93,3606.41,3577.22,3594.50,201813.581
2024-11-30T00:00:00Z,3594.51,3664.28,3570.20,3660.11,564183.056
2024-11-30T04:00:00Z,3660.11,3730.00,3637.15,3705.64,753802.014
2024-11-30T08:00:00Z,3705.64,3720.98,3629.96,3656.05,532089.682
2024-11-30T12:00:00Z,3656.04,3688.23,3654.00,3676.60,337620.110
2024-11-30T16:00:00Z,3676.60,3700.00,3660.00,3692.00,263000.051
2024-11-30T20:00:00Z,3692.00,3742.18,3689.15,3705.73,416075.826
2024-12-01T00:00:00Z,3705.74,3734.12,3661.35,3709.49,646624.159
2024-12-01T04:00:00Z,3709.49,3720.00,3682.43,3705.05,243565.115
2024-12-01T08:00:00Z,3705.05,3720.00,3677.38,3694.14,297213.421
2024-12-01T12:00:00Z,3694.13,3750.67,3680.50,3731.00,481894.268
2024-12-01T16:00:00Z,3730.99,3747.21,3695.22,3710.73,369809.799
2024-12-01T20:00:00Z,3710.72,3739.99,3681.11,3711.24,419345.944
2024-12-02T00:00:00Z,3711.22,3766.00,3675.01,3687.84,762454.715
2024-12-02T04:00:00Z,3687.83,3711.83,3650.03,3669.25,761037.464
2024-12-02T08:00:00Z,3669.26,3675.75,3572.35,3592.21,1022016.654
2024-12-02T12:00:00Z,3592.21,3683.00,3585.50,3674.54,832145.809
2024-12-02T16:00:00Z,3674.54,3684.61,3557.61,3614.79,887825.360
2024-12-02T20:00:00Z,3614.79,3647.57,3600.64,3646.26,343788.919
2024-12-03T00:00:00Z,3646.26,3661.93,3611.00,3641.93,409536.168
2024-12-03T04:00:00Z,3641.94,3673.90,3602.32,3619.54,465964.787
2024-12-03T08:00:00Z,3619.54,3638.45,3587.77,3616.19,465635.821
2024-12-03T12:00:00Z,3616.19,3620.88,3502.01,3574.23,1396479.116
2024-12-03T16:00:00Z,3574.19,3597.27,3540.67,3579.27,464228.780
2024-12-03T20:00:00Z,3579.27,3637.09,3576.86,3616.82,425299.045
2024-12-04T00:00:00Z,3616.83,3711.80,3616.82,3664.90,982375.168
2024-12-04T04:00:00Z,3664.90,3724.77,3663.18,3717.79,464029.945
2024-12-04T08:00:00Z,3717.79,3754.05,3699.00,3731.00,645245.800
2024-12-04T12:00:00Z,3731.01,3858.19,3690.46,3824.39,1554082.531
2024-12-04T16:00:00Z,3824.38,3846.69,3736.01,3843.36,1247329.924
2024-12-04T20:00:00Z,3843.36,3891.00,3823.42,3840.75,816266.057
2024-12-05T00:00:00Z,3840.74,3912.00,3769.75,3836.78,1420023.502
2024-12-05T04:00:00Z,3836.78,3884.65,3822.42,3853.65,629590.133
2024-12-05T08:00:00Z,3853.66,3948.00,3853.65,3934.35,913654.757
2024-12-05T12:00:00Z,3934.35,3960.00,3862.37,3890.78,923821.851
2024-12-05T16:00:00Z,3890.78,3930.00,3823.00,3833.94,800497.914
2024-12-05T20:00:00Z,3833.93,3864.60,3615.00,3787.31,1519811.247
2024-12-06T00:00:00Z,3787.30,3917.80,3780.00,3909.82,754463.199
2024-12-06T04:00:00Z,3909.83,3932.96,3875.35,3896.50,417228.430
2024-12-06T08:00:00Z,3896.50,3913.33,3846.42,3869.74,507123.703
2024-12-06T12:00:00Z,3869.74,4046.00,3835.36,3996.28,1615715.684
2024-12-06T16:00:00Z,3996.29,4078.23,3983.38,4071.00,782760.302
2024-12-06T20:00:00Z,4071.00,4092.83,3990.92,4001.75,567835.525
2024-12-07T00:00:00Z,4001.75,4027.82,3972.24,3990.20,374025.767
2024-12-07T04:00:00Z,3990.21,4006.41,3970.00,3989.09,257825.459
2024-12-07T08:00:00Z,3989.09,4012.50,3976.29,4001.26,236615.208
2024-12-07T12:00:00Z,4001.27,4012.25,3979.01,4007.66,276002.526
2024-12-07T16:00:00Z,4007.66,4023.83,3989.16,4015.46,241670.811
2024-12-07T20:00:00Z,4015.45,4028.69,3995.26,3999.79,163437.223
2024-12-08T00:00:00Z,3999.80,4012.38,3986.90,3992.36,136686.918
2024-12-08T04:00:00Z,3992.35,3998.90,3960.93,3983.19,291019.411
2024-12-08T08:00:00Z,3983.18,3984.61,3926.00,3974.40,482110.117
2024-12-08T12:00:00Z,3974.39,4006.98,3958.05,3993.92,414731.427
2024-12-08T16:00:00Z,3993.92,4003.00,3966.68,3992.57,230176.135
2024-12-08T20:00:00Z,3992.57,4019.57,3978.05,4007.30,232948.119
2024-12-09T00:00:00Z,4007.31,4010.67,3906.13,3932.53,552951.022
2024-12-09T04:00:00Z,3932.53,3951.00,3883.00,3920.50,582557.139
2024-12-09T08:00:00Z,3920.51,3923.02,3845.00,3853.68,662816.859
2024-12-09T12:00:00Z,3853.68,3947.74,3805.02,3826.42,1136093.805
2024-12-09T16:00:00Z,3826.43,3869.36,3785.00,3797.28,735875.350
2024-12-09T20:00:00Z,3797.28,3806.72,3475.00,3712.55,2871796.874
2024-12-10T00:00:00Z,3712.55,3781.29,3616.00,3682.99,1142978.659
2024-12-10T04:00:00Z,3683.00,3744.00,3637.61,3734.50,493339.353
2024-12-10T08:00:00Z,3734.51,3774.00,3713.52,3750.39,389017.248
2024-12-10T12:00:00Z,3750.39,3754.79,3554.46,3568.08,1634815.264
2024-12-10T16:00:00Z,3568.12,3635.31,3512.71,3629.01,1551344.758
2024-12-10T20:00:00Z,3629.00,3673.26,3612.18,3628.40,463087.910
2024-12-11T00:00:00Z,3628.41,3669.60,3562.65,3665.28,578967.665
2024-12-11T04:00:00Z,3665.29,3681.62,3646.61,3652.17,266943.816
2024-12-11T08:00:00Z,3652.16,3727.50,3651.00,3716.09,380831.145
2024-12-11T12:00:00Z,3716.10,3820.00,3706.72,3786.75,915066.690
2024-12-11T16:00:00Z,3786.76,3813.10,3752.48,3802.39,532241.528
2024-12-11T20:00:00Z,3802.39,3846.95,3801.42,3830.44,333707.645
2024-12-12T00:00:00Z,3830.44,3947.62,3795.25,3933.77,644713.544
2024-12-12T04:00:00Z,3933.76,3945.00,3893.00,3904.58,530415.085
2024-12-12T08:00:00Z,3904.58,3937.31,3890.25,3912.73,464751.213
2024-12-12T12:00:00Z,3912.74,3986.94,3912.73,3956.90,1048585.891
2024-12-12T16:00:00Z,3956.91,3985.30,3853.19,3870.59,799337.145
2024-12-12T20:00:00Z,3870.58,3901.33,3835.00,3880.52,449431.655
2024-12-13T00:00:00Z,3880.52,3940.00,3851.80,3931.36,441979.861
2024-12-13T04:00:00Z,3931.35,3935.05,3870.00,3884.58,374986.604
2024-12-13T08:00:00Z,3884.57,3923.40,3870.85,3900.40,329660.784
2024-12-13T12:00:00Z,3900.40,3967.96,3877.34,3884.71,696278.409
2024-12-13T16:00:00Z,3884.71,3946.42,3879.00,3916.99,465010.090
2024-12-13T20:00:00Z,3917.00,3934.97,3889.46,3905.60,207101.259
2024-12-14T00:00:00Z,3905.59,3944.99,3894.06,3909.55,330718.227
2024-12-14T04:00:00Z,3909.55,3934.94,3904.99,3920.31,148881.404
2024-12-14T08:00:00Z,3920.30,3930.74,3885.00,3893.27,213184.409
2024-12-14T12:00:00Z,3893.26,3897.60,3845.18,3887.21,499094.188
2024-12-14T16:00:00Z,3887.20,3896.88,3824.02,3857.74,439481.341
2024-12-14T20:00:00Z,3857.74,3877.00,3822.37,3868.60,262470.027
2024-12-15T00:00:00Z,3868.60,3894.03,3854.80,3873.07,185845.678
2024-12-15T04:00:00Z,3873.07,3912.87,3829.00,3843.44,346344.287
2024-12-15T08:00:00Z,3843.45,3877.19,3835.10,3876.11,202952.909
2024-12-15T12:00:00Z,3876.10,3909.09,3867.12,3893.42,340076.855
2024-12-15T16:00:00Z,3893.42,3918.63,3885.00,3902.12,228462.157
2024-12-15T20:00:00Z,3902.12,3973.67,3842.20,3958.50,627075.719
2024-12-16T00:00:00Z,3958.50,4024.86,3927.15,3941.52,787314.461
2024-12-16T04:00:00Z,3941.51,3982.80,3935.05,3973.15,276988.608
2024-12-16T08:00:00Z,3973.15,3975.29,3901.00,3909.09,447854.041
2024-12-16T12:00:00Z,3909.10,3958.84,3882.22,3940.17,772982.721
2024-12-16T16:00:00Z,3940.17,4109.99,3938.05,4056.99,1404414.099
2024-12-16T20:00:00Z,4057.00,4072.77,3978.13,3984.76,501428.597
2024-12-17T00:00:00Z,3984.76,4039.99,3942.00,4033.25,516754.073
2024-12-17T04:00:00Z,4033.25,4033.68,3981.31,3993.05,394211.701
2024-12-17T08:00:00Z,3993.05,4030.93,3988.02,3996.02,328135.695
2024-12-17T12:00:00Z,3996.01,4024.70,3913.75,3937.43,962170.238
2024-12-17T16:00:00Z,3937.42,3983.41,3915.11,3943.28,533413.254
2024-12-17T20:00:00Z,3943.27,3951.92,3844.59,3890.81,635635.475
2024-12-18T00:00:00Z,3890.81,3901.67,3832.02,3848.54,543220.640
2024-12-18T04:00:00Z,3848.55,3861.56,3802.35,3845.40,544117.917
2024-12-18T08:00:00Z,3845.41,3885.83,3840.36,3880.88,305979.813
2024-12-18T12:00:00Z,3880.88,3889.82,3823.01,3866.62,522716.980
2024-12-18T16:00:00Z,3866.63,3908.00,3767.22,3768.82,742164.983
2024-12-18T20:00:00Z,3768.77,3784.80,3615.01,3625.40,1782252.794
2024-12-19T00:00:00Z,3625.41,3671.82,3540.00,3667.16,1184175.871
2024-12-19T04:00:00Z,3667.16,3695.00,3651.43,3691.53,323267.226
2024-12-19T08:00:00Z,3691.52,3718.47,3662.79,3703.73,415867.788
2024-12-19T12:00:00Z,3703.74,3708.36,3571.12,3612.46,1009683.849
2024-12-19T16:00:00Z,3612.46,3635.90,3372.01,3438.97,2757564.637
2024-12-19T20:00:00Z,3438.98,3464.77,3322.20,3416.70,1339821.511
2024-12-20T00:00:00Z,3416.69,3464.98,3369.41,3413.41,718077.647
2024-12-20T04:00:00Z,3413.40,3430.59,3327.03,3389.67,854621.739
2024-12-20T08:00:00Z,3389.67,3390.45,3100.50,3104.32,2829813.580
2024-12-20T12:00:00Z,3103.99,3395.00,3100.00,3373.32,2118046.938
2024-12-20T16:00:00Z,3373.33,3496.54,3365.28,3478.11,917919.600
2024-12-20T20:00:00Z,3478.10,3487.99,3391.22,3470.88,531576.161
2024-12-21T00:00:00Z,3470.88,3489.98,3442.41,3466.82,283161.822
2024-12-21T04:00:00Z,3466.81,3553.76,3459.80,3521.65,534662.120
2024-12-21T08:00:00Z,3521.65,3525.78,3422.06,3440.95,637873.601
2024-12-21T12:00:00Z,3440.96,3442.89,3344.19,3389.12,899982.747
2024-12-21T16:00:00Z,3389.12,3401.16,3325.22,3359.41,583301.594
2024-12-21T20:00:00Z,3359.40,3388.37,3291.03,3337.60,465629.351
2024-12-22T00:00:00Z,3337.61,3373.47,3317.49,3354.59,402099.391
2024-12-22T04:00:00Z,3354.58,3360.25,3293.52,3331.31,376654.863
2024-12-22T08:00:00Z,3331.31,3402.08,3330.02,3379.62,354728.435
2024-12-22T12:00:00Z,3379.62,3396.58,3273.00,3300.95,738025.743
2024-12-22T16:00:00Z,3300.95,3337.70,3236.11,3246.09,522406.843
2024-12-22T20:00:00Z,3246.09,3309.56,3219.59,3280.80,572283.781
2024-12-23T00:00:00Z,3280.81,3355.71,3214.81,3349.68,768162.525
2024-12-23T04:00:00Z,3349.68,3362.68,3258.00,3303.34,505023.483
2024-12-23T08:00:00Z,3303.33,3354.00,3291.76,3338.10,384172.024
2024-12-23T12:00:00Z,3338.11,3359.98,3267.04,3276.20,854162.597
2024-12-23T16:00:00Z,3276.01,3383.84,3270.00,3337.27,826718.591
2024-12-23T20:00:00Z,3337.27,3465.75,3328.15,3420.74,624219.153
2024-12-24T00:00:00Z,3420.75,3425.67,3356.01,3395.65,402886.226
2024-12-24T04:00:00Z,3395.66,3433.99,3383.49,3399.92,307276.454
2024-12-24T08:00:00Z,3399.91,3415.41,3384.03,3412.50,251673.381
2024-12-24T12:00:00Z,3412.50,3509.50,3393.10,3491.57,726844.336
2024-12-24T16:00:00Z,3491.58,3539.40,3463.24,3463.90,585712.279
2024-12-24T20:00:00Z,3463.90,3504.22,3430.00,3491.97,330874.795
2024-12-25T00:00:00Z,3491.98,3495.00,3456.21,3476.87,254911.709
2024-12-25T04:00:00Z,3476.88,3509.08,3468.00,3487.66,185178.031
2024-12-25T08:00:00Z,3487.65,3547.01,3462.56,3469.63,462168.864
2024-12-25T12:00:00Z,3469.63,3499.75,3455.08,3471.59,333412.579
2024-12-25T16:00:00Z,3471.58,3487.73,3439.00,3480.19,265585.694
2024-12-25T20:00:00Z,3480.18,3498.90,3448.32,3495.72,194013.365
2024-12-26T00:00:00Z,3495.73,3514.32,3448.00,3454.03,282142.954
2024-12-26T04:00:00Z,3454.03,3454.04,3415.00,3420.84,348782.139
2024-12-26T08:00:00Z,3420.84,3424.37,3345.00,3371.83,649791.286
2024-12-26T12:00:00Z,3371.83,3372.72,3326.00,3342.32,483895.064
2024-12-26T16:00:00Z,3342.32,3363.93,3311.26,3338.54,424673.407
2024-12-26T20:00:00Z,3338.54,3349.39,3302.73,3333.15,332773.998
2024-12-27T00:00:00Z,3333.15,3387.39,3315.37,3377.48,347450.929
2024-12-27T04:00:00Z,3377.48,3397.92,3315.04,3324.04,439930.539
2024-12-27T08:00:00Z,3324.04,3444.00,3324.04,3417.42,722833.578
2024-12-27T12:00:00Z,3417.40,3422.00,3306.00,3325.01,632241.644
2024-12-27T16:00:00Z,3325.00,3365.98,3306.46,3353.88,470258.083
2024-12-27T20:00:00Z,3353.87,3354.74,3308.08,3332.09,238404.076
2024-12-28T00:00:00Z,3332.10,3352.45,3320.92,3344.13,189646.910
2024-12-28T04:00:00Z,3344.12,3362.00,3331.50,3334.08,142882.003
2024-12-28T08:00:00Z,3334.08,3362.75,3331.73,3358.07,154592.699
2024-12-28T12:00:00Z,3358.06,3394.99,3349.44,3366.70,315754.327
2024-12-28T16:00:00Z,3366.71,3412.35,3364.32,3399.30,197523.510
2024-12-28T20:00:00Z,3399.30,3427.50,3388.10,3402.54,144577.009
2024-12-29T00:00:00Z,3402.53,3405.36,3373.99,3381.42,178398.857
2024-12-29T04:00:00Z,3381.42,3406.38,3378.34,3405.61,138761.281
2024-12-29T08:00:00Z,3405.60,3413.00,3388.54,3397.00,137242.664
2024-12-29T12:00:00Z,3396.99,3409.97,3352.84,3372.00,347762.681
2024-12-29T16:00:00Z,3372.01,3375.17,3344.20,3361.65,220959.572
2024-12-29T20:00:00Z,3361.64,3367.53,3324.63,3355.46,310396.017
2024-12-30T00:00:00Z,3355.46,3436.86,3346.07,3402.89,460566.034
2024-12-30T04:00:00Z,3402.89,3432.00,3387.39,3426.39,268775.659
2024-12-30T08:00:00Z,3426.38,3433.88,3393.58,3423.48,242383.737
2024-12-30T12:00:00Z,3423.49,3429.90,3302.20,3323.49,926222.216
2024-12-30T16:00:00Z,3323.49,3408.52,3316.55,3401.70,530949.533
2024-12-30T20:00:00Z,3401.70,3419.34,3307.44,3360.11,524945.048
2024-12-31T00:00:00Z,3360.10,3363.67,3313.96,3339.12,283705.110
2024-12-31T04:00:00Z,3339.13,3362.47,3326.96,3352.59,162299.536
2024-12-31T08:00:00Z,3352.60,3409.31,3351.53,3394.00,317759.238
2024-12-31T12:00:00Z,3394.00,3452.00,3391.96,3412.58,561368.277
2024-12-31T16:00:00Z,3412.59,3416.91,3328.27,3354.68,553693.306
2024-12-31T20:00:00Z,3354.68,3364.69,3327.07,3336.57,214420.964
2025-01-01T00:00:00Z,3336.58,3368.02,3334.76,3354.34,174527.965
2025-01-01T04:00:00Z,3354.35,3355.77,3335.46,3345.84,142619.663
2025-01-01T08:00:00Z,3345.83,3348.00,3312.62,3340.06,283676.062
2025-01-01T12:00:00Z,3340.06,3359.09,3327.00,3352.07,258804.255
2025-01-01T16:00:00Z,3352.06,3364.30,3321.11,3356.23,219892.779
2025-01-01T20:00:00Z,3356.21,3374.14,3351.00,3359.36,191759.116
2025-01-02T00:00:00Z,3359.35,3405.00,3353.50,3388.00,298784.114
2025-01-02T04:00:00Z,3388.01,3427.70,3387.40,3419.69,300874.409
2025-01-02T08:00:00Z,3419.70,3476.17,3414.18,3470.57,402906.955
2025-01-02T12:00:00Z,3470.58,3511.14,3439.57,3462.76,744897.911
2025-01-02T16:00:00Z,3462.75,3488.87,3428.00,3462.32,452605.787
2025-01-02T20:00:00Z,3462.32,3474.90,3420.00,3454.83,210011.105
2025-01-03T00:00:00Z,3454.83,3476.48,3442.10,3469.33,237589.606
2025-01-03T04:00:00Z,3469.33,3470.10,3431.01,3432.62,224937.145
2025-01-03T08:00:00Z,3432.62,3466.54,3421.56,3464.73,235019.049
2025-01-03T12:00:00Z,3464.74,3578.19,3460.00,3564.32,826976.603
2025-01-03T16:00:00Z,3564.32,3630.00,3564.31,3621.91,690547.819
2025-01-03T20:00:00Z,3621.90,3623.21,3594.22,3607.89,275757.552
2025-01-04T00:00:00Z,3607.90,3619.90,3581.44,3597.19,202783.463
2025-01-04T04:00:00Z,3597.19,3609.83,3583.11,3593.04,158721.532
2025-01-04T08:00:00Z,3593.05,3609.54,3570.66,3601.16,262095.459
2025-01-04T12:00:00Z,3601.17,3664.00,3589.54,3606.44,649965.775
2025-01-04T16:00:00Z,3606.44,3643.73,3600.30,3629.91,219313.517
2025-01-04T20:00:00Z,3629.92,3670.00,3629.91,3655.99,236302.857
2025-01-05T00:00:00Z,3655.98,3674.71,3627.77,3636.61,178497.371
2025-01-05T04:00:00Z,3636.61,3648.09,3626.83,3630.38,109673.226
2025-01-05T08:00:00Z,3630.37,3632.10,3602.08,3612.56,259595.339
2025-01-05T12:00:00Z,3612.56,3637.79,3592.14,3628.45,343813.853
2025-01-05T16:00:00Z,3628.45,3647.42,3611.25,3636.92,212145.933
2025-01-05T20:00:00Z,3636.91,3656.29,3627.33,3634.96,166347.983
2025-01-06T00:00:00Z,3634.96,3684.25,3609.00,3663.93,439461.924
2025-01-06T04:00:00Z,3663.93,3698.00,3640.84,3649.39,340687.514
2025-01-06T08:00:00Z,3649.39,3663.08,3631.34,3653.71,246668.531
2025-01-06T12:00:00Z,3653.71,3714.00,3620.74,3712.99,809441.740
2025-01-06T16:00:00Z,3712.99,3744.28,3653.88,3686.47,648021.032
2025-01-06T20:00:00Z,3686.46,3702.99,3665.38,3685.72,201781.217
2025-01-07T00:00:00Z,3685.72,3700.31,3661.97,3681.49,200582.524
2025-01-07T04:00:00Z,3681.49,3685.53,3657.40,3666.61,147741.475
2025-01-07T08:00:00Z,3666.61,3678.52,3625.00,3638.55,322768.190
2025-01-07T12:00:00Z,3638.55,3644.90,3409.00,3461.21,1785243.892
2025-01-07T16:00:00Z,3461.21,3490.89,3363.00,3384.36,1071232.073
2025-01-07T20:00:00Z,3384.36,3412.82,3353.59,3379.38,535089.353
2025-01-08T00:00:00Z,3379.37,3413.55,3340.01,3359.32,460814.225
2025-01-08T04:00:00Z,3359.33,3372.62,3306.01,3353.19,663845.618
2025-01-08T08:00:00Z,3353.19,3376.54,3321.60,3348.50,475095.283
2025-01-08T12:00:00Z,3348.50,3384.90,3331.00,3346.00,620307.901
2025-01-08T16:00:00Z,3346.00,3347.07,3206.54,3279.47,1432501.970
2025-01-08T20:00:00Z,3279.46,3333.65,3265.00,3325.38,306693.700
2025-01-09T00:00:00Z,3325.38,3355.85,3305.52,3323.60,410830.923
2025-01-09T04:00:00Z,3323.60,3342.40,3280.64,3288.18,347192.790
2025-01-09T08:00:00Z,3288.17,3326.88,3264.77,3300.35,509098.417
2025-01-09T12:00:00Z,3300.34,3337.64,3208.34,3318.79,960677.736
2025-01-09T16:00:00Z,3318.80,3326.39,3180.80,3193.65,796218.361
2025-01-09T20:00:00Z,3193.66,3238.44,3156.00,3218.24,615844.420
2025-01-10T00:00:00Z,3218.24,3259.24,3212.62,3253.05,268734.137
2025-01-10T04:00:00Z,3253.05,3312.55,3241.12,3294.65,376479.570
2025-01-10T08:00:00Z,3294.65,3320.00,3286.36,3309.74,281295.657
2025-01-10T12:00:00Z,3309.75,3315.96,3193.43,3243.70,1260730.298
2025-01-10T16:00:00Z,3243.69,3323.00,3230.18,3293.80,597122.705
2025-01-10T20:00:00Z,3293.80,3293.80,3255.19,3265.52,176432.213
2025-01-11T00:00:00Z,3265.51,3268.98,3230.01,3235.98,180637.121
2025-01-11T04:00:00Z,3235.98,3249.50,3223.56,3234.66,152866.022
2025-01-11T08:00:00Z,3234.66,3279.68,3217.36,3272.70,317779.465
2025-01-11T12:00:00Z,3272.69,3282.50,3256.97,3270.07,187501.190
2025-01-11T16:00:00Z,3270.06,3283.17,3257.54,3277.47,141999.883
2025-01-11T20:00:00Z,3277.46,3319.30,3274.61,3281.84,202024.150
2025-01-12T00:00:00Z,3281.85,3290.35,3273.00,3285.27,98733.386
2025-01-12T04:00:00Z,3285.27,3288.61,3262.00,3265.74,119890.329
2025-01-12T08:00:00Z,3265.73,3270.60,3222.40,3251.78,372994.428
2025-01-12T12:00:00Z,3251.78,3294.91,3246.51,3284.39,322335.734
2025-01-12T16:00:00Z,3284.39,3299.00,3267.23,3279.12,189826.451
2025-01-12T20:00:00Z,3279.11,3288.57,3232.58,3265.70,245076.152
2025-01-13T00:00:00Z,3265.70,3338.32,3234.01,3241.14,753425.342
2025-01-13T04:00:00Z,3241.14,3259.77,3179.49,3200.53,526464.971
2025-01-13T08:00:00Z,3200.54,3205.00,3055.00,3056.82,1253297.471
2025-01-13T12:00:00Z,3056.81,3090.30,2900.00,3047.37,2183311.581
2025-01-13T16:00:00Z,3047.38,3058.80,2985.00,3023.97,803120.658
2025-01-13T20:00:00Z,3023.96,3142.28,3010.27,3136.14,587100.307
2025-01-14T00:00:00Z,3136.13,3174.23,3123.47,3157.58,360723.860
2025-01-14T04:00:00Z,3157.58,3189.00,3156.00,3170.39,309052.916
2025-01-14T08:00:00Z,3170.39,3255.84,3168.02,3216.22,611908.825
2025-01-14T12:00:00Z,3216.21,3232.99,3177.23,3197.87,773056.996
2025-01-14T16:00:00Z,3197.87,3235.00,3171.02,3212.80,431259.957
2025-01-14T20:00:00Z,3212.79,3239.46,3193.02,3223.99,228402.810
2025-01-15T00:00:00Z,3223.99,3244.15,3203.40,3239.99,295811.449
2025-01-15T04:00:00Z,3239.99,3251.69,3213.55,3231.30,282172.228
2025-01-15T08:00:00Z,3231.30,3247.64,3185.33,3198.40,371300.983
2025-01-15T12:00:00Z,3198.41,3353.00,3185.09,3332.95,1142496.701
2025-01-15T16:00:00Z,3332.96,3442.08,3322.83,3433.76,715985.660
2025-01-15T20:00:00Z,3433.76,3472.93,3416.75,3449.80,484145.747
2025-01-16T00:00:00Z,3449.81,3458.99,3343.76,3362.10,514376.981
2025-01-16T04:00:00Z,3362.10,3389.89,3360.22,3382.42,227268.453
2025-01-16T08:00:00Z,3382.42,3384.00,3297.70,3349.75,693450.315
2025-01-16T12:00:00Z,3349.75,3364.06,3263.06,3332.00,967866.641
2025-01-16T16:00:00Z,3331.99,3365.00,3308.33,3343.36,472465.913
2025-01-16T20:00:00Z,3343.35,3352.77,3266.30,3306.94,383329.444
2025-01-17T00:00:00Z,3306.93,3396.65,3306.41,3360.00,554376.405
2025-01-17T04:00:00Z,3359.99,3389.11,3346.44,3371.36,273122.050
2025-01-17T08:00:00Z,3371.37,3438.23,3370.83,3422.11,436415.184
2025-01-17T12:00:00Z,3422.11,3450.00,3390.00,3420.44,661244.494
2025-01-17T16:00:00Z,3420.44,3447.99,3406.00,3431.12,437664.723
2025-01-17T20:00:00Z,3431.12,3524.85,3424.14,3472.38,665873.616
2025-01-18T00:00:00Z,3472.38,3492.95,3366.34,3382.79,489900.418
2025-01-18T04:00:00Z,3382.79,3394.62,3280.00,3286.42,931828.883
2025-01-18T08:00:00Z,3286.42,3323.74,3225.65,3310.54,1041662.209
2025-01-18T12:00:00Z,3310.54,3346.99,3272.72,3305.99,766603.486
2025-01-18T16:00:00Z,3305.99,3316.19,3246.72,3289.09,600054.463
2025-01-18T20:00:00Z,3289.09,3320.97,3256.64,3306.70,260627.044
2025-01-19T00:00:00Z,3306.71,3377.70,3297.70,3334.96,499968.097
2025-01-19T04:00:00Z,3334.96,3337.31,3258.17,3275.02,552398.945
2025-01-19T08:00:00Z,3275.02,3277.15,3129.63,3149.69,1233719.333
2025-01-19T12:00:00Z,3149.70,3425.99,3144.07,3383.66,2009905.192
2025-01-19T16:00:00Z,3383.66,3449.77,3377.56,3419.84,656060.000
2025-01-19T20:00:00Z,3419.84,3432.98,3155.00,3214.15,1975076.538
2025-01-20T00:00:00Z,3214.16,3280.00,3141.25,3271.38,1213420.668
2025-01-20T04:00:00Z,3271.38,3455.76,3249.33,3383.33,1230989.383
2025-01-20T08:00:00Z,3383.33,3412.90,3333.99,3375.67,763237.745
2025-01-20T12:00:00Z,3375.68,3379.75,3255.00,3335.93,1212001.007
2025-01-20T16:00:00Z,3335.95,3391.39,3200.00,3342.93,1742868.973
2025-01-20T20:00:00Z,3342.95,3344.32,3255.01,3283.20,447017.078
2025-01-21T00:00:00Z,3283.21,3289.47,3203.50,3262.23,632698.994
2025-01-21T04:00:00Z,3262.24,3266.04,3210.09,3254.01,416201.919
2025-01-21T08:00:00Z,3254.01,3313.29,3233.34,3304.39,425362.906
2025-01-21T12:00:00Z,3304.40,3334.98,3263.55,3294.15,681178.837
2025-01-21T16:00:00Z,3294.15,3367.95,3289.18,3331.74,583369.502
2025-01-21T20:00:00Z,3331.74,3346.66,3301.00,3326.72,294744.237
2025-01-22T00:00:00Z,3326.71,3365.97,3320.00,3330.48,283691.573
2025-01-22T04:00:00Z,3330.48,3339.40,3285.82,3286.90,236504.831
2025-01-22T08:00:00Z,3286.91,3329.52,3272.50,3325.53,275117.852
2025-01-22T12:00:00Z,3325.52,3331.72,3266.01,3277.48,533789.749
2025-01-22T16:00:00Z,3277.47,3291.39,3237.01,3261.51,393415.014
2025-01-22T20:00:00Z,3261.51,3276.25,3220.82,3242.00,301551.844
2025-01-23T00:00:00Z,3241.99,3261.10,3202.62,3225.99,341233.190
2025-01-23T04:00:00Z,3226.06,3232.43,3177.00,3232.07,325135.376
2025-01-23T08:00:00Z,3232.08,3232.43,3187.20,3212.79,275126.134
2025-01-23T12:00:00Z,3212.79,3286.00,3188.53,3258.50,893550.014
2025-01-23T16:00:00Z,3258.51,3296.99,3192.63,3203.48,656087.372
2025-01-23T20:00:00Z,3203.48,3347.70,3195.51,3337.88,1044575.104
2025-01-24T00:00:00Z,3337.87,3349.75,3273.94,3301.20,456796.456
2025-01-24T04:00:00Z,3301.20,3420.74,3291.14,3380.58,668059.392
2025-01-24T08:00:00Z,3380.59,3416.00,3374.61,3398.68,334090.503
2025-01-24T12:00:00Z,3398.67,3429.99,3353.54,3382.62,619533.812
2025-01-24T16:00:00Z,3382.61,3408.51,3362.94,3367.25,390516.557
2025-01-24T20:00:00Z,3367.26,3377.56,3302.01,3308.62,444001.208
2025-01-25T00:00:00Z,3308.61,3324.18,3266.53,3318.00,353236.079
2025-01-25T04:00:00Z,3318.01,3318.59,3281.70,3289.78,195084.834
2025-01-25T08:00:00Z,3289.79,3310.60,3270.00,3305.50,233267.509
2025-01-25T12:00:00Z,3305.51,3343.83,3292.36,3332.87,286347.313
2025-01-25T16:00:00Z,3332.88,3348.84,3328.70,3338.72,197427.132
2025-01-25T20:00:00Z,3338.71,3349.80,3313.11,3317.91,148362.778
2025-01-26T00:00:00Z,3317.91,3349.38,3312.37,3337.47,161804.423
2025-01-26T04:00:00Z,3337.46,3363.00,3328.41,3337.52,169148.270
2025-01-26T08:00:00Z,3337.52,3342.41,3290.68,3310.45,293992.118
2025-01-26T12:00:00Z,3310.45,3319.94,3295.48,3313.61,180972.317
2025-01-26T16:00:00Z,3313.61,3344.26,3305.65,3337.51,237997.087
2025-01-26T20:00:00Z,3337.51,3341.34,3226.57,3230.50,550724.677
2025-01-27T00:00:00Z,3230.50,3253.19,3158.87,3182.11,774992.104
2025-01-27T04:00:00Z,3182.11,3182.11,3020.17,3069.13,1248919.676
2025-01-27T08:00:00Z,3069.12,3089.00,3032.40,3057.48,609488.084
2025-01-27T12:00:00Z,3057.49,3150.81,3051.96,3132.04,958372.141
2025-01-27T16:00:00Z,3132.04,3132.04,3043.53,3074.88,627107.500
2025-01-27T20:00:00Z,3074.87,3238.00,3071.78,3180.99,720115.775
2025-01-28T00:00:00Z,3181.00,3217.00,3150.26,3201.47,380872.154
2025-01-28T04:00:00Z,3201.47,3221.98,3187.51,3194.62,282992.631
2025-01-28T08:00:00Z,3194.63,3206.71,3175.00,3185.21,247037.689
2025-01-28T12:00:00Z,3185.21,3215.79,3154.28,3180.15,460464.952
2025-01-28T16:00:00Z,3180.15,3181.81,3120.10,3146.55,517181.364
2025-01-28T20:00:00Z,3146.54,3154.34,3038.00,3075.96,703024.749
2025-01-29T00:00:00Z,3075.96,3131.71,3075.18,3129.10,302685.525
2025-01-29T04:00:00Z,3129.10,3158.79,3115.00,3155.64,264201.741
2025-01-29T08:00:00Z,3155.65,3163.39,3117.53,3133.63,251892.396
2025-01-29T12:00:00Z,3133.64,3138.95,3078.93,3099.69,506099.966
2025-01-29T16:00:00Z,3099.68,3153.92,3052.88,3125.08,884382.592
2025-01-29T20:00:00Z,3125.08,3180.93,3088.74,3112.55,654204.389
2025-01-30T00:00:00Z,3112.54,3202.68,3089.00,3200.30,432169.163
2025-01-30T04:00:00Z,3200.29,3214.85,3177.00,3189.54,339248.953
2025-01-30T08:00:00Z,3189.55,3228.99,3180.00,3221.16,304385.435
2025-01-30T12:00:00Z,3221.16,3279.99,3207.86,3254.39,720323.171
2025-01-30T16:00:00Z,3254.40,3282.60,3246.04,3270.07,340497.132
2025-01-30T20:00:00Z,3270.08,3271.83,3225.25,3245.86,338753.720
2025-01-31T00:00:00Z,3245.86,3279.72,3219.75,3229.54,343126.650
2025-01-31T04:00:00Z,3229.54,3276.65,3212.31,3239.99,356318.684
2025-01-31T08:00:00Z,3240.00,3337.77,3232.05,3334.22,608633.085
2025-01-31T12:00:00Z,3334.22,3427.80,3324.00,3426.21,1036268.528
2025-01-31T16:00:00Z,3426.21,3436.39,3292.16,3337.30,1178257.863
2025-01-31T20:00:00Z,3337.31,3337.31,3277.01,3299.50,607680.104
2025-02-01T00:00:00Z,3299.50,3330.82,3281.82,3291.01,310073.857
2025-02-01T04:00:00Z,3291.02,3305.87,3271.00,3278.99,233707.755
2025-02-01T08:00:00Z,3279.00,3285.48,3222.31,3250.54,525352.596
2025-02-01T12:00:00Z,3250.54,3272.00,3227.00,3249.40,357170.055
2025-02-01T16:00:00Z,3249.40,3266.00,3177.07,3195.18,491784.016
2025-02-01T20:00:00Z,3195.18,3196.06,3100.67,3116.22,715520.433
2025-02-02T00:00:00Z,3116.23,3161.86,3066.83,3076.48,617731.577
2025-02-02T04:00:00Z,3076.48,3138.20,3072.84,3099.88,487613.548
2025-02-02T08:00:00Z,3099.87,3122.99,3050.00,3063.49,565024.864
2025-02-02T12:00:00Z,3063.50,3100.36,3049.01,3079.48,585822.041
2025-02-02T16:00:00Z,3079.48,3080.38,2889.97,2957.76,2183867.866
2025-02-02T20:00:00Z,2957.76,2987.32,2736.01,2868.05,1948736.206
2025-02-03T00:00:00Z,2868.06,2871.80,2080.19,2525.33,5243093.308
2025-02-03T04:00:00Z,2525.36,2629.91,2445.31,2619.27,1475372.405
2025-02-03T08:00:00Z,2619.27,2619.58,2523.56,2579.43,1468837.515
2025-02-03T12:00:00Z,2579.43,2725.80,2526.68,2698.75,2625991.935
2025-02-03T16:00:00Z,2698.75,2768.87,2665.06,2762.26,1277480.193
2025-02-03T20:00:00Z,2762.39,2919.34,2693.62,2878.69,1512965.282
2025-02-04T00:00:00Z,2878.68,2888.80,2791.03,2809.42,644590.349
2025-02-04T04:00:00Z,2809.42,2835.75,2661.22,2702.36,1415418.108
2025-02-04T08:00:00Z,2702.36,2787.83,2675.28,2756.95,821336.139
2025-02-04T12:00:00Z,2756.95,2844.68,2727.04,2775.60,1382312.445
2025-02-04T16:00:00Z,2775.61,2868.30,2762.17,2768.85,938987.688
2025-02-04T20:00:00Z,2769.01,2792.93,2630.50,2730.03,1391126.310
2025-02-05T00:00:00Z,2730.06,2771.58,2697.95,2718.95,567330.366
2025-02-05T04:00:00Z,2718.93,2787.23,2707.14,2758.17,639824.530
2025-02-05T08:00:00Z,2758.17,2817.98,2745.04,2798.58,613566.253
2025-02-05T12:00:00Z,2798.59,2827.98,2756.07,2772.12,751510.470
2025-02-05T16:00:00Z,2772.11,2787.34,2713.05,2774.50,912187.088
2025-02-05T20:00:00Z,2774.50,2802.64,2736.29,2787.00,580471.841
2025-02-06T00:00:00Z,2787.00,2818.45,2753.65,2805.17,430202.488
2025-02-06T04:00:00Z,2805.18,2854.95,2804.76,2830.41,374849.388
2025-02-06T08:00:00Z,2830.40,2857.43,2790.72,2802.02,554419.090
2025-02-06T12:00:00Z,2802.02,2805.84,2680.32,2704.25,1060374.119
2025-02-06T16:00:00Z,2704.26,2726.09,2668.03,2689.00,788662.933
2025-02-06T20:00:00Z,2688.91,2724.48,2650.00,2685.25,469014.336
2025-02-07T00:00:00Z,2685.26,2738.99,2678.00,2714.46,398087.059
2025-02-07T04:00:00Z,2714.47,2730.56,2666.70,2711.63,422940.897
2025-02-07T08:00:00Z,2711.63,2763.88,2703.69,2761.34,367396.576
2025-02-07T12:00:00Z,2761.34,2796.12,2707.66,2720.33,1224803.892
2025-02-07T16:00:00Z,2720.34,2728.83,2654.17,2657.82,755885.503
2025-02-07T20:00:00Z,2657.81,2660.79,2560.68,2620.66,900566.348
2025-02-08T00:00:00Z,2620.66,2667.15,2614.22,2640.62,441432.361
2025-02-08T04:00:00Z,2640.62,2647.90,2592.72,2628.33,415632.693
2025-02-08T08:00:00Z,2628.33,2631.68,2600.33,2612.09,271229.988
2025-02-08T12:00:00Z,2612.10,2635.68,2587.05,2604.06,371087.348
2025-02-08T16:00:00Z,2604.06,2648.83,2588.43,2636.16,305316.541
2025-02-08T20:00:00Z,2636.16,2644.33,2621.98,2630.99,137861.995
2025-02-09T00:00:00Z,2630.99,2698.00,2625.35,2677.16,354609.467
2025-02-09T04:00:00Z,2677.12,2677.88,2648.00,2661.30,187350.750
2025-02-09T08:00:00Z,2661.30,2672.41,2650.11,2653.88,184436.257
2025-02-09T12:00:00Z,2653.88,2660.90,2610.00,2651.91,487954.855
2025-02-09T16:00:00Z,2651.92,2665.78,2615.41,2622.71,268252.294
2025-02-09T20:00:00Z,2622.70,2649.80,2518.12,2626.07,999519.554
2025-02-10T00:00:00Z,2626.07,2657.73,2556.91,2624.72,760481.765
2025-02-10T04:00:00Z,2624.72,2659.92,2617.19,2636.00,309901.964
2025-02-10T08:00:00Z,2636.00,2661.12,2633.42,2652.25,321598.039
2025-02-10T12:00:00Z,2652.24,2685.65,2630.00,2657.31,659874.396
2025-02-10T16:00:00Z,2657.31,2692.99,2648.66,2670.87,465184.993
2025-02-10T20:00:00Z,2670.87,2685.44,2650.10,2659.99,193602.296
2025-02-11T00:00:00Z,2659.99,2724.49,2659.36,2677.71,502164.189
2025-02-11T04:00:00Z,2677.71,2723.99,2675.00,2710.68,411348.141
2025-02-11T08:00:00Z,2710.67,2720.54,2690.00,2707.32,353774.378
2025-02-11T12:00:00Z,2707.31,2709.05,2624.11,2661.16,793420.929
2025-02-11T16:00:00Z,2661.16,2669.69,2580.83,2588.46,697247.970
2025-02-11T20:00:00Z,2588.45,2630.69,2552.88,2601.03,588378.347
2025-02-12T00:00:00Z,2601.03,2623.40,2566.90,2586.01,371405.566
2025-02-12T04:00:00Z,2586.00,2622.69,2575.97,2617.27,299794.613
2025-02-12T08:00:00Z,2617.26,2638.86,2609.07,2625.94,436799.675
2025-02-12T12:00:00Z,2625.95,2664.68,2542.21,2605.99,1508857.466
2025-02-12T16:00:00Z,2606.00,2682.87,2582.00,2677.17,787210.757
2025-02-12T20:00:00Z,2677.17,2794.99,2668.28,2737.14,895653.816
2025-02-13T00:00:00Z,2737.14,2756.51,2714.83,2743.54,341314.086
2025-02-13T04:00:00Z,2743.54,2745.02,2670.50,2680.13,472519.965
2025-02-13T08:00:00Z,2680.12,2687.60,2649.40,2654.70,476981.002
2025-02-13T12:00:00Z,2654.70,2677.83,2612.08,2646.27,823485.526
2025-02-13T16:00:00Z,2646.28,2661.23,2610.72,2639.75,500471.287
2025-02-13T20:00:00Z,2639.75,2678.92,2639.15,2674.52,249732.351
2025-02-14T00:00:00Z,2674.52,2720.70,2662.97,2714.00,334566.337
2025-02-14T04:00:00Z,2713.99,2715.31,2688.02,2698.00,218681.226
2025-02-14T08:00:00Z,2698.01,2715.76,2681.08,2684.00,331889.308
2025-02-14T12:00:00Z,2684.00,2746.60,2676.33,2733.34,666728.627
2025-02-14T16:00:00Z,2733.35,2791.00,2708.25,2736.68,737787.400
2025-02-14T20:00:00Z,2736.69,2750.00,2704.23,2724.74,423033.093
2025-02-15T00:00:00Z,2724.75,2738.00,2702.45,2723.21,210787.647
2025-02-15T04:00:00Z,2723.20,2732.73,2692.20,2696.37,219093.998
2025-02-15T08:00:00Z,2696.36,2713.82,2694.12,2706.91,187621.713
2025-02-15T12:00:00Z,2706.91,2712.99,2655.31,2689.86,340735.238
2025-02-15T16:00:00Z,2689.85,2707.49,2677.35,2690.40,197199.114
2025-02-15T20:00:00Z,2690.41,2703.40,2677.48,2691.73,131141.803
2025-02-16T00:00:00Z,2691.74,2705.00,2686.00,2697.89,130959.091
2025-02-16T04:00:00Z,2697.90,2726.27,2689.12,2694.39,244267.196
2025-02-16T08:00:00Z,2694.39,2711.87,2688.00,2709.75,211456.532
2025-02-16T12:00:00Z,2709.75,2711.45,2674.61,2692.96,310708.628
2025-02-16T16:00:00Z,2692.96,2702.70,2658.00,2682.28,297187.350
2025-02-16T20:00:00Z,2682.28,2688.53,2643.75,2660.00,300164.793
2025-02-17T00:00:00Z,2660.01,2683.20,2655.91,2670.83,202667.845
2025-02-17T04:00:00Z,2670.83,2694.76,2632.81,2680.47,431187.175
2025-02-17T08:00:00Z,2680.48,2773.93,2675.39,2753.93,839651.322
2025-02-17T12:00:00Z,2753.94,2848.76,2745.00,2754.74,1310627.917
2025-02-17T16:00:00Z,2754.73,2764.28,2685.48,2716.38,966284.750
2025-02-17T20:00:00Z,2716.37,2777.20,2714.95,2743.00,364073.160
2025-02-18T00:00:00Z,2742.99,2755.85,2706.09,2710.75,360308.454
2025-02-18T04:00:00Z,2710.75,2716.86,2650.31,2671.01,638482.338
2025-02-18T08:00:00Z,2671.00,2705.45,2651.42,2678.14,473428.864
2025-02-18T12:00:00Z,2678.13,2731.74,2656.84,2672.38,768086.902
2025-02-18T16:00:00Z,2672.38,2683.82,2604.18,2628.80,953451.105
2025-02-18T20:00:00Z,2628.87,2671.00,2616.88,2670.57,385829.819
2025-02-19T00:00:00Z,2670.56,2699.12,2654.82,2692.94,332333.658
2025-02-19T04:00:00Z,2692.95,2716.62,2663.00,2707.00,411993.917
2025-02-19T08:00:00Z,2707.00,2736.12,2703.20,2725.99,434409.489
2025-02-19T12:00:00Z,2726.00,2730.62,2675.79,2695.59,608006.541
2025-02-19T16:00:00Z,2695.59,2723.49,2693.19,2710.81,351325.943
2025-02-19T20:00:00Z,2710.81,2735.00,2704.66,2714.06,266494.933
2025-02-20T00:00:00Z,2714.06,2750.00,2708.21,2740.22,345072.582
2025-02-20T04:00:00Z,2740.36,2758.53,2721.00,2728.88,295516.074
2025-02-20T08:00:00Z,2728.87,2746.00,2723.72,2739.35,210223.414
2025-02-20T12:00:00Z,2739.36,2770.50,2706.00,2711.25,747277.331
2025-02-20T16:00:00Z,2711.24,2767.57,2705.64,2746.43,538281.000
2025-02-20T20:00:00Z,2746.43,2759.96,2720.71,2736.87,227283.901
2025-02-21T00:00:00Z,2736.86,2748.76,2724.15,2743.15,211134.832
2025-02-21T04:00:00Z,2743.16,2768.93,2743.15,2754.99,241653.963
2025-02-21T08:00:00Z,2754.99,2830.88,2746.55,2787.20,791277.979
2025-02-21T12:00:00Z,2787.20,2845.00,2666.15,2722.25,2090338.609
2025-02-21T16:00:00Z,2722.25,2768.24,2624.24,2638.47,1959737.591
2025-02-21T20:00:00Z,2638.48,2662.13,2614.76,2660.85,708165.039
2025-02-22T00:00:00Z,2660.86,2687.44,2651.24,2673.91,404571.336
2025-02-22T04:00:00Z,2673.91,2696.29,2671.37,2682.80,234189.080
2025-02-22T08:00:00Z,2682.81,2753.06,2675.16,2731.91,646805.563
2025-02-22T12:00:00Z,2731.91,2785.00,2720.76,2774.62,501060.788
2025-02-22T16:00:00Z,2774.61,2797.21,2755.55,2769.12,549846.776
2025-02-22T20:00:00Z,2769.13,2777.30,2758.00,2762.01,169198.152
2025-02-23T00:00:00Z,2762.00,2774.60,2743.62,2751.68,268591.647
2025-02-23T04:00:00Z,2751.68,2828.50,2745.11,2823.64,614485.451
2025-02-23T08:00:00Z,2823.64,2831.00,2781.18,2796.42,557163.560
2025-02-23T12:00:00Z,2796.42,2826.11,2771.85,2781.75,733998.490
2025-02-23T16:00:00Z,2781.76,2823.24,2781.04,2806.77,407157.966
2025-02-23T20:00:00Z,2806.76,2860.90,2783.74,2818.54,523608.593
2025-02-24T00:00:00Z,2818.54,2839.00,2710.00,2716.56,876127.626
2025-02-24T04:00:00Z,2716.57,2734.68,2691.07,2720.41,724480.767
2025-02-24T08:00:00Z,2720.42,2721.01,2662.00,2688.69,913050.519
2025-02-24T12:00:00Z,2688.69,2695.75,2633.51,2657.59,1041831.876
2025-02-24T16:00:00Z,2657.59,2681.61,2621.00,2640.21,667869.312
2025-02-24T20:00:00Z,2640.21,2662.71,2466.34,2512.27,1667804.361
2025-02-25T00:00:00Z,2512.26,2529.40,2456.75,2493.83,1265913.627
2025-02-25T04:00:00Z,2493.84,2511.85,2287.13,2366.83,2062087.137
2025-02-25T08:00:00Z,2366.83,2438.25,2355.36,2432.39,1661065.475
2025-02-25T12:00:00Z,2432.38,2448.00,2360.65,2408.99,1513088.709
2025-02-25T16:00:00Z,2409.00,2472.47,2382.39,2470.47,996057.215
2025-02-25T20:00:00Z,2470.46,2532.89,2456.15,2494.45,708371.505
2025-02-26T00:00:00Z,2494.46,2506.45,2470.33,2489.78,440793.245
2025-02-26T04:00:00Z,2489.78,2505.76,2473.99,2482.67,385082.229
2025-02-26T08:00:00Z,2482.66,2494.62,2456.66,2463.71,492758.787
2025-02-26T12:00:00Z,2463.71,2465.93,2368.29,2427.70,1600654.670
2025-02-26T16:00:00Z,2427.70,2433.50,2264.00,2295.46,2309818.829
2025-02-26T20:00:00Z,2295.45,2382.77,2252.78,2335.33,1367061.718
2025-02-27T00:00:00Z,2335.34,2370.36,2314.66,2331.01,588327.102
2025-02-27T04:00:00Z,2331.00,2373.16,2302.01,2355.38,653206.286
2025-02-27T08:00:00Z,2355.38,2381.44,2342.20,2352.76,572537.511
2025-02-27T12:00:00Z,2352.77,2361.53,2289.67,2322.32,1062078.129
2025-02-27T16:00:00Z,2322.32,2336.96,2277.00,2291.20,752813.632
2025-02-27T20:00:00Z,2291.20,2310.97,2229.00,2306.66,945125.104
2025-02-28T00:00:00Z,2306.65,2313.24,2122.18,2146.41,2628166.564
2025-02-28T04:00:00Z,2146.42,2155.86,2070.00,2104.89,2150017.597
2025-02-28T08:00:00Z,2104.88,2151.06,2074.61,2124.47,1268381.598
2025-02-28T12:00:00Z,2124.44,2227.77,2103.80,2221.64,1829509.223
2025-02-28T16:00:00Z,2221.64,2255.40,2192.56,2229.34,995160.674
2025-02-28T20:00:00Z,2229.41,2238.66,2197.35,2236.59,440740.088
2025-03-01T00:00:00Z,2236.59,2274.34,2211.79,2261.69,551747.784
2025-03-01T04:00:00Z,2261.60,2279.75,2223.20,2228.15,503160.301
2025-03-01T08:00:00Z,2228.15,2238.77,2170.20,2183.28,657196.417
2025-03-01T12:00:00Z,2183.28,2186.60,2141.17,2172.34,765659.699
2025-03-01T16:00:00Z,2172.34,2233.69,2168.17,2222.13,571970.677
2025-03-01T20:00:00Z,2222.12,2234.99,2190.00,2216.60,423229.171
2025-03-02T00:00:00Z,2216.59,2230.34,2200.11,2219.40,407301.301
2025-03-02T04:00:00Z,2219.39,2234.77,2217.10,2220.24,345510.503
2025-03-02T08:00:00Z,2220.23,2260.61,2206.65,2237.75,593418.306
2025-03-02T12:00:00Z,2237.76,2290.63,2170.09,2229.02,1794409.963
2025-03-02T16:00:00Z,2229.02,2519.99,2211.68,2485.01,4096799.268
2025-03-02T20:00:00Z,2485.00,2550.00,2478.76,2517.12,947758.141
2025-03-03T00:00:00Z,2517.12,2522.84,2417.60,2440.19,892611.631
2025-03-03T04:00:00Z,2440.19,2457.08,2351.67,2385.85,887675.086
2025-03-03T08:00:00Z,2385.85,2386.99,2321.00,2355.23,839464.496
2025-03-03T12:00:00Z,2355.22,2388.44,2265.84,2286.33,1683642.522
2025-03-03T16:00:00Z,2286.32,2295.88,2094.76,2108.27,2251411.477
2025-03-03T20:00:00Z,2108.28,2172.71,2095.12,2148.22,1211305.911
2025-03-04T00:00:00Z,2148.21,2166.21,2001.09,2073.55,2168558.257
2025-03-04T04:00:00Z,2073.55,2121.32,2067.28,2079.67,848604.318
2025-03-04T08:00:00Z,2079.67,2117.44,2069.43,2100.37,666827.865
2025-03-04T12:00:00Z,2100.37,2158.19,2024.50,2073.79,2297228.441
2025-03-04T16:00:00Z,2073.78,2174.00,1979.99,2171.68,2048958.980
2025-03-04T20:00:00Z,2171.67,2221.77,2125.60,2170.51,1120998.341
2025-03-05T00:00:00Z,2170.51,2192.00,2153.70,2159.70,531658.427
2025-03-05T04:00:00Z,2159.72,2212.29,2156.93,2206.02,447278.913
2025-03-05T08:00:00Z,2206.02,2272.94,2203.50,2216.60,1185649.613
2025-03-05T12:00:00Z,2216.60,2232.00,2165.30,2185.61,1168834.985
2025-03-05T16:00:00Z,2185.61,2221.89,2160.47,2217.28,882382.102
2025-03-05T20:00:00Z,2217.27,2252.20,2212.67,2240.45,411150.942
2025-03-06T00:00:00Z,2240.44,2295.42,2232.16,2288.79,724542.535
2025-03-06T04:00:00Z,2288.79,2318.99,2274.04,2285.21,562450.777
2025-03-06T08:00:00Z,2285.20,2304.93,2275.37,2296.74,460802.030
2025-03-06T12:00:00Z,2296.73,2297.81,2206.32,2256.41,1267404.932
2025-03-06T16:00:00Z,2256.42,2264.58,2175.50,2197.12,984967.948
2025-03-06T20:00:00Z,2197.12,2229.29,2190.20,2201.34,574262.700
2025-03-07T00:00:00Z,2201.33,2226.45,2100.75,2147.21,1636759.522
2025-03-07T04:00:00Z,2147.20,2192.84,2143.41,2191.52,423307.920
2025-03-07T08:00:00Z,2191.51,2209.94,2176.05,2196.69,449966.192
2025-03-07T12:00:00Z,2196.70,2259.34,2164.37,2208.94,1570428.712
2025-03-07T16:00:00Z,2208.95,2214.85,2139.83,2177.47,1126569.666
2025-03-07T20:00:00Z,2177.45,2186.21,2113.10,2140.72,918643.527
2025-03-08T00:00:00Z,2140.72,2155.37,2103.07,2137.07,462918.836
2025-03-08T04:00:00Z,2137.07,2152.03,2130.42,2136.65,223761.421
2025-03-08T08:00:00Z,2136.65,2142.50,2125.40,2140.89,267587.246
2025-03-08T12:00:00Z,2140.89,2198.00,2136.84,2180.41,708942.492
2025-03-08T16:00:00Z,2180.41,2234.40,2160.20,2223.73,719441.763
2025-03-08T20:00:00Z,2223.73,2225.15,2192.41,2202.84,284414.377
2025-03-09T00:00:00Z,2202.83,2211.27,2175.01,2184.82,290717.702
2025-03-09T04:00:00Z,2184.83,2196.28,2170.83,2184.07,245984.608
2025-03-09T08:00:00Z,2184.07,2187.00,2127.02,2145.63,559864.638
2025-03-09T12:00:00Z,2145.62,2146.06,2082.00,2095.86,908028.788
2025-03-09T16:00:00Z,2095.85,2108.30,1995.83,2039.34,1900789.828
2025-03-09T20:00:00Z,2039.34,2055.64,1986.80,2019.20,887774.385
2025-03-10T00:00:00Z,2019.34,2069.81,1993.54,2056.82,803400.818
2025-03-10T04:00:00Z,2056.82,2078.55,2053.18,2074.20,361538.902
2025-03-10T08:00:00Z,2074.20,2152.99,2046.75,2127.13,1466697.783
2025-03-10T12:00:00Z,2127.13,2134.93,1995.47,2016.99,1987585.288
2025-03-10T16:00:00Z,2016.99,2024.29,1807.75,1868.66,3576857.634
2025-03-10T20:00:00Z,1868.67,1903.00,1842.21,1864.51,1079099.741
2025-03-11T00:00:00Z,1864.52,1889.49,1752.50,1848.96,2458688.579
2025-03-11T04:00:00Z,1848.96,1913.49,1844.89,1903.11,989892.424
2025-03-11T08:00:00Z,1903.07,1928.84,1898.70,1913.41,836386.218
2025-03-11T12:00:00Z,1913.40,1969.77,1839.41,1913.58,2978075.672
2025-03-11T16:00:00Z,1913.58,1962.45,1885.37,1950.66,1397086.418
2025-03-11T20:00:00Z,1950.65,1954.60,1916.22,1922.61,475877.085
2025-03-12T00:00:00Z,1922.60,1932.00,1865.67,1867.95,825412.827
2025-03-12T04:00:00Z,1867.94,1915.99,1851.33,1910.47,1265101.841
2025-03-12T08:00:00Z,1910.47,1955.90,1870.00,1915.83,2215768.611
2025-03-12T12:00:00Z,1915.82,1946.00,1828.87,1868.55,2072651.022
2025-03-12T16:00:00Z,1868.51,1893.50,1861.78,1877.19,741187.723
2025-03-12T20:00:00Z,1877.20,1914.72,1872.69,1907.24,383654.807
2025-03-13T00:00:00Z,1907.23,1916.54,1880.99,1886.02,543679.650
2025-03-13T04:00:00Z,1886.02,1890.76,1856.93,1871.21,644513.410
2025-03-13T08:00:00Z,1871.20,1904.70,1852.18,1899.63,1046943.081
2025-03-13T12:00:00Z,1899.62,1922.00,1863.00,1874.72,1414705.701
2025-03-13T16:00:00Z,1874.72,1877.34,1820.20,1850.95,1064255.869
2025-03-13T20:00:00Z,1850.94,1882.90,1838.03,1863.76,591786.089
2025-03-14T00:00:00Z,1863.75,1894.08,1860.41,1888.60,398077.307
2025-03-14T04:00:00Z,1888.59,1904.94,1886.80,1892.33,344211.224
2025-03-14T08:00:00Z,1892.34,1908.20,1888.45,1901.51,412275.854
2025-03-14T12:00:00Z,1901.51,1941.81,1873.00,1921.20,1362619.196
2025-03-14T16:00:00Z,1921.20,1945.62,1913.12,1933.29,633844.235
2025-03-14T20:00:00Z,1933.29,1934.01,1907.39,1910.79,343445.113
2025-03-15T00:00:00Z,1910.78,1922.49,1902.47,1919.79,303992.931
2025-03-15T04:00:00Z,1919.79,1934.77,1913.56,1916.86,325475.069
2025-03-15T08:00:00Z,1916.85,1930.86,1911.40,1927.99,253953.466
2025-03-15T12:00:00Z,1928.00,1938.88,1921.60,1936.81,286966.475
2025-03-15T16:00:00Z,1936.81,1948.00,1927.28,1936.00,408391.955
2025-03-15T20:00:00Z,1936.00,1957.68,1935.10,1936.27,298934.454
2025-03-16T00:00:00Z,1936.26,1940.00,1915.22,1926.60,348656.470
2025-03-16T04:00:00Z,1926.60,1933.22,1920.49,1925.21,204431.591
2025-03-16T08:00:00Z,1925.20,1926.18,1865.49,1872.61,831690.715
2025-03-16T12:00:00Z,1872.61,1897.72,1872.21,1894.22,567475.403
2025-03-16T16:00:00Z,1894.21,1923.90,1857.08,1881.77,845640.866
2025-03-16T20:00:00Z,1881.78,1897.64,1869.11,1885.97,369840.351
2025-03-17T00:00:00Z,1885.96,1914.88,1885.41,1908.08,408471.728
2025-03-17T04:00:00Z,1908.08,1912.38,1878.66,1900.13,393308.893
2025-03-17T08:00:00Z,1900.13,1918.00,1892.06,1909.71,358142.961
2025-03-17T12:00:00Z,1909.72,1947.00,1886.29,1918.49,1007296.584
2025-03-17T16:00:00Z,1918.50,1951.76,1906.44,1941.24,676889.798
2025-03-17T20:00:00Z,1941.24,1949.20,1921.08,1925.37,363663.089
2025-03-18T00:00:00Z,1925.36,1929.57,1896.30,1900.27,527389.866
2025-03-18T04:00:00Z,1900.26,1909.88,1892.90,1903.99,413808.556
2025-03-18T08:00:00Z,1903.99,1912.30,1884.25,1891.54,465126.512
2025-03-18T12:00:00Z,1891.54,1902.59,1871.14,1879.97,865397.803
2025-03-18T16:00:00Z,1879.97,1907.80,1872.35,1903.53,552241.646
2025-03-18T20:00:00Z,1903.53,1935.44,1897.73,1930.64,410522.554
2025-03-19T00:00:00Z,1930.63,1948.50,1927.12,1937.73,570009.533
2025-03-19T04:00:00Z,1937.73,1942.46,1929.39,1931.21,314671.141
2025-03-19T08:00:00Z,1931.21,2032.73,1930.73,2026.99,1689486.816
2025-03-19T12:00:00Z,2026.98,2056.48,1994.06,2047.87,1588823.025
2025-03-19T16:00:00Z,2047.88,2065.90,1994.16,2029.91,1658908.323
2025-03-19T20:00:00Z,2029.91,2069.69,2027.50,2055.21,562401.162
2025-03-20T00:00:00Z,2055.22,2067.15,2018.82,2021.85,544443.994
2025-03-20T04:00:00Z,2021.85,2024.64,2003.70,2006.45,424949.911
2025-03-20T08:00:00Z,2006.46,2020.57,1970.31,1988.40,961234.699
2025-03-20T12:00:00Z,1988.39,2009.74,1964.95,1971.06,1082975.701
2025-03-20T16:00:00Z,1971.03,1979.46,1951.15,1974.10,785249.134
2025-03-20T20:00:00Z,1974.09,1984.20,1970.39,1982.72,234930.098
2025-03-21T00:00:00Z,1982.72,1995.80,1971.60,1977.25,370621.437
2025-03-21T04:00:00Z,1977.26,1989.02,1965.44,1976.00,360694.846
2025-03-21T08:00:00Z,1976.00,1981.87,1955.79,1966.11,454693.405
2025-03-21T12:00:00Z,1966.11,1973.00,1932.00,1949.63,889389.960
2025-03-21T16:00:00Z,1949.58,1977.41,1945.00,1972.72,509532.129
2025-03-21T20:00:00Z,1972.71,1982.42,1961.24,1964.81,247348.670
2025-03-22T00:00:00Z,1964.81,1986.72,1963.41,1985.00,342194.378
2025-03-22T04:00:00Z,1985.00,1992.30,1982.08,1983.16,227786.565
2025-03-22T08:00:00Z,1983.15,2006.00,1980.40,1989.36,440844.143
2025-03-22T12:00:00Z,1989.35,1996.97,1980.30,1985.27,244659.968
2025-03-22T16:00:00Z,1985.27,1999.55,1981.49,1994.99,204859.715
2025-03-22T20:00:00Z,1994.98,2003.31,1973.13,1979.56,258571.258
2025-03-23T00:00:00Z,1979.55,2008.92,1975.51,2007.53,309761.903
2025-03-23T04:00:00Z,2007.53,2020.00,1990.94,2007.20,362109.684
2025-03-23T08:00:00Z,2007.20,2019.87,2001.46,2006.97,377182.631
2025-03-23T12:00:00Z,2006.97,2019.61,2001.20,2006.21,393245.383
2025-03-23T16:00:00Z,2006.22,2007.08,1985.71,1995.39,330836.537
2025-03-23T20:00:00Z,1995.40,2006.00,1978.78,2005.00,385312.338
2025-03-24T00:00:00Z,2005.00,2020.96,1976.46,2013.49,756911.747
2025-03-24T04:00:00Z,2013.48,2079.23,2013.48,2068.47,1089312.025
2025-03-24T08:00:00Z,2068.48,2104.24,2067.93,2091.67,832640.706
2025-03-24T12:00:00Z,2091.68,2101.90,2072.20,2088.80,933778.402
2025-03-24T16:00:00Z,2088.79,2101.30,2066.38,2087.71,741455.857
2025-03-24T20:00:00Z,2087.71,2094.44,2066.87,2080.41,313845.789
2025-03-25T00:00:00Z,2080.40,2097.21,2040.40,2042.26,794386.930
2025-03-25T04:00:00Z,2042.26,2066.16,2036.00,2054.80,502510.264
2025-03-25T08:00:00Z,2054.80,2074.53,2052.33,2067.36,375092.262
2025-03-25T12:00:00Z,2067.36,2079.16,2050.70,2066.46,764435.343
2025-03-25T16:00:00Z,2066.45,2083.21,2055.19,2074.65,468622.216
2025-03-25T20:00:00Z,2074.65,2082.99,2052.20,2065.22,337106.253
2025-03-26T00:00:00Z,2065.22,2077.70,2040.90,2048.08,497914.751
2025-03-26T04:00:00Z,2048.07,2070.88,2046.46,2068.34,384951.288
2025-03-26T08:00:00Z,2068.34,2074.85,2056.60,2067.44,378221.549
2025-03-26T12:00:00Z,2067.43,2069.51,2005.00,2011.21,1256071.102
2025-03-26T16:00:00Z,2011.20,2021.48,1980.41,1998.90,898704.164
2025-03-26T20:00:00Z,1998.90,2017.69,1990.01,2008.69,464182.087
2025-03-27T00:00:00Z,2008.69,2036.88,2006.07,2030.50,498122.393
2025-03-27T04:00:00Z,2030.50,2032.00,2020.21,2025.44,222635.209
2025-03-27T08:00:00Z,2025.43,2035.00,2011.00,2015.30,518015.594
2025-03-27T12:00:00Z,2015.29,2025.43,1985.71,2004.57,1258185.495
2025-03-27T16:00:00Z,2004.58,2014.20,1992.48,2003.48,457851.764
2025-03-27T20:00:00Z,2003.48,2020.83,1998.27,2002.80,309737.998
2025-03-28T00:00:00Z,2002.80,2015.09,1990.72,1999.02,468146.336
2025-03-28T04:00:00Z,1999.02,2003.88,1896.70,1909.04,1820054.981
2025-03-28T08:00:00Z,1909.04,1924.00,1854.20,1899.41,1172025.164
2025-03-28T12:00:00Z,1899.41,1907.26,1870.51,1871.45,1204765.180
2025-03-28T16:00:00Z,1871.45,1886.76,1861.07,1873.34,667018.346
2025-03-28T20:00:00Z,1873.34,1901.41,1872.60,1896.02,360194.677
2025-03-29T00:00:00Z,1896.03,1912.94,1885.10,1898.95,527912.240
2025-03-29T04:00:00Z,1898.94,1904.28,1874.16,1879.37,379071.315
2025-03-29T08:00:00Z,1879.37,1886.58,1832.29,1843.71,1090356.163
2025-03-29T12:00:00Z,1843.72,1862.76,1832.32,1839.22,662106.215
2025-03-29T16:00:00Z,1839.28,1847.00,1796.13,1826.77,1336288.716
2025-03-29T20:00:00Z,1826.76,1829.57,1810.13,1827.32,389113.536
2025-03-30T00:00:00Z,1827.31,1843.61,1811.35,1833.32,517641.308
2025-03-30T04:00:00Z,1833.31,1846.24,1831.55,1836.70,276141.074
2025-03-30T08:00:00Z,1836.69,1848.08,1824.78,1832.49,397027.426
2025-03-30T12:00:00Z,1832.49,1839.48,1782.00,1812.81,808086.885
2025-03-30T16:00:00Z,1812.81,1834.57,1784.15,1813.38,967580.801
2025-03-30T20:00:00Z,1813.38,1820.91,1766.04,1806.99,892084.586
2025-03-31T00:00:00Z,1806.99,1823.01,1775.92,1797.72,962829.575
2025-03-31T04:00:00Z,1797.73,1813.00,1788.13,1797.91,574601.289
2025-03-31T08:00:00Z,1797.90,1819.00,1776.56,1812.52,967438.186
2025-03-31T12:00:00Z,1812.51,1853.34,1792.60,1841.37,1556360.743
2025-03-31T16:00:00Z,1841.37,1846.40,1815.76,1826.89,731114.100
2025-03-31T20:00:00Z,1826.90,1834.09,1815.22,1821.59,420186.820
2025-04-01T00:00:00Z,1821.59,1842.57,1816.64,1834.25,473423.689
2025-04-01T04:00:00Z,1834.25,1866.98,1831.23,1853.34,525037.726
2025-04-01T08:00:00Z,1853.34,1891.42,1853.02,1861.48,903063.677
2025-04-01T12:00:00Z,1861.49,1927.79,1841.20,1917.89,1789332.277
2025-04-01T16:00:00Z,1917.89,1923.63,1900.53,1909.12,585488.092
2025-04-01T20:00:00Z,1909.11,1921.98,1895.90,1904.21,395399.142
2025-04-02T00:00:00Z,1904.21,1908.01,1871.31,1875.41,577615.724
2025-04-02T04:00:00Z,1875.40,1882.31,1850.69,1864.07,756780.281
2025-04-02T08:00:00Z,1864.06,1887.23,1861.61,1868.05,576873.633
2025-04-02T12:00:00Z,1868.08,1918.00,1853.12,1900.09,1773371.715
2025-04-02T16:00:00Z,1900.10,1915.28,1881.09,1910.56,760001.680
2025-04-02T20:00:00Z,1910.59,1957.97,1780.52,1794.10,2635212.170
2025-04-03T00:00:00Z,1794.11,1834.12,1787.90,1823.75,784321.875
2025-04-03T04:00:00Z,1823.75,1844.97,1805.56,1814.52,569594.176
2025-04-03T08:00:00Z,1814.51,1823.49,1786.14,1794.39,702746.642
2025-04-03T12:00:00Z,1794.39,1799.82,1747.47,1781.42,1901206.210
2025-04-03T16:00:00Z,1781.42,1798.57,1766.29,1786.53,737214.928
2025-04-03T20:00:00Z,1786.50,1821.50,1778.64,1816.48,491284.518
2025-04-04T00:00:00Z,1816.48,1822.69,1770.00,1792.13,745536.338
2025-04-04T04:00:00Z,1792.13,1821.40,1783.08,1816.88,531862.172
2025-04-04T08:00:00Z,1816.87,1834.70,1757.52,1783.16,1469835.729
2025-04-04T12:00:00Z,1783.15,1820.18,1768.57,1794.47,1965960.639
2025-04-04T16:00:00Z,1794.48,1828.71,1782.15,1809.02,1169114.734
2025-04-04T20:00:00Z,1809.03,1827.99,1806.43,1815.97,338804.890
2025-04-05T00:00:00Z,1815.97,1826.63,1808.27,1809.01,307874.561
2025-04-05T04:00:00Z,1809.00,1815.00,1803.04,1812.40,223423.979
2025-04-05T08:00:00Z,1812.39,1821.26,1805.55,1806.60,293918.170
2025-04-05T12:00:00Z,1806.60,1807.61,1776.34,1781.10,708383.180
2025-04-05T16:00:00Z,1781.10,1794.86,1778.66,1781.33,270821.538
2025-04-05T20:00:00Z,1781.32,1809.30,1761.18,1805.15,554505.687
2025-04-06T00:00:00Z,1805.14,1816.38,1800.87,1809.11,342406.912
2025-04-06T04:00:00Z,1809.10,1812.60,1790.08,1796.84,281144.712
2025-04-06T08:00:00Z,1796.85,1797.28,1782.01,1788.22,398400.869
2025-04-06T12:00:00Z,1788.22,1791.10,1735.01,1758.80,1345342.037
2025-04-06T16:00:00Z,1758.80,1759.21,1601.00,1625.22,3706815.320
2025-04-06T20:00:00Z,1625.21,1630.45,1535.27,1579.98,3313932.915
2025-04-07T00:00:00Z,1579.98,1613.51,1520.00,1542.79,2240648.744
2025-04-07T04:00:00Z,1542.78,1561.00,1410.00,1459.52,4128035.462
2025-04-07T08:00:00Z,1459.51,1520.75,1454.80,1482.34,2926446.072
2025-04-07T12:00:00Z,1482.34,1638.47,1477.17,1555.54,5572723.272
2025-04-07T16:00:00Z,1555.54,1572.11,1525.21,1544.56,1948786.181
2025-04-07T20:00:00Z,1544.56,1584.58,1544.19,1552.44,815431.621
2025-04-08T00:00:00Z,1552.44,1618.00,1540.19,1583.96,1181229.738
2025-04-08T04:00:00Z,1583.95,1602.29,1560.86,1569.98,762719.837
2025-04-08T08:00:00Z,1569.97,1589.48,1553.48,1587.56,798487.224
2025-04-08T12:00:00Z,1587.57,1592.79,1517.12,1530.75,2315902.959
2025-04-08T16:00:00Z,1530.75,1532.24,1453.46,1466.03,3023004.864
2025-04-08T20:00:00Z,1466.07,1485.60,1441.62,1472.67,1116522.208
2025-04-09T00:00:00Z,1472.68,1481.69,1384.00,1417.96,2791527.731
2025-04-09T04:00:00Z,1417.96,1491.68,1414.00,1482.90,1853602.262
2025-04-09T08:00:00Z,1482.89,1496.00,1444.00,1454.64,2120377.739
2025-04-09T12:00:00Z,1454.64,1501.03,1439.03,1484.80,2591270.906
2025-04-09T16:00:00Z,1484.79,1672.80,1481.15,1639.73,5455621.134
2025-04-09T20:00:00Z,1639.73,1688.00,1639.73,1668.69,1304170.851
2025-04-10T00:00:00Z,1668.70,1669.19,1601.00,1616.39,1273973.227
2025-04-10T04:00:00Z,1616.39,1625.48,1582.50,1595.03,1060130.383
2025-04-10T08:00:00Z,1595.03,1606.02,1580.50,1593.92,855212.641
2025-04-10T12:00:00Z,1593.91,1627.61,1482.56,1495.00,3723353.846
2025-04-10T16:00:00Z,1494.99,1531.74,1470.84,1513.67,2460720.447
2025-04-10T20:00:00Z,1513.67,1533.00,1513.05,1521.57,571802.497
2025-04-11T00:00:00Z,1521.56,1550.00,1503.63,1543.63,1189406.950
2025-04-11T04:00:00Z,1543.63,1561.95,1540.10,1551.99,728688.675
2025-04-11T08:00:00Z,1551.99,1585.18,1536.47,1557.93,1521498.390
2025-04-11T12:00:00Z,1557.94,1580.78,1540.36,1564.79,1593556.336
2025-04-11T16:00:00Z,1564.80,1590.88,1554.90,1564.84,917672.153
2025-04-11T20:00:00Z,1564.83,1586.31,1556.40,1565.96,517260.182
2025-04-12T00:00:00Z,1565.97,1569.16,1545.06,1553.61,539836.974
2025-04-12T04:00:00Z,1553.61,1584.53,1549.51,1581.24,654101.941
2025-04-12T08:00:00Z,1581.23,1605.71,1580.01,1593.21,736582.051
2025-04-12T12:00:00Z,1593.22,1669.85,1589.79,1655.10,2130308.934
2025-04-12T16:00:00Z,1655.09,1661.57,1627.42,1641.89,1037868.529
2025-04-12T20:00:00Z,1641.90,1659.68,1640.35,1643.60,505815.558
2025-04-13T00:00:00Z,1643.60,1649.20,1605.68,1623.60,841518.836
2025-04-13T04:00:00Z,1623.60,1623.91,1596.21,1612.77,744463.530
2025-04-13T08:00:00Z,1612.78,1627.45,1590.71,1603.62,789948.467
2025-04-13T12:00:00Z,1603.61,1608.50,1565.11,1585.92,1257579.894
2025-04-13T16:00:00Z,1585.92,1648.73,1559.40,1589.42,1825478.701
2025-04-13T20:00:00Z,1589.42,1616.29,1571.03,1596.92,1036373.064
2025-04-14T00:00:00Z,1596.93,1659.81,1594.73,1629.01,1227511.284
2025-04-14T04:00:00Z,1629.01,1641.85,1611.51,1634.92,668501.508
2025-04-14T08:00:00Z,1634.92,1691.57,1628.64,1674.63,1463883.102
2025-04-14T12:00:00Z,1674.63,1689.27,1618.29,1626.96,1932797.485
2025-04-14T16:00:00Z,1626.97,1650.80,1613.37,1635.92,1110666.160
2025-04-14T20:00:00Z,1635.95,1637.35,1603.00,1623.02,568816.391
2025-04-15T00:00:00Z,1623.02,1643.21,1613.65,1637.15,788829.251
2025-04-15T04:00:00Z,1637.15,1648.00,1631.45,1644.18,482653.824
2025-04-15T08:00:00Z,1644.18,1651.79,1621.32,1631.18,754097.451
2025-04-15T12:00:00Z,1631.17,1660.68,1600.01,1620.12,1803551.904
2025-04-15T16:00:00Z,1620.11,1627.19,1594.21,1606.17,783964.399
2025-04-15T20:00:00Z,1606.17,1614.35,1582.14,1588.00,717000.749
2025-04-16T00:00:00Z,1588.00,1603.81,1575.04,1590.02,764456.657
2025-04-16T04:00:00Z,1590.03,1592.76,1550.00,1563.45,1185857.635
2025-04-16T08:00:00Z,1563.44,1585.00,1555.72,1583.25,795586.966
2025-04-16T12:00:00Z,1583.26,1614.95,1565.02,1589.91,1517926.075
2025-04-16T16:00:00Z,1589.91,1612.36,1537.56,1588.16,2336959.978
2025-04-16T20:00:00Z,1588.13,1598.01,1569.24,1576.58,621308.471
2025-04-17T00:00:00Z,1576.57,1594.90,1574.00,1584.04,533161.530
2025-04-17T04:00:00Z,1584.04,1609.90,1580.14,1600.99,576222.253
2025-04-17T08:00:00Z,1600.99,1603.50,1587.69,1592.50,482812.693
2025-04-17T12:00:00Z,1592.51,1602.76,1562.26,1582.42,1222967.991
2025-04-17T16:00:00Z,1582.43,1616.81,1575.36,1580.40,1722278.691
2025-04-17T20:00:00Z,1580.40,1591.00,1578.00,1582.84,405071.384
2025-04-18T00:00:00Z,1582.84,1588.69,1576.21,1583.40,344118.380
2025-04-18T04:00:00Z,1583.40,1584.49,1572.65,1583.45,379764.077
2025-04-18T08:00:00Z,1583.46,1592.40,1581.34,1589.89,384028.046
2025-04-18T12:00:00Z,1589.90,1596.63,1577.56,1582.27,560886.162
2025-04-18T16:00:00Z,1582.28,1594.45,1580.95,1592.38,423029.653
2025-04-18T20:00:00Z,1592.38,1600.00,1586.27,1587.91,308637.419
2025-04-19T00:00:00Z,1587.91,1599.72,1584.01,1597.20,343811.216
2025-04-19T04:00:00Z,1597.20,1613.00,1594.32,1600.27,488347.419
2025-04-19T08:00:00Z,1600.28,1606.02,1593.23,1596.29,306148.028
2025-04-19T12:00:00Z,1596.29,1612.00,1594.38,1606.59,462593.576
2025-04-19T16:00:00Z,1606.60,1632.29,1597.76,1613.99,673583.795
2025-04-19T20:00:00Z,1613.99,1622.11,1610.21,1612.44,229487.075
2025-04-20T00:00:00Z,1612.45,1618.46,1607.20,1611.14,312363.415
2025-04-20T04:00:00Z,1611.15,1617.00,1580.00,1596.62,585042.664
2025-04-20T08:00:00Z,1596.63,1596.88,1564.69,1571.78,848913.210
2025-04-20T12:00:00Z,1571.78,1583.39,1570.19,1572.80,516047.816
2025-04-20T16:00:00Z,1572.80,1587.13,1570.45,1585.34,285611.444
2025-04-20T20:00:00Z,1585.34,1600.00,1573.36,1586.56,552942.438
2025-04-21T00:00:00Z,1586.57,1645.34,1585.28,1634.06,1670017.800
2025-04-21T04:00:00Z,1634.06,1658.00,1630.40,1645.10,884262.679
2025-04-21T08:00:00Z,1645.11,1654.64,1617.04,1625.66,858321.394
2025-04-21T12:00:00Z,1625.66,1641.39,1607.63,1622.50,1516623.695
2025-04-21T16:00:00Z,1622.50,1625.41,1560.62,1572.86,2068484.332
2025-04-21T20:00:00Z,1572.86,1579.97,1570.01,1578.64,472368.454
2025-04-22T00:00:00Z,1578.63,1593.23,1535.00,1578.21,1503216.179
2025-04-22T04:00:00Z,1578.21,1623.50,1573.07,1618.60,1108463.740
2025-04-22T08:00:00Z,1618.60,1638.00,1612.41,1630.14,1156134.698
2025-04-22T12:00:00Z,1630.14,1725.93,1626.00,1702.41,3399957.543
2025-04-22T16:00:00Z,1702.41,1710.00,1681.42,1697.54,1201729.974
2025-04-22T20:00:00Z,1697.53,1779.02,1691.49,1755.57,1938167.321
2025-04-23T00:00:00Z,1755.58,1807.36,1744.30,1794.51,1748752.815
2025-04-23T04:00:00Z,1794.51,1817.98,1773.10,1791.27,1424392.821
2025-04-23T08:00:00Z,1791.28,1812.04,1778.29,1796.74,1057307.676
2025-04-23T12:00:00Z,1796.74,1838.00,1761.00,1793.70,2699639.526
2025-04-23T16:00:00Z,1793.71,1809.60,1773.43,1785.44,1026256.555
2025-04-23T20:00:00Z,1785.44,1806.28,1784.78,1794.46,353173.727
2025-04-24T00:00:00Z,1794.45,1802.27,1765.52,1767.30,773066.615
2025-04-24T04:00:00Z,1767.29,1775.71,1750.80,1755.61,758688.419
2025-04-24T08:00:00Z,1755.60,1759.88,1721.22,1754.05,1321170.566
2025-04-24T12:00:00Z,1754.04,1777.33,1743.12,1763.83,1152418.662
2025-04-24T16:00:00Z,1763.83,1776.85,1745.09,1762.21,881755.193
2025-04-24T20:00:00Z,1762.21,1774.17,1747.81,1768.80,360233.916
2025-04-25T00:00:00Z,1768.79,1789.88,1737.40,1760.00,908000.423
2025-04-25T04:00:00Z,1760.00,1781.23,1757.25,1776.38,577613.878
2025-04-25T08:00:00Z,1776.39,1792.72,1763.08,1789.47,923294.946
2025-04-25T12:00:00Z,1789.47,1826.91,1755.81,1805.70,2239999.361
2025-04-25T16:00:00Z,1805.69,1809.81,1781.32,1801.45,909113.932
2025-04-25T20:00:00Z,1801.45,1808.87,1783.00,1783.77,431087.636
2025-04-26T00:00:00Z,1783.76,1815.05,1783.76,1796.51,709519.382
2025-04-26T04:00:00Z,1796.50,1809.94,1788.01,1799.54,456016.896
2025-04-26T08:00:00Z,1799.54,1841.49,1777.31,1784.73,1377154.319
2025-04-26T12:00:00Z,1784.73,1803.94,1778.88,1799.39,671756.802
2025-04-26T16:00:00Z,1799.38,1814.95,1795.00,1812.21,316852.466
2025-04-26T20:00:00Z,1812.22,1830.78,1804.52,1820.00,434287.984
2025-04-27T00:00:00Z,1819.99,1857.00,1800.00,1808.74,1269737.641
2025-04-27T04:00:00Z,1808.74,1810.77,1788.88,1802.98,524391.024
2025-04-27T08:00:00Z,1802.98,1814.99,1800.58,1805.04,363311.245
2025-04-27T12:00:00Z,1805.03,1807.96,1780.25,1792.88,784329.967
2025-04-27T16:00:00Z,1792.88,1807.77,1786.18,1806.95,307003.137
2025-04-27T20:00:00Z,1806.95,1807.25,1783.10,1790.21,370782.592
2025-04-28T00:00:00Z,1790.22,1793.25,1750.99,1783.25,1164418.072
2025-04-28T04:00:00Z,1783.24,1811.82,1783.24,1803.95,667932.886
2025-04-28T08:00:00Z,1803.95,1826.71,1787.10,1815.00,1060796.867
2025-04-28T12:00:00Z,1815.00,1816.48,1751.42,1762.08,1529659.660
2025-04-28T16:00:00Z,1762.08,1805.00,1742.15,1796.36,1306542.158
2025-04-28T20:00:00Z,1796.35,1806.87,1780.24,1799.22,623379.044
2025-04-29T00:00:00Z,1799.21,1810.92,1786.68,1801.26,627213.054
2025-04-29T04:00:00Z,1801.26,1824.24,1787.37,1820.77,792123.184
2025-04-29T08:00:00Z,1820.77,1842.82,1815.76,1828.90,1042093.467
2025-04-29T12:00:00Z,1828.89,1832.58,1801.00,1814.21,1241440.926
2025-04-29T16:00:00Z,1814.20,1831.49,1806.00,1820.92,717932.308
2025-04-29T20:00:00Z,1820.92,1824.87,1779.36,1796.57,894515.506
2025-04-30T00:00:00Z,1796.57,1812.48,1787.72,1808.19,573242.097
2025-04-30T04:00:00Z,1808.18,1812.22,1790.00,1795.55,424863.455
2025-04-30T08:00:00Z,1795.54,1816.00,1791.61,1814.79,544629.985
2025-04-30T12:00:00Z,1814.79,1815.48,1730.60,1763.72,2614074.383
2025-04-30T16:00:00Z,1763.72,1792.39,1755.02,1785.96,837128.774
2025-04-30T20:00:00Z,1786.08,1809.19,1784.00,1792.71,632604.794
2025-05-01T00:00:00Z,1792.71,1818.18,1791.55,1807.28,587418.818
2025-05-01T04:00:00Z,1807.28,1816.77,1801.24,1809.74,400734.586
2025-05-01T08:00:00Z,1809.74,1858.73,1807.74,1844.79,1437470.389
2025-05-01T12:00:00Z,1844.79,1872.71,1823.47,1851.99,1789376.969
2025-05-01T16:00:00Z,1852.00,1869.40,1838.08,1842.12,735528.169
2025-05-01T20:00:00Z,1842.11,1850.45,1831.80,1837.19,410179.107
2025-05-02T00:00:00Z,1837.18,1850.49,1834.06,1846.66,472225.233
2025-05-02T04:00:00Z,1846.66,1850.86,1815.00,1815.30,775261.172
2025-05-02T08:00:00Z,1815.29,1834.92,1812.00,1832.39,738231.839
2025-05-02T12:00:00Z,1832.39,1853.58,1822.13,1840.21,1066632.348
2025-05-02T16:00:00Z,1840.21,1871.06,1830.79,1838.78,1002260.931
2025-05-02T20:00:00Z,1838.78,1847.23,1832.10,1841.22,275358.821
2025-05-03T00:00:00Z,1841.22,1842.44,1825.52,1834.08,325492.804
2025-05-03T04:00:00Z,1834.07,1838.55,1823.39,1825.58,317792.130
2025-05-03T08:00:00Z,1825.58,1829.99,1816.23,1823.35,571769.933
2025-05-03T12:00:00Z,1823.34,1839.27,1823.10,1833.51,429242.931
2025-05-03T16:00:00Z,1833.51,1838.56,1807.75,1837.61,700161.621
2025-05-03T20:00:00Z,1837.62,1848.00,1827.79,1832.55,457184.141
2025-05-04T00:00:00Z,1832.55,1848.84,1825.28,1831.24,497884.745
2025-05-04T04:00:00Z,1831.24,1849.53,1828.43,1840.24,489368.721
2025-05-04T08:00:00Z,1840.24,1840.73,1820.75,1826.69,612670.707
2025-05-04T12:00:00Z,1826.68,1833.07,1817.03,1829.63,405676.694
2025-05-04T16:00:00Z,1829.64,1832.28,1821.06,1827.58,339285.093
2025-05-04T20:00:00Z,1827.59,1841.76,1801.71,1807.87,710871.396
2025-05-05T00:00:00Z,1807.87,1817.60,1780.02,1793.86,986733.206
2025-05-05T04:00:00Z,1793.85,1829.07,1792.00,1825.74,627690.591
2025-05-05T08:00:00Z,1825.73,1830.72,1797.00,1803.81,868144.459
2025-05-05T12:00:00Z,1803.81,1814.86,1793.29,1800.14,844857.592
2025-05-05T16:00:00Z,1800.14,1828.00,1799.86,1815.65,671849.243
2025-05-05T20:00:00Z,1815.64,1832.98,1797.79,1819.43,642080.274
2025-05-06T00:00:00Z,1819.43,1820.30,1791.57,1805.50,698535.993
2025-05-06T04:00:00Z,1805.49,1808.55,1797.26,1805.00,302865.771
2025-05-06T08:00:00Z,1804.99,1805.17,1755.71,1769.10,1150386.634
2025-05-06T12:00:00Z,1769.09,1779.08,1750.00,1769.31,1198817.219
2025-05-06T16:00:00Z,1769.31,1798.41,1761.00,1784.05,827534.324
2025-05-06T20:00:00Z,1784.06,1818.62,1764.39,1816.22,1166051.619
2025-05-07T00:00:00Z,1816.23,1850.00,1813.47,1825.60,1484206.235
2025-05-07T04:00:00Z,1825.60,1837.85,1823.69,1837.26,407889.918
2025-05-07T08:00:00Z,1837.27,1846.50,1829.47,1835.48,697828.821
2025-05-07T12:00:00Z,1835.48,1836.20,1813.36,1816.73,864908.101
2025-05-07T16:00:00Z,1816.72,1817.33,1786.00,1795.08,1577954.618
2025-05-07T20:00:00Z,1795.07,1824.73,1788.00,1810.14,736420.270
2025-05-08T00:00:00Z,1810.13,1907.45,1807.72,1900.50,1786283.565
2025-05-08T04:00:00Z,1900.51,1944.00,1891.36,1927.80,1533788.488
2025-05-08T08:00:00Z,1927.81,1968.29,1925.00,1956.65,1369546.365
2025-05-08T12:00:00Z,1956.65,2075.10,1952.57,2050.56,3473067.062
2025-05-08T16:00:00Z,2050.56,2140.21,2035.79,2117.59,2278690.005
2025-05-08T20:00:00Z,2117.59,2227.00,2111.00,2206.54,2848796.238
2025-05-09T00:00:00Z,2206.53,2244.90,2183.59,2204.56,1883887.846
2025-05-09T04:00:00Z,2204.56,2393.67,2201.98,2363.81,2727001.302
2025-05-09T08:00:00Z,2363.71,2490.75,2291.46,2350.76,5113067.854
2025-05-09T12:00:00Z,2350.75,2388.12,2270.00,2300.55,2541569.629
2025-05-09T16:00:00Z,2300.55,2355.00,2273.63,2330.69,1243862.334
2025-05-09T20:00:00Z,2330.69,2351.16,2321.48,2344.30,415028.972
2025-05-10T00:00:00Z,2344.31,2379.99,2315.09,2338.81,775367.261
2025-05-10T04:00:00Z,2338.81,2416.50,2325.31,2399.17,1014233.591
2025-05-10T08:00:00Z,2399.20,2435.00,2360.00,2383.75,1972913.729
2025-05-10T12:00:00Z,2383.75,2449.99,2383.75,2432.38,1469863.634
2025-05-10T16:00:00Z,2432.38,2512.00,2427.65,2498.35,2129419.275
2025-05-10T20:00:00Z,2498.35,2600.76,2465.60,2581.91,1975957.257
2025-05-11T00:00:00Z,2581.90,2608.00,2498.79,2536.31,1842655.844
2025-05-11T04:00:00Z,2536.31,2561.68,2452.61,2472.61,1538673.347
2025-05-11T08:00:00Z,2472.61,2534.80,2471.50,2529.36,1023280.318
2025-05-11T12:00:00Z,2529.36,2530.92,2434.89,2461.22,1374239.317
2025-05-11T16:00:00Z,2461.22,2524.38,2439.08,2506.99,1105701.773
2025-05-11T20:00:00Z,2507.00,2527.71,2481.95,2513.48,609193.962
2025-05-12T00:00:00Z,2513.48,2548.00,2490.00,2519.01,941674.729
2025-05-12T04:00:00Z,2519.00,2624.84,2484.02,2553.44,2242797.017
2025-05-12T08:00:00Z,2553.45,2585.05,2520.00,2529.34,1268458.744
2025-05-12T12:00:00Z,2529.32,2575.60,2478.00,2485.94,2294695.345
2025-05-12T16:00:00Z,2485.95,2511.94,2406.55,2459.29,1853110.156
2025-05-12T20:00:00Z,2459.28,2499.34,2450.88,2494.16,596324.874
2025-05-13T00:00:00Z,2494.16,2494.90,2414.36,2424.07,1055040.451
2025-05-13T04:00:00Z,2424.06,2479.45,2418.84,2459.90,776859.755
2025-05-13T08:00:00Z,2459.89,2524.97,2450.57,2512.26,965762.294
2025-05-13T12:00:00Z,2512.25,2573.00,2490.13,2564.89,1893092.860
2025-05-13T16:00:00Z,2564.88,2738.62,2558.61,2690.02,2769262.522
2025-05-13T20:00:00Z,2690.02,2706.98,2653.00,2678.59,1236161.125
2025-05-14T00:00:00Z,2678.58,2724.96,2620.80,2645.78,1641253.983
2025-05-14T04:00:00Z,2645.79,2686.61,2635.06,2639.14,807221.596
2025-05-14T08:00:00Z,2639.15,2644.71,2575.00,2624.16,1507824.985
2025-05-14T12:00:00Z,2624.16,2634.52,2557.00,2596.28,1495860.917
2025-05-14T16:00:00Z,2596.28,2616.82,2545.00,2603.85,1049260.687
2025-05-14T20:00:00Z,2603.86,2612.88,2582.31,2608.74,412855.983
2025-05-15T00:00:00Z,2608.75,2646.10,2565.90,2573.77,939751.872
2025-05-15T04:00:00Z,2573.77,2595.73,2513.80,2529.60,1197722.104
2025-05-15T08:00:00Z,2529.59,2566.39,2515.68,2553.81,1225654.523
2025-05-15T12:00:00Z,2553.81,2578.99,2475.61,2562.90,2328139.242
2025-05-15T16:00:00Z,2562.91,2603.52,2510.59,2529.77,1705724.372
2025-05-15T20:00:00Z,2529.77,2563.61,2510.49,2547.75,718685.509
2025-05-16T00:00:00Z,2547.76,2584.08,2533.15,2580.43,686310.721
2025-05-16T04:00:00Z,2580.43,2619.39,2562.92,2600.50,817685.147
2025-05-16T08:00:00Z,2600.51,2648.68,2556.65,2620.00,1458062.580
2025-05-16T12:00:00Z,2620.00,2622.39,2572.30,2593.94,1187310.629
2025-05-16T16:00:00Z,2593.93,2600.96,2568.27,2591.00,563810.618
2025-05-16T20:00:00Z,2591.00,2591.88,2527.14,2535.72,801645.427
2025-05-17T00:00:00Z,2535.71,2537.63,2450.62,2495.93,1792000.979
2025-05-17T04:00:00Z,2495.92,2512.33,2473.53,2491.49,713657.089
2025-05-17T08:00:00Z,2491.49,2495.06,2463.71,2480.54,625120.761
2025-05-17T12:00:00Z,2480.55,2485.76,2442.65,2473.22,822248.107
2025-05-17T16:00:00Z,2473.22,2488.00,2446.70,2468.90,654559.246
2025-05-17T20:00:00Z,2468.90,2495.55,2451.28,2474.09,481277.838
2025-05-18T00:00:00Z,2474.09,2486.78,2466.74,2476.19,331411.088
2025-05-18T04:00:00Z,2476.18,2514.77,2476.18,2508.35,562307.567
2025-05-18T08:00:00Z,2508.35,2527.85,2496.00,2500.49,557580.444
2025-05-18T12:00:00Z,2500.49,2587.52,2486.65,2578.06,1379138.641
2025-05-18T16:00:00Z,2578.07,2582.92,2402.00,2406.78,2642398.498
2025-05-18T20:00:00Z,2406.78,2510.20,2312.62,2496.98,2606228.026
2025-05-19T00:00:00Z,2496.98,2513.38,2378.02,2384.46,1799075.262
2025-05-19T04:00:00Z,2384.46,2412.27,2346.99,2402.54,1602633.825
2025-05-19T08:00:00Z,2402.53,2422.11,2389.00,2416.34,937674.513
2025-05-19T12:00:00Z,2416.33,2473.00,2383.00,2465.59,1658874.566
2025-05-19T16:00:00Z,2465.59,2546.97,2449.82,2517.67,2048794.518
2025-05-19T20:00:00Z,2517.68,2534.09,2491.39,2526.87,825841.907
2025-05-20T00:00:00Z,2526.87,2588.00,2509.52,2552.08,1477473.617
2025-05-20T04:00:00Z,2552.08,2577.54,2520.66,2531.20,913343.332
2025-05-20T08:00:00Z,2531.21,2539.00,2491.00,2513.32,887639.522
2025-05-20T12:00:00Z,2513.32,2514.31,2463.00,2481.52,1339869.174
2025-05-20T16:00:00Z,2481.52,2511.05,2438.39,2500.25,1342709.473
2025-05-20T20:00:00Z,2500.25,2540.47,2483.50,2523.09,984928.514
2025-05-21T00:00:00Z,2523.08,2553.50,2506.31,2543.77,780479.959
2025-05-21T04:00:00Z,2543.76,2615.46,2533.03,2550.72,1630181.452
2025-05-21T08:00:00Z,2550.72,2561.48,2513.21,2535.67,1087132.338
2025-05-21T12:00:00Z,2535.67,2581.96,2520.49,2566.01,1596059.558
2025-05-21T16:00:00Z,2566.01,2614.99,2450.72,2511.11,4283127.922
2025-05-21T20:00:00Z,2511.10,2598.53,2482.45,2550.26,1223065.547
2025-05-22T00:00:00Z,2550.26,2647.25,2543.37,2628.60,1480317.910
2025-05-22T04:00:00Z,2628.59,2646.82,2601.65,2634.41,1239074.054
2025-05-22T08:00:00Z,2634.41,2692.61,2626.41,2649.71,1589788.052
2025-05-22T12:00:00Z,2649.72,2679.30,2618.59,2663.53,1316940.745
2025-05-22T16:00:00Z,2663.54,2675.34,2625.28,2634.02,876865.881
2025-05-22T20:00:00Z,2634.03,2665.00,2627.18,2663.72,482068.043
2025-05-23T00:00:00Z,2663.72,2734.30,2643.76,2720.93,1570361.036
2025-05-23T04:00:00Z,2720.93,2725.39,2650.01,2654.69,1300283.032
2025-05-23T08:00:00Z,2654.69,2687.80,2550.00,2565.32,1833415.438
2025-05-23T12:00:00Z,2565.32,2591.19,2497.00,2567.38,2423745.030
2025-05-23T16:00:00Z,2567.37,2585.94,2545.12,2559.76,959181.098
2025-05-23T20:00:00Z,2559.77,2561.62,2502.10,2525.39,974559.196
2025-05-24T00:00:00Z,2525.38,2555.05,2513.97,2548.98,533556.357
2025-05-24T04:00:00Z,2548.98,2562.33,2534.10,2545.79,469613.397
2025-05-24T08:00:00Z,2545.78,2574.50,2543.81,2562.14,502514.348
2025-05-24T12:00:00Z,2562.15,2564.37,2542.34,2554.32,470406.445
2025-05-24T16:00:00Z,2554.32,2566.40,2542.23,2553.33,309487.140
2025-05-24T20:00:00Z,2553.34,2555.47,2511.13,2529.27,466950.261
2025-05-25T00:00:00Z,2529.27,2538.38,2473.36,2511.79,973247.946
2025-05-25T04:00:00Z,2511.78,2517.66,2486.30,2493.38,384054.290
2025-05-25T08:00:00Z,2493.38,2501.74,2457.60,2496.58,796703.684
2025-05-25T12:00:00Z,2496.58,2524.99,2478.00,2510.47,838094.896
2025-05-25T16:00:00Z,2510.47,2537.00,2495.00,2525.21,415021.708
2025-05-25T20:00:00Z,2525.20,2553.00,2506.08,2550.03,629624.009
2025-05-26T00:00:00Z,2550.03,2576.00,2535.00,2559.33,697788.792
2025-05-26T04:00:00Z,2559.34,2598.60,2556.16,2579.71,683033.265
2025-05-26T08:00:00Z,2579.70,2581.80,2552.47,2566.75,545725.204
2025-05-26T12:00:00Z,2566.74,2573.62,2537.68,2565.00,697779.257
2025-05-26T16:00:00Z,2565.00,2572.80,2521.29,2539.97,642992.323
2025-05-26T20:00:00Z,2539.97,2584.74,2535.19,2562.43,483515.497
2025-05-27T00:00:00Z,2562.42,2572.50,2508.00,2548.42,836329.354
2025-05-27T04:00:00Z,2548.42,2619.61,2547.83,2606.95,1343275.090
2025-05-27T08:00:00Z,2606.97,2654.10,2606.70,2651.98,1387295.484
2025-05-27T12:00:00Z,2651.97,2683.76,2632.42,2667.46,1566938.640
2025-05-27T16:00:00Z,2667.47,2711.80,2657.20,2686.84,1253647.962
2025-05-27T20:00:00Z,2686.84,2693.63,2651.00,2659.84,553686.383
2025-05-28T00:00:00Z,2659.83,2660.85,2617.00,2644.51,734773.316
2025-05-28T04:00:00Z,2644.51,2651.87,2622.36,2635.35,463076.132
2025-05-28T08:00:00Z,2635.36,2658.94,2606.00,2655.99,750489.820
2025-05-28T12:00:00Z,2655.99,2689.13,2612.00,2626.17,1681717.068
2025-05-28T16:00:00Z,2626.20,2664.00,2615.23,2616.61,785142.616
2025-05-28T20:00:00Z,2616.61,2686.00,2610.01,2680.40,740934.455
2025-05-29T00:00:00Z,2680.40,2788.88,2669.43,2762.05,1934120.835
2025-05-29T04:00:00Z,2762.04,2766.66,2700.01,2730.00,1163696.032
2025-05-29T08:00:00Z,2730.00,2744.00,2705.82,2714.84,866640.236
2025-05-29T12:00:00Z,2714.84,2718.09,2620.26,2642.46,2061443.262
2025-05-29T16:00:00Z,2642.46,2672.85,2627.34,2649.35,990275.507
2025-05-29T20:00:00Z,2649.35,2667.97,2617.11,2630.30,572182.083
2025-05-30T00:00:00Z,2630.30,2644.12,2556.00,2630.39,1473970.879
2025-05-30T04:00:00Z,2630.39,2648.42,2605.83,2617.55,912386.829
2025-05-30T08:00:00Z,2617.55,2627.09,2586.55,2620.69,833611.471
2025-05-30T12:00:00Z,2620.70,2625.28,2571.17,2597.01,1368556.609
2025-05-30T16:00:00Z,2597.01,2603.00,2530.00,2573.30,1392383.191
2025-05-30T20:00:00Z,2573.30,2589.45,2503.37,2529.63,1003938.363
2025-05-31T00:00:00Z,2529.62,2538.39,2474.00,2512.88,1322167.486
2025-05-31T04:00:00Z,2512.88,2526.00,2503.40,2520.00,394921.322
2025-05-31T08:00:00Z,2520.00,2537.97,2506.27,2518.60,477940.903
2025-05-31T12:00:00Z,2518.60,2550.00,2515.34,2534.85,645857.187
2025-05-31T16:00:00Z,2534.85,2546.49,2521.05,2536.48,304612.221
2025-05-31T20:00:00Z,2536.47,2550.00,2523.32,2527.08,301330.216
2025-06-01T00:00:00Z,2527.08,2529.67,2488.52,2512.14,597182.554
2025-06-01T04:00:00Z,2512.13,2526.46,2504.58,2507.62,260989.816
2025-06-01T08:00:00Z,2507.62,2509.70,2476.01,2496.32,578632.561
2025-06-01T12:00:00Z,2496.32,2524.47,2465.00,2522.00,730401.961
2025-06-01T16:00:00Z,2522.00,2547.00,2491.56,2525.11,884380.111
2025-06-01T20:00:00Z,2525.10,2546.35,2518.19,2537.89,433284.726
2025-06-02T00:00:00Z,2537.89,2540.89,2484.05,2495.12,661312.367
2025-06-02T04:00:00Z,2495.11,2512.74,2482.00,2505.78,579570.941
2025-06-02T08:00:00Z,2505.79,2515.00,2472.74,2480.03,763797.294
2025-06-02T12:00:00Z,2480.02,2556.34,2477.00,2543.24,1458642.261
2025-06-02T16:00:00Z,2543.25,2565.40,2522.88,2531.21,837300.820
2025-06-02T20:00:00Z,2531.22,2614.20,2530.70,2606.48,974822.701
2025-06-03T00:00:00Z,2606.49,2649.00,2588.05,2602.38,1386420.609
2025-06-03T04:00:00Z,2602.38,2619.44,2588.88,2608.68,569501.463
2025-06-03T08:00:00Z,2608.69,2619.52,2593.47,2600.21,505288.900
2025-06-03T12:00:00Z,2600.21,2654.98,2596.36,2622.56,1348476.143
2025-06-03T16:00:00Z,2622.55,2627.77,2601.76,2624.16,648206.732
2025-06-03T20:00:00Z,2624.17,2624.46,2563.00,2592.16,734013.333
2025-06-04T00:00:00Z,2592.16,2639.84,2582.41,2626.78,649446.742
2025-06-04T04:00:00Z,2626.77,2644.17,2618.33,2626.31,578432.877
2025-06-04T08:00:00Z,2626.32,2649.38,2623.00,2623.71,662755.204
2025-06-04T12:00:00Z,2623.71,2679.64,2593.20,2666.91,1877192.480
2025-06-04T16:00:00Z,2666.92,2668.29,2620.73,2622.36,811795.325
2025-06-04T20:00:00Z,2622.36,2623.79,2596.95,2606.62,704964.905
2025-06-05T00:00:00Z,2606.62,2631.68,2600.11,2624.00,465813.604
2025-06-05T04:00:00Z,2624.01,2633.76,2600.00,2603.21,580779.233
2025-06-05T08:00:00Z,2603.22,2612.68,2579.14,2606.64,660454.477
2025-06-05T12:00:00Z,2606.63,2640.00,2560.01,2588.34,2165012.477
2025-06-05T16:00:00Z,2588.35,2590.70,2506.00,2528.08,1793921.269
2025-06-05T20:00:00Z,2528.08,2534.79,2390.00,2412.90,2826419.660
2025-06-06T00:00:00Z,2412.90,2455.83,2379.62,2454.51,1153684.026
2025-06-06T04:00:00Z,2454.50,2468.43,2445.49,2454.18,745714.121
2025-06-06T08:00:00Z,2454.19,2492.03,2452.71,2474.93,815093.429
2025-06-06T12:00:00Z,2474.93,2529.67,2465.66,2508.29,1649226.869
2025-06-06T16:00:00Z,2508.28,2517.39,2482.21,2483.04,681493.984
2025-06-06T20:00:00Z,2483.04,2506.44,2471.51,2475.38,373807.114
2025-06-07T00:00:00Z,2475.38,2492.79,2455.85,2487.99,562304.031
2025-06-07T04:00:00Z,2487.99,2501.15,2478.75,2490.21,436170.860
2025-06-07T08:00:00Z,2490.21,2500.88,2480.25,2494.22,295912.887
2025-06-07T12:00:00Z,2494.23,2522.91,2491.28,2518.50,616927.623
2025-06-07T16:00:00Z,2518.50,2524.90,2505.61,2515.78,397391.702
2025-06-07T20:00:00Z,2515.78,2545.00,2515.78,2523.40,384207.658
2025-06-08T00:00:00Z,2523.41,2525.00,2507.25,2510.66,304361.554
2025-06-08T04:00:00Z,2510.66,2519.03,2507.25,2513.45,195997.002
2025-06-08T08:00:00Z,2513.46,2520.19,2483.28,2512.29,585488.919
2025-06-08T12:00:00Z,2512.29,2527.26,2498.68,2513.39,475955.891
2025-06-08T16:00:00Z,2513.38,2539.68,2511.48,2531.53,417830.619
2025-06-08T20:00:00Z,2531.54,2548.02,2497.41,2508.32,653318.554
2025-06-09T00:00:00Z,2508.31,2510.64,2480.40,2495.55,592287.740
2025-06-09T04:00:00Z,2495.55,2495.74,2475.83,2490.67,395793.047
2025-06-09T08:00:00Z,2490.67,2546.98,2483.03,2540.74,1177500.484
2025-06-09T12:00:00Z,2540.75,2547.97,2507.98,2532.98,970683.284
2025-06-09T16:00:00Z,2532.98,2589.33,2532.66,2579.45,1032215.720
2025-06-09T20:00:00Z,2579.46,2693.20,2574.54,2679.12,1404063.031
2025-06-10T00:00:00Z,2679.13,2726.83,2674.44,2688.26,1363440.805
2025-06-10T04:00:00Z,2688.26,2699.00,2655.00,2676.67,941983.645
2025-06-10T08:00:00Z,2676.67,2798.72,2669.01,2772.99,1670367.354
2025-06-10T12:00:00Z,2772.99,2778.50,2688.53,2731.83,2220486.109
2025-06-10T16:00:00Z,2731.84,2807.00,2727.05,2772.87,1329132.350
2025-06-10T20:00:00Z,2772.87,2827.00,2731.02,2815.74,1304747.252
2025-06-11T00:00:00Z,2815.74,2834.23,2771.14,2790.21,938015.800
2025-06-11T04:00:00Z,2790.21,2803.61,2778.80,2790.86,470951.583
2025-06-11T08:00:00Z,2790.86,2792.84,2753.01,2771.82,737858.849
2025-06-11T12:00:00Z,2771.82,2879.00,2762.88,2864.01,2768039.315
2025-06-11T16:00:00Z,2864.00,2874.98,2800.59,2811.94,1796803.452
2025-06-11T20:00:00Z,2811.93,2830.00,2742.57,2770.34,1202209.570
2025-06-12T00:00:00Z,2770.35,2783.90,2745.01,2763.99,870750.517
2025-06-12T04:00:00Z,2764.00,2775.75,2729.13,2739.45,769350.680
2025-06-12T08:00:00Z,2739.45,2760.94,2718.46,2728.76,908970.378
2025-06-12T12:00:00Z,2728.76,2772.52,2710.78,2718.25,1597660.237
2025-06-12T16:00:00Z,2718.24,2769.97,2690.01,2693.13,1386161.237
2025-06-12T20:00:00Z,2693.12,2702.38,2614.24,2641.38,1873001.218
2025-06-13T00:00:00Z,2641.38,2644.32,2433.80,2513.00,4910049.086
2025-06-13T04:00:00Z,2513.00,2541.11,2490.78,2525.13,1278994.741
2025-06-13T08:00:00Z,2525.14,2544.87,2505.35,2543.93,1188597.489
2025-06-13T12:00:00Z,2543.93,2562.57,2502.65,2550.26,1939511.167
2025-06-13T16:00:00Z,2550.26,2585.00,2508.70,2526.33,1349970.638
2025-06-13T20:00:00Z,2526.33,2582.16,2523.08,2578.09,498759.875
2025-06-14T00:00:00Z,2578.10,2578.18,2545.83,2547.74,488953.082
2025-06-14T04:00:00Z,2547.73,2555.45,2524.08,2535.82,434102.986
2025-06-14T08:00:00Z,2535.82,2538.70,2517.33,2537.00,485412.365
2025-06-14T12:00:00Z,2537.01,2545.40,2503.30,2518.22,639512.902
2025-06-14T16:00:00Z,2518.21,2525.07,2486.68,2506.31,999816.853
2025-06-14T20:00:00Z,2506.36,2539.16,2495.40,2529.66,517526.195
2025-06-15T00:00:00Z,2529.66,2539.90,2523.78,2529.05,289312.420
2025-06-15T04:00:00Z,2529.04,2552.23,2521.01,2527.33,636118.280
2025-06-15T08:00:00Z,2527.32,2528.96,2507.38,2515.19,456376.615
2025-06-15T12:00:00Z,2515.19,2555.00,2514.79,2540.79,789067.656
2025-06-15T16:00:00Z,2540.80,2559.76,2528.54,2535.94,490790.656
2025-06-15T20:00:00Z,2535.94,2549.42,2490.38,2546.32,836516.063
2025-06-16T00:00:00Z,2546.32,2578.00,2513.38,2567.60,931639.038
2025-06-16T04:00:00Z,2567.60,2637.70,2565.37,2627.71,1245019.081
2025-06-16T08:00:00Z,2627.72,2633.15,2591.62,2615.81,831117.756
2025-06-16T12:00:00Z,2615.80,2656.51,2603.34,2630.86,1211839.078
2025-06-16T16:00:00Z,2630.86,2668.90,2626.26,2659.20,771364.382
2025-06-16T20:00:00Z,2659.22,2680.00,2533.10,2543.12,2110670.661
2025-06-17T00:00:00Z,2543.11,2617.74,2524.00,2606.39,1643928.047
2025-06-17T04:00:00Z,2606.39,2609.69,2569.00,2581.13,692237.722
2025-06-17T08:00:00Z,2581.13,2584.37,2540.65,2551.25,780338.905
2025-06-17T12:00:00Z,2551.26,2567.39,2480.00,2497.75,1936684.116
2025-06-17T16:00:00Z,2497.76,2542.71,2451.97,2527.09,2072872.872
2025-06-17T20:00:00Z,2527.09,2533.83,2491.00,2508.99,878059.326
2025-06-18T00:00:00Z,2508.99,2535.31,2505.00,2526.87,561438.504
2025-06-18T04:00:00Z,2526.88,2545.10,2516.40,2532.33,525376.414
2025-06-18T08:00:00Z,2532.33,2547.35,2487.45,2512.59,1052630.235
2025-06-18T12:00:00Z,2512.60,2537.99,2465.00,2507.84,2115706.575
2025-06-18T16:00:00Z,2507.84,2520.09,2465.00,2491.24,1679946.788
2025-06-18T20:00:00Z,2491.25,2536.75,2481.50,2523.49,758607.152
2025-06-19T00:00:00Z,2523.50,2546.29,2505.52,2524.36,624508.847
2025-06-19T04:00:00Z,2524.35,2530.17,2513.01,2517.56,345035.785
2025-06-19T08:00:00Z,2517.56,2544.00,2517.55,2530.62,538241.729
2025-06-19T12:00:00Z,2530.61,2536.38,2488.76,2491.89,921652.562
2025-06-19T16:00:00Z,2491.88,2523.48,2483.58,2503.76,729587.211
2025-06-19T20:00:00Z,2503.77,2531.85,2501.59,2520.18,507720.547
2025-06-20T00:00:00Z,2520.17,2530.58,2511.18,2516.16,386590.064
2025-06-20T04:00:00Z,2516.16,2552.00,2502.44,2548.60,790265.848
2025-06-20T08:00:00Z,2548.60,2568.56,2540.00,2548.68,1012530.739
2025-06-20T12:00:00Z,2548.68,2558.63,2486.00,2492.46,1685818.916
2025-06-20T16:00:00Z,2492.47,2495.10,2363.88,2413.62,2960595.651
2025-06-20T20:00:00Z,2413.62,2437.20,2380.00,2405.42,888370.569
2025-06-21T00:00:00Z,2405.43,2431.44,2394.66,2424.33,529288.672
2025-06-21T04:00:00Z,2424.34,2427.25,2417.59,2425.63,274576.529
2025-06-21T08:00:00Z,2425.63,2447.96,2422.08,2441.43,587247.643
2025-06-21T12:00:00Z,2441.43,2444.10,2410.89,2422.37,787741.515
2025-06-21T16:00:00Z,2422.36,2427.39,2381.00,2384.02,855670.816
2025-06-21T20:00:00Z,2384.02,2408.10,2213.07,2294.63,3313256.274
2025-06-22T00:00:00Z,2294.64,2312.96,2243.19,2263.49,2193010.090
2025-06-22T04:00:00Z,2263.50,2297.40,2260.59,2269.74,745492.225
2025-06-22T08:00:00Z,2269.74,2279.08,2233.34,2272.00,1138897.715
2025-06-22T12:00:00Z,2272.00,2286.64,2155.10,2173.91,3824236.271
2025-06-22T16:00:00Z,2173.90,2219.11,2169.42,2182.96,1163775.320
2025-06-22T20:00:00Z,2182.97,2236.00,2111.00,2226.33,1911014.757
2025-06-23T00:00:00Z,2226.33,2259.37,2221.00,2233.89,780063.519
2025-06-23T04:00:00Z,2233.90,2277.77,2226.76,2257.50,914424.114
2025-06-23T08:00:00Z,2257.51,2273.47,2237.34,2252.16,657693.554
2025-06-23T12:00:00Z,2252.17,2317.00,2231.02,2247.17,2217435.913
2025-06-23T16:00:00Z,2247.16,2325.38,2187.01,2311.57,3035881.317
2025-06-23T20:00:00Z,2311.61,2440.00,2302.27,2410.39,2514103.620
2025-06-24T00:00:00Z,2410.40,2416.83,2388.05,2397.66,940167.174
2025-06-24T04:00:00Z,2397.66,2434.10,2390.00,2391.79,971566.814
2025-06-24T08:00:00Z,2391.78,2450.00,2374.90,2408.30,1457561.532
2025-06-24T12:00:00Z,2408.30,2455.98,2401.46,2437.00,1354130.236
2025-06-24T16:00:00Z,2437.00,2481.28,2416.00,2432.91,1553818.886
2025-06-24T20:00:00Z,2432.90,2448.82,2428.94,2447.58,395365.330
2025-06-25T00:00:00Z,2447.58,2467.84,2435.29,2442.85,618629.814
2025-06-25T04:00:00Z,2442.85,2449.93,2422.77,2443.45,561567.204
2025-06-25T08:00:00Z,2443.44,2447.61,2405.06,2427.96,963725.948
2025-06-25T12:00:00Z,2427.93,2445.87,2388.23,2404.48,1704481.503
2025-06-25T16:00:00Z,2404.48,2438.75,2400.22,2431.80,664699.186
2025-06-25T20:00:00Z,2431.79,2455.27,2406.69,2417.28,487021.558
2025-06-26T00:00:00Z,2417.28,2520.00,2415.68,2487.95,1384813.557
2025-06-26T04:00:00Z,2487.95,2499.85,2465.74,2489.00,648672.753
2025-06-26T08:00:00Z,2489.01,2499.65,2438.00,2449.23,888554.803
2025-06-26T12:00:00Z,2449.23,2458.93,2408.01,2432.00,1525301.187
2025-06-26T16:00:00Z,2432.00,2443.09,2416.63,2434.52,549742.962
2025-06-26T20:00:00Z,2434.51,2456.58,2392.12,2414.54,707909.250
2025-06-27T00:00:00Z,2414.59,2447.89,2377.00,2445.83,785672.789
2025-06-27T04:00:00Z,2445.84,2458.88,2433.33,2441.19,623010.328
2025-06-27T08:00:00Z,2441.20,2463.38,2433.99,2446.26,612862.630
2025-06-27T12:00:00Z,2446.27,2456.33,2412.50,2437.61,1017373.521
2025-06-27T16:00:00Z,2437.61,2448.69,2387.01,2411.72,985773.859
2025-06-27T20:00:00Z,2411.72,2429.00,2410.50,2422.06,350789.367
2025-06-28T00:00:00Z,2422.07,2423.06,2404.75,2419.70,281932.459
2025-06-28T04:00:00Z,2419.70,2433.00,2416.52,2430.55,249389.724
2025-06-28T08:00:00Z,2430.55,2431.25,2418.29,2426.26,224421.488
2025-06-28T12:00:00Z,2426.26,2443.99,2418.75,2435.08,250438.725
2025-06-28T16:00:00Z,2435.09,2447.42,2430.50,2432.38,359274.969
2025-06-28T20:00:00Z,2432.38,2441.37,2425.80,2434.80,168454.394
2025-06-29T00:00:00Z,2434.80,2441.68,2423.12,2426.85,199560.091
2025-06-29T04:00:00Z,2426.84,2439.60,2425.57,2439.58,173700.524
2025-06-29T08:00:00Z,2439.58,2463.96,2437.05,2460.82,587466.365
2025-06-29T12:00:00Z,2460.81,2462.14,2431.70,2435.36,497284.170
2025-06-29T16:00:00Z,2435.36,2441.71,2428.00,2436.81,283148.046
2025-06-29T20:00:00Z,2436.80,2524.41,2406.45,2499.25,1325636.004
2025-06-30T00:00:00Z,2499.25,2523.43,2494.18,2498.42,660423.780
2025-06-30T04:00:00Z,2498.43,2504.81,2453.94,2479.63,882527.342
2025-06-30T08:00:00Z,2479.63,2485.84,2445.20,2457.19,783903.016
2025-06-30T12:00:00Z,2457.19,2488.12,2431.87,2473.54,1355948.586
2025-06-30T16:00:00Z,2473.54,2517.49,2460.05,2514.78,980605.854
2025-06-30T20:00:00Z,2514.78,2521.59,2481.15,2484.30,509078.127
2025-07-01T00:00:00Z,2484.30,2499.60,2476.24,2484.36,416594.462
2025-07-01T04:00:00Z,2484.37,2484.70,2443.88,2464.02,834084.799
2025-07-01T08:00:00Z,2464.02,2464.02,2441.14,2448.14,465079.976
2025-07-01T12:00:00Z,2448.13,2455.30,2405.05,2422.49,1442880.685
2025-07-01T16:00:00Z,2422.49,2433.24,2400.00,2401.45,670882.473
2025-07-01T20:00:00Z,2401.45,2417.43,2383.33,2403.65,676653.635
2025-07-02T00:00:00Z,2403.66,2431.51,2367.53,2429.23,755580.925
2025-07-02T04:00:00Z,2429.22,2453.53,2424.13,2445.75,667585.557
2025-07-02T08:00:00Z,2445.76,2460.00,2440.32,2444.53,570139.751
2025-07-02T12:00:00Z,2444.53,2502.97,2430.42,2497.74,1332986.591
2025-07-02T16:00:00Z,2497.73,2607.36,2494.04,2603.65,2430964.502
2025-07-02T20:00:00Z,2603.64,2618.20,2568.09,2569.37,851809.443
2025-07-03T00:00:00Z,2569.37,2586.15,2555.25,2560.22,604326.811
2025-07-03T04:00:00Z,2560.21,2604.84,2558.27,2599.24,706792.152
2025-07-03T08:00:00Z,2599.24,2616.00,2580.24,2596.25,836532.847
2025-07-03T12:00:00Z,2596.25,2635.00,2563.77,2569.14,2209363.396
2025-07-03T16:00:00Z,2569.14,2591.31,2563.75,2584.63,600760.674
2025-07-03T20:00:00Z,2584.63,2602.76,2584.10,2590.17,310981.364
2025-07-04T00:00:00Z,2590.18,2601.96,2570.07,2576.66,432892.138
2025-07-04T04:00:00Z,2576.67,2584.01,2528.00,2533.85,1036995.167
2025-07-04T08:00:00Z,2533.85,2558.00,2525.77,2548.01,709906.332
2025-07-04T12:00:00Z,2548.01,2554.84,2494.42,2499.61,1434107.509
2025-07-04T16:00:00Z,2499.61,2502.66,2473.07,2481.59,952063.317
2025-07-04T20:00:00Z,2481.59,2519.60,2480.20,2506.86,467707.257
2025-07-05T00:00:00Z,2506.87,2523.94,2496.79,2517.30,337655.931
2025-07-05T04:00:00Z,2517.30,2528.86,2511.32,2520.35,300295.253
2025-07-05T08:00:00Z,2520.36,2524.73,2507.65,2516.82,309522.531
2025-07-05T12:00:00Z,2516.82,2520.96,2503.71,2506.88,319743.532
2025-07-05T16:00:00Z,2506.88,2512.29,2486.31,2504.41,504716.310
2025-07-05T20:00:00Z,2504.40,2521.74,2497.00,2515.25,239879.454
2025-07-06T00:00:00Z,2515.25,2519.82,2508.06,2513.77,180837.776
2025-07-06T04:00:00Z,2513.77,2526.09,2507.45,2516.90,280595.588
2025-07-06T08:00:00Z,2516.91,2517.64,2502.25,2514.73,338116.301
2025-07-06T12:00:00Z,2514.72,2569.40,2510.56,2557.69,1242565.065
2025-07-06T16:00:00Z,2557.69,2559.97,2522.69,2540.00,580072.484
2025-07-06T20:00:00Z,2540.01,2607.08,2539.00,2569.14,977977.949
2025-07-07T00:00:00Z,2569.14,2589.88,2549.03,2576.34,587935.204
2025-07-07T04:00:00Z,2576.34,2579.78,2558.62,2577.28,397485.013
2025-07-07T08:00:00Z,2577.28,2587.73,2551.23,2561.83,647745.617
2025-07-07T12:00:00Z,2561.83,2568.00,2525.88,2532.56,1344005.975
2025-07-07T16:00:00Z,2532.56,2557.00,2505.37,2542.86,1254256.481
2025-07-07T20:00:00Z,2542.85,2544.59,2522.04,2541.37,336429.483
2025-07-08T00:00:00Z,2541.36,2553.82,2522.07,2536.82,492351.796
2025-07-08T04:00:00Z,2536.82,2563.00,2530.72,2552.16,547321.503
2025-07-08T08:00:00Z,2552.16,2584.99,2542.00,2573.88,646689.423
2025-07-08T12:00:00Z,2573.88,2600.00,2556.36,2563.83,1079021.877
2025-07-08T16:00:00Z,2563.83,2627.83,2558.43,2609.23,1368277.075
2025-07-08T20:00:00Z,2609.22,2616.69,2595.31,2613.97,340794.570
2025-07-09T00:00:00Z,2613.97,2626.00,2588.49,2590.42,538893.869
2025-07-09T04:00:00Z,2590.42,2649.00,2589.43,2623.74,909680.335
2025-07-09T08:00:00Z,2623.75,2629.26,2602.54,2624.94,687417.658
2025-07-09T12:00:00Z,2624.95,2674.50,2622.63,2655.41,1802367.910
2025-07-09T16:00:00Z,2655.41,2795.73,2650.88,2763.56,2075027.197
2025-07-09T20:00:00Z,2763.56,2783.30,2730.20,2767.70,1255792.826
2025-07-10T00:00:00Z,2767.69,2798.00,2754.08,2774.51,712640.212
2025-07-10T04:00:00Z,2774.51,2822.23,2764.43,2789.54,1097323.676
2025-07-10T08:00:00Z,2789.54,2795.87,2771.08,2777.38,607880.478
2025-07-10T12:00:00Z,2777.38,2794.00,2756.72,2768.49,1221382.384
2025-07-10T16:00:00Z,2768.50,2839.29,2767.49,2814.61,2003963.745
2025-07-10T20:00:00Z,2814.61,3010.44,2811.20,2950.62,2933181.587
2025-07-11T00:00:00Z,2950.61,2974.06,2913.72,2968.51,971211.378
2025-07-11T04:00:00Z,2968.50,3028.48,2945.32,2967.80,1941649.453
2025-07-11T08:00:00Z,2967.79,3040.95,2960.51,2983.22,1598636.988
2025-07-11T12:00:00Z,2983.22,3008.90,2935.05,2950.45,1674438.458
2025-07-11T16:00:00Z,2950.46,3009.55,2936.00,3006.64,1089326.287
2025-07-11T20:00:00Z,3006.64,3008.76,2921.98,2956.93,881056.117
2025-07-12T00:00:00Z,2956.94,2969.96,2929.13,2964.89,386505.314
2025-07-12T04:00:00Z,2964.89,2978.00,2940.00,2961.70,500429.867
2025-07-12T08:00:00Z,2961.69,2979.00,2956.09,2962.54,339753.889
2025-07-12T12:00:00Z,2962.55,2967.08,2902.80,2914.83,1322574.914
2025-07-12T16:00:00Z,2914.83,2944.86,2909.38,2939.72,427432.585
2025-07-12T20:00:00Z,2939.71,2947.00,2913.54,2941.87,302326.081
2025-07-13T00:00:00Z,2941.88,2960.00,2934.88,2953.77,363850.858
2025-07-13T04:00:00Z,2953.77,2967.89,2948.11,2961.46,345341.225
2025-07-13T08:00:00Z,2961.47,2965.00,2943.05,2963.32,336609.103
2025-07-13T12:00:00Z,2963.32,3019.52,2957.87,2990.98,1180738.216
2025-07-13T16:00:00Z,2990.98,3009.78,2960.58,2987.92,578057.302
2025-07-13T20:00:00Z,2987.93,2997.48,2930.00,2970.37,698519.222
2025-07-14T00:00:00Z,2970.37,3051.91,2961.44,3036.37,1103831.107
2025-07-14T04:00:00Z,3036.37,3066.00,3015.88,3043.65,1320109.285
2025-07-14T08:00:00Z,3043.65,3083.00,3022.22,3051.10,1481138.068
2025-07-14T12:00:00Z,3051.10,3067.61,2990.69,3011.00,1552526.825
2025-07-14T16:00:00Z,3011.00,3029.00,2981.00,2999.12,833211.877
2025-07-14T20:00:00Z,2999.11,3017.75,2980.00,3012.26,365951.477
2025-07-15T00:00:00Z,3012.26,3022.50,2930.99,2950.90,1440427.666
2025-07-15T04:00:00Z,2950.90,2994.34,2933.22,2976.35,912885.254
2025-07-15T08:00:00Z,2976.36,2988.40,2958.00,2980.17,529162.847
2025-07-15T12:00:00Z,2980.16,3066.60,2965.78,3039.00,2861753.192
2025-07-15T16:00:00Z,3038.99,3098.00,3033.03,3040.87,1944393.473
2025-07-15T20:00:00Z,3040.86,3144.48,3029.37,3137.62,1007040.105
2025-07-16T00:00:00Z,3137.62,3153.84,3102.58,3115.08,908028.643
2025-07-16T04:00:00Z,3115.07,3174.00,3099.60,3160.55,1030192.393
2025-07-16T08:00:00Z,3160.55,3172.96,3143.00,3149.90,638200.399
2025-07-16T12:00:00Z,3149.90,3265.88,3146.26,3243.40,2667111.815
2025-07-16T16:00:00Z,3243.41,3384.90,3233.58,3382.52,2513097.064
2025-07-16T20:00:00Z,3382.50,3423.47,3342.24,3370.55,1647655.353
2025-07-17T00:00:00Z,3370.54,3398.56,3311.00,3330.04,1130486.073
2025-07-17T04:00:00Z,3330.03,3472.20,3320.03,3448.37,1608602.777
2025-07-17T08:00:00Z,3448.37,3482.62,3425.57,3434.69,1333952.461
2025-07-17T12:00:00Z,3434.68,3441.21,3362.00,3420.07,1708165.380
2025-07-17T16:00:00Z,3420.06,3454.00,3365.01,3410.77,1314457.856
2025-07-17T20:00:00Z,3410.77,3524.00,3370.66,3476.65,1735851.752
2025-07-18T00:00:00Z,3476.66,3628.99,3458.00,3596.83,1956613.689
2025-07-18T04:00:00Z,3596.82,3674.43,3576.00,3607.10,1765240.453
2025-07-18T08:00:00Z,3607.11,3631.00,3584.00,3612.00,999653.565
2025-07-18T12:00:00Z,3612.01,3673.72,3530.55,3564.70,2558559.704
2025-07-18T16:00:00Z,3564.70,3624.71,3536.23,3551.21,1238581.375
2025-07-18T20:00:00Z,3551.21,3578.00,3476.10,3546.36,1421561.075
2025-07-19T00:00:00Z,3546.36,3598.00,3505.00,3591.74,708758.825
2025-07-19T04:00:00Z,3591.74,3608.00,3566.00,3570.54,485878.925
2025-07-19T08:00:00Z,3570.54,3577.77,3536.78,3551.90,575881.175
2025-07-19T12:00:00Z,3551.89,3572.00,3525.72,3551.36,633517.011
2025-07-19T16:00:00Z,3551.36,3582.60,3531.53,3577.13,549586.865
2025-07-19T20:00:00Z,3577.13,3598.00,3536.08,3591.31,497921.616
2025-07-20T00:00:00Z,3591.32,3695.00,3578.05,3657.11,1025090.465
2025-07-20T04:00:00Z,3657.12,3689.00,3632.05,3667.38,826509.973
2025-07-20T08:00:00Z,3667.37,3770.00,3667.37,3755.70,1401004.139
2025-07-20T12:00:00Z,3755.70,3790.00,3724.00,3785.39,1122468.134
2025-07-20T16:00:00Z,3785.39,3826.00,3729.57,3748.85,1679795.569
2025-07-20T20:00:00Z,3748.85,3771.75,3680.00,3755.67,1180474.072
2025-07-21T00:00:00Z,3755.68,3765.86,3700.19,3756.86,814007.961
2025-07-21T04:00:00Z,3756.86,3812.00,3745.96,3786.97,856066.905
2025-07-21T08:00:00Z,3786.96,3838.00,3755.06,3808.80,1149982.544
2025-07-21T12:00:00Z,3808.88,3857.82,3773.63,3808.90,1578381.142
2025-07-21T16:00:00Z,3808.89,3815.86,3718.00,3734.90,1773107.943
2025-07-21T20:00:00Z,3734.90,3778.81,3716.35,3760.96,501032.816
2025-07-22T00:00:00Z,3760.95,3798.58,3693.22,3730.38,1346316.730
2025-07-22T04:00:00Z,3730.38,3733.28,3651.00,3676.44,1428363.598
2025-07-22T08:00:00Z,3676.44,3719.38,3616.53,3704.39,1583825.799
2025-07-22T12:00:00Z,3704.40,3728.97,3626.00,3717.74,1743770.552
2025-07-22T16:00:00Z,3717.74,3750.00,3654.54,3668.91,1206318.524
2025-07-22T20:00:00Z,3668.90,3751.61,3660.84,3746.01,623191.003
2025-07-23T00:00:00Z,3746.02,3764.08,3712.00,3728.00,896152.493
2025-07-23T04:00:00Z,3728.00,3737.20,3663.00,3672.27,730780.764
2025-07-23T08:00:00Z,3672.27,3698.49,3638.77,3670.91,870532.357
2025-07-23T12:00:00Z,3670.90,3680.03,3580.00,3643.55,2034729.704
2025-07-23T16:00:00Z,3643.55,3643.55,3553.00,3587.06,1276174.247
2025-07-23T20:00:00Z,3587.06,3634.98,3526.50,3627.49,1153814.812
2025-07-24T00:00:00Z,3627.50,3664.87,3610.78,3640.31,627378.065
2025-07-24T04:00:00Z,3640.31,3657.25,3505.00,3589.94,1797935.278
2025-07-24T08:00:00Z,3589.94,3660.00,3579.12,3654.32,1380823.592
2025-07-24T12:00:00Z,3654.33,3772.63,3611.11,3730.46,2058258.449
2025-07-24T16:00:00Z,3730.47,3753.65,3665.80,3730.81,1285702.463
2025-07-24T20:00:00Z,3730.80,3741.95,3693.71,3706.20,635771.768
2025-07-25T00:00:00Z,3706.22,3707.46,3570.13,3594.25,1632653.720
2025-07-25T04:00:00Z,3594.25,3666.81,3576.84,3630.68,1486432.754
2025-07-25T08:00:00Z,3630.68,3746.42,3627.41,3720.00,1461051.957
2025-07-25T12:00:00Z,3720.01,3734.43,3600.00,3631.91,1593107.569
2025-07-25T16:00:00Z,3631.91,3658.50,3615.11,3639.56,578003.791
2025-07-25T20:00:00Z,3639.55,3729.53,3637.42,3724.17,662107.414
2025-07-26T00:00:00Z,3724.18,3766.83,3694.56,3738.01,690149.936
2025-07-26T04:00:00Z,3738.00,3756.40,3729.32,3741.03,280468.172
2025-07-26T08:00:00Z,3741.04,3783.62,3725.00,3738.44,835767.667
2025-07-26T12:00:00Z,3738.43,3753.00,3714.14,3734.51,553003.537
2025-07-26T16:00:00Z,3734.52,3756.38,3705.92,3749.33,449837.559
2025-07-26T20:00:00Z,3749.32,3795.20,3731.11,3740.00,518603.197
2025-07-27T00:00:00Z,3740.00,3787.22,3728.36,3772.92,379033.623
2025-07-27T04:00:00Z,3772.91,3810.28,3761.01,3766.50,595842.820
2025-07-27T08:00:00Z,3766.50,3840.00,3747.32,3814.16,969625.625
2025-07-27T12:00:00Z,3814.17,3836.00,3790.61,3817.66,663321.364
2025-07-27T16:00:00Z,3817.67,3868.97,3807.83,3827.35,875077.825
2025-07-27T20:00:00Z,3827.35,3878.53,3814.49,3871.47,578434.501
2025-07-28T00:00:00Z,3871.48,3907.88,3841.69,3878.47,969320.576
2025-07-28T04:00:00Z,3878.46,3940.81,3867.00,3892.01,1252691.757
2025-07-28T08:00:00Z,3892.00,3903.20,3856.61,3878.59,589540.124
2025-07-28T12:00:00Z,3878.59,3888.80,3770.01,3806.09,1934388.261
2025-07-28T16:00:00Z,3806.09,3821.00,3751.03,3796.02,986275.679
2025-07-28T20:00:00Z,3796.01,3802.92,3763.47,3796.00,558574.529
2025-07-29T00:00:00Z,3795.99,3819.99,3727.21,3790.46,1082309.264
2025-07-29T04:00:00Z,3790.46,3879.57,3773.86,3876.56,948623.913
2025-07-29T08:00:00Z,3876.56,3885.43,3810.15,3824.65,952121.388
2025-07-29T12:00:00Z,3824.64,3874.97,3745.01,3759.52,1685108.273
2025-07-29T16:00:00Z,3759.52,3795.00,3712.24,3763.78,1278988.996
2025-07-29T20:00:00Z,3763.78,3799.78,3740.00,3791.55,599092.325
2025-07-30T00:00:00Z,3791.55,3827.99,3753.69,3815.62,630457.661
2025-07-30T04:00:00Z,3815.62,3832.61,3785.10,3809.13,563397.753
2025-07-30T08:00:00Z,3809.12,3824.26,3742.00,3756.61,866405.174
2025-07-30T12:00:00Z,3756.61,3830.94,3747.47,3795.76,1171205.043
2025-07-30T16:00:00Z,3795.77,3821.36,3670.00,3758.70,1849502.383
2025-07-30T20:00:00Z,3758.69,3811.13,3739.62,3808.67,677820.724
2025-07-31T00:00:00Z,3808.67,3867.00,3799.78,3861.97,762213.047
2025-07-31T04:00:00Z,3861.97,3878.00,3853.18,3862.16,434581.655
2025-07-31T08:00:00Z,3862.15,3872.98,3824.05,3836.87,475804.232
2025-07-31T12:00:00Z,3836.87,3844.01,3760.16,3786.01,1492245.741
2025-07-31T16:00:00Z,3786.01,3816.99,3733.00,3736.19,1141794.881
2025-07-31T20:00:00Z,3736.20,3757.15,3682.23,3696.58,1090695.200
2025-08-01T00:00:00Z,3696.57,3722.90,3613.67,3703.49,1649037.303
2025-08-01T04:00:00Z,3703.49,3703.49,3622.22,3648.67,1060678.646
2025-08-01T08:00:00Z,3648.66,3648.66,3583.44,3641.04,1101742.019
2025-08-01T12:00:00Z,3641.04,3674.84,3562.05,3614.49,2072546.150
2025-08-01T16:00:00Z,3614.50,3632.74,3514.00,3517.57,1728308.014
2025-08-01T20:00:00Z,3517.57,3551.89,3428.86,3486.42,1581260.135
2025-08-02T00:00:00Z,3486.41,3531.27,3476.57,3527.15,577008.703
2025-08-02T04:00:00Z,3527.15,3536.48,3453.14,3517.68,874769.256
2025-08-02T08:00:00Z,3517.67,3523.00,3472.01,3506.93,669038.801
2025-08-02T12:00:00Z,3506.93,3516.48,3449.42,3457.50,818419.056
2025-08-02T16:00:00Z,3457.50,3479.60,3371.13,3381.35,1684732.822
2025-08-02T20:00:00Z,3381.34,3442.49,3366.50,3392.42,800097.852
2025-08-03T00:00:00Z,3392.42,3450.84,3353.51,3441.97,833279.151
2025-08-03T04:00:00Z,3441.98,3458.67,3432.10,3454.23,380442.783
2025-08-03T08:00:00Z,3454.23,3514.00,3451.82,3483.40,693244.511
2025-08-03T12:00:00Z,3483.41,3502.68,3452.79,3474.65,689136.360
2025-08-03T16:00:00Z,3474.66,3513.64,3465.97,3495.32,425377.371
2025-08-03T20:00:00Z,3495.33,3520.97,3481.58,3495.00,406051.051
2025-08-04T00:00:00Z,3495.01,3575.00,3489.28,3555.00,821270.164
2025-08-04T04:00:00Z,3555.00,3564.43,3518.36,3550.66,569671.566
2025-08-04T08:00:00Z,3550.67,3573.63,3539.79,3554.00,498385.286
2025-08-04T12:00:00Z,3554.01,3663.88,3549.16,3646.59,1579128.882
2025-08-04T16:00:00Z,3646.60,3716.93,3646.41,3668.14,1138525.156
2025-08-04T20:00:00Z,3668.14,3735.00,3658.90,3719.42,709531.339
2025-08-05T00:00:00Z,3719.41,3720.10,3646.72,3650.40,645083.762
2025-08-05T04:00:00Z,3650.40,3678.35,3598.74,3611.76,978562.665
2025-08-05T08:00:00Z,3611.76,3692.30,3606.65,3672.58,842260.219
2025-08-05T12:00:00Z,3672.58,3678.89,3555.00,3568.46,2020149.308
2025-08-05T16:00:00Z,3568.46,3611.00,3558.00,3570.18,753786.648
2025-08-05T20:00:00Z,3570.18,3623.98,3542.58,3610.19,575325.544
2025-08-06T00:00:00Z,3610.19,3612.48,3562.34,3582.02,550941.608
2025-08-06T04:00:00Z,3582.03,3661.40,3568.00,3638.40,795083.238
2025-08-06T08:00:00Z,3638.39,3644.00,3608.00,3618.16,558189.693
2025-08-06T12:00:00Z,3618.15,3668.00,3571.05,3662.65,1208790.532
2025-08-06T16:00:00Z,3662.66,3697.39,3636.78,3682.13,773389.743
2025-08-06T20:00:00Z,3682.13,3684.92,3648.19,3681.21,312642.372
2025-08-07T00:00:00Z,3681.21,3716.38,3645.78,3655.06,597181.105
2025-08-07T04:00:00Z,3655.06,3710.00,3653.45,3701.00,453497.089
2025-08-07T08:00:00Z,3701.00,3841.45,3700.88,3825.66,1663381.778
2025-08-07T12:00:00Z,3825.67,3864.54,3802.57,3835.15,1353895.586
2025-08-07T16:00:00Z,3835.15,3875.00,3777.14,3865.48,1002993.494
2025-08-07T20:00:00Z,3865.47,3926.38,3849.00,3908.40,866153.174
2025-08-08T00:00:00Z,3908.40,3968.81,3876.70,3938.05,1235680.482
2025-08-08T04:00:00Z,3938.05,3938.40,3892.96,3914.88,544729.004
2025-08-08T08:00:00Z,3914.87,3926.89,3883.11,3916.29,490087.246
2025-08-08T12:00:00Z,3916.28,4011.09,3890.06,3953.00,2029847.252
2025-08-08T16:00:00Z,3953.00,4066.00,3949.41,4059.99,1324961.660
2025-08-08T20:00:00Z,4060.00,4070.00,4005.52,4009.05,520037.213
2025-08-09T00:00:00Z,4009.04,4050.91,4005.02,4049.33,462895.387
2025-08-09T04:00:00Z,4049.34,4220.00,4043.26,4169.70,1918245.883
2025-08-09T08:00:00Z,4169.71,4248.87,4164.38,4189.39,1186053.816
2025-08-09T12:00:00Z,4189.39,4225.50,4152.57,4207.51,1038277.884
2025-08-09T16:00:00Z,4207.52,4271.10,4191.00,4256.64,719998.496
2025-08-09T20:00:00Z,4256.64,4325.24,4238.74,4259.10,1222561.264
2025-08-10T00:00:00Z,4259.11,4331.99,4205.00,4241.14,1287012.134
2025-08-10T04:00:00Z,4241.14,4263.35,4175.51,4184.36,871237.224
2025-08-10T08:00:00Z,4184.36,4232.00,4161.02,4179.11,813548.341
2025-08-10T12:00:00Z,4179.11,4237.87,4160.00,4216.12,770699.165
2025-08-10T16:00:00Z,4216.11,4257.96,4212.75,4247.20,385785.208
2025-08-10T20:00:00Z,4247.20,4252.82,4184.05,4248.77,616842.579
2025-08-11T00:00:00Z,4248.77,4346.00,4236.36,4307.77,1214417.770
2025-08-11T04:00:00Z,4307.78,4349.67,4263.92,4272.93,738160.346
2025-08-11T08:00:00Z,4272.93,4284.30,4168.03,4183.51,1093842.092
2025-08-11T12:00:00Z,4183.51,4331.50,4164.23,4328.88,2138971.772
2025-08-11T16:00:00Z,4328.88,4370.00,4232.00,4257.53,1375427.055
2025-08-11T20:00:00Z,4257.53,4257.53,4185.60,4221.31,719819.310
2025-08-12T00:00:00Z,4221.31,4309.82,4216.61,4284.20,735084.532
2025-08-12T04:00:00Z,4284.20,4320.63,4266.00,4314.23,709116.225
2025-08-12T08:00:00Z,4314.23,4332.74,4255.56,4289.35,765692.650
2025-08-12T12:00:00Z,4289.35,4482.30,4276.10,4470.98,3031824.495
2025-08-12T16:00:00Z,4470.98,4519.00,4438.00,4515.17,1596330.126
2025-08-12T20:00:00Z,4515.18,4640.00,4501.45,4589.31,1640669.135
2025-08-13T00:00:00Z,4589.31,4656.62,4562.59,4645.39,1089244.545
2025-08-13T04:00:00Z,4645.40,4682.00,4605.90,4624.29,976286.879
2025-08-13T08:00:00Z,4624.29,4716.00,4607.00,4689.37,1115915.830
2025-08-13T12:00:00Z,4689.38,4736.76,4613.11,4664.79,2254710.224
2025-08-13T16:00:00Z,4664.79,4752.54,4660.82,4738.72,1420236.562
2025-08-13T20:00:00Z,4738.73,4783.62,4694.55,4748.37,1103638.445
2025-08-14T00:00:00Z,4748.36,4781.60,4706.00,4774.86,929258.273
2025-08-14T04:00:00Z,4774.85,4794.00,4717.00,4748.99,1108244.428
2025-08-14T08:00:00Z,4748.99,4767.00,4669.00,4719.00,1112084.956
2025-08-14T12:00:00Z,4718.99,4736.99,4455.00,4617.61,4641081.618
2025-08-14T16:00:00Z,4617.61,4623.22,4478.80,4536.06,1693634.716
2025-08-14T20:00:00Z,4536.07,4570.79,4451.00,4545.26,958255.679
2025-08-15T00:00:00Z,4545.26,4647.99,4535.27,4632.63,858558.937
2025-08-15T04:00:00Z,4632.63,4661.63,4603.45,4639.46,602739.481
2025-08-15T08:00:00Z,4639.46,4666.00,4610.65,4632.40,549094.173
2025-08-15T12:00:00Z,4632.41,4670.23,4392.53,4428.72,2890571.367
2025-08-15T16:00:00Z,4428.72,4463.09,4371.00,4381.05,1715307.960
2025-08-15T20:00:00Z,4381.05,4489.30,4364.00,4437.16,804061.223
2025-08-16T00:00:00Z,4437.15,4488.33,4422.16,4430.97,669792.581
2025-08-16T04:00:00Z,4430.97,4462.24,4407.00,4449.48,431151.450
2025-08-16T08:00:00Z,4449.48,4457.44,4370.00,4385.89,878657.108
2025-08-16T12:00:00Z,4385.90,4426.74,4373.00,4398.00,640184.123
2025-08-16T16:00:00Z,4398.00,4440.00,4388.00,4416.30,334266.974
2025-08-16T20:00:00Z,4416.30,4436.24,4400.00,4420.22,232902.612
2025-08-17T00:00:00Z,4420.22,4456.72,4392.45,4450.43,435325.778
2025-08-17T04:00:00Z,4450.44,4488.82,4441.41,4465.00,577950.305
2025-08-17T08:00:00Z,4464.99,4574.95,4456.63,4549.58,998341.027
2025-08-17T12:00:00Z,4549.59,4563.66,4516.00,4559.58,544157.161
2025-08-17T16:00:00Z,4559.58,4564.59,4417.17,4457.55,1023946.125
2025-08-17T20:00:00Z,4457.55,4532.15,4454.44,4470.66,566408.780
2025-08-18T00:00:00Z,4470.66,4480.00,4277.00,4318.43,2083009.950
2025-08-18T04:00:00Z,4318.43,4346.00,4228.00,4255.03,1552120.940
2025-08-18T08:00:00Z,4255.03,4322.00,4224.10,4272.91,1382313.528
2025-08-18T12:00:00Z,4272.90,4368.01,4269.14,4343.22,1663804.296
2025-08-18T16:00:00Z,4343.23,4383.67,4297.59,4353.36,927703.662
2025-08-18T20:00:00Z,4353.37,4386.21,4302.36,4311.73,624033.383
2025-08-19T00:00:00Z,4311.72,4354.22,4210.71,4217.43,1244051.850
2025-08-19T04:00:00Z,4217.43,4248.93,4192.01,4232.61,892311.011
2025-08-19T08:00:00Z,4232.61,4315.71,4216.31,4307.30,801053.225
2025-08-19T12:00:00Z,4307.29,4340.00,4167.00,4190.32,2151654.298
2025-08-19T16:00:00Z,4190.33,4205.29,4112.36,4141.29,1573791.565
2025-08-19T20:00:00Z,4141.28,4164.03,4064.96,4073.94,978250.237
2025-08-20T00:00:00Z,4073.93,4156.29,4060.00,4139.00,1106408.785
2025-08-20T04:00:00Z,4138.99,4209.83,4137.30,4183.66,702800.697
2025-08-20T08:00:00Z,4183.66,4240.00,4146.24,4193.49,1115301.026
2025-08-20T12:00:00Z,4193.48,4306.55,4104.33,4253.47,2502508.918
2025-08-20T16:00:00Z,4253.46,4363.00,4252.72,4344.33,1607244.173
2025-08-20T20:00:00Z,4344.32,4376.13,4318.82,4334.50,635745.911
2025-08-21T00:00:00Z,4334.50,4338.94,4275.64,4293.49,708674.818
2025-08-21T04:00:00Z,4293.48,4319.71,4268.33,4309.16,504232.265
2025-08-21T08:00:00Z,4309.16,4313.53,4254.35,4277.01,729102.739
2025-08-21T12:00:00Z,4277.00,4327.46,4224.50,4240.91,1616510.013
2025-08-21T16:00:00Z,4240.91,4273.17,4206.00,4222.03,856649.089
2025-08-21T20:00:00Z,4222.02,4260.00,4202.00,4223.70,522200.378
2025-08-22T00:00:00Z,4223.69,4313.51,4220.08,4276.98,686192.115
2025-08-22T04:00:00Z,4276.98,4344.00,4270.37,4325.99,761860.091
2025-08-22T08:00:00Z,4326.00,4352.97,4271.10,4272.72,818505.596
2025-08-22T12:00:00Z,4272.71,4666.00,4206.00,4613.93,5114968.127
2025-08-22T16:00:00Z,4613.93,4858.00,4613.93,4832.06,3296103.971
2025-08-22T20:00:00Z,4832.06,4888.49,4795.32,4830.37,1306653.733
2025-08-23T00:00:00Z,4830.36,4830.37,4662.25,4694.47,1369739.122
2025-08-23T04:00:00Z,4694.46,4765.05,4693.62,4712.85,714003.405
2025-08-23T08:00:00Z,4712.86,4744.97,4688.95,4703.60,531872.305
2025-08-23T12:00:00Z,4703.61,4769.00,4691.36,4749.17,750582.436
2025-08-23T16:00:00Z,4749.17,4760.45,4725.31,4756.75,298385.887
2025-08-23T20:00:00Z,4756.76,4797.24,4736.00,4777.26,332696.506
2025-08-24T00:00:00Z,4777.25,4816.55,4752.13,4787.76,525510.539
2025-08-24T04:00:00Z,4787.76,4799.53,4755.40,4757.66,362935.268
2025-08-24T08:00:00Z,4757.66,4785.71,4717.68,4745.95,606341.511
2025-08-24T12:00:00Z,4745.95,4829.66,4736.85,4796.28,768608.561
2025-08-24T16:00:00Z,4796.28,4957.67,4740.72,4811.25,2588947.531
2025-08-24T20:00:00Z,4811.25,4823.00,4702.47,4778.32,1509052.441
2025-08-25T00:00:00Z,4778.33,4796.80,4667.24,4725.46,1072975.043
2025-08-25T04:00:00Z,4725.46,4737.74,4580.82,4589.60,1273479.594
2025-08-25T08:00:00Z,4589.60,4613.64,4518.00,4598.00,1485265.184
2025-08-25T12:00:00Z,4597.99,4683.26,4583.27,4610.31,1699711.678
2025-08-25T16:00:00Z,4610.31,4644.71,4413.03,4418.75,1634992.441
2025-08-25T20:00:00Z,4418.77,4444.20,4331.15,4374.25,1938052.985
2025-08-26T00:00:00Z,4374.25,4449.55,4310.00,4400.50,1354094.883
2025-08-26T04:00:00Z,4400.52,4453.78,4391.61,4427.16,752770.931
2025-08-26T08:00:00Z,4427.15,4465.00,4403.00,4425.57,648548.450
2025-08-26T12:00:00Z,4425.57,4576.31,4403.01,4516.17,2385362.668
2025-08-26T16:00:00Z,4516.16,4595.73,4494.19,4593.84,992246.486
2025-08-26T20:00:00Z,4593.82,4632.92,4559.50,4598.49,700100.297
2025-08-27T00:00:00Z,4598.50,4625.00,4538.00,4601.07,758967.128
2025-08-27T04:00:00Z,4601.08,4643.93,4557.06,4578.59,776015.079
2025-08-27T08:00:00Z,4578.59,4618.76,4553.00,4606.37,651846.516
2025-08-27T12:00:00Z,4606.37,4662.50,4572.90,4655.31,1494647.613
2025-08-27T16:00:00Z,4655.31,4655.92,4530.01,4563.23,910005.376
2025-08-27T20:00:00Z,4563.23,4612.85,4479.01,4504.84,1175137.002
2025-08-28T00:00:00Z,4504.86,4547.11,4465.00,4539.38,595929.097
2025-08-28T04:00:00Z,4539.39,4600.00,4532.28,4594.81,578779.364
2025-08-28T08:00:00Z,4594.81,4633.12,4580.00,4592.72,592179.043
2025-08-28T12:00:00Z,4592.72,4612.93,4482.01,4502.04,1222990.323
2025-08-28T16:00:00Z,4502.04,4528.77,4432.50,4436.18,969948.233
2025-08-28T20:00:00Z,4436.18,4513.71,4425.00,4509.10,466611.859
2025-08-29T00:00:00Z,4509.10,4514.66,4432.09,4487.57,630198.345
2025-08-29T04:00:00Z,4487.56,4495.70,4365.10,4379.03,824561.042
2025-08-29T08:00:00Z,4379.03,4396.55,4316.20,4344.43,1008368.224
2025-08-29T12:00:00Z,4344.43,4456.24,4264.29,4313.87,2409219.530
2025-08-29T16:00:00Z,4313.88,4365.27,4293.60,4338.78,811655.251
2025-08-29T20:00:00Z,4338.79,4378.50,4302.90,4358.65,525651.719
2025-08-30T00:00:00Z,4358.65,4381.97,4254.97,4350.85,1019490.663
2025-08-30T04:00:00Z,4350.86,4414.45,4345.07,4399.80,551427.643
2025-08-30T08:00:00Z,4399.80,4406.03,4376.24,4389.93,303635.188
2025-08-30T12:00:00Z,4389.93,4391.87,4329.45,4373.71,601987.777
2025-08-30T16:00:00Z,4373.71,4373.71,4333.00,4352.33,266145.726
2025-08-30T20:00:00Z,4352.32,4376.60,4332.00,4372.00,200027.995
2025-08-31T00:00:00Z,4372.00,4488.36,4370.33,4485.72,758814.852
2025-08-31T04:00:00Z,4485.75,4489.85,4431.08,4448.77,424412.510
2025-08-31T08:00:00Z,4448.77,4482.46,4438.00,4474.53,464540.558
2025-08-31T12:00:00Z,4474.54,4498.00,4448.00,4482.47,560073.905
2025-08-31T16:00:00Z,4482.48,4489.00,4451.42,4453.25,346401.925
2025-08-31T20:00:00Z,4453.24,4475.91,4374.66,4389.58,601783.784
2025-09-01T00:00:00Z,4389.58,4429.91,4356.61,4401.34,861437.054
2025-09-01T04:00:00Z,4401.35,4462.47,4356.79,4461.11,741183.275
2025-09-01T08:00:00Z,4461.10,4490.00,4380.01,4390.87,978001.962
2025-09-01T12:00:00Z,4390.88,4422.17,4342.03,4359.69,773215.734
2025-09-01T16:00:00Z,4359.68,4369.78,4307.25,4366.18,683853.045
2025-09-01T20:00:00Z,4366.17,4366.56,4205.49,4313.00,1409802.813
2025-09-02T00:00:00Z,4313.00,4393.96,4289.12,4365.22,699295.208
2025-09-02T04:00:00Z,4365.23,4414.73,4358.97,4375.44,562670.491
2025-09-02T08:00:00Z,4375.44,4407.06,4339.31,4346.05,511092.356
2025-09-02T12:00:00Z,4346.05,4395.20,4268.87,4293.12,1964096.223
2025-09-02T16:00:00Z,4293.12,4329.96,4254.33,4272.47,929161.863
2025-09-02T20:00:00Z,4272.47,4336.08,4264.03,4324.59,456291.353
2025-09-03T00:00:00Z,4324.58,4354.00,4281.00,4332.55,546933.921
2025-09-03T04:00:00Z,4332.55,4340.90,4285.00,4307.83,464559.321
2025-09-03T08:00:00Z,4307.84,4383.93,4300.31,4369.58,611975.505
2025-09-03T12:00:00Z,4369.58,4484.26,4339.56,4477.00,1417869.852
2025-09-03T16:00:00Z,4476.99,4488.36,4452.08,4472.82,559318.293
2025-09-03T20:00:00Z,4472.83,4480.00,4437.10,4448.22,279734.269
2025-09-04T00:00:00Z,4448.22,4480.99,4386.72,4396.12,734298.085
2025-09-04T04:00:00Z,4396.12,4413.22,4353.36,4368.80,685948.506
2025-09-04T08:00:00Z,4368.80,4432.00,4362.13,4404.40,629798.247
2025-09-04T12:00:00Z,4404.40,4426.86,4291.00,4302.61,1553749.131
2025-09-04T16:00:00Z,4302.62,4320.99,4263.00,4273.83,802520.735
2025-09-04T20:00:00Z,4273.83,4351.23,4270.41,4295.68,487801.982
2025-09-05T00:00:00Z,4295.68,4333.43,4287.16,4326.50,484060.089
2025-09-05T04:00:00Z,4326.51,4426.77,4314.05,4415.00,755564.431
2025-09-05T08:00:00Z,4415.00,4425.00,4370.50,4415.57,817838.363
2025-09-05T12:00:00Z,4415.56,4494.45,4252.47,4280.44,3213979.354
2025-09-05T16:00:00Z,4280.45,4329.53,4270.00,4328.97,613184.113
2025-09-05T20:00:00Z,4328.96,4340.88,4285.00,4305.71,441731.135
2025-09-06T00:00:00Z,4305.71,4327.00,4300.67,4318.36,205969.662
2025-09-06T04:00:00Z,4318.36,4318.36,4288.40,4310.35,215082.980
2025-09-06T08:00:00Z,4310.35,4313.36,4283.55,4298.08,228351.068
2025-09-06T12:00:00Z,4298.08,4307.10,4260.11,4267.68,412635.707
2025-09-06T16:00:00Z,4267.69,4304.00,4220.00,4253.95,810187.765
2025-09-06T20:00:00Z,4253.95,4286.57,4251.50,4271.69,275327.585
2025-09-07T00:00:00Z,4271.68,4302.51,4269.00,4295.07,267630.918
2025-09-07T04:00:00Z,4295.08,4305.88,4276.78,4293.00,220372.472
2025-09-07T08:00:00Z,4293.00,4313.99,4290.00,4308.76,285883.549
2025-09-07T12:00:00Z,4308.77,4309.89,4286.52,4297.16,265933.375
2025-09-07T16:00:00Z,4297.17,4299.72,4267.44,4291.32,326459.939
2025-09-07T20:00:00Z,4291.31,4336.05,4279.02,4303.84,345190.299
2025-09-08T00:00:00Z,4303.83,4329.50,4276.21,4310.00,427800.138
2025-09-08T04:00:00Z,4310.00,4312.37,4284.77,4289.82,311892.121
2025-09-08T08:00:00Z,4289.82,4336.82,4285.78,4310.47,694843.659
2025-09-08T12:00:00Z,4310.46,4382.75,4303.61,4369.82,1022507.995
2025-09-08T16:00:00Z,4369.82,4371.88,4282.00,4291.27,708127.874
2025-09-08T20:00:00Z,4291.28,4331.00,4280.22,4303.98,381238.828
2025-09-09T00:00:00Z,4303.97,4313.91,4275.00,4304.98,420675.437
2025-09-09T04:00:00Z,4304.99,4380.77,4300.03,4360.43,763937.858
2025-09-09T08:00:00Z,4360.42,4366.33,4340.00,4345.83,389579.378
2025-09-09T12:00:00Z,4345.83,4366.43,4275.00,4282.64,1371314.625
2025-09-09T16:00:00Z,4282.64,4297.99,4276.00,4292.55,342003.671
2025-09-09T20:00:00Z,4292.55,4318.71,4279.00,4308.40,236048.646
2025-09-10T00:00:00Z,4308.41,4325.53,4283.00,4318.84,374454.510
2025-09-10T04:00:00Z,4318.83,4332.25,4292.66,4327.66,347615.992
2025-09-10T08:00:00Z,4327.67,4333.01,4305.57,4329.58,348608.498
2025-09-10T12:00:00Z,4329.58,4453.56,4328.00,4403.50,1855990.173
2025-09-10T16:00:00Z,4403.49,4407.35,4297.01,4320.26,1151643.028
2025-09-10T20:00:00Z,4320.26,4354.69,4318.33,4347.83,353911.273
2025-09-11T00:00:00Z,4347.83,4407.00,4336.80,4402.00,429175.446
2025-09-11T04:00:00Z,4402.01,4450.27,4393.66,4439.00,750583.540
2025-09-11T08:00:00Z,4439.00,4441.67,4404.77,4428.06,472689.278
2025-09-11T12:00:00Z,4428.06,4483.44,4328.88,4410.41,1844396.410
2025-09-11T16:00:00Z,4410.40,4440.00,4405.00,4422.31,363195.627
2025-09-11T20:00:00Z,4422.36,4467.85,4413.16,4456.86,375790.336
2025-09-12T00:00:00Z,4456.87,4538.60,4448.35,4503.61,936935.846
2025-09-12T04:00:00Z,4503.61,4562.00,4498.08,4524.39,584089.461
2025-09-12T08:00:00Z,4524.39,4534.76,4502.30,4519.32,430740.169
2025-09-12T12:00:00Z,4519.32,4570.00,4501.66,4540.16,784673.663
2025-09-12T16:00:00Z,4540.15,4658.80,4531.76,4656.00,1003013.565
2025-09-12T20:00:00Z,4656.00,4750.00,4628.05,4710.83,1079748.500
2025-09-13T00:00:00Z,4710.82,4768.00,4690.40,4754.75,587755.103
2025-09-13T04:00:00Z,4754.76,4755.20,4699.03,4709.69,478672.279
2025-09-13T08:00:00Z,4709.70,4738.33,4706.70,4717.86,274861.599
2025-09-13T12:00:00Z,4717.86,4729.48,4635.00,4651.44,888975.180
2025-09-13T16:00:00Z,4651.44,4665.02,4603.00,4635.85,715641.170
2025-09-13T20:00:00Z,4635.84,4670.94,4634.87,4664.74,225782.484
2025-09-14T00:00:00Z,4664.74,4691.30,4648.33,4661.00,301812.240
2025-09-14T04:00:00Z,4661.01,4679.99,4630.82,4648.81,311832.220
2025-09-14T08:00:00Z,4648.81,4672.61,4623.96,4632.87,329869.350
2025-09-14T12:00:00Z,4632.88,4642.94,4575.00,4580.22,944498.034
2025-09-14T16:00:00Z,4580.22,4628.00,4577.50,4613.96,339868.401
2025-09-14T20:00:00Z,4613.95,4635.00,4596.32,4602.00,283379.666
2025-09-15T00:00:00Z,4602.00,4641.81,4578.01,4634.46,399031.270
2025-09-15T04:00:00Z,4634.46,4668.00,4585.16,4594.94,717598.034
2025-09-15T08:00:00Z,4594.94,4594.94,4495.72,4528.25,1306452.441
2025-09-15T12:00:00Z,4528.25,4540.14,4463.00,4497.46,1103082.053
2025-09-15T16:00:00Z,4497.46,4512.32,4472.49,4491.80,443560.925
2025-09-15T20:00:00Z,4491.79,4528.00,4486.04,4521.54,206680.269
2025-09-16T00:00:00Z,4521.54,4536.31,4502.40,4518.97,250669.631
2025-09-16T04:00:00Z,4518.97,4534.87,4485.02,4510.65,410591.222
2025-09-16T08:00:00Z,4510.64,4529.90,4491.00,4499.39,311152.635
2025-09-16T12:00:00Z,4499.40,4510.81,4421.01,4465.74,1162089.007
2025-09-16T16:00:00Z,4465.73,4508.77,4444.49,4488.96,684554.469
2025-09-16T20:00:00Z,4488.96,4523.19,4481.01,4499.41,290801.805
2025-09-17T00:00:00Z,4499.41,4551.49,4490.50,4495.23,479210.709
2025-09-17T04:00:00Z,4495.23,4554.09,4461.38,4542.33,670750.685
2025-09-17T08:00:00Z,4542.33,4543.98,4477.00,4489.22,536198.737
2025-09-17T12:00:00Z,4489.23,4512.17,4465.00,4487.65,511293.796
2025-09-17T16:00:00Z,4487.64,4532.16,4404.08,4515.15,2113524.487
2025-09-17T20:00:00Z,4515.14,4615.26,4483.92,4588.30,813528.739
2025-09-18T00:00:00Z,4588.31,4642.60,4577.69,4612.01,579309.002
2025-09-18T04:00:00Z,4612.00,4618.00,4551.75,4573.10,506078.624
2025-09-18T08:00:00Z,4573.11,4606.49,4566.05,4573.99,380426.804
2025-09-18T12:00:00Z,4573.99,4623.00,4555.17,4597.15,701875.855
2025-09-18T16:00:00Z,4597.14,4634.84,4578.00,4586.53,538843.162
2025-09-18T20:00:00Z,4586.54,4603.90,4568.40,4585.31,221860.244
2025-09-19T00:00:00Z,4585.32,4619.50,4539.13,4547.46,607833.019
2025-09-19T04:00:00Z,4547.45,4557.06,4515.65,4536.56,559003.686
2025-09-19T08:00:00Z,4536.55,4546.78,4505.23,4511.46,381266.813
2025-09-19T12:00:00Z,4511.46,4542.00,4442.30,4472.29,1153084.724
2025-09-19T16:00:00Z,4472.29,4486.78,4433.00,4438.89,479282.892
2025-09-19T20:00:00Z,4438.90,4476.26,4436.21,4466.49,230867.396
2025-09-20T00:00:00Z,4466.48,4474.00,4451.62,4463.60,162617.098
2025-09-20T04:00:00Z,4463.60,4484.59,4461.00,4480.72,164740.345
2025-09-20T08:00:00Z,4480.72,4480.72,4453.21,4468.00,168132.004
2025-09-20T12:00:00Z,4467.99,4505.45,4461.50,4496.37,322835.674
2025-09-20T16:00:00Z,4496.36,4506.75,4467.27,4477.86,281678.520
2025-09-20T20:00:00Z,4477.86,4499.73,4475.89,4478.27,110093.335
2025-09-21T00:00:00Z,4478.26,4487.68,4454.29,4476.11,196890.693
2025-09-21T04:00:00Z,4476.12,4491.39,4464.34,4475.85,141713.279
2025-09-21T08:00:00Z,4475.85,4477.76,4440.07,4458.26,268404.536
2025-09-21T12:00:00Z,4458.25,4484.79,4458.01,4480.63,198896.927
2025-09-21T16:00:00Z,4480.62,4497.01,4462.06,4492.21,297789.456
2025-09-21T20:00:00Z,4492.21,4492.92,4440.01,4443.01,262560.681
2025-09-22T00:00:00Z,4443.00,4454.01,4254.29,4303.62,1548538.648
2025-09-22T04:00:00Z,4303.61,4308.77,4000.88,4191.45,1929372.348
2025-09-22T08:00:00Z,4191.46,4205.82,4135.00,4179.53,820545.335
2025-09-22T12:00:00Z,4179.54,4217.49,4156.00,4165.82,802756.840
2025-09-22T16:00:00Z,4165.83,4181.17,4119.16,4133.39,635978.427
2025-09-22T20:00:00Z,4133.39,4207.33,4132.27,4196.86,363194.480
2025-09-23T00:00:00Z,4196.87,4209.99,4112.43,4186.49,731432.821
2025-09-23T04:00:00Z,4186.49,4215.00,4152.25,4203.23,510668.242
2025-09-23T08:00:00Z,4203.24,4230.06,4175.44,4189.68,444884.825
2025-09-23T12:00:00Z,4189.69,4209.73,4158.21,4178.80,705172.401
2025-09-23T16:00:00Z,4178.80,4205.96,4135.32,4151.37,785916.754
2025-09-23T20:00:00Z,4151.36,4189.49,4137.08,4162.25,313114.539
2025-09-24T00:00:00Z,4162.25,4193.00,4125.12,4145.40,537365.200
2025-09-24T04:00:00Z,4145.41,4182.72,4070.00,4173.43,900552.655
2025-09-24T08:00:00Z,4173.43,4197.06,4162.00,4179.96,327823.707
2025-09-24T12:00:00Z,4179.96,4204.99,4145.00,4163.82,648792.074
2025-09-24T16:00:00Z,4163.82,4192.00,4152.22,4158.95,365217.089
2025-09-24T20:00:00Z,4158.95,4169.60,4126.01,4150.51,267503.641
2025-09-25T00:00:00Z,4150.51,4158.95,4020.00,4059.76,1518593.260
2025-09-25T04:00:00Z,4059.76,4069.20,3961.00,4006.94,1344447.764
2025-09-25T08:00:00Z,4006.94,4052.05,3988.35,4000.93,752545.973
2025-09-25T12:00:00Z,4000.93,4021.75,3911.39,4001.00,1815525.237
2025-09-25T16:00:00Z,4001.00,4004.77,3822.00,3910.36,2292787.412
2025-09-25T20:00:00Z,3910.36,3936.00,3848.00,3873.10,728120.095
2025-09-26T00:00:00Z,3873.10,3970.00,3866.00,3964.00,700234.116
2025-09-26T04:00:00Z,3963.99,3975.99,3905.13,3936.60,753129.667
2025-09-26T08:00:00Z,3936.61,3943.31,3871.00,3903.90,632807.746
2025-09-26T12:00:00Z,3903.89,3985.00,3873.41,3944.42,1259960.370
2025-09-26T16:00:00Z,3944.41,4066.39,3941.00,4021.40,1065741.140
2025-09-26T20:00:00Z,4021.40,4038.00,4002.64,4030.17,329124.696
2025-09-27T00:00:00Z,4030.17,4031.20,4001.80,4017.20,214729.495
2025-09-27T04:00:00Z,4017.21,4026.40,4004.01,4005.99,150313.655
2025-09-27T08:00:00Z,4006.00,4017.00,3971.45,4000.86,491748.660
2025-09-27T12:00:00Z,4000.87,4038.62,3992.95,4017.20,396112.015
2025-09-27T16:00:00Z,4017.21,4018.27,3979.60,4000.66,321240.620
2025-09-27T20:00:00Z,4000.66,4031.99,3998.62,4017.01,188945.694
2025-09-28T00:00:00Z,4017.01,4030.55,3992.09,4000.58,299320.145
2025-09-28T04:00:00Z,4000.57,4018.50,3994.55,4013.00,211930.874
2025-09-28T08:00:00Z,4013.01,4014.75,3982.45,3990.72,272642.477
2025-09-28T12:00:00Z,3990.73,4027.87,3963.10,4019.91,579276.672
2025-09-28T16:00:00Z,4019.92,4054.66,4019.91,4037.43,404968.541
2025-09-28T20:00:00Z,4037.44,4143.05,4033.76,4139.55,746691.590
2025-09-29T00:00:00Z,4139.54,4143.99,4101.30,4119.68,450182.572
2025-09-29T04:00:00Z,4119.67,4122.00,4086.23,4106.60,287839.252
2025-09-29T08:00:00Z,4106.60,4138.00,4091.80,4100.88,479754.053
2025-09-29T12:00:00Z,4100.88,4202.69,4080.00,4162.72,1473438.882
2025-09-29T16:00:00Z,4162.71,4192.00,4125.21,4185.94,599749.834
2025-09-29T20:00:00Z,4185.94,4234.27,4179.41,4212.98,490432.093
2025-09-30T00:00:00Z,4212.99,4246.87,4185.26,4196.16,560839.955
2025-09-30T04:00:00Z,4196.17,4206.17,4167.22,4180.99,415410.599
2025-09-30T08:00:00Z,4180.99,4182.00,4131.67,4162.78,585242.765
2025-09-30T12:00:00Z,4162.78,4174.00,4091.51,4118.09,904953.914
2025-09-30T16:00:00Z,4118.09,4170.00,4091.00,4158.48,590966.027
2025-09-30T20:00:00Z,4158.48,4199.89,4113.04,4142.75,635479.682
2025-10-01T00:00:00Z,4142.75,4172.47,4120.61,4126.84,427123.985
2025-10-01T04:00:00Z,4126.84,4155.93,4121.33,4143.99,345656.634
2025-10-01T08:00:00Z,4143.98,4329.00,4141.37,4295.88,1715516.477
2025-10-01T12:00:00Z,4295.88,4343.29,4276.23,4325.01,911709.241
2025-10-01T16:00:00Z,4325.01,4338.04,4286.00,4332.24,577467.922
2025-10-01T20:00:00Z,4332.23,4356.07,4284.55,4345.85,459031.098
2025-10-02T00:00:00Z,4345.85,4397.73,4330.11,4374.99,850713.030
2025-10-02T04:00:00Z,4375.00,4422.30,4356.01,4373.65,642603.141
2025-10-02T08:00:00Z,4373.65,4394.37,4366.34,4377.24,290541.412
2025-10-02T12:00:00Z,4377.24,4441.67,4332.23,4435.49,1279649.524
2025-10-02T16:00:00Z,4435.50,4516.65,4423.33,4493.06,1018203.628
2025-10-02T20:00:00Z,4493.07,4495.36,4453.46,4481.70,389955.509
2025-10-03T00:00:00Z,4481.70,4559.00,4459.01,4498.96,665310.020
2025-10-03T04:00:00Z,4498.97,4509.25,4451.46,4460.84,472845.773
2025-10-03T08:00:00Z,4460.84,4493.08,4426.00,4476.20,530964.719
2025-10-03T12:00:00Z,4476.20,4540.77,4433.64,4533.20,862066.385
2025-10-03T16:00:00Z,4533.20,4590.83,4446.90,4517.65,1625533.440
2025-10-03T20:00:00Z,4517.66,4541.21,4491.37,4511.11,264607.735
2025-10-04T00:00:00Z,4511.12,4515.48,4460.00,4484.48,358523.766
2025-10-04T04:00:00Z,4484.48,4515.80,4477.07,4496.23,271915.920
2025-10-04T08:00:00Z,4496.24,4502.45,4478.01,4482.43,243258.865
2025-10-04T12:00:00Z,4482.42,4509.89,4438.80,4453.13,566627.766
2025-10-04T16:00:00Z,4453.14,4475.04,4438.00,4465.39,281424.545
2025-10-04T20:00:00Z,4465.40,4492.42,4465.40,4484.79,165790.506
2025-10-05T00:00:00Z,4484.79,4575.14,4465.01,4530.11,804970.426
2025-10-05T04:00:00Z,4530.10,4614.19,4526.70,4604.91,707637.396
2025-10-05T08:00:00Z,4604.91,4618.44,4521.61,4549.08,867988.106
2025-10-05T12:00:00Z,4549.09,4549.09,4525.00,4530.61,313742.160
2025-10-05T16:00:00Z,4530.60,4539.53,4480.00,4485.33,519161.766
2025-10-05T20:00:00Z,4485.32,4522.22,4470.74,4512.34,262865.853
2025-10-06T00:00:00Z,4512.35,4551.74,4486.05,4534.90,582297.837
2025-10-06T04:00:00Z,4534.90,4576.58,4507.63,4530.98,476497.187
2025-10-06T08:00:00Z,4530.99,4593.25,4530.99,4569.54,439413.121
2025-10-06T12:00:00Z,4569.54,4692.91,4568.00,4671.24,1327756.203
2025-10-06T16:00:00Z,4671.24,4732.38,4657.56,4720.86,754145.844
2025-10-06T20:00:00Z,4720.85,4734.99,4670.40,4682.43,408439.781
2025-10-07T00:00:00Z,4682.42,4697.99,4660.03,4688.73,309266.165
2025-10-07T04:00:00Z,4688.74,4730.65,4662.01,4676.83,566683.653
2025-10-07T08:00:00Z,4676.84,4712.12,4636.00,4706.44,568684.268
2025-10-07T12:00:00Z,4706.44,4754.00,4472.94,4510.30,2681971.018
2025-10-07T16:00:00Z,4510.30,4522.33,4440.45,4477.54,1327491.656
2025-10-07T20:00:00Z,4477.55,4514.66,4422.44,4445.76,492359.912
2025-10-08T00:00:00Z,4445.77,4497.05,4430.54,4441.83,546776.816
2025-10-08T04:00:00Z,4441.82,4464.17,4408.69,4461.08,519713.260
2025-10-08T08:00:00Z,4461.08,4505.00,4455.70,4485.21,477548.509
2025-10-08T12:00:00Z,4485.20,4522.00,4434.59,4445.11,955336.457
2025-10-08T16:00:00Z,4445.10,4556.75,4436.55,4512.64,1003857.466
2025-10-08T20:00:00Z,4512.65,4537.73,4497.30,4523.67,251850.944
2025-10-09T00:00:00Z,4523.66,4529.15,4400.00,4448.81,761732.356
2025-10-09T04:00:00Z,4448.80,4458.83,4408.00,4424.43,434725.954
2025-10-09T08:00:00Z,4424.42,4425.17,4316.59,4371.00,1243220.127
2025-10-09T12:00:00Z,4370.99,4411.46,4290.00,4312.81,1400237.608
2025-10-09T16:00:00Z,4312.81,4343.69,4262.55,4336.39,932137.019
2025-10-09T20:00:00Z,4336.38,4381.42,4325.30,4365.83,330517.592
2025-10-10T00:00:00Z,4365.83,4392.00,4340.61,4345.01,500514.547
2025-10-10T04:00:00Z,4345.01,4376.00,4312.53,4321.06,542941.101
2025-10-10T08:00:00Z,4321.05,4349.70,4311.00,4341.42,337216.146
2025-10-10T12:00:00Z,4341.42,4388.43,4067.44,4100.48,2601692.512
2025-10-10T16:00:00Z,4100.49,4136.08,3947.77,3994.99,2179388.330
2025-10-10T20:00:00Z,3994.99,4022.18,3400.00,3819.99,5855366.411
2025-10-11T00:00:00Z,3820.00,3874.28,3725.00,3789.56,1287049.749
2025-10-11T04:00:00Z,3789.55,3831.02,3731.20,3757.27,840351.006
2025-10-11T08:00:00Z,3757.27,3856.00,3746.62,3838.68,784125.646
2025-10-11T12:00:00Z,3838.67,3853.43,3783.07,3822.58,653794.584
2025-10-11T16:00:00Z,3822.58,3845.98,3728.32,3758.00,634300.346
2025-10-11T20:00:00Z,3758.00,3764.92,3640.00,3744.99,1015967.137
2025-10-12T00:00:00Z,3744.99,3819.33,3692.96,3779.99,952964.314
2025-10-12T04:00:00Z,3779.99,3842.18,3774.08,3825.25,729853.052
2025-10-12T08:00:00Z,3825.26,3866.06,3803.22,3818.14,1122677.968
2025-10-12T12:00:00Z,3818.13,4077.96,3791.79,4032.38,3206919.153
2025-10-12T16:00:00Z,4032.37,4175.90,4032.37,4133.11,2029907.155
2025-10-12T20:00:00Z,4133.12,4200.00,4077.59,4149.99,1429945.748
2025-10-13T00:00:00Z,4150.00,4219.43,4121.55,4138.63,1277038.413
2025-10-13T04:00:00Z,4138.63,4196.55,4113.45,4176.29,914684.868
2025-10-13T08:00:00Z,4176.28,4193.89,4034.12,4078.36,1352584.291
2025-10-13T12:00:00Z,4078.35,4179.89,4054.26,4133.44,2175352.753
2025-10-13T16:00:00Z,4133.45,4269.65,4126.81,4250.00,1548664.320
2025-10-13T20:00:00Z,4250.00,4293.03,4232.98,4239.70,599091.895
2025-10-14T00:00:00Z,4239.70,4262.00,4135.00,4151.29,930551.426
2025-10-14T04:00:00Z,4151.29,4158.44,3964.40,3979.28,1932959.967
2025-10-14T08:00:00Z,3979.29,4013.42,3885.09,3970.13,1600670.983
2025-10-14T12:00:00Z,3970.13,4087.70,3890.13,4083.25,1885255.468
2025-10-14T16:00:00Z,4083.25,4163.25,4042.83,4100.67,1754560.306
2025-10-14T20:00:00Z,4100.68,4142.99,4067.39,4123.05,366015.124
2025-10-15T00:00:00Z,4123.06,4144.49,4059.00,4079.71,616022.316
2025-10-15T04:00:00Z,4079.70,4128.17,4070.00,4120.00,516419.478
2025-10-15T08:00:00Z,4120.00,4216.12,4085.00,4098.55,1016324.120
2025-10-15T12:00:00Z,4098.55,4106.09,3957.47,3979.23,1621866.662
2025-10-15T16:00:00Z,3979.23,4011.56,3926.81,3981.28,992516.148
2025-10-15T20:00:00Z,3981.27,3994.79,3925.00,3983.81,620095.286
2025-10-16T00:00:00Z,3983.80,4035.00,3973.76,4012.92,503570.116
2025-10-16T04:00:00Z,4012.93,4050.00,3976.96,4002.48,551058.431
2025-10-16T08:00:00Z,4002.51,4077.54,3937.30,4060.50,946156.481
2025-10-16T12:00:00Z,4060.51,4089.34,3890.00,3905.04,1582178.233
2025-10-16T16:00:00Z,3905.03,3966.29,3850.00,3865.97,1611881.582
2025-10-16T20:00:00Z,3865.97,3896.25,3822.50,3892.02,536855.936
2025-10-17T00:00:00Z,3892.02,3948.06,3886.15,3931.44,461138.681
2025-10-17T04:00:00Z,3931.45,3934.73,3751.00,3754.79,1224800.637
2025-10-17T08:00:00Z,3754.78,3817.40,3671.00,3776.30,2181211.218
2025-10-17T12:00:00Z,3776.29,3809.66,3712.51,3796.02,1488017.922
2025-10-17T16:00:00Z,3796.03,3849.01,3777.00,3826.16,889393.717
2025-10-17T20:00:00Z,3826.15,3882.00,3816.00,3829.99,409153.689
2025-10-18T00:00:00Z,3830.00,3880.63,3817.21,3869.00,365217.185
2025-10-18T04:00:00Z,3868.99,3926.00,3838.81,3890.47,513129.647
2025-10-18T08:00:00Z,3890.46,3903.80,3860.15,3880.78,312732.355
2025-10-18T12:00:00Z,3880.78,3892.50,3846.11,3875.99,297482.658
2025-10-18T16:00:00Z,3876.00,3898.00,3851.95,3891.60,268002.402
2025-10-18T20:00:00Z,3891.61,3907.92,3867.32,3887.01,182220.851
2025-10-19T00:00:00Z,3887.01,3905.73,3853.53,3904.70,272161.567
2025-10-19T04:00:00Z,3904.70,3919.48,3871.50,3886.70,307487.323
2025-10-19T08:00:00Z,3886.70,3960.00,3810.00,3922.20,1222156.250
2025-10-19T12:00:00Z,3922.21,4001.00,3906.76,3977.55,679923.129
2025-10-19T16:00:00Z,3977.54,4026.31,3957.00,3984.63,550527.192
2025-10-19T20:00:00Z,3984.63,4030.00,3967.00,3980.59,345912.710
2025-10-20T00:00:00Z,3980.60,4040.00,3906.89,4025.88,773699.355
2025-10-20T04:00:00Z,4025.87,4085.00,4021.42,4053.36,695359.214
2025-10-20T08:00:00Z,4053.35,4069.89,4010.58,4032.83,588861.582
2025-10-20T12:00:00Z,4032.83,4048.96,4001.00,4002.73,649029.047
2025-10-20T16:00:00Z,4002.73,4002.73,3920.30,3978.78,1020647.531
2025-10-20T20:00:00Z,3978.76,4001.96,3968.74,3977.54,236596.977
2025-10-21T00:00:00Z,3977.54,3984.68,3918.00,3921.41,409283.608
2025-10-21T04:00:00Z,3921.42,3921.42,3838.21,3890.52,902262.126
2025-10-21T08:00:00Z,3890.53,3896.00,3850.02,3888.33,470327.762
2025-10-21T12:00:00Z,3888.34,4083.78,3850.20,4080.41,1846735.539
2025-10-21T16:00:00Z,4080.41,4108.41,3963.19,3994.04,1584984.955
2025-10-21T20:00:00Z,3994.03,3999.31,3855.55,3871.11,851864.761
2025-10-22T00:00:00Z,3871.11,3887.45,3815.37,3858.14,633334.643
2025-10-22T04:00:00Z,3858.13,3882.93,3835.69,3866.87,445126.857
2025-10-22T08:00:00Z,3866.88,3867.47,3765.00,3827.02,841284.301
2025-10-22T12:00:00Z,3827.03,3875.56,3777.03,3839.73,1438936.708
2025-10-22T16:00:00Z,3839.72,3859.64,3780.00,3802.52,794262.290
2025-10-22T20:00:00Z,3802.53,3816.71,3706.31,3803.93,861978.066
2025-10-23T00:00:00Z,3803.94,3835.32,3794.89,3825.18,338265.345
2025-10-23T04:00:00Z,3825.19,3896.00,3820.51,3879.76,540763.994
2025-10-23T08:00:00Z,3879.76,3905.47,3857.14,3861.86,559918.481
2025-10-23T12:00:00Z,3861.86,3885.88,3807.01,3874.87,1030968.009
2025-10-23T16:00:00Z,3874.87,3933.40,3842.81,3857.69,897229.475
2025-10-23T20:00:00Z,3857.69,3859.48,3816.88,3855.21,336791.612
2025-10-24T00:00:00Z,3855.22,3895.19,3844.02,3889.43,325953.566
2025-10-24T04:00:00Z,3889.44,3988.00,3884.32,3947.64,855887.900
2025-10-24T08:00:00Z,3947.65,3967.42,3924.00,3945.00,428318.821
2025-10-24T12:00:00Z,3944.99,4026.48,3870.00,3887.09,1354435.386
2025-10-24T16:00:00Z,3887.09,3936.89,3864.28,3924.66,514092.604
2025-10-24T20:00:00Z,3924.66,3943.81,3922.19,3933.19,176743.178
2025-10-25T00:00:00Z,3933.20,3938.03,3910.00,3919.43,202388.242
2025-10-25T04:00:00Z,3919.42,3963.26,3918.37,3927.29,246363.913
2025-10-25T08:00:00Z,3927.30,3955.00,3926.00,3938.66,243871.605
2025-10-25T12:00:00Z,3938.66,3955.00,3922.83,3931.48,239435.845
2025-10-25T16:00:00Z,3931.47,3968.93,3926.60,3956.05,227049.447
2025-10-25T20:00:00Z,3956.06,3963.47,3932.50,3952.25,135802.027
2025-10-26T00:00:00Z,3952.24,3960.00,3914.30,3929.95,245596.346
2025-10-26T04:00:00Z,3929.95,3955.00,3927.01,3949.72,124334.092
2025-10-26T08:00:00Z,3949.72,4054.00,3948.84,4043.08,832461.295
2025-10-26T12:00:00Z,4043.08,4098.00,4039.00,4073.45,780286.015
2025-10-26T16:00:00Z,4073.45,4079.86,4043.43,4066.58,276999.489
2025-10-26T20:00:00Z,4066.58,4179.27,4053.07,4156.37,669709.627
2025-10-27T00:00:00Z,4156.36,4225.14,4145.27,4203.21,697542.552
2025-10-27T04:00:00Z,4203.22,4253.00,4193.06,4200.00,622522.423
2025-10-27T08:00:00Z,4199.99,4200.42,4130.00,4160.51,750426.514
2025-10-27T12:00:00Z,4160.50,4186.77,4122.02,4171.25,805343.171
2025-10-27T16:00:00Z,4171.25,4231.64,4171.24,4192.42,618224.534
2025-10-27T20:00:00Z,4192.41,4194.07,4090.61,4118.47,683902.608
2025-10-28T00:00:00Z,4118.46,4140.26,4066.88,4092.48,563439.569
2025-10-28T04:00:00Z,4092.47,4125.95,4064.29,4115.36,446602.113
2025-10-28T08:00:00Z,4115.36,4134.46,4102.35,4110.11,316396.683
2025-10-28T12:00:00Z,4110.11,4174.08,4066.00,4095.35,1080510.623
2025-10-28T16:00:00Z,4095.36,4149.87,4024.49,4037.26,829015.568
2025-10-28T20:00:00Z,4037.22,4040.00,3925.01,3977.56,1056011.662
2025-10-29T00:00:00Z,3977.56,4006.00,3962.28,3996.00,390065.025
2025-10-29T04:00:00Z,3996.01,4034.99,3994.35,4022.83,338823.308
2025-10-29T08:00:00Z,4022.83,4024.83,3982.00,4009.14,457037.468
2025-10-29T12:00:00Z,4009.13,4028.01,3939.14,3950.23,756459.328
2025-10-29T16:00:00Z,3950.23,4017.11,3836.00,3903.54,1980120.509
2025-10-29T20:00:00Z,3903.54,3962.55,3871.17,3900.38,535704.696
2025-10-30T00:00:00Z,3900.38,3947.00,3882.36,3932.54,401037.020
2025-10-30T04:00:00Z,3932.53,3943.00,3836.82,3938.18,1194320.361
2025-10-30T08:00:00Z,3938.19,3938.41,3875.11,3879.52,479034.497
2025-10-30T12:00:00Z,3879.52,3883.19,3755.81,3771.61,1691433.702
2025-10-30T16:00:00Z,3771.61,3800.45,3677.70,3685.25,1337529.839
2025-10-30T20:00:00Z,3685.25,3805.00,3678.33,3802.80,665818.522
2025-10-31T00:00:00Z,3802.80,3860.00,3794.13,3827.60,682225.722
2025-10-31T04:00:00Z,3827.60,3872.00,3818.78,3829.43,596267.041
2025-10-31T08:00:00Z,3829.43,3882.00,3816.29,3872.15,451684.233
2025-10-31T12:00:00Z,3872.16,3887.02,3830.00,3858.58,925638.355
2025-10-31T16:00:00Z,3858.58,3904.90,3802.64,3884.91,922938.144
2025-10-31T20:00:00Z,3884.91,3892.13,3838.68,3846.42,237214.027
2025-11-01T00:00:00Z,3846.42,3863.27,3828.80,3860.00,197058.892
2025-11-01T04:00:00Z,3860.00,3867.66,3851.30,3859.28,171174.285
2025-11-01T08:00:00Z,3859.29,3882.00,3859.00,3876.08,209660.912
2025-11-01T12:00:00Z,3876.08,3901.36,3855.66,3893.01,302448.751
2025-11-01T16:00:00Z,3893.02,3907.61,3860.44,3878.34,281895.016
2025-11-01T20:00:00Z,3878.33,3890.00,3862.44,3872.14,108247.150
2025-11-02T00:00:00Z,3872.14,3885.83,3860.01,3879.25,132643.054
2025-11-02T04:00:00Z,3879.25,3917.00,3874.08,3904.57,294026.052
2025-11-02T08:00:00Z,3904.58,3909.34,3851.24,3888.92,482928.550
2025-11-02T12:00:00Z,3888.93,3892.98,3837.04,3851.63,411891.239
2025-11-02T16:00:00Z,3851.63,3865.89,3838.23,3854.38,196824.276
2025-11-02T20:00:00Z,3854.38,3915.00,3842.41,3904.80,298540.618
2025-11-03T00:00:00Z,3904.79,3913.34,3726.00,3734.73,1240403.048
2025-11-03T04:00:00Z,3734.74,3764.07,3682.00,3713.10,981182.620
2025-11-03T08:00:00Z,3713.09,3739.98,3650.13,3710.00,922853.964
2025-11-03T12:00:00Z,3710.01,3747.36,3578.40,3587.38,1564945.037
2025-11-03T16:00:00Z,3587.38,3681.23,3562.27,3629.60,1136816.472
2025-11-03T20:00:00Z,3629.61,3635.00,3556.00,3602.15,753273.356
2025-11-04T00:00:00Z,3602.15,3653.65,3565.95,3640.90,638731.048
2025-11-04T04:00:00Z,3640.91,3646.80,3470.58,3492.79,1749278.841
2025-11-04T08:00:00Z,3492.78,3534.14,3460.00,3527.78,882687.958
2025-11-04T12:00:00Z,3527.78,3586.12,3471.38,3506.00,1412395.231
2025-11-04T16:00:00Z,3505.99,3518.95,3225.00,3229.84,2977777.475
2025-11-04T20:00:00Z,3229.83,3305.75,3055.00,3285.28,3017400.443
2025-11-05T00:00:00Z,3285.28,3347.75,3165.41,3333.44,1501621.620
2025-11-05T04:00:00Z,3333.45,3353.80,3301.51,3329.10,589780.366
2025-11-05T08:00:00Z,3329.09,3329.19,3272.24,3320.97,723740.786
2025-11-05T12:00:00Z,3320.98,3397.67,3311.26,3396.31,1210510.807
2025-11-05T16:00:00Z,3396.32,3478.50,3368.05,3453.32,1006696.544
2025-11-05T20:00:00Z,3453.31,3479.00,3413.62,3423.06,497558.855
2025-11-06T00:00:00Z,3423.06,3449.37,3373.70,3431.33,590443.751
2025-11-06T04:00:00Z,3431.34,3455.00,3357.94,3378.90,635825.880
2025-11-06T08:00:00Z,3378.89,3414.30,3365.00,3397.85,513817.030
2025-11-06T12:00:00Z,3397.84,3403.94,3275.19,3300.01,1471120.322
2025-11-06T16:00:00Z,3300.01,3351.81,3245.00,3324.54,1280970.278
2025-11-06T20:00:00Z,3324.56,3335.43,3285.97,3313.70,431242.135
2025-11-07T00:00:00Z,3313.70,3364.00,3273.04,3343.67,638915.795
2025-11-07T04:00:00Z,3343.68,3370.00,3318.15,3356.32,427866.184
2025-11-07T08:00:00Z,3356.31,3359.29,3224.05,3258.62,863505.306
2025-11-07T12:00:00Z,3258.61,3317.10,3192.92,3295.99,1510659.915
2025-11-07T16:00:00Z,3296.00,3449.00,3271.76,3441.94,1107472.219
2025-11-07T20:00:00Z,3441.93,3472.23,3428.35,3434.36,455524.009
2025-11-08T00:00:00Z,3434.37,3465.77,3404.93,3452.50,439355.060
2025-11-08T04:00:00Z,3452.51,3490.00,3414.49,3446.41,533189.950
2025-11-08T08:00:00Z,3446.41,3468.43,3405.03,3411.53,398966.394
2025-11-08T12:00:00Z,3411.54,3416.74,3367.81,3375.68,635781.052
2025-11-08T16:00:00Z,3375.69,3406.46,3353.31,3387.61,494356.386
2025-11-08T20:00:00Z,3387.62,3414.33,3378.40,3400.07,161737.377
2025-11-09T00:00:00Z,3400.08,3403.00,3356.74,3374.82,307223.854
2025-11-09T04:00:00Z,3374.82,3425.68,3368.62,3421.05,317545.207
2025-11-09T08:00:00Z,3421.06,3434.00,3380.71,3426.99,423001.584
2025-11-09T12:00:00Z,3427.00,3563.19,3423.22,3513.58,1121759.882
2025-11-09T16:00:00Z,3513.58,3578.70,3500.00,3578.04,516123.921
2025-11-09T20:00:00Z,3578.03,3624.40,3560.07,3581.31,556450.401
2025-11-10T00:00:00Z,3581.31,3658.00,3548.88,3626.45,783427.535
2025-11-10T04:00:00Z,3626.44,3630.71,3587.56,3607.50,379718.644
2025-11-10T08:00:00Z,3607.51,3630.30,3585.42,3608.90,431488.168
2025-11-10T12:00:00Z,3608.89,3620.71,3506.66,3518.10,1086997.575
2025-11-10T16:00:00Z,3518.10,3574.73,3505.55,3556.83,659478.316
2025-11-10T20:00:00Z,3556.83,3582.69,3527.06,3566.38,390982.471
2025-11-11T00:00:00Z,3566.38,3647.54,3551.11,3604.20,860043.220
2025-11-11T04:00:00Z,3604.21,3608.44,3528.80,3542.88,626103.617
2025-11-11T08:00:00Z,3542.88,3585.29,3541.22,3572.40,422845.052
2025-11-11T12:00:00Z,3572.40,3593.00,3466.00,3479.62,1281472.971
2025-11-11T16:00:00Z,3479.62,3499.10,3443.04,3455.65,689194.752
2025-11-11T20:00:00Z,3455.66,3460.66,3403.02,3416.32,630784.332
2025-11-12T00:00:00Z,3416.33,3454.68,3408.14,3437.52,470503.660
2025-11-12T04:00:00Z,3437.52,3455.79,3422.17,3426.52,298330.330
2025-11-12T08:00:00Z,3426.51,3569.00,3426.33,3548.25,880204.916
2025-11-12T12:00:00Z,3548.24,3587.24,3416.27,3426.34,1451487.189
2025-11-12T16:00:00Z,3426.33,3455.00,3370.00,3406.58,1463495.946
2025-11-12T20:00:00Z,3406.58,3438.82,3390.01,3413.46,321031.398
2025-11-13T00:00:00Z,3413.45,3473.00,3375.09,3451.33,723428.986
2025-11-13T04:00:00Z,3451.32,3565.00,3432.02,3537.15,1002337.159
2025-11-13T08:00:00Z,3537.16,3549.00,3475.00,3499.98,720385.179
2025-11-13T12:00:00Z,3499.97,3509.83,3365.00,3385.52,1747183.941
2025-11-13T16:00:00Z,3385.52,3397.96,3173.38,3196.23,2324951.791
2025-11-13T20:00:00Z,3196.22,3270.58,3152.49,3230.12,1234964.734
2025-11-14T00:00:00Z,3230.13,3250.00,3183.17,3226.50,954225.666
2025-11-14T04:00:00Z,3226.49,3239.67,3104.00,3213.82,1716241.012
2025-11-14T08:00:00Z,3213.82,3217.80,3115.00,3142.93,1095573.456
2025-11-14T12:00:00Z,3142.93,3233.66,3068.00,3195.73,2516469.366
2025-11-14T16:00:00Z,3195.73,3255.95,3153.17,3206.37,1067797.327
2025-11-14T20:00:00Z,3206.37,3212.04,3088.00,3111.20,757348.656
2025-11-15T00:00:00Z,3111.20,3192.80,3109.16,3177.88,513671.665
2025-11-15T04:00:00Z,3177.88,3190.88,3157.12,3174.98,261804.323
2025-11-15T08:00:00Z,3174.99,3176.60,3132.66,3151.22,403576.471
2025-11-15T12:00:00Z,3151.21,3197.50,3146.00,3184.50,351615.193
2025-11-15T16:00:00Z,3184.50,3230.56,3160.71,3196.70,569661.618
2025-11-15T20:00:00Z,3196.69,3199.40,3151.33,3166.55,282218.345
2025-11-16T00:00:00Z,3166.56,3209.51,3130.01,3201.56,545813.830
2025-11-16T04:00:00Z,3201.56,3219.75,3185.76,3218.21,301534.436
2025-11-16T08:00:00Z,3218.22,3248.50,3158.35,3167.18,732667.561
2025-11-16T12:00:00Z,3167.17,3181.32,3095.84,3103.52,985947.142
2025-11-16T16:00:00Z,3103.52,3127.21,3025.00,3090.13,1999388.892
2025-11-16T20:00:00Z,3090.13,3116.80,3001.01,3094.05,948699.931
2025-11-17T00:00:00Z,3094.04,3179.79,3067.77,3175.65,861204.074
2025-11-17T04:00:00Z,3175.67,3209.77,3165.30,3197.11,495128.346
2025-11-17T08:00:00Z,3197.11,3223.22,3178.20,3202.57,488381.278
2025-11-17T12:00:00Z,3202.57,3210.22,3093.43,3119.46,1906834.501
2025-11-17T16:00:00Z,3119.47,3142.10,2969.99,2981.00,1965453.363
2025-11-17T20:00:00Z,2980.99,3030.96,2958.00,3030.06,1003440.417
2025-11-18T00:00:00Z,3030.06,3049.00,2943.31,3022.93,1596140.417
2025-11-18T04:00:00Z,3022.94,3033.50,2956.63,3022.93,1044019.804
2025-11-18T08:00:00Z,3022.94,3073.71,3022.94,3056.44,846305.844
2025-11-18T12:00:00Z,3056.45,3123.17,3020.01,3105.19,1399632.858
2025-11-18T16:00:00Z,3105.19,3169.28,3097.88,3144.64,955321.084
2025-11-18T20:00:00Z,3144.64,3149.46,3095.99,3122.20,377242.835
2025-11-19T00:00:00Z,3122.20,3125.05,3068.19,3072.01,588294.059
2025-11-19T04:00:00Z,3072.01,3086.68,2990.15,3083.69,1136865.319
2025-11-19T08:00:00Z,3083.69,3112.96,3051.38,3082.50,743367.167
2025-11-19T12:00:00Z,3082.50,3107.49,2966.00,2971.58,1711161.140
2025-11-19T16:00:00Z,2971.57,2985.54,2873.00,2880.79,2191694.291
2025-11-19T20:00:00Z,2880.79,3026.57,2873.63,3024.09,1384545.891
2025-11-20T00:00:00Z,3024.08,3057.00,3003.41,3037.83,769227.673
2025-11-20T04:00:00Z,3037.84,3063.00,3005.69,3038.09,708229.290
2025-11-20T08:00:00Z,3038.10,3043.68,2990.47,3022.13,552190.890
2025-11-20T12:00:00Z,3022.14,3048.00,2950.00,2954.53,1657861.629
2025-11-20T16:00:00Z,2954.52,2960.11,2788.01,2846.39,3442646.933
2025-11-20T20:00:00Z,2846.39,2904.83,2818.00,2832.97,879400.700
2025-11-21T00:00:00Z,2832.96,2885.84,2768.86,2807.76,1172462.928
2025-11-21T04:00:00Z,2807.76,2831.85,2642.65,2718.66,2061788.212
2025-11-21T08:00:00Z,2718.67,2753.18,2661.92,2687.44,1808502.080
2025-11-21T12:00:00Z,2687.44,2779.56,2620.00,2703.70,3224092.011
2025-11-21T16:00:00Z,2703.69,2805.94,2673.58,2750.62,1794139.636
2025-11-21T20:00:00Z,2750.62,2774.98,2707.00,2764.69,666188.237
2025-11-22T00:00:00Z,2764.70,2783.34,2737.70,2751.17,372873.272
2025-11-22T04:00:00Z,2751.16,2770.00,2725.24,2755.13,466456.065
2025-11-22T08:00:00Z,2755.14,2755.36,2702.87,2734.00,670759.947
2025-11-22T12:00:00Z,2734.01,2754.41,2709.25,2737.62,560648.417
2025-11-22T16:00:00Z,2737.61,2758.00,2733.91,2749.26,288640.955
2025-11-22T20:00:00Z,2749.26,2798.00,2732.34,2769.06,350442.237
2025-11-23T00:00:00Z,2769.06,2833.00,2766.87,2823.02,523399.414
2025-11-23T04:00:00Z,2823.01,2850.94,2775.00,2792.16,709008.986
2025-11-23T08:00:00Z,2792.16,2823.14,2792.02,2814.41,341917.833
2025-11-23T12:00:00Z,2814.42,2857.00,2808.00,2835.01,725030.742
2025-11-23T16:00:00Z,2835.01,2845.53,2785.00,2821.52,591325.522
2025-11-23T20:00:00Z,2821.51,2843.99,2793.19,2800.73,398281.220
2025-11-24T00:00:00Z,2800.74,2866.34,2761.38,2855.52,1060327.372
2025-11-24T04:00:00Z,2855.51,2884.80,2800.99,2828.77,1048069.625
2025-11-24T08:00:00Z,2828.76,2841.92,2786.01,2802.07,601068.515
2025-11-24T12:00:00Z,2802.06,2859.50,2782.20,2845.16,1234237.440
2025-11-24T16:00:00Z,2845.15,2978.99,2841.29,2957.80,1616752.639
2025-11-24T20:00:00Z,2957.81,2986.98,2944.70,2952.19,597919.560
2025-11-25T00:00:00Z,2952.18,2952.51,2902.50,2910.29,598003.126
2025-11-25T04:00:00Z,2910.29,2941.39,2900.01,2901.56,468098.788
2025-11-25T08:00:00Z,2901.56,2907.67,2863.39,2889.53,728451.201
2025-11-25T12:00:00Z,2889.54,2933.50,2855.00,2894.18,1380004.500
2025-11-25T16:00:00Z,2894.19,2957.00,2870.03,2921.19,944022.264
2025-11-25T20:00:00Z,2921.18,2979.31,2905.59,2958.24,655678.995
2025-11-26T00:00:00Z,2958.24,2983.80,2920.26,2925.54,498665.682
2025-11-26T04:00:00Z,2925.54,2953.81,2918.56,2943.04,403628.341
2025-11-26T08:00:00Z,2943.04,2949.25,2900.97,2912.82,504080.727
2025-11-26T12:00:00Z,2912.82,2948.54,2887.09,2926.63,1088079.698
2025-11-26T16:00:00Z,2926.63,3044.46,2924.74,3031.08,1413290.100
2025-11-26T20:00:00Z,3031.08,3034.52,3006.66,3025.02,365683.236
2025-11-27T00:00:00Z,3025.02,3070.00,3002.00,3032.32,791554.270
2025-11-27T04:00:00Z,3032.31,3052.73,3015.26,3032.12,378066.548
2025-11-27T08:00:00Z,3032.12,3044.00,3016.06,3026.75,399698.969
2025-11-27T12:00:00Z,3026.75,3028.75,2983.81,3009.68,747669.721
2025-11-27T16:00:00Z,3009.68,3038.00,3003.01,3030.48,370407.361
2025-11-27T20:00:00Z,3030.49,3043.50,3002.00,3013.80,271626.668
2025-11-28T00:00:00Z,3013.81,3023.16,2992.10,3007.19,362739.782
2025-11-28T04:00:00Z,3007.19,3028.00,2998.40,3000.14,381469.101
2025-11-28T08:00:00Z,3000.13,3080.00,2999.70,3032.44,843805.218
2025-11-28T12:00:00Z,3032.44,3099.00,3024.34,3071.77,1102568.335
2025-11-28T16:00:00Z,3071.77,3072.53,3009.36,3048.50,900726.360
2025-11-28T20:00:00Z,3048.50,3058.39,3018.20,3029.80,287664.811
2025-11-29T00:00:00Z,3029.80,3051.46,3016.02,3021.51,228763.133
2025-11-29T04:00:00Z,3021.51,3044.24,2989.12,3003.23,520378.668
2025-11-29T08:00:00Z,3003.22,3009.85,2982.30,2998.45,345544.090
2025-11-29T12:00:00Z,2998.45,3015.00,2985.40,3006.00,398196.566
2025-11-29T16:00:00Z,3006.00,3011.10,2960.01,2987.49,612883.940
2025-11-29T20:00:00Z,2987.49,2997.87,2980.80,2987.96,152626.046
2025-11-30T00:00:00Z,2987.96,3011.97,2974.00,3000.44,287796.517
2025-11-30T04:00:00Z,3000.44,3007.50,2984.20,3003.54,208762.043
2025-11-30T08:00:00Z,3003.54,3019.29,2996.69,3001.76,264927.371
2025-11-30T12:00:00Z,3001.77,3052.21,2998.38,3027.65,599869.239
2025-11-30T16:00:00Z,3027.65,3048.44,3027.05,3033.44,247953.521
2025-11-30T20:00:00Z,3033.45,3040.00,2988.28,2990.02,369530.609
2025-12-01T00:00:00Z,2990.02,2998.84,2812.50,2824.80,2053666.272
2025-12-01T04:00:00Z,2824.81,2843.42,2805.55,2838.44,622768.997
2025-12-01T08:00:00Z,2838.43,2854.56,2827.00,2836.48,524613.829
2025-12-01T12:00:00Z,2836.48,2838.98,2718.07,2745.01,1881933.859
2025-12-01T16:00:00Z,2745.01,2756.93,2718.63,2739.58,899601.554
2025-12-01T20:00:00Z,2739.57,2818.00,2738.97,2797.47,759246.209
2025-12-02T00:00:00Z,2797.48,2825.57,2781.38,2803.25,542831.186
2025-12-02T04:00:00Z,2803.24,2814.80,2796.00,2804.20,267451.759
2025-12-02T08:00:00Z,2804.20,2834.02,2780.60,2824.67,562633.298
2025-12-02T12:00:00Z,2824.68,3026.04,2815.00,3005.55,2026748.482
2025-12-02T16:00:00Z,3005.55,3034.94,2985.13,3014.61,1144080.992
2025-12-02T20:00:00Z,3014.60,3020.00,2970.04,2994.63,537245.136
2025-12-03T00:00:00Z,2994.63,3048.00,2983.76,3029.08,577150.058
2025-12-03T04:00:00Z,3029.07,3084.34,3028.05,3056.41,738112.000
2025-12-03T08:00:00Z,3056.41,3079.15,3041.95,3071.95,477389.593
2025-12-03T12:00:00Z,3071.94,3145.14,3030.00,3084.84,1889333.975
2025-12-03T16:00:00Z,3084.84,3141.17,3062.72,3126.78,771694.628
2025-12-03T20:00:00Z,3126.79,3216.53,3115.60,3187.07,1007567.800
2025-12-04T00:00:00Z,3187.08,3239.27,3172.75,3208.57,825984.923
2025-12-04T04:00:00Z,3208.57,3219.33,3170.06,3189.02,701443.095
2025-12-04T08:00:00Z,3189.01,3207.59,3173.45,3185.09,381408.972
2025-12-04T12:00:00Z,3185.09,3227.66,3138.15,3206.56,1209102.527
2025-12-04T16:00:00Z,3206.56,3225.00,3064.81,3117.66,1454644.990
2025-12-04T20:00:00Z,3117.66,3150.47,3104.05,3132.01,428514.604
2025-12-05T00:00:00Z,3132.01,3192.72,3131.05,3169.61,430469.141
2025-12-05T04:00:00Z,3169.61,3181.64,3150.43,3172.47,436221.894
2025-12-05T08:00:00Z,3172.47,3172.47,3106.01,3130.00,884381.170
2025-12-05T12:00:00Z,3129.99,3157.00,3081.09,3105.39,1377700.852
2025-12-05T16:00:00Z,3105.39,3107.48,2978.00,3037.09,1911166.176
2025-12-05T20:00:00Z,3037.09,3047.80,3005.12,3020.38,338788.777
2025-12-06T00:00:00Z,3020.38,3044.80,3011.00,3038.64,243213.353
2025-12-06T04:00:00Z,3038.64,3041.00,3022.98,3024.98,184902.551
2025-12-06T08:00:00Z,3024.98,3040.70,3012.00,3037.46,273573.684
2025-12-06T12:00:00Z,3037.46,3068.58,3025.00,3040.10,464854.565
2025-12-06T16:00:00Z,3040.10,3065.59,3023.00,3029.03,272725.712
2025-12-06T20:00:00Z,3029.04,3053.99,3024.35,3036.53,179343.293
2025-12-07T00:00:00Z,3036.53,3056.60,3030.65,3052.58,171146.475
2025-12-07T04:00:00Z,3052.57,3056.78,3029.16,3035.91,177621.695
2025-12-07T08:00:00Z,3035.90,3042.90,3023.25,3034.52,216142.612
2025-12-07T12:00:00Z,3034.52,3052.80,2903.75,3025.82,1587983.856
2025-12-07T16:00:00Z,3025.83,3150.00,2997.59,3136.77,1327649.316
2025-12-07T20:00:00Z,3136.77,3145.91,3010.00,3058.14,835543.371
2025-12-08T00:00:00Z,3058.14,3133.69,3038.76,3109.65,607913.624
2025-12-08T04:00:00Z,3109.65,3140.15,3107.15,3132.62,425163.273
2025-12-08T08:00:00Z,3132.61,3179.99,3123.81,3140.61,596650.888
2025-12-08T12:00:00Z,3140.61,3178.00,3087.34,3099.69,1544347.414
2025-12-08T16:00:00Z,3099.69,3132.26,3066.17,3117.55,777794.824
2025-12-08T20:00:00Z,3117.56,3152.00,3111.65,3123.14,346761.775
2025-12-09T00:00:00Z,3123.15,3142.30,3089.01,3127.99,500964.431
2025-12-09T04:00:00Z,3128.00,3130.00,3094.00,3121.57,381512.020
2025-12-09T08:00:00Z,3121.58,3129.60,3090.00,3116.91,348112.505
2025-12-09T12:00:00Z,3116.91,3256.00,3097.00,3244.91,1547794.215
2025-12-09T16:00:00Z,3244.92,3397.50,3244.30,3357.06,2089098.950
2025-12-09T20:00:00Z,3357.05,3360.32,3283.51,3316.49,722290.244
2025-12-10T00:00:00Z,3316.50,3327.43,3286.58,3308.00,354269.292
2025-12-10T04:00:00Z,3308.01,3334.92,3305.22,3325.65,296314.737
2025-12-10T08:00:00Z,3325.64,3374.93,3295.56,3316.75,772820.147
2025-12-10T12:00:00Z,3316.76,3337.91,3302.61,3326.63,641668.318
2025-12-10T16:00:00Z,3326.63,3436.95,3319.48,3388.97,1685935.231
2025-12-10T20:00:00Z,3388.98,3446.12,3316.90,3322.79,1061006.371
2025-12-11T00:00:00Z,3322.80,3326.74,3165.00,3189.78,1307759.654
2025-12-11T04:00:00Z,3189.77,3214.00,3179.00,3199.97,542279.018
2025-12-11T08:00:00Z,3199.97,3212.00,3175.20,3191.29,415214.668
2025-12-11T12:00:00Z,3191.29,3209.06,3142.92,3177.71,1134781.654
2025-12-11T16:00:00Z,3177.71,3232.89,3153.78,3192.70,1022760.597
2025-12-11T20:00:00Z,3192.69,3272.43,3190.77,3235.77,760167.514
2025-12-12T00:00:00Z,3235.78,3264.78,3183.33,3244.03,547849.055
2025-12-12T04:00:00Z,3244.03,3263.50,3230.53,3245.00,292460.990
2025-12-12T08:00:00Z,3244.99,3254.74,3225.02,3241.17,339966.067
2025-12-12T12:00:00Z,3241.17,3250.66,3050.00,3070.00,1715560.000
2025-12-12T16:00:00Z,3070.01,3098.28,3041.10,3071.94,1451516.493
2025-12-12T20:00:00Z,3071.94,3095.00,3065.79,3083.34,269365.036
2025-12-13T00:00:00Z,3083.34,3094.07,3077.00,3088.46,151795.722
2025-12-13T04:00:00Z,3088.46,3094.23,3082.18,3093.19,165652.931
2025-12-13T08:00:00Z,3093.20,3135.00,3090.91,3117.99,426725.822
2025-12-13T12:00:00Z,3118.00,3125.99,3092.64,3108.10,346641.325
2025-12-13T16:00:00Z,3108.10,3115.25,3094.39,3107.12,161932.759
2025-12-13T20:00:00Z,3107.13,3118.99,3075.00,3113.01,197550.962
2025-12-14T00:00:00Z,3113.00,3128.65,3101.27,3117.40,184167.035
2025-12-14T04:00:00Z,3117.40,3120.99,3103.01,3113.78,143691.956
2025-12-14T08:00:00Z,3113.77,3118.72,3048.32,3083.45,526486.112
2025-12-14T12:00:00Z,3083.46,3107.26,3068.85,3083.33,633184.714
2025-12-14T16:00:00Z,3083.32,3107.00,3072.67,3091.88,501685.439
2025-12-14T20:00:00Z,3091.88,3095.84,3022.51,3062.02,700779.052
2025-12-15T00:00:00Z,3062.01,3150.00,3055.25,3107.48,825483.534
2025-12-15T04:00:00Z,3107.49,3143.89,3102.08,3127.34,346841.730
2025-12-15T08:00:00Z,3127.34,3177.00,3123.90,3155.69,579899.813
2025-12-15T12:00:00Z,3155.68,3157.90,2985.00,3009.48,1999664.779
2025-12-15T16:00:00Z,3009.48,3016.55,2890.51,2938.68,1735769.430
2025-12-15T20:00:00Z,2938.68,2968.43,2915.18,2963.25,593033.686
2025-12-16T00:00:00Z,2963.25,2976.94,2920.91,2935.44,593744.874
2025-12-16T04:00:00Z,2935.44,2950.27,2870.00,2922.62,754956.471
2025-12-16T08:00:00Z,2922.61,2962.99,2918.25,2956.57,473748.089
2025-12-16T12:00:00Z,2956.57,2982.10,2885.46,2961.73,1558979.658
2025-12-16T16:00:00Z,2961.73,2966.98,2910.01,2943.80,856984.505
2025-12-16T20:00:00Z,2943.82,2964.45,2936.46,2960.84,263002.112
2025-12-17T00:00:00Z,2960.83,2973.52,2936.52,2946.45,327521.359
2025-12-17T04:00:00Z,2946.46,2953.12,2912.36,2946.59,466416.924
2025-12-17T08:00:00Z,2946.59,2946.59,2905.29,2927.36,406035.085
2025-12-17T12:00:00Z,2927.36,3030.00,2882.49,2903.23,2326773.820
2025-12-17T16:00:00Z,2903.23,2924.79,2789.52,2819.01,1908104.524
2025-12-17T20:00:00Z,2819.02,2836.61,2804.48,2832.00,451241.853
2025-12-18T00:00:00Z,2831.99,2846.81,2820.12,2830.57,368098.630
2025-12-18T04:00:00Z,2830.57,2840.00,2821.00,2834.98,287121.124
2025-12-18T08:00:00Z,2834.99,2863.18,2830.26,2857.65,386318.103
2025-12-18T12:00:00Z,2857.66,2997.05,2852.58,2963.89,2375644.948
2025-12-18T16:00:00Z,2963.90,2966.28,2772.97,2780.40,2243634.150
2025-12-18T20:00:00Z,2780.40,2837.80,2778.06,2827.30,695024.640
2025-12-19T00:00:00Z,2827.32,2934.93,2806.15,2907.56,1069254.843
2025-12-19T04:00:00Z,2907.55,2984.00,2905.79,2950.40,910089.142
2025-12-19T08:00:00Z,2950.39,2969.89,2936.64,2964.00,464072.342
2025-12-19T12:00:00Z,2964.00,3017.99,2941.49,2963.48,1330756.676
2025-12-19T16:00:00Z,2963.48,3006.76,2933.00,2983.61,989243.528
2025-12-19T20:00:00Z,2983.62,3002.00,2973.33,2978.33,261025.011
2025-12-20T00:00:00Z,2978.34,2992.81,2969.23,2987.97,165642.828
2025-12-20T04:00:00Z,2987.98,2989.52,2973.12,2980.25,174843.339
2025-12-20T08:00:00Z,2980.26,2989.40,2973.62,2985.98,189460.149
2025-12-20T12:00:00Z,2985.99,2992.97,2965.28,2975.57,359534.003
2025-12-20T16:00:00Z,2975.58,2979.99,2972.63,2976.57,78112.996
2025-12-20T20:00:00Z,2976.57,2984.75,2971.28,2976.54,70338.756
2025-12-21T00:00:00Z,2976.55,2979.91,2960.13,2971.70,179679.766
2025-12-21T04:00:00Z,2971.70,2981.68,2970.60,2979.83,75461.361
2025-12-21T08:00:00Z,2979.83,3011.99,2976.27,2995.16,419949.820
2025-12-21T12:00:00Z,2995.16,3004.00,2943.00,2973.23,684332.218
2025-12-21T16:00:00Z,2973.23,2996.63,2965.93,2989.48,300762.838
2025-12-21T20:00:00Z,2989.48,3011.34,2969.45,3000.62,220752.474
2025-12-22T00:00:00Z,3000.61,3060.39,2966.00,3020.18,1009782.984
2025-12-22T04:00:00Z,3020.18,3041.51,3018.40,3028.38,313620.918
2025-12-22T08:00:00Z,3028.38,3057.00,3023.57,3047.61,498299.525
2025-12-22T12:00:00Z,3047.61,3077.99,3020.40,3051.22,999125.541
2025-12-22T16:00:00Z,3051.22,3058.61,2972.60,2979.15,679967.426
2025-12-22T20:00:00Z,2979.16,3014.76,2961.00,3008.49,527209.373
2025-12-23T00:00:00Z,3008.50,3035.00,2970.08,2990.48,524072.323
2025-12-23T04:00:00Z,2990.48,2999.00,2945.00,2963.58,562333.806
2025-12-23T08:00:00Z,2963.57,2974.46,2951.19,2972.06,270312.717
2025-12-23T12:00:00Z,2972.06,2973.00,2899.30,2927.39,1211030.215
2025-12-23T16:00:00Z,2927.39,2965.81,2907.28,2942.71,961264.321
2025-12-23T20:00:00Z,2942.71,2987.74,2939.19,2963.29,496922.772
2025-12-24T00:00:00Z,2963.29,2976.48,2919.00,2944.47,446998.043
2025-12-24T04:00:00Z,2944.47,2957.94,2916.11,2931.50,455900.813
2025-12-24T08:00:00Z,2931.49,2938.71,2912.18,2923.96,393961.608
2025-12-24T12:00:00Z,2923.96,2937.35,2886.75,2924.20,714936.129
2025-12-24T16:00:00Z,2924.20,2954.79,2920.04,2944.78,432583.251
2025-12-24T20:00:00Z,2944.78,2962.69,2939.86,2946.23,178272.086
2025-12-25T00:00:00Z,2946.23,2955.92,2934.66,2945.90,161796.738
2025-12-25T04:00:00Z,2945.89,2947.27,2936.55,2940.83,112785.062
2025-12-25T08:00:00Z,2940.83,2946.00,2910.14,2923.51,342948.915
2025-12-25T12:00:00Z,2923.51,2969.99,2918.52,2959.68,453553.349
2025-12-25T16:00:00Z,2959.67,2966.49,2941.52,2955.15,296392.905
2025-12-25T20:00:00Z,2955.15,2955.43,2888.88,2902.32,466418.873
2025-12-26T00:00:00Z,2902.32,2994.00,2892.72,2963.76,1013287.489
2025-12-26T04:00:00Z,2963.76,2992.88,2950.79,2955.43,459938.641
2025-12-26T08:00:00Z,2955.44,2975.48,2953.55,2963.66,260876.346
2025-12-26T12:00:00Z,2963.65,2984.93,2893.00,2921.50,1235292.793
2025-12-26T16:00:00Z,2921.51,2934.28,2905.50,2924.50,379803.329
2025-12-26T20:00:00Z,2924.50,2938.00,2920.23,2926.82,162745.361
2025-12-27T00:00:00Z,2926.83,2932.24,2920.00,2931.98,105457.968
2025-12-27T04:00:00Z,2931.98,2936.66,2926.35,2931.47,97394.913
2025-12-27T08:00:00Z,2931.46,2939.82,2914.63,2929.58,238624.649
2025-12-27T12:00:00Z,2929.59,2932.72,2924.00,2925.53,104305.950
2025-12-27T16:00:00Z,2925.54,2929.70,2915.74,2929.60,112609.207
2025-12-27T20:00:00Z,2929.60,2959.84,2927.06,2947.61,241120.008
2025-12-28T00:00:00Z,2947.61,2950.63,2939.50,2942.34,123844.508
2025-12-28T04:00:00Z,2942.34,2946.29,2927.76,2937.96,165596.304
2025-12-28T08:00:00Z,2937.96,2946.46,2930.01,2942.99,171967.020
2025-12-28T12:00:00Z,2942.99,2959.99,2936.20,2948.00,227362.374
2025-12-28T16:00:00Z,2948.00,2953.50,2922.84,2932.18,259924.848
2025-12-28T20:00:00Z,2932.18,2954.50,2927.10,2949.60,207645.603
2025-12-29T00:00:00Z,2949.60,3047.89,2943.10,3042.30,1083093.395
2025-12-29T04:00:00Z,3042.30,3056.00,3001.00,3018.46,687977.921
2025-12-29T08:00:00Z,3018.47,3025.00,2955.36,2958.52,950738.037
2025-12-29T12:00:00Z,2958.52,2964.92,2908.58,2934.02,1464566.714
2025-12-29T16:00:00Z,2934.02,2944.79,2911.10,2930.88,572916.443
2025-12-29T20:00:00Z,2930.88,2943.20,2924.50,2936.45,216168.176
2025-12-30T00:00:00Z,2936.45,2955.01,2917.48,2950.60,352507.494
2025-12-30T04:00:00Z,2950.61,2957.50,2935.88,2949.43,264122.904
2025-12-30T08:00:00Z,2949.43,3003.00,2948.81,2977.85,745042.450
2025-12-30T12:00:00Z,2977.85,3008.67,2956.79,2988.48,972475.510
2025-12-30T16:00:00Z,2988.49,2993.60,2941.27,2970.32,632362.441
2025-12-30T20:00:00Z,2970.32,2974.80,2953.00,2972.22,193967.276
2025-12-31T00:00:00Z,2972.23,2983.97,2960.90,2969.18,288341.311
2025-12-31T04:00:00Z,2969.19,2978.40,2967.13,2975.52,145372.109
2025-12-31T08:00:00Z,2975.52,3002.01,2962.21,3000.48,376756.781
2025-12-31T12:00:00Z,3000.48,3027.73,2966.00,2984.30,933156.921
2025-12-31T16:00:00Z,2984.30,2996.43,2957.59,2970.21,451563.289
2025-12-31T20:00:00Z,2970.21,2984.05,2962.20,2970.40,216324.386
2026-01-01T00:00:00Z,2970.40,2988.48,2970.00,2979.01,133067.175
2026-01-01T04:00:00Z,2979.01,2982.78,2972.10,2977.18,122145.250
2026-01-01T08:00:00Z,2977.18,2991.94,2976.57,2988.00,127641.614
2026-01-01T12:00:00Z,2988.00,2993.91,2976.00,2988.44,221631.060
2026-01-01T16:00:00Z,2988.45,3005.00,2979.47,2994.06,272023.009
2026-01-01T20:00:00Z,2994.08,3008.56,2985.90,3002.49,201595.813
2026-01-02T00:00:00Z,3002.50,3034.36,2990.67,3021.04,462507.608
2026-01-02T04:00:00Z,3021.04,3038.42,3007.00,3017.00,385068.778
2026-01-02T08:00:00Z,3017.00,3068.97,3014.27,3046.70,812443.760
2026-01-02T12:00:00Z,3046.69,3112.15,3017.64,3085.09,1450276.871
2026-01-02T16:00:00Z,3085.09,3149.00,3077.90,3122.46,1229567.483
2026-01-02T20:00:00Z,3122.46,3144.00,3109.85,3123.89,292419.225
2026-01-03T00:00:00Z,3123.88,3135.00,3117.09,3123.90,173512.584
2026-01-03T04:00:00Z,3123.91,3126.52,3074.52,3089.51,457906.646
2026-01-03T08:00:00Z,3089.52,3109.60,3082.63,3097.00,287700.138
2026-01-03T12:00:00Z,3097.00,3114.11,3092.19,3099.92,238314.189
2026-01-03T16:00:00Z,3099.91,3118.61,3096.75,3112.00,148425.481
2026-01-03T20:00:00Z,3112.00,3129.70,3105.76,3125.47,160738.562
2026-01-04T00:00:00Z,3125.46,3165.99,3124.76,3145.73,512447.964
2026-01-04T04:00:00Z,3145.73,3161.41,3132.24,3139.51,328217.711
2026-01-04T08:00:00Z,3139.52,3147.37,3122.58,3138.32,289034.150
2026-01-04T12:00:00Z,3138.32,3145.94,3115.00,3134.14,272959.045
2026-01-04T16:00:00Z,3134.14,3142.85,3117.00,3131.31,235732.448
2026-01-04T20:00:00Z,3131.31,3155.00,3129.37,3143.32,249511.472
2026-01-05T00:00:00Z,3143.33,3221.00,3141.50,3184.74,903116.848
2026-01-05T04:00:00Z,3184.75,3186.89,3131.47,3156.00,726239.775
2026-01-05T08:00:00Z,3156.00,3183.36,3151.78,3178.88,397059.116
2026-01-05T12:00:00Z,3178.88,3205.00,3132.58,3194.49,1013321.998
2026-01-05T16:00:00Z,3194.48,3230.86,3157.01,3221.63,945405.778
2026-01-05T20:00:00Z,3221.64,3266.00,3218.55,3223.71,545811.985
2026-01-06T00:00:00Z,3223.72,3246.00,3201.91,3223.88,402617.323
2026-01-06T04:00:00Z,3223.88,3254.94,3210.02,3218.01,540058.226
2026-01-06T08:00:00Z,3218.00,3241.76,3212.80,3236.36,283760.395
2026-01-06T12:00:00Z,3236.36,3308.00,3228.19,3270.74,1555393.145
2026-01-06T16:00:00Z,3270.74,3277.76,3180.71,3222.18,1176588.448
2026-01-06T20:00:00Z,3222.19,3301.64,3221.91,3295.46,628617.944
2026-01-07T00:00:00Z,3295.46,3295.79,3238.00,3265.57,579224.549
2026-01-07T04:00:00Z,3265.57,3270.88,3245.72,3253.99,271044.849
2026-01-07T08:00:00Z,3253.99,3262.00,3194.28,3218.75,945590.152
2026-01-07T12:00:00Z,3218.74,3228.00,3142.82,3163.53,1393902.197
2026-01-07T16:00:00Z,3163.53,3178.44,3123.01,3144.37,866529.109
2026-01-07T20:00:00Z,3144.38,3181.81,3126.55,3167.52,484035.292
2026-01-08T00:00:00Z,3167.53,3183.68,3132.33,3141.35,388178.758
2026-01-08T04:00:00Z,3141.35,3160.29,3086.26,3126.41,778811.181
2026-01-08T08:00:00Z,3126.41,3135.70,3095.16,3119.35,653716.282
2026-01-08T12:00:00Z,3119.35,3119.66,3052.43,3102.89,1402564.226
2026-01-08T16:00:00Z,3102.89,3138.44,3088.34,3110.13,691620.906
2026-01-08T20:00:00Z,3110.12,3129.60,3087.35,3105.45,330084.080
2026-01-09T00:00:00Z,3105.44,3148.00,3077.46,3118.38,579827.409
2026-01-09T04:00:00Z,3118.38,3124.26,3109.22,3109.75,182825.737
2026-01-09T08:00:00Z,3109.76,3114.32,3066.00,3088.99,580453.070
2026-01-09T12:00:00Z,3089.00,3142.00,3056.79,3111.39,1290277.425
2026-01-09T16:00:00Z,3111.39,3144.99,3066.31,3079.00,775732.938
2026-01-09T20:00:00Z,3079.00,3092.17,3064.00,3087.15,279840.206
2026-01-10T00:00:00Z,3087.16,3093.53,3078.30,3085.52,121450.212
2026-01-10T04:00:00Z,3085.52,3092.48,3077.22,3091.50,121216.256
2026-01-10T08:00:00Z,3091.49,3102.68,3086.13,3095.64,138667.002
2026-01-10T12:00:00Z,3095.63,3102.75,3087.25,3094.12,135440.912
2026-01-10T16:00:00Z,3094.12,3097.56,3088.50,3090.79,70501.359
2026-01-10T20:00:00Z,3090.78,3092.19,3077.08,3085.47,103200.578
2026-01-11T00:00:00Z,3085.47,3096.41,3083.23,3095.48,84779.251
2026-01-11T04:00:00Z,3095.49,3101.00,3088.31,3094.03,101214.220
2026-01-11T08:00:00Z,3094.03,3108.45,3091.35,3103.80,145254.711
2026-01-11T12:00:00Z,3103.80,3129.60,3103.46,3116.89,319133.860
2026-01-11T16:00:00Z,3116.90,3147.00,3114.40,3123.47,454463.779
2026-01-11T20:00:00Z,3123.46,3125.44,3090.70,3122.00,409265.762
2026-01-12T00:00:00Z,3122.00,3170.88,3095.28,3151.18,786884.087
2026-01-12T04:00:00Z,3151.17,3165.77,3131.58,3133.96,359559.534
2026-01-12T08:00:00Z,3133.96,3146.13,3100.00,3114.12,617818.107
2026-01-12T12:00:00Z,3114.12,3132.00,3061.35,3128.66,993733.656
2026-01-12T16:00:00Z,3128.66,3145.93,3083.00,3120.33,804513.463
2026-01-12T20:00:00Z,3120.33,3126.84,3083.00,3093.84,316837.892
2026-01-13T00:00:00Z,3093.85,3118.00,3090.18,3114.98,301275.527
2026-01-13T04:00:00Z,3114.98,3145.71,3110.71,3121.08,512413.450
2026-01-13T08:00:00Z,3121.08,3148.15,3121.05,3132.77,320235.807
2026-01-13T12:00:00Z,3132.77,3188.08,3127.94,3183.11,1233395.062
2026-01-13T16:00:00Z,3183.11,3217.60,3170.23,3214.45,892316.216
2026-01-13T20:00:00Z,3214.46,3383.63,3188.72,3324.69,1461919.755
2026-01-14T00:00:00Z,3324.68,3360.00,3314.01,3351.04,651111.262
2026-01-14T04:00:00Z,3351.03,3365.66,3321.12,3334.88,484874.124
2026-01-14T08:00:00Z,3334.88,3342.00,3281.59,3285.20,568679.898
2026-01-14T12:00:00Z,3285.19,3361.02,3280.00,3344.19,1286402.312
2026-01-14T16:00:00Z,3344.19,3403.77,3313.94,3366.49,1453952.337
2026-01-14T20:00:00Z,3366.48,3392.00,3346.24,3353.27,439133.901
2026-01-15T00:00:00Z,3353.28,3354.61,3275.36,3284.79,602166.195
2026-01-15T04:00:00Z,3284.80,3333.93,3282.89,3328.63,379922.530
2026-01-15T08:00:00Z,3328.64,3377.78,3318.66,3348.63,681515.065
2026-01-15T12:00:00Z,3348.63,3383.07,3282.07,3328.93,1296442.029
2026-01-15T16:00:00Z,3328.92,3336.22,3266.00,3294.01,860985.724
2026-01-15T20:00:00Z,3294.01,3322.15,3275.00,3317.00,310951.281
2026-01-16T00:00:00Z,3317.00,3325.34,3290.21,3293.90,278154.059
2026-01-16T04:00:00Z,3293.91,3315.82,3274.05,3308.16,444154.888
2026-01-16T08:00:00Z,3308.16,3319.43,3291.56,3300.69,260687.091
2026-01-16T12:00:00Z,3300.70,3317.17,3251.42,3263.04,816664.898
2026-01-16T16:00:00Z,3263.04,3288.88,3258.00,3275.64,491661.737
2026-01-16T20:00:00Z,3275.65,3298.86,3263.06,3294.77,258859.483
2026-01-17T00:00:00Z,3294.77,3296.02,3282.39,3288.12,103107.133
2026-01-17T04:00:00Z,3288.12,3292.99,3284.67,3290.09,83410.702
2026-01-17T08:00:00Z,3290.08,3304.96,3288.00,3301.40,190867.386
2026-01-17T12:00:00Z,3301.39,3328.21,3298.00,3328.13,390183.703
2026-01-17T16:00:00Z,3328.13,3328.36,3310.00,3315.10,237302.859
2026-01-17T20:00:00Z,3315.09,3318.53,3295.42,3308.87,143756.074
2026-01-18T00:00:00Z,3308.86,3319.77,3294.52,3314.52,167361.245
2026-01-18T04:00:00Z,3314.52,3316.69,3304.20,3305.66,115608.432
2026-01-18T08:00:00Z,3305.67,3324.41,3301.56,3320.60,197684.732
2026-01-18T12:00:00Z,3320.61,3346.70,3312.71,3332.31,419804.502
2026-01-18T16:00:00Z,3332.31,3367.98,3328.14,3345.36,367403.056
2026-01-18T20:00:00Z,3345.36,3356.14,3277.42,3282.77,548656.503
2026-01-19T00:00:00Z,3282.77,3283.20,3175.00,3210.36,1751682.053
2026-01-19T04:00:00Z,3210.35,3215.91,3184.15,3205.74,446291.955
2026-01-19T08:00:00Z,3205.74,3229.66,3196.00,3222.18,365703.184
2026-01-19T12:00:00Z,3222.18,3234.71,3200.01,3214.47,324701.382
2026-01-19T16:00:00Z,3214.47,3226.19,3206.61,3218.34,181999.244
2026-01-19T20:00:00Z,3218.34,3224.00,3165.00,3188.01,495509.882
2026-01-20T00:00:00Z,3188.01,3199.73,3174.02,3187.41,365402.161
2026-01-20T04:00:00Z,3187.41,3188.27,3106.66,3121.50,1107438.935
2026-01-20T08:00:00Z,3121.49,3122.54,3083.49,3108.14,755840.179
2026-01-20T12:00:00Z,3108.15,3113.52,2990.91,3031.06,1902768.391
2026-01-20T16:00:00Z,3031.06,3041.58,2977.92,2995.04,914651.463
2026-01-20T20:00:00Z,2995.04,3006.61,2910.00,2938.24,817116.489
2026-01-21T00:00:00Z,2938.25,2983.70,2920.08,2980.27,629787.905
2026-01-21T04:00:00Z,2980.26,3001.01,2964.45,2969.01,455591.036
2026-01-21T08:00:00Z,2969.02,2973.62,2935.00,2942.17,424450.579
2026-01-21T12:00:00Z,2942.17,3026.06,2900.31,3001.22,1889835.333
2026-01-21T16:00:00Z,3001.23,3069.34,2864.29,3054.07,2388005.768
2026-01-21T20:00:00Z,3054.08,3056.41,2970.65,2980.66,742023.896
2026-01-22T00:00:00Z,2980.67,3037.49,2979.28,3012.24,488832.813
2026-01-22T04:00:00Z,3012.23,3027.00,2999.16,2999.71,243955.676
2026-01-22T08:00:00Z,2999.72,3015.58,2976.07,2984.78,446006.982
2026-01-22T12:00:00Z,2984.79,3009.00,2904.11,2940.72,1437927.557
2026-01-22T16:00:00Z,2940.73,2971.84,2922.12,2952.56,628336.811
2026-01-22T20:00:00Z,2952.56,2958.00,2928.90,2951.21,265976.384
2026-01-23T00:00:00Z,2951.21,2971.10,2944.47,2963.17,197285.923
2026-01-23T04:00:00Z,2963.18,2983.62,2933.56,2946.84,457590.402
2026-01-23T08:00:00Z,2946.84,2949.81,2913.49,2939.52,461077.012
2026-01-23T12:00:00Z,2939.53,2965.00,2890.20,2951.08,902366.410
2026-01-23T16:00:00Z,2951.08,3020.45,2936.95,2958.24,1115451.398
2026-01-23T20:00:00Z,2958.24,2962.64,2929.00,2955.08,287330.021
2026-01-24T00:00:00Z,2955.08,2968.75,2947.72,2961.10,147297.034
2026-01-24T04:00:00Z,2961.11,2965.21,2953.03,2956.00,105707.528
2026-01-24T08:00:00Z,2956.01,2963.61,2953.72,2959.93,72614.980
2026-01-24T12:00:00Z,2959.93,2966.93,2942.00,2955.55,218582.286
2026-01-24T16:00:00Z,2955.54,2967.30,2950.25,2952.77,147948.608
2026-01-24T20:00:00Z,2952.77,2963.02,2947.00,2952.09,90434.841
2026-01-25T00:00:00Z,2952.09,2959.27,2935.50,2941.54,163007.517
2026-01-25T04:00:00Z,2941.54,2948.15,2933.05,2938.43,160391.705
2026-01-25T08:00:00Z,2938.44,2947.00,2918.55,2936.16,282545.564
2026-01-25T12:00:00Z,2936.15,2944.08,2920.33,2925.54,267548.624
2026-01-25T16:00:00Z,2925.54,2926.35,2794.59,2810.90,1878474.872
2026-01-25T20:00:00Z,2810.91,2823.81,2784.15,2815.49,887300.925
2026-01-26T00:00:00Z,2815.49,2898.02,2810.72,2849.69,1139380.033
2026-01-26T04:00:00Z,2849.70,2911.00,2848.47,2902.99,688870.404
2026-01-26T08:00:00Z,2903.00,2935.00,2879.62,2890.92,694583.759
2026-01-26T12:00:00Z,2890.91,2950.00,2872.78,2898.12,1327264.385
2026-01-26T16:00:00Z,2898.13,2935.10,2884.93,2921.94,847331.744
2026-01-26T20:00:00Z,2921.94,2945.60,2893.90,2928.90,515194.245
2026-01-27T00:00:00Z,2928.89,2948.00,2910.93,2939.68,329008.465
2026-01-27T04:00:00Z,2939.69,2958.00,2923.21,2927.94,324529.667
2026-01-27T08:00:00Z,2927.94,2931.46,2898.89,2915.89,371558.446
2026-01-27T12:00:00Z,2915.88,2944.26,2904.15,2936.17,671479.544
2026-01-27T16:00:00Z,2936.16,2997.64,2916.51,2979.46,1488670.514
2026-01-27T20:00:00Z,2979.46,3034.99,2977.65,3024.92,707682.182
2026-01-28T00:00:00Z,3024.92,3028.50,2995.78,3003.79,293114.311
2026-01-28T04:00:00Z,3003.79,3018.09,2991.53,3004.06,270072.555
2026-01-28T08:00:00Z,3004.07,3045.00,2985.33,3038.41,581524.043
2026-01-28T12:00:00Z,3038.40,3044.39,2981.70,3006.25,775894.585
2026-01-28T16:00:00Z,3006.25,3030.78,2987.89,3015.25,696139.572
2026-01-28T20:00:00Z,3015.26,3038.10,2995.01,3009.36,358505.681
2026-01-29T00:00:00Z,3009.36,3012.04,2943.00,2951.40,683123.354
2026-01-29T04:00:00Z,2951.40,2964.36,2936.39,2960.11,309089.595
2026-01-29T08:00:00Z,2960.11,2969.00,2922.21,2928.08,509413.938
2026-01-29T12:00:00Z,2928.09,2938.00,2795.03,2822.65,1786650.209
2026-01-29T16:00:00Z,2822.66,2858.88,2752.50,2796.53,2066454.830
2026-01-29T20:00:00Z,2796.53,2826.15,2788.00,2821.00,401774.081
2026-01-30T00:00:00Z,2821.00,2827.27,2673.33,2739.74,1576123.926
2026-01-30T04:00:00Z,2739.74,2773.68,2695.03,2738.43,879040.657
2026-01-30T08:00:00Z,2738.43,2767.80,2708.00,2758.50,650734.827
2026-01-30T12:00:00Z,2758.49,2765.50,2689.00,2727.63,1238295.679
2026-01-30T16:00:00Z,2727.63,2760.00,2634.63,2741.36,1792882.449
2026-01-30T20:00:00Z,2741.36,2741.89,2662.47,2705.66,946728.370
2026-01-31T00:00:00Z,2705.66,2713.43,2683.01,2694.79,279521.619
2026-01-31T04:00:00Z,2694.79,2703.87,2665.00,2678.86,350976.519
2026-01-31T08:00:00Z,2678.86,2682.60,2605.41,2639.04,1040511.269
2026-01-31T12:00:00Z,2639.04,2643.21,2507.47,2532.61,2173192.215
2026-01-31T16:00:00Z,2532.61,2549.98,2202.40,2381.56,4601129.276
2026-01-31T20:00:00Z,2381.57,2473.20,2352.36,2450.38,1152001.027
2026-02-01T00:00:00Z,2450.38,2474.98,2428.14,2444.17,564633.344
2026-02-01T04:00:00Z,2444.18,2453.53,2392.04,2409.99,718983.987
2026-02-01T08:00:00Z,2409.99,2437.95,2374.65,2410.65,969195.698
2026-02-01T12:00:00Z,2410.65,2411.31,2284.68,2314.57,1954721.617
2026-02-01T16:00:00Z,2314.57,2378.09,2282.06,2319.29,1486227.652
2026-02-01T20:00:00Z,2319.29,2348.21,2218.00,2269.04,1790838.005
2026-02-02T00:00:00Z,2269.03,2322.71,2163.21,2237.41,2352854.552
2026-02-02T04:00:00Z,2237.40,2267.11,2156.00,2227.57,2255613.738
2026-02-02T08:00:00Z,2227.56,2317.49,2227.56,2281.21,1630482.567
2026-02-02T12:00:00Z,2281.20,2395.40,2280.78,2370.88,2034796.964
2026-02-02T16:00:00Z,2370.87,2385.56,2326.00,2329.75,950067.598
2026-02-02T20:00:00Z,2329.75,2353.74,2311.47,2345.55,552729.165
2026-02-03T00:00:00Z,2345.56,2358.60,2282.01,2343.10,972005.217
2026-02-03T04:00:00Z,2343.10,2354.40,2296.45,2322.00,824892.202
2026-02-03T08:00:00Z,2322.00,2331.86,2259.77,2275.63,1188299.957
2026-02-03T12:00:00Z,2275.63,2316.36,2250.66,2302.16,1521890.933
2026-02-03T16:00:00Z,2302.16,2302.70,2103.40,2204.33,4077074.319
2026-02-03T20:00:00Z,2204.33,2353.97,2186.69,2232.23,2264045.849
2026-02-04T00:00:00Z,2232.23,2295.00,2221.77,2282.23,833789.571
2026-02-04T04:00:00Z,2282.22,2294.38,2255.13,2282.93,620914.239
2026-02-04T08:00:00Z,2282.93,2285.29,2225.24,2253.73,902361.756
2026-02-04T12:00:00Z,2253.73,2262.20,2135.00,2150.44,2746228.366
2026-02-04T16:00:00Z,2150.45,2195.00,2073.68,2187.77,4179835.855
2026-02-04T20:00:00Z,2187.76,2192.30,2086.00,2147.01,1302334.829
2026-02-05T00:00:00Z,2147.01,2173.00,2096.82,2109.11,1408142.112
2026-02-05T04:00:00Z,2109.12,2124.99,2061.22,2090.57,2232591.622
2026-02-05T08:00:00Z,2090.56,2149.38,2060.00,2078.74,1647624.674
2026-02-05T12:00:00Z,2078.72,2107.34,1925.41,1959.21,4534175.206
2026-02-05T16:00:00Z,1959.21,2017.49,1912.54,1927.24,2896946.059
2026-02-05T20:00:00Z,1927.24,1941.99,1813.44,1824.95,3935981.068
2026-02-06T00:00:00Z,1824.94,1947.50,1736.02,1891.17,3804839.789
2026-02-06T04:00:00Z,1891.18,1974.83,1885.02,1898.21,1624296.492
2026-02-06T08:00:00Z,1898.21,1939.80,1865.24,1931.76,1640251.691
2026-02-06T12:00:00Z,1931.75,2001.86,1914.00,1979.49,2192905.700
2026-02-06T16:00:00Z,1979.49,2090.00,1969.99,2065.15,2616612.800
2026-02-06T20:00:00Z,2065.14,2095.10,2041.41,2062.54,1113235.456
2026-02-07T00:00:00Z,2062.55,2085.52,2031.76,2079.62,758514.815
2026-02-07T04:00:00Z,2079.61,2118.87,1993.34,2026.09,1758484.059
2026-02-07T08:00:00Z,2026.09,2031.53,1998.52,2017.52,733133.711
2026-02-07T12:00:00Z,2017.53,2075.61,2008.18,2051.49,1371041.154
2026-02-07T16:00:00Z,2051.49,2125.00,2009.00,2090.11,4183846.497
2026-02-07T20:00:00Z,2090.10,2116.79,2072.00,2085.93,437416.265
2026-02-08T00:00:00Z,2085.94,2106.00,2075.55,2077.86,421678.326
2026-02-08T04:00:00Z,2077.87,2087.96,2065.28,2083.48,427919.391
2026-02-08T08:00:00Z,2083.49,2137.00,2077.01,2130.98,1103495.490
2026-02-08T12:00:00Z,2130.98,2144.35,2096.00,2107.31,1012889.015
2026-02-08T16:00:00Z,2107.30,2128.88,2070.91,2125.76,722103.433
2026-02-08T20:00:00Z,2125.78,2152.00,2070.46,2088.60,867093.624
2026-02-09T00:00:00Z,2088.59,2102.42,2052.92,2099.01,865704.995
2026-02-09T04:00:00Z,2099.01,2100.88,2063.28,2064.42,502383.793
2026-02-09T08:00:00Z,2064.42,2069.20,2012.00,2027.43,1128847.314
2026-02-09T12:00:00Z,2027.44,2072.92,2008.00,2060.27,1417907.891
2026-02-09T16:00:00Z,2060.28,2142.82,2046.41,2130.56,1407421.872
2026-02-09T20:00:00Z,2130.55,2148.00,2086.87,2103.96,790123.516
2026-02-10T00:00:00Z,2103.96,2123.70,2049.64,2063.70,797206.445
2026-02-10T04:00:00Z,2063.71,2073.32,1996.06,2006.05,1450177.016
2026-02-10T08:00:00Z,2006.06,2029.00,1993.35,2001.87,854865.316
2026-02-10T12:00:00Z,2001.87,2038.72,1983.77,2021.32,1397168.295
2026-02-10T16:00:00Z,2021.32,2046.10,1994.11,2016.82,874683.315
2026-02-10T20:00:00Z,2016.82,2021.72,1995.57,2021.51,345439.339
2026-02-11T00:00:00Z,2021.51,2031.00,1996.00,2008.41,473216.263
2026-02-11T04:00:00Z,2008.40,2010.28,1937.00,1949.56,1445212.376
2026-02-11T08:00:00Z,1949.55,1955.99,1930.39,1952.33,711117.542
2026-02-11T12:00:00Z,1952.32,2015.43,1901.22,1928.05,2406242.823
2026-02-11T16:00:00Z,1928.04,1959.00,1907.53,1951.26,1299726.407
2026-02-11T20:00:00Z,1951.26,1987.47,1929.62,1940.07,666201.196
2026-02-12T00:00:00Z,1940.07,1977.00,1940.07,1967.75,470702.468
2026-02-12T04:00:00Z,1967.74,1982.36,1952.24,1966.97,535174.869
2026-02-12T08:00:00Z,1966.97,2000.90,1956.19,1987.88,781031.398
2026-02-12T12:00:00Z,1987.87,1995.53,1943.44,1947.47,1130783.176
2026-02-12T16:00:00Z,1947.47,1949.00,1893.77,1924.36,1842938.433
2026-02-12T20:00:00Z,1924.36,1952.27,1908.29,1947.15,488821.807
2026-02-13T00:00:00Z,1947.15,1957.94,1926.72,1952.49,470157.883
2026-02-13T04:00:00Z,1952.49,1954.76,1923.29,1934.88,524371.154
2026-02-13T08:00:00Z,1934.89,1968.49,1932.88,1959.25,623579.493
2026-02-13T12:00:00Z,1959.26,2049.99,1951.59,2033.71,1815593.104
2026-02-13T16:00:00Z,2033.78,2073.00,2030.13,2056.82,982055.493
2026-02-13T20:00:00Z,2056.82,2058.79,2036.76,2047.60,341167.813
2026-02-14T00:00:00Z,2047.60,2056.91,2041.00,2053.39,200953.713
2026-02-14T04:00:00Z,2053.40,2059.99,2047.20,2056.10,190576.708
2026-02-14T08:00:00Z,2056.09,2107.02,2055.90,2098.22,785363.190
2026-02-14T12:00:00Z,2098.22,2099.23,2063.16,2086.38,704562.146
2026-02-14T16:00:00Z,2086.38,2089.61,2066.48,2087.31,384786.232
2026-02-14T20:00:00Z,2087.31,2098.94,2077.29,2085.43,285567.829
2026-02-15T00:00:00Z,2085.43,2089.00,2034.35,2058.09,839010.065
2026-02-15T04:00:00Z,2058.08,2102.73,2058.08,2090.58,667010.966
2026-02-15T08:00:00Z,2090.58,2096.00,2052.52,2060.97,550548.823
2026-02-15T12:00:00Z,2060.98,2067.80,1992.00,2010.25,1304022.166
2026-02-15T16:00:00Z,2010.25,2010.33,1926.83,1941.17,1320124.509
2026-02-15T20:00:00Z,1941.18,1973.50,1933.29,1965.47,582372.153
2026-02-16T00:00:00Z,1965.48,1980.64,1947.24,1957.72,497517.400
2026-02-16T04:00:00Z,1957.73,1977.66,1951.59,1970.12,398345.081
2026-02-16T08:00:00Z,1970.12,1992.23,1956.05,1975.15,633566.923
2026-02-16T12:00:00Z,1975.15,2023.30,1935.39,1955.63,1670293.349
2026-02-16T16:00:00Z,1955.63,1988.00,1955.13,1973.37,593967.786
2026-02-16T20:00:00Z,1973.37,2003.29,1970.10,1997.35,428793.102
2026-02-17T00:00:00Z,1997.36,2008.64,1977.31,1984.89,453396.188
2026-02-17T04:00:00Z,1984.89,1997.99,1963.50,1984.85,428529.835
2026-02-17T08:00:00Z,1984.84,1989.92,1960.19,1967.58,416783.864
2026-02-17T12:00:00Z,1967.58,2003.43,1940.01,1967.63,1427331.851
2026-02-17T16:00:00Z,1967.64,2014.91,1952.61,1997.30,1383976.848
2026-02-17T20:00:00Z,1997.31,2003.25,1985.59,1990.68,305245.076
2026-02-18T00:00:00Z,1990.68,1999.64,1967.27,1995.85,418428.459
2026-02-18T04:00:00Z,1995.85,2022.00,1992.13,2017.19,463830.601
2026-02-18T08:00:00Z,2017.20,2038.27,1975.20,1980.19,917334.760
2026-02-18T12:00:00Z,1980.19,2009.80,1953.20,1984.56,1412387.045
2026-02-18T16:00:00Z,1984.56,1986.99,1921.64,1939.82,1322868.117
2026-02-18T20:00:00Z,1939.83,1955.59,1934.11,1954.77,412344.496
2026-02-19T00:00:00Z,1954.77,1973.57,1949.10,1971.19,344313.744
2026-02-19T04:00:00Z,1971.20,1986.91,1963.00,1980.82,401087.352
2026-02-19T08:00:00Z,1980.82,1981.79,1946.11,1948.70,572180.725
2026-02-19T12:00:00Z,1948.71,1955.20,1910.00,1925.20,1623716.105
2026-02-19T16:00:00Z,1925.21,1946.75,1905.50,1940.14,922036.802
2026-02-19T20:00:00Z,1940.13,1953.00,1933.68,1948.15,305988.475
2026-02-20T00:00:00Z,1948.15,1963.56,1946.25,1954.06,372003.467
2026-02-20T04:00:00Z,1954.06,1967.96,1928.52,1959.65,722249.811
2026-02-20T08:00:00Z,1959.65,1972.99,1939.24,1942.76,582309.333
2026-02-20T12:00:00Z,1942.76,1980.27,1921.53,1963.05,1529310.050
2026-02-20T16:00:00Z,1963.05,1980.73,1937.60,1962.88,1156054.873
2026-02-20T20:00:00Z,1962.89,1974.43,1960.71,1967.85,252769.819
2026-02-21T00:00:00Z,1967.85,1969.99,1955.07,1958.29,195446.154
2026-02-21T04:00:00Z,1958.30,1965.46,1955.17,1962.00,139261.061
2026-02-21T08:00:00Z,1962.00,1988.20,1961.26,1976.25,480800.053
2026-02-21T12:00:00Z,1976.24,1996.64,1968.31,1987.04,498494.571
2026-02-21T16:00:00Z,1987.04,1994.59,1975.31,1987.48,341773.043
2026-02-21T20:00:00Z,1987.48,1989.66,1967.03,1972.54,296539.396
2026-02-22T00:00:00Z,1972.54,1982.83,1966.10,1973.76,289539.225
2026-02-22T04:00:00Z,1973.76,1978.59,1970.01,1975.01,144049.483
2026-02-22T08:00:00Z,1975.01,1982.67,1969.04,1979.84,197552.989
2026-02-22T12:00:00Z,1979.85,1980.60,1942.24,1952.81,892872.592
2026-02-22T16:00:00Z,1952.81,1954.67,1933.00,1942.81,376166.728
2026-02-22T20:00:00Z,1942.81,1960.00,1938.92,1957.01,281364.095
2026-02-23T00:00:00Z,1957.00,1957.58,1844.46,1860.94,1970983.162
2026-02-23T04:00:00Z,1860.93,1887.80,1852.00,1884.13,642382.309
2026-02-23T08:00:00Z,1884.13,1927.73,1875.60,1914.41,975901.002
2026-02-23T12:00:00Z,1914.40,1935.27,1891.42,1894.72,1241797.396
2026-02-23T16:00:00Z,1894.73,1899.34,1836.06,1856.15,1331189.130
2026-02-23T20:00:00Z,1856.16,1869.04,1846.00,1855.47,434570.285
2026-02-24T00:00:00Z,1855.47,1868.94,1810.46,1830.94,1181431.179
2026-02-24T04:00:00Z,1830.94,1839.85,1812.52,1824.63,847651.917
2026-02-24T08:00:00Z,1824.63,1835.55,1813.16,1825.74,539634.383
2026-02-24T12:00:00Z,1825.75,1849.59,1796.00,1846.37,1624730.572
2026-02-24T16:00:00Z,1846.36,1864.58,1837.01,1851.56,950543.639
2026-02-24T20:00:00Z,1851.56,1863.50,1843.83,1851.09,307873.495
2026-02-25T00:00:00Z,1851.10,1945.70,1845.70,1905.37,1482719.102
2026-02-25T04:00:00Z,1905.38,1913.82,1877.06,1892.35,783355.298
2026-02-25T08:00:00Z,1892.36,1927.89,1889.24,1925.28,675208.004
2026-02-25T12:00:00Z,1925.27,2027.93,1921.23,2012.86,2213958.559
2026-02-25T16:00:00Z,2012.85,2084.93,2012.14,2070.32,1748491.161
2026-02-25T20:00:00Z,2070.34,2149.95,2033.18,2056.50,1604674.188
2026-02-26T00:00:00Z,2056.51,2076.00,2037.83,2053.15,649030.665
2026-02-26T04:00:00Z,2053.15,2083.09,2050.50,2052.48,615673.329
2026-02-26T08:00:00Z,2052.49,2082.65,2043.47,2056.51,660311.571
2026-02-26T12:00:00Z,2056.52,2077.40,2010.38,2032.33,1428516.201
2026-02-26T16:00:00Z,2032.33,2036.79,1973.49,2029.00,1595749.576
2026-02-26T20:00:00Z,2029.00,2042.60,2016.70,2026.71,368624.500
2026-02-27T00:00:00Z,2026.70,2048.91,1999.20,2044.48,658703.297
2026-02-27T04:00:00Z,2044.48,2063.71,2021.00,2031.54,672408.793
2026-02-27T08:00:00Z,2031.54,2045.59,1951.48,1960.79,1304918.647
2026-02-27T12:00:00Z,1960.79,1968.00,1936.00,1947.39,1338894.611
2026-02-27T16:00:00Z,1947.39,1947.75,1906.00,1920.02,1119096.818
2026-02-27T20:00:00Z,1920.02,1932.85,1885.00,1928.50,671256.074
2026-02-28T00:00:00Z,1928.51,1937.37,1916.77,1923.33,302531.180
2026-02-28T04:00:00Z,1923.33,1930.86,1834.06,1865.36,1816676.462
2026-02-28T08:00:00Z,1865.37,1880.39,1843.19,1862.27,927573.913
2026-02-28T12:00:00Z,1862.28,1914.99,1861.01,1897.78,1401422.745
2026-02-28T16:00:00Z,1897.77,1954.00,1884.13,1945.78,1084450.295
2026-02-28T20:00:00Z,1945.78,1984.22,1936.69,1963.48,881332.903
2026-03-01T00:00:00Z,1963.48,2054.67,1942.42,2022.29,1578905.677
2026-03-01T04:00:00Z,2022.29,2029.63,1988.21,2006.27,845620.562
2026-03-01T08:00:00Z,2006.26,2009.30,1971.02,1982.30,709326.387
2026-03-01T12:00:00Z,1982.30,2027.77,1967.34,1992.31,1090905.780
2026-03-01T16:00:00Z,1992.30,2010.00,1942.65,1952.97,1310393.681
2026-03-01T20:00:00Z,1952.96,1974.90,1905.91,1938.57,1278132.709
2026-03-02T00:00:00Z,1938.58,1988.52,1936.33,1971.36,818897.586
2026-03-02T04:00:00Z,1971.36,1984.45,1924.14,1940.25,673715.063
2026-03-02T08:00:00Z,1940.27,1966.93,1916.00,1946.56,871799.579
2026-03-02T12:00:00Z,1946.55,2064.79,1919.77,2046.39,2435783.612
2026-03-02T16:00:00Z,2046.39,2089.00,2014.46,2042.44,1650723.342
2026-03-02T20:00:00Z,2042.44,2058.58,2023.26,2026.69,671758.274
2026-03-03T00:00:00Z,2026.69,2041.22,1996.62,2007.69,709437.097
2026-03-03T04:00:00Z,2007.69,2019.26,1986.13,1995.27,686348.025
2026-03-03T08:00:00Z,1995.27,1999.70,1938.01,1960.09,1498942.296
2026-03-03T12:00:00Z,1960.10,1989.18,1926.32,1968.09,1696814.460
2026-03-03T16:00:00Z,1968.09,2013.33,1957.42,1985.14,1652729.026
2026-03-03T20:00:00Z,1985.14,2000.98,1958.16,1981.85,492943.431
2026-03-04T00:00:00Z,1981.85,1997.99,1943.40,1959.59,754996.880
2026-03-04T04:00:00Z,1959.59,2010.00,1948.81,2005.72,723026.553
2026-03-04T08:00:00Z,2005.71,2093.00,1999.39,2054.18,2231214.795
2026-03-04T12:00:00Z,2054.18,2165.50,2035.20,2149.30,2237549.448
2026-03-04T16:00:00Z,2149.29,2199.47,2127.83,2176.46,1667261.257
2026-03-04T20:00:00Z,2176.47,2178.69,2115.33,2125.98,662654.835
2026-03-05T00:00:00Z,2125.97,2141.57,2106.32,2119.11,678185.051
2026-03-05T04:00:00Z,2119.10,2144.37,2093.88,2104.30,779373.777
2026-03-05T08:00:00Z,2104.29,2163.00,2092.43,2136.76,974731.956
2026-03-05T12:00:00Z,2136.76,2142.38,2066.31,2086.09,1597768.847
2026-03-05T16:00:00Z,2086.10,2093.96,2053.30,2073.61,1190597.741
2026-03-05T20:00:00Z,2073.60,2099.30,2066.77,2072.18,414779.632
2026-03-06T00:00:00Z,2072.17,2092.39,2060.60,2082.88,444237.614
2026-03-06T04:00:00Z,2082.88,2086.57,2058.00,2081.79,540710.445
2026-03-06T08:00:00Z,2081.79,2081.79,2044.12,2050.02,687409.148
2026-03-06T12:00:00Z,2050.03,2062.00,1963.92,1976.43,2186301.207
2026-03-06T16:00:00Z,1976.42,1991.98,1954.25,1982.52,929400.898
2026-03-06T20:00:00Z,1982.53,1988.90,1968.30,1977.66,333948.242
2026-03-07T00:00:00Z,1977.66,1995.74,1971.40,1979.14,341961.260
2026-03-07T04:00:00Z,1979.15,1983.89,1961.66,1982.19,386888.884
2026-03-07T08:00:00Z,1982.18,1993.83,1973.84,1987.51,361120.213
2026-03-07T12:00:00Z,1987.52,1989.85,1969.20,1980.19,389099.281
2026-03-07T16:00:00Z,1980.19,1982.81,1946.87,1954.01,453331.453
2026-03-07T20:00:00Z,1954.01,1973.15,1953.64,1968.39,245261.992
2026-03-08T00:00:00Z,1968.39,1976.33,1934.33,1946.40,549360.617
2026-03-08T04:00:00Z,1946.40,1959.04,1927.58,1953.97,442384.350
2026-03-08T08:00:00Z,1953.97,1979.03,1942.70,1950.29,604094.675
2026-03-08T12:00:00Z,1950.28,1953.75,1922.86,1942.00,799792.005
2026-03-08T16:00:00Z,1942.01,1969.19,1926.73,1963.20,583922.748
2026-03-08T20:00:00Z,1963.21,1970.16,1906.63,1935.97,1123967.060
2026-03-09T00:00:00Z,1935.98,2004.84,1928.20,1976.60,1289281.919
2026-03-09T04:00:00Z,1976.60,2013.33,1962.27,1982.90,1052595.640
2026-03-09T08:00:00Z,1982.90,2021.88,1977.69,1991.49,889918.434
2026-03-09T12:00:00Z,1991.49,2033.52,1991.42,2021.44,1283202.349
2026-03-09T16:00:00Z,2021.45,2052.83,2004.17,2032.67,1150060.688
2026-03-09T20:00:00Z,2032.66,2036.44,1988.18,1992.28,602907.876
2026-03-10T00:00:00Z,1992.28,2053.93,1990.23,2025.61,937205.213
2026-03-10T04:00:00Z,2025.61,2059.24,2025.32,2050.00,570428.123
2026-03-10T08:00:00Z,2050.00,2074.00,2050.00,2060.77,751728.798
2026-03-10T12:00:00Z,2060.77,2085.00,2007.77,2078.42,1978267.618
2026-03-10T16:00:00Z,2078.42,2088.00,2025.55,2035.84,1294369.856
2026-03-10T20:00:00Z,2035.84,2048.00,2015.78,2035.39,471914.163
2026-03-11T00:00:00Z,2035.38,2041.00,2017.04,2020.28,443629.963
2026-03-11T04:00:00Z,2020.28,2041.00,2005.90,2011.61,629945.279
2026-03-11T08:00:00Z,2011.59,2033.54,2008.50,2016.96,452516.088
2026-03-11T12:00:00Z,2016.97,2081.68,2011.51,2048.84,1836421.244
2026-03-11T16:00:00Z,2048.85,2084.98,2045.14,2075.13,818058.465
2026-03-11T20:00:00Z,2075.13,2083.85,2044.12,2050.99,409491.771
2026-03-12T00:00:00Z,2050.98,2057.37,2016.17,2022.07,671131.613
2026-03-12T04:00:00Z,2022.07,2041.92,2018.17,2039.71,436491.353
2026-03-12T08:00:00Z,2039.72,2075.65,2036.75,2061.77,908568.871
2026-03-12T12:00:00Z,2061.77,2094.57,2036.18,2071.40,1903869.744
2026-03-12T16:00:00Z,2071.39,2077.47,2044.00,2068.63,847229.193
2026-03-12T20:00:00Z,2068.61,2093.53,2054.40,2072.60,621938.675
2026-03-13T00:00:00Z,2072.60,2148.00,2069.10,2117.77,1417550.252
2026-03-13T04:00:00Z,2117.78,2119.20,2088.52,2098.45,573672.938
2026-03-13T08:00:00Z,2098.44,2133.00,2090.09,2120.02,818371.257
2026-03-13T12:00:00Z,2120.01,2209.49,2119.30,2127.00,2950677.425
2026-03-13T16:00:00Z,2127.01,2142.83,2088.44,2101.72,1494951.133
2026-03-13T20:00:00Z,2101.73,2116.39,2077.03,2091.01,513889.845
2026-03-14T00:00:00Z,2091.00,2103.62,2080.06,2100.00,381765.967
2026-03-14T04:00:00Z,2100.00,2105.75,2067.13,2076.30,555805.424
2026-03-14T08:00:00Z,2076.30,2080.22,2060.09,2072.65,421811.155
2026-03-14T12:00:00Z,2072.65,2079.55,2068.34,2073.55,294717.603
2026-03-14T16:00:00Z,2073.55,2078.44,2067.58,2076.25,159079.105
2026-03-14T20:00:00Z,2076.25,2098.58,2074.79,2095.27,334646.470
2026-03-15T00:00:00Z,2095.28,2107.00,2081.59,2095.17,405853.319
2026-03-15T04:00:00Z,2095.17,2116.35,2095.00,2104.97,387110.713
2026-03-15T08:00:00Z,2104.97,2123.25,2104.97,2118.60,349993.156
2026-03-15T12:00:00Z,2118.61,2118.96,2085.10,2092.93,628325.520
2026-03-15T16:00:00Z,2092.93,2117.62,2087.65,2112.33,475588.283
2026-03-15T20:00:00Z,2112.32,2202.87,2108.91,2177.73,1650783.318
2026-03-16T00:00:00Z,2177.73,2253.60,2163.32,2235.13,1512415.231
2026-03-16T04:00:00Z,2235.14,2288.00,2235.13,2248.43,1694173.977
2026-03-16T08:00:00Z,2248.44,2279.68,2233.00,2268.81,984397.541
2026-03-16T12:00:00Z,2268.82,2308.00,2253.51,2272.42,2371915.363
2026-03-16T16:00:00Z,2272.41,2347.99,2268.62,2329.98,1530327.963
2026-03-16T20:00:00Z,2329.98,2385.78,2322.37,2351.66,1137124.455
2026-03-17T00:00:00Z,2351.66,2377.00,2306.87,2319.11,1509768.766
2026-03-17T04:00:00Z,2319.12,2337.50,2292.57,2326.75,982963.688
2026-03-17T08:00:00Z,2326.74,2334.73,2301.04,2325.75,785681.082
2026-03-17T12:00:00Z,2325.75,2356.66,2303.00,2314.69,1284193.165
2026-03-17T16:00:00Z,2314.68,2341.83,2311.07,2319.10,580016.787
2026-03-17T20:00:00Z,2319.09,2345.00,2315.51,2316.45,352327.903
2026-03-18T00:00:00Z,2316.45,2349.99,2305.60,2339.60,565019.709
2026-03-18T04:00:00Z,2339.61,2341.00,2310.07,2316.60,523841.759
2026-03-18T08:00:00Z,2316.60,2332.98,2262.01,2268.10,1236648.585
2026-03-18T12:00:00Z,2268.11,2269.74,2168.00,2186.25,2681320.445
2026-03-18T16:00:00Z,2186.25,2219.00,2163.03,2184.91,1385996.537
2026-03-18T20:00:00Z,2184.90,2205.90,2150.70,2201.95,732175.390
2026-03-19T00:00:00Z,2201.96,2232.64,2186.12,2210.87,673478.899
2026-03-19T04:00:00Z,2210.86,2212.00,2141.79,2165.27,1130665.709
2026-03-19T08:00:00Z,2165.27,2191.99,2156.84,2166.00,768487.385
2026-03-19T12:00:00Z,2165.99,2166.58,2098.02,2117.62,2213589.948
2026-03-19T16:00:00Z,2117.63,2155.90,2103.43,2139.99,1038312.017
2026-03-19T20:00:00Z,2139.99,2154.43,2129.37,2136.56,408174.950
2026-03-20T00:00:00Z,2136.56,2159.67,2131.07,2150.20,456100.432
2026-03-20T04:00:00Z,2150.20,2158.53,2120.04,2149.30,622015.155
2026-03-20T08:00:00Z,2149.30,2175.64,2130.23,2140.37,928216.763
2026-03-20T12:00:00Z,2140.36,2152.00,2114.20,2133.09,1261450.708
2026-03-20T16:00:00Z,2133.09,2144.00,2116.28,2132.10,681814.709
2026-03-20T20:00:00Z,2132.10,2167.53,2122.90,2145.08,515575.884
2026-03-21T00:00:00Z,2145.08,2159.00,2142.88,2152.41,214699.258
2026-03-21T04:00:00Z,2152.40,2160.71,2149.06,2154.40,190753.418
2026-03-21T08:00:00Z,2154.40,2158.16,2148.45,2156.53,200023.948
2026-03-21T12:00:00Z,2156.54,2168.00,2145.00,2154.25,378455.240
2026-03-21T16:00:00Z,2154.25,2154.66,2140.15,2151.19,207908.989
2026-03-21T20:00:00Z,2151.19,2156.12,2068.78,2083.37,696227.693
2026-03-22T00:00:00Z,2083.37,2126.38,2045.57,2112.84,1126316.321
2026-03-22T04:00:00Z,2112.83,2122.16,2091.39,2092.82,518142.776
2026-03-22T08:00:00Z,2092.82,2096.73,2065.21,2068.97,704694.333
2026-03-22T12:00:00Z,2068.96,2092.60,2066.87,2081.96,545347.614
2026-03-22T16:00:00Z,2081.97,2083.56,2053.01,2062.00,412619.666
2026-03-22T20:00:00Z,2062.00,2074.71,2024.11,2052.85,907245.588
2026-03-23T00:00:00Z,2052.86,2071.92,2034.38,2051.55,683057.734
2026-03-23T04:00:00Z,2051.55,2071.30,2021.58,2043.65,836723.914
2026-03-23T08:00:00Z,2043.65,2199.00,2027.57,2133.89,2839257.805
2026-03-23T12:00:00Z,2133.90,2192.54,2105.39,2127.55,2431120.091
2026-03-23T16:00:00Z,2127.54,2179.00,2116.00,2153.37,1219816.764
2026-03-23T20:00:00Z,2153.36,2165.87,2139.06,2151.01,283532.990
2026-03-24T00:00:00Z,2151.00,2155.36,2122.78,2140.40,535475.799
2026-03-24T04:00:00Z,2140.41,2169.90,2127.82,2164.33,666482.833
2026-03-24T08:00:00Z,2164.34,2174.71,2146.01,2164.75,630545.487
2026-03-24T12:00:00Z,2164.74,2169.37,2117.71,2134.13,1243575.265
2026-03-24T16:00:00Z,2134.13,2139.88,2102.00,2115.96,938888.630
2026-03-24T20:00:00Z,2115.96,2162.90,2114.70,2155.29,696426.082
2026-03-25T00:00:00Z,2155.30,2168.00,2142.66,2157.50,501705.778
2026-03-25T04:00:00Z,2157.49,2179.72,2155.57,2163.70,571355.234
2026-03-25T08:00:00Z,2163.71,2200.11,2163.03,2185.01,905333.535
2026-03-25T12:00:00Z,2185.01,2197.30,2145.59,2161.67,1345442.349
2026-03-25T16:00:00Z,2161.68,2187.63,2155.08,2171.73,648229.553
2026-03-25T20:00:00Z,2171.73,2184.99,2158.01,2168.00,295427.605
2026-03-26T00:00:00Z,2168.00,2171.32,2142.15,2152.15,471318.207
2026-03-26T04:00:00Z,2152.15,2153.52,2110.72,2122.37,877179.932
2026-03-26T08:00:00Z,2122.36,2126.24,2061.00,2067.33,1227552.831
2026-03-26T12:00:00Z,2067.34,2093.64,2050.54,2069.43,1213774.885
2026-03-26T16:00:00Z,2069.43,2070.00,2033.22,2047.86,838307.982
2026-03-26T20:00:00Z,2047.85,2080.25,2045.17,2059.17,817780.614
2026-03-27T00:00:00Z,2059.18,2076.43,2055.50,2060.45,354929.755
2026-03-27T04:00:00Z,2060.44,2071.59,2041.32,2064.95,613100.519
2026-03-27T08:00:00Z,2064.94,2068.60,1980.28,1990.24,1655519.043
2026-03-27T12:00:00Z,1990.24,2009.46,1966.20,1990.12,1438244.439
2026-03-27T16:00:00Z,1990.11,1996.88,1973.37,1990.28,696955.142
2026-03-27T20:00:00Z,1990.28,1995.37,1977.90,1991.58,264573.419
2026-03-28T00:00:00Z,1991.57,1994.30,1981.52,1987.95,216122.294
2026-03-28T04:00:00Z,1987.95,2007.63,1986.00,2005.94,323528.935
2026-03-28T08:00:00Z,2005.95,2007.46,1991.20,1996.41,295192.030
2026-03-28T12:00:00Z,1996.41,2049.36,1991.23,2025.79,1022489.311
2026-03-28T16:00:00Z,2025.80,2028.97,2014.57,2019.52,229088.168
2026-03-28T20:00:00Z,2019.52,2025.42,1988.16,1993.48,390635.190
2026-03-29T00:00:00Z,1993.48,2019.00,1990.53,2010.14,359938.411
2026-03-29T04:00:00Z,2010.14,2011.89,1996.26,2005.00,230760.210
2026-03-29T08:00:00Z,2005.00,2007.29,1990.40,2002.65,300757.836
2026-03-29T12:00:00Z,2002.65,2003.98,1982.21,1991.80,534021.634
2026-03-29T16:00:00Z,1991.80,2003.20,1986.50,1995.04,279883.999
2026-03-29T20:00:00Z,1995.05,2008.99,1936.54,1983.44,1127151.125
2026-03-30T00:00:00Z,1983.45,2043.26,1978.70,2034.97,1131322.341
2026-03-30T04:00:00Z,2034.97,2067.78,2034.97,2058.70,792916.982
2026-03-30T08:00:00Z,2058.69,2086.99,2046.40,2070.40,769322.612
2026-03-30T12:00:00Z,2070.40,2084.82,2042.88,2073.40,1123786.862
2026-03-30T16:00:00Z,2073.39,2074.00,2012.14,2022.69,1018384.217
2026-03-30T20:00:00Z,2022.69,2049.21,2012.59,2025.69,622241.954
2026-03-31T00:00:00Z,2025.69,2093.00,2015.25,2065.92,1039176.785
2026-03-31T04:00:00Z,2065.91,2071.42,2040.88,2055.00,528667.355
2026-03-31T08:00:00Z,2054.99,2058.66,2011.25,2040.23,966855.411
2026-03-31T12:00:00Z,2040.23,2091.49,2033.89,2053.66,1838047.822
2026-03-31T16:00:00Z,2053.66,2124.51,2053.31,2095.68,1645565.566
2026-03-31T20:00:00Z,2095.68,2109.48,2087.00,2104.49,412473.380
2026-04-01T00:00:00Z,2104.48,2117.44,2081.19,2101.87,545500.487
2026-04-01T04:00:00Z,2101.87,2157.99,2099.18,2130.13,1121226.102
2026-04-01T08:00:00Z,2130.13,2142.76,2124.43,2134.18,546289.820
2026-04-01T12:00:00Z,2134.18,2149.37,2107.53,2133.93,1101165.049
2026-04-01T16:00:00Z,2133.93,2167.20,2122.23,2140.24,882497.895
2026-04-01T20:00:00Z,2140.25,2164.47,2129.20,2138.80,529434.453
2026-04-02T00:00:00Z,2138.80,2158.42,2044.00,2054.73,1951268.322
2026-04-02T04:00:00Z,2054.73,2057.42,2037.23,2054.80,695759.093
2026-04-02T08:00:00Z,2054.79,2054.79,2022.00,2032.04,535630.451
2026-04-02T12:00:00Z,2032.03,2072.00,2015.55,2058.46,1505005.222
2026-04-02T16:00:00Z,2058.45,2076.00,2042.18,2064.39,648483.676
2026-04-02T20:00:00Z,2064.40,2073.41,2052.26,2055.96,428813.629
2026-04-03T00:00:00Z,2055.97,2061.88,2038.35,2053.00,478521.465
2026-04-03T04:00:00Z,2053.01,2074.60,2046.16,2064.98,358149.385
2026-04-03T08:00:00Z,2064.98,2071.14,2052.02,2061.87,275020.086
2026-04-03T12:00:00Z,2061.88,2084.02,2040.26,2050.31,650821.783
2026-04-03T16:00:00Z,2050.31,2055.90,2042.40,2051.43,215252.759
2026-04-03T20:00:00Z,2051.42,2060.99,2048.37,2052.92,159944.319
2026-04-04T00:00:00Z,2052.93,2053.00,2046.87,2049.21,97192.643
2026-04-04T04:00:00Z,2049.21,2057.50,2047.51,2052.72,144502.407
2026-04-04T08:00:00Z,2052.73,2054.50,2046.45,2051.06,167444.817
2026-04-04T12:00:00Z,2051.06,2060.99,2043.00,2055.16,291860.727
2026-04-04T16:00:00Z,2055.16,2083.36,2051.74,2063.77,440548.065
2026-04-04T20:00:00Z,2063.77,2071.46,2058.63,2064.43,164643.801
2026-04-05T00:00:00Z,2064.43,2064.60,2052.65,2055.69,155903.682
2026-04-05T04:00:00Z,2055.69,2057.19,2026.32,2036.00,514006.294
2026-04-05T08:00:00Z,2036.00,2051.83,2034.57,2040.88,215639.762
2026-04-05T12:00:00Z,2040.88,2069.25,2020.61,2053.13,910656.558
2026-04-05T16:00:00Z,2053.12,2068.88,2047.04,2060.99,367934.360
2026-04-05T20:00:00Z,2061.00,2123.23,2048.66,2109.35,968936.812
2026-04-06T00:00:00Z,2109.36,2147.73,2109.36,2128.38,897583.043
2026-04-06T04:00:00Z,2128.38,2140.50,2119.04,2134.05,478563.501
2026-04-06T08:00:00Z,2134.05,2174.41,2132.52,2150.55,910874.502
2026-04-06T12:00:00Z,2150.54,2169.11,2136.42,2163.43,1122283.440
2026-04-06T16:00:00Z,2163.43,2167.52,2122.00,2143.29,803496.478
2026-04-06T20:00:00Z,2143.30,2154.42,2086.29,2106.14,928197.295
2026-04-07T00:00:00Z,2106.14,2119.78,2091.93,2107.19,656492.285
2026-04-07T04:00:00Z,2107.20,2118.25,2095.35,2103.00,356137.967
2026-04-07T08:00:00Z,2102.99,2132.96,2080.57,2088.47,1033896.877
2026-04-07T12:00:00Z,2088.48,2092.61,2058.01,2079.26,1236932.445
2026-04-07T16:00:00Z,2079.26,2117.00,2076.41,2112.52,952245.685
2026-04-07T20:00:00Z,2112.52,2273.00,2109.43,2239.14,2645440.876
2026-04-08T00:00:00Z,2239.14,2250.71,2226.28,2233.89,743736.136
2026-04-08T04:00:00Z,2233.89,2259.72,2233.88,2252.75,639308.278
2026-04-08T08:00:00Z,2252.74,2262.75,2235.83,2246.53,556185.243
2026-04-08T12:00:00Z,2246.53,2269.65,2186.03,2214.56,1781318.946
2026-04-08T16:00:00Z,2214.56,2238.66,2196.26,2210.01,821555.618
2026-04-08T20:00:00Z,2210.00,2221.64,2177.77,2188.87,524408.699
2026-04-09T00:00:00Z,2188.87,2193.23,2160.00,2181.31,573555.041
2026-04-09T04:00:00Z,2181.31,2188.57,2174.39,2179.96,297020.676
2026-04-09T08:00:00Z,2179.97,2196.53,2175.00,2179.02,440979.973
2026-04-09T12:00:00Z,2179.02,2224.99,2156.00,2217.00,1351872.805
2026-04-09T16:00:00Z,2216.99,2230.00,2192.00,2215.36,1084333.513
2026-04-09T20:00:00Z,2215.36,2246.15,2181.70,2188.92,717749.349
2026-04-10T00:00:00Z,2188.92,2203.19,2173.81,2185.16,482254.301
2026-04-10T04:00:00Z,2185.16,2202.67,2175.25,2178.63,378270.952
2026-04-10T08:00:00Z,2178.62,2223.00,2176.04,2214.72,612092.346
2026-04-10T12:00:00Z,2214.71,2257.55,2206.77,2223.23,1395274.405
2026-04-10T16:00:00Z,2223.23,2254.67,2220.03,2251.80,527443.325
2026-04-10T20:00:00Z,2251.80,2255.89,2233.74,2243.90,368971.149
2026-04-11T00:00:00Z,2243.91,2251.33,2233.33,2235.94,263841.199
2026-04-11T04:00:00Z,2235.94,2241.68,2227.03,2231.68,299460.051
2026-04-11T08:00:00Z,2231.68,2248.28,2230.69,2245.00,306621.595
2026-04-11T12:00:00Z,2245.00,2255.85,2232.20,2248.39,294725.417
2026-04-11T16:00:00Z,2248.39,2329.99,2245.22,2315.24,1179609.631
2026-04-11T20:00:00Z,2315.25,2316.48,2275.20,2283.85,530900.213
2026-04-12T00:00:00Z,2283.86,2288.12,2205.52,2212.71,1217614.173
2026-04-12T04:00:00Z,2212.71,2219.88,2207.00,2217.01,314769.248
2026-04-12T08:00:00Z,2217.01,2217.98,2192.42,2203.11,403018.463
2026-04-12T12:00:00Z,2203.11,2207.35,2173.00,2185.27,784291.464
2026-04-12T16:00:00Z,2185.27,2206.00,2181.66,2197.24,383122.902
2026-04-12T20:00:00Z,2197.23,2217.70,2182.65,2190.62,602327.064
2026-04-13T00:00:00Z,2190.61,2207.90,2186.12,2193.27,315218.386
2026-04-13T04:00:00Z,2193.27,2201.47,2181.02,2185.50,417733.422
2026-04-13T08:00:00Z,2185.50,2194.62,2178.18,2186.30,370876.792
2026-04-13T12:00:00Z,2186.29,2235.41,2174.48,2208.08,1478787.506
2026-04-13T16:00:00Z,2208.08,2268.70,2198.57,2261.20,1172829.826
2026-04-13T20:00:00Z,2261.20,2395.85,2246.39,2368.80,2045153.934
2026-04-14T00:00:00Z,2368.80,2378.00,2353.87,2364.68,575697.429
2026-04-14T04:00:00Z,2364.69,2389.00,2353.87,2376.85,526677.833
2026-04-14T08:00:00Z,2376.85,2395.30,2366.62,2373.12,689338.800
2026-04-14T12:00:00Z,2373.13,2416.40,2331.46,2363.24,2145638.387
2026-04-14T16:00:00Z,2363.25,2370.29,2301.60,2312.54,1058703.853
2026-04-14T20:00:00Z,2312.56,2331.66,2307.42,2321.17,435561.389
2026-04-15T00:00:00Z,2321.16,2342.07,2316.43,2327.60,414500.406
2026-04-15T04:00:00Z,2327.59,2337.19,2306.80,2315.53,436164.883
2026-04-15T08:00:00Z,2315.52,2340.00,2310.93,2336.20,501349.000
2026-04-15T12:00:00Z,2336.21,2348.88,2316.17,2330.60,878951.457
2026-04-15T16:00:00Z,2330.60,2384.67,2327.40,2373.70,856245.184
2026-04-15T20:00:00Z,2373.69,2379.90,2347.18,2358.87,568493.441
2026-04-16T00:00:00Z,2358.86,2368.45,2343.27,2356.52,345171.677
2026-04-16T04:00:00Z,2356.51,2362.91,2334.00,2340.40,389074.202
2026-04-16T08:00:00Z,2340.39,2347.06,2327.11,2334.42,528827.802
2026-04-16T12:00:00Z,2334.43,2352.00,2282.70,2337.60,1819052.346
2026-04-16T16:00:00Z,2337.59,2361.00,2307.94,2358.39,1006738.050
2026-04-16T20:00:00Z,2358.39,2363.67,2333.45,2346.92,438571.260
2026-04-17T00:00:00Z,2346.93,2349.85,2322.35,2324.46,361864.221
2026-04-17T04:00:00Z,2324.45,2340.88,2314.08,2333.24,342517.138
2026-04-17T08:00:00Z,2333.23,2376.96,2331.91,2353.63,893850.912
2026-04-17T12:00:00Z,2353.64,2456.32,2348.00,2440.71,2674338.578
2026-04-17T16:00:00Z,2440.71,2463.86,2414.12,2426.48,989444.645
2026-04-17T20:00:00Z,2426.48,2441.65,2414.14,2417.66,415610.733
2026-04-18T00:00:00Z,2417.65,2426.62,2397.00,2404.00,348331.058
2026-04-18T04:00:00Z,2404.00,2412.38,2398.00,2402.38,258226.851
2026-04-18T08:00:00Z,2402.38,2403.84,2341.52,2351.45,1197051.138
2026-04-18T12:00:00Z,2351.46,2368.97,2343.56,2361.99,487352.582
2026-04-18T16:00:00Z,2361.98,2374.15,2337.00,2347.04,540869.706
2026-04-18T20:00:00Z,2347.04,2358.57,2343.42,2348.99,182605.714
2026-04-19T00:00:00Z,2348.99,2353.99,2330.15,2338.60,308236.290
2026-04-19T04:00:00Z,2338.61,2344.88,2291.29,2314.27,762049.076
2026-04-19T08:00:00Z,2314.27,2329.99,2304.23,2327.66,393208.733
2026-04-19T12:00:00Z,2327.66,2348.92,2313.39,2329.47,693540.149
2026-04-19T16:00:00Z,2329.46,2330.05,2286.30,2298.63,759169.984
2026-04-19T20:00:00Z,2298.63,2299.04,2250.91,2262.20,818267.667
2026-04-20T00:00:00Z,2262.21,2292.91,2258.30,2285.07,506817.313
2026-04-20T04:00:00Z,2285.08,2331.88,2262.06,2296.82,854790.529
2026-04-20T08:00:00Z,2296.83,2319.19,2288.13,2306.94,539713.304
2026-04-20T12:00:00Z,2306.95,2326.00,2276.71,2312.71,1226425.637
2026-04-20T16:00:00Z,2312.72,2343.27,2296.51,2330.39,828126.892
2026-04-20T20:00:00Z,2330.39,2346.84,2306.01,2312.59,489269.532
2026-04-21T00:00:00Z,2312.59,2325.42,2297.51,2310.14,335385.187
2026-04-21T04:00:00Z,2310.13,2327.11,2302.90,2316.96,334405.418
2026-04-21T08:00:00Z,2316.95,2337.99,2312.61,2318.91,553026.781
2026-04-21T12:00:00Z,2318.91,2326.54,2288.79,2309.31,1033318.283
2026-04-21T16:00:00Z,2309.30,2330.00,2280.82,2297.04,1096579.469
2026-04-21T20:00:00Z,2297.04,2328.69,2293.50,2326.13,566275.322
2026-04-22T00:00:00Z,2326.12,2379.19,2311.41,2362.69,1034946.315
2026-04-22T04:00:00Z,2362.69,2414.35,2357.26,2389.24,1212805.629
2026-04-22T08:00:00Z,2389.25,2399.84,2382.15,2397.59,349631.152
2026-04-22T12:00:00Z,2397.59,2423.00,2388.76,2402.69,1216936.805
2026-04-22T16:00:00Z,2402.69,2412.82,2383.29,2396.75,635247.102
2026-04-22T20:00:00Z,2396.76,2405.20,2372.60,2373.04,409906.665
2026-04-23T00:00:00Z,2373.05,2381.85,2330.00,2339.62,1018821.820
2026-04-23T04:00:00Z,2339.62,2357.72,2336.00,2342.81,517607.574
2026-04-23T08:00:00Z,2342.81,2343.72,2303.90,2327.93,1100317.196
2026-04-23T12:00:00Z,2327.92,2343.36,2314.08,2332.17,777540.257
2026-04-23T16:00:00Z,2332.17,2334.88,2283.31,2311.78,1000391.312
2026-04-23T20:00:00Z,2311.77,2337.76,2311.42,2328.94,362609.457
2026-04-24T00:00:00Z,2328.94,2336.46,2298.54,2307.14,471533.312
2026-04-24T04:00:00Z,2307.15,2316.19,2298.44,2310.49,355735.640
2026-04-24T08:00:00Z,2310.49,2331.00,2301.66,2326.70,568694.958
2026-04-24T12:00:00Z,2326.71,2330.36,2300.00,2322.72,873820.892
2026-04-24T16:00:00Z,2322.73,2324.00,2307.27,2320.37,350485.138
2026-04-24T20:00:00Z,2320.36,2327.11,2305.20,2313.88,283316.991
2026-04-25T00:00:00Z,2313.87,2320.00,2310.00,2317.51,110807.341
2026-04-25T04:00:00Z,2317.52,2318.17,2312.05,2315.14,87377.875
2026-04-25T08:00:00Z,2315.13,2322.22,2309.51,2312.47,193718.549
2026-04-25T12:00:00Z,2312.47,2317.94,2298.98,2306.65,236761.363
2026-04-25T16:00:00Z,2306.64,2312.95,2298.98,2308.88,258043.942
2026-04-25T20:00:00Z,2308.89,2319.59,2307.80,2318.21,117650.148
2026-04-26T00:00:00Z,2318.21,2318.58,2305.07,2308.64,152533.095
2026-04-26T04:00:00Z,2308.64,2336.63,2307.38,2330.23,427669.988
2026-04-26T08:00:00Z,2330.23,2336.99,2328.05,2334.78,210651.123
2026-04-26T12:00:00Z,2334.78,2351.60,2321.97,2347.00,479623.943
2026-04-26T16:00:00Z,2347.00,2376.51,2339.11,2366.18,526052.003
2026-04-26T20:00:00Z,2366.19,2379.99,2347.00,2368.32,587423.970
2026-04-27T00:00:00Z,2368.32,2403.99,2356.12,2393.68,702132.183
2026-04-27T04:00:00Z,2393.68,2394.92,2310.09,2314.50,1314286.459
2026-04-27T08:00:00Z,2314.50,2324.29,2307.42,2318.77,374880.623
2026-04-27T12:00:00Z,2318.76,2328.72,2263.88,2273.52,1328160.918
2026-04-27T16:00:00Z,2273.52,2291.00,2268.48,2287.76,491832.142
2026-04-27T20:00:00Z,2287.77,2307.26,2283.05,2302.28,265145.454
2026-04-28T00:00:00Z,2302.28,2309.73,2278.52,2289.47,381327.232
2026-04-28T04:00:00Z,2289.47,2295.77,2266.54,2286.49,484141.213
2026-04-28T08:00:00Z,2286.50,2290.32,2269.30,2274.39,392456.344
2026-04-28T12:00:00Z,2274.39,2284.97,2256.03,2278.52,786634.035
2026-04-28T16:00:00Z,2278.53,2304.93,2273.00,2300.87,470176.231
2026-04-28T20:00:00Z,2300.86,2304.83,2282.76,2288.37,201435.887
2026-04-29T00:00:00Z,2288.36,2315.72,2278.02,2310.55,500663.290
2026-04-29T04:00:00Z,2310.54,2342.15,2308.04,2322.82,860205.678
2026-04-29T08:00:00Z,2322.83,2346.48,2319.67,2330.57,579721.257
2026-04-29T12:00:00Z,2330.56,2331.00,2261.88,2271.57,1265920.426
2026-04-29T16:00:00Z,2271.57,2284.86,2218.83,2232.35,1590028.123
2026-04-29T20:00:00Z,2232.34,2263.75,2229.06,2251.52,513003.110
2026-04-30T00:00:00Z,2251.53,2277.92,2234.16,2251.81,631194.686
2026-04-30T04:00:00Z,2251.82,2261.41,2230.10,2258.99,506908.683
2026-04-30T08:00:00Z,2259.00,2273.00,2250.87,2257.05,455315.802
2026-04-30T12:00:00Z,2257.05,2274.80,2244.96,2264.61,605852.791
2026-04-30T16:00:00Z,2264.60,2266.09,2250.05,2260.70,254758.052
2026-04-30T20:00:00Z,2260.71,2266.35,2250.98,2256.49,136452.164
2026-05-01T00:00:00Z,2256.50,2294.99,2256.03,2281.60,490385.774
2026-05-01T04:00:00Z,2281.60,2285.86,2270.62,2278.54,314438.228
2026-05-01T08:00:00Z,2278.55,2292.33,2275.68,2285.32,289382.275
2026-05-01T12:00:00Z,2285.32,2324.64,2282.68,2306.86,1268967.958
2026-05-01T16:00:00Z,2306.86,2313.33,2297.04,2303.88,364717.936
2026-05-01T20:00:00Z,2303.89,2305.10,2278.00,2294.34,390279.221
2026-05-02T00:00:00Z,2294.34,2308.09,2291.41,2303.06,200164.250
2026-05-02T04:00:00Z,2303.06,2305.35,2295.13,2299.77,151536.228
2026-05-02T08:00:00Z,2299.78,2306.90,2297.51,2301.00,112545.292
2026-05-02T12:00:00Z,2300.99,2311.09,2299.84,2307.86,154509.020
2026-05-02T16:00:00Z,2307.86,2312.94,2302.32,2310.15,147103.281
2026-05-02T20:00:00Z,2310.15,2342.00,2308.41,2315.90,412838.967
2026-05-03T00:00:00Z,2315.91,2316.62,2298.02,2300.65,320422.282
2026-05-03T04:00:00Z,2300.65,2312.98,2296.01,2308.20,189102.745
2026-05-03T08:00:00Z,2308.20,2327.29,2306.25,2318.87,320954.533
2026-05-03T12:00:00Z,2318.88,2333.00,2318.88,2327.23,304345.984
2026-05-03T16:00:00Z,2327.23,2337.16,2321.24,2334.60,211465.351
2026-05-03T20:00:00Z,2334.60,2356.75,2313.11,2321.67,737670.769
2026-05-04T00:00:00Z,2321.67,2391.62,2308.10,2384.08,1299542.745
2026-05-04T04:00:00Z,2384.07,2398.88,2353.00,2361.79,750948.310
2026-05-04T08:00:00Z,2361.79,2369.82,2313.05,2336.20,1270038.830
2026-05-04T12:00:00Z,2336.20,2382.00,2324.20,2348.62,1350428.262
2026-05-04T16:00:00Z,2348.63,2378.85,2334.99,2355.36,896650.093
2026-05-04T20:00:00Z,2355.36,2364.97,2343.61,2346.11,233126.564
2026-05-05T00:00:00Z,2346.12,2388.42,2344.00,2380.96,471741.628
2026-05-05T04:00:00Z,2380.96,2389.97,2365.77,2379.17,512817.543
2026-05-05T08:00:00Z,2379.16,2383.57,2365.14,2378.65,391248.882
2026-05-05T12:00:00Z,2378.65,2398.88,2366.96,2379.84,1055396.622
2026-05-05T16:00:00Z,2379.84,2381.98,2358.16,2370.58,608683.510
2026-05-05T20:00:00Z,2370.58,2387.88,2352.79,2359.47,644333.972
2026-05-06T00:00:00Z,2359.47,2379.88,2352.42,2375.32,393589.233
2026-05-06T04:00:00Z,2375.33,2378.11,2352.50,2370.54,424278.199
2026-05-06T08:00:00Z,2370.54,2422.52,2368.06,2408.99,1687902.017
