timestamp,open,high,low,close,volume
2023-12-17T16:00:00Z,72.7210,75.1490,72.2800,73.5880,4807577
2023-12-17T20:00:00Z,73.5890,74.2380,70.5510,70.9020,3530826
2023-12-18T00:00:00Z,70.9020,71.9860,68.6000,69.9310,5194561
2023-12-18T04:00:00Z,69.9290,70.2180,68.6900,68.9570,3158443
2023-12-18T08:00:00Z,68.9520,69.9770,66.8510,69.0210,7063820
2023-12-18T12:00:00Z,69.0210,71.8570,68.2470,70.7600,6126155
2023-12-18T16:00:00Z,70.7600,72.7040,70.4270,72.3240,3611112
2023-12-18T20:00:00Z,72.3210,75.5150,71.6430,74.4290,5242103
2023-12-19T00:00:00Z,74.4280,76.0740,73.8320,75.2870,4045258
2023-12-19T04:00:00Z,75.2870,76.3840,75.0160,75.7280,3347105
2023-12-19T08:00:00Z,75.7280,76.1210,74.5170,74.6760,3426705
2023-12-19T12:00:00Z,74.6760,75.1890,72.8500,73.7270,4900850
2023-12-19T16:00:00Z,73.7270,74.4220,71.8000,74.2720,4726874
2023-12-19T20:00:00Z,74.2760,75.5000,72.3030,73.0400,4191635
2023-12-20T00:00:00Z,73.0300,75.2390,72.9820,74.9800,4416080
2023-12-20T04:00:00Z,74.9800,76.2830,74.3470,76.1200,4243158
2023-12-20T08:00:00Z,76.1200,78.7250,75.5320,77.1200,6587234
2023-12-20T12:00:00Z,77.1210,81.3880,76.3890,80.7560,8729862
2023-12-20T16:00:00Z,80.7560,84.1900,79.1320,81.1600,10656128
2023-12-20T20:00:00Z,81.1600,82.4980,79.3000,82.2430,7458900
2023-12-21T00:00:00Z,82.2430,84.8300,81.0500,83.4240,6634987
2023-12-21T04:00:00Z,83.4170,87.2000,83.0600,86.8350,5890784
2023-12-21T08:00:00Z,86.8290,88.4810,85.1830,87.0910,6556774
2023-12-21T12:00:00Z,87.0900,88.8900,85.6150,87.5600,7654905
2023-12-21T16:00:00Z,87.5610,95.8170,87.5340,92.9640,14324975
2023-12-21T20:00:00Z,92.9640,95.6230,91.3160,93.9270,5715341
2023-12-22T00:00:00Z,93.9290,99.7330,93.1340,97.8070,11381910
2023-12-22T04:00:00Z,97.8080,99.5000,92.4000,93.9290,9814570
2023-12-22T08:00:00Z,93.9290,95.3080,90.5120,93.8330,8449893
2023-12-22T12:00:00Z,93.8330,96.8480,92.0640,96.3350,6847819
2023-12-22T16:00:00Z,96.3350,97.7780,93.4300,96.9310,6942074
2023-12-22T20:00:00Z,96.9350,98.5000,95.8160,97.9620,3813722
2023-12-23T00:00:00Z,97.9620,98.3000,93.3710,93.7920,5698035
2023-12-23T04:00:00Z,93.7930,96.6000,92.8800,95.4480,3503556
2023-12-23T08:00:00Z,95.4480,96.4990,94.7500,95.9580,2877099
2023-12-23T12:00:00Z,95.9570,97.6450,95.3010,96.8300,3813093
2023-12-23T16:00:00Z,96.8310,103.8600,96.1530,102.9770,10844345
2023-12-23T20:00:00Z,102.9780,110.3880,101.5810,107.9650,10997482
2023-12-24T00:00:00Z,107.9660,118.7000,107.3500,116.3330,12940120
2023-12-24T04:00:00Z,116.3280,118.3600,110.3300,114.5650,10272954
2023-12-24T08:00:00Z,114.5650,114.8570,107.7000,110.4530,8976861
2023-12-24T12:00:00Z,110.4530,114.5000,109.1360,113.6250,6880950
2023-12-24T16:00:00Z,113.6330,117.0000,112.1490,115.2330,8058337
2023-12-24T20:00:00Z,115.2300,115.5920,109.5580,112.5710,8025691
2023-12-25T00:00:00Z,112.5720,113.2000,108.0000,112.1020,5801662
2023-12-25T04:00:00Z,112.1110,114.5790,111.6290,113.0290,3957085
2023-12-25T08:00:00Z,113.0280,113.7680,109.6250,111.8720,4573974
2023-12-25T12:00:00Z,111.8570,124.3780,110.4060,123.1760,14361014
2023-12-25T16:00:00Z,123.1750,126.9380,121.2000,121.4260,11203822
2023-12-25T20:00:00Z,121.4270,121.8460,116.5680,120.9420,8381638
2023-12-26T00:00:00Z,120.9470,121.4570,116.6110,119.4670,4695143
2023-12-26T04:00:00Z,119.4660,120.8000,110.7700,113.4140,10459499
2023-12-26T08:00:00Z,113.4130,116.3570,111.2200,114.8390,6082859
2023-12-26T12:00:00Z,114.8530,117.2490,110.4400,110.7080,7859953
2023-12-26T16:00:00Z,110.7080,113.1830,102.3300,106.7080,16497793
2023-12-26T20:00:00Z,106.7060,113.2120,106.2400,112.5430,6517022
2023-12-27T00:00:00Z,112.5330,113.6560,108.0000,108.6790,5992061
2023-12-27T04:00:00Z,108.6730,112.8390,108.5140,111.5150,4090302
2023-12-27T08:00:00Z,111.5070,115.5000,111.0170,112.8830,6166562
2023-12-27T12:00:00Z,112.8830,113.3670,106.4000,107.9900,10265221
2023-12-27T16:00:00Z,107.9680,110.5530,104.8320,109.1190,8729839
2023-12-27T20:00:00Z,109.1120,111.1390,106.5140,107.0950,4326950
2023-12-28T00:00:00Z,107.0890,109.8260,103.1080,104.6640,6119346
2023-12-28T04:00:00Z,104.6660,106.6220,102.2970,105.9840,6215781
2023-12-28T08:00:00Z,105.9910,106.3610,103.3000,104.9870,5255943
2023-12-28T12:00:00Z,105.0000,105.2470,97.3200,99.8020,15108564
2023-12-28T16:00:00Z,99.7980,101.8000,98.5400,101.2080,6561545
2023-12-28T20:00:00Z,101.2060,104.0470,98.7740,101.9130,5704983
2023-12-29T00:00:00Z,101.9140,106.0370,99.5140,104.9680,8258675
2023-12-29T04:00:00Z,104.9690,108.7380,104.1990,105.2520,6274880
2023-12-29T08:00:00Z,105.2530,110.1980,105.0580,107.7070,6627995
2023-12-29T12:00:00Z,107.7020,109.9770,104.4490,106.0640,7559791
2023-12-29T16:00:00Z,106.0640,108.2370,102.7610,105.9140,9082135
2023-12-29T20:00:00Z,105.9160,106.4290,102.7270,106.2250,3884688
2023-12-30T00:00:00Z,106.2350,107.6510,102.9670,103.6430,3487121
2023-12-30T04:00:00Z,103.6400,104.9860,103.2020,103.5520,2673186
2023-12-30T08:00:00Z,103.5530,103.5850,100.6980,102.2390,4520404
2023-12-30T12:00:00Z,102.2450,104.5000,102.1670,104.3340,4168007
2023-12-30T16:00:00Z,104.3260,105.0000,102.6540,103.3600,3325802
2023-12-30T20:00:00Z,103.3600,104.4020,101.2680,101.9710,2605943
2023-12-31T00:00:00Z,101.9740,103.1000,99.6350,100.7430,3191518
2023-12-31T04:00:00Z,100.7340,105.0000,100.5320,104.0690,3409096
2023-12-31T08:00:00Z,104.0700,105.3380,103.5000,104.3760,2645958
2023-12-31T12:00:00Z,104.3640,105.3000,102.1680,102.5760,3620205
2023-12-31T16:00:00Z,102.5770,104.6300,102.4010,103.8930,2142875
2023-12-31T20:00:00Z,103.8920,105.2000,99.7910,101.7780,3951099
2024-01-01T00:00:00Z,101.7750,104.8600,101.6000,103.1810,3246618
2024-01-01T04:00:00Z,103.1730,104.1290,101.5300,102.5810,2330500
2024-01-01T08:00:00Z,102.5790,105.0000,101.8410,104.4800,3050451
2024-01-01T12:00:00Z,104.4810,106.5000,103.9600,106.0830,3600274
2024-01-01T16:00:00Z,106.0790,109.3080,105.9190,108.8880,4105651
2024-01-01T20:00:00Z,108.8880,110.0780,107.3190,110.0470,2658488
2024-01-02T00:00:00Z,110.0540,113.3900,108.5850,111.5180,5554478
2024-01-02T04:00:00Z,111.5180,114.8000,111.0000,114.5300,4274005
2024-01-02T08:00:00Z,114.5300,117.1000,112.8010,114.1130,7944526
2024-01-02T12:00:00Z,114.1140,114.6350,107.7690,109.7210,8217461
2024-01-02T16:00:00Z,109.7210,110.5000,106.7430,107.7660,5473295
2024-01-02T20:00:00Z,107.7690,108.9940,106.1000,106.8300,3622727
2024-01-03T00:00:00Z,106.8280,108.7980,106.5920,108.1980,3148083
2024-01-03T04:00:00Z,108.1980,109.9500,107.1430,107.8410,3984650
2024-01-03T08:00:00Z,107.8470,109.5000,102.1940,103.4990,8206988
2024-01-03T12:00:00Z,103.5000,103.5640,83.5100,102.1170,24921246
2024-01-03T16:00:00Z,102.1040,103.2150,95.0000,97.3630,10004394
2024-01-03T20:00:00Z,97.3630,100.5600,97.2000,98.5190,3738934
2024-01-04T00:00:00Z,98.5190,102.0000,97.5660,101.1080,3783078
2024-01-04T04:00:00Z,101.1060,101.7380,98.7600,98.9150,3253529
2024-01-04T08:00:00Z,98.9240,99.3090,96.5880,98.5300,4306465
2024-01-04T12:00:00Z,98.5300,104.4380,98.1000,103.6910,6655175
2024-01-04T16:00:00Z,103.6940,106.9180,101.5020,105.1760,6127171
2024-01-04T20:00:00Z,105.1740,108.3000,104.4000,104.9750,4945952
2024-01-05T00:00:00Z,104.9610,105.5460,98.1300,100.9970,6050955
2024-01-05T04:00:00Z,100.9900,102.2550,100.0210,101.1330,3009056
2024-01-05T08:00:00Z,101.1410,103.2500,99.0530,99.6330,4590541
2024-01-05T12:00:00Z,99.6330,101.3670,96.8800,98.0490,6772884
2024-01-05T16:00:00Z,98.0500,98.9050,95.0000,97.9270,5406745
2024-01-05T20:00:00Z,97.9270,100.4390,97.7400,99.8740,3594151
2024-01-06T00:00:00Z,99.8740,100.2770,97.7610,98.6700,2473533
2024-01-06T04:00:00Z,98.6680,98.9490,91.3980,94.4500,7323545
2024-01-06T08:00:00Z,94.4490,95.7020,93.6520,94.4440,3418713
2024-01-06T12:00:00Z,94.4380,96.4960,92.8180,95.1560,4198641
2024-01-06T16:00:00Z,95.1570,97.2290,94.5010,95.0600,3744454
2024-01-06T20:00:00Z,95.0610,95.6410,92.1000,93.7990,3461693
2024-01-07T00:00:00Z,93.7980,96.2920,91.2600,92.9070,4106585
2024-01-07T04:00:00Z,92.9060,95.6510,92.8300,95.2450,3507221
2024-01-07T08:00:00Z,95.2500,95.6250,92.9060,94.5240,3041708
2024-01-07T12:00:00Z,94.5230,96.7640,93.2410,93.9010,4422022
2024-01-07T16:00:00Z,93.9010,94.9930,92.9500,94.7600,2847174
2024-01-07T20:00:00Z,94.7610,95.3200,87.5000,89.4140,7239111
2024-01-08T00:00:00Z,89.4140,90.8630,85.1000,87.2560,8685156
2024-01-08T04:00:00Z,87.2490,90.8040,86.9120,89.6590,4928464
2024-01-08T08:00:00Z,89.6580,92.1990,88.6460,92.1910,4083824
2024-01-08T12:00:00Z,92.1900,95.5640,92.1490,94.6350,8520366
2024-01-08T16:00:00Z,94.6400,99.9150,93.6670,99.2390,9615399
2024-01-08T20:00:00Z,99.2390,99.4080,96.4930,97.9010,5048140
2024-01-09T00:00:00Z,97.9000,99.8350,95.2570,99.8330,5935572
2024-01-09T04:00:00Z,99.8220,103.9710,99.4640,101.9000,6812565
2024-01-09T08:00:00Z,101.9010,102.7170,99.5230,101.8940,5017519
2024-01-09T12:00:00Z,101.8950,102.3800,95.4570,99.8040,9676072
2024-01-09T16:00:00Z,99.8040,101.4770,98.1800,99.3230,5219367
2024-01-09T20:00:00Z,99.3230,108.0000,95.4800,99.3470,13157635
2024-01-10T00:00:00Z,99.3470,100.2600,97.5300,99.6710,3268041
2024-01-10T04:00:00Z,99.6760,100.4670,98.0290,98.1590,2019953
2024-01-10T08:00:00Z,98.1570,98.3230,96.2740,97.3470,3878685
2024-01-10T12:00:00Z,97.3510,97.7500,92.1220,94.8030,9919052
2024-01-10T16:00:00Z,94.8000,98.3300,94.0000,96.3170,6161111
2024-01-10T20:00:00Z,96.3170,105.5800,92.6260,102.0630,14243262
2024-01-11T00:00:00Z,102.0670,102.2310,99.2000,100.3770,4559333
2024-01-11T04:00:00Z,100.3620,101.7700,97.8880,99.7450,4014273
2024-01-11T08:00:00Z,99.7390,104.6770,99.5850,104.4990,4615387
2024-01-11T12:00:00Z,104.4990,107.3410,99.5980,100.8240,14487696
2024-01-11T16:00:00Z,100.8250,101.5550,97.6000,101.3780,6915464
2024-01-11T20:00:00Z,101.3710,102.3930,99.1000,99.9280,3497954
2024-01-12T00:00:00Z,99.9270,100.3860,97.4400,97.7510,3051453
2024-01-12T04:00:00Z,97.7540,100.5340,97.6610,98.8420,2738313
2024-01-12T08:00:00Z,98.8450,99.1640,97.5770,98.2520,3168037
2024-01-12T12:00:00Z,98.2530,99.3770,95.1100,95.3960,6415163
2024-01-12T16:00:00Z,95.3950,96.7730,92.7070,95.2560,7083271
2024-01-12T20:00:00Z,95.2660,95.9730,85.8000,92.1530,8543249
2024-01-13T00:00:00Z,92.1480,92.6330,89.5000,91.1020,3653104
2024-01-13T04:00:00Z,91.1020,93.2950,90.9400,92.5510,2440596
2024-01-13T08:00:00Z,92.5530,93.1830,91.5360,92.2510,2409176
2024-01-13T12:00:00Z,92.2500,93.4000,91.0920,92.9200,2824383
2024-01-13T16:00:00Z,92.9240,95.6910,91.5650,94.7680,3197494
2024-01-13T20:00:00Z,94.7760,97.0680,94.6800,95.8360,3892722
2024-01-14T00:00:00Z,95.8360,97.0920,94.3360,96.9920,3223155
2024-01-14T04:00:00Z,96.9850,98.8760,96.0030,98.3070,3415690
2024-01-14T08:00:00Z,98.3070,98.6600,96.6460,96.7990,2232438
2024-01-14T12:00:00Z,96.8000,99.8000,96.3020,99.5200,3758198
2024-01-14T16:00:00Z,99.5210,102.9490,96.1200,96.2200,8145800
2024-01-14T20:00:00Z,96.2210,97.7560,93.5990,93.8300,5606334
2024-01-15T00:00:00Z,93.8290,97.0000,93.8180,95.9380,2867888
2024-01-15T04:00:00Z,95.9380,96.8230,95.0000,95.6300,2192096
2024-01-15T08:00:00Z,95.6290,95.9900,94.4270,95.5160,2283570
2024-01-15T12:00:00Z,95.5200,95.8160,93.0000,93.5220,3699239
2024-01-15T16:00:00Z,93.5210,96.7370,93.2760,96.0310,3140856
2024-01-15T20:00:00Z,96.0330,96.5440,93.3000,94.3590,2354773
2024-01-16T00:00:00Z,94.3600,96.2490,94.3590,96.2000,1981420
2024-01-16T04:00:00Z,96.1950,98.2410,95.3190,97.7430,2588214
2024-01-16T08:00:00Z,97.7430,98.3100,96.2640,96.7270,3206850
2024-01-16T12:00:00Z,96.7270,97.7650,94.1870,97.2590,5159191
2024-01-16T16:00:00Z,97.2580,97.8880,96.1050,96.8210,2534025
2024-01-16T20:00:00Z,96.8220,98.8050,96.7330,97.6370,2628994
2024-01-17T00:00:00Z,97.6370,101.1820,97.3420,99.9890,4389066
2024-01-17T04:00:00Z,99.9890,100.3990,97.0960,97.3660,3172865
2024-01-17T08:00:00Z,97.3660,102.8640,96.6300,102.0510,6760716
2024-01-17T12:00:00Z,102.0480,102.7600,99.1500,99.4080,8415689
2024-01-17T16:00:00Z,99.4090,101.2730,97.3000,100.7870,6165792
2024-01-17T20:00:00Z,100.7880,102.4440,100.0230,102.1550,4081024
2024-01-18T00:00:00Z,102.1550,103.6350,99.5670,99.9560,4171811
2024-01-18T04:00:00Z,99.9570,101.5000,99.8110,100.7840,3246968
2024-01-18T08:00:00Z,100.7850,101.2480,98.3960,98.9620,3917198
2024-01-18T12:00:00Z,98.9610,99.2000,97.7250,98.2700,4005386
2024-01-18T16:00:00Z,98.2700,98.3010,91.3590,92.3830,10928604
2024-01-18T20:00:00Z,92.3840,94.8630,92.1970,94.3890,4540115
2024-01-19T00:00:00Z,94.3890,94.7740,91.4650,93.0890,4285564
2024-01-19T04:00:00Z,93.0880,95.3580,92.8540,94.4980,2808130
2024-01-19T08:00:00Z,94.4980,95.5000,93.8330,94.7830,2576487
2024-01-19T12:00:00Z,94.7850,94.7880,90.7350,91.2620,6206021
2024-01-19T16:00:00Z,91.2740,94.7270,87.0050,94.1150,12380492
2024-01-19T20:00:00Z,94.1150,94.9560,92.7180,93.5960,3379855
2024-01-20T00:00:00Z,93.5960,94.2940,92.0540,93.6100,2440541
2024-01-20T04:00:00Z,93.6100,93.7010,91.7050,91.9400,1935675
2024-01-20T08:00:00Z,91.9390,92.3880,91.0890,92.0230,2604733
2024-01-20T12:00:00Z,92.0230,92.2630,90.1760,90.8710,2779504
2024-01-20T16:00:00Z,90.8720,92.5920,90.7180,92.0290,2477949
2024-01-20T20:00:00Z,92.0290,93.4800,91.8080,92.9000,2051664
2024-01-21T00:00:00Z,92.9010,93.3460,91.8500,92.9360,1645026
2024-01-21T04:00:00Z,92.9370,93.0760,91.8800,92.3630,1011813
2024-01-21T08:00:00Z,92.3650,93.9670,92.2430,93.1940,1893053
2024-01-21T12:00:00Z,93.1930,93.7230,91.9700,92.5120,2174850
2024-01-21T16:00:00Z,92.5120,92.9040,91.6510,92.4800,1558737
2024-01-21T20:00:00Z,92.4790,92.6520,90.8000,91.1050,1713821
2024-01-22T00:00:00Z,91.1110,91.9480,88.1300,89.3440,4485917
2024-01-22T04:00:00Z,89.3440,90.1850,88.2000,89.2550,3064553
2024-01-22T08:00:00Z,89.2490,89.2490,86.1410,88.3600,6573572
2024-01-22T12:00:00Z,88.3590,90.0500,85.6950,87.2980,7220821
2024-01-22T16:00:00Z,87.3060,87.6990,82.1000,83.6730,10695729
2024-01-22T20:00:00Z,83.6730,86.3510,83.1830,83.8830,5566553
2024-01-23T00:00:00Z,83.8830,85.9050,83.6070,85.1880,3307042
2024-01-23T04:00:00Z,85.1890,85.9670,82.2720,82.8140,3076827
2024-01-23T08:00:00Z,82.8120,83.5000,78.9680,80.2170,12068931
2024-01-23T12:00:00Z,80.2160,83.3910,78.9600,82.6770,9670129
2024-01-23T16:00:00Z,82.6770,83.8770,80.8590,80.9440,6888916
2024-01-23T20:00:00Z,80.9410,84.4270,80.4080,84.3250,4494821
2024-01-24T00:00:00Z,84.3250,85.7630,83.3500,83.5620,4492663
2024-01-24T04:00:00Z,83.5620,86.8250,83.2940,86.1330,4352922
2024-01-24T08:00:00Z,86.1380,88.5200,85.9100,87.1640,6172748
2024-01-24T12:00:00Z,87.1650,87.9970,85.2270,86.9940,6608595
2024-01-24T16:00:00Z,86.9940,87.8200,85.5260,86.3330,4073132
2024-01-24T20:00:00Z,86.3330,89.3960,85.8780,88.7440,3943968
2024-01-25T00:00:00Z,88.7450,89.6250,87.6410,88.3210,3494247
2024-01-25T04:00:00Z,88.3210,88.6590,86.7300,88.1820,3032185
2024-01-25T08:00:00Z,88.1810,89.3300,86.5250,88.9980,3536665
2024-01-25T12:00:00Z,88.9970,89.3300,86.0000,86.3910,5619308
2024-01-25T16:00:00Z,86.3920,88.2270,85.1000,87.7640,5135446
2024-01-25T20:00:00Z,87.7640,87.8580,86.4190,86.8860,2314794
2024-01-26T00:00:00Z,86.8850,88.2740,85.9550,87.9420,3236394
2024-01-26T04:00:00Z,87.9420,88.5260,86.6660,87.0000,2490019
2024-01-26T08:00:00Z,86.9990,92.4110,86.9650,91.9070,7290444
2024-01-26T12:00:00Z,91.9090,92.6620,90.1000,92.3500,5105548
2024-01-26T16:00:00Z,92.3500,93.7200,92.1510,92.8110,4746772
2024-01-26T20:00:00Z,92.8100,93.7080,91.6450,92.2610,2707825
2024-01-27T00:00:00Z,92.2600,93.8000,92.0510,92.6730,2791015
2024-01-27T04:00:00Z,92.6730,92.7810,90.7170,91.1910,2811263
2024-01-27T08:00:00Z,91.1910,92.2990,90.6360,91.9910,2596114
2024-01-27T12:00:00Z,91.9910,92.9700,91.6200,92.7830,1933572
2024-01-27T16:00:00Z,92.7830,93.3930,92.1440,93.0710,2346650
2024-01-27T20:00:00Z,93.0680,94.4800,92.8130,94.2380,2268876
2024-01-28T00:00:00Z,94.2370,96.7730,93.1550,96.6090,4027079
2024-01-28T04:00:00Z,96.6080,97.3990,95.2000,95.7240,4259460
2024-01-28T08:00:00Z,95.7220,99.4280,95.5000,98.3810,5701363
2024-01-28T12:00:00Z,98.3810,98.6000,96.6340,97.0520,6230438
2024-01-28T16:00:00Z,97.0510,97.9200,94.1410,94.4610,4451840
2024-01-28T20:00:00Z,94.4620,96.3530,93.3900,95.9480,4154478
2024-01-29T00:00:00Z,95.9480,98.9930,95.0050,97.8240,4327798
2024-01-29T04:00:00Z,97.8230,97.9640,96.1440,96.7130,2827318
2024-01-29T08:00:00Z,96.7130,97.9740,96.2460,97.4280,2889730
2024-01-29T12:00:00Z,97.4270,100.3500,95.4800,99.8700,6330387
2024-01-29T16:00:00Z,99.8700,101.7000,98.9500,100.5410,7535816
2024-01-29T20:00:00Z,100.5400,102.0350,100.4590,101.6230,2523360
2024-01-30T00:00:00Z,101.6220,103.7980,100.8930,102.0560,4276497
2024-01-30T04:00:00Z,102.0560,103.3750,101.6580,102.8830,2860910
2024-01-30T08:00:00Z,102.8820,106.4480,102.3620,106.0140,5413233
2024-01-30T12:00:00Z,106.0150,106.5000,103.5000,104.7960,7685325
2024-01-30T16:00:00Z,104.7900,105.6410,103.2240,105.2160,5320103
2024-01-30T20:00:00Z,105.2160,105.5940,101.0030,101.3710,4593508
2024-01-31T00:00:00Z,101.3720,101.9250,98.5000,101.0910,6543552
2024-01-31T04:00:00Z,101.0910,101.7890,99.9000,101.5990,3341333
2024-01-31T08:00:00Z,101.5990,101.9090,97.2420,99.1030,6215702
2024-01-31T12:00:00Z,99.1030,101.9000,97.5000,101.5370,7544076
2024-01-31T16:00:00Z,101.5360,102.7190,99.5870,100.9410,6878292
2024-01-31T20:00:00Z,100.9460,101.2000,95.8370,96.9120,6038379
2024-02-01T00:00:00Z,96.9100,97.6770,93.3190,93.5950,6468210
2024-02-01T04:00:00Z,93.5970,95.7590,93.1000,94.8790,4082593
2024-02-01T08:00:00Z,94.8760,96.7080,94.5620,95.4100,3770546
2024-02-01T12:00:00Z,95.4100,97.4400,94.6120,95.9590,5386213
2024-02-01T16:00:00Z,95.9600,98.0000,94.8150,97.8330,5368178
2024-02-01T20:00:00Z,97.8310,98.1300,96.8750,97.7750,2304783
2024-02-02T00:00:00Z,97.7760,100.1310,97.3350,98.9560,4076090
2024-02-02T04:00:00Z,98.9570,101.5070,98.3870,101.1820,3389153
2024-02-02T08:00:00Z,101.1810,102.4000,99.8600,101.9510,3608892
2024-02-02T12:00:00Z,101.9520,102.5730,98.3570,101.2840,7733031
2024-02-02T16:00:00Z,101.2840,102.1920,98.3010,99.4360,4425911
2024-02-02T20:00:00Z,99.4370,100.8260,98.8350,100.5590,2170534
2024-02-03T00:00:00Z,100.5480,101.2000,98.9580,99.1830,2454582
2024-02-03T04:00:00Z,99.1840,100.0630,98.5500,99.0560,1567092
2024-02-03T08:00:00Z,99.0560,99.3560,98.3530,98.6480,1790588
2024-02-03T12:00:00Z,98.6470,98.9500,96.6020,97.9600,3454867
2024-02-03T16:00:00Z,97.9600,98.7440,97.2160,98.1190,2386641
2024-02-03T20:00:00Z,98.1190,98.4320,97.5020,97.9150,1279120
2024-02-04T00:00:00Z,97.9140,98.5550,96.8020,98.3140,1816784
2024-02-04T04:00:00Z,98.3150,98.3300,96.0770,96.4970,2428091
2024-02-04T08:00:00Z,96.4970,98.2500,95.8200,97.8730,2655924
2024-02-04T12:00:00Z,97.8710,98.3730,97.1800,97.6030,1743166
2024-02-04T16:00:00Z,97.6050,97.6680,96.0520,96.3260,2888596
2024-02-04T20:00:00Z,96.3260,96.9800,95.0000,95.4510,2846060
2024-02-05T00:00:00Z,95.4520,96.2000,94.1020,96.0210,3047726
2024-02-05T04:00:00Z,96.0210,97.9000,95.7540,97.5370,2959180
2024-02-05T08:00:00Z,97.5370,98.1980,96.9020,97.8440,2713374
2024-02-05T12:00:00Z,97.8440,98.6590,95.1910,95.5570,4962156
2024-02-05T16:00:00Z,95.5550,96.4850,95.2870,95.9060,3264877
2024-02-05T20:00:00Z,95.9050,96.0930,94.1710,95.6050,3132707
2024-02-06T00:00:00Z,95.6000,96.7900,95.1710,95.9690,2051917
2024-02-06T04:00:00Z,95.9690,96.0630,94.7000,95.7110,1746904
2024-02-06T08:00:00Z,95.7110,96.2900,93.1160,94.2390,5665481
2024-02-06T12:00:00Z,94.2380,95.8480,93.2450,95.6950,5303780
2024-02-06T16:00:00Z,95.6960,97.7140,95.1010,97.5460,3738162
2024-02-06T20:00:00Z,97.5460,97.8690,96.7180,96.8560,2510621
2024-02-07T00:00:00Z,96.8560,97.4550,95.4400,95.4750,2044235
2024-02-07T04:00:00Z,95.4750,96.1890,94.9560,95.5810,1998449
2024-02-07T08:00:00Z,95.5810,96.0380,94.5600,95.1410,2410334
2024-02-07T12:00:00Z,95.1410,96.6820,95.0820,96.2250,2779695
2024-02-07T16:00:00Z,96.2260,98.1380,96.1100,97.0790,4052158
2024-02-07T20:00:00Z,97.0800,101.6220,97.0680,101.1350,6265448
2024-02-08T00:00:00Z,101.1360,102.6200,100.9040,101.7670,4402902
2024-02-08T04:00:00Z,101.7670,102.0710,100.5000,100.7940,2323551
2024-02-08T08:00:00Z,100.7950,102.3000,100.7500,101.2050,2702718
2024-02-08T12:00:00Z,101.2050,104.9740,100.9240,104.8000,6398398
2024-02-08T16:00:00Z,104.8010,104.8980,101.6200,102.2790,5176956
2024-02-08T20:00:00Z,102.2800,103.3640,102.2570,102.7420,1973926
2024-02-09T00:00:00Z,102.7420,105.7530,102.7280,104.3120,3704429
2024-02-09T04:00:00Z,104.3060,105.7040,103.7200,105.2100,2411007
2024-02-09T08:00:00Z,105.2110,106.3880,104.0600,105.8310,5061793
2024-02-09T12:00:00Z,105.8310,107.0000,104.0500,105.6200,6761113
2024-02-09T16:00:00Z,105.6200,106.5000,104.3200,104.9630,3880110
2024-02-09T20:00:00Z,104.9630,109.2300,104.8050,106.9210,4831715
2024-02-10T00:00:00Z,106.9200,110.7460,106.8600,110.6440,3970988
2024-02-10T04:00:00Z,110.6440,110.8390,108.6660,108.8610,2747265
2024-02-10T08:00:00Z,108.8600,109.6580,107.1940,108.1400,4406290
2024-02-10T12:00:00Z,108.1400,108.7830,107.1340,108.4710,2394290
2024-02-10T16:00:00Z,108.4710,109.5470,107.7210,109.1480,1938704
2024-02-10T20:00:00Z,109.1490,110.4380,108.5630,108.9760,2872181
2024-02-11T00:00:00Z,108.9760,109.7500,107.6840,109.4340,2323443
2024-02-11T04:00:00Z,109.4340,109.9330,108.7320,109.2270,2076266
2024-02-11T08:00:00Z,109.2260,110.3400,108.5130,109.6970,2972089
2024-02-11T12:00:00Z,109.6970,110.7570,108.6400,108.8120,3149257
2024-02-11T16:00:00Z,108.8130,109.0980,107.6440,108.1920,2542461
2024-02-11T20:00:00Z,108.1910,108.8110,107.2020,107.4710,1964810
2024-02-12T00:00:00Z,107.4710,109.3770,104.5000,106.2680,5007397
2024-02-12T04:00:00Z,106.2670,106.3860,104.5800,105.9340,2635760
2024-02-12T08:00:00Z,105.9340,106.3330,103.3820,104.2220,3401434
2024-02-12T12:00:00Z,104.2210,108.9940,103.8070,108.8340,5975144
2024-02-12T16:00:00Z,108.8340,111.4480,107.5820,109.8350,8241836
2024-02-12T20:00:00Z,109.8390,112.3330,109.7060,111.7370,3741551
2024-02-13T00:00:00Z,111.7370,115.1470,111.7370,113.1090,5154525
2024-02-13T04:00:00Z,113.1100,114.6940,113.0670,114.0870,2183839
2024-02-13T08:00:00Z,114.0880,115.3330,112.9110,114.1850,3579997
2024-02-13T12:00:00Z,114.1860,114.2800,108.5710,110.3900,9058889
2024-02-13T16:00:00Z,110.3840,112.3990,108.3010,111.5690,5029854
2024-02-13T20:00:00Z,111.5690,113.8290,111.5200,112.5390,3481217
2024-02-14T00:00:00Z,112.5390,112.6070,110.7130,111.9260,2299441
2024-02-14T04:00:00Z,111.9260,113.3900,111.2670,113.0990,2074896
2024-02-14T08:00:00Z,113.0980,116.4380,112.8000,115.7520,6250152
2024-02-14T12:00:00Z,115.7530,118.8370,115.1000,117.0060,6754205
2024-02-14T16:00:00Z,117.0070,117.1620,115.1080,116.2120,3414538
2024-02-14T20:00:00Z,116.2150,117.3890,116.0400,117.0920,1929482
2024-02-15T00:00:00Z,117.0920,118.4900,116.0000,117.3430,3447970
2024-02-15T04:00:00Z,117.3430,117.3790,114.6020,115.1000,3058342
2024-02-15T08:00:00Z,115.1000,117.1240,114.8100,116.1630,2774885
2024-02-15T12:00:00Z,116.1570,117.4060,113.0000,114.1360,7059316
2024-02-15T16:00:00Z,114.1370,115.1190,113.0000,114.0790,4206858
2024-02-15T20:00:00Z,114.0790,114.4790,111.6000,113.5980,4245373
2024-02-16T00:00:00Z,113.5970,114.3620,112.2130,113.9390,2458705
2024-02-16T04:00:00Z,113.9390,114.0900,111.5000,111.5600,2512392
2024-02-16T08:00:00Z,111.5610,112.7810,110.0120,112.1780,4055143
2024-02-16T12:00:00Z,112.1750,113.2490,108.0000,109.7300,6582615
2024-02-16T16:00:00Z,109.7300,110.4820,108.2560,108.7240,3614601
2024-02-16T20:00:00Z,108.7240,110.8000,108.4040,110.3920,1745561
2024-02-17T00:00:00Z,110.3930,111.1630,109.2060,110.0110,1974135
2024-02-17T04:00:00Z,110.0120,110.5440,108.7120,110.4030,1759250
2024-02-17T08:00:00Z,110.4040,110.9440,108.4180,109.4650,2890705
2024-02-17T12:00:00Z,109.4660,109.6640,105.5510,107.2670,6231708
2024-02-17T16:00:00Z,107.2670,108.1750,106.5360,108.0880,1886761
2024-02-17T20:00:00Z,108.0880,109.7480,107.8260,109.0080,1908088
2024-02-18T00:00:00Z,109.0090,109.8800,107.5020,108.4320,1920393
2024-02-18T04:00:00Z,108.4410,109.7770,108.0850,109.3120,1730187
2024-02-18T08:00:00Z,109.3110,113.1520,108.8900,111.8340,4245723
2024-02-18T12:00:00Z,111.8340,112.6070,110.7540,112.4240,2443606
2024-02-18T16:00:00Z,112.4230,114.1770,111.7820,112.8320,3265980
2024-02-18T20:00:00Z,112.8320,113.7460,111.8670,112.3450,2580359
2024-02-19T00:00:00Z,112.3440,113.0190,111.2730,111.7640,2242461
2024-02-19T04:00:00Z,111.7650,113.7370,111.2040,113.2880,2593847
2024-02-19T08:00:00Z,113.2890,113.4460,110.7850,112.7360,3135351
2024-02-19T12:00:00Z,112.7390,115.0220,111.7500,113.7800,6485842
2024-02-19T16:00:00Z,113.7810,114.2570,111.5500,112.0320,3857978
2024-02-19T20:00:00Z,112.0320,113.1810,111.1670,111.6580,1850095
2024-02-20T00:00:00Z,111.6570,112.2420,109.0470,109.5750,3018267
2024-02-20T04:00:00Z,109.5760,111.1850,109.0760,109.5200,2439803
2024-02-20T08:00:00Z,109.5210,110.9790,108.1000,110.4810,3737162
2024-02-20T12:00:00Z,110.4800,110.8990,102.6250,106.6480,9522689
2024-02-20T16:00:00Z,106.6490,107.6720,104.7310,107.3840,5036779
2024-02-20T20:00:00Z,107.3840,109.7930,106.7580,108.4180,2756774
2024-02-21T00:00:00Z,108.4170,108.5000,106.5000,106.7270,2105492
2024-02-21T04:00:00Z,106.7270,107.1570,104.4560,104.9390,2673964
2024-02-21T08:00:00Z,104.9390,105.6850,102.3300,102.8200,4781369
2024-02-21T12:00:00Z,102.8200,104.4440,101.0520,103.9040,5771767
2024-02-21T16:00:00Z,103.9040,104.5820,100.2550,102.1020,4685232
2024-02-21T20:00:00Z,102.1020,105.8020,101.4700,105.1130,3802956
2024-02-22T00:00:00Z,105.1170,105.1610,102.1220,103.6560,2596521
2024-02-22T04:00:00Z,103.6560,105.5000,103.2530,105.1600,2766200
2024-02-22T08:00:00Z,105.1600,107.1640,104.9000,105.9080,4063887
2024-02-22T12:00:00Z,105.9080,106.2400,103.2360,105.4690,3948284
2024-02-22T16:00:00Z,105.4700,105.5400,103.3880,103.6510,2735257
2024-02-22T20:00:00Z,103.6500,105.4480,101.5550,101.8050,3404635
2024-02-23T00:00:00Z,101.8040,102.9560,101.0640,101.9340,2331043
2024-02-23T04:00:00Z,101.9340,103.2000,101.4580,102.0460,2033512
2024-02-23T08:00:00Z,102.0460,103.1050,101.2500,102.7500,2460167
2024-02-23T12:00:00Z,102.7500,102.9900,100.2600,100.3560,5173372
2024-02-23T16:00:00Z,100.3560,101.8010,98.6740,101.4840,4691801
2024-02-23T20:00:00Z,101.4850,101.8490,98.9000,99.9730,2408619
2024-02-24T00:00:00Z,99.9730,100.8680,98.5000,100.2800,2962322
2024-02-24T04:00:00Z,100.2800,102.3540,100.2480,102.3130,2138033
2024-02-24T08:00:00Z,102.3130,102.8880,101.6230,102.2240,2215357
2024-02-24T12:00:00Z,102.2240,102.6850,101.7860,102.0380,1794275
2024-02-24T16:00:00Z,102.0390,104.2880,101.9820,104.1450,2792884
2024-02-24T20:00:00Z,104.1440,104.9300,103.7680,104.1140,1758906
2024-02-25T00:00:00Z,104.1130,104.5540,102.2270,103.4830,2694917
2024-02-25T04:00:00Z,103.4860,103.7950,102.7560,103.1000,1695213
2024-02-25T08:00:00Z,103.1000,103.2000,102.0330,102.8830,1526661
2024-02-25T12:00:00Z,102.8830,103.9600,102.3720,102.8510,2293299
2024-02-25T16:00:00Z,102.8510,103.8240,102.2230,103.4790,2052914
2024-02-25T20:00:00Z,103.4780,104.5040,103.1020,103.5690,2071893
2024-02-26T00:00:00Z,103.5700,105.2000,102.3700,103.5880,2562699
2024-02-26T04:00:00Z,103.5890,104.3870,103.0230,103.3920,1941384
2024-02-26T08:00:00Z,103.3910,104.2980,100.6210,101.0540,4344561
2024-02-26T12:00:00Z,101.0540,105.1830,100.3500,105.0870,5896309
2024-02-26T16:00:00Z,105.0840,110.5060,104.6260,109.8060,10225916
2024-02-26T20:00:00Z,109.8050,110.9690,108.5000,110.0340,4019837
2024-02-27T00:00:00Z,110.0330,112.5100,109.3090,110.3990,6799608
2024-02-27T04:00:00Z,110.3990,111.5820,109.2030,110.4790,3212636
2024-02-27T08:00:00Z,110.4800,112.2990,110.4800,111.6580,3298422
2024-02-27T12:00:00Z,111.6570,111.9370,106.1500,106.8850,6933359
2024-02-27T16:00:00Z,106.8880,108.5410,105.3600,108.4950,5233724
2024-02-27T20:00:00Z,108.4840,109.4550,107.6070,108.4500,2426756
2024-02-28T00:00:00Z,108.4510,109.4000,107.3160,107.6690,2401938
2024-02-28T04:00:00Z,107.6700,110.2670,107.6160,110.2000,2348864
2024-02-28T08:00:00Z,110.2000,115.3330,109.2750,111.5760,10178896
2024-02-28T12:00:00Z,111.5760,113.4960,110.5210,113.1780,7866790
2024-02-28T16:00:00Z,113.1780,117.2750,104.6000,111.4580,19682467
2024-02-28T20:00:00Z,111.4590,119.4970,110.2100,119.4250,7551902
2024-02-29T00:00:00Z,119.4210,124.6570,117.3780,123.6950,9291883
2024-02-29T04:00:00Z,123.6960,126.3060,122.2760,125.6740,6721868
2024-02-29T08:00:00Z,125.6750,133.2090,125.3580,129.3830,10644397
2024-02-29T12:00:00Z,129.3790,134.8350,127.0190,132.4540,8379257
2024-02-29T16:00:00Z,132.4550,133.2510,126.5270,130.3770,9029341
2024-02-29T20:00:00Z,130.3760,132.1140,122.6180,125.7690,6920314
2024-03-01T00:00:00Z,125.7700,137.4150,125.6400,134.1140,8409608
2024-03-01T04:00:00Z,134.1130,137.9960,131.7200,132.0660,5122211
2024-03-01T08:00:00Z,132.0670,135.6900,130.8550,135.5740,4612680
2024-03-01T12:00:00Z,135.5740,135.5750,130.2950,131.3710,5691940
2024-03-01T16:00:00Z,131.3710,133.6960,129.5000,131.1090,5172583
2024-03-01T20:00:00Z,131.1240,131.9970,129.2840,129.4560,3340367
2024-03-02T00:00:00Z,129.4670,131.9360,127.3620,130.2590,4537907
2024-03-02T04:00:00Z,130.2710,130.9560,127.8610,129.2920,2854996
2024-03-02T08:00:00Z,129.2920,130.8200,127.3870,128.8850,4153573
2024-03-02T12:00:00Z,128.8850,130.6000,127.2000,128.0330,4024327
2024-03-02T16:00:00Z,128.0340,130.9600,127.6000,130.8060,2430459
2024-03-02T20:00:00Z,130.8100,131.5790,128.3330,130.1840,2406668
2024-03-03T00:00:00Z,130.1840,130.9500,128.3500,130.3260,3472920
2024-03-03T04:00:00Z,130.3260,130.7800,123.0530,126.8220,5298651
2024-03-03T08:00:00Z,126.8260,131.5030,125.2000,128.8500,5512964
2024-03-03T12:00:00Z,128.8450,129.8230,127.6190,129.4510,3715826
2024-03-03T16:00:00Z,129.4520,131.3690,128.8920,130.3170,3019338
2024-03-03T20:00:00Z,130.3170,132.3860,129.5280,130.3040,2278930
2024-03-04T00:00:00Z,130.3040,133.3120,128.5520,129.1210,4926269
2024-03-04T04:00:00Z,129.1210,130.0500,128.6370,129.7390,1842377
2024-03-04T08:00:00Z,129.7390,135.2190,129.6200,132.7730,7354976
2024-03-04T12:00:00Z,132.7680,133.9240,129.2650,131.8850,5286025
2024-03-04T16:00:00Z,131.8880,132.2150,127.3000,129.7100,6394879
2024-03-04T20:00:00Z,129.7200,133.6000,128.2500,133.4500,4051692
2024-03-05T00:00:00Z,133.4450,133.5540,129.1170,130.3100,4020468
2024-03-05T04:00:00Z,130.3090,133.1120,127.5750,129.6000,6393652
2024-03-05T08:00:00Z,129.6010,132.5000,129.1060,130.9070,3019245
2024-03-05T12:00:00Z,130.9070,143.1430,130.9070,139.3710,13360653
2024-03-05T16:00:00Z,139.3780,140.8320,103.9900,119.4170,21704970
2024-03-05T20:00:00Z,119.4000,127.4480,116.0090,125.3580,13785992
2024-03-06T00:00:00Z,125.3590,126.9220,120.0900,122.4700,4711367
2024-03-06T04:00:00Z,122.4700,133.4440,122.4340,133.3200,7027964
2024-03-06T08:00:00Z,133.3220,135.1210,129.2800,132.0150,5605599
2024-03-06T12:00:00Z,132.0290,132.3330,125.3000,128.3300,6843722
2024-03-06T16:00:00Z,128.3340,132.3040,128.1030,130.9370,3784761
2024-03-06T20:00:00Z,130.9380,132.5610,130.1660,130.9160,2598361
2024-03-07T00:00:00Z,130.9160,141.9670,130.6060,138.3850,8494157
2024-03-07T04:00:00Z,138.3690,140.2380,136.2220,138.3570,4777429
2024-03-07T08:00:00Z,138.3670,144.7060,138.1760,140.4200,7195227
2024-03-07T12:00:00Z,140.4190,149.4770,139.1590,146.0600,9647559
2024-03-07T16:00:00Z,146.0640,149.6310,145.3710,148.9120,4201355
2024-03-07T20:00:00Z,148.9130,149.1560,143.6260,143.9970,3688762
2024-03-08T00:00:00Z,143.9990,146.7220,143.1010,144.4550,2620772
2024-03-08T04:00:00Z,144.4630,145.7090,142.1360,144.6190,2647935
2024-03-08T08:00:00Z,144.6200,149.4900,144.4780,149.1300,2879578
2024-03-08T12:00:00Z,149.1300,152.9000,141.5000,145.5490,9780873
2024-03-08T16:00:00Z,145.5360,150.9380,142.1760,147.9930,7161542
2024-03-08T20:00:00Z,147.9920,149.3190,143.4850,144.8790,3081039
2024-03-09T00:00:00Z,144.8800,147.1600,144.5800,145.8610,2097886
2024-03-09T04:00:00Z,145.8610,149.3080,145.4500,148.4570,1923542
2024-03-09T08:00:00Z,148.4580,148.8890,145.1350,146.9660,2048579
2024-03-09T12:00:00Z,146.9670,147.4270,145.1310,147.1580,1857907
2024-03-09T16:00:00Z,147.1480,147.4100,143.5030,145.4550,2436827
2024-03-09T20:00:00Z,145.4550,146.8790,144.1230,144.4240,1323513
2024-03-10T00:00:00Z,144.4300,148.5800,143.8680,146.8830,2617389
2024-03-10T04:00:00Z,146.8830,148.7000,146.7500,148.4590,1629585
2024-03-10T08:00:00Z,148.4590,148.7000,144.9070,145.5450,2956873
2024-03-10T12:00:00Z,145.5450,145.9980,141.2970,143.0240,4033108
2024-03-10T16:00:00Z,143.0240,145.4810,142.8730,145.2320,1943564
2024-03-10T20:00:00Z,145.2310,145.4070,140.5000,144.4970,2728052
2024-03-11T00:00:00Z,144.5010,144.6450,136.3710,141.3010,5967237
2024-03-11T04:00:00Z,141.2870,148.7500,139.6140,148.2370,4960541
2024-03-11T08:00:00Z,148.2600,150.6120,147.4000,148.4410,4470441
2024-03-11T12:00:00Z,148.4560,150.3330,145.5000,147.2000,5449272
2024-03-11T16:00:00Z,147.2000,148.5650,145.8900,146.8530,3006146
2024-03-11T20:00:00Z,146.8520,149.5000,146.6180,149.0620,1723737
2024-03-12T00:00:00Z,149.0620,155.3000,147.3110,151.1420,5184213
2024-03-12T04:00:00Z,151.1420,154.8000,149.5000,152.0350,5722395
2024-03-12T08:00:00Z,152.0350,153.3700,148.2010,150.6100,4279580
2024-03-12T12:00:00Z,150.6090,152.2940,147.2690,150.4290,7480378
2024-03-12T16:00:00Z,150.4440,151.1450,141.6000,150.0740,9089347
2024-03-12T20:00:00Z,150.0740,151.4860,147.1000,151.2010,2955594
2024-03-13T00:00:00Z,151.2020,151.8520,148.8890,149.4450,2399845
2024-03-13T04:00:00Z,149.4440,153.3150,148.9250,150.9110,3189331
2024-03-13T08:00:00Z,150.9110,154.9190,150.6740,153.9300,3255990
2024-03-13T12:00:00Z,153.9300,159.5910,149.9250,157.3610,9080527
2024-03-13T16:00:00Z,157.3660,162.0920,156.7380,161.5820,5047948
2024-03-13T20:00:00Z,161.5820,166.9670,159.6700,164.0550,4263774
2024-03-14T00:00:00Z,164.0550,169.4980,163.2390,167.5890,4894395
2024-03-14T04:00:00Z,167.5890,170.5000,165.3480,168.4440,4030591
2024-03-14T08:00:00Z,168.4610,174.5990,168.3000,173.3130,6598877
2024-03-14T12:00:00Z,173.3200,173.6630,164.3300,167.7590,10948414
2024-03-14T16:00:00Z,167.7610,170.4500,159.2880,162.6610,10179469
2024-03-14T20:00:00Z,162.6270,178.7000,162.2260,176.8510,5964388
2024-03-15T00:00:00Z,176.8520,187.0880,169.2270,176.2120,15992604
2024-03-15T04:00:00Z,176.1960,182.1810,171.3510,176.2530,10722112
2024-03-15T08:00:00Z,176.2560,177.4300,164.6750,170.1270,13036022
2024-03-15T12:00:00Z,170.1270,185.0000,168.2630,181.9630,12168386
2024-03-15T16:00:00Z,181.9820,189.2500,178.2690,183.4460,9812393
2024-03-15T20:00:00Z,183.4350,185.7140,175.3710,184.1550,7363300
2024-03-16T00:00:00Z,184.1560,189.3180,180.5620,187.7830,5151762
2024-03-16T04:00:00Z,187.7820,193.8230,185.3950,192.9700,7013527
2024-03-16T08:00:00Z,192.9690,198.2690,190.6550,192.7820,7336852
2024-03-16T12:00:00Z,192.7830,196.3980,188.0000,195.3010,8211207
2024-03-16T16:00:00Z,195.3000,195.9020,178.6320,180.2330,10463228
2024-03-16T20:00:00Z,180.2330,186.1320,176.9230,182.1840,8677825
2024-03-17T00:00:00Z,182.1820,189.5400,181.8610,186.6480,6556390
2024-03-17T04:00:00Z,186.6480,188.8900,178.6500,181.9420,6824861
2024-03-17T08:00:00Z,181.9420,193.9880,179.8270,192.1410,6927793
2024-03-17T12:00:00Z,192.1390,196.2600,188.5540,195.7430,5769303
2024-03-17T16:00:00Z,195.7420,198.4980,192.3380,195.8230,4356784
2024-03-17T20:00:00Z,195.8260,205.0000,195.6160,201.9620,5558524
2024-03-18T00:00:00Z,201.9600,205.7880,194.0290,204.1570,6318279
2024-03-18T04:00:00Z,204.1580,205.2000,200.0100,203.3370,3712509
2024-03-18T08:00:00Z,203.3420,210.4250,198.4000,208.2060,8223420
2024-03-18T12:00:00Z,208.2070,209.5960,198.5040,203.9100,9113611
2024-03-18T16:00:00Z,203.9110,206.5000,195.4300,198.4990,7211571
2024-03-18T20:00:00Z,198.5000,205.0000,195.5280,196.1430,4225598
2024-03-19T00:00:00Z,196.1430,198.8750,180.4380,184.3720,10906382
2024-03-19T04:00:00Z,184.3730,189.1610,179.2110,186.2360,8722992
2024-03-19T08:00:00Z,186.2350,186.2930,171.0000,177.9020,12794199
2024-03-19T12:00:00Z,177.9100,186.0440,174.7500,183.0790,11391911
2024-03-19T16:00:00Z,183.0710,186.4330,180.1000,181.5670,6216061
2024-03-19T20:00:00Z,181.5670,182.1180,166.1800,169.9170,8551929
2024-03-20T00:00:00Z,169.9160,177.1310,169.3280,169.9790,6935426
2024-03-20T04:00:00Z,169.9850,174.3140,162.4530,173.4180,8151865
2024-03-20T08:00:00Z,173.4180,175.4760,169.5060,172.1900,5175813
2024-03-20T12:00:00Z,172.1900,176.9610,170.0010,170.6740,6602229
2024-03-20T16:00:00Z,170.6720,184.7990,165.5500,182.7400,10407311
2024-03-20T20:00:00Z,182.7480,193.3900,181.8630,191.9160,6802693
2024-03-21T00:00:00Z,191.9070,195.9330,189.5000,190.4650,5036433
2024-03-21T04:00:00Z,190.4650,192.5240,184.6400,188.7510,5658301
2024-03-21T08:00:00Z,188.7500,191.8240,186.2940,189.2650,3999862
2024-03-21T12:00:00Z,189.2640,191.6470,183.8020,185.4310,5312919
2024-03-21T16:00:00Z,185.4310,188.2230,177.1200,178.0860,5493563
2024-03-21T20:00:00Z,178.0760,182.0800,176.0000,179.5350,3415343
2024-03-22T00:00:00Z,179.5350,182.0520,174.1490,179.2160,4017667
2024-03-22T04:00:00Z,179.2090,180.8960,177.6130,179.2090,3160701
2024-03-22T08:00:00Z,179.2080,180.3570,171.6660,172.2500,3663810
2024-03-22T12:00:00Z,172.2460,174.0980,167.7000,171.7460,6859949
2024-03-22T16:00:00Z,171.7470,173.7760,168.8390,172.9220,3612840
2024-03-22T20:00:00Z,172.9250,175.2840,168.1880,175.2570,3064451
2024-03-23T00:00:00Z,175.2570,178.2000,170.5550,172.0010,3925387
2024-03-23T04:00:00Z,172.0000,177.9980,171.5000,176.1240,2594961
2024-03-23T08:00:00Z,176.1250,177.2090,174.1720,175.9930,2284535
2024-03-23T12:00:00Z,175.9930,179.2630,174.5360,175.2620,3388094
2024-03-23T16:00:00Z,175.2610,176.9320,173.8360,174.9260,2172028
2024-03-23T20:00:00Z,174.9260,175.6330,172.5300,172.7250,1653362
2024-03-24T00:00:00Z,172.7260,177.7080,171.7630,171.8420,2461890
2024-03-24T04:00:00Z,171.8430,173.9150,171.3940,173.7610,1726005
2024-03-24T08:00:00Z,173.6830,176.3000,173.2700,174.9890,2270406
2024-03-24T12:00:00Z,174.9880,177.5000,174.6890,176.3610,2360667
2024-03-24T16:00:00Z,176.3500,177.0990,172.5190,176.2370,2516400
2024-03-24T20:00:00Z,176.2240,186.8870,175.5620,184.0190,4213584
2024-03-25T00:00:00Z,184.0180,185.6210,181.1330,184.9660,2776270
2024-03-25T04:00:00Z,184.9610,189.7970,183.8970,185.8890,2836927
2024-03-25T08:00:00Z,185.8880,191.9090,185.8070,188.0790,3735748
2024-03-25T12:00:00Z,188.0790,194.6990,186.5000,192.8930,5916964
2024-03-25T16:00:00Z,192.8920,194.6470,190.4610,192.3910,3323482
2024-03-25T20:00:00Z,192.3910,193.2000,188.5320,189.1810,2466858
2024-03-26T00:00:00Z,189.1650,192.1920,188.2040,191.7920,1928236
2024-03-26T04:00:00Z,191.7920,196.8080,191.4160,194.1430,3278495
2024-03-26T08:00:00Z,194.1440,196.4410,192.0870,194.9460,2706008
2024-03-26T12:00:00Z,194.9400,195.4960,189.6530,190.4940,4525644
2024-03-26T16:00:00Z,190.4950,191.7370,186.3000,188.4850,3906141
2024-03-26T20:00:00Z,188.4910,192.8060,188.4120,190.6230,2198926
2024-03-27T00:00:00Z,190.6210,193.0000,188.8280,190.2200,2211758
2024-03-27T04:00:00Z,190.2190,190.7360,186.1670,186.9610,1884166
2024-03-27T08:00:00Z,186.9610,188.8700,183.7200,188.6930,3235025
2024-03-27T12:00:00Z,188.6880,191.4000,181.0380,181.2340,7899966
2024-03-27T16:00:00Z,181.2350,184.2840,180.2900,182.8370,2869292
2024-03-27T20:00:00Z,182.8380,187.2040,182.7370,186.4480,1873401
2024-03-28T00:00:00Z,186.4470,188.1910,181.0250,182.3150,2716468
2024-03-28T04:00:00Z,182.3170,187.9360,182.1120,187.4950,2022770
2024-03-28T08:00:00Z,187.4970,188.6690,184.8190,185.5630,2230018
2024-03-28T12:00:00Z,185.5730,189.6890,182.8000,187.5140,4152734
2024-03-28T16:00:00Z,187.5140,187.5710,184.6500,186.4650,1900421
2024-03-28T20:00:00Z,186.4660,191.1800,186.3350,189.8520,2447521
2024-03-29T00:00:00Z,189.8560,190.9810,187.7780,188.5130,2316479
2024-03-29T04:00:00Z,188.5120,189.3770,183.5470,183.8510,2211883
2024-03-29T08:00:00Z,183.8510,186.6340,183.6000,185.9690,1967336
2024-03-29T12:00:00Z,185.9690,190.0980,184.2270,185.0790,3613144
2024-03-29T16:00:00Z,185.0840,187.9440,184.5670,187.9100,2033288
2024-03-29T20:00:00Z,187.8950,193.2460,187.5000,192.2000,3131715
2024-03-30T00:00:00Z,192.2000,194.8500,190.8610,192.9520,2128433
2024-03-30T04:00:00Z,192.9520,200.4000,192.7380,195.9710,4409302
2024-03-30T08:00:00Z,195.9790,200.0000,192.8380,197.9740,2791730
2024-03-30T12:00:00Z,197.9740,198.7030,195.2840,196.5430,2056176
2024-03-30T16:00:00Z,196.5430,198.1840,193.5610,195.6100,2109282
2024-03-30T20:00:00Z,195.6090,196.8820,193.5000,194.3510,1705528
2024-03-31T00:00:00Z,194.3510,197.4930,193.8340,194.4570,1868458
2024-03-31T04:00:00Z,194.4570,197.6400,194.1520,196.9750,1617847
2024-03-31T08:00:00Z,196.9790,197.4390,195.6330,196.0670,1281484
2024-03-31T12:00:00Z,196.0670,197.8920,195.6370,195.8650,1705160
2024-03-31T16:00:00Z,195.8720,201.4670,195.6940,200.5960,2825427
2024-03-31T20:00:00Z,200.5960,203.4590,198.7020,202.6780,2338187
2024-04-01T00:00:00Z,202.6850,204.7550,201.0300,202.8240,2708580
2024-04-01T04:00:00Z,202.8240,203.7900,193.0000,198.1180,5241803
2024-04-01T08:00:00Z,198.1180,198.1870,194.7000,195.3510,2693833
2024-04-01T12:00:00Z,195.3490,197.9440,186.7110,188.2170,5757133
2024-04-01T16:00:00Z,188.2200,193.6800,187.5170,193.4350,3527942
2024-04-01T20:00:00Z,193.4360,194.1870,191.9010,192.3550,1538209
2024-04-02T00:00:00Z,192.3550,192.4150,181.6000,183.7660,5134249
2024-04-02T04:00:00Z,183.7650,186.3780,181.1060,183.2710,2996847
2024-04-02T08:00:00Z,183.2720,184.0200,177.6100,180.0240,4459481
2024-04-02T12:00:00Z,180.0190,182.3390,176.0110,177.5590,5606433
2024-04-02T16:00:00Z,177.5600,186.9370,176.9640,185.7730,4574430
2024-04-02T20:00:00Z,185.7610,186.5750,180.8040,181.6790,2516872
2024-04-03T00:00:00Z,181.6710,189.0610,177.0120,188.5630,4787985
2024-04-03T04:00:00Z,188.5450,191.9760,187.0580,189.6500,3421123
2024-04-03T08:00:00Z,189.6510,191.8320,186.4680,187.8800,3308482
2024-04-03T12:00:00Z,187.8800,191.3380,186.0000,189.1500,3996568
2024-04-03T16:00:00Z,189.1540,191.2790,184.2070,185.7750,3394319
2024-04-03T20:00:00Z,185.7730,186.6630,182.2000,185.1730,2139619
2024-04-04T00:00:00Z,185.1790,187.5190,181.2000,181.6210,2594218
2024-04-04T04:00:00Z,181.6200,185.8880,180.3300,185.0580,2226183
2024-04-04T08:00:00Z,185.0580,186.4760,184.5110,185.7030,1457289
2024-04-04T12:00:00Z,185.7040,189.6920,185.4780,187.1750,3272583
2024-04-04T16:00:00Z,187.1760,190.2950,185.5510,185.7930,2672089
2024-04-04T20:00:00Z,185.7920,185.9800,181.0880,184.1230,2960361
2024-04-05T00:00:00Z,184.1240,185.3240,177.6860,179.5250,2943773
2024-04-05T04:00:00Z,179.5260,180.5000,173.1000,175.1880,4246059
2024-04-05T08:00:00Z,175.1890,177.2700,169.0620,169.8380,4631226
2024-04-05T12:00:00Z,169.8370,177.3940,168.1000,175.9370,6116346
2024-04-05T16:00:00Z,175.9380,176.9800,172.4750,175.4590,2607005
2024-04-05T20:00:00Z,175.4600,176.8550,174.1510,174.4500,1173644
2024-04-06T00:00:00Z,174.4510,176.6390,173.6000,176.0010,1872406
2024-04-06T04:00:00Z,176.0010,178.3330,174.9210,177.3190,1718137
2024-04-06T08:00:00Z,177.3190,178.6160,175.3820,175.7940,1917612
2024-04-06T12:00:00Z,175.7800,177.3900,173.8500,177.2230,2979734
2024-04-06T16:00:00Z,177.2300,179.4390,176.5000,177.4520,3371355
2024-04-06T20:00:00Z,177.4510,180.0000,176.7900,178.7680,3365739
2024-04-07T00:00:00Z,178.7690,182.7890,177.3170,180.7390,3866632
2024-04-07T04:00:00Z,180.7400,181.5230,179.0050,179.8450,1798870
2024-04-07T08:00:00Z,179.8450,181.0320,178.6000,180.7970,1407177
2024-04-07T12:00:00Z,180.7980,182.2910,179.5500,179.7500,2266806
2024-04-07T16:00:00Z,179.7490,182.7500,177.7200,178.3900,2566274
2024-04-07T20:00:00Z,178.3910,180.2450,176.9580,179.6150,1316509
2024-04-08T00:00:00Z,179.6150,179.6670,175.4010,176.5560,2185086
2024-04-08T04:00:00Z,176.5550,181.2560,175.8830,180.2830,2013133
2024-04-08T08:00:00Z,180.2840,184.7990,179.8180,182.8910,4365694
2024-04-08T12:00:00Z,182.8910,183.7630,179.4380,181.5340,3329953
2024-04-08T16:00:00Z,181.5330,182.2580,178.5700,179.4850,2014633
2024-04-08T20:00:00Z,179.4850,181.5660,179.2700,180.8220,1169025
2024-04-09T00:00:00Z,180.8210,181.0840,177.0020,177.6000,1836554
2024-04-09T04:00:00Z,177.6000,178.7490,175.0800,175.7630,2337023
2024-04-09T08:00:00Z,175.7620,176.5620,173.4000,176.3710,2405213
2024-04-09T12:00:00Z,176.3700,176.7000,169.0800,172.5290,4639626
2024-04-09T16:00:00Z,172.5300,177.8500,171.8530,174.4620,4025604
2024-04-09T20:00:00Z,174.4560,176.1880,172.2720,172.5580,1506957
2024-04-10T00:00:00Z,172.5580,173.2530,169.3110,171.5110,2753800
2024-04-10T04:00:00Z,171.5110,173.8000,171.0370,172.9010,1592662
2024-04-10T08:00:00Z,172.9020,172.9220,168.3000,170.3200,2686534
2024-04-10T12:00:00Z,170.3200,170.8100,162.2900,168.0480,7057449
2024-04-10T16:00:00Z,168.0470,173.2560,167.0280,171.4830,4139022
2024-04-10T20:00:00Z,171.4830,175.6110,170.3240,173.4380,2281057
2024-04-11T00:00:00Z,173.4380,173.5400,171.2100,172.8930,1791579
2024-04-11T04:00:00Z,172.8940,176.1580,171.7690,174.6130,2115754
2024-04-11T08:00:00Z,174.6130,175.5970,170.3000,170.6740,2387142
2024-04-11T12:00:00Z,170.6810,175.5000,170.1710,173.5480,5259844
2024-04-11T16:00:00Z,173.5470,176.4800,172.0860,174.7710,3090987
2024-04-11T20:00:00Z,174.7780,175.8880,172.0270,172.4970,1538136
2024-04-12T00:00:00Z,172.4960,174.4900,172.4680,174.1840,1213586
2024-04-12T04:00:00Z,174.1850,176.1200,173.0640,173.4000,1708087
2024-04-12T08:00:00Z,173.4000,173.7990,171.5400,172.7740,1257007
2024-04-12T12:00:00Z,172.7740,172.8210,166.7000,167.4600,4188134
2024-04-12T16:00:00Z,167.4610,167.9430,140.0000,149.2350,14990297
2024-04-12T20:00:00Z,149.2420,154.4280,148.7500,153.1620,4610732
2024-04-13T00:00:00Z,153.1570,153.4830,145.4800,151.7990,5260376
2024-04-13T04:00:00Z,151.8000,154.9870,150.6230,151.0940,3563063
2024-04-13T08:00:00Z,151.0950,153.4790,149.5080,151.3310,2254632
2024-04-13T12:00:00Z,151.3300,153.0890,148.3680,149.0050,3358978
2024-04-13T16:00:00Z,149.0090,149.6630,126.2000,133.7100,14557470
2024-04-13T20:00:00Z,133.7100,143.6530,112.9170,138.4670,24900825
2024-04-14T00:00:00Z,138.4670,140.9480,130.4450,134.9060,7885373
2024-04-14T04:00:00Z,134.9070,144.5220,133.8550,144.0190,5718576
2024-04-14T08:00:00Z,144.0040,145.5190,138.1900,138.7940,4526912
2024-04-14T12:00:00Z,138.7910,143.3600,135.4720,137.9500,6370718
2024-04-14T16:00:00Z,137.9480,143.1450,133.3900,141.7040,7628418
2024-04-14T20:00:00Z,141.7050,152.8620,139.7700,151.1870,5475053
2024-04-15T00:00:00Z,151.1860,151.2170,146.3340,148.0310,3332715
2024-04-15T04:00:00Z,148.0480,156.0480,146.0010,153.6940,3969627
2024-04-15T08:00:00Z,153.6940,154.9500,150.7430,150.9280,3078068
2024-04-15T12:00:00Z,150.9270,152.1930,141.1200,143.2350,8268922
2024-04-15T16:00:00Z,143.2340,144.4970,133.5500,137.8100,8714901
2024-04-15T20:00:00Z,137.8190,140.1300,135.2600,138.4420,3045292
2024-04-16T00:00:00Z,138.4420,140.5120,133.5340,134.5240,3990080
2024-04-16T04:00:00Z,134.5180,138.8130,129.9140,137.7970,4862056
2024-04-16T08:00:00Z,137.7960,137.9920,129.6310,136.1000,5788376
2024-04-16T12:00:00Z,136.1000,136.1000,127.4200,127.5730,7848054
2024-04-16T16:00:00Z,127.5640,135.2890,126.3920,132.1080,6441199
2024-04-16T20:00:00Z,132.0970,137.8790,131.5750,136.1830,2697150
2024-04-17T00:00:00Z,136.1840,138.1950,134.7080,137.3310,2870267
2024-04-17T04:00:00Z,137.3320,142.6220,136.5880,139.3450,5122170
2024-04-17T08:00:00Z,139.4010,140.1860,133.9460,134.2500,3894707
2024-04-17T12:00:00Z,134.2500,134.9850,127.5030,128.6650,10238449
2024-04-17T16:00:00Z,128.6710,137.8990,126.8120,134.5450,9037030
2024-04-17T20:00:00Z,134.5440,137.9600,131.5050,131.7810,4525424
2024-04-18T00:00:00Z,131.7820,136.6480,129.5900,135.5100,5056135
2024-04-18T04:00:00Z,135.5090,136.8080,128.9480,129.3620,4396374
2024-04-18T08:00:00Z,129.3620,137.0000,127.5140,135.7210,6341156
2024-04-18T12:00:00Z,135.7210,141.4810,131.8700,138.9300,7747368
2024-04-18T16:00:00Z,138.9300,141.4420,135.5560,140.2160,4658939
2024-04-18T20:00:00Z,140.2130,143.8800,139.4670,141.9570,2916918
2024-04-19T00:00:00Z,141.9580,141.9670,128.4010,136.4310,9635391
2024-04-19T04:00:00Z,136.4300,146.8090,136.1050,143.2360,8491155
2024-04-19T08:00:00Z,143.2590,145.8790,142.2680,144.3500,4302028
2024-04-19T12:00:00Z,144.3500,147.4910,141.6220,146.1150,5272151
2024-04-19T16:00:00Z,146.1150,147.3940,143.6040,145.4350,3331758
2024-04-19T20:00:00Z,145.4380,145.7130,140.0030,142.4440,3062457
2024-04-20T00:00:00Z,142.4450,143.5280,139.6010,142.3490,2904641
2024-04-20T04:00:00Z,142.3520,144.9500,141.5090,143.4520,2122951
2024-04-20T08:00:00Z,143.4520,143.5000,140.0000,141.4620,2134498
2024-04-20T12:00:00Z,141.4670,147.4450,140.8770,147.1110,2563234
2024-04-20T16:00:00Z,147.1110,151.7990,146.2050,151.1420,4306930
2024-04-20T20:00:00Z,151.1420,152.3980,149.0290,151.1550,1794124
2024-04-21T00:00:00Z,151.1540,153.4520,148.0030,150.5390,2624238
2024-04-21T04:00:00Z,150.5390,151.6690,149.7900,151.0370,1469568
2024-04-21T08:00:00Z,151.0370,152.6950,149.5170,151.3900,2250417
2024-04-21T12:00:00Z,151.3910,151.6820,148.3750,150.1000,2214289
2024-04-21T16:00:00Z,150.1000,150.3000,146.7000,147.9340,2652241
2024-04-21T20:00:00Z,147.9330,150.8000,147.3950,148.7340,1854294
2024-04-22T00:00:00Z,148.7330,151.5000,146.5440,150.2700,3680758
2024-04-22T04:00:00Z,150.2710,156.5710,149.8810,153.5610,3746431
2024-04-22T08:00:00Z,153.5640,154.5490,152.2020,153.1890,2165431
2024-04-22T12:00:00Z,153.1890,154.9000,151.4530,153.3720,3278812
2024-04-22T16:00:00Z,153.3720,156.1200,152.3100,154.4730,2588006
2024-04-22T20:00:00Z,154.4720,158.4310,154.0270,156.8810,2107561
2024-04-23T00:00:00Z,156.8810,159.2220,155.3270,155.4030,2442696
2024-04-23T04:00:00Z,155.4090,156.7130,152.9760,153.5520,2428008
2024-04-23T08:00:00Z,153.5530,155.4830,153.0510,153.9890,1971746
2024-04-23T12:00:00Z,153.9890,159.7470,153.4680,157.8610,4144185
2024-04-23T16:00:00Z,157.8700,159.9870,157.0120,157.4110,2260327
2024-04-23T20:00:00Z,157.4190,157.6990,154.5030,154.7230,1927355
2024-04-24T00:00:00Z,154.7220,158.8180,154.3330,156.6500,2674919
2024-04-24T04:00:00Z,156.6500,159.7000,156.1700,157.7390,2839953
2024-04-24T08:00:00Z,157.7390,159.3590,156.3760,159.2690,2141144
2024-04-24T12:00:00Z,159.2680,159.6180,151.0080,151.4850,6231529
2024-04-24T16:00:00Z,151.4840,153.7690,147.3880,149.7750,4947456
2024-04-24T20:00:00Z,149.7670,150.4440,145.5200,147.7010,2881306
2024-04-25T00:00:00Z,147.7000,149.5250,144.6110,145.9650,3010833
2024-04-25T04:00:00Z,145.9660,148.4600,144.6400,146.2290,2402650
2024-04-25T08:00:00Z,146.2300,147.5000,143.0800,144.7490,3559525
2024-04-25T12:00:00Z,144.7480,148.3390,142.0410,147.7040,4897381
2024-04-25T16:00:00Z,147.7000,149.3310,146.4510,146.8210,2920294
2024-04-25T20:00:00Z,146.8200,148.9040,144.6180,144.7860,2169479
2024-04-26T00:00:00Z,144.7860,145.0670,141.3630,143.2130,3196138
2024-04-26T04:00:00Z,143.2130,144.7770,142.3000,143.4030,1787935
2024-04-26T08:00:00Z,143.4030,144.5780,142.1910,143.0910,1655390
2024-04-26T12:00:00Z,143.0900,146.1200,141.0420,142.6550,4565041
2024-04-26T16:00:00Z,142.6550,144.1880,141.6010,142.6360,1905797
2024-04-26T20:00:00Z,142.6360,143.7710,138.4560,139.2020,2307064
2024-04-27T00:00:00Z,139.2020,140.2010,132.3850,136.1910,4532473
2024-04-27T04:00:00Z,136.1910,137.1500,135.4530,136.0960,1570376
2024-04-27T08:00:00Z,136.1030,136.7460,135.2100,135.8580,1527652
2024-04-27T12:00:00Z,135.8570,139.7480,135.6350,137.6730,2438403
2024-04-27T16:00:00Z,137.6720,142.4200,137.4000,142.2320,3276556
2024-04-27T20:00:00Z,142.2330,142.9650,139.8330,141.2420,1396394
2024-04-28T00:00:00Z,141.2450,144.6790,140.7120,143.7520,1746813
2024-04-28T04:00:00Z,143.7530,144.3740,142.8190,143.5010,1683141
2024-04-28T08:00:00Z,143.5020,143.8780,140.8220,141.1680,1544006
2024-04-28T12:00:00Z,141.1690,142.8930,141.0630,141.9340,1368115
2024-04-28T16:00:00Z,141.9350,143.9320,141.7000,142.0230,1174080
2024-04-28T20:00:00Z,142.0230,142.2990,136.9560,137.9220,2307906
2024-04-29T00:00:00Z,137.9220,138.8850,134.2170,134.9080,2725070
2024-04-29T04:00:00Z,134.9080,136.7410,133.8580,134.9040,2474672
2024-04-29T08:00:00Z,134.9050,136.6600,133.6010,134.6270,2189659
2024-04-29T12:00:00Z,134.6240,137.5000,133.8710,136.4480,3475598
2024-04-29T16:00:00Z,136.4490,136.6170,133.2120,134.9350,3324026
2024-04-29T20:00:00Z,134.9340,138.6370,133.9530,137.7250,2495723
2024-04-30T00:00:00Z,137.7260,139.7210,134.8580,136.4490,3062044
2024-04-30T04:00:00Z,136.4500,136.7240,134.5500,135.0310,2440709
2024-04-30T08:00:00Z,135.0310,135.4920,128.1780,128.7300,5840051
2024-04-30T12:00:00Z,128.7300,130.3070,126.6300,127.7070,5081031
2024-04-30T16:00:00Z,127.7070,127.7100,121.0490,123.0140,6819176
2024-04-30T20:00:00Z,123.0050,128.7630,122.9760,126.6850,4010844
2024-05-01T00:00:00Z,126.6850,127.4820,123.6910,126.1580,3478286
2024-05-01T04:00:00Z,126.1580,126.7870,118.2650,120.5470,5632436
2024-05-01T08:00:00Z,120.5480,123.0560,118.7660,122.9850,4350000
2024-05-01T12:00:00Z,122.9840,125.0270,121.3770,123.3280,3997352
2024-05-01T16:00:00Z,123.3240,135.9430,122.5830,129.6520,9137681
2024-05-01T20:00:00Z,129.6810,135.1690,128.7060,134.5410,3970652
2024-05-02T00:00:00Z,134.5420,134.9000,128.5530,129.9910,3604217
2024-05-02T04:00:00Z,129.9910,132.9500,128.2270,131.3070,2775629
2024-05-02T08:00:00Z,131.3070,139.2870,131.0030,138.6250,5014380
2024-05-02T12:00:00Z,138.6250,140.4350,134.9670,139.0190,6350887
2024-05-02T16:00:00Z,139.0240,139.7980,136.8770,138.0130,2902241
2024-05-02T20:00:00Z,138.0130,140.9520,135.5000,137.5380,3304211
2024-05-03T00:00:00Z,137.5370,141.7320,136.6690,140.9440,3047252
2024-05-03T04:00:00Z,140.9420,141.4860,136.6830,137.1870,2375716
2024-05-03T08:00:00Z,137.1860,139.1510,135.8400,136.8420,2712600
2024-05-03T12:00:00Z,136.8430,143.9760,136.3960,142.0000,6892702
2024-05-03T16:00:00Z,142.0000,143.1450,141.0010,142.6800,1883131
2024-05-03T20:00:00Z,142.6800,144.9680,142.3710,143.6070,2423098
2024-05-04T00:00:00Z,143.6070,145.0000,142.1480,144.1480,1998364
2024-05-04T04:00:00Z,144.1490,146.3610,143.6280,143.8990,2456227
2024-05-04T08:00:00Z,143.8990,149.0800,143.8360,146.4380,3151288
2024-05-04T12:00:00Z,146.4540,148.1840,145.5000,146.1000,1979082
2024-05-04T16:00:00Z,146.1000,147.4980,145.2030,147.3510,1237116
2024-05-04T20:00:00Z,147.3510,147.8460,145.7340,146.0070,1078764
2024-05-05T00:00:00Z,146.0080,147.1970,143.1500,144.5800,2418974
2024-05-05T04:00:00Z,144.5790,145.9570,144.0860,145.5800,1517035
2024-05-05T08:00:00Z,145.5810,146.7080,145.0230,146.5650,1334542
2024-05-05T12:00:00Z,146.5660,147.9760,145.3000,147.4020,2082286
2024-05-05T16:00:00Z,147.4020,147.7790,145.5510,145.9930,1293893
2024-05-05T20:00:00Z,145.9940,146.0680,144.6010,145.6730,951106
2024-05-06T00:00:00Z,145.6730,148.0770,145.3160,146.1930,1533765
2024-05-06T04:00:00Z,146.1930,149.3100,145.8620,148.6390,2058661
2024-05-06T08:00:00Z,148.6400,156.8500,148.6400,153.9450,6297492
2024-05-06T12:00:00Z,153.9440,156.3700,149.5030,153.7870,5991739
2024-05-06T16:00:00Z,153.7860,154.1700,150.7400,153.4460,2961552
2024-05-06T20:00:00Z,153.4550,155.6800,152.4400,152.7840,2184443
2024-05-07T00:00:00Z,152.7790,157.9750,151.7290,153.7880,3799995
2024-05-07T04:00:00Z,153.7870,156.1990,153.0020,155.0710,2557329
2024-05-07T08:00:00Z,155.0700,159.1940,154.7500,154.9080,3797330
2024-05-07T12:00:00Z,154.9070,157.0000,152.0830,154.6130,3714533
2024-05-07T16:00:00Z,154.6130,155.4270,150.7600,151.1470,2313246
2024-05-07T20:00:00Z,151.1430,152.3920,147.5250,148.0110,2432335
2024-05-08T00:00:00Z,148.0120,149.8850,147.1000,149.4700,2156846
2024-05-08T04:00:00Z,149.4710,149.8490,145.7410,146.4060,3109037
2024-05-08T08:00:00Z,146.4050,146.9770,144.7530,145.3480,2441730
2024-05-08T12:00:00Z,145.3490,148.8680,144.2720,145.8180,3646935
2024-05-08T16:00:00Z,145.8190,149.0250,144.5550,145.4290,2439788
2024-05-08T20:00:00Z,145.4430,145.8740,139.8920,142.1180,3866886
2024-05-09T00:00:00Z,142.1190,144.8390,141.8580,144.0570,1674965
2024-05-09T04:00:00Z,144.0570,145.7720,142.3870,143.2280,2119303
2024-05-09T08:00:00Z,143.2290,143.9660,140.5350,142.7540,2563364
2024-05-09T12:00:00Z,142.7550,147.8000,141.5500,146.4010,3599180
2024-05-09T16:00:00Z,146.4000,150.9130,145.6660,150.7730,2882131
2024-05-09T20:00:00Z,150.7770,153.3600,149.1650,152.4590,2795130
2024-05-10T00:00:00Z,152.4600,154.5690,151.2560,153.8490,1971255
2024-05-10T04:00:00Z,153.8490,155.7000,152.2130,154.2680,2041041
2024-05-10T08:00:00Z,154.2690,155.1580,152.8700,154.9580,1546705
2024-05-10T12:00:00Z,154.9580,155.3000,145.5330,146.8520,6432713
2024-05-10T16:00:00Z,146.8530,148.6290,145.0000,147.0910,3897051
2024-05-10T20:00:00Z,147.0860,148.0240,144.1770,145.9660,1735745
2024-05-11T00:00:00Z,145.9660,147.6570,143.2000,143.6190,2378817
2024-05-11T04:00:00Z,143.6280,146.3720,143.4770,145.6890,1307505
2024-05-11T08:00:00Z,145.6890,145.7700,143.0680,144.1970,1367420
2024-05-11T12:00:00Z,144.1960,147.0010,143.8010,145.5660,1859607
2024-05-11T16:00:00Z,145.5680,146.6440,144.7820,146.3680,1216535
2024-05-11T20:00:00Z,146.3670,146.4760,145.0130,145.3550,775828
2024-05-12T00:00:00Z,145.3550,146.9210,145.1540,146.3260,880344
2024-05-12T04:00:00Z,146.3260,147.7550,143.6110,144.1380,1755380
2024-05-12T08:00:00Z,144.1380,146.3160,143.7290,145.0000,1537578
2024-05-12T12:00:00Z,145.0000,145.6620,143.9320,145.1440,1275703
2024-05-12T16:00:00Z,145.1440,146.3640,144.2500,144.9000,1221575
2024-05-12T20:00:00Z,144.8990,145.2070,142.1980,143.3640,1276746
2024-05-13T00:00:00Z,143.3640,145.8500,138.2300,140.1060,3919679
2024-05-13T04:00:00Z,140.1070,144.0550,137.7800,143.4880,3168114
2024-05-13T08:00:00Z,143.4880,147.4440,143.4590,145.5630,4349712
2024-05-13T12:00:00Z,145.5630,148.2890,144.7500,147.2070,2991574
2024-05-13T16:00:00Z,147.2070,150.7800,145.7380,148.7220,3773862
2024-05-13T20:00:00Z,148.7200,149.5350,146.7060,147.4960,1279419
2024-05-14T00:00:00Z,147.4950,148.2650,145.5950,146.2750,2040184
2024-05-14T04:00:00Z,146.2750,149.0360,143.5850,146.4910,3155650
2024-05-14T08:00:00Z,146.4980,147.4650,145.3000,146.5250,1509652
2024-05-14T12:00:00Z,146.5240,148.3890,141.8100,142.8650,5042107
2024-05-14T16:00:00Z,142.8640,144.7060,141.7620,143.7190,2220061
2024-05-14T20:00:00Z,143.7180,143.8460,141.8200,141.9630,953851
2024-05-15T00:00:00Z,141.9640,144.1240,141.1000,143.8970,1493428
2024-05-15T04:00:00Z,143.8960,144.5310,143.0710,144.1980,1569837
2024-05-15T08:00:00Z,144.1970,146.0510,143.0210,144.1010,2204012
2024-05-15T12:00:00Z,144.1000,154.0400,143.5510,151.5620,7715828
2024-05-15T16:00:00Z,151.5620,154.9820,150.8490,154.8330,3304974
2024-05-15T20:00:00Z,154.8460,158.7410,154.0960,158.4230,3008956
2024-05-16T00:00:00Z,158.4240,163.8020,157.9990,163.0530,3908533
2024-05-16T04:00:00Z,163.0520,163.5350,161.2640,162.6830,2040216
2024-05-16T08:00:00Z,162.6820,164.7690,161.7030,163.6620,2220891
2024-05-16T12:00:00Z,163.6590,163.6980,157.5010,160.4110,5279819
2024-05-16T16:00:00Z,160.4110,160.5450,156.4000,159.0070,3371308
2024-05-16T20:00:00Z,159.0070,159.5000,157.3370,159.3030,1215673
2024-05-17T00:00:00Z,159.3020,162.8790,159.2510,162.1230,2616216
2024-05-17T04:00:00Z,162.1200,169.8260,160.8920,169.0790,4031682
2024-05-17T08:00:00Z,169.0930,170.0000,167.0730,167.4100,2413292
2024-05-17T12:00:00Z,167.4080,170.9290,165.6030,169.5850,3725683
2024-05-17T16:00:00Z,169.5850,172.0000,166.1110,168.8280,2776538
2024-05-17T20:00:00Z,168.8270,169.7850,167.2750,169.3510,1057473
2024-05-18T00:00:00Z,169.3520,174.4500,168.5340,173.1440,2740348
2024-05-18T04:00:00Z,173.1450,173.8580,172.0030,172.2160,1322109
2024-05-18T08:00:00Z,172.2160,175.9000,172.0580,174.2980,2268980
2024-05-18T12:00:00Z,174.2990,174.6920,171.6280,172.3340,2599980
2024-05-18T16:00:00Z,172.3350,172.6210,170.3020,172.1510,1652096
2024-05-18T20:00:00Z,172.1500,173.5790,171.5110,172.2990,1155502
2024-05-19T00:00:00Z,172.2980,175.1440,171.8790,174.2180,1295839
2024-05-19T04:00:00Z,174.2190,175.4950,172.2420,174.0910,1568090
2024-05-19T08:00:00Z,174.0910,174.4670,170.7270,171.6710,2350138
2024-05-19T12:00:00Z,171.6710,171.7570,165.9680,168.1950,3819525
2024-05-19T16:00:00Z,168.1950,171.7700,167.2030,169.2870,2738852
2024-05-19T20:00:00Z,169.2860,171.6630,168.2510,169.8530,1488204
2024-05-20T00:00:00Z,169.8520,173.4520,167.5550,172.0690,2455622
2024-05-20T04:00:00Z,172.0700,178.5950,171.6920,177.9300,5030502
2024-05-20T08:00:00Z,177.9300,179.5000,176.2190,177.6600,2656684
2024-05-20T12:00:00Z,177.6600,179.5000,175.2000,178.9110,3159225
2024-05-20T16:00:00Z,178.9120,188.5870,178.0300,187.2420,5953528
2024-05-20T20:00:00Z,187.2440,187.6510,182.2290,186.7010,4997517
2024-05-21T00:00:00Z,186.7010,188.9550,182.7210,184.2660,3390313
2024-05-21T04:00:00Z,184.2660,185.0750,180.2410,181.2930,2881019
2024-05-21T08:00:00Z,181.2920,183.8940,180.3190,180.4070,2382829
2024-05-21T12:00:00Z,180.4080,181.4000,176.0710,176.8620,4176188
2024-05-21T16:00:00Z,176.8630,178.9640,174.3380,175.3440,2417863
2024-05-21T20:00:00Z,175.3460,178.6120,175.1410,178.1500,1548981
2024-05-22T00:00:00Z,178.1500,179.2850,176.4990,178.0110,1402640
2024-05-22T04:00:00Z,178.0120,182.9550,175.0500,179.8830,3390477
2024-05-22T08:00:00Z,179.8840,181.3920,178.0530,178.0650,2085319
2024-05-22T12:00:00Z,178.0650,182.7800,176.1720,181.4090,4094817
2024-05-22T16:00:00Z,181.4100,183.6490,177.2070,178.3480,3225265
2024-05-22T20:00:00Z,178.3430,180.8460,176.2920,177.0300,2651680
2024-05-23T00:00:00Z,177.0200,179.4310,175.5890,178.8650,1439348
2024-05-23T04:00:00Z,178.8650,178.9390,176.3240,177.4900,1711867
2024-05-23T08:00:00Z,177.4900,177.9650,173.0670,175.6680,2729960
2024-05-23T12:00:00Z,175.6670,176.9860,168.2940,172.7000,4880437
2024-05-23T16:00:00Z,172.7000,175.2990,170.6000,170.9870,2538390
2024-05-23T20:00:00Z,170.9970,181.3650,164.6000,176.1820,6834856
2024-05-24T00:00:00Z,176.1810,176.1810,171.5640,172.0960,2102191
2024-05-24T04:00:00Z,172.0960,172.1020,165.1510,166.2400,4021168
2024-05-24T08:00:00Z,166.2400,166.6500,162.4320,166.3560,3106033
2024-05-24T12:00:00Z,166.3550,169.0910,165.0830,167.2790,3431765
2024-05-24T16:00:00Z,167.2790,170.3520,164.5690,168.3490,2433723
2024-05-24T20:00:00Z,168.3490,168.7570,166.6380,167.6570,992516
2024-05-25T00:00:00Z,167.6570,169.7660,165.8450,169.6660,1463866
2024-05-25T04:00:00Z,169.6660,170.2190,168.1130,168.9590,1121387
2024-05-25T08:00:00Z,168.9530,170.5610,168.3300,168.5630,1526743
2024-05-25T12:00:00Z,168.5640,168.9000,166.5860,167.7740,1647936
2024-05-25T16:00:00Z,167.7740,168.0800,166.4110,167.2260,964127
2024-05-25T20:00:00Z,167.2260,168.6360,166.5090,168.3560,640745
2024-05-26T00:00:00Z,168.3560,168.4080,164.7400,166.3080,1397372
2024-05-26T04:00:00Z,166.3090,167.0780,164.6280,165.3830,1256075
2024-05-26T08:00:00Z,165.3830,165.6820,162.1760,164.0940,2280119
2024-05-26T12:00:00Z,164.0940,165.9370,162.4600,162.9600,2303226
2024-05-26T16:00:00Z,162.9610,163.5520,161.2100,162.7790,1911813
2024-05-26T20:00:00Z,162.7790,164.2660,161.0020,163.5050,1296433
2024-05-27T00:00:00Z,163.5060,166.7230,163.4070,165.4220,2021542
2024-05-27T04:00:00Z,165.4230,166.4890,163.8350,165.6130,1312620
2024-05-27T08:00:00Z,165.6130,168.1530,165.0710,167.7800,1792508
2024-05-27T12:00:00Z,167.7790,171.5640,166.7110,171.1130,2775682
2024-05-27T16:00:00Z,171.1110,172.4120,167.0550,168.7650,2737415
2024-05-27T20:00:00Z,168.7650,171.7680,168.4540,170.2490,1481412
2024-05-28T00:00:00Z,170.2480,172.2750,166.1000,167.4890,2769769
2024-05-28T04:00:00Z,167.4900,167.6890,165.0090,166.2040,1960968
2024-05-28T08:00:00Z,166.2030,170.5700,165.9310,169.9440,2177087
2024-05-28T12:00:00Z,169.9430,173.3640,166.7570,168.3840,4807847
2024-05-28T16:00:00Z,168.3840,170.9340,166.1120,170.5150,2426320
2024-05-28T20:00:00Z,170.5200,170.8630,168.4340,168.8070,1013086
2024-05-29T00:00:00Z,168.8070,172.6890,167.5070,172.4580,1596441
2024-05-29T04:00:00Z,172.4510,174.0600,170.8020,170.9160,2022531
2024-05-29T08:00:00Z,170.9170,171.2310,167.7000,168.3860,2553055
2024-05-29T12:00:00Z,168.3940,170.0640,167.2590,168.6610,2613257
2024-05-29T16:00:00Z,168.6780,171.9870,167.7090,169.5200,2935841
2024-05-29T20:00:00Z,169.5110,170.0770,167.9200,168.4180,1153109
2024-05-30T00:00:00Z,168.4190,171.1070,168.0000,170.1080,1401663
2024-05-30T04:00:00Z,170.1090,171.0060,164.3180,165.0940,2583694
2024-05-30T08:00:00Z,165.0930,167.4390,163.6400,166.3180,1831919
2024-05-30T12:00:00Z,166.3190,169.7910,166.0790,168.5530,2437490
2024-05-30T16:00:00Z,168.5540,172.7350,168.0000,168.4880,2672625
2024-05-30T20:00:00Z,168.4880,168.4880,166.2500,166.9860,1416854
2024-05-31T00:00:00Z,166.9850,167.6880,165.6890,167.3610,1059015
2024-05-31T04:00:00Z,167.3610,167.7970,165.0860,166.7500,1178460
2024-05-31T08:00:00Z,166.7520,169.1300,166.1390,168.8440,1468882
2024-05-31T12:00:00Z,168.8440,171.0740,164.8360,164.9190,3604814
2024-05-31T16:00:00Z,164.9190,167.1000,164.0000,166.4380,1818422
2024-05-31T20:00:00Z,166.4450,167.1770,165.2290,165.7620,954980
2024-06-01T00:00:00Z,165.7610,167.9240,165.7610,167.1330,910120
2024-06-01T04:00:00Z,167.1320,167.5730,166.5320,166.9590,638334
2024-06-01T08:00:00Z,166.9620,167.5000,166.6720,167.0330,714418
2024-06-01T12:00:00Z,167.0330,168.0000,166.8570,167.3750,874625
2024-06-01T16:00:00Z,167.3750,167.9120,166.9170,167.5530,589895
2024-06-01T20:00:00Z,167.5490,167.8950,165.7720,166.2810,817611
2024-06-02T00:00:00Z,166.2800,167.2450,165.5730,166.2860,859789
2024-06-02T04:00:00Z,166.2790,166.6560,165.0260,165.1010,805096
2024-06-02T08:00:00Z,165.1010,166.2670,164.0790,166.1420,1238246
2024-06-02T12:00:00Z,166.1430,166.3810,164.6830,165.2680,1175432
2024-06-02T16:00:00Z,165.2680,165.4810,161.3570,163.2000,2220498
2024-06-02T20:00:00Z,163.2000,163.8550,161.8110,163.2510,937427
2024-06-03T00:00:00Z,163.2520,165.3380,161.9040,163.6780,1937679
2024-06-03T04:00:00Z,163.6770,165.9390,162.8130,165.4330,1440291
2024-06-03T08:00:00Z,165.4340,167.0000,164.5890,164.9130,1467581
2024-06-03T12:00:00Z,164.9130,167.4050,163.0310,164.9450,3126902
2024-06-03T16:00:00Z,164.9450,167.1490,163.6760,167.0880,1507084
2024-06-03T20:00:00Z,167.0870,167.3390,164.5000,164.9950,1071877
2024-06-04T00:00:00Z,164.9950,166.8730,164.3480,166.6040,938514
2024-06-04T04:00:00Z,166.6040,167.1170,165.0000,165.3760,994817
2024-06-04T08:00:00Z,165.3760,165.9540,164.5650,165.6190,932644
2024-06-04T12:00:00Z,165.6190,168.1010,165.3930,168.0650,2225170
2024-06-04T16:00:00Z,168.0650,170.5000,167.8540,169.5660,2343147
2024-06-04T20:00:00Z,169.5620,172.0380,168.3790,171.8880,1298721
2024-06-05T00:00:00Z,171.8890,175.0210,171.2000,173.1160,2445883
2024-06-05T04:00:00Z,173.1160,174.4670,172.4710,173.5340,1304863
2024-06-05T08:00:00Z,173.5340,174.2790,172.1500,172.9590,1306359
2024-06-05T12:00:00Z,172.9590,175.2920,171.3320,174.9180,2503195
2024-06-05T16:00:00Z,174.9180,175.7840,172.6000,173.0780,1804614
2024-06-05T20:00:00Z,173.0870,173.9420,172.8510,173.6680,706776
2024-06-06T00:00:00Z,173.6670,174.4900,173.3000,173.9470,661475
2024-06-06T04:00:00Z,173.9470,174.1330,171.6440,172.7290,1145151
2024-06-06T08:00:00Z,172.7290,173.5450,172.2500,173.2390,791536
2024-06-06T12:00:00Z,173.2390,173.8400,172.5000,173.0920,1160295
2024-06-06T16:00:00Z,173.0930,173.1930,168.8480,169.2410,2028974
2024-06-06T20:00:00Z,169.2410,170.9490,167.4950,170.2710,1564031
2024-06-07T00:00:00Z,170.2720,170.7450,169.0700,170.6760,854770
2024-06-07T04:00:00Z,170.6770,172.6630,170.5660,172.1210,1226154
2024-06-07T08:00:00Z,172.1210,172.5410,171.0600,172.2800,884408
2024-06-07T12:00:00Z,172.2890,173.0000,169.2460,170.2190,2634334
2024-06-07T16:00:00Z,170.2190,170.4660,152.2200,162.0150,8368633
2024-06-07T20:00:00Z,162.0150,163.2410,161.0650,162.5240,1344450
2024-06-08T00:00:00Z,162.5250,163.1540,161.8810,162.7080,932462
2024-06-08T04:00:00Z,162.7080,163.8190,161.4150,163.5960,1149300
2024-06-08T08:00:00Z,163.5970,163.6590,160.1000,160.5200,1253218
2024-06-08T12:00:00Z,160.5170,161.3870,158.3290,160.1450,2013044
2024-06-08T16:00:00Z,160.1460,161.0790,158.8000,159.8410,1045243
2024-06-08T20:00:00Z,159.8410,160.0000,157.4000,157.8380,951190
2024-06-09T00:00:00Z,157.8410,158.8230,156.5040,157.8210,1039305
2024-06-09T04:00:00Z,157.8220,159.7820,157.2700,159.0250,847839
2024-06-09T08:00:00Z,159.0250,159.8370,158.7090,159.4220,707987
2024-06-09T12:00:00Z,159.4230,161.8720,159.2000,161.5910,2004010
2024-06-09T16:00:00Z,161.5920,163.0780,160.5450,162.1210,1030461
2024-06-09T20:00:00Z,162.1210,162.4110,161.2190,162.1160,621250
2024-06-10T00:00:00Z,162.1170,162.2160,159.6260,159.8530,841542
2024-06-10T04:00:00Z,159.8540,160.5490,157.4660,157.6420,1301699
2024-06-10T08:00:00Z,157.6420,160.2290,157.5840,159.4380,1395028
2024-06-10T12:00:00Z,159.4380,163.2000,157.6920,162.3600,2252401
2024-06-10T16:00:00Z,162.3600,162.9410,160.0000,160.4540,1636792
2024-06-10T20:00:00Z,160.4540,160.7160,158.3000,159.0960,1355471
2024-06-11T00:00:00Z,159.0960,159.7720,154.6000,156.0800,2871889
2024-06-11T04:00:00Z,156.0700,156.2400,152.4000,153.3610,2561701
2024-06-11T08:00:00Z,153.3620,155.2800,152.7740,153.9080,1839721
2024-06-11T12:00:00Z,153.9070,154.5000,146.0000,147.5930,4798172
2024-06-11T16:00:00Z,147.5920,149.7290,145.1210,149.1620,3222277
2024-06-11T20:00:00Z,149.1560,150.2370,148.0000,149.2450,1143480
2024-06-12T00:00:00Z,149.2450,149.8430,145.4000,149.6020,2165059
2024-06-12T04:00:00Z,149.6020,151.9800,149.4990,151.7650,1675360
2024-06-12T08:00:00Z,151.7640,153.4770,150.9160,151.6980,1668814
2024-06-12T12:00:00Z,151.6990,161.7490,151.5000,158.8000,5461622
2024-06-12T16:00:00Z,158.8090,159.7890,151.1100,153.3370,5075854
2024-06-12T20:00:00Z,153.3370,155.6100,152.7840,155.1730,1403546
2024-06-13T00:00:00Z,155.1730,155.1860,149.6070,151.5370,2005472
2024-06-13T04:00:00Z,151.5360,152.8440,150.7850,152.0710,1199270
2024-06-13T08:00:00Z,152.0710,152.3850,149.0000,149.5770,1708725
2024-06-13T12:00:00Z,149.5770,152.3610,146.0660,146.8040,4047573
2024-06-13T16:00:00Z,146.8040,148.8720,146.2140,147.6840,1711442
2024-06-13T20:00:00Z,147.6800,148.3500,146.0000,147.2090,1179314
2024-06-14T00:00:00Z,147.2160,148.4930,145.7430,147.4540,1487264
2024-06-14T04:00:00Z,147.4540,149.7110,146.7170,147.5110,1544028
2024-06-14T08:00:00Z,147.5110,148.6790,147.1210,148.0360,1018935
2024-06-14T12:00:00Z,148.0410,148.9570,142.8350,143.7330,3486746
2024-06-14T16:00:00Z,143.7340,144.0730,139.5000,141.7560,4624612
2024-06-14T20:00:00Z,141.7560,145.1140,141.3580,142.9740,1957395
2024-06-15T00:00:00Z,142.9730,144.9210,142.8540,144.9030,806032
2024-06-15T04:00:00Z,144.9030,145.4880,143.5860,143.7410,1346811
2024-06-15T08:00:00Z,143.7400,144.6020,142.8790,144.4480,862365
2024-06-15T12:00:00Z,144.4480,145.3800,143.9550,145.0980,916506
2024-06-15T16:00:00Z,145.0980,145.7400,144.0350,144.5980,919205
2024-06-15T20:00:00Z,144.6100,145.6330,143.7780,145.4500,659247
2024-06-16T00:00:00Z,145.4500,145.5130,143.8280,143.9570,781145
2024-06-16T04:00:00Z,143.9570,145.2200,143.0200,144.4290,1018854
2024-06-16T08:00:00Z,144.4290,145.6910,143.7430,144.9470,857540
2024-06-16T12:00:00Z,144.9480,148.7750,144.7090,148.4140,1701592
2024-06-16T16:00:00Z,148.4270,149.3000,147.5220,148.7160,1368643
2024-06-16T20:00:00Z,148.7160,151.3470,148.2930,151.2450,1637819
2024-06-17T00:00:00Z,151.2440,151.7470,147.0500,147.3010,2176245
2024-06-17T04:00:00Z,147.3010,149.1460,145.7500,146.5590,1964178
2024-06-17T08:00:00Z,146.5600,147.2520,141.4990,143.8610,2905912
2024-06-17T12:00:00Z,143.8600,144.5920,140.6980,141.1780,2270274
2024-06-17T16:00:00Z,141.1770,146.7690,139.7650,144.5320,3432090
2024-06-17T20:00:00Z,144.5320,144.6430,141.3810,143.1970,1644017
2024-06-18T00:00:00Z,143.1970,143.7490,127.0000,135.5260,8725802
2024-06-18T04:00:00Z,135.5270,137.8000,134.6400,136.6170,2248560
2024-06-18T08:00:00Z,136.6170,138.7620,135.5670,137.1040,2665292
2024-06-18T12:00:00Z,137.1040,137.7710,132.8000,135.9690,5184379
2024-06-18T16:00:00Z,135.9690,136.1190,130.3500,133.0480,3305974
2024-06-18T20:00:00Z,133.0430,138.4330,131.9930,137.3590,3118928
2024-06-19T00:00:00Z,137.3590,141.4620,136.0600,140.0830,3395193
2024-06-19T04:00:00Z,140.0830,141.8760,139.3600,139.9160,2025084
2024-06-19T08:00:00Z,139.9170,140.2370,136.8500,137.8910,2517426
2024-06-19T12:00:00Z,137.8920,138.8210,135.4360,136.8740,2060602
2024-06-19T16:00:00Z,136.8740,138.9970,135.5610,136.6130,2111081
2024-06-19T20:00:00Z,136.6120,136.7520,134.4020,135.5570,1606546
2024-06-20T00:00:00Z,135.5570,137.2000,132.5110,132.9740,2420658
2024-06-20T04:00:00Z,132.9740,138.3010,132.4820,137.1410,3001477
2024-06-20T08:00:00Z,137.1410,141.2550,136.3340,139.2710,2954548
2024-06-20T12:00:00Z,139.2720,139.6790,132.4270,133.1960,4504891
2024-06-20T16:00:00Z,133.1850,135.7800,131.8000,134.1810,2766148
2024-06-20T20:00:00Z,134.1760,134.8230,133.3390,133.5000,946689
2024-06-21T00:00:00Z,133.5000,134.7680,131.5900,132.6350,1897581
2024-06-21T04:00:00Z,132.6340,133.2770,130.5580,131.3790,1754834
2024-06-21T08:00:00Z,131.3790,132.7720,129.5220,132.0310,2841128
2024-06-21T12:00:00Z,132.0300,133.6900,129.3100,131.3520,4272622
2024-06-21T16:00:00Z,131.3570,133.9130,128.6390,132.5900,3133263
2024-06-21T20:00:00Z,132.5860,135.3500,131.8830,134.5340,2277310
2024-06-22T00:00:00Z,134.5340,135.2370,132.9370,134.9980,1341127
2024-06-22T04:00:00Z,134.9980,136.6790,134.4660,134.8060,1684163
2024-06-22T08:00:00Z,134.8060,134.8840,133.6500,134.4580,1050777
2024-06-22T12:00:00Z,134.4580,134.7300,133.8200,134.1950,860230
2024-06-22T16:00:00Z,134.2090,134.9850,133.8530,134.4420,734265
2024-06-22T20:00:00Z,134.4420,134.5560,133.0650,133.6270,554359
2024-06-23T00:00:00Z,133.6280,135.0640,133.5130,134.7130,894419
2024-06-23T04:00:00Z,134.7090,134.9500,134.1340,134.6780,549608
2024-06-23T08:00:00Z,134.6770,134.8000,133.4090,133.9710,926345
2024-06-23T12:00:00Z,133.9670,134.3180,131.3490,131.5350,1587165
2024-06-23T16:00:00Z,131.5350,132.4850,130.3290,131.4160,1677874
2024-06-23T20:00:00Z,131.4170,131.5060,128.1640,128.6610,2419716
2024-06-24T00:00:00Z,128.6600,129.7430,125.8800,126.1800,3102782
2024-06-24T04:00:00Z,126.1700,126.6490,123.1120,125.1240,4015701
2024-06-24T08:00:00Z,125.1130,127.4570,121.4000,127.0450,5227687
2024-06-24T12:00:00Z,127.0440,129.7720,125.6100,126.2750,4139174
2024-06-24T16:00:00Z,126.2700,130.3300,125.7690,127.4010,5013048
2024-06-24T20:00:00Z,127.3950,132.5790,125.0000,132.2370,3555890
2024-06-25T00:00:00Z,132.2370,136.4750,131.1430,135.7050,2668533
2024-06-25T04:00:00Z,135.7090,136.7640,134.6240,134.7730,2249336
2024-06-25T08:00:00Z,134.7780,139.1680,133.4610,137.7530,3344940
2024-06-25T12:00:00Z,137.7410,139.8570,136.4330,139.3720,2945441
2024-06-25T16:00:00Z,139.3730,139.5410,137.0060,138.7200,2098838
2024-06-25T20:00:00Z,138.6980,138.9570,135.8830,136.5440,1479306
2024-06-26T00:00:00Z,136.5430,140.3800,136.0730,138.3900,2096666
2024-06-26T04:00:00Z,138.3900,138.7560,136.2520,137.9090,1344254
2024-06-26T08:00:00Z,137.9080,138.1800,136.0020,137.2860,1487946
2024-06-26T12:00:00Z,137.2850,139.4270,136.0000,136.8360,2401146
2024-06-26T16:00:00Z,136.8360,137.8320,134.8000,137.7300,2246258
2024-06-26T20:00:00Z,137.7250,138.4600,136.2410,136.8080,1319884
2024-06-27T00:00:00Z,136.8150,137.9160,135.5820,137.4880,1232214
2024-06-27T04:00:00Z,137.4880,137.7250,135.1790,135.8990,1134310
2024-06-27T08:00:00Z,135.9000,139.4560,135.5210,139.0150,1902651
2024-06-27T12:00:00Z,139.0110,151.2500,138.4660,147.6970,12588180
2024-06-27T16:00:00Z,147.6990,149.3760,146.5000,148.4180,2285938
2024-06-27T20:00:00Z,148.4200,150.4290,148.0240,149.6510,1580322
2024-06-28T00:00:00Z,149.6500,150.8990,146.5000,147.5090,2971048
2024-06-28T04:00:00Z,147.5090,147.5460,143.7290,145.3110,2755352
2024-06-28T08:00:00Z,145.3100,146.1290,144.6850,145.4130,1571903
2024-06-28T12:00:00Z,145.4160,146.8750,140.7680,143.1510,6085964
2024-06-28T16:00:00Z,143.1510,143.9320,140.0520,140.9500,3688091
2024-06-28T20:00:00Z,140.9510,141.6590,138.9370,139.9800,1536704
2024-06-29T00:00:00Z,139.9790,142.4930,139.9230,141.7170,1485689
2024-06-29T04:00:00Z,141.7170,142.4800,140.0250,141.9320,1110080
2024-06-29T08:00:00Z,141.9320,143.1700,141.4400,142.5750,1257321
2024-06-29T12:00:00Z,142.5740,142.9350,141.2600,142.6220,1084896
2024-06-29T16:00:00Z,142.6220,142.7800,140.7640,141.6910,737354
2024-06-29T20:00:00Z,141.6900,141.7960,139.6260,140.2340,955758
2024-06-30T00:00:00Z,140.2360,141.0820,138.1010,138.2760,1507066
2024-06-30T04:00:00Z,138.2750,141.0720,137.1000,140.5800,2178122
2024-06-30T08:00:00Z,140.5810,141.7400,140.2960,141.1570,1393135
2024-06-30T12:00:00Z,141.1580,144.0000,140.5560,143.7350,1852266
2024-06-30T16:00:00Z,143.7360,145.8500,142.7150,144.7410,1684204
2024-06-30T20:00:00Z,144.7410,147.5740,143.8120,146.5820,2214733
2024-07-01T00:00:00Z,146.5820,149.1150,145.9170,147.5280,2181627
2024-07-01T04:00:00Z,147.5280,148.6960,147.0920,148.2490,1208016
2024-07-01T08:00:00Z,148.2500,149.0680,145.8020,146.1250,1960189
2024-07-01T12:00:00Z,146.1280,148.7470,146.0100,148.4810,2532586
2024-07-01T16:00:00Z,148.4760,149.3960,146.5500,147.2730,1936861
2024-07-01T20:00:00Z,147.2810,148.2300,145.9310,146.6250,986710
2024-07-02T00:00:00Z,146.6270,149.8790,146.0960,149.0850,1421186
2024-07-02T04:00:00Z,149.0850,149.8740,146.9030,147.3840,1589746
2024-07-02T08:00:00Z,147.3840,150.0000,146.8140,149.6090,1536120
2024-07-02T12:00:00Z,149.6090,151.8430,147.0500,148.3420,4406691
2024-07-02T16:00:00Z,148.3340,153.7820,147.5810,152.7580,2978391
2024-07-02T20:00:00Z,152.7680,154.9150,152.2740,153.9700,1816674
2024-07-03T00:00:00Z,153.9700,154.4170,149.1510,150.5600,3076055
2024-07-03T04:00:00Z,150.5600,150.5600,146.2740,146.3730,3030338
2024-07-03T08:00:00Z,146.3730,147.2540,142.6790,143.9990,4635905
2024-07-03T12:00:00Z,144.0000,144.2750,140.8510,141.6250,4338960
2024-07-03T16:00:00Z,141.6260,143.1670,139.1070,140.4150,2976873
2024-07-03T20:00:00Z,140.4090,142.0000,139.1070,140.7370,2068105
2024-07-04T00:00:00Z,140.7370,142.6850,132.1000,136.9990,6258833
2024-07-04T04:00:00Z,137.0000,137.2910,133.7560,134.3640,2430934
2024-07-04T08:00:00Z,134.3600,135.9740,132.0630,132.6980,4345108
2024-07-04T12:00:00Z,132.6980,135.8640,129.5000,135.2960,6262517
2024-07-04T16:00:00Z,135.2960,135.9000,133.5560,133.9280,2086304
2024-07-04T20:00:00Z,133.9290,135.6000,127.0000,127.7600,3708458
2024-07-05T00:00:00Z,127.7510,129.1250,120.0690,123.6210,10523906
2024-07-05T04:00:00Z,123.6160,127.6880,120.9010,126.6540,6370941
2024-07-05T08:00:00Z,126.6580,130.7440,122.0320,130.0090,6379197
2024-07-05T12:00:00Z,130.0100,134.8750,128.2770,134.7990,6929983
2024-07-05T16:00:00Z,134.7990,136.3880,133.5910,134.9150,4138544
2024-07-05T20:00:00Z,134.9160,135.7400,133.8100,134.2300,1613641
2024-07-06T00:00:00Z,134.2150,137.7850,132.2610,134.3870,2834455
2024-07-06T04:00:00Z,134.3870,137.2920,133.5180,136.8360,2035624
2024-07-06T08:00:00Z,136.8370,140.5640,136.3410,138.6540,2707780
2024-07-06T12:00:00Z,138.6540,142.1090,137.6790,141.7950,2767203
2024-07-06T16:00:00Z,141.7950,143.4490,140.6310,142.7400,2456989
2024-07-06T20:00:00Z,142.7400,144.5000,142.0900,142.9960,1817512
2024-07-07T00:00:00Z,142.9950,143.2900,140.2800,142.0580,2399422
2024-07-07T04:00:00Z,142.0580,142.0580,138.0030,139.0740,2547965
2024-07-07T08:00:00Z,139.0740,140.6500,138.6970,139.8480,1394600
2024-07-07T12:00:00Z,139.8480,140.7470,135.5030,137.0310,3107336
2024-07-07T16:00:00Z,137.0310,139.5640,136.7000,137.2770,1667510
2024-07-07T20:00:00Z,137.2780,137.8200,131.1780,131.5990,3006467
2024-07-08T00:00:00Z,131.6000,132.9050,127.6690,130.6350,5724328
2024-07-08T04:00:00Z,130.6340,133.9390,129.7690,132.5360,2799318
2024-07-08T08:00:00Z,132.5450,141.9350,132.2560,140.5560,6726502
2024-07-08T12:00:00Z,140.5560,141.9550,133.5000,137.3850,6915401
2024-07-08T16:00:00Z,137.3980,138.5700,134.8360,138.2560,2457720
2024-07-08T20:00:00Z,138.2490,141.0270,137.2430,139.7400,2606094
2024-07-09T00:00:00Z,139.7410,141.1770,136.3870,140.3850,3162522
2024-07-09T04:00:00Z,140.3870,143.5000,140.0050,142.0620,2856606
2024-07-09T08:00:00Z,142.0620,144.2910,140.2200,141.8330,2990909
2024-07-09T12:00:00Z,141.8330,143.1300,138.5500,140.4680,3446400
2024-07-09T16:00:00Z,140.4690,143.0250,140.0020,142.0710,2289485
2024-07-09T20:00:00Z,142.0740,143.4950,140.7720,141.3910,1359238
2024-07-10T00:00:00Z,141.3910,141.7640,138.5100,141.6400,1692780
2024-07-10T04:00:00Z,141.6390,146.1480,141.6060,144.1190,3086125
2024-07-10T08:00:00Z,144.1190,144.5000,142.1620,142.7200,1868460
2024-07-10T12:00:00Z,142.7210,143.1240,139.8880,141.0810,3265940
2024-07-10T16:00:00Z,141.0810,142.6510,140.2190,141.0280,1476797
2024-07-10T20:00:00Z,141.0320,142.4140,140.1180,141.9270,890552
2024-07-11T00:00:00Z,141.9270,143.1840,139.0120,140.2370,1989819
2024-07-11T04:00:00Z,140.2360,142.4950,140.0090,142.0150,1455359
2024-07-11T08:00:00Z,142.0150,143.8880,141.9980,143.4240,1820120
2024-07-11T12:00:00Z,143.4240,146.0710,137.6000,138.4130,5804092
2024-07-11T16:00:00Z,138.4240,138.9430,136.3190,136.5200,2280520
2024-07-11T20:00:00Z,136.5170,137.5230,135.6020,135.7020,2372370
2024-07-12T00:00:00Z,135.7020,138.1270,134.0000,136.4390,3448133
2024-07-12T04:00:00Z,136.4450,136.9810,134.4330,135.3490,1981866
2024-07-12T08:00:00Z,135.3490,135.8680,133.7800,135.5850,1702204
2024-07-12T12:00:00Z,135.5820,139.2980,135.3280,138.7510,3308805
2024-07-12T16:00:00Z,138.7500,140.5000,137.6220,138.4490,2124967
2024-07-12T20:00:00Z,138.4270,139.4500,136.5770,139.3790,1455403
2024-07-13T00:00:00Z,139.3780,139.8700,138.1890,138.6840,825597
2024-07-13T04:00:00Z,138.6700,139.4260,137.8700,139.3100,944629
2024-07-13T08:00:00Z,139.3100,140.9000,138.3450,140.0530,1675411
2024-07-13T12:00:00Z,140.0540,140.5300,139.1640,140.3110,1114621
2024-07-13T16:00:00Z,140.3110,140.7500,139.1340,139.7700,929385
2024-07-13T20:00:00Z,139.7700,143.5710,139.0250,141.8110,2224932
2024-07-14T00:00:00Z,141.8030,145.1360,141.7880,143.8820,2920918
2024-07-14T04:00:00Z,143.8820,146.0000,143.8030,144.6850,2041300
2024-07-14T08:00:00Z,144.6840,146.8810,144.5020,144.8400,2242151
2024-07-14T12:00:00Z,144.8420,145.9980,143.3050,145.8310,2140982
2024-07-14T16:00:00Z,145.8310,145.9130,144.5250,145.1170,792031
2024-07-14T20:00:00Z,145.1350,148.5000,145.0080,147.5750,2178411
2024-07-15T00:00:00Z,147.5720,152.0000,146.9140,151.3230,3084612
2024-07-15T04:00:00Z,151.3240,154.0000,150.6840,153.1680,1852066
2024-07-15T08:00:00Z,153.1690,153.9630,150.8630,151.6040,2110909
2024-07-15T12:00:00Z,151.6030,154.5000,151.5810,152.8380,2317445
2024-07-15T16:00:00Z,152.8370,156.9640,152.4330,155.2540,2872306
2024-07-15T20:00:00Z,155.2590,159.8500,155.1460,159.2940,2309034
2024-07-16T00:00:00Z,159.2940,160.1610,156.1000,157.7880,2349628
2024-07-16T04:00:00Z,157.7880,158.7110,153.6090,154.4410,3688107
2024-07-16T08:00:00Z,154.4450,157.5870,152.5020,157.2530,2903154
2024-07-16T12:00:00Z,157.2520,161.5160,154.3330,160.9230,3566209
2024-07-16T16:00:00Z,160.9170,162.4470,158.7200,161.8480,3392053
2024-07-16T20:00:00Z,161.8400,161.9470,159.0070,160.5920,1554900
2024-07-17T00:00:00Z,160.5920,163.7220,160.0010,160.8380,1946784
2024-07-17T04:00:00Z,160.8390,162.4880,160.0000,160.5080,1428397
2024-07-17T08:00:00Z,160.5090,163.6000,159.4710,160.7730,2639028
2024-07-17T12:00:00Z,160.7730,161.9860,157.7650,158.0380,2558455
2024-07-17T16:00:00Z,158.0470,158.2560,154.5760,156.7160,3163180
2024-07-17T20:00:00Z,156.7240,157.2210,154.7210,155.4670,1305875
2024-07-18T00:00:00Z,155.4660,159.9120,155.4660,158.8850,1910102
2024-07-18T04:00:00Z,158.8860,159.9450,157.0130,158.6070,1468064
2024-07-18T08:00:00Z,158.6080,159.8280,158.0310,159.3920,1279942
2024-07-18T12:00:00Z,159.3780,161.5760,155.8620,156.2910,3604621
2024-07-18T16:00:00Z,156.2910,157.6020,155.0700,156.9120,1954066
2024-07-18T20:00:00Z,156.9130,160.2970,156.3000,159.1460,1145771
2024-07-19T00:00:00Z,159.1470,161.9760,156.0680,161.7880,2201595
2024-07-19T04:00:00Z,161.7880,165.6660,160.5860,161.3560,3636383
2024-07-19T08:00:00Z,161.3600,163.5550,159.1640,162.6020,3323042
2024-07-19T12:00:00Z,162.6020,169.0000,162.1710,168.7440,5574046
2024-07-19T16:00:00Z,168.7430,172.5850,168.1750,170.3220,4138928
2024-07-19T20:00:00Z,170.3230,170.4510,167.8560,169.0640,1150672
2024-07-20T00:00:00Z,169.0640,171.8000,168.1920,169.4890,1678270
2024-07-20T04:00:00Z,169.4890,170.3260,168.3830,168.4830,1019481
2024-07-20T08:00:00Z,168.4890,169.7870,167.5410,167.9790,1054848
2024-07-20T12:00:00Z,167.9790,169.6580,167.1870,169.1710,1232676
2024-07-20T16:00:00Z,169.1700,174.6000,168.7700,172.3470,3033968
2024-07-20T20:00:00Z,172.3480,175.4970,172.3480,173.5320,1552278
2024-07-21T00:00:00Z,173.5460,175.5000,172.6890,173.0790,1243981
2024-07-21T04:00:00Z,173.0790,173.7010,170.9060,171.2600,1380240
2024-07-21T08:00:00Z,171.2600,172.9300,171.1830,172.8080,958301
2024-07-21T12:00:00Z,172.8080,176.6470,171.2070,175.3670,2599257
2024-07-21T16:00:00Z,175.3650,178.4270,170.4580,177.9410,6119162
2024-07-21T20:00:00Z,177.9410,185.3200,177.3540,184.4730,4287677
2024-07-22T00:00:00Z,184.4730,185.0150,180.6500,180.9090,1958395
2024-07-22T04:00:00Z,180.9100,181.8180,177.5630,178.2880,2215197
2024-07-22T08:00:00Z,178.2890,180.9990,176.6670,180.4840,2242894
2024-07-22T12:00:00Z,180.4840,181.8370,176.8540,179.7910,3258444
2024-07-22T16:00:00Z,179.7820,182.9770,178.5000,182.7730,1914882
2024-07-22T20:00:00Z,182.7940,183.3870,177.0120,178.8230,2097822
2024-07-23T00:00:00Z,178.8200,180.5000,177.0680,179.0220,1549051
2024-07-23T04:00:00Z,179.0220,179.0480,173.7000,175.9590,2806391
2024-07-23T08:00:00Z,175.9730,178.7090,174.0000,175.5660,2792545
2024-07-23T12:00:00Z,175.5650,178.3280,172.1000,176.3950,4913290
2024-07-23T16:00:00Z,176.3930,176.9000,170.3500,171.9440,3628233
2024-07-23T20:00:00Z,171.9420,174.6560,171.0540,172.9120,1413410
2024-07-24T00:00:00Z,172.9250,174.3990,170.8780,173.5790,1725499
2024-07-24T04:00:00Z,173.5800,174.5710,172.1030,174.1440,1182732
2024-07-24T08:00:00Z,174.1450,178.4980,173.5630,177.6770,2310384
2024-07-24T12:00:00Z,177.6770,181.9880,176.0580,177.7290,4278648
2024-07-24T16:00:00Z,177.7300,182.5000,176.3840,178.1450,4045800
2024-07-24T20:00:00Z,178.1460,180.2560,175.3430,177.9830,2835885
2024-07-25T00:00:00Z,177.9830,179.5000,168.1030,170.4800,5739525
2024-07-25T04:00:00Z,170.4760,172.8800,169.1560,169.3420,2735453
2024-07-25T08:00:00Z,169.3460,171.1980,167.0000,168.7390,2965773
2024-07-25T12:00:00Z,168.7340,171.9710,165.6790,170.3650,5202646
2024-07-25T16:00:00Z,170.3640,172.4490,166.5720,168.1150,3445560
2024-07-25T20:00:00Z,168.0980,172.8420,165.3040,171.7590,2803084
2024-07-26T00:00:00Z,171.7600,176.8860,171.5820,175.6890,2855087
2024-07-26T04:00:00Z,175.6890,177.7350,175.5120,176.6960,1767866
2024-07-26T08:00:00Z,176.6960,179.9980,176.6930,178.7260,2110125
2024-07-26T12:00:00Z,178.7280,184.0000,177.4020,181.4350,4267257
2024-07-26T16:00:00Z,181.4350,182.8880,180.5840,182.1180,1547069
2024-07-26T20:00:00Z,182.1180,183.6820,181.0260,182.9910,1260934
2024-07-27T00:00:00Z,182.9910,184.2510,181.2460,182.5660,1412125
2024-07-27T04:00:00Z,182.5660,186.2830,182.4320,185.7210,1931109
2024-07-27T08:00:00Z,185.7210,187.3470,184.2200,185.3240,2091165
2024-07-27T12:00:00Z,185.3240,188.3400,181.4470,182.4160,4206051
2024-07-27T16:00:00Z,182.4120,183.3130,179.4010,181.4260,3308903
2024-07-27T20:00:00Z,181.4270,186.6930,178.0270,183.9030,5221661
2024-07-28T00:00:00Z,183.9020,186.6470,182.3390,184.2260,1703830
2024-07-28T04:00:00Z,184.2270,184.7930,181.1100,183.7770,1704277
2024-07-28T08:00:00Z,183.7770,185.7780,182.9290,185.1480,1626000
2024-07-28T12:00:00Z,185.1550,186.5750,183.6550,184.0830,2201455
2024-07-28T16:00:00Z,184.0840,185.4880,183.0300,184.6760,1336566
2024-07-28T20:00:00Z,184.6770,185.3250,182.5000,184.8080,1189606
2024-07-29T00:00:00Z,184.8080,193.3240,184.2800,192.1910,4815599
2024-07-29T04:00:00Z,192.1920,193.8930,190.8900,192.3020,2755450
2024-07-29T08:00:00Z,192.3090,192.4110,190.3150,190.7600,1628823
2024-07-29T12:00:00Z,190.7600,193.5000,185.6000,186.8160,4851364
2024-07-29T16:00:00Z,186.8160,187.4000,184.0000,186.7880,3341651
2024-07-29T20:00:00Z,186.7890,186.7900,181.4440,182.5090,2331304
2024-07-30T00:00:00Z,182.5090,183.8370,179.2000,182.4910,3332050
2024-07-30T04:00:00Z,182.4910,184.7730,181.1970,182.2980,2528688
2024-07-30T08:00:00Z,182.2980,182.8420,180.0030,180.9670,1359195
2024-07-30T12:00:00Z,180.9570,182.6400,178.6010,180.9010,3447162
2024-07-30T16:00:00Z,180.9000,181.5160,176.1000,177.8600,2791954
2024-07-30T20:00:00Z,177.8750,179.8250,175.2130,179.0720,1996057
2024-07-31T00:00:00Z,179.0720,181.6780,178.0000,180.8320,1681590
2024-07-31T04:00:00Z,180.8290,183.7720,177.8070,183.0460,2551624
2024-07-31T08:00:00Z,183.0360,184.5720,181.2270,181.6280,1653382
2024-07-31T12:00:00Z,181.6270,184.2140,179.6360,180.0180,2857002
2024-07-31T16:00:00Z,180.0180,182.6240,175.0210,176.5440,3980012
2024-07-31T20:00:00Z,176.5410,176.9780,171.5300,171.6320,3339431
2024-08-01T00:00:00Z,171.6320,172.8590,168.4570,168.5950,3265244
2024-08-01T04:00:00Z,168.5950,169.6790,165.9730,168.1610,3673469
2024-08-01T08:00:00Z,168.1610,169.8700,167.9910,169.6090,1597991
2024-08-01T12:00:00Z,169.6080,171.3830,161.1000,162.5660,6610256
2024-08-01T16:00:00Z,162.5670,162.7810,157.8280,162.3000,5424769
2024-08-01T20:00:00Z,162.3000,168.4080,161.1110,167.2940,3199655
2024-08-02T00:00:00Z,167.3000,169.3570,161.4400,164.2810,3043454
2024-08-02T04:00:00Z,164.2800,165.3120,158.9770,161.3230,2958231
2024-08-02T08:00:00Z,161.3230,165.3960,160.3200,164.3070,2713528
2024-08-02T12:00:00Z,164.3070,167.5880,152.6190,156.6390,10047680
2024-08-02T16:00:00Z,156.6390,157.4030,149.7350,151.2070,5060470
2024-08-02T20:00:00Z,151.2290,154.9520,149.8510,152.7110,4282683
2024-08-03T00:00:00Z,152.7110,153.9960,148.5500,153.4670,3783178
2024-08-03T04:00:00Z,153.4650,153.4650,151.1030,151.5830,1662942
2024-08-03T08:00:00Z,151.5740,152.5410,148.2000,152.3110,3282152
2024-08-03T12:00:00Z,152.3100,153.5400,145.9880,146.1110,3805011
2024-08-03T16:00:00Z,146.1090,147.5490,139.4120,140.3870,9106212
2024-08-03T20:00:00Z,140.3860,143.8820,140.0000,142.4560,3314990
2024-08-04T00:00:00Z,142.4550,145.9840,141.8210,144.2500,2572792
2024-08-04T04:00:00Z,144.2500,144.4330,140.5090,140.7990,2070853
2024-08-04T08:00:00Z,140.7900,144.4700,139.5000,143.4360,3137457
2024-08-04T12:00:00Z,143.4370,145.0320,134.8730,135.1630,7200785
2024-08-04T16:00:00Z,135.1630,142.9100,131.0000,141.9220,11373955
2024-08-04T20:00:00Z,141.9210,143.9510,137.3200,138.2910,4473339
2024-08-05T00:00:00Z,138.2910,139.3430,119.0000,126.0380,20737229
2024-08-05T04:00:00Z,126.0240,130.1100,109.1620,122.7960,27938248
2024-08-05T08:00:00Z,122.7890,123.9000,110.4840,115.9020,12862209
2024-08-05T12:00:00Z,115.9030,132.5440,109.9030,130.3690,22201161
2024-08-05T16:00:00Z,130.3710,135.4900,126.7020,128.7320,9780443
2024-08-05T20:00:00Z,128.7160,135.4340,128.2740,129.7680,4947060
2024-08-06T00:00:00Z,129.7750,141.0000,129.3520,138.5340,6439683
2024-08-06T04:00:00Z,138.5330,143.9130,137.4250,141.8920,5181378
2024-08-06T08:00:00Z,141.8850,142.0210,136.3000,139.3480,5992485
2024-08-06T12:00:00Z,139.3470,146.3130,136.0520,145.8000,9005418
2024-08-06T16:00:00Z,145.7990,148.4400,144.8180,146.2330,5503421
2024-08-06T20:00:00Z,146.2330,149.5000,143.1630,144.3280,5435489
2024-08-07T00:00:00Z,144.3290,151.7700,142.1000,151.4590,6245015
2024-08-07T04:00:00Z,151.4730,154.8880,150.4750,152.3700,5216531
2024-08-07T08:00:00Z,152.3550,154.8540,150.6440,151.5520,4848085
2024-08-07T12:00:00Z,151.5730,154.4470,146.1850,148.3910,9450342
2024-08-07T16:00:00Z,148.3910,149.3790,142.2600,143.0960,6670736
2024-08-07T20:00:00Z,143.1000,147.4850,142.2230,144.7360,5046144
2024-08-08T00:00:00Z,144.7320,156.4480,141.3150,153.0690,7540182
2024-08-08T04:00:00Z,153.0690,155.4620,151.3570,153.6180,3537302
2024-08-08T08:00:00Z,153.6200,155.6860,152.8250,154.0400,2987026
2024-08-08T12:00:00Z,154.0390,160.8500,152.5000,160.4990,10041547
2024-08-08T16:00:00Z,160.5000,162.7550,155.0330,155.6830,5621251
2024-08-08T20:00:00Z,155.6970,163.7120,155.2300,163.0690,5337137
2024-08-09T00:00:00Z,163.0690,163.4960,158.1420,158.8720,3116988
2024-08-09T04:00:00Z,158.8730,159.0720,155.5550,157.8610,2934583
2024-08-09T08:00:00Z,157.8610,159.6350,155.2290,156.5530,2926770
2024-08-09T12:00:00Z,156.5530,157.2660,151.0370,151.0860,6118001
2024-08-09T16:00:00Z,151.0860,154.1770,150.6320,153.5070,2882371
2024-08-09T20:00:00Z,153.5290,157.4930,151.3910,156.1880,3372890
2024-08-10T00:00:00Z,156.1880,158.7050,153.1840,154.1120,2902854
2024-08-10T04:00:00Z,154.1120,155.3800,152.5400,155.3490,1372801
2024-08-10T08:00:00Z,155.3500,155.8670,153.5130,154.7570,1649664
2024-08-10T12:00:00Z,154.7580,155.1800,152.7000,153.8810,1958825
2024-08-10T16:00:00Z,153.8910,155.2290,152.8830,154.4460,1817911
2024-08-10T20:00:00Z,154.4470,155.0670,153.5330,153.9320,975993
2024-08-11T00:00:00Z,153.9330,156.9000,153.5510,155.6060,1606697
2024-08-11T04:00:00Z,155.6060,156.7500,154.7180,156.6210,1116167
2024-08-11T08:00:00Z,156.6210,157.9500,152.9000,153.5670,2584974
2024-08-11T12:00:00Z,153.5670,153.7300,148.0000,148.6730,4296209
2024-08-11T16:00:00Z,148.6730,149.6940,145.6000,145.7540,2891660
2024-08-11T20:00:00Z,145.7540,145.8170,141.0380,141.4920,5088964
2024-08-12T00:00:00Z,141.4930,144.7700,141.1280,143.8160,3253068
2024-08-12T04:00:00Z,143.8150,146.6660,142.1780,145.8230,3193829
2024-08-12T08:00:00Z,145.8240,150.7270,143.5230,150.1440,5595722
2024-08-12T12:00:00Z,150.1440,150.4500,142.8970,147.4610,8778528
2024-08-12T16:00:00Z,147.4610,148.2400,142.8160,143.6930,3418122
2024-08-12T20:00:00Z,143.6950,147.5690,141.6990,146.2410,3136589
2024-08-13T00:00:00Z,146.2410,147.3200,142.8530,143.5860,2865636
2024-08-13T04:00:00Z,143.5870,146.9980,142.9160,145.9480,2034286
2024-08-13T08:00:00Z,145.9490,146.3420,143.1080,145.8350,2507616
2024-08-13T12:00:00Z,145.8350,147.6100,144.5660,146.0110,4002509
2024-08-13T16:00:00Z,146.0100,149.7760,144.8000,146.4510,4552806
2024-08-13T20:00:00Z,146.4520,147.8000,145.6200,146.5650,1495972
2024-08-14T00:00:00Z,146.5660,147.2100,143.5100,145.0860,2149713
2024-08-14T04:00:00Z,145.0860,145.6680,144.0960,145.6540,1567178
2024-08-14T08:00:00Z,145.6540,148.9300,144.7270,147.9430,2744373
2024-08-14T12:00:00Z,147.9440,152.1300,144.5000,146.6000,9003002
2024-08-14T16:00:00Z,146.6010,147.1620,143.6260,144.1650,2980220
2024-08-14T20:00:00Z,144.1620,144.6300,142.2150,143.6440,1629887
2024-08-15T00:00:00Z,143.6430,145.3490,143.0810,144.6440,2084444
2024-08-15T04:00:00Z,144.6440,144.8350,140.8140,142.4650,2785109
2024-08-15T08:00:00Z,142.4560,143.4630,141.1840,143.0540,2165855
2024-08-15T12:00:00Z,143.0530,146.5890,141.9210,145.8620,5233920
2024-08-15T16:00:00Z,145.8540,147.6600,137.6500,139.8630,7806668
2024-08-15T20:00:00Z,139.8620,144.7990,138.5870,142.5380,4321334
2024-08-16T00:00:00Z,142.5380,144.3580,140.6730,141.9370,2684994
2024-08-16T04:00:00Z,141.9370,144.7770,141.5170,144.4650,2206233
2024-08-16T08:00:00Z,144.4650,144.8630,141.7500,141.9010,2409558
2024-08-16T12:00:00Z,141.9050,142.5690,136.2000,137.8420,7269509
2024-08-16T16:00:00Z,137.8400,141.4450,136.0500,140.8440,5411385
2024-08-16T20:00:00Z,140.8520,141.8980,138.9250,138.9860,1797444
2024-08-17T00:00:00Z,138.9850,140.2500,137.5190,138.8190,2098111
2024-08-17T04:00:00Z,138.8190,139.6770,138.5150,139.3640,1029654
2024-08-17T08:00:00Z,139.3660,140.1090,138.0100,139.0570,1510211
2024-08-17T12:00:00Z,139.0570,141.7990,138.8650,140.1290,2557355
2024-08-17T16:00:00Z,140.1300,141.5830,140.0300,141.0290,1461481
2024-08-17T20:00:00Z,141.0310,141.9000,140.6230,141.8300,861164
2024-08-18T00:00:00Z,141.8310,143.3000,140.9290,141.1130,2182525
2024-08-18T04:00:00Z,141.1080,141.9260,140.4620,141.4720,1098887
2024-08-18T08:00:00Z,141.4710,147.4450,141.2000,144.5200,3753334
2024-08-18T12:00:00Z,144.5200,146.6400,143.8870,145.7280,2775923
2024-08-18T16:00:00Z,145.7280,146.5490,144.0220,146.3830,1843211
2024-08-18T20:00:00Z,146.3720,147.0000,142.2510,142.3540,2189969
2024-08-19T00:00:00Z,142.3480,143.4460,141.4790,143.1150,2557009
2024-08-19T04:00:00Z,143.1120,143.4770,141.8230,142.2170,1676359
2024-08-19T08:00:00Z,142.2210,143.2760,140.2520,142.2750,2449947
2024-08-19T12:00:00Z,142.2740,144.5780,141.5840,143.8010,3754275
2024-08-19T16:00:00Z,143.8000,146.2000,142.5000,142.8480,3115055
2024-08-19T20:00:00Z,142.8640,144.4800,142.6450,144.2010,1773368
2024-08-20T00:00:00Z,144.2000,147.8800,143.3700,145.4980,2837146
2024-08-20T04:00:00Z,145.4990,148.7780,145.3100,147.3970,2528612
2024-08-20T08:00:00Z,147.3990,147.6710,145.0060,145.3320,1940051
2024-08-20T12:00:00Z,145.3320,146.3650,140.8850,142.0740,4914778
2024-08-20T16:00:00Z,142.0750,144.2300,141.5180,143.9690,2030717
2024-08-20T20:00:00Z,143.9690,144.4710,142.1340,142.2100,1408860
2024-08-21T00:00:00Z,142.2090,143.0320,141.4530,142.4770,1421456
2024-08-21T04:00:00Z,142.4780,143.7700,142.1510,143.1300,1224939
2024-08-21T08:00:00Z,143.1260,143.4760,140.8320,141.2380,1769333
2024-08-21T12:00:00Z,141.2390,142.4200,138.6890,140.2770,5339349
2024-08-21T16:00:00Z,140.2770,143.5870,139.5720,143.3370,3029964
2024-08-21T20:00:00Z,143.3440,144.3000,142.0090,142.7260,2312148
2024-08-22T00:00:00Z,142.7260,143.1940,140.5100,141.6710,1875624
2024-08-22T04:00:00Z,141.6710,143.6170,141.3610,143.2580,1189186
2024-08-22T08:00:00Z,143.2590,144.7220,142.5810,144.4310,1583739
2024-08-22T12:00:00Z,144.4310,144.8280,141.8790,142.5520,2622400
2024-08-22T16:00:00Z,142.5520,143.5560,142.3300,142.6890,1149520
2024-08-22T20:00:00Z,142.6880,143.7030,142.6100,143.1590,865434
2024-08-23T00:00:00Z,143.1580,145.6730,143.0940,144.4140,1962855
2024-08-23T04:00:00Z,144.4150,145.8790,144.3010,145.0990,1556244
2024-08-23T08:00:00Z,145.0910,145.4250,143.3180,143.4150,1412146
2024-08-23T12:00:00Z,143.4140,147.0760,142.5890,144.3380,4746183
2024-08-23T16:00:00Z,144.3330,150.1900,144.0050,149.6400,4899111
2024-08-23T20:00:00Z,149.6390,153.9990,149.6130,153.2280,3680379
2024-08-24T00:00:00Z,153.2280,154.6350,151.8940,153.2020,2185290
2024-08-24T04:00:00Z,153.2020,155.3550,153.0660,154.5400,1811256
2024-08-24T08:00:00Z,154.5310,158.6800,154.2270,157.2890,3084347
2024-08-24T12:00:00Z,157.2890,159.7390,156.8880,159.3720,2347467
2024-08-24T16:00:00Z,159.3720,162.3250,159.1700,160.4890,4001909
2024-08-24T20:00:00Z,160.4900,161.0700,157.2200,160.5580,2802750
2024-08-25T00:00:00Z,160.5590,160.6600,157.2690,158.2220,2382344
2024-08-25T04:00:00Z,158.2260,159.0210,155.2100,156.0610,2079123
2024-08-25T08:00:00Z,156.0620,157.9300,155.6600,157.1860,1967417
2024-08-25T12:00:00Z,157.1780,159.8330,156.8440,159.3000,2264028
2024-08-25T16:00:00Z,159.3000,160.2770,158.4040,159.0250,1720126
2024-08-25T20:00:00Z,159.0340,161.8900,158.3580,158.8800,2653044
2024-08-26T00:00:00Z,158.8810,160.1130,157.3810,160.0420,2000758
2024-08-26T04:00:00Z,160.0420,161.0820,158.2560,159.0390,2024866
2024-08-26T08:00:00Z,159.0400,162.0000,158.3640,160.3090,3049794
2024-08-26T12:00:00Z,160.3080,161.7220,155.8030,157.5310,6110587
2024-08-26T16:00:00Z,157.5310,159.3330,155.4510,157.9200,3479490
2024-08-26T20:00:00Z,157.9280,159.2350,156.2760,157.0520,2058066
2024-08-27T00:00:00Z,157.0530,158.9500,156.9700,158.4560,1706171
2024-08-27T04:00:00Z,158.4630,159.6220,157.2370,157.6820,1534748
2024-08-27T08:00:00Z,157.6830,157.9860,153.2300,154.2020,3463138
2024-08-27T12:00:00Z,154.2020,155.7370,152.5060,153.6980,4105160
2024-08-27T16:00:00Z,153.6910,155.4500,153.1570,154.8690,2245008
2024-08-27T20:00:00Z,154.8690,154.9740,145.0000,146.7270,7228763
2024-08-28T00:00:00Z,146.7330,148.2250,145.3100,148.0820,2401990
2024-08-28T04:00:00Z,148.0850,148.8460,143.6610,143.9180,2739467
2024-08-28T08:00:00Z,143.9190,147.9410,142.6800,147.0580,3369039
2024-08-28T12:00:00Z,147.0440,148.4790,143.0790,144.0410,4933207
2024-08-28T16:00:00Z,144.0400,145.5730,140.4220,144.2020,5872017
2024-08-28T20:00:00Z,144.2050,146.3350,141.5080,143.8920,3186039
2024-08-29T00:00:00Z,143.8920,144.9820,142.8210,143.2470,1737924
2024-08-29T04:00:00Z,143.2470,145.3000,143.0610,144.5800,2032465
2024-08-29T08:00:00Z,144.5660,146.7830,144.3030,145.5200,2511776
2024-08-29T12:00:00Z,145.5190,147.3320,144.6300,145.9680,3473358
2024-08-29T16:00:00Z,145.9830,146.7190,138.5060,140.1780,5207541
2024-08-29T20:00:00Z,140.1790,141.3370,137.9520,139.9480,2109412
2024-08-30T00:00:00Z,139.9480,141.0460,138.3000,138.6970,1939622
2024-08-30T04:00:00Z,138.6970,139.8780,137.0210,138.9220,2710434
2024-08-30T08:00:00Z,138.9230,139.9870,138.3100,138.5690,1457270
2024-08-30T12:00:00Z,138.5680,140.6810,132.4000,133.2600,7208423
2024-08-30T16:00:00Z,133.2690,137.8900,132.0020,135.9030,5354484
2024-08-30T20:00:00Z,135.9030,138.4210,135.5580,137.9210,1490573
2024-08-31T00:00:00Z,137.9210,139.1600,137.4390,138.2120,1194212
2024-08-31T04:00:00Z,138.2120,138.7200,137.3100,137.5470,799661
2024-08-31T08:00:00Z,137.5460,137.8130,135.7290,136.9410,1512715
2024-08-31T12:00:00Z,136.9430,137.2300,135.4890,136.5700,1216021
2024-08-31T16:00:00Z,136.5700,136.6300,134.5020,134.9260,1458901
2024-08-31T20:00:00Z,134.9260,136.2580,134.4020,135.2660,957168
2024-09-01T00:00:00Z,135.2660,135.5760,132.7790,134.0260,1703890
2024-09-01T04:00:00Z,134.0260,134.0390,130.9560,132.7400,2664927
2024-09-01T08:00:00Z,132.7410,132.7730,130.1200,131.8190,2773153
2024-09-01T12:00:00Z,131.8080,134.8300,130.0000,134.1820,4248064
2024-09-01T16:00:00Z,134.1810,135.8550,131.7770,135.1560,3034228
2024-09-01T20:00:00Z,135.1570,136.1330,127.6000,128.4110,4677915
2024-09-02T00:00:00Z,128.4110,130.6680,128.1760,130.1350,3212317
2024-09-02T04:00:00Z,130.1340,130.3340,126.7560,127.5880,3600687
2024-09-02T08:00:00Z,127.5880,132.8710,127.2050,131.7750,4580548
2024-09-02T12:00:00Z,131.7740,133.3990,129.8880,132.4400,3634292
2024-09-02T16:00:00Z,132.4400,133.8510,131.5910,132.9800,2146455
2024-09-02T20:00:00Z,132.9800,135.3430,132.7330,134.8650,2173898
2024-09-03T00:00:00Z,134.8650,137.5000,134.1340,135.4370,2458897
2024-09-03T04:00:00Z,135.4370,135.8190,133.5000,134.5240,1929171
2024-09-03T08:00:00Z,134.5240,134.5820,132.7120,134.3070,2010795
2024-09-03T12:00:00Z,134.3070,135.4540,129.2650,129.7480,4788061
2024-09-03T16:00:00Z,129.7490,132.1810,129.2320,130.9210,2532468
2024-09-03T20:00:00Z,130.9220,131.5550,127.0820,127.5060,2346740
2024-09-04T00:00:00Z,127.5050,128.8240,122.0000,127.6400,6594796
2024-09-04T04:00:00Z,127.6400,131.3980,126.5410,130.2410,3380569
2024-09-04T08:00:00Z,130.2520,130.6400,128.0180,128.3590,2492353
2024-09-04T12:00:00Z,128.3610,134.0790,127.8090,133.7190,6483163
2024-09-04T16:00:00Z,133.7240,134.9100,132.5000,133.1350,2846546
2024-09-04T20:00:00Z,133.1390,134.6000,132.8060,133.5640,1245210
2024-09-05T00:00:00Z,133.5640,134.3350,131.1400,131.5260,2056911
2024-09-05T04:00:00Z,131.5270,134.2090,130.7350,133.0420,2919242
2024-09-05T08:00:00Z,133.0420,133.8230,131.6200,132.7800,1982894
2024-09-05T12:00:00Z,132.7800,135.5110,130.1110,130.5170,6632065
2024-09-05T16:00:00Z,130.5180,131.1140,127.7770,128.3880,3741123
2024-09-05T20:00:00Z,128.3860,129.8300,128.0710,129.3370,1684131
2024-09-06T00:00:00Z,129.3370,131.4930,128.5540,130.6490,2140692
2024-09-06T04:00:00Z,130.6390,131.1250,127.3900,128.0540,2758246
2024-09-06T08:00:00Z,128.0550,131.0450,127.9620,130.1850,2804546
2024-09-06T12:00:00Z,130.1850,134.2200,126.7370,128.0160,10849033
2024-09-06T16:00:00Z,128.0140,128.2880,123.8400,125.0610,6749333
2024-09-06T20:00:00Z,125.0470,125.9410,120.4790,124.9590,5504842
2024-09-07T00:00:00Z,124.9590,125.6870,124.1000,125.0970,1426181
2024-09-07T04:00:00Z,125.0950,128.4500,125.0210,127.5560,2480889
2024-09-07T08:00:00Z,127.5560,127.7690,126.6660,126.9280,1452432
2024-09-07T12:00:00Z,126.9290,129.4000,126.8280,128.7500,2077177
2024-09-07T16:00:00Z,128.7500,129.0950,126.1900,128.2540,2453463
2024-09-07T20:00:00Z,128.2530,128.3750,126.3510,127.6560,1218859
2024-09-08T00:00:00Z,127.6570,128.4860,126.8280,128.2430,1133942
2024-09-08T04:00:00Z,128.2430,130.0800,127.7880,129.5490,1607392
2024-09-08T08:00:00Z,129.5500,130.9260,129.1460,130.0280,2149629
2024-09-08T12:00:00Z,130.0250,130.2190,126.5420,126.7110,3021188
2024-09-08T16:00:00Z,126.7110,129.3000,126.5740,128.6310,1956084
2024-09-08T20:00:00Z,128.6340,131.6730,128.2740,130.0730,3050506
2024-09-09T00:00:00Z,130.0740,130.9500,127.8190,128.5090,2526615
2024-09-09T04:00:00Z,128.5090,129.3310,127.4320,129.2210,1740269
2024-09-09T08:00:00Z,129.2210,130.9550,129.1380,129.3760,2287945
2024-09-09T12:00:00Z,129.3770,130.1600,126.8470,128.3390,4432869
2024-09-09T16:00:00Z,128.3440,134.9200,128.1910,134.8810,6659008
2024-09-09T20:00:00Z,134.8880,137.0640,133.6500,135.0140,3204522
2024-09-10T00:00:00Z,135.0140,135.1720,132.7020,132.8610,1631671
2024-09-10T04:00:00Z,132.8610,135.2150,132.4340,134.8850,1700386
2024-09-10T08:00:00Z,134.8840,135.4300,133.9000,135.1370,1771719
2024-09-10T12:00:00Z,135.1380,136.3280,133.2700,134.0480,3853401
2024-09-10T16:00:00Z,134.0530,137.9830,133.6680,136.5530,3703532
2024-09-10T20:00:00Z,136.5560,136.7310,135.0790,135.5630,1285629
2024-09-11T00:00:00Z,135.5640,135.8150,133.2080,133.5860,2712779
2024-09-11T04:00:00Z,133.5770,133.5770,131.0050,132.3380,2802732
2024-09-11T08:00:00Z,132.3380,132.3620,130.3000,131.9250,2194897
2024-09-11T12:00:00Z,131.9250,133.2820,128.1130,131.1140,6700560
2024-09-11T16:00:00Z,131.1130,133.4880,131.0230,132.6050,3616285
2024-09-11T20:00:00Z,132.6140,133.0200,131.9360,132.3460,927798
2024-09-12T00:00:00Z,132.3450,135.9670,132.2980,135.5370,2987337
2024-09-12T04:00:00Z,135.5340,136.2000,134.2140,134.8310,1642734
2024-09-12T08:00:00Z,134.8180,135.3820,134.1350,134.7160,1198961
2024-09-12T12:00:00Z,134.7110,136.7120,133.3400,133.4990,3864424
2024-09-12T16:00:00Z,133.4980,135.8120,133.4220,135.6880,1980977
2024-09-12T20:00:00Z,135.6880,136.6730,134.9610,135.9970,1486005
2024-09-13T00:00:00Z,135.9970,136.1620,134.2730,134.3750,1302167
2024-09-13T04:00:00Z,134.3750,134.7890,133.6620,134.5260,1131506
2024-09-13T08:00:00Z,134.5270,134.6280,132.4220,132.4990,1828660
2024-09-13T12:00:00Z,132.5000,136.6650,131.6050,136.5570,4996714
2024-09-13T16:00:00Z,136.5490,138.2240,135.9140,137.9830,3509781
2024-09-13T20:00:00Z,137.9890,139.8280,137.8500,138.9160,2193730
2024-09-14T00:00:00Z,138.9160,139.7470,138.4130,139.3410,1336011
2024-09-14T04:00:00Z,139.3410,139.4990,137.3210,137.4380,1384233
2024-09-14T08:00:00Z,137.4390,137.5050,136.4350,136.7350,1449879
2024-09-14T12:00:00Z,136.7460,138.1480,136.5000,137.3120,1413012
2024-09-14T16:00:00Z,137.3120,137.8070,135.4000,136.5060,1600960
2024-09-14T20:00:00Z,136.5060,137.2880,136.5060,137.0680,729539
2024-09-15T00:00:00Z,137.0620,137.8730,136.9800,137.3880,727260
2024-09-15T04:00:00Z,137.3870,137.5170,136.7500,137.1000,687918
2024-09-15T08:00:00Z,137.0990,137.1110,135.1270,135.5310,1264972
2024-09-15T12:00:00Z,135.5300,136.2960,134.5660,135.6860,1982471
2024-09-15T16:00:00Z,135.6850,135.7500,132.8390,133.3930,2934102
2024-09-15T20:00:00Z,133.3930,133.4850,130.3220,131.3190,2878653
2024-09-16T00:00:00Z,131.3200,131.7980,129.1440,130.5430,2537384
2024-09-16T04:00:00Z,130.5420,131.3500,130.3230,131.1780,1439537
2024-09-16T08:00:00Z,131.1790,132.3450,130.6000,131.8330,1954612
2024-09-16T12:00:00Z,131.8330,132.3360,129.8930,131.4110,2972655
2024-09-16T16:00:00Z,131.4110,131.7290,128.8400,131.0710,3035344
2024-09-16T20:00:00Z,131.0640,131.8800,129.8880,131.4120,1215480
2024-09-17T00:00:00Z,131.4110,131.9200,129.8400,131.0740,1622550
2024-09-17T04:00:00Z,131.0750,132.7820,130.6660,132.2000,1070724
2024-09-17T08:00:00Z,132.2000,133.2990,131.6660,131.8750,1975788
2024-09-17T12:00:00Z,131.8740,135.5000,130.8060,134.6050,5196421
2024-09-17T16:00:00Z,134.6050,134.8800,130.9740,132.1770,3710819
2024-09-17T20:00:00Z,132.1870,132.6770,131.1070,131.4670,1381320
2024-09-18T00:00:00Z,131.4680,132.0680,130.1280,131.6140,1802010
2024-09-18T04:00:00Z,131.6130,131.7890,130.5090,131.2600,1157370
2024-09-18T08:00:00Z,131.2630,131.2740,128.0370,129.3470,2583516
2024-09-18T12:00:00Z,129.3480,130.2960,126.9600,127.6180,3565749
2024-09-18T16:00:00Z,127.6190,132.9960,127.1910,129.4410,7105096
2024-09-18T20:00:00Z,129.4380,134.3870,128.3730,134.2990,2571623
2024-09-19T00:00:00Z,134.3000,138.6230,134.1300,137.9630,4742193
2024-09-19T04:00:00Z,137.9630,139.0820,137.5560,138.5110,2608859
2024-09-19T08:00:00Z,138.5140,139.6000,138.2070,139.3680,2227947
2024-09-19T12:00:00Z,139.3670,142.9750,139.3420,142.8930,4699819
2024-09-19T16:00:00Z,142.8930,144.0000,142.3860,143.0050,3615730
2024-09-19T20:00:00Z,143.0090,143.8980,141.0000,142.8200,2280410
2024-09-20T00:00:00Z,142.8190,144.7000,141.1310,144.6100,2513034
2024-09-20T04:00:00Z,144.6100,152.5000,144.3740,151.0230,8295816
2024-09-20T08:00:00Z,151.0230,151.8100,149.9640,150.5080,3231321
2024-09-20T12:00:00Z,150.5030,151.1100,145.9000,147.7910,6141565
2024-09-20T16:00:00Z,147.7920,148.3440,144.7700,146.6330,3282691
2024-09-20T20:00:00Z,146.6310,147.9260,146.2030,146.6270,1401830
2024-09-21T00:00:00Z,146.6260,147.9570,144.9370,145.9250,1833095
2024-09-21T04:00:00Z,145.9210,147.6990,144.5400,147.3710,1554858
2024-09-21T08:00:00Z,147.3710,147.8750,146.3770,147.1420,1189046
2024-09-21T12:00:00Z,147.1410,149.3550,146.6260,147.5600,2341474
2024-09-21T16:00:00Z,147.5600,148.6900,147.0830,147.3130,1441395
2024-09-21T20:00:00Z,147.3090,149.7750,147.1430,149.3720,1048433
2024-09-22T00:00:00Z,149.3720,149.8710,147.0140,148.0080,1641678
2024-09-22T04:00:00Z,148.0080,148.9590,146.3000,147.1480,1364472
2024-09-22T08:00:00Z,147.1470,147.5490,144.0800,144.7750,2701430
2024-09-22T12:00:00Z,144.7740,145.1400,142.6020,143.0600,2302733
2024-09-22T16:00:00Z,143.0590,145.4000,142.3720,144.6040,2416356
2024-09-22T20:00:00Z,144.6030,145.7080,140.9350,144.5870,3764639
2024-09-23T00:00:00Z,144.5880,149.0000,142.0240,147.6690,4507255
2024-09-23T04:00:00Z,147.6700,148.1710,145.1100,145.4180,2143514
2024-09-23T08:00:00Z,145.4190,145.5780,143.0460,143.5320,2557333
2024-09-23T12:00:00Z,143.5320,145.4530,142.5350,144.1230,3777563
2024-09-23T16:00:00Z,144.1230,144.9690,142.6800,143.2710,1863040
2024-09-23T20:00:00Z,143.2760,145.2120,142.3030,144.6910,1772794
2024-09-24T00:00:00Z,144.6910,146.8740,143.0060,146.5680,3217424
2024-09-24T04:00:00Z,146.5680,147.3260,145.2570,147.1420,2037989
2024-09-24T08:00:00Z,147.1430,148.7200,145.8520,146.3800,2941829
2024-09-24T12:00:00Z,146.3800,148.4430,144.1010,145.4670,4797516
2024-09-24T16:00:00Z,145.4660,148.4500,145.2000,148.1820,3080305
2024-09-24T20:00:00Z,148.1860,154.0740,147.9200,152.7120,5009640
2024-09-25T00:00:00Z,152.7120,153.8680,151.0000,151.9060,2811567
2024-09-25T04:00:00Z,151.9070,152.1800,148.9100,149.7260,2380441
2024-09-25T08:00:00Z,149.7260,150.9600,149.3700,150.8860,1610547
2024-09-25T12:00:00Z,150.8860,152.9800,149.6180,150.3470,2909479
2024-09-25T16:00:00Z,150.3470,151.9150,148.7650,149.9190,2507010
2024-09-25T20:00:00Z,149.9190,150.8400,147.2100,147.8800,1771972
2024-09-26T00:00:00Z,147.8950,149.5300,146.5050,149.1590,2245144
2024-09-26T04:00:00Z,149.1600,151.8080,148.6240,151.7640,1954636
2024-09-26T08:00:00Z,151.7640,153.1410,150.4110,152.8700,2807378
2024-09-26T12:00:00Z,152.8710,158.2650,151.2150,157.0950,7743864
2024-09-26T16:00:00Z,157.0950,158.0000,155.3030,155.4490,3079209
2024-09-26T20:00:00Z,155.4490,156.3570,153.6920,155.4800,2287579
2024-09-27T00:00:00Z,155.4800,156.3270,153.7560,155.6390,1912574
2024-09-27T04:00:00Z,155.6400,158.8320,155.5500,157.3990,2883238
2024-09-27T08:00:00Z,157.3990,159.2230,155.6270,155.9680,2836115
2024-09-27T12:00:00Z,155.9670,161.2880,155.3720,158.9960,6085048
2024-09-27T16:00:00Z,158.9950,159.6080,156.8800,157.5030,2819262
2024-09-27T20:00:00Z,157.5010,158.5280,157.2290,157.5910,825064
2024-09-28T00:00:00Z,157.5910,159.3760,157.5350,158.5840,1086541
2024-09-28T04:00:00Z,158.5850,158.8300,156.0070,156.3250,1777002
2024-09-28T08:00:00Z,156.3260,157.6570,154.8310,157.1370,2279202
2024-09-28T12:00:00Z,157.1380,157.9680,156.1250,156.8080,1682008
2024-09-28T16:00:00Z,156.8090,157.4330,156.3000,156.7920,891004
2024-09-28T20:00:00Z,156.7930,156.9800,155.5370,156.6820,839187
2024-09-29T00:00:00Z,156.6830,158.4990,156.1490,157.7870,1674280
2024-09-29T04:00:00Z,157.7870,158.1370,155.0000,155.4310,1951288
2024-09-29T08:00:00Z,155.4310,156.8330,155.0230,156.6890,1288208
2024-09-29T12:00:00Z,156.6900,157.5000,155.5520,157.2100,1972418
2024-09-29T16:00:00Z,157.2100,159.7010,156.6050,159.4000,1691131
2024-09-29T20:00:00Z,159.4000,161.7610,157.8160,158.3850,3582249
2024-09-30T00:00:00Z,158.3860,159.7440,155.1600,156.1070,4114365
2024-09-30T04:00:00Z,156.1070,157.7180,155.0990,156.8120,1861767
2024-09-30T08:00:00Z,156.8120,156.8950,153.7100,155.5600,3491891
2024-09-30T12:00:00Z,155.5600,157.3640,154.0080,154.1000,3060175
2024-09-30T16:00:00Z,154.0990,155.7200,153.8900,155.0430,2323827
2024-09-30T20:00:00Z,155.0440,156.9000,151.6580,152.4280,2777390
2024-10-01T00:00:00Z,152.4280,155.2320,151.4140,155.0440,2223089
2024-10-01T04:00:00Z,155.0450,157.0980,154.7500,156.7570,1712045
2024-10-01T08:00:00Z,156.7570,157.2880,155.8900,156.4550,1429606
2024-10-01T12:00:00Z,156.4550,156.6600,146.1200,149.5260,8843368
2024-10-01T16:00:00Z,149.5260,149.9330,142.4400,145.3790,7609301
2024-10-01T20:00:00Z,145.3910,146.3560,142.2000,145.0710,4283637
2024-10-02T00:00:00Z,145.0690,147.9750,143.3500,147.1320,2668231
2024-10-02T04:00:00Z,147.1320,148.8830,146.1200,147.6720,2029829
2024-10-02T08:00:00Z,147.6720,148.3930,145.1070,146.0730,2611206
2024-10-02T12:00:00Z,146.0730,147.6170,142.6600,147.3670,4857387
2024-10-02T16:00:00Z,147.3680,148.3650,138.5000,139.8880,6053470
2024-10-02T20:00:00Z,139.8880,141.6490,138.5520,140.0820,2619529
2024-10-03T00:00:00Z,140.0830,142.8750,138.5870,142.8100,3116536
2024-10-03T04:00:00Z,142.8100,142.8100,139.8150,139.8400,1773280
2024-10-03T08:00:00Z,139.8400,140.0080,135.1140,136.7830,4955230
2024-10-03T12:00:00Z,136.7830,138.4870,133.0020,135.4990,7691809
2024-10-03T16:00:00Z,135.5030,137.3730,133.5600,137.2480,3895477
2024-10-03T20:00:00Z,137.2470,137.8000,135.1920,136.7330,1601025
2024-10-04T00:00:00Z,136.7270,138.6260,135.8640,137.2620,2175351
2024-10-04T04:00:00Z,137.2620,139.7000,137.2010,139.4640,1692901
2024-10-04T08:00:00Z,139.4630,140.9840,139.0960,140.0240,1930156
2024-10-04T12:00:00Z,140.0220,142.5980,138.0420,142.3640,5850346
2024-10-04T16:00:00Z,142.3630,144.4980,141.7610,143.8160,2948159
2024-10-04T20:00:00Z,143.8160,144.4870,142.5270,143.1590,1294372
2024-10-05T00:00:00Z,143.1580,144.0000,141.6140,141.7710,1539766
2024-10-05T04:00:00Z,141.7710,144.4890,141.5000,143.7640,1519875
2024-10-05T08:00:00Z,143.7650,144.8930,143.2140,143.3560,1262682
2024-10-05T12:00:00Z,143.3560,144.0960,142.4010,142.8140,1387409
2024-10-05T16:00:00Z,142.8140,142.9590,141.9190,142.1170,1124993
2024-10-05T20:00:00Z,142.1170,142.9500,141.0040,142.5380,1219274
2024-10-06T00:00:00Z,142.5410,143.6440,141.9290,142.6290,927817
2024-10-06T04:00:00Z,142.6340,143.3840,142.0240,142.9260,692749
2024-10-06T08:00:00Z,142.9260,144.2720,142.5540,143.9640,1092641
2024-10-06T12:00:00Z,143.9650,146.5940,143.8880,145.9040,2453387
2024-10-06T16:00:00Z,145.9030,146.4380,144.8000,145.3400,1495835
2024-10-06T20:00:00Z,145.3390,146.7440,144.2280,146.4120,1364317
2024-10-07T00:00:00Z,146.3990,150.9920,145.8000,149.8700,3595333
2024-10-07T04:00:00Z,149.8700,150.4410,147.8930,147.9820,1841398
2024-10-07T08:00:00Z,147.9820,149.1460,145.5370,147.3330,2725548
2024-10-07T12:00:00Z,147.3330,152.2800,146.2880,148.6250,5172619
2024-10-07T16:00:00Z,148.6300,149.3480,145.3450,147.0290,3088272
2024-10-07T20:00:00Z,147.0280,147.2200,143.3530,143.9090,2381479
2024-10-08T00:00:00Z,143.9090,145.5210,143.3880,144.6460,1700305
2024-10-08T04:00:00Z,144.6450,144.9870,142.0900,143.0200,2381261
2024-10-08T08:00:00Z,143.0200,144.5530,142.6540,144.4010,1513764
2024-10-08T12:00:00Z,144.4000,145.4720,141.0400,142.7280,3868115
2024-10-08T16:00:00Z,142.7280,143.9790,141.6360,143.6580,1855616
2024-10-08T20:00:00Z,143.6610,144.6580,142.5800,143.4170,965328
2024-10-09T00:00:00Z,143.4170,145.2850,143.0000,143.8560,1532258
2024-10-09T04:00:00Z,143.8520,144.2370,142.5760,143.1000,1100183
2024-10-09T08:00:00Z,143.1010,143.4440,142.4200,143.1440,1201206
2024-10-09T12:00:00Z,143.1440,143.2950,140.0210,142.7280,3845581
2024-10-09T16:00:00Z,142.7280,142.8050,139.7060,141.0660,2584765
2024-10-09T20:00:00Z,141.0660,141.0660,138.6110,139.2660,2053019
2024-10-10T00:00:00Z,139.2650,140.3230,137.5440,139.8190,1670463
2024-10-10T04:00:00Z,139.8190,140.9000,139.4130,139.6200,1221443
2024-10-10T08:00:00Z,139.6210,140.4420,137.3330,140.3480,2132656
2024-10-10T12:00:00Z,140.3470,140.7000,136.1200,138.5980,4356924
2024-10-10T16:00:00Z,138.5990,139.0240,135.4270,138.0300,3349261
2024-10-10T20:00:00Z,138.0300,138.9990,137.1030,138.9630,1252306
2024-10-11T00:00:00Z,138.9620,141.4720,138.6480,140.7830,1755920
2024-10-11T04:00:00Z,140.7830,141.9830,140.5870,141.1090,1442918
2024-10-11T08:00:00Z,141.1090,142.6000,140.8500,141.8930,1631425
2024-10-11T12:00:00Z,141.8940,145.4810,141.7860,144.3030,3482772
2024-10-11T16:00:00Z,144.3030,146.4480,143.8560,145.3560,2749879
2024-10-11T20:00:00Z,145.3550,146.3450,145.0580,145.4700,1170416
2024-10-12T00:00:00Z,145.4690,146.5430,144.6390,145.0830,1028452
2024-10-12T04:00:00Z,145.0830,145.9230,145.0830,145.4820,750800
2024-10-12T08:00:00Z,145.4810,147.1540,145.3870,146.1720,1325200
2024-10-12T12:00:00Z,146.1730,147.2000,145.6070,146.0120,1762804
2024-10-12T16:00:00Z,146.0130,147.1420,146.0120,146.7190,1012879
2024-10-12T20:00:00Z,146.7190,147.1460,146.2440,146.3180,781037
2024-10-13T00:00:00Z,146.3180,146.9690,145.0670,145.2590,1166195
2024-10-13T04:00:00Z,145.2600,146.9210,145.2080,146.3780,684131
2024-10-13T08:00:00Z,146.3770,148.3490,146.3280,146.3920,1755045
2024-10-13T12:00:00Z,146.3920,147.9940,144.3820,145.2620,2616401
2024-10-13T16:00:00Z,145.2600,146.4610,144.6080,145.9470,1681574
2024-10-13T20:00:00Z,145.9480,148.8290,145.5640,147.6450,1614391
2024-10-14T00:00:00Z,147.6460,152.4900,146.7050,152.4310,3357024
2024-10-14T04:00:00Z,152.4300,153.3060,150.8340,152.9500,2741428
2024-10-14T08:00:00Z,152.9600,153.9000,151.9000,153.0800,1762760
2024-10-14T12:00:00Z,153.0900,159.0000,152.4600,156.6500,4293585
2024-10-14T16:00:00Z,156.6600,156.8500,154.6300,155.5700,1710696
2024-10-14T20:00:00Z,155.5600,158.0300,155.3100,157.5200,1307204
2024-10-15T00:00:00Z,157.5200,158.2500,155.0500,155.4400,1940964
2024-10-15T04:00:00Z,155.4500,156.2900,153.7100,155.0600,1758627
2024-10-15T08:00:00Z,155.0600,155.4900,151.7000,152.3700,2241513
2024-10-15T12:00:00Z,152.3800,159.9800,150.1900,153.2300,8635249
2024-10-15T16:00:00Z,153.2400,156.2800,153.0200,155.1300,2737330
2024-10-15T20:00:00Z,155.1100,155.2200,152.0100,154.6900,2078883
2024-10-16T00:00:00Z,154.6800,156.0700,152.9000,154.1400,1685846
2024-10-16T04:00:00Z,154.1400,154.8700,152.9000,153.5800,1331944
2024-10-16T08:00:00Z,153.5900,158.3600,153.3200,155.7900,3477391
2024-10-16T12:00:00Z,155.8000,156.8700,153.7800,155.6300,3492763
2024-10-16T16:00:00Z,155.6400,155.9200,154.0100,154.2900,1566055
2024-10-16T20:00:00Z,154.2900,155.1000,153.5100,154.1900,987792
2024-10-17T00:00:00Z,154.1900,155.7000,153.6500,154.5300,1490823
2024-10-17T04:00:00Z,154.5300,154.7200,151.5000,152.5300,1815344
2024-10-17T08:00:00Z,152.5300,153.4000,151.0300,151.2600,1799595
2024-10-17T12:00:00Z,151.2500,153.2100,150.7200,152.8200,2763612
2024-10-17T16:00:00Z,152.8200,152.8500,147.6200,149.3300,3247696
2024-10-17T20:00:00Z,149.3400,150.9200,149.1800,150.4500,923001
2024-10-18T00:00:00Z,150.4400,153.1640,149.5500,151.8400,1895937
2024-10-18T04:00:00Z,151.8300,154.1490,151.8300,153.8500,1233757
2024-10-18T08:00:00Z,153.8500,154.2700,152.8000,152.9600,1029199
2024-10-18T12:00:00Z,152.9600,155.2100,152.0600,154.6500,2617216
2024-10-18T16:00:00Z,154.6500,156.6400,153.5200,154.7500,1943730
2024-10-18T20:00:00Z,154.7500,155.0900,153.6600,154.8600,773737
2024-10-19T00:00:00Z,154.8600,155.9300,154.1200,154.4900,828518
2024-10-19T04:00:00Z,154.5000,155.1000,154.0200,154.4700,592251
2024-10-19T08:00:00Z,154.4700,154.9900,153.5100,153.7700,719979
2024-10-19T12:00:00Z,153.7600,157.4700,153.7200,156.4100,1800467
2024-10-19T16:00:00Z,156.4100,156.9200,155.2400,156.3100,1221241
2024-10-19T20:00:00Z,156.3100,159.7800,156.0400,159.7000,1524535
2024-10-20T00:00:00Z,159.7000,160.5900,158.0600,158.9600,1812188
2024-10-20T04:00:00Z,158.9500,160.5600,158.5200,158.7200,1441940
2024-10-20T08:00:00Z,158.7200,159.3500,158.2800,159.1500,780949
2024-10-20T12:00:00Z,159.1400,161.5300,157.5400,159.9300,3350449
2024-10-20T16:00:00Z,159.9400,161.1700,159.1000,160.2900,1256073
2024-10-20T20:00:00Z,160.2900,167.9500,160.0600,167.4200,5850490
2024-10-21T00:00:00Z,167.4200,170.1300,167.1900,169.5600,3930300
2024-10-21T04:00:00Z,169.5600,171.9300,168.6100,168.7200,2782930
2024-10-21T08:00:00Z,168.7200,169.6900,165.8000,166.4700,3130985
2024-10-21T12:00:00Z,166.4800,167.1500,161.3500,165.3600,6061949
2024-10-21T16:00:00Z,165.3500,168.0400,163.0300,167.7500,2967158
2024-10-21T20:00:00Z,167.7500,168.2200,166.0000,166.1300,1699628
2024-10-22T00:00:00Z,166.1200,167.8900,162.9600,166.3800,2676715
2024-10-22T04:00:00Z,166.3800,168.9900,166.0900,167.1100,1887135
2024-10-22T08:00:00Z,167.1000,169.3700,163.5000,167.8900,4443828
2024-10-22T12:00:00Z,167.8900,170.9500,164.7900,167.7500,6302126
2024-10-22T16:00:00Z,167.7500,169.1400,165.9000,168.4100,2143678
2024-10-22T20:00:00Z,168.4100,169.1400,166.7200,167.5600,1097348
2024-10-23T00:00:00Z,167.5600,167.9090,164.5000,165.4500,1879313
2024-10-23T04:00:00Z,165.4400,166.3600,164.2400,165.6700,1723145
2024-10-23T08:00:00Z,165.6600,166.9200,164.1000,166.3500,2553290
2024-10-23T12:00:00Z,166.3500,169.5000,164.8700,168.0700,4638142
2024-10-23T16:00:00Z,168.0700,173.8000,164.6000,173.0200,6617852
2024-10-23T20:00:00Z,173.0300,174.3200,170.0000,170.8100,2500224
2024-10-24T00:00:00Z,170.8200,174.9600,170.4600,174.1100,2423066
2024-10-24T04:00:00Z,174.1000,175.2500,172.7000,173.5000,2217184
2024-10-24T08:00:00Z,173.4900,174.3900,170.8700,173.7800,2956081
2024-10-24T12:00:00Z,173.7900,177.2500,173.6200,175.3600,4651405
2024-10-24T16:00:00Z,175.3600,177.7900,174.4700,177.3530,2438777
2024-10-24T20:00:00Z,177.3530,179.3000,176.3900,177.1000,2372742
2024-10-25T00:00:00Z,177.1000,177.4000,174.3100,174.6500,1962042
2024-10-25T04:00:00Z,174.6500,175.0300,171.4300,171.8500,3045294
2024-10-25T08:00:00Z,171.8500,174.0700,170.7000,173.5600,2826378
2024-10-25T12:00:00Z,173.5600,177.5600,171.1300,172.3500,4692340
2024-10-25T16:00:00Z,172.3400,172.9700,165.0000,167.9000,8762664
2024-10-25T20:00:00Z,167.9000,168.7900,159.1200,164.8000,6852923
2024-10-26T00:00:00Z,164.8100,165.9000,162.4100,165.5900,3259537
2024-10-26T04:00:00Z,165.6000,169.1800,165.2500,167.2500,2295290
2024-10-26T08:00:00Z,167.2600,170.2800,167.2300,168.6100,2014141
2024-10-26T12:00:00Z,168.6200,169.4100,167.1000,168.5600,2146929
2024-10-26T16:00:00Z,168.5600,172.2800,168.2800,171.4400,1889949
2024-10-26T20:00:00Z,171.4500,173.2000,170.6000,170.8100,1712361
2024-10-27T00:00:00Z,170.8100,173.1500,170.2000,172.0500,1411711
2024-10-27T04:00:00Z,172.0400,173.4200,171.5600,173.1700,1112367
2024-10-27T08:00:00Z,173.1600,175.4600,173.0800,173.9600,2567256
2024-10-27T12:00:00Z,173.9600,176.9700,173.9500,175.7100,2939277
2024-10-27T16:00:00Z,175.7100,177.7500,174.6200,177.1300,2751800
2024-10-27T20:00:00Z,177.1400,178.2200,176.5100,176.5800,1561970
2024-10-28T00:00:00Z,176.5800,177.1220,174.6600,175.6700,1899574
2024-10-28T04:00:00Z,175.6700,176.6700,173.0600,175.5900,2961804
2024-10-28T08:00:00Z,175.6000,178.4700,175.5100,176.8800,2514860
2024-10-28T12:00:00Z,176.8700,177.9000,173.1600,173.3400,4537971
2024-10-28T16:00:00Z,173.3400,178.1000,172.3100,176.1700,3804468
2024-10-28T20:00:00Z,176.5600,179.8000,176.2200,178.2000,2694276
2024-10-29T00:00:00Z,178.2000,182.2600,177.0600,181.8000,4052387
2024-10-29T04:00:00Z,181.7900,182.8100,179.4100,180.1300,2120596
2024-10-29T08:00:00Z,180.1200,181.8100,179.9200,180.7300,1630642
2024-10-29T12:00:00Z,180.7200,181.0100,178.3100,180.5400,3888775
2024-10-29T16:00:00Z,180.5400,183.3400,178.0400,178.1300,5318512
2024-10-29T20:00:00Z,178.1400,180.2400,176.3100,179.4000,2192648
2024-10-30T00:00:00Z,179.4000,180.9300,176.8800,180.1300,2171532
2024-10-30T04:00:00Z,180.1200,181.3900,178.1600,178.7100,1652166
2024-10-30T08:00:00Z,178.7200,179.3600,175.2900,175.6900,2244416
2024-10-30T12:00:00Z,175.6900,177.2400,173.1100,173.9300,4114805
2024-10-30T16:00:00Z,173.9200,175.7800,171.7000,174.2500,2121076
2024-10-30T20:00:00Z,174.2500,177.0000,173.0730,174.8300,2188164
2024-10-31T00:00:00Z,174.8200,176.5500,174.1100,174.3400,1452870
2024-10-31T04:00:00Z,174.3400,176.0100,173.1000,174.4900,1446247
2024-10-31T08:00:00Z,174.5000,176.3400,173.2200,174.9900,1625673
2024-10-31T12:00:00Z,174.9900,175.4300,169.2000,170.6000,4782317
2024-10-31T16:00:00Z,170.6000,170.7500,168.4500,168.6800,2915778
2024-10-31T20:00:00Z,168.6800,170.2400,167.4600,168.6200,2039591
2024-11-01T00:00:00Z,168.6200,169.4200,165.3300,167.1100,2505082
2024-11-01T04:00:00Z,167.1000,167.6000,165.0300,165.9300,1457353
2024-11-01T08:00:00Z,165.9400,168.7200,165.5100,167.8500,1837848
2024-11-01T12:00:00Z,167.8500,173.9900,163.0000,164.0000,7311313
2024-11-01T16:00:00Z,164.0000,167.7900,163.5800,166.5100,3841615
2024-11-01T20:00:00Z,166.5200,167.0900,163.8400,166.0100,1285114
2024-11-02T00:00:00Z,166.0100,168.5700,165.9300,166.9600,1328228
2024-11-02T04:00:00Z,166.9600,167.6100,165.5900,167.5400,900975
2024-11-02T08:00:00Z,167.5400,167.7800,165.7700,165.9200,832525
2024-11-02T12:00:00Z,165.9200,166.3500,162.1000,163.7300,2665074
2024-11-02T16:00:00Z,163.7400,165.3500,162.9100,165.0800,1457255
2024-11-02T20:00:00Z,165.0900,166.8600,164.8300,166.0900,949778
2024-11-03T00:00:00Z,166.0900,166.5400,160.7100,161.8600,3447740
2024-11-03T04:00:00Z,161.8700,164.0300,161.6900,163.4700,1419013
2024-11-03T08:00:00Z,163.4700,164.7700,162.5800,163.5300,1390474
2024-11-03T12:00:00Z,163.5300,164.5500,157.7700,159.8700,5174871
2024-11-03T16:00:00Z,159.8700,161.8000,158.0000,161.0000,2911375
2024-11-03T20:00:00Z,160.9900,163.7500,160.4200,162.4400,2159682
2024-11-04T00:00:00Z,162.4500,164.9530,160.3600,162.7600,2160637
2024-11-04T04:00:00Z,162.7500,163.7900,161.2940,161.3200,1269473
2024-11-04T08:00:00Z,161.3100,164.7800,160.0000,163.9800,2394973
2024-11-04T12:00:00Z,163.9800,164.9300,161.5200,162.9700,2481428
2024-11-04T16:00:00Z,162.9600,163.3900,159.0600,159.5400,2628023
2024-11-04T20:00:00Z,159.5300,159.9400,155.0300,157.8700,3472093
2024-11-05T00:00:00Z,157.8600,159.6000,156.8100,159.5500,1898353
2024-11-05T04:00:00Z,159.5600,162.3400,159.2400,161.9200,1645987
2024-11-05T08:00:00Z,161.9200,163.0200,160.9200,162.2600,1918749
2024-11-05T12:00:00Z,162.2700,167.7900,161.7400,165.8300,4724772
2024-11-05T16:00:00Z,165.8400,169.2000,163.3000,163.9700,3946789
2024-11-05T20:00:00Z,163.9700,167.5800,163.1300,166.5500,2376441
2024-11-06T00:00:00Z,166.5500,185.0000,166.2700,184.9100,12759805
2024-11-06T04:00:00Z,184.9100,188.4300,182.6900,184.0800,10663754
2024-11-06T08:00:00Z,184.0700,186.8700,180.3300,186.7700,5129611
2024-11-06T12:00:00Z,186.7800,188.7200,184.3300,185.5700,5816498
2024-11-06T16:00:00Z,185.5700,188.4600,184.7800,188.4600,3365750
2024-11-06T20:00:00Z,188.4500,190.1800,186.4300,186.6100,4418619
2024-11-07T00:00:00Z,186.6000,192.0800,185.8000,189.1800,4565651
2024-11-07T04:00:00Z,189.1700,190.2100,186.1000,188.0800,2383271
2024-11-07T08:00:00Z,188.0800,189.4200,186.0100,186.1000,1679975
2024-11-07T12:00:00Z,186.1000,192.8400,185.9800,192.7400,3994090
2024-11-07T16:00:00Z,192.7400,197.9400,191.0810,197.0600,6980063
2024-11-07T20:00:00Z,197.0600,197.8900,194.1900,196.4700,2787684
2024-11-08T00:00:00Z,196.4600,201.2600,195.6900,198.2300,4098501
2024-11-08T04:00:00Z,198.2200,200.9300,197.3900,200.5000,2803068
2024-11-08T08:00:00Z,200.5000,205.0000,198.1500,203.1100,4548607
2024-11-08T12:00:00Z,203.1100,205.3300,198.5000,201.0100,5884478
2024-11-08T16:00:00Z,201.0100,202.1400,196.2300,199.5700,4292686
2024-11-08T20:00:00Z,199.5600,200.2300,197.1200,199.9200,1689348
2024-11-09T00:00:00Z,199.9300,200.3700,197.2400,199.0200,1873594
2024-11-09T04:00:00Z,199.0200,202.5000,199.0200,200.3100,2090205
2024-11-09T08:00:00Z,200.3100,203.5600,199.9500,202.2500,2252403
2024-11-09T12:00:00Z,202.2500,202.6500,197.3100,198.4000,2670428
2024-11-09T16:00:00Z,198.4000,199.6800,195.0200,197.7700,2772150
2024-11-09T20:00:00Z,197.7700,202.0600,197.4100,199.9400,2061619
2024-11-10T00:00:00Z,199.9500,205.0200,198.7400,201.4300,3493667
2024-11-10T04:00:00Z,201.4300,209.5000,200.9200,205.0800,5674947
2024-11-10T08:00:00Z,205.0900,207.7000,204.0700,206.7800,2541857
2024-11-10T12:00:00Z,206.7800,213.7400,203.6000,212.5600,6451201
2024-11-10T16:00:00Z,212.5600,215.6400,206.2000,208.6000,5789577
2024-11-10T20:00:00Z,208.6000,214.2500,200.0000,210.2900,6403951
2024-11-11T00:00:00Z,210.2900,212.7200,208.3000,210.1200,2965180
2024-11-11T04:00:00Z,210.1300,210.3900,204.2600,208.0800,3408981
2024-11-11T08:00:00Z,208.0800,217.8800,206.6900,217.8200,5103067
2024-11-11T12:00:00Z,217.8100,221.3900,214.6600,219.1800,7520826
2024-11-11T16:00:00Z,219.1800,222.5400,216.4000,217.9600,5430463
2024-11-11T20:00:00Z,217.9600,224.3500,216.8000,222.3300,5677723
2024-11-12T00:00:00Z,222.3300,222.7700,215.3000,220.8900,4727548
2024-11-12T04:00:00Z,220.8900,222.1800,216.3700,222.0200,3345877
2024-11-12T08:00:00Z,222.0100,225.6900,209.2400,211.5000,9894942
2024-11-12T12:00:00Z,211.5000,214.3900,205.0100,210.6500,8017013
2024-11-12T16:00:00Z,210.6600,215.5800,206.8100,213.3600,3723784
2024-11-12T20:00:00Z,213.3700,215.7100,210.2300,211.7700,2817300
2024-11-13T00:00:00Z,211.7700,213.4300,203.1100,203.3200,4394932
2024-11-13T04:00:00Z,203.3100,207.3900,200.8500,205.3700,5296286
2024-11-13T08:00:00Z,205.3800,209.4500,204.0100,207.8000,3413144
2024-11-13T12:00:00Z,207.8100,217.5600,206.0400,216.6900,9326353
2024-11-13T16:00:00Z,216.7000,220.7700,210.4000,211.0100,8071554
2024-11-13T20:00:00Z,211.0200,215.6600,206.0600,215.2800,4410857
2024-11-14T00:00:00Z,215.2900,219.6700,212.1900,219.6100,3227760
2024-11-14T04:00:00Z,219.6100,220.9900,215.2600,218.2300,3409304
2024-11-14T08:00:00Z,218.2300,223.0400,213.6100,216.1400,4617528
2024-11-14T12:00:00Z,216.1300,218.0800,208.9600,211.0200,5241828
2024-11-14T16:00:00Z,211.0200,217.2800,210.0000,215.7200,3024786
2024-11-14T20:00:00Z,215.7200,215.7200,206.8500,209.6500,3133759
2024-11-15T00:00:00Z,209.6400,213.0200,208.0600,209.1700,2389767
2024-11-15T04:00:00Z,209.1600,210.7500,204.5100,209.2900,2797868
2024-11-15T08:00:00Z,209.3000,213.9840,207.9200,213.6300,2362488
2024-11-15T12:00:00Z,213.6300,215.4400,206.7500,208.3200,4347607
2024-11-15T16:00:00Z,208.3200,213.6500,208.1000,212.4600,2645811
2024-11-15T20:00:00Z,212.4700,221.0500,212.3200,218.6800,3526190
2024-11-16T00:00:00Z,218.6900,221.8800,216.0500,221.5300,1934835
2024-11-16T04:00:00Z,221.5200,222.1600,218.6100,219.0800,1844769
2024-11-16T08:00:00Z,219.0900,219.9500,216.7600,219.1000,1609871
2024-11-16T12:00:00Z,219.1100,222.1300,213.7400,215.1200,4808046
2024-11-16T16:00:00Z,215.1200,217.1100,213.4500,216.3300,2056306
2024-11-16T20:00:00Z,216.3400,217.4900,214.0900,215.8700,1288028
2024-11-17T00:00:00Z,215.8600,221.6200,212.1800,221.5500,3826154
2024-11-17T04:00:00Z,221.5500,240.2900,221.5500,237.5000,9303685
2024-11-17T08:00:00Z,237.4900,242.4900,234.5000,235.0500,5264199
2024-11-17T12:00:00Z,235.0500,236.3300,229.4400,234.1100,4938638
2024-11-17T16:00:00Z,234.1200,235.8000,231.4000,235.5500,2479148
2024-11-17T20:00:00Z,235.5600,238.6100,231.7600,237.6100,2916923
2024-11-18T00:00:00Z,237.6200,244.5000,234.1200,244.4100,3321838
2024-11-18T04:00:00Z,244.4400,245.5000,239.5300,242.2200,3505715
2024-11-18T08:00:00Z,242.2100,248.6600,240.0000,242.7320,5130217
2024-11-18T12:00:00Z,242.7320,245.1800,238.2000,243.5300,5532550
2024-11-18T16:00:00Z,243.5300,244.1600,234.3100,236.5100,4552730
2024-11-18T20:00:00Z,236.5000,241.1000,235.8800,239.9600,2555530
2024-11-19T00:00:00Z,239.9700,243.5900,237.6500,240.7900,2182290
2024-11-19T04:00:00Z,240.7900,244.6100,238.8000,243.4900,1933064
2024-11-19T08:00:00Z,243.4900,247.3700,242.0500,246.2300,3040844
2024-11-19T12:00:00Z,246.2400,247.8200,238.5000,240.6800,5319095
2024-11-19T16:00:00Z,240.6800,244.7500,240.1100,243.7300,2355113
2024-11-19T20:00:00Z,243.7300,244.4500,233.4700,237.6900,3963672
2024-11-20T00:00:00Z,237.6800,237.9500,230.5600,233.8700,3115497
2024-11-20T04:00:00Z,233.8600,236.3900,231.4900,235.9100,1768667
2024-11-20T08:00:00Z,235.9200,238.8200,234.7000,237.5300,2602387
2024-11-20T12:00:00Z,237.5300,242.5800,235.4500,238.3500,4298507
2024-11-20T16:00:00Z,238.3200,239.1400,231.0300,232.9700,4237335
2024-11-20T20:00:00Z,232.9700,238.0000,231.7000,235.4700,2221333
2024-11-21T00:00:00Z,235.4600,238.7400,229.3500,235.7600,3196400
2024-11-21T04:00:00Z,235.7600,242.8400,235.6100,241.4400,4570974
2024-11-21T08:00:00Z,241.4500,243.4600,239.9500,240.0100,2465873
2024-11-21T12:00:00Z,240.0100,253.4700,239.9800,249.0300,10860847
2024-11-21T16:00:00Z,249.0300,260.2800,248.4100,254.1900,7399936
2024-11-21T20:00:00Z,254.1800,257.7500,253.1600,256.5900,2434724
2024-11-22T00:00:00Z,256.5900,264.6400,252.5200,262.6700,3944314
2024-11-22T04:00:00Z,262.6700,263.0000,258.0300,259.3900,2716966
2024-11-22T08:00:00Z,259.3900,261.1700,256.3600,259.4300,2109610
2024-11-22T12:00:00Z,259.4400,260.5700,252.5800,256.5600,4608617
2024-11-22T16:00:00Z,256.5700,256.5700,251.5100,254.1900,2509471
2024-11-22T20:00:00Z,254.1900,258.1800,253.4200,257.1000,1680101
2024-11-23T00:00:00Z,257.1100,257.9500,253.4300,257.4100,1886947
2024-11-23T04:00:00Z,257.4200,264.4000,257.0900,258.4500,3665471
2024-11-23T08:00:00Z,258.4500,259.7200,256.0000,256.2800,1626150
2024-11-23T12:00:00Z,256.2800,263.8300,256.0400,259.9400,3437463
2024-11-23T16:00:00Z,259.9400,260.6200,254.2600,254.5800,3982201
2024-11-23T20:00:00Z,254.5800,256.2800,252.8400,255.0700,2075324
2024-11-24T00:00:00Z,255.0700,260.0900,254.6100,258.8100,1517529
2024-11-24T04:00:00Z,258.8100,259.4900,254.3300,256.8400,1060557
2024-11-24T08:00:00Z,256.8400,257.0000,248.1700,248.6200,2617820
2024-11-24T12:00:00Z,248.6200,250.3900,241.1000,244.4000,4410864
2024-11-24T16:00:00Z,244.3900,250.5300,243.8600,248.7100,1896005
2024-11-24T20:00:00Z,248.7000,254.9400,248.2800,252.9400,1452617
2024-11-25T00:00:00Z,252.9500,253.4300,245.8100,252.6100,1845813
2024-11-25T04:00:00Z,252.6000,254.2700,251.8300,253.4700,1279477
2024-11-25T08:00:00Z,253.4600,257.0400,251.3700,252.3300,1978122
2024-11-25T12:00:00Z,252.3200,252.7300,235.2500,245.0800,5941204
2024-11-25T16:00:00Z,245.0700,246.3600,237.4200,239.7700,3310669
2024-11-25T20:00:00Z,239.7800,241.2400,231.2800,234.2900,3443088
2024-11-26T00:00:00Z,234.2800,239.5900,233.7100,237.5600,1969571
2024-11-26T04:00:00Z,237.5600,239.7400,235.0100,235.8300,1313525
2024-11-26T08:00:00Z,235.8300,236.6700,221.7100,227.7300,6073276
2024-11-26T12:00:00Z,227.7400,232.4800,225.8000,227.3800,3866758
2024-11-26T16:00:00Z,227.3900,232.5800,223.4300,229.0900,3085210
2024-11-26T20:00:00Z,229.0900,232.2400,227.4600,230.7300,1826314
2024-11-27T00:00:00Z,230.7200,233.8100,228.0700,231.4800,1886067
2024-11-27T04:00:00Z,231.5000,234.9900,227.4500,234.3100,2028436
2024-11-27T08:00:00Z,234.3200,237.1800,232.0400,235.0400,2013717
2024-11-27T12:00:00Z,235.0300,241.0000,232.6500,240.5900,3083515
2024-11-27T16:00:00Z,240.5900,241.1700,237.7400,239.1000,1883788
2024-11-27T20:00:00Z,239.1000,243.4200,238.8100,242.0500,2052267
2024-11-28T00:00:00Z,242.0400,245.3800,238.0900,240.0300,2496289
2024-11-28T04:00:00Z,240.0400,241.1900,236.5500,238.0600,1435996
2024-11-28T08:00:00Z,238.0700,239.2500,234.3200,236.9100,1910558
2024-11-28T12:00:00Z,236.9000,237.7800,232.7800,233.0600,2203773
2024-11-28T16:00:00Z,233.0600,237.0700,233.0600,235.4800,1340397
2024-11-28T20:00:00Z,235.4900,238.4000,234.8800,237.6000,858477
2024-11-29T00:00:00Z,237.6000,243.1900,236.5200,242.0500,1585735
2024-11-29T04:00:00Z,242.0400,242.2700,237.6000,237.6700,1563919
2024-11-29T08:00:00Z,237.6700,245.6400,237.6700,245.3400,1713088
2024-11-29T12:00:00Z,245.3300,246.8800,242.1800,243.5800,3046076
2024-11-29T16:00:00Z,243.5900,244.6600,240.0800,241.2700,1606637
2024-11-29T20:00:00Z,241.2700,245.4600,241.1000,243.4400,1179953
2024-11-30T00:00:00Z,243.4400,243.4500,239.0000,243.0300,1483270
2024-11-30T04:00:00Z,243.0400,245.2900,241.6800,244.3700,1359104
2024-11-30T08:00:00Z,244.3800,245.5900,240.1400,241.5700,1638943
2024-11-30T12:00:00Z,241.5700,243.2500,238.7100,240.0000,1618217
2024-11-30T16:00:00Z,240.0000,240.7200,238.9100,240.0600,882034
2024-11-30T20:00:00Z,240.0600,241.3600,237.5500,237.7300,1041093
2024-12-01T00:00:00Z,237.7300,240.0600,234.1800,235.7600,2475671
2024-12-01T04:00:00Z,235.7600,237.0600,235.1100,235.6500,719620
2024-12-01T08:00:00Z,235.6500,239.0300,235.5000,237.2800,1138047
2024-12-01T12:00:00Z,237.2700,239.5000,236.3300,238.6800,1185341
2024-12-01T16:00:00Z,238.6800,239.5800,235.1200,236.5000,1454915
2024-12-01T20:00:00Z,236.4900,239.4000,234.3400,237.0600,1485227
2024-12-02T00:00:00Z,237.0600,238.5900,228.0000,228.5700,4112161
2024-12-02T04:00:00Z,228.5600,230.4900,226.0500,228.8000,3230297
2024-12-02T08:00:00Z,228.7900,229.0100,223.0700,224.9800,3581045
2024-12-02T12:00:00Z,224.9800,229.7700,221.7100,229.3500,3944914
2024-12-02T16:00:00Z,229.3600,230.2000,220.1100,224.1800,3404956
2024-12-02T20:00:00Z,224.1700,226.0000,221.3600,225.8800,1772092
2024-12-03T00:00:00Z,225.8700,229.5500,223.3700,228.1000,2271769
2024-12-03T04:00:00Z,228.1000,231.1900,225.2200,227.1200,2404246
2024-12-03T08:00:00Z,227.1200,228.7300,223.0400,225.7900,2161850
2024-12-03T12:00:00Z,225.7700,226.5500,215.1100,223.4500,7044859
2024-12-03T16:00:00Z,223.4500,228.6500,220.5000,228.3700,2942575
2024-12-03T20:00:00Z,228.3600,239.8100,227.8800,234.1000,5728604
2024-12-04T00:00:00Z,234.1200,240.8600,234.1200,237.8500,3383188
2024-12-04T04:00:00Z,237.8500,241.0700,236.0000,236.8500,1624399
2024-12-04T08:00:00Z,236.8500,238.2000,235.1500,236.2000,1648263
2024-12-04T12:00:00Z,236.2100,236.3700,230.0700,233.9800,3797677
2024-12-04T16:00:00Z,233.9900,234.2800,224.8200,232.8300,4483740
2024-12-04T20:00:00Z,232.8300,236.5000,226.0000,229.3200,3451239
2024-12-05T00:00:00Z,229.3200,238.9500,223.1100,233.1900,5712221
2024-12-05T04:00:00Z,233.1900,238.5500,231.6100,234.0700,3027915
2024-12-05T08:00:00Z,234.0800,242.8600,233.7200,242.1400,3411702
2024-12-05T12:00:00Z,242.1400,245.1200,236.2900,239.2400,5399135
2024-12-05T16:00:00Z,239.2400,243.1900,232.5600,233.3200,3553109
2024-12-05T20:00:00Z,233.3300,240.8800,224.0000,236.0500,6039292
2024-12-06T00:00:00Z,236.0500,247.3200,234.6200,242.1900,4787640
2024-12-06T04:00:00Z,242.1900,243.1000,237.8300,239.5000,1692901
2024-12-06T08:00:00Z,239.5000,240.6900,233.7200,234.2700,2526798
2024-12-06T12:00:00Z,234.2600,240.0000,231.0300,238.2000,4241400
2024-12-06T16:00:00Z,238.2000,240.6700,237.2200,239.9700,2510837
2024-12-06T20:00:00Z,239.9600,240.9900,235.5200,237.0800,1683648
2024-12-07T00:00:00Z,237.0800,237.6700,234.2100,235.0800,1335647
2024-12-07T04:00:00Z,235.0800,236.7500,234.5100,236.3700,900180
2024-12-07T08:00:00Z,236.3700,239.5100,235.1600,238.3400,1500471
2024-12-07T12:00:00Z,238.3300,243.4700,237.4800,241.0200,2543686
2024-12-07T16:00:00Z,241.0200,242.8000,239.0800,241.9100,1889727
2024-12-07T20:00:00Z,241.9200,243.8900,237.9200,238.3000,2023584
2024-12-08T00:00:00Z,238.2900,241.7600,237.8000,240.8700,1272015
2024-12-08T04:00:00Z,240.8600,241.2800,236.7200,237.7400,1425911
2024-12-08T08:00:00Z,237.7400,237.9400,233.3300,236.0800,2092084
2024-12-08T12:00:00Z,236.0800,237.8400,234.6000,237.5300,1713770
2024-12-08T16:00:00Z,237.5300,237.9000,234.2000,236.7000,1214782
2024-12-08T20:00:00Z,236.7000,237.9900,234.7700,237.2400,891917
2024-12-09T00:00:00Z,237.2300,237.5000,230.3500,232.0000,2665198
2024-12-09T04:00:00Z,232.0000,232.9800,228.3900,231.6900,2323348
2024-12-09T08:00:00Z,231.6900,231.9500,225.5000,226.1600,3054990
2024-12-09T12:00:00Z,226.1600,231.8700,223.0300,224.4700,4656944
2024-12-09T16:00:00Z,224.4700,226.3200,221.8600,222.1700,2734031
2024-12-09T20:00:00Z,222.1600,226.1000,200.0000,216.6500,13320356
2024-12-10T00:00:00Z,216.6600,221.0200,206.9500,215.8300,5749651
2024-12-10T04:00:00Z,215.8300,218.7100,212.2000,217.3200,2378118
2024-12-10T08:00:00Z,217.3100,218.5800,215.1000,216.1800,1695865
2024-12-10T12:00:00Z,216.1700,218.5600,206.2100,206.4900,6320807
2024-12-10T16:00:00Z,206.5000,212.7040,203.1700,212.0400,7201068
2024-12-10T20:00:00Z,212.0300,216.2200,211.2400,213.5800,1988857
2024-12-11T00:00:00Z,213.5800,219.3300,211.4300,219.3100,3302502
2024-12-11T04:00:00Z,219.3200,220.2600,216.8600,218.4000,1630885
2024-12-11T08:00:00Z,218.4000,225.3800,218.2300,224.6900,2494317
2024-12-11T12:00:00Z,224.7000,230.2500,224.0100,228.3600,3896137
2024-12-11T16:00:00Z,228.3800,230.4700,227.2300,229.7500,2304348
2024-12-11T20:00:00Z,229.7600,230.6500,226.7800,227.2900,1176443
2024-12-12T00:00:00Z,227.2900,232.0000,225.6500,230.3300,2343683
2024-12-12T04:00:00Z,230.3300,232.9300,228.8500,229.9900,1755670
2024-12-12T08:00:00Z,229.9800,233.4800,228.2900,229.5500,1880943
2024-12-12T12:00:00Z,229.5600,233.3000,228.5100,231.1800,2859695
2024-12-12T16:00:00Z,231.1900,234.6600,226.5200,227.1700,3159280
2024-12-12T20:00:00Z,227.1600,229.6700,225.6500,226.8800,1570305
2024-12-13T00:00:00Z,226.8800,228.4000,224.1800,227.1100,1617905
2024-12-13T04:00:00Z,227.1100,227.4400,223.0800,224.7200,1642439
2024-12-13T08:00:00Z,224.7100,227.2400,223.7900,225.5300,1205565
2024-12-13T12:00:00Z,225.5300,226.6200,220.6000,221.0200,3033293
2024-12-13T16:00:00Z,221.0200,223.8400,220.5000,223.2300,2432148
2024-12-13T20:00:00Z,223.2400,224.8500,223.0100,224.7100,962655
2024-12-14T00:00:00Z,224.7100,226.9700,223.6100,226.1300,1219567
2024-12-14T04:00:00Z,226.1300,227.4000,225.0200,225.8800,714601
2024-12-14T08:00:00Z,225.8800,226.6800,224.0200,224.2900,876668
2024-12-14T12:00:00Z,224.2900,224.5900,220.3300,222.4600,2032768
2024-12-14T16:00:00Z,222.4500,222.4800,216.6400,217.9700,2420476
2024-12-14T20:00:00Z,217.9800,220.8200,215.0400,219.8400,1732218
2024-12-15T00:00:00Z,219.8500,221.7000,218.7700,219.3500,1023757
2024-12-15T04:00:00Z,219.3500,221.8100,215.5500,217.1400,1641000
2024-12-15T08:00:00Z,217.1400,220.1100,216.3800,218.3500,1139355
2024-12-15T12:00:00Z,218.3600,221.4400,217.2500,220.8200,1572951
2024-12-15T16:00:00Z,220.8200,222.3900,220.4000,221.1500,975499
2024-12-15T20:00:00Z,221.1600,225.5100,216.0900,224.2100,2819916
2024-12-16T00:00:00Z,224.2100,227.4100,220.3200,221.1500,2647724
2024-12-16T04:00:00Z,221.1500,223.8400,220.5000,223.0800,1018569
2024-12-16T08:00:00Z,223.0700,223.2700,213.5000,214.0300,2971520
2024-12-16T12:00:00Z,214.0400,218.0400,213.1200,216.9000,3392521
2024-12-16T16:00:00Z,216.9000,221.7000,216.7700,218.3300,2836768
2024-12-16T20:00:00Z,218.3300,218.9200,215.7400,216.0800,1745768
2024-12-17T00:00:00Z,216.0900,216.6500,211.1500,215.3600,2496058
2024-12-17T04:00:00Z,215.3500,216.5000,212.9400,215.4900,1563384
2024-12-17T08:00:00Z,215.4900,223.8100,215.4200,221.5600,3211735
2024-12-17T12:00:00Z,221.5600,227.5000,216.9500,220.4600,5561427
2024-12-17T16:00:00Z,220.4500,228.9000,219.8200,227.4500,4626462
2024-12-17T20:00:00Z,227.4500,228.5300,221.5200,223.1600,2623304
2024-12-18T00:00:00Z,223.1700,225.9900,217.0100,217.4300,3265454
2024-12-18T04:00:00Z,217.4200,218.2000,213.3600,215.7900,3032240
2024-12-18T08:00:00Z,215.8000,218.8400,215.1800,217.7200,1835111
2024-12-18T12:00:00Z,217.7200,218.7000,214.5300,217.6300,3292607
2024-12-18T16:00:00Z,217.6300,218.2800,211.5100,211.5200,3696090
2024-12-18T20:00:00Z,211.5400,212.6300,204.6100,206.4600,7983276
2024-12-19T00:00:00Z,206.4600,209.1400,199.2300,208.7200,5971046
2024-12-19T04:00:00Z,208.7200,211.9900,207.1400,211.6700,1925148
2024-12-19T08:00:00Z,211.6700,211.7100,207.8500,210.3300,2054686
2024-12-19T12:00:00Z,210.3400,210.9200,202.2900,205.3200,4476461
2024-12-19T16:00:00Z,205.3200,206.8400,187.0000,191.7400,11106579
2024-12-19T20:00:00Z,191.7400,197.9800,187.2000,193.7100,5479708
2024-12-20T00:00:00Z,193.7100,199.6100,191.6000,196.2800,3502035
2024-12-20T04:00:00Z,196.2800,197.3000,188.0000,191.2300,3978646
2024-12-20T08:00:00Z,191.2200,191.4600,175.2000,176.0100,14880151
2024-12-20T12:00:00Z,176.0000,191.1200,175.7900,189.7200,8386997
2024-12-20T16:00:00Z,189.7300,193.0000,188.0500,191.4600,3592627
2024-12-20T20:00:00Z,191.4700,194.3500,187.7500,194.2800,2741585
2024-12-21T00:00:00Z,194.2800,196.4900,192.8600,194.1600,1963202
2024-12-21T04:00:00Z,194.1700,201.9400,194.0700,198.7300,2755802
2024-12-21T08:00:00Z,198.7300,198.8800,192.1000,192.8300,2875331
2024-12-21T12:00:00Z,192.8300,192.9900,183.0900,186.5000,6936728
2024-12-21T16:00:00Z,186.5100,187.3600,178.3100,181.4100,4632467
2024-12-21T20:00:00Z,181.4000,183.3200,178.5600,181.3700,2908067
2024-12-22T00:00:00Z,181.3600,183.7900,179.8200,182.4400,3087397
2024-12-22T04:00:00Z,182.4300,184.7500,177.6800,184.2000,3298729
2024-12-22T08:00:00Z,184.2100,186.8600,183.5800,186.5600,2147095
2024-12-22T12:00:00Z,186.5500,187.7700,179.0000,181.7700,3695757
2024-12-22T16:00:00Z,181.7800,183.9800,177.7200,178.3900,2557148
2024-12-22T20:00:00Z,178.3900,182.2900,176.7700,180.4400,2580638
2024-12-23T00:00:00Z,180.4300,187.3000,176.3600,186.1200,4594302
2024-12-23T04:00:00Z,186.1200,187.6400,179.7400,182.1500,2911389
2024-12-23T08:00:00Z,182.1400,186.4600,181.6100,183.5000,2498862
2024-12-23T12:00:00Z,183.5000,185.6700,180.6500,180.8200,3853210
2024-12-23T16:00:00Z,180.8200,189.5700,180.6800,187.3400,3596765
2024-12-23T20:00:00Z,187.3300,193.3800,186.6400,190.0600,3172077
2024-12-24T00:00:00Z,190.0600,190.3200,186.0500,189.8900,1750869
2024-12-24T04:00:00Z,189.8900,191.8600,189.1700,191.4200,1393188
2024-12-24T08:00:00Z,191.4300,193.8600,190.4200,192.8400,2225195
2024-12-24T12:00:00Z,192.8300,198.9000,191.1500,197.6700,3601462
2024-12-24T16:00:00Z,197.6800,198.5200,195.0300,195.1700,2641941
2024-12-24T20:00:00Z,195.1800,197.9600,193.2100,196.9900,1568788
2024-12-25T00:00:00Z,196.9800,201.7700,196.2800,199.7800,2197882
2024-12-25T04:00:00Z,199.7800,200.4800,197.5900,198.0300,1198795
2024-12-25T08:00:00Z,198.0200,200.4400,194.9800,195.7200,1961744
2024-12-25T12:00:00Z,195.7300,199.3500,194.9500,198.1700,1550809
2024-12-25T16:00:00Z,198.1800,199.3700,196.0400,199.1400,1175901
2024-12-25T20:00:00Z,199.1400,200.0400,195.4800,197.3500,1158293
2024-12-26T00:00:00Z,197.3600,199.6300,195.5800,196.5000,1763913
2024-12-26T04:00:00Z,196.4900,196.5000,193.2200,193.3800,1622333
2024-12-26T08:00:00Z,193.3800,193.7800,188.1000,189.7000,3238726
2024-12-26T12:00:00Z,189.7000,190.0900,187.4400,188.5900,2047433
2024-12-26T16:00:00Z,188.5800,190.9200,187.3000,189.0500,1736688
2024-12-26T20:00:00Z,189.0500,189.9900,186.5300,188.3700,1604076
2024-12-27T00:00:00Z,188.3700,190.3300,187.1500,189.3500,1340918
2024-12-27T04:00:00Z,189.3400,191.1000,185.6400,186.5400,2016945
2024-12-27T08:00:00Z,186.5300,194.2900,186.5100,191.2000,2943705
2024-12-27T12:00:00Z,191.2000,191.3200,183.1900,184.0000,2450020
2024-12-27T16:00:00Z,184.0000,187.2600,182.6600,186.8200,2131278
2024-12-27T20:00:00Z,186.8200,186.9000,183.1000,184.1800,1050589
2024-12-28T00:00:00Z,184.1800,185.9300,183.7100,184.9400,939759
2024-12-28T04:00:00Z,184.9300,186.2300,184.1800,185.0200,711226
2024-12-28T08:00:00Z,185.0200,187.3000,184.8700,187.0800,764684
2024-12-28T12:00:00Z,187.0800,191.2000,186.4000,190.1100,1891550
2024-12-28T16:00:00Z,190.1100,195.2000,189.5200,193.7000,1763054
2024-12-28T20:00:00Z,193.7000,195.9800,192.6100,195.3900,1348592
2024-12-29T00:00:00Z,195.3900,195.6000,192.3400,194.6400,1264178
2024-12-29T04:00:00Z,194.6400,197.2500,193.9800,195.9300,1345656
2024-12-29T08:00:00Z,195.9300,197.2800,194.8100,196.0300,1172112
2024-12-29T12:00:00Z,196.0300,197.6800,192.8200,195.0500,2263763
2024-12-29T16:00:00Z,195.0500,195.3900,192.0300,192.6500,1369454
2024-12-29T20:00:00Z,192.6500,192.7300,188.5000,189.8500,1590874
2024-12-30T00:00:00Z,189.8500,194.3700,189.0000,191.2500,1855604
2024-12-30T04:00:00Z,191.2500,193.6900,189.5200,192.2800,1201712
2024-12-30T08:00:00Z,192.2800,194.1100,191.3800,193.4400,1354837
2024-12-30T12:00:00Z,193.4400,194.7700,185.8700,187.2400,3397648
2024-12-30T16:00:00Z,187.2300,196.2000,185.8100,196.1100,3037022
2024-12-30T20:00:00Z,196.1000,196.4000,189.0000,191.2600,2073555
2024-12-31T00:00:00Z,191.2600,191.9600,188.2400,189.8400,1300007
2024-12-31T04:00:00Z,189.8300,190.6800,187.9100,189.9500,997648
2024-12-31T08:00:00Z,189.9500,194.8500,189.8600,193.7300,1916639
2024-12-31T12:00:00Z,193.7400,198.6800,192.9000,198.3000,2634236
2024-12-31T16:00:00Z,198.3100,199.1600,193.1300,193.7100,2546062
2024-12-31T20:00:00Z,193.7000,194.7500,189.0400,189.2200,1629140
2025-01-01T00:00:00Z,189.2200,192.5800,189.0000,190.3100,1306098
2025-01-01T04:00:00Z,190.3100,190.5500,189.2500,189.9600,876927
2025-01-01T08:00:00Z,189.9700,191.7400,187.8200,191.2200,1470127
2025-01-01T12:00:00Z,191.2300,192.0900,189.0200,191.8100,1451287
2025-01-01T16:00:00Z,191.8200,193.8600,189.1200,193.0300,1579358
2025-01-01T20:00:00Z,193.0200,195.2900,193.0200,194.2200,1293949
2025-01-02T00:00:00Z,194.2200,199.6300,193.3400,198.4600,2365121
2025-01-02T04:00:00Z,198.4700,206.8400,198.4700,205.8400,3654219
2025-01-02T08:00:00Z,205.8400,208.7800,205.6200,208.4300,2419782
2025-01-02T12:00:00Z,208.4200,210.4700,205.3700,206.6800,3655193
2025-01-02T16:00:00Z,206.6700,208.9900,204.6200,206.6200,2236602
2025-01-02T20:00:00Z,206.6200,208.3800,205.1400,208.1700,1157434
2025-01-03T00:00:00Z,208.1700,208.3800,205.5100,207.9300,1130723
2025-01-03T04:00:00Z,207.9400,209.8700,206.9300,207.8600,2070415
2025-01-03T08:00:00Z,207.8600,214.9900,207.4500,214.3900,3345969
2025-01-03T12:00:00Z,214.3800,218.5600,211.9200,217.2600,3736719
2025-01-03T16:00:00Z,217.2700,219.6900,216.3200,216.9800,2140225
2025-01-03T20:00:00Z,216.9900,217.9300,215.7000,217.9100,1217694
2025-01-04T00:00:00Z,217.9200,218.0800,215.5800,216.8800,1254487
2025-01-04T04:00:00Z,216.8900,217.8900,215.4100,216.6200,1003855
2025-01-04T08:00:00Z,216.6100,216.6200,214.3000,216.3600,1216516
2025-01-04T12:00:00Z,216.3600,217.5800,213.4500,214.2400,1966601
2025-01-04T16:00:00Z,214.2400,215.8800,213.6100,215.4700,897811
2025-01-04T20:00:00Z,215.4800,217.1900,215.3000,216.5600,756538
2025-01-05T00:00:00Z,216.5700,218.8100,215.1700,217.8300,1298634
2025-01-05T04:00:00Z,217.8300,218.9800,215.8300,216.3500,1098447
2025-01-05T08:00:00Z,216.3500,216.4400,212.8000,213.8500,1574085
2025-01-05T12:00:00Z,213.8400,214.5400,211.5400,213.4600,1760550
2025-01-05T16:00:00Z,213.4600,214.2100,211.2700,212.7000,1000551
2025-01-05T20:00:00Z,212.7000,214.4300,212.4300,213.3000,710872
2025-01-06T00:00:00Z,213.3100,216.8700,211.4100,215.5000,1912938
2025-01-06T04:00:00Z,215.5000,216.8000,213.7700,215.1300,1369902
2025-01-06T08:00:00Z,215.1300,216.1800,213.1000,216.1700,1198271
2025-01-06T12:00:00Z,216.1800,222.0000,215.6400,221.5100,3950633
2025-01-06T16:00:00Z,221.5200,223.1400,217.2700,219.9000,2343942
2025-01-06T20:00:00Z,219.9000,220.3200,217.4000,218.1100,983156
2025-01-07T00:00:00Z,218.1000,219.0400,216.0900,217.2700,1097173
2025-01-07T04:00:00Z,217.2700,217.3700,215.3300,215.9700,809357
2025-01-07T08:00:00Z,215.9600,216.7900,212.7300,213.9500,1787632
2025-01-07T12:00:00Z,213.9600,214.2800,205.0000,207.6500,6375245
2025-01-07T16:00:00Z,207.6400,208.9900,203.4300,204.4600,3773116
2025-01-07T20:00:00Z,204.4700,204.8900,201.3600,202.0700,2329599
2025-01-08T00:00:00Z,202.0600,203.2000,196.6200,198.6200,3612738
2025-01-08T04:00:00Z,198.6200,199.5300,193.0400,195.5600,4096236
2025-01-08T08:00:00Z,195.5600,197.9600,194.3800,195.4100,2869076
2025-01-08T12:00:00Z,195.4000,199.4800,194.7300,197.6900,3447267
2025-01-08T16:00:00Z,197.6800,197.9100,188.2300,194.1800,5784622
2025-01-08T20:00:00Z,194.1700,198.2100,193.5300,197.3700,1649291
2025-01-09T00:00:00Z,197.3700,198.9800,194.0600,194.2800,1880723
2025-01-09T04:00:00Z,194.2800,195.4500,189.6400,190.0600,2061884
2025-01-09T08:00:00Z,190.0600,192.7500,189.0000,191.0800,1944113
2025-01-09T12:00:00Z,191.0800,192.9000,185.0200,192.0900,4447942
2025-01-09T16:00:00Z,192.0900,192.7000,185.6100,185.8400,2872008
2025-01-09T20:00:00Z,185.8300,187.5100,181.8500,184.8800,3234797
2025-01-10T00:00:00Z,184.8700,189.3900,184.8600,189.0200,1614444
2025-01-10T04:00:00Z,189.0100,192.9300,188.2700,191.6300,1765693
2025-01-10T08:00:00Z,191.6300,192.7700,191.0000,191.8200,1580382
2025-01-10T12:00:00Z,191.8300,192.0700,183.3800,187.2000,5305154
2025-01-10T16:00:00Z,187.2000,192.0000,183.7600,190.1200,3216559
2025-01-10T20:00:00Z,190.1300,190.4700,186.5900,187.5900,1182744
2025-01-11T00:00:00Z,187.5900,188.7100,185.5000,186.2800,969454
2025-01-11T04:00:00Z,186.2800,187.0800,185.0500,186.1300,953933
2025-01-11T08:00:00Z,186.1300,186.8000,184.0100,186.5800,1696774
2025-01-11T12:00:00Z,186.5700,188.1300,185.7500,186.8400,1240604
2025-01-11T16:00:00Z,186.8500,187.9300,185.5500,187.6500,905943
2025-01-11T20:00:00Z,187.6500,191.8200,187.3800,187.9900,1552131
2025-01-12T00:00:00Z,187.9900,188.5000,186.4100,187.2000,947279
2025-01-12T04:00:00Z,187.1900,187.3400,185.4700,186.4700,690475
2025-01-12T08:00:00Z,186.4800,186.9100,185.0400,186.5600,1063170
2025-01-12T12:00:00Z,186.5600,190.9800,186.0500,190.3800,1494532
2025-01-12T16:00:00Z,190.3800,190.7000,188.5600,188.8300,1021500
2025-01-12T20:00:00Z,188.8400,189.9300,186.4400,188.4300,1197679
2025-01-13T00:00:00Z,188.4300,191.9400,184.0800,184.9500,3093655
2025-01-13T04:00:00Z,184.9400,186.9500,181.3800,182.3900,2660458
2025-01-13T08:00:00Z,182.3900,182.4700,175.1200,175.3300,4704709
2025-01-13T12:00:00Z,175.3300,180.2200,167.7100,178.6800,9070043
2025-01-13T16:00:00Z,178.6900,179.7200,174.3500,177.5100,2986029
2025-01-13T20:00:00Z,177.5000,183.7100,176.5100,182.7800,2394263
2025-01-14T00:00:00Z,182.7700,184.5500,181.7700,184.1100,1488625
2025-01-14T04:00:00Z,184.1100,186.8800,184.1000,185.5200,1531893
2025-01-14T08:00:00Z,185.5200,189.9800,185.5000,186.9700,2495754
2025-01-14T12:00:00Z,186.9700,190.0800,185.5300,186.7400,2976541
2025-01-14T16:00:00Z,186.7300,187.8400,185.6400,186.9900,1765282
2025-01-14T20:00:00Z,186.9900,188.7400,185.7200,187.4600,949509
2025-01-15T00:00:00Z,187.4500,189.6600,186.9000,189.6400,1344824
2025-01-15T04:00:00Z,189.6400,190.6900,188.2100,189.8800,1200154
2025-01-15T08:00:00Z,189.8800,190.5900,185.7600,186.8800,2131192
2025-01-15T12:00:00Z,186.8800,197.9800,185.9000,196.3900,5853343
2025-01-15T16:00:00Z,196.3900,202.3200,196.2900,201.8200,3174957
2025-01-15T20:00:00Z,201.8300,205.9400,201.8300,205.7600,2576933
2025-01-16T00:00:00Z,205.7600,206.2100,201.2800,201.9300,2137095
2025-01-16T04:00:00Z,201.9300,203.4600,201.4200,203.0600,884573
2025-01-16T08:00:00Z,203.0600,212.6800,198.4200,212.6700,5617938
2025-01-16T12:00:00Z,212.6600,217.1400,205.4200,208.9900,8650237
2025-01-16T16:00:00Z,208.9900,215.4100,208.7700,214.1100,3499321
2025-01-16T20:00:00Z,214.1200,214.4900,208.4000,211.0200,1810281
2025-01-17T00:00:00Z,211.0300,215.2300,209.7100,211.0400,2209711
2025-01-17T04:00:00Z,211.0400,213.7500,210.8800,213.2000,1412776
2025-01-17T08:00:00Z,213.2000,219.6400,213.1500,218.7200,3795238
2025-01-17T12:00:00Z,218.7100,222.0900,216.2600,218.5300,5383710
2025-01-17T16:00:00Z,218.5300,221.9200,215.5500,217.0500,2991625
2025-01-17T20:00:00Z,217.0400,221.1500,216.3300,219.4600,2542787
2025-01-18T00:00:00Z,219.4600,228.6300,217.1800,220.3200,6583790
2025-01-18T04:00:00Z,220.3200,238.0000,219.6900,232.8100,12314161
2025-01-18T08:00:00Z,232.8100,244.8800,230.6500,238.8500,10062925
2025-01-18T12:00:00Z,238.8500,260.0000,238.8000,257.6700,10351174
2025-01-18T16:00:00Z,257.6800,270.7000,242.3300,255.2800,19381549
2025-01-18T20:00:00Z,255.2800,264.6400,247.1400,261.9000,5782982
2025-01-19T00:00:00Z,261.9100,265.0000,252.0400,255.4500,5778835
2025-01-19T04:00:00Z,255.4600,277.8500,254.0600,271.3300,12715327
2025-01-19T08:00:00Z,271.3200,295.6000,265.7900,286.0900,15451106
2025-01-19T12:00:00Z,286.0900,289.5200,263.2600,270.5100,12926418
2025-01-19T16:00:00Z,270.5100,275.2500,263.8900,269.3900,5189696
2025-01-19T20:00:00Z,269.3900,278.0900,237.6900,252.5200,21409440
2025-01-20T00:00:00Z,252.4900,252.6900,229.2700,241.3500,13240907
2025-01-20T04:00:00Z,241.3400,264.2100,238.8500,261.7700,9019598
2025-01-20T08:00:00Z,261.7700,273.0000,256.6700,260.5900,7379509
2025-01-20T12:00:00Z,260.5900,261.6400,250.0200,253.8200,7753025
2025-01-20T16:00:00Z,253.8500,256.5900,234.5100,246.0800,10613956
2025-01-20T20:00:00Z,246.0800,250.8800,241.1300,241.8900,3775052
2025-01-21T00:00:00Z,241.8800,244.7200,232.0100,237.7900,5698273
2025-01-21T04:00:00Z,237.7900,239.1100,230.3000,236.7200,4278890
2025-01-21T08:00:00Z,236.7100,242.1200,235.4700,239.3400,3926870
2025-01-21T12:00:00Z,239.3500,244.6700,235.7000,240.8300,4831959
2025-01-21T16:00:00Z,240.8200,259.8900,239.7000,253.3300,6068593
2025-01-21T20:00:00Z,253.3400,255.9000,246.5600,250.2600,3033146
2025-01-22T00:00:00Z,250.2500,256.8100,248.2400,253.9700,2184014
2025-01-22T04:00:00Z,253.9700,259.6800,252.2500,258.4300,2512541
2025-01-22T08:00:00Z,258.4200,258.8000,252.0800,257.6700,2842407
2025-01-22T12:00:00Z,257.6800,264.9000,254.1800,257.2100,6670365
2025-01-22T16:00:00Z,257.2100,266.3100,253.2100,265.2100,4985365
2025-01-22T20:00:00Z,265.2200,272.0500,255.6200,257.3000,6356958
2025-01-23T00:00:00Z,257.3100,258.3500,246.3200,248.7500,3926874
2025-01-23T04:00:00Z,248.7400,250.6000,245.0400,249.3900,2806538
2025-01-23T08:00:00Z,249.3700,249.7800,242.2000,244.0600,2861823
2025-01-23T12:00:00Z,244.0500,254.5500,242.0100,249.1700,6098289
2025-01-23T16:00:00Z,249.1900,256.1400,245.1500,246.7200,4268505
2025-01-23T20:00:00Z,246.7200,258.3800,243.4900,253.0100,6835611
2025-01-24T00:00:00Z,253.0100,256.3200,247.0900,252.1200,2948902
2025-01-24T04:00:00Z,252.1000,264.3200,250.5000,259.6400,3714180
2025-01-24T08:00:00Z,259.6300,267.2100,259.6300,266.7000,3426280
2025-01-24T12:00:00Z,266.7000,270.1100,260.7100,262.1100,4431778
2025-01-24T16:00:00Z,262.1200,265.3900,260.2400,261.9300,2345640
2025-01-24T20:00:00Z,261.9300,262.2900,252.6000,253.2200,3691862
2025-01-25T00:00:00Z,253.2200,253.5700,247.9500,252.5500,2782468
2025-01-25T04:00:00Z,252.5600,252.5600,246.0900,247.1500,2012483
2025-01-25T08:00:00Z,247.1500,250.7300,246.1100,249.8100,1952556
2025-01-25T12:00:00Z,249.8100,254.4700,248.0700,253.4800,2516252
2025-01-25T16:00:00Z,253.4800,260.7600,252.8700,258.4200,3413334
2025-01-25T20:00:00Z,258.4100,259.6700,255.4800,256.3200,1707663
2025-01-26T00:00:00Z,256.3200,259.7800,253.4900,258.2900,1926626
2025-01-26T04:00:00Z,258.2900,259.9900,257.2100,258.8400,1275727
2025-01-26T08:00:00Z,258.8300,258.8300,252.6700,255.4000,2005489
2025-01-26T12:00:00Z,255.4100,257.4600,253.1600,254.4500,1904092
2025-01-26T16:00:00Z,254.4500,257.4700,253.6200,256.1700,1243906
2025-01-26T20:00:00Z,256.1700,256.5000,240.1600,240.3200,4071293
2025-01-27T00:00:00Z,240.3200,242.5300,232.7500,235.6400,6036365
2025-01-27T04:00:00Z,235.6400,235.6400,221.7100,227.3900,7558936
2025-01-27T08:00:00Z,227.3900,227.8700,220.7600,225.7300,4988096
2025-01-27T12:00:00Z,225.7400,237.5000,223.5600,233.5200,7455646
2025-01-27T16:00:00Z,233.5200,235.7700,223.8000,226.4700,5277760
2025-01-27T20:00:00Z,226.4600,237.7400,226.4000,234.7700,3554291
2025-01-28T00:00:00Z,234.7900,237.6800,232.8800,236.5200,2255935
2025-01-28T04:00:00Z,236.5200,243.7700,236.4900,238.6900,3105330
2025-01-28T08:00:00Z,238.6900,239.5500,235.3000,238.1600,2017723
2025-01-28T12:00:00Z,238.1600,239.9800,233.6300,237.3400,3682775
2025-01-28T16:00:00Z,237.3300,237.6400,230.2000,232.0500,3255016
2025-01-28T20:00:00Z,232.0500,232.4900,225.0000,226.9100,3437898
2025-01-29T00:00:00Z,226.9200,231.9200,226.6400,231.0700,2003742
2025-01-29T04:00:00Z,231.0700,234.7000,229.7200,234.3200,1395118
2025-01-29T08:00:00Z,234.3300,235.8000,230.0500,231.8700,1853004
2025-01-29T12:00:00Z,231.8600,231.9200,225.8800,228.3000,3262031
2025-01-29T16:00:00Z,228.3100,236.0900,222.4500,231.5600,6080825
2025-01-29T20:00:00Z,231.5500,238.5900,227.4300,228.0400,5171959
2025-01-30T00:00:00Z,228.0400,240.8700,226.7100,240.1600,3380071
2025-01-30T04:00:00Z,240.1600,241.9700,237.0600,238.8100,2645626
2025-01-30T08:00:00Z,238.8100,241.8100,237.9100,241.6300,1740508
2025-01-30T12:00:00Z,241.6300,244.5900,239.0000,240.9800,3334416
2025-01-30T16:00:00Z,240.9800,243.2900,238.5400,240.9700,1731316
2025-01-30T20:00:00Z,240.9700,242.0800,238.1100,238.1500,1230462
2025-01-31T00:00:00Z,238.1500,239.0600,235.0000,235.8300,1637152
2025-01-31T04:00:00Z,235.8400,238.2800,234.8000,235.5700,1454427
2025-01-31T08:00:00Z,235.5700,238.9500,234.0900,238.6900,1639177
2025-01-31T12:00:00Z,238.6900,241.8000,235.9500,240.0300,3237477
2025-01-31T16:00:00Z,240.0200,240.1300,230.0100,230.3400,3261539
2025-01-31T20:00:00Z,230.3400,231.7000,228.1000,231.5900,2017689
2025-02-01T00:00:00Z,231.6000,234.0200,230.4900,231.3700,1603107
2025-02-01T04:00:00Z,231.3700,232.9700,229.8000,230.5500,866569
2025-02-01T08:00:00Z,230.5600,230.8500,226.2200,227.9800,1811945
2025-02-01T12:00:00Z,227.9800,229.3500,224.6700,226.2500,1910369
2025-02-01T16:00:00Z,226.2400,227.5000,220.6100,221.6300,2243370
2025-02-01T20:00:00Z,221.6200,221.6300,212.5800,212.8900,4052635
2025-02-02T00:00:00Z,212.8800,218.7100,206.7400,206.9900,4636190
2025-02-02T04:00:00Z,206.9800,213.9300,206.6200,211.6800,3437621
2025-02-02T08:00:00Z,211.6800,215.6500,207.6000,208.6200,3106334
2025-02-02T12:00:00Z,208.6200,214.0300,208.1400,211.9200,3271653
2025-02-02T16:00:00Z,211.9200,212.0000,194.7500,203.4500,11062405
2025-02-02T20:00:00Z,203.4500,206.6600,191.8500,203.4200,7325721
2025-02-03T00:00:00Z,203.4200,203.7900,173.3300,197.7300,19214591
2025-02-03T04:00:00Z,197.7400,199.7700,189.1400,198.9700,5799876
2025-02-03T08:00:00Z,198.9700,201.9500,193.2200,198.4800,4919944
2025-02-03T12:00:00Z,198.4900,209.9200,189.7200,206.9000,9305787
2025-02-03T16:00:00Z,206.9000,214.8100,203.2600,214.6800,5392704
2025-02-03T20:00:00Z,214.6800,218.4200,209.7700,216.2000,3655550
2025-02-04T00:00:00Z,216.1900,219.8900,213.8100,215.4000,2727221
2025-02-04T04:00:00Z,215.3900,215.9900,201.7560,204.1200,5589498
2025-02-04T08:00:00Z,204.1200,210.6900,202.3300,207.5900,3033685
2025-02-04T12:00:00Z,207.5800,216.7100,207.5800,215.5800,5423870
2025-02-04T16:00:00Z,215.5800,218.3000,208.1400,208.1500,4984661
2025-02-04T20:00:00Z,208.1500,210.3100,202.4600,206.4800,5480988
2025-02-05T00:00:00Z,206.4900,209.2600,205.0200,207.2400,2194479
2025-02-05T04:00:00Z,207.2300,208.2000,203.4000,204.9700,2096060
2025-02-05T08:00:00Z,204.9600,206.8360,202.7700,206.1700,2067439
2025-02-05T12:00:00Z,206.1700,207.5300,201.2700,201.6400,3191770
2025-02-05T16:00:00Z,201.6400,202.0300,196.2700,199.4200,4278104
2025-02-05T20:00:00Z,199.4200,200.4800,195.0500,196.0300,1944639
2025-02-06T00:00:00Z,196.0300,201.1600,196.0000,200.5500,2111453
2025-02-06T04:00:00Z,200.5600,203.8600,200.1300,201.9300,1935399
2025-02-06T08:00:00Z,201.9300,202.8400,198.5200,200.1600,2028745
2025-02-06T12:00:00Z,200.1600,200.5600,190.4800,191.1400,4500843
2025-02-06T16:00:00Z,191.1400,192.9000,188.1400,189.7900,4210447
2025-02-06T20:00:00Z,189.7900,194.7300,187.1600,189.4500,2761716
2025-02-07T00:00:00Z,189.4500,195.8000,189.0500,193.2000,2673365
2025-02-07T04:00:00Z,193.2000,195.2700,189.1000,192.4200,2285755
2025-02-07T08:00:00Z,192.4200,198.5800,191.5400,198.3600,2212947
2025-02-07T12:00:00Z,198.3600,203.3100,195.8100,197.9900,6286611
2025-02-07T16:00:00Z,198.0000,199.1000,194.5700,195.3500,3033020
2025-02-07T20:00:00Z,195.3400,195.5600,188.0000,191.8400,3177271
2025-02-08T00:00:00Z,191.8400,194.1700,191.2400,192.8800,1749710
2025-02-08T04:00:00Z,192.8800,193.2600,189.6700,192.6900,1655391
2025-02-08T08:00:00Z,192.6900,194.8800,191.5600,194.3100,1418674
2025-02-08T12:00:00Z,194.3100,196.3200,192.6700,193.3200,1786481
2025-02-08T16:00:00Z,193.3200,198.2800,193.1200,196.7800,1735707
2025-02-08T20:00:00Z,196.7900,200.7500,196.6000,199.2100,1170853
2025-02-09T00:00:00Z,199.2200,206.8700,198.3600,206.8400,2125794
2025-02-09T04:00:00Z,206.8500,207.2600,203.6900,203.8700,1995124
2025-02-09T08:00:00Z,203.8800,204.4000,201.1100,201.3000,2412920
2025-02-09T12:00:00Z,201.3000,202.6800,196.3000,200.5100,2874191
2025-02-09T16:00:00Z,200.5000,202.0000,197.6200,198.9600,1527678
2025-02-09T20:00:00Z,198.9600,200.9100,193.2200,200.3200,3149768
2025-02-10T00:00:00Z,200.3100,205.0000,195.7100,201.8500,4245395
2025-02-10T04:00:00Z,201.8500,204.5700,199.8000,202.7000,1963238
2025-02-10T08:00:00Z,202.6900,205.9100,202.4600,204.3600,1876497
2025-02-10T12:00:00Z,204.3600,208.9000,201.2900,202.9700,4220580
2025-02-10T16:00:00Z,202.9600,204.3000,200.8000,201.2400,1710530
2025-02-10T20:00:00Z,201.2500,202.6400,199.1400,200.3200,1316725
2025-02-11T00:00:00Z,200.3200,204.5600,199.7900,200.9700,2405118
2025-02-11T04:00:00Z,200.9700,206.0700,200.8800,204.3100,2285877
2025-02-11T08:00:00Z,204.3100,205.8300,201.0600,203.2600,2322832
2025-02-11T12:00:00Z,203.2700,203.2700,197.6200,199.2900,2843083
2025-02-11T16:00:00Z,199.2800,199.9500,194.9400,195.5200,2562614
2025-02-11T20:00:00Z,195.5100,199.3000,195.3300,197.8700,1800442
2025-02-12T00:00:00Z,197.8600,198.4500,193.6500,194.2200,1709300
2025-02-12T04:00:00Z,194.2300,196.1400,193.0100,195.1200,1730836
2025-02-12T08:00:00Z,195.1100,197.9400,195.0000,197.2900,1305687
2025-02-12T12:00:00Z,197.2900,198.4900,188.3000,191.9100,6231774
2025-02-12T16:00:00Z,191.9100,196.5900,189.1800,193.6200,3662659
2025-02-12T20:00:00Z,193.6200,198.3200,192.9000,196.7100,1998875
2025-02-13T00:00:00Z,196.7100,198.1100,194.8700,198.0700,1338694
2025-02-13T04:00:00Z,198.0800,198.4000,192.5700,192.9800,1934225
2025-02-13T08:00:00Z,192.9700,193.4100,191.0100,191.7800,1615382
2025-02-13T12:00:00Z,191.7800,193.0500,188.7000,191.8400,2947626
2025-02-13T16:00:00Z,191.8400,194.5400,189.8700,192.5600,2064933
2025-02-13T20:00:00Z,192.5600,195.3800,192.4700,194.1200,1242662
2025-02-14T00:00:00Z,194.1200,197.2900,194.0200,196.9200,1289057
2025-02-14T04:00:00Z,196.9200,197.3000,194.6200,196.5000,1135919
2025-02-14T08:00:00Z,196.5000,201.3500,196.2800,199.5100,2668464
2025-02-14T12:00:00Z,199.5100,202.0800,196.3400,200.7900,3250076
2025-02-14T16:00:00Z,200.7800,205.3000,198.7300,201.4900,3091455
2025-02-14T20:00:00Z,201.4800,202.1500,197.9300,199.3100,1818406
2025-02-15T00:00:00Z,199.3100,200.2100,196.6400,198.2800,1463391
2025-02-15T04:00:00Z,198.2800,198.8000,195.1300,195.7700,1144061
2025-02-15T08:00:00Z,195.7700,196.6500,193.7700,194.7200,1562322
2025-02-15T12:00:00Z,194.7300,195.9700,193.1500,194.5300,1577767
2025-02-15T16:00:00Z,194.5400,195.0000,193.2000,194.0900,883251
2025-02-15T20:00:00Z,194.0900,194.9500,192.3000,194.3500,901337
2025-02-16T00:00:00Z,194.3500,195.4100,192.9300,194.6200,1042779
2025-02-16T04:00:00Z,194.6300,196.1800,192.1600,192.7900,1543041
2025-02-16T08:00:00Z,192.8000,193.9500,192.0600,193.6000,1068922
2025-02-16T12:00:00Z,193.5900,193.6900,189.0800,190.2000,2838725
2025-02-16T16:00:00Z,190.2100,191.1600,187.2300,189.1000,2561676
2025-02-16T20:00:00Z,189.0900,189.7600,186.0000,188.1400,1917110
2025-02-17T00:00:00Z,188.1500,189.6100,185.1000,186.2200,1636534
2025-02-17T04:00:00Z,186.2300,186.3900,180.5000,181.2500,5004412
2025-02-17T08:00:00Z,181.2500,185.4400,180.6400,184.1700,2860805
2025-02-17T12:00:00Z,184.1800,186.8500,179.1200,180.2500,4154243
2025-02-17T16:00:00Z,180.2500,181.2900,174.5500,176.9700,5412854
2025-02-17T20:00:00Z,176.9700,181.2300,176.8700,177.4700,2464505
2025-02-18T00:00:00Z,177.4700,178.9900,175.3200,177.9000,2096238
2025-02-18T04:00:00Z,177.8900,177.9500,163.8100,165.6200,10768993
2025-02-18T08:00:00Z,165.6300,170.8500,163.0400,168.6500,6478778
2025-02-18T12:00:00Z,168.6500,171.4800,164.2400,165.8500,5735194
2025-02-18T16:00:00Z,165.8600,167.0500,160.7700,165.1900,6526989
2025-02-18T20:00:00Z,165.2000,169.7100,163.8400,169.2100,3371573
2025-02-19T00:00:00Z,169.2200,170.7600,166.5200,167.3900,3079158
2025-02-19T04:00:00Z,167.3900,169.7400,163.6400,168.8300,4050356
2025-02-19T08:00:00Z,168.8200,174.2400,168.3000,173.8100,3918025
2025-02-19T12:00:00Z,173.8000,174.0600,168.0300,169.6500,4786825
2025-02-19T16:00:00Z,169.6400,173.3800,168.0800,168.6200,2939192
2025-02-19T20:00:00Z,168.6100,169.8800,166.3100,168.8500,2794053
2025-02-20T00:00:00Z,168.8600,172.7600,167.5200,172.3100,2644140
2025-02-20T04:00:00Z,172.3100,174.8900,170.7300,171.6300,2457726
2025-02-20T08:00:00Z,171.6400,175.0900,170.8000,173.8800,2252224
2025-02-20T12:00:00Z,173.8700,176.5900,171.1000,171.5100,4294387
2025-02-20T16:00:00Z,171.5200,175.4000,171.1500,174.9000,2432639
2025-02-20T20:00:00Z,174.9000,176.4700,173.1000,175.9000,1595757
2025-02-21T00:00:00Z,175.9000,176.3700,172.8300,173.2100,1929978
2025-02-21T04:00:00Z,173.2100,176.7600,173.2000,175.7600,2008513
2025-02-21T08:00:00Z,175.7500,180.3300,175.7200,177.1000,4099482
2025-02-21T12:00:00Z,177.0900,180.4800,170.3400,173.0400,6757594
2025-02-21T16:00:00Z,173.0300,175.4900,168.1700,168.3600,6269714
2025-02-21T20:00:00Z,168.3600,169.9200,167.1000,168.8300,2548937
2025-02-22T00:00:00Z,168.8400,172.6800,167.9800,170.2900,2184273
2025-02-22T04:00:00Z,170.2800,172.7500,170.0200,171.6500,1423343
2025-02-22T08:00:00Z,171.6500,174.0900,171.2600,173.4500,1694057
2025-02-22T12:00:00Z,173.4500,174.5600,172.5300,174.1200,1851858
2025-02-22T16:00:00Z,174.1200,174.6700,172.2100,172.5800,1482126
2025-02-22T20:00:00Z,172.5700,173.5500,171.8000,171.9800,903755
2025-02-23T00:00:00Z,171.9900,172.2100,170.1000,170.5400,1194016
2025-02-23T04:00:00Z,170.5400,172.9900,169.8500,172.7900,1152007
2025-02-23T08:00:00Z,172.7900,172.8500,169.0100,169.5100,1265026
2025-02-23T12:00:00Z,169.5100,169.8400,166.5100,166.6900,2347491
2025-02-23T16:00:00Z,166.6900,168.6100,166.6700,167.6100,1486689
2025-02-23T20:00:00Z,167.6100,168.8000,166.3200,167.8400,1077402
2025-02-24T00:00:00Z,167.8400,169.5800,160.4600,160.9300,4697945
2025-02-24T04:00:00Z,160.9200,161.6700,157.0500,160.9000,4972822
2025-02-24T08:00:00Z,160.9000,161.0100,155.3100,159.2100,5138111
2025-02-24T12:00:00Z,159.2100,160.3400,150.5300,152.6100,8276962
2025-02-24T16:00:00Z,152.6200,155.1200,147.7100,150.0600,5788867
2025-02-24T20:00:00Z,150.0700,152.6500,137.1600,141.7300,11863703
2025-02-25T00:00:00Z,141.7300,144.4000,138.0300,138.8200,11534922
2025-02-25T04:00:00Z,138.8300,141.6400,132.5300,136.1700,13345586
2025-02-25T08:00:00Z,136.1800,141.2700,131.7200,141.1700,10879760
2025-02-25T12:00:00Z,141.1700,141.7600,134.4000,138.8300,10007657
2025-02-25T16:00:00Z,138.8400,145.5000,137.8900,145.3300,8368906
2025-02-25T20:00:00Z,145.3300,147.0000,143.1200,144.2400,4288137
2025-02-26T00:00:00Z,144.2500,145.1600,141.5600,143.2500,3481692
2025-02-26T04:00:00Z,143.2500,144.6500,139.5200,140.1100,3147919
2025-02-26T08:00:00Z,140.1100,142.1800,137.9200,138.0700,3408408
2025-02-26T12:00:00Z,138.0800,140.4200,134.5800,139.2200,8795671
2025-02-26T16:00:00Z,139.2200,139.7400,130.5400,131.8900,10437760
2025-02-26T20:00:00Z,131.9000,137.8400,130.8200,135.2700,6190071
2025-02-27T00:00:00Z,135.2800,139.0000,134.8500,138.4900,3802318
2025-02-27T04:00:00Z,138.4800,142.8000,136.9600,140.9400,3775615
2025-02-27T08:00:00Z,140.9400,142.4500,139.2000,140.4100,3993755
2025-02-27T12:00:00Z,140.4200,141.2200,136.2700,139.5700,6004917
2025-02-27T16:00:00Z,139.5800,140.1200,135.5600,136.2300,3623589
2025-02-27T20:00:00Z,136.2300,138.1700,134.6100,137.6000,3990178
2025-02-28T00:00:00Z,137.6000,137.8900,127.0100,127.5900,11735107
2025-02-28T04:00:00Z,127.5900,129.5700,125.5200,128.4500,9066224
2025-02-28T08:00:00Z,128.4600,134.7000,127.8600,133.4800,6541064
2025-02-28T12:00:00Z,133.4900,147.7900,132.8900,145.6300,15237783
2025-02-28T16:00:00Z,145.6200,147.2300,143.6500,146.2900,5129445
2025-02-28T20:00:00Z,146.2800,148.6900,144.5500,148.1000,3136666
2025-03-01T00:00:00Z,148.1000,151.1500,145.4700,145.6100,6231962
2025-03-01T04:00:00Z,145.6100,147.1400,142.1500,142.4700,3720592
2025-03-01T08:00:00Z,142.4600,144.1700,139.4700,140.2700,4012048
2025-03-01T12:00:00Z,140.2700,141.6600,138.5000,140.3100,3672334
2025-03-01T16:00:00Z,140.3100,141.4400,138.6600,140.4400,2564905
2025-03-01T20:00:00Z,140.4400,143.7600,139.8000,143.5800,2522064
2025-03-02T00:00:00Z,143.5700,145.8900,142.6800,143.7900,3569813
2025-03-02T04:00:00Z,143.7900,145.1000,142.1700,143.7200,2170034
2025-03-02T08:00:00Z,143.7200,144.8500,142.3900,143.4500,1996580
2025-03-02T12:00:00Z,143.4500,163.0000,139.9600,157.3500,16060739
2025-03-02T16:00:00Z,157.3600,180.0000,157.3600,172.0500,26718922
2025-03-02T20:00:00Z,172.0400,179.2800,171.5100,178.6400,6390040
2025-03-03T00:00:00Z,178.6400,179.4400,168.0400,169.8200,5854731
2025-03-03T04:00:00Z,169.8100,170.5300,159.6800,162.1700,6279419
2025-03-03T08:00:00Z,162.1800,163.2500,156.6800,161.0000,5775988
2025-03-03T12:00:00Z,160.9900,166.9400,153.6900,157.7100,12789822
2025-03-03T16:00:00Z,157.7100,159.4900,140.0000,141.8000,15061895
2025-03-03T20:00:00Z,141.8100,144.8600,139.1900,142.0500,8403879
2025-03-04T00:00:00Z,142.0500,144.9900,132.3600,136.2800,10297490
2025-03-04T04:00:00Z,136.2900,139.5000,135.5600,135.9800,4701217
2025-03-04T08:00:00Z,135.9800,138.5100,134.5100,136.8900,4888504
2025-03-04T12:00:00Z,136.8800,143.2600,132.5500,138.5000,14227521
2025-03-04T16:00:00Z,138.5100,144.7500,130.5200,143.0400,11717712
2025-03-04T20:00:00Z,143.0400,146.8000,141.4700,144.7000,5056338
2025-03-05T00:00:00Z,144.6900,145.5000,141.6600,141.7700,3396675
2025-03-05T04:00:00Z,141.7800,144.0600,140.7500,142.8000,3114632
2025-03-05T08:00:00Z,142.8000,149.6600,142.6500,147.0000,5065389
2025-03-05T12:00:00Z,147.0200,149.1700,140.2100,141.5500,7356956
2025-03-05T16:00:00Z,141.5500,146.4000,140.1200,144.7100,4833512
2025-03-05T20:00:00Z,144.7200,146.7000,143.7900,146.1600,1965083
2025-03-06T00:00:00Z,146.1700,150.6100,144.4500,148.6500,3909793
2025-03-06T04:00:00Z,148.6500,150.5700,147.5500,148.5700,2925382
2025-03-06T08:00:00Z,148.5700,152.8500,148.2400,151.5900,4406396
2025-03-06T12:00:00Z,151.5900,151.8100,144.9300,148.9600,5906787
2025-03-06T16:00:00Z,148.9600,149.3600,142.3200,143.5000,4249336
2025-03-06T20:00:00Z,143.5000,145.8500,143.0800,143.2200,2571074
2025-03-07T00:00:00Z,143.2200,145.5000,135.0000,140.7400,8790069
2025-03-07T04:00:00Z,140.7400,144.5400,140.5400,144.2300,2467876
2025-03-07T08:00:00Z,144.2300,146.1300,142.5300,143.5100,3308541
2025-03-07T12:00:00Z,143.5200,148.1000,141.6200,144.8400,7329343
2025-03-07T16:00:00Z,144.8400,150.8600,141.2300,146.3000,8093702
2025-03-07T20:00:00Z,146.2900,147.5900,137.2500,139.3100,6729723
2025-03-08T00:00:00Z,139.3100,140.9900,137.7300,139.5900,2533773
2025-03-08T04:00:00Z,139.5800,140.9200,138.2200,138.6900,1792186
2025-03-08T08:00:00Z,138.6900,139.1300,136.5100,137.5000,2001802
2025-03-08T12:00:00Z,137.4900,138.6800,136.0200,137.1200,2136019
2025-03-08T16:00:00Z,137.1200,138.8200,135.1900,138.3500,2338605
2025-03-08T20:00:00Z,138.3400,138.5000,136.2700,136.9200,1231203
2025-03-09T00:00:00Z,136.9300,138.4500,136.4400,137.8500,1310493
2025-03-09T04:00:00Z,137.8500,139.7900,137.6000,139.5500,1599410
2025-03-09T08:00:00Z,139.5500,139.7200,135.5500,136.2300,2686575
2025-03-09T12:00:00Z,136.2300,136.3700,129.7600,130.1000,4963867
2025-03-09T16:00:00Z,130.1000,131.5000,125.7100,129.0900,7634905
2025-03-09T20:00:00Z,129.1000,130.4900,125.3700,126.4200,3843907
2025-03-10T00:00:00Z,126.4200,129.0600,124.0000,126.5000,4647651
2025-03-10T04:00:00Z,126.5000,129.1000,126.3600,128.0100,2363282
2025-03-10T08:00:00Z,128.0100,131.5000,125.8500,129.8600,5608412
2025-03-10T12:00:00Z,129.8700,130.8200,120.1500,121.8800,10757274
2025-03-10T16:00:00Z,121.8700,122.2800,115.4300,119.6300,11452065
2025-03-10T20:00:00Z,119.6400,120.1900,117.4800,118.2600,3874662
2025-03-11T00:00:00Z,118.2700,121.8300,111.8300,119.9100,10890888
2025-03-11T04:00:00Z,119.9100,123.9700,119.7000,123.0500,4005825
2025-03-11T08:00:00Z,123.0400,125.7800,122.9100,124.6300,3515063
2025-03-11T12:00:00Z,124.6400,126.2700,118.5300,124.9400,10857308
2025-03-11T16:00:00Z,124.9300,128.3600,122.7600,128.0600,5714244
2025-03-11T20:00:00Z,128.0500,128.1700,125.0200,125.2800,2489335
2025-03-12T00:00:00Z,125.2700,126.9700,122.3800,122.4800,3332775
2025-03-12T04:00:00Z,122.4700,123.4600,121.1600,123.1100,4159470
2025-03-12T08:00:00Z,123.1100,126.7700,122.7700,126.6800,3751595
2025-03-12T12:00:00Z,126.6800,131.2600,122.9900,124.4500,9468118
2025-03-12T16:00:00Z,124.4400,126.2300,123.2100,124.9500,4678880
2025-03-12T20:00:00Z,124.9500,127.0800,123.8500,126.5500,3100897
2025-03-13T00:00:00Z,126.5400,127.3800,124.6300,124.9000,2486744
2025-03-13T04:00:00Z,124.9000,125.2900,122.9100,124.1800,2798906
2025-03-13T08:00:00Z,124.1900,127.9900,123.5500,126.8300,3822218
2025-03-13T12:00:00Z,126.8200,128.7900,123.5400,124.2600,5999373
2025-03-13T16:00:00Z,124.2600,124.3500,121.0400,121.4100,4095182
2025-03-13T20:00:00Z,121.4000,124.3100,120.6600,123.3200,2439862
2025-03-14T00:00:00Z,123.3200,125.4300,122.8900,124.4400,2345731
2025-03-14T04:00:00Z,124.4400,125.5600,124.3600,124.6100,1456154
2025-03-14T08:00:00Z,124.6100,126.5500,124.5600,126.0700,1791648
2025-03-14T12:00:00Z,126.0700,133.6800,125.3700,132.0900,8857131
2025-03-14T16:00:00Z,132.0900,134.6500,130.7700,134.2200,3922162
2025-03-14T20:00:00Z,134.2300,136.0700,132.2900,133.4900,3094694
2025-03-15T00:00:00Z,133.4800,135.2500,132.8100,134.9700,2075309
2025-03-15T04:00:00Z,134.9600,135.6000,132.6700,132.8500,2206264
2025-03-15T08:00:00Z,132.8400,133.6400,132.3600,133.2900,1379399
2025-03-15T12:00:00Z,133.2900,135.7300,133.0100,135.0400,2503919
2025-03-15T16:00:00Z,135.0500,136.4700,133.5100,134.4000,2323593
2025-03-15T20:00:00Z,134.4000,136.4700,134.2800,135.7900,1250500
2025-03-16T00:00:00Z,135.8000,136.6800,134.0300,135.4300,2229794
2025-03-16T04:00:00Z,135.4300,136.2000,133.7500,134.5800,1744082
2025-03-16T08:00:00Z,134.5700,134.9000,129.5900,129.8900,4328131
2025-03-16T12:00:00Z,129.8800,130.8000,127.3900,128.6800,4412355
2025-03-16T16:00:00Z,128.6800,131.1700,125.9800,126.8500,4981857
2025-03-16T20:00:00Z,126.8600,127.6900,125.1100,126.0500,2408823
2025-03-17T00:00:00Z,126.0500,129.1700,125.7900,128.8700,3765369
2025-03-17T04:00:00Z,128.8800,129.4400,126.3900,129.1900,2312055
2025-03-17T08:00:00Z,129.2000,129.5700,128.3300,129.0900,1689651
2025-03-17T12:00:00Z,129.0800,130.1400,125.4400,127.4500,5213858
2025-03-17T16:00:00Z,127.4500,130.5600,126.5600,129.7400,3895347
2025-03-17T20:00:00Z,129.7400,129.8600,127.6800,127.9300,1826591
2025-03-18T00:00:00Z,127.9200,128.1000,123.4800,124.0600,4170278
2025-03-18T04:00:00Z,124.0700,125.1800,123.1500,125.1000,3323707
2025-03-18T08:00:00Z,125.1000,125.8800,123.1300,123.4800,2500067
2025-03-18T12:00:00Z,123.4700,123.7400,121.6600,122.4800,4000200
2025-03-18T16:00:00Z,122.4900,124.4600,122.3700,124.1300,2289184
2025-03-18T20:00:00Z,124.1300,125.6500,123.4300,125.2500,1480697
2025-03-19T00:00:00Z,125.2500,126.7000,124.1400,126.4200,2300493
2025-03-19T04:00:00Z,126.4200,126.8400,125.3300,125.6700,2168637
2025-03-19T08:00:00Z,125.6600,129.4700,125.6300,128.6100,3357895
2025-03-19T12:00:00Z,128.6100,132.7100,126.9000,132.2700,7422101
2025-03-19T16:00:00Z,132.2600,134.3400,128.1200,132.9800,6408371
2025-03-19T20:00:00Z,132.9800,136.0600,132.9400,135.3000,2708089
2025-03-20T00:00:00Z,135.3000,136.0800,132.7800,133.8700,2331852
2025-03-20T04:00:00Z,133.8700,134.9300,132.7300,133.9400,1713665
2025-03-20T08:00:00Z,133.9300,134.5000,130.2300,130.5900,3570946
2025-03-20T12:00:00Z,130.5900,132.2200,128.4500,128.8600,4572334
2025-03-20T16:00:00Z,128.8500,129.3100,126.5600,127.8700,3062908
2025-03-20T20:00:00Z,127.8600,128.4200,127.1200,127.5300,1148591
2025-03-21T00:00:00Z,127.5300,129.0200,127.2700,127.8800,1594144
2025-03-21T04:00:00Z,127.8700,128.7200,127.3100,128.0100,1464449
2025-03-21T08:00:00Z,128.0000,129.0500,125.6500,126.3400,2878811
2025-03-21T12:00:00Z,126.3500,127.7300,125.2800,125.9100,2962847
2025-03-21T16:00:00Z,125.9000,130.3800,124.7400,128.1900,5413592
2025-03-21T20:00:00Z,128.2000,130.1300,127.4700,128.3800,1840093
2025-03-22T00:00:00Z,128.3900,129.3500,127.7100,128.8100,1565226
2025-03-22T04:00:00Z,128.8200,129.6800,128.4100,128.7400,1242466
2025-03-22T08:00:00Z,128.7400,131.7700,128.6700,130.2800,2756543
2025-03-22T12:00:00Z,130.2800,130.4800,128.5500,129.1400,1994906
2025-03-22T16:00:00Z,129.1400,130.2000,128.8000,129.9000,960902
2025-03-22T20:00:00Z,129.9000,130.0000,128.0300,128.4400,1176362
2025-03-23T00:00:00Z,128.4300,130.7900,128.1200,130.7800,1236127
2025-03-23T04:00:00Z,130.7800,131.4500,129.6500,131.0800,1534190
2025-03-23T08:00:00Z,131.0900,133.9900,130.8500,133.0400,2609879
2025-03-23T12:00:00Z,133.0300,133.7900,131.9500,132.4300,2851927
2025-03-23T16:00:00Z,132.4400,132.6900,130.2500,130.4600,1582136
2025-03-23T20:00:00Z,130.4700,132.7800,130.1000,132.7700,1404398
2025-03-24T00:00:00Z,132.7700,138.4400,131.9500,138.1100,5451512
2025-03-24T04:00:00Z,138.1100,139.3200,137.6800,138.8200,3726001
2025-03-24T08:00:00Z,138.8300,144.0700,138.5300,143.3400,5002549
2025-03-24T12:00:00Z,143.3400,144.9000,142.2300,143.1600,6108239
2025-03-24T16:00:00Z,143.1700,143.3600,141.2200,142.7000,2860076
2025-03-24T20:00:00Z,142.7000,143.6000,139.5500,140.9500,2707740
2025-03-25T00:00:00Z,140.9500,142.2400,138.1000,138.5000,3430964
2025-03-25T04:00:00Z,138.5000,140.2800,138.0900,139.3900,2216022
2025-03-25T08:00:00Z,139.4000,143.3800,139.3600,142.0700,3841988
2025-03-25T12:00:00Z,142.0600,147.4100,140.7100,145.2000,8047021
2025-03-25T16:00:00Z,145.2000,146.1900,143.5600,144.9300,3083971
2025-03-25T20:00:00Z,144.9300,146.0300,142.4100,143.5900,2591949
2025-03-26T00:00:00Z,143.6000,144.5300,141.4000,141.8000,2368228
2025-03-26T04:00:00Z,141.8000,144.8000,141.5800,144.4400,2642977
2025-03-26T08:00:00Z,144.4300,145.4100,143.7200,144.5200,2134867
2025-03-26T12:00:00Z,144.5300,145.0000,138.8300,139.2300,6719318
2025-03-26T16:00:00Z,139.2300,140.1300,136.1300,137.3600,4081023
2025-03-26T20:00:00Z,137.3500,138.4400,135.7800,137.2600,2599908
2025-03-27T00:00:00Z,137.2700,140.1400,136.7100,139.8200,2949168
2025-03-27T04:00:00Z,139.8300,139.9900,137.8200,138.8000,2073794
2025-03-27T08:00:00Z,138.8000,139.2000,137.0200,137.3500,2733174
2025-03-27T12:00:00Z,137.3400,139.7500,135.5000,137.7000,4804437
2025-03-27T16:00:00Z,137.6900,139.6400,137.2300,139.0000,2081347
2025-03-27T20:00:00Z,139.0000,139.8900,138.0200,138.3700,1396427
2025-03-28T00:00:00Z,138.3600,138.9800,135.9900,136.7200,2928100
2025-03-28T04:00:00Z,136.7200,137.2400,131.2800,131.5300,5904774
2025-03-28T08:00:00Z,131.5400,132.6200,130.3000,131.8300,4027775
2025-03-28T12:00:00Z,131.8200,132.3300,129.0500,129.8400,4913269
2025-03-28T16:00:00Z,129.8500,130.2500,128.9600,129.3400,2405487
2025-03-28T20:00:00Z,129.3300,130.4100,127.4800,129.3900,2375731
2025-03-29T00:00:00Z,129.3900,130.4500,126.3900,128.7600,3111741
2025-03-29T04:00:00Z,128.7600,129.0700,125.3400,126.3200,2839799
2025-03-29T08:00:00Z,126.3300,127.0300,124.2400,125.2300,3527520
2025-03-29T12:00:00Z,125.2300,126.7400,124.9100,126.2500,2522747
2025-03-29T16:00:00Z,126.2600,126.7100,123.4500,125.2100,3641873
2025-03-29T20:00:00Z,125.2100,125.3500,122.5200,124.5000,2702804
2025-03-30T00:00:00Z,124.4900,126.4900,123.3800,125.5900,2297362
2025-03-30T04:00:00Z,125.5900,126.4500,125.0200,125.3800,1567852
2025-03-30T08:00:00Z,125.3900,126.3300,124.5100,125.0000,1866169
2025-03-30T12:00:00Z,125.0000,125.5400,123.0000,124.8500,2673162
2025-03-30T16:00:00Z,124.8400,127.0100,122.8100,125.7700,3005272
2025-03-30T20:00:00Z,125.7600,126.3000,123.0300,124.7300,2519003
2025-03-31T00:00:00Z,124.7400,127.5900,122.5800,124.5000,4312246
2025-03-31T04:00:00Z,124.5000,126.9800,124.2400,125.8300,2729745
2025-03-31T08:00:00Z,125.8300,126.6300,122.9400,124.2200,3759295
2025-03-31T12:00:00Z,124.2100,127.8100,123.1200,126.7100,6141924
2025-03-31T16:00:00Z,126.7200,127.3200,123.7200,125.1600,3499848
2025-03-31T20:00:00Z,125.1700,126.2000,124.4400,124.4800,1935677
2025-04-01T00:00:00Z,124.4700,126.6600,123.6500,126.0000,2465176
2025-04-01T04:00:00Z,126.0100,126.7200,125.5200,126.6200,1720960
2025-04-01T08:00:00Z,126.6300,129.9400,126.6200,127.5300,4263558
2025-04-01T12:00:00Z,127.5300,130.3900,124.5500,129.2000,7179532
2025-04-01T16:00:00Z,129.2200,129.5900,125.3600,126.7200,3525228
2025-04-01T20:00:00Z,126.7200,127.5000,125.2100,126.6000,1852377
2025-04-02T00:00:00Z,126.6000,126.9100,124.0000,124.2400,2654071
2025-04-02T04:00:00Z,124.2300,124.9700,123.3700,124.4500,2245001
2025-04-02T08:00:00Z,124.4600,126.7000,124.2000,125.6300,2916648
2025-04-02T12:00:00Z,125.6200,130.9900,125.0400,130.3500,7494035
2025-04-02T16:00:00Z,130.3500,131.7600,129.0900,131.3500,4092275
2025-04-02T20:00:00Z,131.3600,136.2000,117.0200,117.3400,14600888
2025-04-03T00:00:00Z,117.3600,120.8800,116.1600,119.7500,5679121
2025-04-03T04:00:00Z,119.7600,120.8900,117.7700,118.5800,3131165
2025-04-03T08:00:00Z,118.5700,119.1600,115.0300,115.6900,4892903
2025-04-03T12:00:00Z,115.6800,115.9700,112.1700,114.1000,9220574
2025-04-03T16:00:00Z,114.0900,115.9000,113.1700,115.3200,4155313
2025-04-03T20:00:00Z,115.3300,117.3700,114.9500,117.0800,2824632
2025-04-04T00:00:00Z,117.0900,117.3300,114.5700,115.3300,2774999
2025-04-04T04:00:00Z,115.3300,118.3100,114.6500,118.1100,2956838
2025-04-04T08:00:00Z,118.1200,119.8700,113.1900,114.4600,7938500
2025-04-04T12:00:00Z,114.4600,120.9700,113.9000,118.5300,11725315
2025-04-04T16:00:00Z,118.5400,123.9600,118.1700,122.5300,8144658
2025-04-04T20:00:00Z,122.5300,123.9600,121.7200,122.7200,2548436
2025-04-05T00:00:00Z,122.7200,122.8000,120.6000,120.6700,1993808
2025-04-05T04:00:00Z,120.6800,121.2800,120.1200,121.0100,1483719
2025-04-05T08:00:00Z,121.0200,121.8900,119.7600,120.2200,2176957
2025-04-05T12:00:00Z,120.2100,120.2700,117.0800,117.4800,3813682
2025-04-05T16:00:00Z,117.4700,119.3000,117.4400,118.5700,1959422
2025-04-05T20:00:00Z,118.5600,120.5600,118.3000,120.2400,1599946
2025-04-06T00:00:00Z,120.2500,121.0800,119.3600,119.9400,1905711
2025-04-06T04:00:00Z,119.9400,120.5600,118.7600,119.1400,1609460
2025-04-06T08:00:00Z,119.1400,120.1300,118.1000,118.5600,1993064
2025-04-06T12:00:00Z,118.5500,118.8000,114.2000,114.9000,6165215
2025-04-06T16:00:00Z,114.8900,115.2000,106.1700,108.0000,14344498
2025-04-06T20:00:00Z,107.9900,108.5000,103.7600,105.8400,9518024
2025-04-07T00:00:00Z,105.8400,107.7400,102.1300,103.2000,9135666
2025-04-07T04:00:00Z,103.2000,103.7100,95.1900,97.0800,15348273
2025-04-07T08:00:00Z,97.0700,102.5700,96.8500,100.2200,12100821
2025-04-07T12:00:00Z,100.2200,113.1800,99.6800,106.6100,27330753
2025-04-07T16:00:00Z,106.6100,107.9000,103.4700,105.6800,7737552
2025-04-07T20:00:00Z,105.6800,109.2400,105.6500,106.9100,3837685
2025-04-08T00:00:00Z,106.9100,112.5000,106.5600,111.2500,6103901
2025-04-08T04:00:00Z,111.2500,112.0900,107.8900,108.6200,4010760
2025-04-08T08:00:00Z,108.6200,111.7500,107.1000,111.4800,4218549
2025-04-08T12:00:00Z,111.4900,112.1400,106.6100,107.1300,9612561
2025-04-08T16:00:00Z,107.1200,107.2400,102.8700,104.0200,10451137
2025-04-08T20:00:00Z,104.0300,106.4300,103.6000,105.3200,4129091
2025-04-09T00:00:00Z,105.3200,106.5000,101.2300,103.0900,8812782
2025-04-09T04:00:00Z,103.0800,107.9800,102.9800,107.3200,6994994
2025-04-09T08:00:00Z,107.3100,108.2400,102.6900,103.3800,7222265.85
2025-04-09T12:00:00Z,103.3800,107.4000,102.2200,106.4900,8379069.62
2025-04-09T16:00:00Z,106.4900,120.6900,106.1700,118.8700,20218277.72
2025-04-09T20:00:00Z,118.8800,120.4500,118.0100,119.0100,4308580.48
2025-04-10T00:00:00Z,119.0000,119.2900,114.4200,115.4400,4242086.35
2025-04-10T04:00:00Z,115.4400,116.9100,113.8800,114.7500,4002496.36
2025-04-10T08:00:00Z,114.7500,115.1900,113.3400,113.8900,2788912.62
2025-04-10T12:00:00Z,113.8800,116.0000,109.3100,109.5500,9104936.57
2025-04-10T16:00:00Z,109.5500,111.8500,108.2100,111.2600,5604614.21
2025-04-10T20:00:00Z,111.2700,113.3300,111.1800,112.7300,2384471.75
2025-04-11T00:00:00Z,112.7300,115.7200,112.0900,115.3400,3887343.49
2025-04-11T04:00:00Z,115.3400,117.7000,114.9300,116.5400,3265154.73
2025-04-11T08:00:00Z,116.5300,119.3400,115.7700,117.9900,5436734.97
2025-04-11T12:00:00Z,118.0000,121.5400,117.5400,119.8600,7761312.94
2025-04-11T16:00:00Z,119.8600,121.9900,118.6100,120.8100,4314068.97
2025-04-11T20:00:00Z,120.8000,122.6500,119.9100,121.3300,2615014.22
2025-04-12T00:00:00Z,121.3300,122.1800,119.2900,120.1300,2841027.89
2025-04-12T04:00:00Z,120.1300,124.5000,119.7500,124.1700,4266756.06
2025-04-12T08:00:00Z,124.1600,125.4800,123.9200,124.5100,3036485.77
2025-04-12T12:00:00Z,124.5200,131.7000,124.3000,130.4200,8603565.08
2025-04-12T16:00:00Z,130.4200,131.4900,128.1600,130.6300,5315806.34
2025-04-12T20:00:00Z,130.6400,134.0000,130.5800,132.1700,4506339.88
2025-04-13T00:00:00Z,132.1600,133.9400,130.8300,131.7400,4159775.02
2025-04-13T04:00:00Z,131.7400,131.9800,128.1100,128.5000,3887578.53
2025-04-13T08:00:00Z,128.4900,131.5300,128.1500,129.7600,4176564.37
2025-04-13T12:00:00Z,129.7600,130.4000,126.7200,128.6500,5183685.79
2025-04-13T16:00:00Z,128.6500,132.5900,126.9500,128.1600,5304465.76
2025-04-13T20:00:00Z,128.1700,129.7900,125.2800,128.3000,4682642.45
2025-04-14T00:00:00Z,128.3000,136.0900,127.9000,131.6600,7100061.55
2025-04-14T04:00:00Z,131.6600,134.2800,131.0200,132.2200,3742635.30
2025-04-14T08:00:00Z,132.2300,134.1400,131.4300,133.4100,4234981.96
2025-04-14T12:00:00Z,133.4000,134.7400,128.0300,128.7000,8839591.34
2025-04-14T16:00:00Z,128.7100,131.9300,127.9900,131.0200,3995434.17
2025-04-14T20:00:00Z,131.0100,131.1300,128.5300,129.3400,2036618.75
2025-04-15T00:00:00Z,129.3300,130.6800,127.6200,130.4300,3498244.82
2025-04-15T04:00:00Z,130.4400,132.2600,129.5800,131.4800,2389865.59
2025-04-15T08:00:00Z,131.4700,133.8700,131.2800,132.1000,3783960.11
2025-04-15T12:00:00Z,132.1100,134.4100,129.0300,129.5300,6677426.16
2025-04-15T16:00:00Z,129.5400,130.5300,127.2100,127.7900,4032549.91
2025-04-15T20:00:00Z,127.7900,128.5100,125.7300,126.0500,3057380.97
2025-04-16T00:00:00Z,126.0500,127.2900,124.6800,126.3600,3954194.08
2025-04-16T04:00:00Z,126.3600,126.6200,124.2500,124.7100,3198302.96
2025-04-16T08:00:00Z,124.7100,126.5900,123.4100,126.1700,4838529.68
2025-04-16T12:00:00Z,126.1800,129.7600,124.3900,128.3400,6648891.58
2025-04-16T16:00:00Z,128.3400,133.8800,124.7300,132.4000,11114555.70
2025-04-16T20:00:00Z,132.4000,133.6600,130.7300,131.3000,3710675.25
2025-04-17T00:00:00Z,131.2900,132.6600,129.4000,129.7000,2993650.55
2025-04-17T04:00:00Z,129.7000,135.6000,129.5300,134.2100,4739676.08
2025-04-17T08:00:00Z,134.2200,134.9600,132.3300,133.0300,3497801.88
2025-04-17T12:00:00Z,133.0300,134.4300,130.4800,133.3900,5543138.60
2025-04-17T16:00:00Z,133.3900,136.2600,131.8800,132.8300,6550228.85
2025-04-17T20:00:00Z,132.8200,135.2500,132.8100,134.7600,2521981.77
2025-04-18T00:00:00Z,134.7700,135.9500,133.6900,134.4300,2824943.29
2025-04-18T04:00:00Z,134.4200,134.9800,133.1800,134.8700,2296998.50
2025-04-18T08:00:00Z,134.8600,135.5000,133.4700,134.1800,2637426.39
2025-04-18T12:00:00Z,134.1900,135.1200,132.3600,132.8100,3612570.51
2025-04-18T16:00:00Z,132.8100,134.4200,132.6000,134.1500,1926474.28
2025-04-18T20:00:00Z,134.1400,134.3400,133.1200,133.9700,1227910.12
2025-04-19T00:00:00Z,133.9700,139.1400,133.5000,138.7100,4889219.58
2025-04-19T04:00:00Z,138.7100,139.4200,137.6600,138.6800,2714761.00
2025-04-19T08:00:00Z,138.6700,139.8900,138.3600,138.7000,3042234.81
2025-04-19T12:00:00Z,138.7100,140.7100,138.3900,138.8700,3006654.04
2025-04-19T16:00:00Z,138.8700,139.4300,137.5700,138.6200,2878987.15
2025-04-19T20:00:00Z,138.6100,139.8300,138.2200,139.7700,1242448.25
2025-04-20T00:00:00Z,139.7700,141.8700,139.3100,140.8700,3234718.46
2025-04-20T04:00:00Z,140.8700,141.4800,138.5100,139.5000,2691346.40
2025-04-20T08:00:00Z,139.5100,139.7400,135.7100,136.3200,4974114.66
2025-04-20T12:00:00Z,136.3200,137.9800,135.5000,135.8700,3475738.23
2025-04-20T16:00:00Z,135.8600,137.1800,135.6200,137.0900,1708098.43
2025-04-20T20:00:00Z,137.0800,138.4800,136.2400,137.7600,2281948.89
2025-04-21T00:00:00Z,137.7700,143.2500,137.5600,139.3000,6920413.65
2025-04-21T04:00:00Z,139.2900,141.7700,139.0900,140.0800,2952337.62
2025-04-21T08:00:00Z,140.0900,141.0500,138.2100,138.9100,2840188.30
2025-04-21T12:00:00Z,138.9000,140.0300,136.6500,138.2500,6677679.41
2025-04-21T16:00:00Z,138.2500,138.6900,133.7500,136.8000,6744928.13
2025-04-21T20:00:00Z,136.8000,137.2800,135.2400,136.4400,2082561.88
2025-04-22T00:00:00Z,136.4400,139.8200,134.4000,139.2800,5127347.20
2025-04-22T04:00:00Z,139.2900,140.5800,138.3700,140.1100,2938260.26
2025-04-22T08:00:00Z,140.1100,140.7300,138.8800,140.3800,2500206.02
2025-04-22T12:00:00Z,140.3700,145.4600,139.9900,145.2700,8960044.37
2025-04-22T16:00:00Z,145.2800,147.6900,143.4700,144.1700,4363983.26
2025-04-22T20:00:00Z,144.1700,150.2900,143.3900,148.7100,6075261.94
2025-04-23T00:00:00Z,148.7200,149.3800,147.0000,149.1500,3580587.67
2025-04-23T04:00:00Z,149.1500,152.2400,148.4800,151.5100,4375090.43
2025-04-23T08:00:00Z,151.5100,153.7000,150.8800,152.0100,4049379.29
2025-04-23T12:00:00Z,152.0200,154.1400,148.6500,151.3500,9952200.17
2025-04-23T16:00:00Z,151.3500,152.4500,148.8700,150.1000,3748426.44
2025-04-23T20:00:00Z,150.1100,151.7700,149.7800,151.0500,1637849.75
2025-04-24T00:00:00Z,151.0500,151.4500,147.6200,147.7300,2971469.30
2025-04-24T04:00:00Z,147.7200,149.1500,146.9200,147.1100,2688215.30
2025-04-24T08:00:00Z,147.1100,147.6900,145.0600,147.6200,3576772.01
2025-04-24T12:00:00Z,147.6100,151.4000,147.0000,149.2800,6467912.21
2025-04-24T16:00:00Z,149.2800,152.4300,148.7400,151.5100,4364300.60
2025-04-24T20:00:00Z,151.5200,152.9600,149.8500,152.4800,2182389.76
2025-04-25T00:00:00Z,152.4800,154.5000,150.4500,151.6800,3533823.45
2025-04-25T04:00:00Z,151.6800,155.0000,150.6700,154.8000,3409086.67
2025-04-25T08:00:00Z,154.8000,154.9800,152.8500,154.7000,3675417.93
2025-04-25T12:00:00Z,154.7000,157.2400,152.0700,152.8300,7577456.27
2025-04-25T16:00:00Z,152.8400,153.1400,150.3100,151.3100,3845546.70
2025-04-25T20:00:00Z,151.3000,152.4700,149.7500,150.7600,2436840.31
2025-04-26T00:00:00Z,150.7500,153.1500,150.7500,151.2800,1985538.42
2025-04-26T04:00:00Z,151.2800,152.2700,149.8700,151.2800,2073941.40
2025-04-26T08:00:00Z,151.2700,152.2900,147.8600,148.4400,3573740.20
2025-04-26T12:00:00Z,148.4300,149.4900,147.6600,149.2100,2288767.66
2025-04-26T16:00:00Z,149.2200,149.3800,148.2400,149.1600,1088195.52
2025-04-26T20:00:00Z,149.1700,149.6200,148.2500,149.1400,1065762.22
2025-04-27T00:00:00Z,149.1500,150.3700,146.0000,147.4500,3535963.67
2025-04-27T04:00:00Z,147.4500,147.7900,145.3900,147.3600,1900136.24
2025-04-27T08:00:00Z,147.3500,148.6900,147.2600,147.8900,1430190.04
2025-04-27T12:00:00Z,147.8900,149.7100,146.8700,148.9500,2940651.61
2025-04-27T16:00:00Z,148.9400,150.2300,148.1200,149.9400,1664493.69
2025-04-27T20:00:00Z,149.9300,150.0100,147.7300,147.9100,1521716.98
2025-04-28T00:00:00Z,147.9000,149.5500,144.5300,148.3200,4613392.04
2025-04-28T04:00:00Z,148.3100,151.4500,148.3100,151.0300,2927483.07
2025-04-28T08:00:00Z,151.0400,153.3500,148.9200,151.6000,5753401.87
2025-04-28T12:00:00Z,151.6100,151.7700,145.4100,146.2200,5672135.02
2025-04-28T16:00:00Z,146.2100,148.8000,145.2200,148.3000,3214676.85
2025-04-28T20:00:00Z,148.2900,148.3500,146.4100,147.7600,1721917.57
2025-04-29T00:00:00Z,147.7600,149.1300,146.8300,147.3800,2288412.50
2025-04-29T04:00:00Z,147.3900,148.8700,145.3700,148.8200,2667899.94
2025-04-29T08:00:00Z,148.8300,149.4400,147.5200,148.9300,2320620.21
2025-04-29T12:00:00Z,148.9200,149.1900,146.7700,147.9200,3121859.42
2025-04-29T16:00:00Z,147.9200,150.3700,147.5800,149.1900,2886364.36
2025-04-29T20:00:00Z,149.2000,149.4600,144.7900,146.1800,3587826.72
2025-04-30T00:00:00Z,146.1900,148.6400,144.9300,148.1100,3019403.21
2025-04-30T04:00:00Z,148.1000,148.3000,146.0100,146.3100,1713629.87
2025-04-30T08:00:00Z,146.3100,147.9200,145.9200,147.8400,1341638.60
2025-04-30T12:00:00Z,147.8400,147.9100,140.2500,142.1000,9204762.54
2025-04-30T16:00:00Z,142.1000,145.9900,141.2700,145.5500,3930422.88
2025-04-30T20:00:00Z,145.5600,148.0900,145.2700,147.4700,2691720.84
2025-05-01T00:00:00Z,147.4700,149.5800,147.4700,148.6500,2614736.17
2025-05-01T04:00:00Z,148.6500,150.2000,147.9100,149.7000,2121534.26
2025-05-01T08:00:00Z,149.7000,152.3800,149.4600,151.6700,3981020.91
2025-05-01T12:00:00Z,151.6800,153.8800,150.5000,151.7700,5204073.19
2025-05-01T16:00:00Z,151.7700,152.8000,150.0100,150.2100,3438040.97
2025-05-01T20:00:00Z,150.2000,150.8900,149.8000,150.7300,1386406.27
2025-05-02T00:00:00Z,150.7300,151.6200,149.9800,150.7000,1747050.70
2025-05-02T04:00:00Z,150.7000,150.9700,148.2900,148.4300,2526544.98
2025-05-02T08:00:00Z,148.4400,150.7300,148.3000,150.6300,1965243.27
2025-05-02T12:00:00Z,150.6300,151.8600,149.2000,149.8200,4315182.83
2025-05-02T16:00:00Z,149.8200,151.3700,147.6000,147.9700,3076544.42
2025-05-02T20:00:00Z,147.9800,148.6000,147.2000,147.9300,1578970.37
2025-05-03T00:00:00Z,147.9300,149.0000,147.4200,148.2200,1601244.51
2025-05-03T04:00:00Z,148.2200,148.5000,147.2600,148.0200,1176501.31
2025-05-03T08:00:00Z,148.0300,148.3000,146.6000,147.0300,1895514.53
2025-05-03T12:00:00Z,147.0200,149.0000,147.0200,148.3700,2076863.53
2025-05-03T16:00:00Z,148.3700,148.3900,145.7400,147.3600,2436248.26
2025-05-03T20:00:00Z,147.3600,147.8500,146.5400,146.6200,982050.58
2025-05-04T00:00:00Z,146.6200,147.6600,145.4000,145.5300,2052884.60
2025-05-04T04:00:00Z,145.5200,146.4800,145.1000,145.5600,1826155.60
2025-05-04T08:00:00Z,145.5600,145.9000,144.5700,145.3400,1757621.62
2025-05-04T12:00:00Z,145.3300,147.1800,144.8600,146.7300,2173661.66
2025-05-04T16:00:00Z,146.7300,147.7900,145.8900,146.0800,1914824.77
2025-05-04T20:00:00Z,146.0800,147.0700,143.5500,143.8700,2448829.91
2025-05-05T00:00:00Z,143.8600,145.3900,142.4200,144.8300,3113131.71
2025-05-05T04:00:00Z,144.8400,147.3100,144.8200,146.8000,2260991.53
2025-05-05T08:00:00Z,146.7900,146.9900,143.4700,144.1000,2670271.14
2025-05-05T12:00:00Z,144.1000,145.4000,143.0000,143.6600,3408450.93
2025-05-05T16:00:00Z,143.6700,147.0900,143.5600,146.4100,2822029.79
2025-05-05T20:00:00Z,146.4100,147.6700,144.8600,146.6600,2211878.59
2025-05-06T00:00:00Z,146.6600,146.7800,143.6900,144.5600,2552527.62
2025-05-06T04:00:00Z,144.5700,145.8300,144.2400,145.1700,1615515.18
2025-05-06T08:00:00Z,145.1700,145.2000,141.7900,142.4900,3054633.11
2025-05-06T12:00:00Z,142.4900,143.9000,141.3000,143.1300,3794228.17
2025-05-06T16:00:00Z,143.1200,145.2400,142.3400,144.7800,2584052.84
2025-05-06T20:00:00Z,144.7900,147.1700,143.4300,146.8300,3512527.18
2025-05-07T00:00:00Z,146.8300,149.4700,145.3400,146.1700,4400129.78
2025-05-07T04:00:00Z,146.1700,147.2400,145.3400,147.1800,1836149.73
2025-05-07T08:00:00Z,147.1800,148.2400,146.8500,147.5400,2280296.81
2025-05-07T12:00:00Z,147.5400,147.6900,145.3500,145.6800,3312173.01
2025-05-07T16:00:00Z,145.6800,147.2900,144.5900,145.6800,4614780.92
2025-05-07T20:00:00Z,145.6800,148.2500,145.3800,147.2700,2328155.38
2025-05-08T00:00:00Z,147.2700,151.1700,147.0100,150.7900,3753426.22
2025-05-08T04:00:00Z,150.8000,151.9100,149.9000,151.5100,3622086.82
2025-05-08T08:00:00Z,151.5000,155.2300,151.4600,154.5200,4348692.51
2025-05-08T12:00:00Z,154.5200,163.0800,154.1400,160.1800,9408275.63
2025-05-08T16:00:00Z,160.1900,161.0500,158.5100,160.5000,4675065.89
2025-05-08T20:00:00Z,160.5000,164.6100,159.6800,164.4200,5490859.76
2025-05-09T00:00:00Z,164.4100,164.4300,161.3000,161.3400,3101727.10
2025-05-09T04:00:00Z,161.3300,167.0100,161.0200,165.0300,4661505.20
2025-05-09T08:00:00Z,165.0400,176.1600,164.2500,172.2600,12763202.47
2025-05-09T12:00:00Z,172.2600,173.4200,167.4000,170.7400,7948938.68
2025-05-09T16:00:00Z,170.7400,172.5800,168.5500,171.8800,4048415.65
2025-05-09T20:00:00Z,171.8900,173.7900,171.0900,172.7400,1901895.45
2025-05-10T00:00:00Z,172.7400,175.1800,170.6200,171.5600,2821870.62
2025-05-10T04:00:00Z,171.5600,172.5000,169.6200,172.2500,2270871.56
2025-05-10T08:00:00Z,172.2600,173.3600,168.6800,168.9100,4000048.01
2025-05-10T12:00:00Z,168.9100,171.9700,168.9100,171.0200,2520153.00
2025-05-10T16:00:00Z,171.0200,173.8000,170.7900,172.1500,2974468.45
2025-05-10T20:00:00Z,172.1400,178.9300,171.2500,177.8600,4678581.19
2025-05-11T00:00:00Z,177.8500,180.2900,172.7800,175.7800,7025517.63
2025-05-11T04:00:00Z,175.7800,177.6600,172.1400,172.5500,3477906.13
2025-05-11T08:00:00Z,172.5400,174.9900,172.5200,174.6900,2476937.17
2025-05-11T12:00:00Z,174.6800,175.1900,169.1300,170.4100,4391578.63
2025-05-11T16:00:00Z,170.4100,173.3800,169.3100,172.6400,3232688.54
2025-05-11T20:00:00Z,172.6300,173.7600,171.1600,173.1100,1706820.37
2025-05-12T00:00:00Z,173.1000,176.8600,171.6200,174.8000,4422298.43
2025-05-12T04:00:00Z,174.8000,180.0000,173.5200,176.0100,6607993.28
2025-05-12T08:00:00Z,176.0100,177.1400,173.5500,174.0100,3791376.97
2025-05-12T12:00:00Z,174.0100,181.4400,173.8900,174.3400,10701037.84
2025-05-12T16:00:00Z,174.3400,176.6100,168.2700,171.1300,6354298.37
2025-05-12T20:00:00Z,171.1300,174.7900,170.3300,174.1400,1833594.07
2025-05-13T00:00:00Z,174.1500,174.3100,166.8400,166.9200,4843702.60
2025-05-13T04:00:00Z,166.9200,172.3600,166.1200,171.4300,3227241.73
2025-05-13T08:00:00Z,171.4300,175.1000,170.8600,173.9300,3203975.16
2025-05-13T12:00:00Z,173.9300,176.2200,172.0400,175.9600,5287525.53
2025-05-13T16:00:00Z,175.9600,184.3600,175.6100,182.0200,6637928.42
2025-05-13T20:00:00Z,182.0100,184.8000,180.2700,183.7000,3694507.43
2025-05-14T00:00:00Z,183.7000,184.8700,178.9900,180.2500,4672038.17
2025-05-14T04:00:00Z,180.2500,183.9600,179.8000,181.6600,2981454.65
2025-05-14T08:00:00Z,181.6600,182.6100,177.5100,180.9400,4585196.12
2025-05-14T12:00:00Z,180.9500,181.8200,175.4700,177.2600,5232101.00
2025-05-14T16:00:00Z,177.2600,177.6100,173.1500,176.9800,3472657.94
2025-05-14T20:00:00Z,176.9900,177.6000,175.1000,176.5100,1667132.49
2025-05-15T00:00:00Z,176.5100,178.2300,173.9400,173.9500,2889010.87
2025-05-15T04:00:00Z,173.9400,175.2100,169.6400,170.3300,3970671.60
2025-05-15T08:00:00Z,170.3200,172.9600,168.6000,170.9900,3639186.25
2025-05-15T12:00:00Z,170.9900,172.7900,166.8400,172.1400,6423088.95
2025-05-15T16:00:00Z,172.1300,174.3800,167.6000,169.6700,5354309.42
2025-05-15T20:00:00Z,169.6800,170.6000,166.5500,169.0600,3215665.57
2025-05-16T00:00:00Z,169.0600,173.6100,168.5800,172.5400,3750494.44
2025-05-16T04:00:00Z,172.5500,173.4800,171.0400,172.0700,1914722.44
2025-05-16T08:00:00Z,172.0600,174.1600,169.2500,172.7500,3252241.71
2025-05-16T12:00:00Z,172.7400,174.0000,170.7200,172.0000,3771519.26
2025-05-16T16:00:00Z,172.0000,172.6900,169.6000,171.3200,2609887.57
2025-05-16T20:00:00Z,171.3100,171.3200,166.2200,167.3300,2762199.29
2025-05-17T00:00:00Z,167.3300,168.5400,163.9100,168.1700,4537906.43
2025-05-17T04:00:00Z,168.1700,169.9500,167.1200,168.4700,2598398.58
2025-05-17T08:00:00Z,168.4700,169.3400,166.6300,167.5300,2363806.60
2025-05-17T12:00:00Z,167.5300,168.1600,165.7300,167.2000,1994029.32
2025-05-17T16:00:00Z,167.2000,167.4400,164.2900,165.1600,3014997.68
2025-05-17T20:00:00Z,165.1600,167.9200,164.2500,165.8700,2234863.75
2025-05-18T00:00:00Z,165.8700,167.8500,165.7900,166.8300,1789522.34
2025-05-18T04:00:00Z,166.8300,170.6700,166.8000,170.6000,1925704.78
2025-05-18T08:00:00Z,170.6100,171.9500,170.4000,170.7100,2084139.49
2025-05-18T12:00:00Z,170.7100,176.6100,170.1100,176.2000,4059936.56
2025-05-18T16:00:00Z,176.2000,176.7300,166.2900,166.5300,6897190.07
2025-05-18T20:00:00Z,166.5400,174.2400,164.5000,173.2400,5367564.27
2025-05-19T00:00:00Z,173.2500,173.8700,164.8600,165.2300,5591508.28
2025-05-19T04:00:00Z,165.2400,166.7500,159.2800,161.7800,6388267.60
2025-05-19T08:00:00Z,161.7800,162.6000,160.3000,162.0700,2989457.91
2025-05-19T12:00:00Z,162.0700,164.6700,160.0500,164.0800,5190227.98
2025-05-19T16:00:00Z,164.0900,167.3000,162.6700,166.5400,4970510.43
2025-05-19T20:00:00Z,166.5400,167.7300,165.0500,166.7600,2114557.33
2025-05-20T00:00:00Z,166.7600,173.0600,166.6700,169.1300,5305720.13
2025-05-20T04:00:00Z,169.1400,170.5900,166.9800,167.2700,2713288.77
2025-05-20T08:00:00Z,167.2700,168.0700,165.1300,166.3800,2898896.80
2025-05-20T12:00:00Z,166.3800,167.2800,164.4000,166.5300,3678528.28
2025-05-20T16:00:00Z,166.5300,169.0900,164.4500,168.1100,4314053.03
2025-05-20T20:00:00Z,168.1200,169.3300,166.1700,168.5100,3036639.46
2025-05-21T00:00:00Z,168.5100,170.8700,166.7100,169.9100,3191382.99
2025-05-21T04:00:00Z,169.9100,171.7000,168.2100,168.7500,4202036.92
2025-05-21T08:00:00Z,168.7600,169.6000,167.2800,169.2600,2283042.21
2025-05-21T12:00:00Z,169.2700,173.6600,168.1700,172.1200,5547102.10
2025-05-21T16:00:00Z,172.1200,174.9100,165.3400,171.0800,13539370.08
2025-05-21T20:00:00Z,171.0700,175.9200,169.0200,173.5000,4302547.11
2025-05-22T00:00:00Z,173.5000,177.4800,172.4000,176.7800,4945015.56
2025-05-22T04:00:00Z,176.7700,178.7500,175.1900,178.4600,4904581.73
2025-05-22T08:00:00Z,178.4600,180.8200,177.1600,178.0100,4796923.26
2025-05-22T12:00:00Z,178.0000,179.8300,176.9200,178.9400,4083155.66
2025-05-22T16:00:00Z,178.9500,180.3200,177.4400,177.7900,2700646.10
2025-05-22T20:00:00Z,177.7900,179.9700,177.2300,179.6000,1774798.23
2025-05-23T00:00:00Z,179.6100,185.4000,179.1700,184.9400,5125120.21
2025-05-23T04:00:00Z,184.9400,185.3000,180.0000,182.4800,4157625.41
2025-05-23T08:00:00Z,182.4800,187.6700,177.1000,177.8800,8245446.78
2025-05-23T12:00:00Z,177.8700,183.7000,173.2900,180.6300,11687690.74
2025-05-23T16:00:00Z,180.6200,182.1900,178.2700,179.0700,4266622.14
2025-05-23T20:00:00Z,179.0600,179.2000,173.1800,173.9200,3868650.75
2025-05-24T00:00:00Z,173.9200,175.9200,172.5200,175.0300,3485721.52
2025-05-24T04:00:00Z,175.0300,176.2900,173.3500,173.8500,2538360.65
2025-05-24T08:00:00Z,173.8400,178.2200,173.1200,176.8000,3216691.90
2025-05-24T12:00:00Z,176.8000,177.0400,174.9500,176.2200,2237101.49
2025-05-24T16:00:00Z,176.2200,177.6300,175.1800,177.0500,1321821.39
2025-05-24T20:00:00Z,177.0400,177.8500,175.2500,175.8100,1465632.53
2025-05-25T00:00:00Z,175.8200,176.8200,170.1300,173.5300,5013029.19
2025-05-25T04:00:00Z,173.5300,174.3200,171.8100,172.2700,1946707.46
2025-05-25T08:00:00Z,172.2700,172.3000,170.0000,171.8600,2812666.76
2025-05-25T12:00:00Z,171.8600,172.5800,169.0500,170.2100,3547686.85
2025-05-25T16:00:00Z,170.2000,172.7200,169.0900,172.4300,2011018.16
2025-05-25T20:00:00Z,172.4400,175.7700,170.8200,175.6500,2796312.14
2025-05-26T00:00:00Z,175.6400,177.7800,175.0000,176.9400,3047888.49
2025-05-26T04:00:00Z,176.9300,178.9600,176.4900,178.0700,2235333.30
2025-05-26T08:00:00Z,178.0800,178.2600,176.3200,177.8200,1927456.22
2025-05-26T12:00:00Z,177.8200,178.8000,175.8100,177.4100,3158937.65
2025-05-26T16:00:00Z,177.4100,177.9700,173.3700,173.9500,3041017.90
2025-05-26T20:00:00Z,173.9400,175.9800,173.5300,174.8000,1402439.33
2025-05-27T00:00:00Z,174.8000,175.6800,171.0600,173.4200,3463466.66
2025-05-27T04:00:00Z,173.4200,175.8600,172.3700,175.4000,2601996.78
2025-05-27T08:00:00Z,175.4000,177.1400,174.9100,176.7300,2507752.30
2025-05-27T12:00:00Z,176.7200,179.3700,174.9900,178.4100,5310347.78
2025-05-27T16:00:00Z,178.4100,179.2700,177.3200,177.4500,2962570.17
2025-05-27T20:00:00Z,177.4500,178.6000,175.5000,176.6400,1888118.15
2025-05-28T00:00:00Z,176.6400,177.3800,174.1300,175.0300,2302942.06
2025-05-28T04:00:00Z,175.0200,175.2700,173.5800,173.8100,1497670.66
2025-05-28T08:00:00Z,173.8200,174.4200,172.7200,174.4200,2114330.52
2025-05-28T12:00:00Z,174.4200,175.0500,168.8000,169.6000,6055652.68
2025-05-28T16:00:00Z,169.6100,171.9200,169.0400,169.3100,2809150.06
2025-05-28T20:00:00Z,169.3200,172.5900,169.1100,172.1100,2135928.22
2025-05-29T00:00:00Z,172.1200,175.2800,171.2300,173.6200,3611042.99
2025-05-29T04:00:00Z,173.6100,173.8900,169.9600,172.1600,2889222.41
2025-05-29T08:00:00Z,172.1700,173.4000,171.5500,172.7800,1864535.82
2025-05-29T12:00:00Z,172.7800,172.8700,168.8000,169.6500,4247079.50
2025-05-29T16:00:00Z,169.6500,170.2100,165.9000,166.7500,4167225.52
2025-05-29T20:00:00Z,166.7500,168.4500,165.8700,166.6200,1748514.60
2025-05-30T00:00:00Z,166.6100,167.4100,159.8500,165.0300,5695273.25
2025-05-30T04:00:00Z,165.0300,165.7700,162.5000,162.6200,2895193.58
2025-05-30T08:00:00Z,162.6200,164.1000,161.3700,163.7300,3153833.87
2025-05-30T12:00:00Z,163.7400,163.8800,160.0000,161.1300,4253329.26
2025-05-30T16:00:00Z,161.1400,161.6800,156.0400,160.7300,5687711.09
2025-05-30T20:00:00Z,160.7200,160.9200,155.0100,156.1200,3580154.10
2025-05-31T00:00:00Z,156.1100,157.1800,152.0600,154.0800,5975175.30
2025-05-31T04:00:00Z,154.0800,155.7900,152.9300,154.7600,1885130.78
2025-05-31T08:00:00Z,154.7700,155.1900,152.5100,152.8500,2241318.07
2025-05-31T12:00:00Z,152.8500,156.6700,152.5500,155.5100,3241217.41
2025-05-31T16:00:00Z,155.5100,157.8900,155.0700,157.4100,1945148.83
2025-05-31T20:00:00Z,157.4100,157.9200,156.2100,156.3500,1315656.68
2025-06-01T00:00:00Z,156.3600,156.6500,153.2600,154.6200,2220297.44
2025-06-01T04:00:00Z,154.6300,155.8700,154.0200,154.3500,1308315.68
2025-06-01T08:00:00Z,154.3500,154.5500,150.4800,151.9500,3821051.44
2025-06-01T12:00:00Z,151.9500,154.5100,150.5100,154.0700,2873663.60
2025-06-01T16:00:00Z,154.0700,156.6600,153.3200,155.8100,3637272.37
2025-06-01T20:00:00Z,155.8000,157.8500,155.0800,157.6200,1668703.05
2025-06-02T00:00:00Z,157.6100,158.8400,155.3000,155.3900,2801520.80
2025-06-02T04:00:00Z,155.3800,156.6400,154.5800,155.4400,2052502.50
2025-06-02T08:00:00Z,155.4400,156.5000,152.8200,153.3700,3438984.25
2025-06-02T12:00:00Z,153.3600,154.4200,151.5200,153.0900,4747845.46
2025-06-02T16:00:00Z,153.0900,155.0800,151.6600,152.8600,3130087.67
2025-06-02T20:00:00Z,152.8700,157.1700,152.8400,156.7400,2841317.52
2025-06-03T00:00:00Z,156.7500,162.3100,156.2600,159.3400,5150692.14
2025-06-03T04:00:00Z,159.3500,160.1300,158.1200,159.7500,1764069.20
2025-06-03T08:00:00Z,159.7400,161.5900,158.2200,160.4900,2494206.03
2025-06-03T12:00:00Z,160.4900,163.5700,159.3500,162.1200,4887314.46
2025-06-03T16:00:00Z,162.1200,162.3400,159.8200,160.4900,2879740.41
2025-06-03T20:00:00Z,160.4800,160.5300,154.0000,155.0800,4545000.75
2025-06-04T00:00:00Z,155.0800,157.5600,154.0800,156.5000,3184401.91
2025-06-04T04:00:00Z,156.5000,156.9600,155.6100,156.3400,1405093.78
2025-06-04T08:00:00Z,156.3400,157.8200,155.5600,155.8300,2071760.92
2025-06-04T12:00:00Z,155.8300,157.9300,154.5100,157.0500,4010058.13
2025-06-04T16:00:00Z,157.0500,157.5000,155.1800,155.2700,2313957.09
2025-06-04T20:00:00Z,155.2700,155.5500,152.7800,153.1800,2724495.03
2025-06-05T00:00:00Z,153.1800,154.5900,152.8900,153.7500,1819366.64
2025-06-05T04:00:00Z,153.7400,154.0900,151.7500,152.3600,2613362.93
2025-06-05T08:00:00Z,152.3600,152.9700,151.1600,152.3000,2061681.23
2025-06-05T12:00:00Z,152.3100,154.3500,148.3200,150.8100,7162073.52
2025-06-05T16:00:00Z,150.8000,151.0200,144.0500,146.1300,7124773.28
2025-06-05T20:00:00Z,146.1200,146.5200,141.4300,144.2100,7517331.89
2025-06-06T00:00:00Z,144.2000,146.7900,144.0200,146.7300,2669191.66
2025-06-06T04:00:00Z,146.7400,148.1900,146.5400,147.2900,2518434.64
2025-06-06T08:00:00Z,147.2900,149.5500,147.1200,149.0000,2680854.08
2025-06-06T12:00:00Z,149.0000,152.5600,149.0000,151.0100,5893758.56
2025-06-06T16:00:00Z,151.0200,151.5000,148.3200,149.0400,3120729.03
2025-06-06T20:00:00Z,149.0300,149.9100,147.6000,147.7600,1475737.26
2025-06-07T00:00:00Z,147.7700,149.6500,146.8400,149.3900,2323100.05
2025-06-07T04:00:00Z,149.4000,152.8000,148.9000,152.3000,2690357.14
2025-06-07T08:00:00Z,152.3000,152.6400,151.1500,151.3600,1616189.05
2025-06-07T12:00:00Z,151.3600,152.3400,150.6100,150.9200,1968932.62
2025-06-07T16:00:00Z,150.9100,151.5300,150.0200,150.5100,1612829.69
2025-06-07T20:00:00Z,150.5000,151.4400,149.6400,149.9800,1133194.82
2025-06-08T00:00:00Z,149.9700,150.3100,149.0500,149.7900,1262678.36
2025-06-08T04:00:00Z,149.7900,150.4600,149.0000,149.2200,1284515.88
2025-06-08T08:00:00Z,149.2300,149.6300,147.5900,149.5500,2114640.89
2025-06-08T12:00:00Z,149.5500,151.3600,148.9300,150.6300,2164588.41
2025-06-08T16:00:00Z,150.6400,154.4800,150.5400,154.3800,3258235.20
2025-06-08T20:00:00Z,154.3800,155.3000,152.0600,152.3700,2466828.85
2025-06-09T00:00:00Z,152.3700,153.1100,150.7100,151.4700,2174142.79
2025-06-09T04:00:00Z,151.4600,151.8100,149.5000,150.7700,2307755.42
2025-06-09T08:00:00Z,150.7800,156.6000,150.3100,155.5400,5388194.97
2025-06-09T12:00:00Z,155.5400,155.7700,152.9300,154.9300,4055150.66
2025-06-09T16:00:00Z,154.9300,156.9400,154.9000,155.6600,2861084.55
2025-06-09T20:00:00Z,155.6600,161.7000,155.6200,161.0900,4149859.01
2025-06-10T00:00:00Z,161.0900,161.7700,158.6400,159.1100,2861667.45
2025-06-10T04:00:00Z,159.1100,159.5700,157.3300,158.4000,2597524.01
2025-06-10T08:00:00Z,158.4000,161.4300,157.0200,160.7500,4356148.81
2025-06-10T12:00:00Z,160.7400,161.9400,156.2300,157.9600,6680575.64
2025-06-10T16:00:00Z,157.9700,165.4600,157.0100,163.5300,7918031.45
2025-06-10T20:00:00Z,163.5300,165.6200,162.8200,165.0600,3945036.40
2025-06-11T00:00:00Z,165.0600,167.4400,163.3900,166.6300,4571532.17
2025-06-11T04:00:00Z,166.6400,167.1000,164.2800,166.5800,3196020.14
2025-06-11T08:00:00Z,166.5900,167.1600,163.9300,164.4400,3206172.78
2025-06-11T12:00:00Z,164.4400,168.3000,163.6600,167.1800,7048286.29
2025-06-11T16:00:00Z,167.1800,167.3700,162.2800,162.5500,4349300.21
2025-06-11T20:00:00Z,162.5400,163.8100,159.1400,160.8800,4057834.36
2025-06-12T00:00:00Z,160.8800,161.2400,159.2000,159.7800,2878821.86
2025-06-12T04:00:00Z,159.7800,160.5200,158.1500,158.6900,2703119.48
2025-06-12T08:00:00Z,158.6900,159.8700,157.3300,157.6600,2693421.31
2025-06-12T12:00:00Z,157.6600,160.5500,156.3400,156.9400,4989262.98
2025-06-12T16:00:00Z,156.9500,160.3900,154.3800,154.7500,4477971.17
2025-06-12T20:00:00Z,154.7400,155.3600,151.9200,152.2300,4838960.28
2025-06-13T00:00:00Z,152.2400,152.5500,140.7300,144.6600,14791026.22
2025-06-13T04:00:00Z,144.6500,145.3900,142.4900,144.9200,3887649.19
2025-06-13T08:00:00Z,144.9200,146.6100,143.5500,145.3800,4412463.36
2025-06-13T12:00:00Z,145.3800,147.7100,143.8300,147.1000,5344565.81
2025-06-13T16:00:00Z,147.0900,148.4400,144.2300,145.0800,4672896.76
2025-06-13T20:00:00Z,145.0900,148.8700,144.6800,148.5400,2460909.40
2025-06-14T00:00:00Z,148.5400,148.6500,146.3500,146.6300,1857685.23
2025-06-14T04:00:00Z,146.6300,147.0700,145.4700,146.1100,1470955.91
2025-06-14T08:00:00Z,146.1000,146.1500,144.8700,145.7800,1490166.46
2025-06-14T12:00:00Z,145.7700,145.8800,143.7100,144.4700,2045892.05
2025-06-14T16:00:00Z,144.4600,145.0800,142.8400,143.4300,2830182.59
2025-06-14T20:00:00Z,143.4300,144.9400,141.8700,144.5500,2267993.07
2025-06-15T00:00:00Z,144.5500,145.9900,144.4900,145.6700,1347739.38
2025-06-15T04:00:00Z,145.6700,148.0600,145.6100,145.8100,2854106.74
2025-06-15T08:00:00Z,145.8200,146.7300,144.1500,146.2600,2413078.15
2025-06-15T12:00:00Z,146.2700,152.9200,146.0700,150.7600,7242300.86
2025-06-15T16:00:00Z,150.7600,153.6600,150.1300,152.1700,3554074.52
2025-06-15T20:00:00Z,152.1800,152.9500,148.0700,152.8900,4279610.55
2025-06-16T00:00:00Z,152.8800,157.3800,150.9200,155.5400,5448292.53
2025-06-16T04:00:00Z,155.5300,157.9400,155.4500,157.1900,2956461.81
2025-06-16T08:00:00Z,157.2000,157.4400,154.7500,156.3900,3141870.51
2025-06-16T12:00:00Z,156.3900,157.7100,154.5800,156.4900,4822656.34
2025-06-16T16:00:00Z,156.5000,158.6800,156.2500,157.7300,2591513.05
2025-06-16T20:00:00Z,157.7300,157.7800,150.2400,150.6700,5665709.85
2025-06-17T00:00:00Z,150.6700,153.9200,147.4100,153.3000,6468269.18
2025-06-17T04:00:00Z,153.3100,154.2900,152.3100,152.6100,2771333.17
2025-06-17T08:00:00Z,152.6200,152.8500,150.1100,150.4900,3009597.31
2025-06-17T12:00:00Z,150.4900,151.3500,146.4500,147.5500,5877075.70
2025-06-17T16:00:00Z,147.5500,150.3500,145.5500,148.8300,6491963.72
2025-06-17T20:00:00Z,148.8200,149.2100,146.2100,147.4900,3277535.58
2025-06-18T00:00:00Z,147.5000,149.0400,146.4700,148.2800,2257547.49
2025-06-18T04:00:00Z,148.2700,149.2000,146.7900,147.9100,1988175.36
2025-06-18T08:00:00Z,147.9100,148.5000,145.2700,146.4300,3267008.08
2025-06-18T12:00:00Z,146.4300,146.6800,143.6900,145.6800,5361791.88
2025-06-18T16:00:00Z,145.6700,146.4300,143.5800,144.6700,4307991.46
2025-06-18T20:00:00Z,144.6600,147.8400,144.0300,146.2800,2904824.54
2025-06-19T00:00:00Z,146.2900,147.8300,144.9000,146.5300,2372784.70
2025-06-19T04:00:00Z,146.5200,147.1000,144.9300,145.0000,1927992.04
2025-06-19T08:00:00Z,145.0100,146.4500,144.7500,145.0100,1913820.81
2025-06-19T12:00:00Z,145.0100,145.4300,142.8300,143.0800,3213255.28
2025-06-19T16:00:00Z,143.0700,146.0000,143.0200,145.4200,3044075.80
2025-06-19T20:00:00Z,145.4200,147.4400,144.9500,146.9600,2110458.08
2025-06-20T00:00:00Z,146.9600,147.4600,145.3500,145.3900,1802616.86
2025-06-20T04:00:00Z,145.3800,147.7500,144.2100,147.4100,2638918.95
2025-06-20T08:00:00Z,147.4000,148.7500,146.8400,148.1100,3298850.00
2025-06-20T12:00:00Z,148.1100,148.3000,142.2600,142.7600,6153702.72
2025-06-20T16:00:00Z,142.7700,142.9200,135.5700,139.7900,10945385.79
2025-06-20T20:00:00Z,139.7900,141.6500,138.5900,140.0200,3205217.56
2025-06-21T00:00:00Z,140.0100,141.2600,139.4400,140.6900,2823463.77
2025-06-21T04:00:00Z,140.6900,140.9100,139.7500,140.5500,1129194.08
2025-06-21T08:00:00Z,140.5500,142.5300,140.2000,141.9900,2511126.25
2025-06-21T12:00:00Z,141.9800,142.3900,139.0700,140.2300,3401710.29
2025-06-21T16:00:00Z,140.2300,140.9700,137.1400,137.2400,3873927.87
2025-06-21T20:00:00Z,137.2300,138.8500,130.4600,135.3200,8727813.61
2025-06-22T00:00:00Z,135.3200,137.5200,133.0900,135.0300,6085873.09
2025-06-22T04:00:00Z,135.0300,136.4400,134.5400,134.7500,2302539.82
2025-06-22T08:00:00Z,134.7500,135.2900,131.8800,133.1800,3593011.01
2025-06-22T12:00:00Z,133.1800,133.8100,126.4100,128.5200,12548630.54
2025-06-22T16:00:00Z,128.5100,131.4200,128.2100,129.0200,4335130.21
2025-06-22T20:00:00Z,129.0200,132.5100,125.8300,131.6400,6096941.95
2025-06-23T00:00:00Z,131.6400,133.4400,131.4600,132.5900,2574732.49
2025-06-23T04:00:00Z,132.6000,134.9900,132.2700,134.3100,3330607.48
2025-06-23T08:00:00Z,134.3100,134.8200,133.1800,134.0400,2393612.40
2025-06-23T12:00:00Z,134.0500,137.4600,132.7900,133.3500,7854203.97
2025-06-23T16:00:00Z,133.3500,140.1900,130.6000,139.7100,11103885.81
2025-06-23T20:00:00Z,139.7200,146.8800,139.1600,144.4100,8806140.75
2025-06-24T00:00:00Z,144.4100,144.6800,142.2100,143.1600,3208476.48
2025-06-24T04:00:00Z,143.1600,146.6600,142.7600,143.9400,3540986.48
2025-06-24T08:00:00Z,143.9300,145.7300,142.9300,144.4800,3612921.85
2025-06-24T12:00:00Z,144.4900,145.6400,143.3500,144.2400,3775747.24
2025-06-24T16:00:00Z,144.2400,146.5600,142.7100,143.5200,3602083.67
2025-06-24T20:00:00Z,143.5200,145.8600,143.1000,145.8300,1634698.47
2025-06-25T00:00:00Z,145.8300,146.9200,144.9500,145.4400,1993294.62
2025-06-25T04:00:00Z,145.4400,147.6100,144.7800,146.9500,1967025.91
2025-06-25T08:00:00Z,146.9500,147.0600,144.9400,146.2000,3010508.95
2025-06-25T12:00:00Z,146.2000,147.9300,143.0200,143.6100,5652572.28
2025-06-25T16:00:00Z,143.6000,144.6900,142.7100,144.6700,2911118.09
2025-06-25T20:00:00Z,144.6700,145.5700,142.1200,143.4800,2221475.01
2025-06-26T00:00:00Z,143.4900,147.9900,143.3000,145.8700,3948342.86
2025-06-26T04:00:00Z,145.8700,146.0200,143.9300,145.0800,2406599.23
2025-06-26T08:00:00Z,145.0700,145.7400,143.0400,143.5500,2229818.92
2025-06-26T12:00:00Z,143.5600,143.9000,141.3000,142.9200,5216706.67
2025-06-26T16:00:00Z,142.9200,143.1900,140.8000,142.2100,2678923.75
2025-06-26T20:00:00Z,142.2000,143.8900,138.5400,138.9800,4351718.03
2025-06-27T00:00:00Z,138.9800,141.5100,137.0000,141.2600,3324762.42
2025-06-27T04:00:00Z,141.2600,142.1600,140.1200,140.2700,2401663.73
2025-06-27T08:00:00Z,140.2700,142.7300,140.2600,142.0600,2771076.03
2025-06-27T12:00:00Z,142.0700,143.8000,141.0600,143.4200,4690109.65
2025-06-27T16:00:00Z,143.4200,145.0000,140.0400,141.7200,4261536.43
2025-06-27T20:00:00Z,141.7200,143.3100,141.5600,142.0500,1660048.84
2025-06-28T00:00:00Z,142.0500,143.5000,141.0700,143.3400,2052917.30
2025-06-28T04:00:00Z,143.3400,146.7700,143.0100,146.5200,2357655.47
2025-06-28T08:00:00Z,146.5200,147.5500,145.5500,147.0700,3579927.27
2025-06-28T12:00:00Z,147.0800,148.7800,145.8100,148.1100,2898215.44
2025-06-28T16:00:00Z,148.1000,152.6800,148.0100,150.6200,5493510.43
2025-06-28T20:00:00Z,150.6200,151.3100,149.9800,150.6700,1338542.35
2025-06-29T00:00:00Z,150.6700,151.0300,149.3600,149.4300,1724449.17
2025-06-29T04:00:00Z,149.4200,150.2700,149.3000,150.2700,1278348.43
2025-06-29T08:00:00Z,150.2600,152.2600,149.8700,151.5900,2547653.88
2025-06-29T12:00:00Z,151.5900,152.4900,150.6200,150.6800,2737829.51
2025-06-29T16:00:00Z,150.6900,152.1800,149.6400,151.1300,2280356.37
2025-06-29T20:00:00Z,151.1200,154.7700,150.2300,153.2100,3601837.18
2025-06-30T00:00:00Z,153.2200,154.0200,151.1100,151.7000,2847983.06
2025-06-30T04:00:00Z,151.7000,151.9400,149.6200,150.5700,2765371.40
2025-06-30T08:00:00Z,150.5800,150.9700,149.3600,150.2700,2409470.90
2025-06-30T12:00:00Z,150.2700,160.0000,149.6300,157.7800,12329152.03
2025-06-30T16:00:00Z,157.7700,158.3800,155.2800,157.7100,5658761.97
2025-06-30T20:00:00Z,157.7200,157.7700,154.4100,154.7300,2541729.89
2025-07-01T00:00:00Z,154.7400,155.5800,153.0700,153.8500,2452232.43
2025-07-01T04:00:00Z,153.8500,153.8600,148.6200,149.9800,4629646.99
2025-07-01T08:00:00Z,149.9700,149.9700,148.0300,148.7600,3443343.06
2025-07-01T12:00:00Z,148.7600,149.2000,146.1000,147.1300,5830924.22
2025-07-01T16:00:00Z,147.1300,148.3700,145.2300,145.3800,3531234.52
2025-07-01T20:00:00Z,145.3800,146.9500,144.6700,146.7900,2073082.19
2025-07-02T00:00:00Z,146.7800,149.1700,145.6400,148.7900,2572318.63
2025-07-02T04:00:00Z,148.7900,149.8400,148.2200,149.0200,2382125.51
2025-07-02T08:00:00Z,149.0200,149.9100,148.3400,148.5500,2517594.38
2025-07-02T12:00:00Z,148.5400,151.5600,147.0300,151.2200,6060875.93
2025-07-02T16:00:00Z,151.2300,153.5400,150.2200,152.9100,6499918.08
2025-07-02T20:00:00Z,152.9000,154.4400,151.8900,152.2100,2741755.62
2025-07-03T00:00:00Z,152.2100,153.9600,151.6600,153.3100,2047209.25
2025-07-03T04:00:00Z,153.3100,155.8900,153.1300,155.5300,3163439.95
2025-07-03T08:00:00Z,155.5300,156.3300,154.0600,154.4500,2583599.53
2025-07-03T12:00:00Z,154.4400,155.3000,149.5900,150.0900,7900012.29
2025-07-03T16:00:00Z,150.0900,151.9700,149.8000,151.7100,2820262.24
2025-07-03T20:00:00Z,151.7000,153.1800,151.7000,152.2900,1479539.76
2025-07-04T00:00:00Z,152.2900,153.1100,150.8600,151.6300,2219685.39
2025-07-04T04:00:00Z,151.6300,153.8400,150.2000,150.4300,3537758.56
2025-07-04T08:00:00Z,150.4200,150.9100,148.9200,150.1400,2420136.07
2025-07-04T12:00:00Z,150.1300,151.1700,146.2000,146.4900,4570084.47
2025-07-04T16:00:00Z,146.4900,146.9300,145.1100,146.6200,3239464.18
2025-07-04T20:00:00Z,146.6300,148.2400,146.2700,147.6000,1747515.06
2025-07-05T00:00:00Z,147.6000,148.3600,147.0500,147.6700,1229825.32
2025-07-05T04:00:00Z,147.6800,148.4600,146.6300,147.7800,1733995.61
2025-07-05T08:00:00Z,147.7800,148.4600,146.7000,148.1000,1521251.83
2025-07-05T12:00:00Z,148.1000,148.6300,146.9700,147.0500,1321443.41
2025-07-05T16:00:00Z,147.0400,147.1900,145.7900,146.7900,2036410.37
2025-07-05T20:00:00Z,146.7900,147.9600,146.3600,147.5000,903228.66
2025-07-06T00:00:00Z,147.5000,147.5900,146.7400,147.2600,853764.98
2025-07-06T04:00:00Z,147.2700,148.4400,146.9700,147.8100,1275000.99
2025-07-06T08:00:00Z,147.8100,147.9400,146.6600,147.8800,1533138.68
2025-07-06T12:00:00Z,147.8800,152.0300,147.7500,151.4800,5894299.87
2025-07-06T16:00:00Z,151.4800,153.2000,150.6200,151.2200,3396496.33
2025-07-06T20:00:00Z,151.2100,154.0000,151.1700,151.8000,2638526.63
2025-07-07T00:00:00Z,151.8000,152.8400,150.1500,151.8100,2235815.85
2025-07-07T04:00:00Z,151.8100,152.3900,150.8000,152.3000,1453429.35
2025-07-07T08:00:00Z,152.3000,153.5500,151.5700,152.7300,2151389.71
2025-07-07T12:00:00Z,152.7200,153.3700,150.9100,150.9700,3997575.76
2025-07-07T16:00:00Z,150.9700,151.4800,148.4000,148.8900,5579601.51
2025-07-07T20:00:00Z,148.8800,148.9100,147.6000,148.8200,2934637.26
2025-07-08T00:00:00Z,148.8200,150.0500,147.7500,148.5600,2254528.37
2025-07-08T04:00:00Z,148.5700,149.7200,148.1100,149.5800,1378463.75
2025-07-08T08:00:00Z,149.5700,151.5800,149.4400,151.1900,2569318.69
2025-07-08T12:00:00Z,151.1900,152.8300,149.6900,149.7900,4198861.76
2025-07-08T16:00:00Z,149.7800,152.7700,149.3700,151.5800,3901414.90
2025-07-08T20:00:00Z,151.5800,151.8500,149.8900,151.5900,1934091.69
2025-07-09T00:00:00Z,151.5900,152.2900,151.0000,151.2000,1810162.01
2025-07-09T04:00:00Z,151.2100,153.8500,150.4400,152.9400,2866054.29
2025-07-09T08:00:00Z,152.9400,154.4600,152.2300,153.6400,2078671.95
2025-07-09T12:00:00Z,153.6500,155.4800,152.8000,153.9100,5441547.19
2025-07-09T16:00:00Z,153.9200,157.8000,153.1500,157.2200,5228187.96
2025-07-09T20:00:00Z,157.2300,157.9000,155.3900,156.9900,3501564.58
2025-07-10T00:00:00Z,157.0000,159.3300,155.8800,157.2800,2702630.80
2025-07-10T04:00:00Z,157.2800,158.5800,156.5800,157.8200,2169137.41
2025-07-10T08:00:00Z,157.8200,159.1100,157.1100,157.5500,2220277.48
2025-07-10T12:00:00Z,157.5600,158.3100,155.5000,156.3800,3588867.88
2025-07-10T16:00:00Z,156.3800,161.2000,156.0700,159.2600,6281843.31
2025-07-10T20:00:00Z,159.2500,165.3600,159.1400,164.2900,6284337.67
2025-07-11T00:00:00Z,164.3000,165.3200,161.8900,165.1100,3413565.94
2025-07-11T04:00:00Z,165.1100,166.7300,163.0400,163.2100,4738544.06
2025-07-11T08:00:00Z,163.2000,165.3000,163.2000,163.8100,2919261.53
2025-07-11T12:00:00Z,163.8100,168.1800,161.7700,162.2600,9192230.31
2025-07-11T16:00:00Z,162.2700,164.9700,161.1700,164.5200,4808544.62
2025-07-11T20:00:00Z,164.5200,164.8100,159.4900,162.8700,3904160.77
2025-07-12T00:00:00Z,162.8700,163.8700,161.6400,163.4100,1964437.56
2025-07-12T04:00:00Z,163.4200,163.7700,161.9600,163.1600,1598232.32
2025-07-12T08:00:00Z,163.1500,163.3800,161.3000,161.5600,1849609.49
2025-07-12T12:00:00Z,161.5500,161.7400,157.6600,158.0600,5206616.78
2025-07-12T16:00:00Z,158.0600,160.7200,157.8300,160.6700,2247140.91
2025-07-12T20:00:00Z,160.6800,160.9000,158.8700,160.6300,1227385.96
2025-07-13T00:00:00Z,160.6400,161.7600,160.1200,161.1500,1409115.36
2025-07-13T04:00:00Z,161.1500,162.7000,160.9700,162.5700,1422712.83
2025-07-13T08:00:00Z,162.5700,162.6800,161.5000,161.9900,1380812.88
2025-07-13T12:00:00Z,161.9800,164.1200,161.7000,161.9400,3120203.50
2025-07-13T16:00:00Z,161.9500,163.4900,160.5000,162.4600,2550058.25
2025-07-13T20:00:00Z,162.4500,163.0200,159.5500,161.0400,2405834.14
2025-07-14T00:00:00Z,161.0500,168.2700,160.5300,167.0800,4516194.99
2025-07-14T04:00:00Z,167.0700,169.7600,165.2800,167.2100,5500615.30
2025-07-14T08:00:00Z,167.2200,168.1100,166.0000,166.5100,3232679.04
2025-07-14T12:00:00Z,166.5000,168.6400,163.0000,163.9100,5672607.71
2025-07-14T16:00:00Z,163.9000,165.2900,162.3700,164.2200,3533187.83
2025-07-14T20:00:00Z,164.2200,164.2200,161.5700,162.1300,2029393.50
2025-07-15T00:00:00Z,162.1200,162.8200,158.0400,159.0600,4619582.81
2025-07-15T04:00:00Z,159.0600,160.7900,158.1900,159.4600,2577911.86
2025-07-15T08:00:00Z,159.4600,160.0900,158.3100,159.7900,2067169.87
2025-07-15T12:00:00Z,159.7800,162.1300,157.1100,160.4000,6841625.54
2025-07-15T16:00:00Z,160.3900,163.6600,159.8600,160.1400,4654941.92
2025-07-15T20:00:00Z,160.1300,164.2600,159.6200,163.9900,2328637.29
2025-07-16T00:00:00Z,163.9900,165.2900,161.5000,162.5300,2953210.41
2025-07-16T04:00:00Z,162.5200,164.6500,161.7500,164.0200,2090633.56
2025-07-16T08:00:00Z,164.0200,167.5900,163.8000,166.6600,5211432.35
2025-07-16T12:00:00Z,166.6700,168.8200,165.3400,168.4200,6589514.26
2025-07-16T16:00:00Z,168.4100,174.7400,168.3300,174.1300,9032944.22
2025-07-16T20:00:00Z,174.1300,176.0000,172.4000,173.6400,4774347.00
2025-07-17T00:00:00Z,173.6500,174.9100,168.7100,169.5500,4672278.73
2025-07-17T04:00:00Z,169.5400,174.1200,169.2500,173.9900,4467380.49
2025-07-17T08:00:00Z,173.9900,178.1700,172.6200,176.1400,6269795.02
2025-07-17T12:00:00Z,176.1400,177.5600,172.6700,174.0900,6800025.90
2025-07-17T16:00:00Z,174.0800,175.3600,171.1500,173.0000,4580603.49
2025-07-17T20:00:00Z,173.0100,177.4000,171.2800,175.8200,5317174.93
2025-07-18T00:00:00Z,175.8100,181.2500,175.2200,180.8300,6342632.97
2025-07-18T04:00:00Z,180.8300,185.0000,179.8900,181.1400,7655656.64
2025-07-18T08:00:00Z,181.1400,182.1900,177.0000,178.5200,4768031.08
2025-07-18T12:00:00Z,178.5300,182.0600,174.8700,177.0000,7487591.15
2025-07-18T16:00:00Z,176.9900,179.1000,176.1200,176.9200,3661206.92
2025-07-18T20:00:00Z,176.9300,177.5000,173.1360,177.2100,3992414.44
2025-07-19T00:00:00Z,177.2200,177.7200,173.9400,177.4400,2341329.07
2025-07-19T04:00:00Z,177.4500,177.7900,176.1000,176.9800,1818018.95
2025-07-19T08:00:00Z,176.9800,177.7900,175.3500,176.5800,1707652.31
2025-07-19T12:00:00Z,176.5700,177.8700,174.7300,177.3700,3094580.90
2025-07-19T16:00:00Z,177.3700,178.1000,176.1100,177.0400,2272064.08
2025-07-19T20:00:00Z,177.0400,178.6200,175.0500,176.9300,3503830.91
2025-07-20T00:00:00Z,176.9300,179.7800,176.3000,177.9300,9624030.17
2025-07-20T04:00:00Z,177.9300,178.6500,176.9000,177.9100,1948597.84
2025-07-20T08:00:00Z,177.9100,181.5800,177.9100,180.4300,3754064.22
2025-07-20T12:00:00Z,180.4300,183.1700,179.9400,181.9200,5064878.34
2025-07-20T16:00:00Z,181.9300,183.6700,180.1300,181.9500,4409535.29
2025-07-20T20:00:00Z,181.9400,182.3600,177.6100,181.4200,3922390.74
2025-07-21T00:00:00Z,181.4200,187.1100,178.1800,186.7200,6543569.80
2025-07-21T04:00:00Z,186.7100,191.1000,185.0700,190.1000,5712215.74
2025-07-21T08:00:00Z,190.0900,193.2700,189.6800,191.5800,6497959.41
2025-07-21T12:00:00Z,191.5800,199.4800,190.3200,196.8800,10029135.28
2025-07-21T16:00:00Z,196.8900,197.4200,193.0000,194.6900,7782155.98
2025-07-21T20:00:00Z,194.6900,197.8800,193.6500,195.7500,3553096.28
2025-07-22T00:00:00Z,195.7500,204.7600,193.7400,200.1100,13345377.31
2025-07-22T04:00:00Z,200.1100,201.2900,194.1000,198.1000,8668119.57
2025-07-22T08:00:00Z,198.1000,200.2800,194.0300,199.9500,6571580.67
2025-07-22T12:00:00Z,199.9400,205.1700,196.8900,201.8600,12347650.35
2025-07-22T16:00:00Z,201.8500,204.3500,198.4000,198.9300,6626552.94
2025-07-22T20:00:00Z,198.9400,206.4400,198.4100,205.7800,4045745.71
2025-07-23T00:00:00Z,205.7900,205.8600,201.0400,201.5200,3973712.33
2025-07-23T04:00:00Z,201.5100,202.3500,198.8900,199.5000,3290760.96
2025-07-23T08:00:00Z,199.5000,200.0800,196.0000,197.4400,4019381.23
2025-07-23T12:00:00Z,197.4500,197.6200,187.6100,192.7200,13050161.42
2025-07-23T16:00:00Z,192.7300,192.7400,186.0000,188.0600,7309967.46
2025-07-23T20:00:00Z,188.0700,190.0700,184.0000,189.4000,5689755.24
2025-07-24T00:00:00Z,189.4000,191.8700,188.4900,189.8700,3200627.40
2025-07-24T04:00:00Z,189.8700,190.1400,179.2000,184.1500,10703871.33
2025-07-24T08:00:00Z,184.1500,186.9400,182.9200,186.3800,5424690.28
2025-07-24T12:00:00Z,186.3700,191.7000,183.3400,188.4700,7879903.74
2025-07-24T16:00:00Z,188.4800,190.0000,184.7700,187.9400,4985067.61
2025-07-24T20:00:00Z,187.9300,189.0200,181.9200,182.8000,3765860.11
2025-07-25T00:00:00Z,182.8100,183.4800,175.5000,177.6400,7496276.01
2025-07-25T04:00:00Z,177.6300,179.7000,175.8000,177.4300,5337220.66
2025-07-25T08:00:00Z,177.4400,182.0300,176.7500,181.0300,5091459.76
2025-07-25T12:00:00Z,181.0200,181.8400,176.1400,178.1300,6394387.61
2025-07-25T16:00:00Z,178.1300,182.8300,177.3900,182.1200,3800509.13
2025-07-25T20:00:00Z,182.1200,186.7900,182.0200,186.6900,2571938.46
2025-07-26T00:00:00Z,186.6900,186.9000,184.4400,185.9600,2128665.64
2025-07-26T04:00:00Z,185.9600,187.1400,185.6000,186.4100,1186495.24
2025-07-26T08:00:00Z,186.4100,189.7500,186.4100,187.6900,3295328.76
2025-07-26T12:00:00Z,187.6900,188.4400,185.9600,187.5000,2452557.04
2025-07-26T16:00:00Z,187.5000,187.7700,184.9900,186.3800,2057246.74
2025-07-26T20:00:00Z,186.3800,186.7500,184.1900,184.8200,1699960.32
2025-07-27T00:00:00Z,184.8200,187.6000,184.4700,187.1400,1693205.58
2025-07-27T04:00:00Z,187.1500,188.3000,186.5300,187.1500,1601750.71
2025-07-27T08:00:00Z,187.1500,188.5300,186.1100,186.9400,2174609.76
2025-07-27T12:00:00Z,186.9500,187.3000,184.8000,186.3800,2352921.04
2025-07-27T16:00:00Z,186.3800,189.7000,185.8700,186.8900,3944361.47
2025-07-27T20:00:00Z,186.8900,190.6700,186.2700,188.5500,2729995.47
2025-07-28T00:00:00Z,188.5600,193.7900,187.5500,193.2900,4464745.12
2025-07-28T04:00:00Z,193.2900,195.3200,191.5600,192.2900,3801510.27
2025-07-28T08:00:00Z,192.2900,193.3100,190.6000,191.9600,2364388.41
2025-07-28T12:00:00Z,191.9600,193.4900,186.4800,187.1400,6528034.26
2025-07-28T16:00:00Z,187.1300,187.9500,183.3600,185.2000,5451678.00
2025-07-28T20:00:00Z,185.2100,185.4900,182.0600,183.0300,3330102.82
2025-07-29T00:00:00Z,183.0300,184.6600,180.5000,184.2700,3828230.43
2025-07-29T04:00:00Z,184.2700,186.5000,183.1300,185.9600,2617524.62
2025-07-29T08:00:00Z,185.9600,186.4400,182.1600,182.8300,2487943.54
2025-07-29T12:00:00Z,182.8400,184.9300,179.1000,180.7100,5930677.30
2025-07-29T16:00:00Z,180.7000,182.3300,178.1800,181.0000,4002943.32
2025-07-29T20:00:00Z,180.9900,181.9000,179.2000,181.3900,2133501.07
2025-07-30T00:00:00Z,181.3800,182.2900,178.7100,181.6000,2369496.52
2025-07-30T04:00:00Z,181.6000,182.4800,179.2300,180.7400,2396470.92
2025-07-30T08:00:00Z,180.7400,181.4400,176.3100,177.2100,4235567.10
2025-07-30T12:00:00Z,177.2000,180.5000,176.5600,179.1200,4404392.30
2025-07-30T16:00:00Z,179.1100,180.0900,170.0000,176.0300,7617226.57
2025-07-30T20:00:00Z,176.0300,178.0000,174.6700,177.6800,2685025.70
2025-07-31T00:00:00Z,177.6700,180.4700,177.5200,180.2300,1993411.91
2025-07-31T04:00:00Z,180.2200,181.5500,179.6900,181.1500,1662801.61
2025-07-31T08:00:00Z,181.1600,182.6600,180.1300,180.6600,2239364.42
2025-07-31T12:00:00Z,180.6600,180.8300,175.1400,177.2100,5963694.14
2025-07-31T16:00:00Z,177.2200,179.7000,174.6600,175.2200,4469528.22
2025-07-31T20:00:00Z,175.2200,175.6600,171.3600,172.1500,4472469.06
2025-08-01T00:00:00Z,172.1500,172.1900,167.2400,171.0200,6518611.59
2025-08-01T04:00:00Z,171.0300,171.0300,167.8600,169.3300,3899370.00
2025-08-01T08:00:00Z,169.3300,169.3300,166.0000,169.1000,4472684.41
2025-08-01T12:00:00Z,169.1000,170.2800,164.4200,168.5000,7708660.38
2025-08-01T16:00:00Z,168.5000,169.7000,164.9000,166.4100,5409268.03
2025-08-01T20:00:00Z,166.4000,166.7800,159.0200,162.6100,6951646.32
2025-08-02T00:00:00Z,162.6100,164.9500,162.4500,164.3100,2037891.55
2025-08-02T04:00:00Z,164.3000,165.1900,161.7300,164.3700,2356287.55
2025-08-02T08:00:00Z,164.3700,165.0300,162.1300,164.4000,2600398.67
2025-08-02T12:00:00Z,164.3900,164.8800,160.9500,161.4500,2812795.75
2025-08-02T16:00:00Z,161.4500,162.1300,155.7200,157.3400,7505974.14
2025-08-02T20:00:00Z,157.3400,159.7000,156.9100,158.4000,2971993.23
2025-08-03T00:00:00Z,158.4000,160.9800,156.1700,160.7400,2936444.79
2025-08-03T04:00:00Z,160.7400,161.4900,159.9000,161.2500,1393117.40
2025-08-03T08:00:00Z,161.2600,162.7800,160.5800,161.3700,1874271.98
2025-08-03T12:00:00Z,161.3700,162.2500,160.2700,162.0100,2544521.36
2025-08-03T16:00:00Z,162.0100,162.6500,161.0300,161.5200,1906324.76
2025-08-03T20:00:00Z,161.5300,163.0700,160.6300,161.8400,2137135.17
2025-08-04T00:00:00Z,161.8500,164.8600,161.3100,162.8800,2884742.85
2025-08-04T04:00:00Z,162.8800,163.3500,161.1600,162.9500,2103166.83
2025-08-04T08:00:00Z,162.9600,163.9900,161.5400,162.2700,2253008.70
2025-08-04T12:00:00Z,162.2800,166.8100,162.0400,165.3900,5496263.44
2025-08-04T16:00:00Z,165.3800,169.7300,164.9200,165.5500,4779638.03
2025-08-04T20:00:00Z,165.5600,169.7000,165.2100,169.4600,3304796.81
2025-08-05T00:00:00Z,169.4700,169.9400,167.4900,167.8400,2669711.07
2025-08-05T04:00:00Z,167.8500,169.1900,165.7000,166.1200,2646410.46
2025-08-05T08:00:00Z,166.1100,171.6600,165.5500,170.8100,3716416.50
2025-08-05T12:00:00Z,170.8200,170.9700,162.9000,163.6800,8510641.07
2025-08-05T16:00:00Z,163.6700,164.8400,162.1600,162.6600,2990339.01
2025-08-05T20:00:00Z,162.6500,164.4300,161.1700,163.9900,2132929.71
2025-08-06T00:00:00Z,163.9900,164.0600,161.0400,161.7600,2023829.17
2025-08-06T04:00:00Z,161.7600,164.7100,161.1500,164.1600,2300557.88
2025-08-06T08:00:00Z,164.1600,164.5600,162.6300,164.1000,2140187.87
2025-08-06T12:00:00Z,164.1000,169.4700,162.5000,168.9600,6131613.82
2025-08-06T16:00:00Z,168.9600,169.8800,167.0800,168.7300,3306477.86
2025-08-06T20:00:00Z,168.7400,168.7900,167.2500,168.0300,1175195.82
2025-08-07T00:00:00Z,168.0400,168.9500,166.6100,166.8000,1951002.40
2025-08-07T04:00:00Z,166.8100,170.3700,166.6900,169.9200,2124167.67
2025-08-07T08:00:00Z,169.9100,173.4300,169.0000,172.7500,4730852.33
2025-08-07T12:00:00Z,172.7600,173.1200,169.6000,170.3800,4526509.74
2025-08-07T16:00:00Z,170.3900,171.8200,166.9300,171.6600,3950981.17
2025-08-07T20:00:00Z,171.6600,175.4500,171.4400,175.2600,3306410.01
2025-08-08T00:00:00Z,175.2700,175.8800,173.3600,174.6300,4162336.51
2025-08-08T04:00:00Z,174.6300,177.7700,173.7600,177.0500,2552255.44
2025-08-08T08:00:00Z,177.0400,177.9100,174.7800,177.5600,2955868.64
2025-08-08T12:00:00Z,177.5600,179.0400,174.1200,175.1500,6295036.40
2025-08-08T16:00:00Z,175.1500,179.6100,175.1300,178.4200,4673004.50
2025-08-08T20:00:00Z,178.4100,178.7000,176.5100,176.7000,1605009.54
2025-08-09T00:00:00Z,176.6900,178.9600,176.5300,177.1600,1628724.86
2025-08-09T04:00:00Z,177.1600,182.1000,176.8200,180.5400,4759407.03
2025-08-09T08:00:00Z,180.5400,183.2600,180.3100,180.6900,3217553.26
2025-08-09T12:00:00Z,180.6900,182.4100,178.7900,180.0100,3688683.40
2025-08-09T16:00:00Z,180.0100,182.6500,179.3500,182.0600,2392828.80
2025-08-09T20:00:00Z,182.0700,183.4900,179.6100,179.8500,3100978.23
2025-08-10T00:00:00Z,179.8600,185.9500,179.7300,184.9000,5087007.80
2025-08-10T04:00:00Z,184.9100,186.1300,177.6900,178.8600,5437285.45
2025-08-10T08:00:00Z,178.8700,180.9800,177.4200,179.9000,3555390.49
2025-08-10T12:00:00Z,179.9000,182.3400,178.4400,181.4600,3398340.82
2025-08-10T16:00:00Z,181.4600,183.3100,181.1400,182.7300,1864408.79
2025-08-10T20:00:00Z,182.7300,183.8600,181.2000,182.5900,3508796.10
2025-08-11T00:00:00Z,182.5800,185.7300,181.1600,185.0900,4678159.99
2025-08-11T04:00:00Z,185.0900,186.7600,182.7210,182.9200,3559982.94
2025-08-11T08:00:00Z,182.9200,184.6300,178.2300,178.9900,5235937.22
2025-08-11T12:00:00Z,178.9800,180.4500,177.1400,180.1100,6775827.31
2025-08-11T16:00:00Z,180.1000,181.7000,175.4500,176.5400,5040374.50
2025-08-11T20:00:00Z,176.5500,176.8000,173.3400,174.7500,3439113.23
2025-08-12T00:00:00Z,174.7400,176.6700,174.5500,175.4700,2404477.33
2025-08-12T04:00:00Z,175.4700,176.5700,173.4900,175.8100,2806118.27
2025-08-12T08:00:00Z,175.8200,176.4100,173.6000,175.1400,2459676.52
2025-08-12T12:00:00Z,175.1300,182.0000,174.6400,181.6100,8345637.11
2025-08-12T16:00:00Z,181.6100,191.1000,180.6800,190.6100,9925590.78
2025-08-12T20:00:00Z,190.6200,193.7900,189.5700,191.7600,5944050.20
2025-08-13T00:00:00Z,191.7700,199.5900,191.4700,197.7300,9715936.04
2025-08-13T04:00:00Z,197.7400,200.1500,195.2000,198.7900,6128457.67
2025-08-13T08:00:00Z,198.7900,202.8100,197.6500,201.0600,6635468.86
2025-08-13T12:00:00Z,201.0500,205.0700,194.6000,197.4900,15188567.65
2025-08-13T16:00:00Z,197.4900,202.3000,197.0600,202.1500,6054891.34
2025-08-13T20:00:00Z,202.1400,203.4100,199.8600,201.5800,3863218.07
2025-08-14T00:00:00Z,201.5700,209.3600,200.6400,208.1100,8273577.05
2025-08-14T04:00:00Z,208.1100,210.1000,204.2000,205.8000,8158301.37
2025-08-14T08:00:00Z,205.7900,205.9900,202.0000,203.7500,6766020.15
2025-08-14T12:00:00Z,203.7400,205.6400,186.4700,194.8400,24328780.96
2025-08-14T16:00:00Z,194.8400,195.5000,190.5000,192.8900,6865522.53
2025-08-14T20:00:00Z,192.8900,193.2100,187.2500,192.3900,5227936.38
2025-08-15T00:00:00Z,192.4000,195.5800,191.8700,195.0900,3669278.90
2025-08-15T04:00:00Z,195.0900,197.9800,194.3300,196.8800,3825880.63
2025-08-15T08:00:00Z,196.8700,197.5400,193.5900,194.2400,3457277.79
2025-08-15T12:00:00Z,194.2500,196.1000,184.2700,185.4500,11874154.63
2025-08-15T16:00:00Z,185.4400,186.8300,183.2300,183.8000,6742252.63
2025-08-15T20:00:00Z,183.8000,188.1800,183.2600,185.6200,3589824.39
2025-08-16T00:00:00Z,185.6100,188.2500,185.2100,187.0200,2705779.30
2025-08-16T04:00:00Z,187.0300,189.5300,186.0100,189.0200,2752549.86
2025-08-16T08:00:00Z,189.0200,189.1600,185.2800,185.6600,3274773.21
2025-08-16T12:00:00Z,185.6600,189.3900,185.0900,188.7200,3667557.42
2025-08-16T16:00:00Z,188.7200,189.3100,187.0000,188.5900,1852018.36
2025-08-16T20:00:00Z,188.6000,190.0000,187.8300,189.5200,1385765.92
2025-08-17T00:00:00Z,189.5300,191.9000,187.2600,191.5400,3332169.06
2025-08-17T04:00:00Z,191.5300,193.4400,191.2200,191.7900,2972831.89
2025-08-17T08:00:00Z,191.8000,193.5700,191.4300,193.4600,3272473.75
2025-08-17T12:00:00Z,193.4600,195.4200,191.8100,195.3800,3323514.16
2025-08-17T16:00:00Z,195.3800,195.7500,190.3400,191.1300,4180484.49
2025-08-17T20:00:00Z,191.1200,193.3400,190.7800,190.9200,2205638.45
2025-08-18T00:00:00Z,190.9200,191.2600,181.7100,182.5600,7726678.34
2025-08-18T04:00:00Z,182.5700,183.3900,180.1200,180.5400,5454053.12
2025-08-18T08:00:00Z,180.5300,181.9000,179.8400,181.2400,3438177.86
2025-08-18T12:00:00Z,181.2400,183.2300,180.3900,182.9800,4731013.29
2025-08-18T16:00:00Z,182.9900,185.6000,181.6600,183.0800,4292453.73
2025-08-18T20:00:00Z,183.0800,184.9000,181.9700,182.8400,2516069.52
2025-08-19T00:00:00Z,182.8400,185.7900,178.0700,178.4700,5290414.55
2025-08-19T04:00:00Z,178.4600,180.5000,177.2500,180.0400,3573413.46
2025-08-19T08:00:00Z,180.0500,182.7700,179.0000,182.5700,2775602.06
2025-08-19T12:00:00Z,182.5700,183.3700,177.3200,177.9000,7427084.12
2025-08-19T16:00:00Z,177.9000,178.7300,175.5700,176.6400,5230882.41
2025-08-19T20:00:00Z,176.6500,179.4400,175.7600,176.1300,2938377.69
2025-08-20T00:00:00Z,176.1200,181.4000,175.9200,180.4200,4286724.28
2025-08-20T04:00:00Z,180.4200,181.7200,179.7500,180.4500,2208230.67
2025-08-20T08:00:00Z,180.4600,182.2300,178.2500,180.2100,3496556.17
2025-08-20T12:00:00Z,180.2000,185.0000,177.4400,182.9500,8708446.45
2025-08-20T16:00:00Z,182.9400,187.9000,182.5000,187.5300,6378451.14
2025-08-20T20:00:00Z,187.5200,187.9100,185.7500,187.9000,2997682.60
2025-08-21T00:00:00Z,187.8900,190.0800,185.4500,188.3600,5667729.49
2025-08-21T04:00:00Z,188.3500,188.6400,185.8000,186.9300,3008433.32
2025-08-21T08:00:00Z,186.9300,186.9800,183.3600,183.9500,3672321.22
2025-08-21T12:00:00Z,183.9400,186.3600,181.3500,181.5700,7021626.50
2025-08-21T16:00:00Z,181.5800,182.8100,179.8200,180.0600,4877556.74
2025-08-21T20:00:00Z,180.0600,181.8100,179.3300,180.2500,2430452.11
2025-08-22T00:00:00Z,180.2400,183.4600,179.9000,181.6700,3089031.77
2025-08-22T04:00:00Z,181.6700,184.2900,181.6500,183.8800,2484616.66
2025-08-22T08:00:00Z,183.8800,185.0000,179.5000,179.5400,3477485.93
2025-08-22T12:00:00Z,179.5500,195.3900,177.1400,193.4500,20411381.17
2025-08-22T16:00:00Z,193.4600,199.7400,193.4500,198.9600,9319401.82
2025-08-22T20:00:00Z,198.9700,202.5000,198.3700,200.6800,5340502.43
2025-08-23T00:00:00Z,200.6800,200.8300,195.3100,198.1900,4822361.83
2025-08-23T04:00:00Z,198.2000,208.8200,198.1200,205.2900,9663442.65
2025-08-23T08:00:00Z,205.3000,205.7600,201.6400,202.0800,4940065.75
2025-08-23T12:00:00Z,202.0900,203.9100,200.6500,202.6900,4863042.98
2025-08-23T16:00:00Z,202.6800,204.6600,202.2200,204.1700,2339458.72
2025-08-23T20:00:00Z,204.1700,205.0000,202.8900,204.2100,1701223.08
2025-08-24T00:00:00Z,204.2200,212.2200,204.2100,209.2100,7663316.85
2025-08-24T04:00:00Z,209.2000,210.9000,206.7200,206.7900,4813999.62
2025-08-24T08:00:00Z,206.7900,209.1600,203.4800,204.6200,5531417.65
2025-08-24T12:00:00Z,204.6300,209.4800,203.6700,205.7400,5940118.98
2025-08-24T16:00:00Z,205.7300,212.1000,201.3700,205.1100,11295921.60
2025-08-24T20:00:00Z,205.1100,207.2800,201.0100,206.0900,7601206.52
2025-08-25T00:00:00Z,206.0900,213.6600,202.3200,209.3700,10056518.19
2025-08-25T04:00:00Z,209.3700,209.8200,198.5000,199.8600,10388446.85
2025-08-25T08:00:00Z,199.8600,200.8800,195.0000,197.5400,8900968.32
2025-08-25T12:00:00Z,197.5300,199.4400,195.5400,196.4900,8367438.70
2025-08-25T16:00:00Z,196.5000,198.3000,190.9200,191.4200,6566476.26
2025-08-25T20:00:00Z,191.4200,192.0600,185.1200,187.0900,8931057.18
2025-08-26T00:00:00Z,187.0800,189.2200,185.4400,186.8400,5285698.16
2025-08-26T04:00:00Z,186.8400,189.8500,186.8400,188.8100,3734313.44
2025-08-26T08:00:00Z,188.8000,190.2600,186.5400,187.8700,3453898.31
2025-08-26T12:00:00Z,187.8800,192.4700,187.0600,190.6800,9092573.71
2025-08-26T16:00:00Z,190.6800,197.5500,190.5000,197.3700,5157203.37
2025-08-26T20:00:00Z,197.3600,198.0700,195.3100,195.7700,3313662.96
2025-08-27T00:00:00Z,195.7800,202.8800,193.7100,201.9100,6275840.41
2025-08-27T04:00:00Z,201.9000,205.8600,200.7300,202.3700,7449298.74
2025-08-27T08:00:00Z,202.3800,205.3700,201.4900,204.9500,4861373.99
2025-08-27T12:00:00Z,204.9400,209.4300,202.4800,208.6000,9230917.84
2025-08-27T16:00:00Z,208.6100,212.1100,205.9500,206.3800,8238391.94
2025-08-27T20:00:00Z,206.3800,209.4200,202.5000,202.9400,11243272.50
2025-08-28T00:00:00Z,202.9400,208.2800,201.6600,208.0700,5626600.66
2025-08-28T04:00:00Z,208.0700,213.3600,207.3900,213.0400,7686702.24
2025-08-28T08:00:00Z,213.0300,216.4900,211.3400,213.0700,7697607.65
2025-08-28T12:00:00Z,213.0800,216.8700,210.1000,210.9900,12189897.96
2025-08-28T16:00:00Z,210.9900,213.9100,207.0300,209.8800,8219044.06
2025-08-28T20:00:00Z,209.8800,215.7300,209.5600,214.2900,4494568.16
2025-08-29T00:00:00Z,214.3000,217.9500,212.0000,216.7700,7769652.72
2025-08-29T04:00:00Z,216.7600,217.8600,207.7300,208.7300,9926031.01
2025-08-29T08:00:00Z,208.7300,209.9600,205.2400,207.5500,8379348.30
2025-08-29T12:00:00Z,207.5500,215.0000,203.6700,204.3300,15496186.27
2025-08-29T16:00:00Z,204.3400,205.4000,201.2200,202.8700,8212949.94
2025-08-29T20:00:00Z,202.8700,205.4200,199.7400,204.9800,5268544.12
2025-08-30T00:00:00Z,204.9700,206.5700,200.6000,205.5200,5396714.53
2025-08-30T04:00:00Z,205.5200,206.9900,204.3000,205.0000,3509025.82
2025-08-30T08:00:00Z,205.0000,205.4600,201.5300,202.5200,3723016.54
2025-08-30T12:00:00Z,202.5200,202.6100,197.4300,200.9400,6381014.86
2025-08-30T16:00:00Z,200.9500,201.5100,199.6400,201.1600,2370504.74
2025-08-30T20:00:00Z,201.1600,203.2100,199.6200,202.5900,2068069.07
2025-08-31T00:00:00Z,202.5900,206.6400,202.5800,205.4800,4436602.18
2025-08-31T04:00:00Z,205.4800,205.5700,202.6600,203.4400,2540429.87
2025-08-31T08:00:00Z,203.4400,205.7700,202.0600,203.5500,3178529.23
2025-08-31T12:00:00Z,203.5600,204.8000,201.3900,204.4800,3684150.02
2025-08-31T16:00:00Z,204.4900,205.9700,203.5900,204.5300,2590887.42
2025-08-31T20:00:00Z,204.5300,205.7200,200.2000,200.5700,3089630.17
2025-09-01T00:00:00Z,200.5700,202.4300,195.8100,198.3000,7848228.50
2025-09-01T04:00:00Z,198.3000,202.8500,196.5500,202.8400,5266187.51
2025-09-01T08:00:00Z,202.8300,204.4500,198.2300,199.2900,5548932.59
2025-09-01T12:00:00Z,199.3000,201.0800,197.5500,198.2600,3803786.50
2025-09-01T16:00:00Z,198.2500,200.0900,197.2000,200.0800,2758253.03
2025-09-01T20:00:00Z,200.0800,200.1000,194.0600,197.2200,5748985.94
2025-09-02T00:00:00Z,197.2100,203.3000,196.6700,201.7800,5058166.91
2025-09-02T04:00:00Z,201.7900,204.3700,201.3300,202.0300,3965693.28
2025-09-02T08:00:00Z,202.0300,204.3600,201.6000,201.9000,3637742.40
2025-09-02T12:00:00Z,201.9000,205.0600,197.2500,200.2000,12267267.48
2025-09-02T16:00:00Z,200.1900,206.9900,199.3700,205.4400,7253600.52
2025-09-02T20:00:00Z,205.4400,209.5900,204.8200,209.5400,4291923.88
2025-09-03T00:00:00Z,209.5400,211.9100,207.2900,209.9400,6187919.22
2025-09-03T04:00:00Z,209.9300,210.3900,207.8400,209.2500,3107736.79
2025-09-03T08:00:00Z,209.2500,211.2600,208.0300,210.2500,3939931.98
2025-09-03T12:00:00Z,210.2600,212.9500,208.6800,211.2700,7018279.67
2025-09-03T16:00:00Z,211.2600,211.8800,208.7200,210.2900,3092875.69
2025-09-03T20:00:00Z,210.2900,210.8600,208.2800,210.6500,2033112.01
2025-09-04T00:00:00Z,210.6500,211.8700,207.3600,208.1000,3430198.84
2025-09-04T04:00:00Z,208.0900,208.4500,205.5600,206.5500,3374051.91
2025-09-04T08:00:00Z,206.5600,208.6900,206.4700,207.1200,2522833.38
2025-09-04T12:00:00Z,207.1200,208.4100,203.2800,203.7100,6328381.89
2025-09-04T16:00:00Z,203.6800,205.0800,201.7000,202.0300,3613024.75
2025-09-04T20:00:00Z,202.0200,204.7800,201.8000,202.2300,2954539.14
2025-09-05T00:00:00Z,202.2200,203.9900,200.8000,203.4600,2963343.70
2025-09-05T04:00:00Z,203.4700,208.3600,202.9200,207.7700,3908984.01
2025-09-05T08:00:00Z,207.7700,207.8800,204.4300,206.5500,3850874.96
2025-09-05T12:00:00Z,206.5500,209.9500,201.5000,203.4300,13031945.74
2025-09-05T16:00:00Z,203.4400,205.4800,201.8100,205.3600,3634720.78
2025-09-05T20:00:00Z,205.3600,205.6500,202.6000,203.3000,2318085.47
2025-09-06T00:00:00Z,203.2900,204.6000,203.0500,203.9800,1198951.72
2025-09-06T04:00:00Z,203.9900,203.9900,202.0200,202.9200,1427735.05
2025-09-06T08:00:00Z,202.9200,203.4800,201.8000,202.2900,1365553.28
2025-09-06T12:00:00Z,202.3000,202.7900,200.8200,201.1500,1981589.21
2025-09-06T16:00:00Z,201.1500,202.2700,199.1300,199.6500,3163880.68
2025-09-06T20:00:00Z,199.6400,201.1300,199.6100,200.0600,1557878.22
2025-09-07T00:00:00Z,200.0600,203.1700,200.0000,202.7600,2192723.44
2025-09-07T04:00:00Z,202.7600,203.2300,202.1400,202.9000,1149841.11
2025-09-07T08:00:00Z,202.9000,203.9000,202.6500,203.8700,1730195.26
2025-09-07T12:00:00Z,203.8700,205.4500,203.0000,205.0900,2193115.19
2025-09-07T16:00:00Z,205.0800,205.4100,201.3600,202.9800,3090562.48
2025-09-07T20:00:00Z,202.9800,207.9300,202.5000,206.2900,4119007.60
2025-09-08T00:00:00Z,206.2800,208.9500,205.5300,207.5600,3441384.06
2025-09-08T04:00:00Z,207.5600,208.8300,206.5400,207.8500,2889497.69
2025-09-08T08:00:00Z,207.8500,215.7800,207.3100,214.2100,8703367.76
2025-09-08T12:00:00Z,214.2200,216.6300,212.9200,214.9700,6506432.73
2025-09-08T16:00:00Z,214.9700,216.9700,213.7700,216.0300,5094619.17
2025-09-08T20:00:00Z,216.0300,216.1200,213.4200,214.0200,2470795.73
2025-09-09T00:00:00Z,214.0200,214.8300,210.8000,214.5200,4120823.94
2025-09-09T04:00:00Z,214.5300,219.7400,213.8700,219.2000,6375836.67
2025-09-09T08:00:00Z,219.2000,219.4700,216.9000,217.1900,2927985.06
2025-09-09T12:00:00Z,217.1900,218.4700,211.6600,212.9800,8993490.13
2025-09-09T16:00:00Z,212.9800,216.9200,212.9000,216.2600,3866701.31
2025-09-09T20:00:00Z,216.2500,217.7000,214.8800,217.1100,2480412.91
2025-09-10T00:00:00Z,217.1100,219.5800,215.0200,219.1300,4415527.56
2025-09-10T04:00:00Z,219.1300,222.8700,217.7400,222.1500,5090672.88
2025-09-10T08:00:00Z,222.1400,222.4000,218.7200,220.1500,4540617.62
2025-09-10T12:00:00Z,220.1400,225.9500,219.6300,223.0500,9605994.84
2025-09-10T16:00:00Z,223.0400,224.1000,220.4200,221.1400,3728388.08
2025-09-10T20:00:00Z,221.1400,224.5900,220.8300,223.9400,2066075.77
2025-09-11T00:00:00Z,223.9400,225.4700,222.8000,224.0400,3043857.50
2025-09-11T04:00:00Z,224.0500,224.1700,221.5900,223.0800,3301784.40
2025-09-11T08:00:00Z,223.0900,225.7500,222.1700,224.9400,3863099.23
2025-09-11T12:00:00Z,224.9300,229.0000,222.0000,226.6900,11059029.22
2025-09-11T16:00:00Z,226.6900,228.2900,225.1500,226.5100,3800886.40
2025-09-11T20:00:00Z,226.5100,228.8500,225.3200,228.6200,2685124.35
2025-09-12T00:00:00Z,228.6100,235.7200,228.0000,234.9500,7259944.87
2025-09-12T04:00:00Z,234.9600,239.6900,234.0600,237.2400,7177133.25
2025-09-12T08:00:00Z,237.2400,239.4300,236.5900,239.0300,3646319.58
2025-09-12T12:00:00Z,239.0300,241.7600,237.4600,239.2000,7310385.27
2025-09-12T16:00:00Z,239.2100,241.4000,237.8500,240.8700,4567692.78
2025-09-12T20:00:00Z,240.8600,244.0000,238.2000,242.0700,5299184.04
2025-09-13T00:00:00Z,242.0700,244.0000,240.5600,243.4900,3682100.17
2025-09-13T04:00:00Z,243.4900,243.6100,241.1400,242.3400,2198822.56
2025-09-13T08:00:00Z,242.3500,243.6800,241.1300,241.7900,2463478.52
2025-09-13T12:00:00Z,241.7900,243.0200,237.6900,239.3800,5111592.12
2025-09-13T16:00:00Z,239.3800,239.6200,235.5400,238.8400,4346000.13
2025-09-13T20:00:00Z,238.8300,243.1000,238.7100,242.2500,2292441.25
2025-09-14T00:00:00Z,242.2400,249.5500,242.0600,246.8100,6011550.74
2025-09-14T04:00:00Z,246.8000,248.2700,244.3800,246.2600,3310394.38
2025-09-14T08:00:00Z,246.2600,247.9700,245.4300,245.9900,2387051.27
2025-09-14T12:00:00Z,245.9900,246.6900,241.4200,243.7000,5468480.31
2025-09-14T16:00:00Z,243.7000,248.3600,241.9500,242.4000,4609749.50
2025-09-14T20:00:00Z,242.4000,244.6000,239.0700,239.6300,3811344.89
2025-09-15T00:00:00Z,239.6200,243.3000,239.0000,242.5100,3248351.83
2025-09-15T04:00:00Z,242.5100,243.9200,236.0000,237.8700,4589677.61
2025-09-15T08:00:00Z,237.8700,238.0000,231.5000,236.3300,8891898.81
2025-09-15T12:00:00Z,236.3200,238.0500,231.8200,232.8800,6996154.99
2025-09-15T16:00:00Z,232.8800,234.5800,230.0200,232.9000,4678946.04
2025-09-15T20:00:00Z,232.9000,235.3500,232.6600,234.1800,1883216.36
2025-09-16T00:00:00Z,234.1900,235.7300,232.7400,234.9900,2616506.38
2025-09-16T04:00:00Z,234.9900,236.9300,232.8300,235.6800,3070375.39
2025-09-16T08:00:00Z,235.6800,236.8200,234.6300,235.2900,2001236.74
2025-09-16T12:00:00Z,235.2800,237.9700,231.1800,237.6600,6148569.87
2025-09-16T16:00:00Z,237.6600,240.8700,236.1100,237.6900,5942791.05
2025-09-16T20:00:00Z,237.6900,238.8700,236.3500,236.8600,1658095.10
2025-09-17T00:00:00Z,236.8600,237.7500,233.7400,233.9900,2939447.30
2025-09-17T04:00:00Z,233.9900,238.0200,233.0100,237.6300,3309035.59
2025-09-17T08:00:00Z,237.6200,237.6400,233.5600,234.1000,3030135.56
2025-09-17T12:00:00Z,234.0900,235.8900,233.4400,233.7900,2760634.65
2025-09-17T16:00:00Z,233.7900,239.0000,231.5300,238.6200,11490824.92
2025-09-17T20:00:00Z,238.6200,246.5500,235.8700,244.7500,6829414.88
2025-09-18T00:00:00Z,244.7400,247.7800,244.0000,246.6200,3799254.40
2025-09-18T04:00:00Z,246.6200,246.9600,242.4800,244.6500,3370216.49
2025-09-18T08:00:00Z,244.6500,247.2000,244.2500,245.8400,2852278.14
2025-09-18T12:00:00Z,245.8400,248.9300,244.8300,248.1200,5468520.82
2025-09-18T16:00:00Z,248.1100,253.4900,247.2500,248.2500,6791717.45
2025-09-18T20:00:00Z,248.2400,249.0900,245.7700,247.3400,2397094.37
2025-09-19T00:00:00Z,247.3500,248.4200,244.5900,244.9300,2542950.05
2025-09-19T04:00:00Z,244.9300,245.6500,242.7600,243.7000,3444246.46
2025-09-19T08:00:00Z,243.6900,244.7700,240.1000,240.8400,3218925.18
2025-09-19T12:00:00Z,240.8400,242.5900,235.6800,237.3700,7189472.71
2025-09-19T16:00:00Z,237.3700,238.7400,234.9700,235.8500,3703970.22
2025-09-19T20:00:00Z,235.8500,238.7400,235.8400,238.4000,1818613.04
2025-09-20T00:00:00Z,238.3900,239.9000,237.2300,237.9600,1834590.38
2025-09-20T04:00:00Z,237.9600,239.6800,237.6200,239.6400,1307602.42
2025-09-20T08:00:00Z,239.6300,239.6300,236.7200,238.0300,1571851.70
2025-09-20T12:00:00Z,238.0300,241.1300,236.9100,240.0000,2160576.15
2025-09-20T16:00:00Z,240.0000,240.9900,237.8400,238.5100,1777519.82
2025-09-20T20:00:00Z,238.5100,240.1900,238.3200,239.3800,892167.16
2025-09-21T00:00:00Z,239.3700,241.7000,238.8300,241.6900,1370138.65
2025-09-21T04:00:00Z,241.6900,241.7300,239.2900,239.7500,1270131.00
2025-09-21T08:00:00Z,239.7500,239.9800,236.9900,238.5100,2060208.43
2025-09-21T12:00:00Z,238.5200,240.1900,237.5400,237.7800,1697483.18
2025-09-21T16:00:00Z,237.7700,238.2700,235.8900,237.8800,2048940.26
2025-09-21T20:00:00Z,237.8800,238.0000,235.2200,236.0500,1576733.79
2025-09-22T00:00:00Z,236.0400,236.8700,230.3800,232.7200,6955310.06
2025-09-22T04:00:00Z,232.7100,233.0900,212.2900,221.8100,11605386.29
2025-09-22T08:00:00Z,221.8200,222.6800,219.2200,221.3600,5603691.34
2025-09-22T12:00:00Z,221.3500,223.9100,219.8200,220.6300,4821919.17
2025-09-22T16:00:00Z,220.6300,221.4000,215.9800,217.0300,5564112.32
2025-09-22T20:00:00Z,217.0200,220.9800,216.3400,220.2800,2449650.60
2025-09-23T00:00:00Z,220.2800,221.2800,212.2800,216.8400,6177494.56
2025-09-23T04:00:00Z,216.8400,220.2600,213.8700,218.8600,4329774.33
2025-09-23T08:00:00Z,218.8700,220.7300,217.7500,219.2200,2422179.02
2025-09-23T12:00:00Z,219.2100,220.5800,216.8600,219.1700,4164918.54
2025-09-23T16:00:00Z,219.1600,221.6600,214.2200,214.4100,4515276.42
2025-09-23T20:00:00Z,214.4100,216.6300,213.1000,213.1800,2579769.03
2025-09-24T00:00:00Z,213.1800,216.3500,207.0000,208.3700,7075635.49
2025-09-24T04:00:00Z,208.3700,211.3300,204.7300,210.5400,6995202.92
2025-09-24T08:00:00Z,210.5400,212.5000,209.7000,212.2300,2918373.24
2025-09-24T12:00:00Z,212.2300,216.1500,211.3300,213.4700,5196481.78
2025-09-24T16:00:00Z,213.4700,215.3400,212.2700,213.0500,2594372.36
2025-09-24T20:00:00Z,213.0500,213.1000,210.5900,211.4500,2070852.27
2025-09-25T00:00:00Z,211.4400,212.3300,205.8400,207.1600,6364834.79
2025-09-25T04:00:00Z,207.1500,207.4700,202.6000,204.1000,6381641.07
2025-09-25T08:00:00Z,204.0900,205.8000,200.4700,201.2600,6172744.50
2025-09-25T12:00:00Z,201.2600,204.0800,196.4000,201.0400,10521498.91
2025-09-25T16:00:00Z,201.0500,201.9400,193.4300,198.0600,11081749.46
2025-09-25T20:00:00Z,198.0600,198.6300,191.1200,192.6000,5030877.78
2025-09-26T00:00:00Z,192.6000,197.4600,192.4400,196.3900,5211997.57
2025-09-26T04:00:00Z,196.3900,197.3200,193.6400,196.2200,4185231.93
2025-09-26T08:00:00Z,196.2200,196.9100,190.7200,193.3600,4704736.70
2025-09-26T12:00:00Z,193.3500,198.1800,192.0300,195.9200,7444105.11
2025-09-26T16:00:00Z,195.9200,202.4800,195.6900,200.5400,6638086.17
2025-09-26T20:00:00Z,200.5400,205.3400,199.4100,205.0100,3694843.25
2025-09-27T00:00:00Z,205.0000,205.3000,203.4700,203.8100,2401642.68
2025-09-27T04:00:00Z,203.8100,204.0300,201.4100,201.9700,1983658.97
2025-09-27T08:00:00Z,201.9700,202.1300,199.7700,201.6000,2400936.80
2025-09-27T12:00:00Z,201.6000,203.6600,200.8500,203.4200,2370951.13
2025-09-27T16:00:00Z,203.4100,203.5000,200.7500,202.1000,1842179.87
2025-09-27T20:00:00Z,202.0900,204.8400,201.7900,203.3200,1462571.37
2025-09-28T00:00:00Z,203.3300,203.9600,200.6600,201.2900,1895795.46
2025-09-28T04:00:00Z,201.2800,202.3700,200.2600,202.0000,1529151.79
2025-09-28T08:00:00Z,202.0000,202.6400,199.1300,199.7500,2294659.22
2025-09-28T12:00:00Z,199.7600,203.4600,197.8500,203.3300,3518931.23
2025-09-28T16:00:00Z,203.3300,206.5800,203.1300,206.0900,3140075.25
2025-09-28T20:00:00Z,206.0900,210.8800,205.9200,210.7000,3556735.10
2025-09-29T00:00:00Z,210.7000,210.7900,208.7100,210.1900,2874093.89
2025-09-29T04:00:00Z,210.1900,210.6000,207.2600,208.8500,2530900.60
2025-09-29T08:00:00Z,208.8500,209.6000,205.8900,206.9800,2704176.54
2025-09-29T12:00:00Z,206.9700,213.4000,204.4600,209.9600,8469985.40
2025-09-29T16:00:00Z,209.9700,213.3900,207.5100,212.8200,3768757.43
2025-09-29T20:00:00Z,212.8200,214.6800,212.3100,212.5900,2839415.09
2025-09-30T00:00:00Z,212.5900,213.5200,209.6300,210.5400,4066890.21
2025-09-30T04:00:00Z,210.5400,211.5700,208.4000,208.9000,2152186.81
2025-09-30T08:00:00Z,208.9000,208.9000,205.4400,206.9300,3708501.32
2025-09-30T12:00:00Z,206.9300,209.5800,204.3900,205.9200,5607712.84
2025-09-30T16:00:00Z,205.9100,209.1200,204.1700,208.8100,3312045.25
2025-09-30T20:00:00Z,208.8100,210.8900,207.3100,208.6000,3169471.60
2025-10-01T00:00:00Z,208.6100,210.8300,206.3100,206.6400,3377744.65
2025-10-01T04:00:00Z,206.6300,210.2600,206.2600,210.0600,2808176.06
2025-10-01T08:00:00Z,210.0500,217.8900,209.7500,217.6400,7238078.79
2025-10-01T12:00:00Z,217.6400,220.5400,217.0500,220.1300,5685020.77
2025-10-01T16:00:00Z,220.1300,220.8900,217.2600,219.9600,3634136.66
2025-10-01T20:00:00Z,219.9600,222.6900,218.3400,221.9100,2200574.20
2025-10-02T00:00:00Z,221.9200,224.9700,219.3800,223.6500,4541895.40
2025-10-02T04:00:00Z,223.6500,226.8900,222.3000,222.8100,3667998.69
2025-10-02T08:00:00Z,222.8200,226.5000,222.5600,225.1100,2370464.71
2025-10-02T12:00:00Z,225.1200,227.3400,222.5300,227.1000,6035972.42
2025-10-02T16:00:00Z,227.0900,233.6200,226.1100,232.1200,5979842.85
2025-10-02T20:00:00Z,232.1100,234.9100,230.6700,234.6000,3566802.46
2025-10-03T00:00:00Z,234.6100,234.7700,230.4000,232.1400,3497635.00
2025-10-03T04:00:00Z,232.1500,233.1400,227.4200,229.3300,3329051.02
2025-10-03T08:00:00Z,229.3300,231.7000,227.7500,230.6800,3277575.40
2025-10-03T12:00:00Z,230.6900,234.8800,227.0000,234.6700,5820606.33
2025-10-03T16:00:00Z,234.6700,236.8800,227.7200,233.1000,9305538.50
2025-10-03T20:00:00Z,233.1000,233.9000,230.6200,232.7400,1977876.44
2025-10-04T00:00:00Z,232.7400,233.9800,227.7600,229.1100,3694837.39
2025-10-04T04:00:00Z,229.1100,230.4300,228.6300,229.0000,1659803.25
2025-10-04T08:00:00Z,229.0000,229.8100,228.0800,229.0800,1652144.46
2025-10-04T12:00:00Z,229.0800,229.7200,224.0000,224.7800,4125015.63
2025-10-04T16:00:00Z,224.8000,226.9100,224.0600,226.8000,2486617.59
2025-10-04T20:00:00Z,226.8000,228.1900,226.7800,227.7200,1367233.41
2025-10-05T00:00:00Z,227.7200,232.1900,226.3800,230.8000,4023079.94
2025-10-05T04:00:00Z,230.7900,236.9000,230.7900,236.4800,5207528.66
2025-10-05T08:00:00Z,236.4900,237.2400,230.6200,232.5200,5021556.15
2025-10-05T12:00:00Z,232.5200,232.5400,228.2100,230.0200,2978931.70
2025-10-05T16:00:00Z,230.0300,231.3500,226.5800,226.9600,3198652.35
2025-10-05T20:00:00Z,226.9600,229.1500,226.5700,228.4500,1866761.43
2025-10-06T00:00:00Z,228.4500,233.1900,227.4000,232.1200,4181635.84
2025-10-06T04:00:00Z,232.1200,234.7700,230.0500,231.2300,3461973.68
2025-10-06T08:00:00Z,231.2400,234.0500,231.2400,232.8900,2551575.61
2025-10-06T12:00:00Z,232.9000,236.6200,232.5500,235.5600,5142604.54
2025-10-06T16:00:00Z,235.5500,237.7400,233.9500,235.2200,3831992.46
2025-10-06T20:00:00Z,235.2300,236.0300,231.3200,232.2700,3104576.44
2025-10-07T00:00:00Z,232.2700,233.8800,230.7900,233.8100,2508011.57
2025-10-07T04:00:00Z,233.8100,235.1700,229.1300,230.8800,3989728.72
2025-10-07T08:00:00Z,230.8800,231.5300,228.1000,230.3100,3192612.15
2025-10-07T12:00:00Z,230.3100,231.5000,221.2700,223.6500,10490585.58
2025-10-07T16:00:00Z,223.6600,225.1700,220.5000,221.5500,5246825.23
2025-10-07T20:00:00Z,221.5500,224.1200,219.5700,219.8400,2722094.02
2025-10-08T00:00:00Z,219.8400,222.6900,217.8200,218.2000,3529744.87
2025-10-08T04:00:00Z,218.2000,220.8800,217.2000,220.8500,2492236.35
2025-10-08T08:00:00Z,220.8500,222.5200,220.5100,221.0400,2552172.09
2025-10-08T12:00:00Z,221.0400,224.0900,218.7200,221.0800,4859882.30
2025-10-08T16:00:00Z,221.0900,229.6900,220.5700,229.2300,5833381.48
2025-10-08T20:00:00Z,229.2200,229.6400,227.3500,228.9500,1987158.94
2025-10-09T00:00:00Z,228.9600,229.6100,223.7600,226.1000,4065203.24
2025-10-09T04:00:00Z,226.1000,228.6700,224.0400,224.3800,3108497.95
2025-10-09T08:00:00Z,224.3900,224.7200,219.2500,223.0000,5445302.86
2025-10-09T12:00:00Z,223.0000,226.2000,218.5600,219.0100,7395903.62
2025-10-09T16:00:00Z,219.0100,220.0600,216.1700,218.1800,4521853.94
2025-10-09T20:00:00Z,218.1800,221.5500,217.4600,220.8000,2088081.87
2025-10-10T00:00:00Z,220.8100,222.7900,219.4200,221.5400,2649939.74
2025-10-10T04:00:00Z,221.5400,222.7900,217.7700,217.9800,2909747.07
2025-10-10T08:00:00Z,217.9900,221.4800,217.2400,221.0600,2695137.38
2025-10-10T12:00:00Z,221.0600,224.3500,208.7400,210.5800,12984140.93
2025-10-10T16:00:00Z,210.5700,212.8500,203.1400,205.1600,9158093.30
2025-10-10T20:00:00Z,205.1600,207.6100,141.2800,187.6500,31939402.72
2025-10-11T00:00:00Z,187.6600,190.6400,182.0000,184.0000,8905621.34
2025-10-11T04:00:00Z,184.0100,186.2400,179.2100,182.5700,6293516.23
2025-10-11T08:00:00Z,182.5700,187.8000,181.2100,183.3400,5734659.18
2025-10-11T12:00:00Z,183.3300,184.8500,180.1800,183.5900,5636790.02
2025-10-11T16:00:00Z,183.5800,184.5000,176.1800,177.2500,5253563.20
2025-10-11T20:00:00Z,177.2600,178.4200,172.3200,177.2200,6215260.74
2025-10-12T00:00:00Z,177.2300,178.3700,172.6000,176.7900,5782752.29
2025-10-12T04:00:00Z,176.7900,182.8100,176.3200,182.3100,7525497.58
2025-10-12T08:00:00Z,182.3100,182.5000,180.0500,180.7500,6318107.21
2025-10-12T12:00:00Z,180.7500,191.6100,178.0200,190.9600,16013386.20
2025-10-12T16:00:00Z,190.9600,196.3600,190.9600,195.6600,9227821.73
2025-10-12T20:00:00Z,195.6600,198.8300,192.8600,196.8800,5945694.66
2025-10-13T00:00:00Z,196.8800,199.8800,194.1200,194.6300,7106023.24
2025-10-13T04:00:00Z,194.6300,199.4400,192.7500,196.6200,7887020.85
2025-10-13T08:00:00Z,196.6200,198.5000,190.0000,192.4800,8894494.74
2025-10-13T12:00:00Z,192.4700,197.6000,191.2100,196.3200,13431487.29
2025-10-13T16:00:00Z,196.3200,208.6500,196.1200,206.9900,12733869.91
2025-10-13T20:00:00Z,206.9900,209.2200,206.6800,208.5700,4020932.40
2025-10-14T00:00:00Z,208.5800,211.2900,204.8500,205.6200,7377870.56
2025-10-14T04:00:00Z,205.6100,205.7600,192.0000,194.3400,13030106.64
2025-10-14T08:00:00Z,194.3500,197.4300,190.9500,195.2200,9123770.18
2025-10-14T12:00:00Z,195.2200,202.5200,191.4000,202.0600,10919570.02
2025-10-14T16:00:00Z,202.0600,206.4400,196.9300,198.4100,10755111.20
2025-10-14T20:00:00Z,198.4100,203.3200,198.0200,202.3400,2480056.02
2025-10-15T00:00:00Z,202.3500,205.7600,200.7900,201.5600,3889469.17
2025-10-15T04:00:00Z,201.5600,205.3000,200.3700,204.5600,3505202.36
2025-10-15T08:00:00Z,204.5500,208.8500,201.9100,202.4800,5300180.09
2025-10-15T12:00:00Z,202.4800,204.8400,196.1100,197.0700,8824311.35
2025-10-15T16:00:00Z,197.0600,198.6700,194.0700,194.6900,4681112.98
2025-10-15T20:00:00Z,194.7000,196.5000,191.9100,193.7300,3902296.15
2025-10-16T00:00:00Z,193.7300,196.1200,193.0300,193.5200,2524903.47
2025-10-16T04:00:00Z,193.5200,195.4900,191.0800,192.7900,3230575.19
2025-10-16T08:00:00Z,192.7900,197.0900,184.7700,196.7000,7477696.30
2025-10-16T12:00:00Z,196.7000,198.3400,186.4300,187.4900,8797401.45
2025-10-16T16:00:00Z,187.5000,192.2200,183.2500,184.9000,8682227.19
2025-10-16T20:00:00Z,184.9100,186.0000,181.9300,184.7600,3908515.90
2025-10-17T00:00:00Z,184.7600,187.4300,184.1700,187.0200,3161023.94
2025-10-17T04:00:00Z,187.0200,187.3900,177.2600,177.7000,7795468.19
2025-10-17T08:00:00Z,177.7000,182.6300,174.0000,181.3600,11264903.34
2025-10-17T12:00:00Z,181.3600,182.7400,176.1600,182.6500,8584467.98
2025-10-17T16:00:00Z,182.6400,185.3100,181.2900,181.8600,5029810.86
2025-10-17T20:00:00Z,181.8600,186.0000,181.3500,181.8900,2361310.64
2025-10-18T00:00:00Z,181.8900,185.4400,181.6600,184.7300,2198653.68
2025-10-18T04:00:00Z,184.7200,188.2100,183.0100,186.1700,3017192.50
2025-10-18T08:00:00Z,186.1700,187.0600,184.2700,186.0200,2289496.19
2025-10-18T12:00:00Z,186.0200,187.2800,183.8700,184.9300,2388861.86
2025-10-18T16:00:00Z,184.9300,186.3700,183.2300,186.2900,2029262.23
2025-10-18T20:00:00Z,186.2800,187.7800,185.8100,187.4700,1350859.15
2025-10-19T00:00:00Z,187.4700,187.7900,184.8000,186.9500,1874583.28
2025-10-19T04:00:00Z,186.9500,187.6200,185.0700,185.8200,1472489.31
2025-10-19T08:00:00Z,185.8200,189.9900,183.0600,188.9200,5720822.26
2025-10-19T12:00:00Z,188.9200,191.6500,188.0400,190.6600,3333558.18
2025-10-19T16:00:00Z,190.6600,192.1500,188.2400,188.8100,2677046.18
2025-10-19T20:00:00Z,188.8000,190.0600,186.7700,187.7800,2049258.71
2025-10-20T00:00:00Z,187.7800,191.7000,183.6800,191.1400,4789229.10
2025-10-20T04:00:00Z,191.1400,194.4400,190.5200,192.9300,3655148.14
2025-10-20T08:00:00Z,192.9200,194.1000,190.8900,192.1100,2875433.92
2025-10-20T12:00:00Z,192.1100,192.9400,190.3100,190.4000,3624672.55
2025-10-20T16:00:00Z,190.4000,190.4400,185.4800,188.7100,5275933.03
2025-10-20T20:00:00Z,188.7000,191.0700,188.1300,189.6300,1996264.01
2025-10-21T00:00:00Z,189.6300,190.1500,185.1500,185.4600,3084258.15
2025-10-21T04:00:00Z,185.4600,185.5600,182.6500,184.8800,4182829.73
2025-10-21T08:00:00Z,184.8700,186.6500,183.6400,186.1800,2465443.31
2025-10-21T12:00:00Z,186.1700,197.1300,183.8400,196.1800,8972418.02
2025-10-21T16:00:00Z,196.1700,197.6900,192.0100,193.9300,6606890.61
2025-10-21T20:00:00Z,193.9300,194.1600,185.0100,185.5400,4626353.21
2025-10-22T00:00:00Z,185.5300,187.3600,184.0300,185.1500,4145234.33
2025-10-22T04:00:00Z,185.1400,186.2100,183.1300,184.9000,2874570.06
2025-10-22T08:00:00Z,184.8900,185.8700,181.4400,184.9500,3748682.13
2025-10-22T12:00:00Z,184.9500,186.9200,181.1300,183.9100,7521300.39
2025-10-22T16:00:00Z,183.9100,184.9300,177.0000,180.1000,5759885.21
2025-10-22T20:00:00Z,180.0900,180.6900,176.8500,180.0100,4069799.35
2025-10-23T00:00:00Z,180.0000,183.2900,179.5400,182.7600,2362646.59
2025-10-23T04:00:00Z,182.7700,187.9400,182.5700,187.4000,3317747.55
2025-10-23T08:00:00Z,187.4100,189.4700,187.3800,187.9200,3605447.73
2025-10-23T12:00:00Z,187.9300,192.5200,186.5000,190.9800,6993195.02
2025-10-23T16:00:00Z,190.9800,193.4400,189.9900,191.0200,3937539.77
2025-10-23T20:00:00Z,191.0200,191.4400,188.2000,191.2700,2521415.80
2025-10-24T00:00:00Z,191.2700,194.0000,190.7500,191.2400,2951264.73
2025-10-24T04:00:00Z,191.2400,194.5900,190.6900,192.1000,2959671.21
2025-10-24T08:00:00Z,192.0900,193.3900,190.5000,192.0200,2038099.16
2025-10-24T12:00:00Z,192.0300,196.8000,188.6700,189.3000,7299370.84
2025-10-24T16:00:00Z,189.3100,193.5400,188.6600,192.9900,2599326.89
2025-10-24T20:00:00Z,193.0000,194.1100,192.7100,193.5000,1236858.01
2025-10-25T00:00:00Z,193.4900,194.4900,192.3500,193.4000,1373896.84
2025-10-25T04:00:00Z,193.3900,194.8600,193.3500,193.8700,1267415.41
2025-10-25T08:00:00Z,193.8700,195.1800,191.0000,192.6300,2311049.98
2025-10-25T12:00:00Z,192.6200,194.1600,191.7000,191.8000,1610378.36
2025-10-25T16:00:00Z,191.7900,194.5600,191.3300,194.4200,1497298.99
2025-10-25T20:00:00Z,194.4300,194.8500,193.6500,193.7200,1155857.19
2025-10-26T00:00:00Z,193.7100,194.2800,191.7500,192.8800,1352213.66
2025-10-26T04:00:00Z,192.8800,194.2300,192.6300,193.7900,902162.08
2025-10-26T08:00:00Z,193.8000,197.8400,193.6000,197.6900,3400361.37
2025-10-26T12:00:00Z,197.6800,199.8300,196.8200,199.4100,3629803.83
2025-10-26T16:00:00Z,199.4200,199.6000,198.0000,198.8100,1797444.45
2025-10-26T20:00:00Z,198.8000,202.5500,196.7400,199.9300,3772157.23
2025-10-27T00:00:00Z,199.9200,205.0200,199.3800,204.2500,3900365.56
2025-10-27T04:00:00Z,204.2500,205.3000,202.1500,202.4300,2638625.27
2025-10-27T08:00:00Z,202.4300,202.4800,198.0100,200.0800,3918027.05
2025-10-27T12:00:00Z,200.0800,200.4900,198.1800,199.9900,3026695.82
2025-10-27T16:00:00Z,200.0000,203.1900,199.6700,199.9200,3645220.28
2025-10-27T20:00:00Z,199.9200,200.1300,197.2300,198.6100,2398094.02
2025-10-28T00:00:00Z,198.6000,201.9800,198.3200,201.2000,3109802.16
2025-10-28T04:00:00Z,201.2100,202.9400,198.5000,202.2500,3214131.59
2025-10-28T08:00:00Z,202.2400,203.8900,199.1000,199.6000,3151262.21
2025-10-28T12:00:00Z,199.5900,202.9500,196.5000,198.7300,8008117.73
2025-10-28T16:00:00Z,198.7400,201.1900,194.1300,195.2400,5265007.39
2025-10-28T20:00:00Z,195.2400,195.2500,190.0200,194.0500,6298415.36
2025-10-29T00:00:00Z,194.0400,195.0000,192.5800,193.8100,2466194.80
2025-10-29T04:00:00Z,193.8100,195.9900,193.6600,195.5200,1649321.86
2025-10-29T08:00:00Z,195.5300,199.3000,193.6800,198.6500,3450649.03
2025-10-29T12:00:00Z,198.6500,201.6600,196.2900,196.7100,6250656.94
2025-10-29T16:00:00Z,196.7200,198.7100,188.8800,192.6200,12600778.02
2025-10-29T20:00:00Z,192.6200,196.9800,191.7600,193.8100,3575703.79
2025-10-30T00:00:00Z,193.8000,198.1000,192.0400,197.0100,3435767.02
2025-10-30T04:00:00Z,197.0000,197.0800,190.2100,195.6900,7318097.14
2025-10-30T08:00:00Z,195.6900,196.0500,190.9400,191.7500,3786170.27
2025-10-30T12:00:00Z,191.7500,191.9600,184.3000,184.9500,9821289.66
2025-10-30T16:00:00Z,184.9400,186.2000,178.5000,178.9200,7531511.69
2025-10-30T20:00:00Z,178.9200,184.5900,178.6400,184.5500,4693089.71
2025-10-31T00:00:00Z,184.5500,186.8000,183.5700,185.0500,3674316.93
2025-10-31T04:00:00Z,185.0500,186.9500,184.6300,185.2300,2393559.49
2025-10-31T08:00:00Z,185.2300,189.1900,184.4400,188.8100,3030856.85
2025-10-31T12:00:00Z,188.8100,190.2600,185.8300,188.0200,5496623.85
2025-10-31T16:00:00Z,188.0200,188.9600,184.2200,188.3000,5035129.03
2025-10-31T20:00:00Z,188.3000,188.7600,186.4200,187.1300,1790165.60
2025-11-01T00:00:00Z,187.1200,187.4000,185.3700,187.1200,1446785.05
2025-11-01T04:00:00Z,187.1200,187.4700,184.8100,185.7100,1355917.76
2025-11-01T08:00:00Z,185.7000,186.6600,185.1500,186.0900,1265769.63
2025-11-01T12:00:00Z,186.1000,186.5500,183.5800,186.2800,2532219.65
2025-11-01T16:00:00Z,186.2900,187.0000,184.7700,186.1800,1773544.13
2025-11-01T20:00:00Z,186.1800,186.8700,184.8600,186.2900,1037874.01
2025-11-02T00:00:00Z,186.2800,186.3000,184.5500,185.1800,1409308.89
2025-11-02T04:00:00Z,185.1800,188.2700,184.9100,187.6400,2232407.39
2025-11-02T08:00:00Z,187.6400,187.8500,184.2900,186.0400,2790703.09
2025-11-02T12:00:00Z,186.0400,186.4100,183.2600,183.6700,2539872.33
2025-11-02T16:00:00Z,183.6700,184.5600,181.9100,183.9300,2563306.57
2025-11-02T20:00:00Z,183.9200,188.0300,183.4800,187.6500,1947819.41
2025-11-03T00:00:00Z,187.6400,189.1000,176.5000,177.4200,7242605.25
2025-11-03T04:00:00Z,177.4200,178.6200,174.0900,176.3800,5706745.35
2025-11-03T08:00:00Z,176.3700,176.8300,173.1000,175.2000,4097654.53
2025-11-03T12:00:00Z,175.2000,176.8300,164.0000,166.7300,11819743.75
2025-11-03T16:00:00Z,166.7400,170.9000,165.5300,166.6400,7002819.77
2025-11-03T20:00:00Z,166.6500,167.1400,163.1200,165.9500,5110164.56
2025-11-04T00:00:00Z,165.9600,168.2800,164.1000,167.5300,3533720.30
2025-11-04T04:00:00Z,167.5300,168.0000,155.8100,157.0000,11185848.43
2025-11-04T08:00:00Z,157.0100,162.2700,156.3200,161.6300,5866878.25
2025-11-04T12:00:00Z,161.6300,165.2400,159.2400,161.3900,8531127.00
2025-11-04T16:00:00Z,161.3900,162.3000,152.1500,154.5500,12795733.82
2025-11-04T20:00:00Z,154.5500,155.8700,145.6700,154.9400,13324229.73
2025-11-05T00:00:00Z,154.9500,157.3400,147.2000,156.8400,8962885.29
2025-11-05T04:00:00Z,156.8400,158.4800,155.6000,156.4100,3438050.46
2025-11-05T08:00:00Z,156.4100,157.5500,153.6100,157.3700,4009850.32
2025-11-05T12:00:00Z,157.3700,160.4300,156.6600,160.3600,6013724.33
2025-11-05T16:00:00Z,160.3700,163.8200,158.4100,162.4100,4735578.52
2025-11-05T20:00:00Z,162.4000,163.8800,161.0200,162.2800,2629020.43
2025-11-06T00:00:00Z,162.2900,162.8700,159.6200,162.3700,3098518.50
2025-11-06T04:00:00Z,162.3800,162.6900,158.1300,158.7400,2770905.13
2025-11-06T08:00:00Z,158.7400,159.8500,157.5900,158.7900,2390632.50
2025-11-06T12:00:00Z,158.7800,161.4800,155.3100,155.8300,6916964.86
2025-11-06T16:00:00Z,155.8300,158.5800,153.7500,156.8000,4958733.57
2025-11-06T20:00:00Z,156.8000,157.7200,153.3400,155.2000,2858117.53
2025-11-07T00:00:00Z,155.2000,158.5200,154.1100,156.7900,3342827.20
2025-11-07T04:00:00Z,156.7900,158.2000,155.1800,157.6900,2171514.30
2025-11-07T08:00:00Z,157.6900,158.1000,151.5800,153.7700,4641930.53
2025-11-07T12:00:00Z,153.7800,156.2100,149.6900,155.3100,7532112.94
2025-11-07T16:00:00Z,155.3100,164.4000,154.2900,164.0800,6388067.44
2025-11-07T20:00:00Z,164.0800,164.3200,161.5000,161.7200,2887405.67
2025-11-08T00:00:00Z,161.7200,164.8200,160.5500,162.4200,3003015.15
2025-11-08T04:00:00Z,162.4300,163.6300,159.4800,160.9600,2524787.32
2025-11-08T08:00:00Z,160.9500,162.2900,159.0300,159.2900,2008793.45
2025-11-08T12:00:00Z,159.3000,159.6200,155.8200,156.6100,3091038.04
2025-11-08T16:00:00Z,156.6100,158.0700,155.7000,157.2400,2291635.28
2025-11-08T20:00:00Z,157.2300,158.3500,157.1000,157.9400,954952.96
2025-11-09T00:00:00Z,157.9400,158.2500,155.0100,155.8200,1917865.53
2025-11-09T04:00:00Z,155.8100,159.4800,155.7800,159.1700,1803298.74
2025-11-09T08:00:00Z,159.1700,159.8200,157.1700,158.9700,2004341.97
2025-11-09T12:00:00Z,158.9700,163.9300,158.5100,162.4500,5535304.42
2025-11-09T16:00:00Z,162.4400,166.2400,161.1500,166.0800,3221782.65
2025-11-09T20:00:00Z,166.0900,166.5500,163.8500,164.4500,3112101.77
2025-11-10T00:00:00Z,164.4600,168.6800,163.3500,167.9900,4280208.74
2025-11-10T04:00:00Z,168.0000,168.8400,166.2200,167.2700,2252792.20
2025-11-10T08:00:00Z,167.2700,169.7200,166.0100,168.2000,2783648.57
2025-11-10T12:00:00Z,168.2100,170.4000,165.0600,166.1700,4954659.06
2025-11-10T16:00:00Z,166.1700,168.3900,165.1200,167.1300,2834048.73
2025-11-10T20:00:00Z,167.1200,168.3400,164.7100,167.2400,2181703.32
2025-11-11T00:00:00Z,167.2400,171.8700,165.9100,169.8400,4647830.94
2025-11-11T04:00:00Z,169.8400,170.0000,163.1600,163.8800,5512701.90
2025-11-11T08:00:00Z,163.8800,164.8700,162.3800,163.5600,2741898.87
2025-11-11T12:00:00Z,163.5700,164.2700,160.0000,160.8100,4854352.01
2025-11-11T16:00:00Z,160.8200,161.1700,157.3200,157.5000,3863323.56
2025-11-11T20:00:00Z,157.5100,157.7900,153.8000,154.5000,3831662.70
2025-11-12T00:00:00Z,154.5100,155.4800,153.4400,154.4500,3357570.73
2025-11-12T04:00:00Z,154.4500,156.4700,154.0800,154.9100,2362896.73
2025-11-12T08:00:00Z,154.9100,161.0000,154.9100,159.9100,3950513.25
2025-11-12T12:00:00Z,159.9100,160.9800,155.1500,155.6600,6360823.65
2025-11-12T16:00:00Z,155.6500,156.1700,151.0600,152.9500,7789777.20
2025-11-12T20:00:00Z,152.9500,154.6000,152.4500,153.3200,2395813.08
2025-11-13T00:00:00Z,153.3200,155.7700,150.2900,154.2700,4533316.46
2025-11-13T04:00:00Z,154.2700,157.1590,153.3100,155.2200,3741767.43
2025-11-13T08:00:00Z,155.2300,156.4400,153.7900,156.1900,2867006.42
2025-11-13T12:00:00Z,156.1900,156.8600,152.1500,153.0500,6372436.38
2025-11-13T16:00:00Z,153.0500,153.3200,141.9300,142.6400,11188895.26
2025-11-13T20:00:00Z,142.6500,146.1000,140.9400,144.6200,7130942.98
2025-11-14T00:00:00Z,144.6300,145.6000,142.6200,144.2000,3507387.36
2025-11-14T04:00:00Z,144.2100,144.4200,138.4800,142.7700,8190166.32
2025-11-14T08:00:00Z,142.7700,143.1300,139.7400,140.6900,4665767.55
2025-11-14T12:00:00Z,140.6900,143.7200,135.6700,142.1600,12372332.21
2025-11-14T16:00:00Z,142.1700,144.2000,140.5000,143.0700,5389744.24
2025-11-14T20:00:00Z,143.0800,143.1700,137.1300,138.8300,3838842.62
2025-11-15T00:00:00Z,138.8400,143.3000,138.6600,142.4600,2663699.43
2025-11-15T04:00:00Z,142.4600,143.5100,141.7500,142.6700,1571020.96
2025-11-15T08:00:00Z,142.6600,142.7600,139.8500,140.1100,2298934.83
2025-11-15T12:00:00Z,140.1100,142.1900,139.9000,141.6400,1959617.17
2025-11-15T16:00:00Z,141.6300,144.6400,140.7100,141.7000,2795090.08
2025-11-15T20:00:00Z,141.6900,141.9000,138.5100,139.5500,2489613.15
2025-11-16T00:00:00Z,139.5400,141.4200,137.2800,141.3200,2775855.14
2025-11-16T04:00:00Z,141.3200,142.4400,140.6300,142.2200,1561738.91
2025-11-16T08:00:00Z,142.2300,143.3300,139.4500,139.8700,3188097.42
2025-11-16T12:00:00Z,139.8700,140.7900,137.0300,137.3600,3712423.59
2025-11-16T16:00:00Z,137.3600,138.4700,134.3000,136.7900,7256773.27
2025-11-16T20:00:00Z,136.7900,138.1200,134.7400,137.1200,4177767.01
2025-11-17T00:00:00Z,137.1200,140.6000,136.0200,140.2100,3743046.49
2025-11-17T04:00:00Z,140.2200,141.8000,139.6100,141.2600,2313973.99
2025-11-17T08:00:00Z,141.2600,142.7400,140.8600,141.8000,3032663.66
2025-11-17T12:00:00Z,141.8000,143.3000,136.6900,137.0600,10063661.14
2025-11-17T16:00:00Z,137.0600,137.1100,129.3000,129.5800,11652819.92
2025-11-17T20:00:00Z,129.5800,131.8800,128.7000,130.9000,5248155.26
2025-11-18T00:00:00Z,130.9000,135.1900,128.9000,134.4500,7922169.53
2025-11-18T04:00:00Z,134.4600,137.7600,132.4300,136.8300,7664320.16
2025-11-18T08:00:00Z,136.8400,139.0600,136.3600,137.7900,4163070.66
2025-11-18T12:00:00Z,137.7900,142.0800,136.7500,139.6300,7701426.25
2025-11-18T16:00:00Z,139.6400,142.0700,138.6700,141.3800,5214100.85
2025-11-18T20:00:00Z,141.3800,142.0600,139.5800,140.6100,2504281.69
2025-11-19T00:00:00Z,140.6100,142.7500,139.2000,139.7000,3462597.08
2025-11-19T04:00:00Z,139.7000,141.0500,137.0400,140.4900,4785958.45
2025-11-19T08:00:00Z,140.4900,140.9600,138.3000,138.4900,2525004.72
2025-11-19T12:00:00Z,138.4900,139.1300,134.2900,134.5100,6898473.39
2025-11-19T16:00:00Z,134.5100,135.3700,130.4400,131.6400,7094052.43
2025-11-19T20:00:00Z,131.6400,136.9800,131.2600,136.9600,5179027.90
2025-11-20T00:00:00Z,136.9500,144.4000,136.2600,143.1200,7622875.63
2025-11-20T04:00:00Z,143.1200,144.7800,142.1300,143.7400,3666929.90
2025-11-20T08:00:00Z,143.7300,143.9100,141.0400,142.0500,2794878.98
2025-11-20T12:00:00Z,142.0500,143.4400,138.2400,138.5100,7028440.94
2025-11-20T16:00:00Z,138.5200,138.7000,131.0300,133.8200,15618593.92
2025-11-20T20:00:00Z,133.8300,136.5900,132.5300,133.6000,6192593.33
2025-11-21T00:00:00Z,133.6100,134.9900,131.0000,132.5500,5115590.00
2025-11-21T04:00:00Z,132.5500,133.0500,121.0200,127.4300,10390122.01
2025-11-21T08:00:00Z,127.4400,129.3300,123.7100,124.2400,11696215.84
2025-11-21T12:00:00Z,124.2400,129.5000,121.5500,125.3400,15044931.93
2025-11-21T16:00:00Z,125.3400,130.5400,123.5000,128.0500,10620448.87
2025-11-21T20:00:00Z,128.0400,129.2800,125.0000,128.6100,5804336.24
2025-11-22T00:00:00Z,128.6000,129.8700,126.7400,127.0700,3186456.10
2025-11-22T04:00:00Z,127.0600,128.3200,125.2300,127.6500,3782344.09
2025-11-22T08:00:00Z,127.6500,127.6700,125.1700,126.6100,3688487.00
2025-11-22T12:00:00Z,126.6100,127.7900,125.0000,127.0600,3380231.24
2025-11-22T16:00:00Z,127.0600,128.5500,126.7000,127.1200,2949015.44
2025-11-22T20:00:00Z,127.1300,128.8400,126.0100,127.5000,2044678.56
2025-11-23T00:00:00Z,127.5000,130.7400,127.4800,129.8600,2876041.78
2025-11-23T04:00:00Z,129.8600,131.8400,128.0100,128.7800,3269148.36
2025-11-23T08:00:00Z,128.7800,131.1200,128.7300,129.6600,2685108.18
2025-11-23T12:00:00Z,129.6600,133.1200,129.5700,132.8200,4429632.41
2025-11-23T16:00:00Z,132.8200,133.3800,130.7500,132.3000,3954308.82
2025-11-23T20:00:00Z,132.3000,133.5000,130.4000,130.5100,2630990.70
2025-11-24T00:00:00Z,130.5200,134.3700,129.2200,133.3700,5157844.69
2025-11-24T04:00:00Z,133.3700,133.8700,130.1000,130.2000,4999558.11
2025-11-24T08:00:00Z,130.2000,130.6500,128.3400,129.5600,3892538.25
2025-11-24T12:00:00Z,129.5500,132.5500,128.4300,131.8900,5457553.98
2025-11-24T16:00:00Z,131.8800,137.9400,131.7700,137.1900,7856760.49
2025-11-24T20:00:00Z,137.1900,139.7800,137.1900,138.3800,3991045.04
2025-11-25T00:00:00Z,138.3800,138.9500,137.1700,137.7300,2429584.29
2025-11-25T04:00:00Z,137.7300,138.9100,136.2300,136.2800,2319571.69
2025-11-25T08:00:00Z,136.2700,136.7500,134.6600,136.1800,3777413.86
2025-11-25T12:00:00Z,136.1900,136.9000,133.0000,134.7500,6090300.33
2025-11-25T16:00:00Z,134.7500,137.9400,134.1200,136.6100,5041188.34
2025-11-25T20:00:00Z,136.6100,140.4500,135.8900,138.9000,3981098.98
2025-11-26T00:00:00Z,138.9000,140.6200,137.8400,138.1100,2694199.04
2025-11-26T04:00:00Z,138.1100,139.9000,137.6600,139.8400,2243586.59
2025-11-26T08:00:00Z,139.8400,139.8900,136.0700,136.7700,4362233.49
2025-11-26T12:00:00Z,136.7600,138.2700,135.4200,136.5900,8477369.49
2025-11-26T16:00:00Z,136.6000,144.7000,136.3700,143.9400,8649129.74
2025-11-26T20:00:00Z,143.9500,144.1600,142.4300,142.9500,2766209.86
2025-11-27T00:00:00Z,142.9500,144.0200,142.0000,142.4500,2990957.87
2025-11-27T04:00:00Z,142.4600,144.2200,142.2200,143.6700,1901517.00
2025-11-27T08:00:00Z,143.6700,143.8300,141.4100,141.9800,2831757.20
2025-11-27T12:00:00Z,141.9800,142.4800,140.6200,142.0700,2438161.67
2025-11-27T16:00:00Z,142.0700,143.1400,141.3300,142.6200,2305567.21
2025-11-27T20:00:00Z,142.6200,142.8100,140.3400,140.7700,1767467.41
2025-11-28T00:00:00Z,140.7700,141.3700,138.5000,139.5800,2633369.19
2025-11-28T04:00:00Z,139.5800,140.4600,138.8700,138.8800,1948978.28
2025-11-28T08:00:00Z,138.8800,142.5700,138.8400,140.8900,3514222.22
2025-11-28T12:00:00Z,140.9000,143.5600,140.3400,141.5900,5256204.92
2025-11-28T16:00:00Z,141.5900,141.6400,135.8700,137.4300,6279120.78
2025-11-28T20:00:00Z,137.4300,138.2200,136.5400,137.2800,1623149.89
2025-11-29T00:00:00Z,137.2800,137.8100,136.6400,136.7700,1128969.68
2025-11-29T04:00:00Z,136.7700,137.6800,136.2100,137.2200,1579588.40
2025-11-29T08:00:00Z,137.2300,137.4200,136.3400,137.2700,1372474.94
2025-11-29T12:00:00Z,137.2700,137.6100,136.3900,137.4900,1340928.66
2025-11-29T16:00:00Z,137.5000,137.9900,134.6100,135.6300,2968273.90
2025-11-29T20:00:00Z,135.6300,136.4500,135.2600,135.8400,1067143.45
2025-11-30T00:00:00Z,135.8500,136.7700,135.1800,136.3500,1575364.51
2025-11-30T04:00:00Z,136.3600,136.9300,135.4400,136.4400,1258613.78
2025-11-30T08:00:00Z,136.4400,137.0400,136.0500,136.3700,1340962.43
2025-11-30T12:00:00Z,136.3700,140.1500,136.1200,138.2900,4041784.90
2025-11-30T16:00:00Z,138.2800,139.7900,137.3200,137.5800,2286282.96
2025-11-30T20:00:00Z,137.5800,137.8900,133.1600,133.3800,3207379.11
2025-12-01T00:00:00Z,133.3700,133.6600,126.4500,126.8900,8833868.76
2025-12-01T04:00:00Z,126.8900,127.3700,125.7300,127.3300,3178704.43
2025-12-01T08:00:00Z,127.3200,127.9300,126.7800,127.0500,2025582.64
2025-12-01T12:00:00Z,127.0500,127.6600,123.0500,125.0500,9035853.03
2025-12-01T16:00:00Z,125.0600,125.2800,123.1900,123.8000,4339223.19
2025-12-01T20:00:00Z,123.7900,127.3200,123.7500,126.5700,3943307.95
2025-12-02T00:00:00Z,126.5700,128.4800,125.9500,127.2100,3226720.85
2025-12-02T04:00:00Z,127.2100,127.8000,126.3600,127.1800,1711876.90
2025-12-02T08:00:00Z,127.1700,128.7800,125.8900,128.2300,2986511.44
2025-12-02T12:00:00Z,128.2300,141.5000,128.0900,137.7900,11815381.60
2025-12-02T16:00:00Z,137.7900,140.8600,137.3200,140.2300,6959302.08
2025-12-02T20:00:00Z,140.2300,140.3700,138.1600,138.6500,3453881.18
2025-12-03T00:00:00Z,138.6500,140.6200,137.7100,140.2900,3134792.09
2025-12-03T04:00:00Z,140.2900,144.2200,140.1300,141.8200,4854962.13
2025-12-03T08:00:00Z,141.8300,142.6400,140.6600,141.6600,2603269.01
2025-12-03T12:00:00Z,141.6500,143.4700,138.6100,140.9200,6608245.11
2025-12-03T16:00:00Z,140.9300,142.3500,139.7900,141.2300,3288394.31
2025-12-03T20:00:00Z,141.2200,146.0400,140.6700,144.6200,5963518.45
2025-12-04T00:00:00Z,144.6200,146.8700,143.5900,144.5800,3913219.78
2025-12-04T04:00:00Z,144.5900,144.8500,142.5600,143.3800,2553466.39
2025-12-04T08:00:00Z,143.3900,144.1500,142.6300,142.9900,1768957.29
2025-12-04T12:00:00Z,142.9900,144.2200,141.3800,143.1400,4356017.70
2025-12-04T16:00:00Z,143.1300,143.8000,137.7000,139.6000,4891743.70
2025-12-04T20:00:00Z,139.6000,140.4500,138.4300,138.9600,2456115.94
2025-12-05T00:00:00Z,138.9500,140.2100,138.2100,138.4700,2212564.23
2025-12-05T04:00:00Z,138.4700,140.7200,137.7100,139.6200,2721937.70
2025-12-05T08:00:00Z,139.6200,139.6200,136.0500,136.9500,4214402.84
2025-12-05T12:00:00Z,136.9500,137.1700,134.3200,134.9600,5450165.25
2025-12-05T16:00:00Z,134.9500,135.1600,130.5000,132.4000,6879796.81
2025-12-05T20:00:00Z,132.4100,133.2900,131.8800,133.2200,1781942.66
2025-12-06T00:00:00Z,133.2200,134.0700,132.7100,133.6500,1354849.14
2025-12-06T04:00:00Z,133.6500,133.6700,132.4600,132.6500,1246236.16
2025-12-06T08:00:00Z,132.6600,133.2200,131.7900,133.1400,1480158.22
2025-12-06T12:00:00Z,133.1300,133.9300,132.1300,132.8000,2165858.16
2025-12-06T16:00:00Z,132.8100,133.4900,131.6700,132.0100,1651014.88
2025-12-06T20:00:00Z,132.0100,132.8700,131.2200,132.1400,1436839.11
2025-12-07T00:00:00Z,132.1300,133.5300,131.8500,133.4300,1078284.89
2025-12-07T04:00:00Z,133.4200,133.4600,131.8300,132.0200,1015614.98
2025-12-07T08:00:00Z,132.0200,132.5300,131.4600,132.3600,1145562.47
2025-12-07T12:00:00Z,132.3600,133.0000,127.5500,131.9300,6530049.80
2025-12-07T16:00:00Z,131.9300,136.2200,130.3900,135.6600,5699329.06
2025-12-07T20:00:00Z,135.6600,136.3300,129.6900,132.1600,4688388.93
2025-12-08T00:00:00Z,132.1700,134.6600,131.4100,134.2400,2961315.44
2025-12-08T04:00:00Z,134.2300,135.9700,133.9800,135.7900,2404819.58
2025-12-08T08:00:00Z,135.7800,139.3000,135.5900,138.3300,3817624.40
2025-12-08T12:00:00Z,138.3300,139.2800,135.1500,135.4500,6892012.84
2025-12-08T16:00:00Z,135.4500,136.4700,132.8500,133.5700,4535577.63
2025-12-08T20:00:00Z,133.5800,135.0000,132.3600,133.1900,3054242.98
2025-12-09T00:00:00Z,133.1800,134.3600,132.4000,134.1100,2763404.27
2025-12-09T04:00:00Z,134.1100,134.2200,131.6400,133.1400,2501907.93
2025-12-09T08:00:00Z,133.1500,133.3700,131.9100,132.8700,1674434.78
2025-12-09T12:00:00Z,132.8800,138.4600,131.5200,138.4200,6437203.86
2025-12-09T16:00:00Z,138.4200,144.9000,138.4100,142.0800,10849781.17
2025-12-09T20:00:00Z,142.0800,142.3000,136.6500,137.8200,4437454.11
2025-12-10T00:00:00Z,137.8200,138.5600,137.1000,138.0700,2443589.65
2025-12-10T04:00:00Z,138.0700,140.1800,137.9400,139.1300,2331345.78
2025-12-10T08:00:00Z,139.1400,139.8000,136.2500,137.1400,3947498.68
2025-12-10T12:00:00Z,137.1400,138.1000,135.6000,136.0900,3376658.52
2025-12-10T16:00:00Z,136.0800,139.5800,135.6500,138.6000,8123383.06
2025-12-10T20:00:00Z,138.6100,142.5700,135.2600,136.1800,7872757.43
2025-12-11T00:00:00Z,136.1800,136.3500,128.9100,129.2800,6631815.16
2025-12-11T04:00:00Z,129.2900,131.4400,128.9200,130.9300,3065286.60
2025-12-11T08:00:00Z,130.9300,131.3200,130.0600,130.8300,1806299.66
2025-12-11T12:00:00Z,130.8400,132.7500,129.6800,131.0800,5125324.25
2025-12-11T16:00:00Z,131.0800,135.5100,130.0200,133.8200,5193814.36
2025-12-11T20:00:00Z,133.8100,137.7600,133.7400,136.3600,5366163.45
2025-12-12T00:00:00Z,136.3600,137.9300,135.3100,137.0200,2929108.94
2025-12-12T04:00:00Z,137.0200,140.0900,136.5000,139.0600,3099325.27
2025-12-12T08:00:00Z,139.0500,139.1200,137.1700,138.6600,2429678.82
2025-12-12T12:00:00Z,138.6600,139.8200,132.7000,133.4200,7013535.26
2025-12-12T16:00:00Z,133.4300,133.9000,130.2400,131.1700,8488275.11
2025-12-12T20:00:00Z,131.1700,132.9800,130.9000,132.1900,2093222.76
2025-12-13T00:00:00Z,132.1900,133.0100,132.1900,132.8100,1057121.02
2025-12-13T04:00:00Z,132.8000,132.9400,132.1900,132.8500,857928.64
2025-12-13T08:00:00Z,132.8500,134.2000,132.8500,133.2300,1871238.36
2025-12-13T12:00:00Z,133.2300,133.6200,132.5400,133.2100,1647661.92
2025-12-13T16:00:00Z,133.2100,133.7700,132.0600,132.6800,1338680.26
2025-12-13T20:00:00Z,132.6900,133.1800,131.5100,133.0400,1241865.41
2025-12-14T00:00:00Z,133.0400,133.5800,132.6200,132.8600,837998.30
2025-12-14T04:00:00Z,132.8600,133.3200,132.0200,133.1800,935603.97
2025-12-14T08:00:00Z,133.1800,133.4300,130.0200,131.3700,3812484.20
2025-12-14T12:00:00Z,131.3800,131.8300,130.2400,130.6000,2407533.93
2025-12-14T16:00:00Z,130.5900,131.5300,129.2000,130.2100,2547924.16
2025-12-14T20:00:00Z,130.2200,130.7600,127.7300,129.3100,2783041.00
2025-12-15T00:00:00Z,129.3100,133.2000,129.2000,131.0900,3934372.60
2025-12-15T04:00:00Z,131.1000,132.6500,130.8000,132.2800,1523191.10
2025-12-15T08:00:00Z,132.2900,132.9900,132.0000,132.2100,1546090.44
2025-12-15T12:00:00Z,132.2200,135.4000,126.3400,126.7800,11835601.07
2025-12-15T16:00:00Z,126.7800,127.2200,123.5300,124.9300,7693430.33
2025-12-15T20:00:00Z,124.9300,127.7900,123.8000,127.7300,3411580.27
2025-12-16T00:00:00Z,127.7200,127.9600,124.8500,126.4300,3063875.06
2025-12-16T04:00:00Z,126.4200,127.4000,124.7600,125.4900,2464436.13
2025-12-16T08:00:00Z,125.4900,129.0000,125.3500,128.5700,3634736.22
2025-12-16T12:00:00Z,128.5700,130.1000,126.0500,129.6900,7599863.25
2025-12-16T16:00:00Z,129.6900,129.8000,126.6800,127.6700,3758312.29
2025-12-16T20:00:00Z,127.6800,129.4600,127.4100,129.0900,2041043.70
2025-12-17T00:00:00Z,129.0900,129.7700,128.1200,128.1900,2112146.44
2025-12-17T04:00:00Z,128.2000,128.5200,126.9200,128.2000,2325745.84
2025-12-17T08:00:00Z,128.2000,128.2000,125.9000,127.5400,2814196.82
2025-12-17T12:00:00Z,127.5300,133.9600,126.5100,126.6900,13013449.20
2025-12-17T16:00:00Z,126.6900,127.9100,121.2400,122.3100,11894624.18
2025-12-17T20:00:00Z,122.3200,123.6800,121.8700,123.1700,3006857.16
2025-12-18T00:00:00Z,123.1700,124.1000,122.8800,123.5800,2063315.83
2025-12-18T04:00:00Z,123.5800,124.1000,122.1300,122.7600,2099847.88
2025-12-18T08:00:00Z,122.7600,124.0700,122.3800,123.9900,2618634.14
2025-12-18T12:00:00Z,124.0000,129.0000,123.5600,127.3600,12358559.48
2025-12-18T16:00:00Z,127.3600,127.4600,117.2800,117.4700,13739166.60
2025-12-18T20:00:00Z,117.4800,120.1500,116.7100,119.5400,5707852.52
2025-12-19T00:00:00Z,119.5500,122.4700,117.5500,121.5200,5884613.67
2025-12-19T04:00:00Z,121.5200,125.3000,121.2900,124.3700,5304786.52
2025-12-19T08:00:00Z,124.3700,125.7300,123.8100,125.3100,3444107.23
2025-12-19T12:00:00Z,125.3200,127.6000,124.6000,125.0200,7395078.91
2025-12-19T16:00:00Z,125.0200,126.9500,123.5500,126.2200,4779039.26
2025-12-19T20:00:00Z,126.2200,127.8600,126.0500,126.2200,2235250.92
2025-12-20T00:00:00Z,126.2300,126.4400,125.2000,126.1500,1384275.42
2025-12-20T04:00:00Z,126.1600,126.6200,125.8100,126.1200,1047078.51
2025-12-20T08:00:00Z,126.1300,126.8700,125.8200,126.4200,1200069.66
2025-12-20T12:00:00Z,126.4300,126.6000,125.3600,126.5000,1550085.37
2025-12-20T16:00:00Z,126.5100,126.6500,125.6900,125.9900,863152.64
2025-12-20T20:00:00Z,126.0000,126.4900,125.5500,125.7400,751798.17
2025-12-21T00:00:00Z,125.7500,126.0500,124.6200,125.1600,1626238.79
2025-12-21T04:00:00Z,125.1700,125.5000,125.0200,125.2500,575764.49
2025-12-21T08:00:00Z,125.2400,126.5600,124.7100,125.4200,2230849.20
2025-12-21T12:00:00Z,125.4300,126.0000,123.3000,124.9800,4418282.40
2025-12-21T16:00:00Z,124.9800,126.3000,124.3000,125.6100,2796099.21
2025-12-21T20:00:00Z,125.6100,126.2700,124.6300,125.9600,1416239.72
2025-12-22T00:00:00Z,125.9700,128.5100,124.4000,125.9700,5377177.71
2025-12-22T04:00:00Z,125.9800,126.6800,125.4700,126.2300,1745554.29
2025-12-22T08:00:00Z,126.2300,127.4100,125.3800,126.9300,3193284.06
2025-12-22T12:00:00Z,126.9300,128.7400,126.2400,128.0200,5384612.09
2025-12-22T16:00:00Z,128.0300,128.3300,124.5600,124.5800,4496075.00
2025-12-22T20:00:00Z,124.5800,125.9800,124.1100,125.8700,2694443.74
2025-12-23T00:00:00Z,125.8700,126.8700,124.8100,125.5800,2383053.02
2025-12-23T04:00:00Z,125.5800,126.0200,123.5800,124.1300,2678185.47
2025-12-23T08:00:00Z,124.1300,125.1600,123.8400,124.7900,1803372.57
2025-12-23T12:00:00Z,124.7900,124.8700,122.0400,123.2800,5453002.57
2025-12-23T16:00:00Z,123.2900,124.8600,122.7000,123.9100,4097796.19
2025-12-23T20:00:00Z,123.9200,125.6000,123.4000,123.9500,2385679.35
2025-12-24T00:00:00Z,123.9600,124.2500,121.6800,122.6600,2524094.45
2025-12-24T04:00:00Z,122.6600,123.0100,120.5100,121.2400,2807674.67
2025-12-24T08:00:00Z,121.2500,122.1700,121.0100,121.9800,1875519.89
2025-12-24T12:00:00Z,121.9800,122.8900,120.6100,122.6700,2975207.60
2025-12-24T16:00:00Z,122.6700,123.4300,121.7100,122.8200,2455601.83
2025-12-24T20:00:00Z,122.8200,123.3600,122.4100,122.4900,1304145.10
2025-12-25T00:00:00Z,122.4900,123.1100,122.0300,122.6400,1054358.37
2025-12-25T04:00:00Z,122.6300,122.8000,122.0400,122.2400,945718.64
2025-12-25T08:00:00Z,122.2500,122.6300,121.2200,121.5900,1752081.20
2025-12-25T12:00:00Z,121.5800,124.0600,121.5200,123.6300,2837915.15
2025-12-25T16:00:00Z,123.6300,124.4200,122.7200,123.4200,2935308.22
2025-12-25T20:00:00Z,123.4100,123.4800,119.5800,119.9500,3868717.69
2025-12-26T00:00:00Z,119.9500,124.3300,119.1500,122.6100,6079502.89
2025-12-26T04:00:00Z,122.6100,123.9400,121.7200,122.6600,3137423.67
2025-12-26T08:00:00Z,122.6600,124.1300,122.2400,123.8000,2986857.07
2025-12-26T12:00:00Z,123.8000,125.1200,120.3700,121.4900,7935646.18
2025-12-26T16:00:00Z,121.5000,122.3500,121.1000,122.0800,2741721.01
2025-12-26T20:00:00Z,122.0800,122.6000,121.7400,122.2200,1207288.52
2025-12-27T00:00:00Z,122.2200,123.7800,121.8200,123.6300,1797317.37
2025-12-27T04:00:00Z,123.6300,123.7000,122.7100,123.1100,1402072.70
2025-12-27T08:00:00Z,123.1000,123.2900,122.4500,122.9500,1088443.25
2025-12-27T12:00:00Z,122.9500,123.6300,122.6900,123.2700,1364785.97
2025-12-27T16:00:00Z,123.2700,123.4200,122.7000,123.2100,1360485.10
2025-12-27T20:00:00Z,123.2100,125.0400,123.2000,124.6700,2773934.77
2025-12-28T00:00:00Z,124.6800,124.8500,123.8500,124.0800,1160514.02
2025-12-28T04:00:00Z,124.0700,124.2700,123.5500,124.1800,882777.35
2025-12-28T08:00:00Z,124.1800,124.7900,123.9200,124.5700,1343106.86
2025-12-28T12:00:00Z,124.5800,124.9800,124.2300,124.4000,1555513.22
2025-12-28T16:00:00Z,124.3900,124.7200,123.0100,123.2200,2649419.74
2025-12-28T20:00:00Z,123.2200,125.6000,123.0300,125.2100,2313605.44
2025-12-29T00:00:00Z,125.2200,130.2100,124.9400,128.5200,8924600.23
2025-12-29T04:00:00Z,128.5300,129.1200,127.2000,127.8300,2957113.48
2025-12-29T08:00:00Z,127.8200,128.4800,124.9500,125.0200,4388980.66
2025-12-29T12:00:00Z,125.0200,125.3800,122.1500,123.3600,7763794.40
2025-12-29T16:00:00Z,123.3500,123.9400,122.5200,122.9900,2666897.80
2025-12-29T20:00:00Z,122.9800,123.5500,122.8000,123.1900,1217536.22
2025-12-30T00:00:00Z,123.1900,123.8600,122.5000,123.7200,2112411.48
2025-12-30T04:00:00Z,123.7200,124.2900,123.1200,123.9400,1726825.67
2025-12-30T08:00:00Z,123.9400,125.1000,123.9100,124.2400,3046242.10
2025-12-30T12:00:00Z,124.2400,125.3100,123.4800,125.1000,5063532.27
2025-12-30T16:00:00Z,125.1100,126.4900,123.7000,124.6700,4687984.25
2025-12-30T20:00:00Z,124.6600,125.0800,123.4500,124.9200,1829340.84
2025-12-31T00:00:00Z,124.9300,126.0600,124.3400,125.7600,2449985.35
2025-12-31T04:00:00Z,125.7600,126.0400,125.3000,125.9000,1380939.78
2025-12-31T08:00:00Z,125.9000,126.8200,125.3600,126.6900,2200544.39
2025-12-31T12:00:00Z,126.6800,127.4000,124.9300,125.5400,4872897.03
2025-12-31T16:00:00Z,125.5400,125.7000,124.2400,124.3000,3028086.93
2025-12-31T20:00:00Z,124.3100,125.1200,123.4200,124.5900,2928769.34
2026-01-01T00:00:00Z,124.5800,125.7500,124.5200,125.1400,1442687.23
2026-01-01T04:00:00Z,125.1300,125.2600,124.1400,124.1900,969707.35
2026-01-01T08:00:00Z,124.1900,125.2200,124.0800,125.1600,1333503.18
2026-01-01T12:00:00Z,125.1600,125.2200,124.3400,124.9000,1480821.85
2026-01-01T16:00:00Z,124.9000,125.7500,124.2000,125.7000,2347355.58
2026-01-01T20:00:00Z,125.7000,127.2100,125.2500,126.8300,1963633.16
2026-01-02T00:00:00Z,126.8400,127.9900,125.8100,127.5100,2674478.26
2026-01-02T04:00:00Z,127.5100,127.6900,126.7100,127.1000,1875588.92
2026-01-02T08:00:00Z,127.1000,129.9800,127.0900,128.1900,4402146.07
2026-01-02T12:00:00Z,128.1800,129.5900,126.7600,128.9400,5543720.24
2026-01-02T16:00:00Z,128.9300,132.3000,128.6200,131.5900,6058642.16
2026-01-02T20:00:00Z,131.6000,133.2900,130.7600,132.2400,2625619.20
2026-01-03T00:00:00Z,132.2400,133.1300,132.0200,132.7700,1727411.24
2026-01-03T04:00:00Z,132.7800,132.8500,129.5200,130.0500,2672061.30
2026-01-03T08:00:00Z,130.0500,131.4300,129.7400,130.6300,1935417.40
2026-01-03T12:00:00Z,130.6400,132.1200,130.4300,131.4100,1777877.73
2026-01-03T16:00:00Z,131.4100,132.0700,131.4100,131.7300,1058916.37
2026-01-03T20:00:00Z,131.7300,133.9900,131.2700,133.3100,1962660.57
2026-01-04T00:00:00Z,133.3000,135.0000,133.2600,134.5600,2927628.35
2026-01-04T04:00:00Z,134.5500,134.9700,133.5200,133.7500,1889376.72
2026-01-04T08:00:00Z,133.7500,134.8200,133.1000,134.3200,2134886.05
2026-01-04T12:00:00Z,134.3300,135.3200,133.6700,134.8300,2535860.65
2026-01-04T16:00:00Z,134.8300,135.5000,133.0300,133.5100,2605710.46
2026-01-04T20:00:00Z,133.5100,134.8100,133.3200,134.0400,1605324.81
2026-01-05T00:00:00Z,134.0500,137.7500,133.9300,136.5800,5431248.96
2026-01-05T04:00:00Z,136.5800,136.7400,134.5400,135.3400,3236928.21
2026-01-05T08:00:00Z,135.3400,135.9700,134.6300,135.6800,2234261.04
2026-01-05T12:00:00Z,135.6900,136.4700,133.0900,136.0800,7553787.01
2026-01-05T16:00:00Z,136.0800,138.7800,134.2500,138.2000,5343516.96
2026-01-05T20:00:00Z,138.2000,139.8300,137.6900,137.8400,3392218.36
2026-01-06T00:00:00Z,137.8400,138.5700,136.8100,138.3100,3061516.03
2026-01-06T04:00:00Z,138.3200,140.0900,137.2600,137.5100,4590700.79
2026-01-06T08:00:00Z,137.5200,139.6400,137.3000,139.4400,3186906.06
2026-01-06T12:00:00Z,139.4400,143.4500,138.6600,141.5600,9077394.94
2026-01-06T16:00:00Z,141.5500,141.9300,136.1200,137.4500,7441571.00
2026-01-06T20:00:00Z,137.4500,141.9600,137.4200,141.0300,4404628.55
2026-01-07T00:00:00Z,141.0400,141.3500,138.3600,139.5200,3522869.44
2026-01-07T04:00:00Z,139.5200,139.6600,138.0600,139.3100,2135963.95
2026-01-07T08:00:00Z,139.3100,139.7400,136.4200,137.8400,4829008.17
2026-01-07T12:00:00Z,137.8400,138.4400,135.1700,135.6100,5785039.17
2026-01-07T16:00:00Z,135.6100,136.6000,134.3300,135.6800,3630284.61
2026-01-07T20:00:00Z,135.6800,137.0700,134.9300,136.3200,2376112.55
2026-01-08T00:00:00Z,136.3100,138.3000,135.9300,136.6800,3463861.88
2026-01-08T04:00:00Z,136.6800,138.2900,133.6000,135.8100,4928619.13
2026-01-08T08:00:00Z,135.8200,136.1700,133.8500,134.7200,3159921.76
2026-01-08T12:00:00Z,134.7100,136.5000,132.5000,136.3300,6621871.43
2026-01-08T16:00:00Z,136.3200,139.0700,136.1500,137.4800,5667625.47
2026-01-08T20:00:00Z,137.4800,140.0000,136.4600,138.3000,5172107.80
2026-01-09T00:00:00Z,138.2900,141.1400,137.6600,140.7300,3803273.11
2026-01-09T04:00:00Z,140.7300,141.0100,139.3800,139.5100,2678901.81
2026-01-09T08:00:00Z,139.5100,139.6300,136.9800,138.2400,4201056.31
2026-01-09T12:00:00Z,138.2300,140.8500,136.1100,138.7500,7818741.25
2026-01-09T16:00:00Z,138.7600,140.2100,135.3700,135.7100,5543703.83
2026-01-09T20:00:00Z,135.7100,136.4100,134.8600,135.8800,2707583.85
2026-01-10T00:00:00Z,135.8900,136.6200,135.6000,136.0500,1310503.68
2026-01-10T04:00:00Z,136.0500,136.2800,135.6600,136.0000,941611.72
2026-01-10T08:00:00Z,136.0100,136.9700,135.9100,136.5000,1380235.73
2026-01-10T12:00:00Z,136.5100,136.9900,135.9300,136.3500,1477532.86
2026-01-10T16:00:00Z,136.3600,136.6500,135.8400,136.1700,992116.65
2026-01-10T20:00:00Z,136.1700,136.2200,135.3000,135.7800,911692.08
2026-01-11T00:00:00Z,135.7900,136.4300,135.6800,136.2100,946635.13
2026-01-11T04:00:00Z,136.2100,136.3900,135.8300,136.1300,919672.06
2026-01-11T08:00:00Z,136.1300,136.8600,136.0400,136.4900,1189143.38
2026-01-11T12:00:00Z,136.5000,139.5000,136.4300,138.3800,4039503.63
2026-01-11T16:00:00Z,138.3800,141.6500,138.3800,139.3900,5401148.50
2026-01-11T20:00:00Z,139.3900,139.7400,137.4700,139.6500,3131329.00
2026-01-12T00:00:00Z,139.6500,144.4000,138.8500,142.4900,7103215.02
2026-01-12T04:00:00Z,142.4900,143.3200,141.2800,141.3400,2924791.88
2026-01-12T08:00:00Z,141.3500,142.0000,138.9400,139.9300,4653747.50
2026-01-12T12:00:00Z,139.9300,142.7000,138.5900,142.5500,5096420.74
2026-01-12T16:00:00Z,142.5400,144.2600,140.5400,140.9400,7403313.77
2026-01-12T20:00:00Z,140.9400,141.8100,138.2300,139.1300,3545540.56
2026-01-13T00:00:00Z,139.1300,139.5200,137.7500,138.6600,3245713.45
2026-01-13T04:00:00Z,138.6600,140.6900,138.3100,139.8800,3564880.72
2026-01-13T08:00:00Z,139.8800,143.0900,139.8700,141.8000,5123543.23
2026-01-13T12:00:00Z,141.7900,143.7900,141.1000,143.4100,8239191.95
2026-01-13T16:00:00Z,143.4200,144.5600,142.3300,144.1800,5132183.91
2026-01-13T20:00:00Z,144.1800,148.8000,142.9100,145.4800,7245877.55
2026-01-14T00:00:00Z,145.4700,146.5600,144.2900,146.2200,3793955.46
2026-01-14T04:00:00Z,146.2100,146.4100,143.8600,144.8000,3266777.07
2026-01-14T08:00:00Z,144.8000,145.7000,143.4500,143.7000,2752584.79
2026-01-14T12:00:00Z,143.6900,147.5600,143.3000,147.0200,6629102.39
2026-01-14T16:00:00Z,147.0200,148.4000,145.2600,146.7500,5385059.13
2026-01-14T20:00:00Z,146.7600,147.7000,145.7400,146.6100,2379218.13
2026-01-15T00:00:00Z,146.6200,146.6500,143.1000,143.4000,3497729.74
2026-01-15T04:00:00Z,143.4100,145.2200,143.2000,144.9300,2311796.29
2026-01-15T08:00:00Z,144.9400,145.9500,144.0000,144.7600,2394120.59
2026-01-15T12:00:00Z,144.7600,145.5700,141.7100,143.3900,6491566.41
2026-01-15T16:00:00Z,143.3900,144.1500,140.7700,141.4400,4399816.47
2026-01-15T20:00:00Z,141.4300,142.6000,140.9400,142.3200,1504509.82
2026-01-16T00:00:00Z,142.3300,142.7400,141.6000,141.8700,1427935.53
2026-01-16T04:00:00Z,141.8700,143.6000,141.3600,142.8600,2517096.68
2026-01-16T08:00:00Z,142.8600,143.4900,142.6300,143.0800,1705790.63
2026-01-16T12:00:00Z,143.0700,143.8000,140.1700,140.6800,4123361.97
2026-01-16T16:00:00Z,140.6800,144.4500,140.5400,144.1300,4060352.66
2026-01-16T20:00:00Z,144.1400,145.5000,143.4100,144.8500,2261029.18
2026-01-17T00:00:00Z,144.8400,144.9500,144.1400,144.3000,1032434.58
2026-01-17T04:00:00Z,144.2900,144.4500,143.5400,143.5600,910630.28
2026-01-17T08:00:00Z,143.5600,144.5800,143.1800,143.9200,1607067.81
2026-01-17T12:00:00Z,143.9200,144.2900,143.5000,144.2500,1602449.38
2026-01-17T16:00:00Z,144.2400,144.4600,143.5200,144.2000,1079434.12
2026-01-17T20:00:00Z,144.1900,144.5100,143.4000,143.6400,797854.28
2026-01-18T00:00:00Z,143.6500,143.9200,141.8000,142.7300,2808377.30
2026-01-18T04:00:00Z,142.7300,142.9400,141.9400,142.0400,894105.03
2026-01-18T08:00:00Z,142.0500,142.5600,141.8100,142.3200,998786.90
2026-01-18T12:00:00Z,142.3300,142.6700,141.4000,141.9100,1732327.91
2026-01-18T16:00:00Z,141.9200,143.1900,141.6700,142.2000,1691137.88
2026-01-18T20:00:00Z,142.2000,142.9900,137.6500,137.7900,4522345.97
2026-01-19T00:00:00Z,137.7900,137.7900,129.8200,133.8500,11009950.16
2026-01-19T04:00:00Z,133.8500,134.0000,132.6400,133.3900,2467682.66
2026-01-19T08:00:00Z,133.3900,134.3200,133.2000,134.0500,2053305.60
2026-01-19T12:00:00Z,134.0500,134.1400,133.2000,133.4700,2121698.33
2026-01-19T16:00:00Z,133.4800,134.6500,133.4000,134.3800,1680678.55
2026-01-19T20:00:00Z,134.3700,135.1000,132.6900,133.3800,2355910.52
2026-01-20T00:00:00Z,133.3800,134.6000,133.0000,134.2100,2243801.89
2026-01-20T04:00:00Z,134.2000,134.2100,130.5100,130.5600,4785543.08
2026-01-20T08:00:00Z,130.5700,130.7300,128.2700,128.7300,5840225.01
2026-01-20T12:00:00Z,128.7300,129.7300,127.1500,127.7800,6634088.68
2026-01-20T16:00:00Z,127.7700,128.5200,126.2000,127.1800,4942503.12
2026-01-20T20:00:00Z,127.1800,128.0300,124.2500,125.7200,3765637.09
2026-01-21T00:00:00Z,125.7200,127.8200,125.6600,127.5400,2736781.19
2026-01-21T04:00:00Z,127.5400,128.6800,127.3900,127.5300,2146824.87
2026-01-21T08:00:00Z,127.5200,128.1400,126.7300,126.8700,2269177.84
2026-01-21T12:00:00Z,126.8700,131.1300,126.0900,130.3800,7250542.83
2026-01-21T16:00:00Z,130.3700,131.6400,125.1700,131.4600,9413489.92
2026-01-21T20:00:00Z,131.4600,132.0900,129.0800,129.4800,3329234.01
2026-01-22T00:00:00Z,129.4800,130.5500,129.4500,129.7700,1623205.24
2026-01-22T04:00:00Z,129.7700,130.4200,129.6600,129.7200,1003736.98
2026-01-22T08:00:00Z,129.7300,130.3000,129.2600,130.0400,1455704.09
2026-01-22T12:00:00Z,130.0400,130.8900,126.6600,127.3200,5484127.72
2026-01-22T16:00:00Z,127.3200,129.3000,126.8200,129.1800,3223033.73
2026-01-22T20:00:00Z,129.1800,129.7000,127.9500,128.4100,1691480.22
2026-01-23T00:00:00Z,128.4200,128.9000,128.0000,128.7000,1020495.43
2026-01-23T04:00:00Z,128.6900,129.2400,127.1600,127.8400,2449581.59
2026-01-23T08:00:00Z,127.8400,127.9300,126.8400,127.4500,1592731.43
2026-01-23T12:00:00Z,127.4600,128.0500,125.2200,127.8400,4102573.03
2026-01-23T16:00:00Z,127.8500,130.1500,127.3700,128.0100,5248336.40
2026-01-23T20:00:00Z,128.0200,128.2100,126.4700,127.3600,1871134.02
2026-01-24T00:00:00Z,127.3700,128.0500,127.2200,127.8200,783505.46
2026-01-24T04:00:00Z,127.8200,128.0400,127.0000,127.0500,666123.68
2026-01-24T08:00:00Z,127.0600,127.3400,126.8600,127.1200,744375.34
2026-01-24T12:00:00Z,127.1200,127.3400,126.7200,126.7800,907816.15
2026-01-24T16:00:00Z,126.7700,127.4300,126.5600,127.2200,816763.58
2026-01-24T20:00:00Z,127.2100,127.6800,127.0200,127.1300,600134.86
2026-01-25T00:00:00Z,127.1300,127.3900,126.2500,126.5500,961229.80
2026-01-25T04:00:00Z,126.5600,126.9300,126.2700,126.4100,682301.27
2026-01-25T08:00:00Z,126.4100,127.1600,125.9000,126.7100,1217400.24
2026-01-25T12:00:00Z,126.7100,127.0800,125.3800,125.5100,1785435.23
2026-01-25T16:00:00Z,125.5100,125.5100,117.0000,117.8600,11561423.82
2026-01-25T20:00:00Z,117.8700,119.3700,117.3300,118.7600,6936901.90
2026-01-26T00:00:00Z,118.7700,122.7200,118.4500,121.5100,4672022.99
2026-01-26T04:00:00Z,121.5100,123.5500,121.5000,122.8400,2140302.27
2026-01-26T08:00:00Z,122.8500,123.5400,121.7100,122.4600,2207526.68
2026-01-26T12:00:00Z,122.4600,125.1500,122.2900,123.4600,4725759.16
2026-01-26T16:00:00Z,123.4500,125.5400,122.9600,124.2600,4222390.48
2026-01-26T20:00:00Z,124.2600,124.8300,123.3700,124.1800,1847757.87
2026-01-27T00:00:00Z,124.1700,125.1300,123.6600,124.4400,1792663.66
2026-01-27T04:00:00Z,124.4500,125.0900,123.9400,124.4600,1182439.32
2026-01-27T08:00:00Z,124.4500,124.7300,123.5100,124.0800,1642041.74
2026-01-27T12:00:00Z,124.0800,125.0000,123.0600,124.9400,2998514.46
2026-01-27T16:00:00Z,124.9400,126.7400,123.4700,125.7900,6056632.85
2026-01-27T20:00:00Z,125.7900,127.8000,125.6700,127.1200,3184103.66
2026-01-28T00:00:00Z,127.1200,127.4700,126.5700,126.9000,1501225.91
2026-01-28T04:00:00Z,126.8900,127.4900,126.3900,127.0400,1431163.61
2026-01-28T08:00:00Z,127.0400,128.3000,125.9200,128.1000,2537249.08
2026-01-28T12:00:00Z,128.1100,128.1900,125.4400,126.0000,3848391.57
2026-01-28T16:00:00Z,126.0100,126.9900,125.1700,125.9300,3285449.24
2026-01-28T20:00:00Z,125.9300,126.6200,124.6900,125.2800,2885623.95
2026-01-29T00:00:00Z,125.2900,125.4400,122.5800,122.9900,3205022.09
2026-01-29T04:00:00Z,122.9900,123.9300,122.4100,123.7100,1639281.59
2026-01-29T08:00:00Z,123.7200,123.8600,122.6100,122.6900,1608524.02
2026-01-29T12:00:00Z,122.6900,123.1200,116.0300,117.6000,10118496.10
2026-01-29T16:00:00Z,117.6000,119.8800,115.2900,116.7500,9766386.74
2026-01-29T20:00:00Z,116.7500,117.8400,116.4600,117.7200,2671298.75
2026-01-30T00:00:00Z,117.7200,118.0600,111.7500,114.3500,8559098.18
2026-01-30T04:00:00Z,114.3400,116.0700,112.8900,115.7100,4743019.03
2026-01-30T08:00:00Z,115.7200,117.2400,114.5800,117.0100,3858036.40
2026-01-30T12:00:00Z,117.0000,117.6000,114.5000,116.7300,6584606.19
2026-01-30T16:00:00Z,116.7200,119.0900,114.2600,118.2300,8314453.78
2026-01-30T20:00:00Z,118.2300,118.3900,116.3200,117.5400,3486611.96
2026-01-31T00:00:00Z,117.5400,118.5600,117.3100,118.2900,1674373.46
2026-01-31T04:00:00Z,118.3000,118.7700,117.1000,117.2900,1950465.48
2026-01-31T08:00:00Z,117.3000,117.4600,112.6700,115.9600,4805258.92
2026-01-31T12:00:00Z,115.9700,116.1200,108.1500,108.5700,11448607.15
2026-01-31T16:00:00Z,108.5800,109.7300,95.5000,101.6500,23240643.91
2026-01-31T20:00:00Z,101.6500,106.4000,100.2600,105.4500,7297173.89
2026-02-01T00:00:00Z,105.4400,106.2800,104.1000,104.8700,3246833.08
2026-02-01T04:00:00Z,104.8800,105.9700,103.8700,105.1400,3177444.08
2026-02-01T08:00:00Z,105.1400,105.9900,103.4400,104.9900,3843243.49
2026-02-01T12:00:00Z,104.9900,106.6700,100.1400,101.6100,9559645.85
2026-02-01T16:00:00Z,101.6200,104.1600,100.8500,101.8800,5286943.40
2026-02-01T20:00:00Z,101.8700,102.8100,97.9500,100.7300,9140147.34
2026-02-02T00:00:00Z,100.7300,103.0900,95.8300,100.0000,10831443.23
2026-02-02T04:00:00Z,100.0100,102.3900,97.0000,101.3800,10277277.33
2026-02-02T08:00:00Z,101.3900,103.3900,101.3300,102.7300,3980110.63
2026-02-02T12:00:00Z,102.7300,106.0600,102.2900,104.6300,7292280.47
2026-02-02T16:00:00Z,104.6200,105.7100,103.4300,103.8300,3934317.90
2026-02-02T20:00:00Z,103.8300,105.1300,103.2500,104.4800,2253191.37
2026-02-03T00:00:00Z,104.4700,104.6000,102.0800,104.1000,3576859.81
2026-02-03T04:00:00Z,104.0900,105.0600,102.8800,104.6200,2474669.88
2026-02-03T08:00:00Z,104.6200,104.9500,102.3800,102.9200,3576985.70
2026-02-03T12:00:00Z,102.9300,103.5800,100.3000,102.5200,6574582.46
2026-02-03T16:00:00Z,102.5200,102.5200,96.6000,98.9500,11431958.89
2026-02-03T20:00:00Z,98.9400,102.1200,97.1100,97.8100,7946956.57
2026-02-04T00:00:00Z,97.8200,99.6000,97.0800,99.0400,4594136.75
2026-02-04T04:00:00Z,99.0300,99.2700,96.2000,97.8200,5049129.84
2026-02-04T08:00:00Z,97.8300,97.8800,94.5000,96.0300,7729510.79
2026-02-04T12:00:00Z,96.0400,96.6900,91.1900,92.6900,12616996.81
2026-02-04T16:00:00Z,92.6900,94.6700,89.9200,94.3200,15843926.10
2026-02-04T20:00:00Z,94.3200,94.4600,89.1900,92.0700,8919150.41
2026-02-05T00:00:00Z,92.0700,92.8800,90.1300,91.1000,7028464.12
2026-02-05T04:00:00Z,91.1000,92.0700,89.6200,90.5000,9054893.81
2026-02-05T08:00:00Z,90.5100,93.4000,88.6100,89.9200,8731403.65
2026-02-05T12:00:00Z,89.9300,91.4300,83.3600,84.5500,20177630.37
2026-02-05T16:00:00Z,84.5500,86.1800,81.1200,81.6300,17770790.22
2026-02-05T20:00:00Z,81.6300,82.2600,77.4900,78.2900,22624466.74
2026-02-06T00:00:00Z,78.2900,80.2200,67.2900,76.6600,31665738.90
2026-02-06T04:00:00Z,76.6600,81.5600,76.1600,79.5000,10485097.22
2026-02-06T08:00:00Z,79.4900,81.9800,78.5500,81.2600,8413183.73
2026-02-06T12:00:00Z,81.2500,85.1400,80.7200,84.4000,13954134.62
2026-02-06T16:00:00Z,84.3900,88.5900,83.5000,86.9700,13023717.42
2026-02-06T20:00:00Z,86.9700,89.7400,86.4800,87.4200,6435320.16
2026-02-07T00:00:00Z,87.4100,88.3100,85.8400,88.0100,4843477.11
2026-02-07T04:00:00Z,88.0100,88.9700,84.1500,85.2400,7914035.26
2026-02-07T08:00:00Z,85.2400,85.6700,84.4400,84.8500,3965658.11
2026-02-07T12:00:00Z,84.8500,87.1500,84.7800,86.5200,5615210.04
2026-02-07T16:00:00Z,86.5100,89.1500,86.1100,88.2200,9153597.42
2026-02-07T20:00:00Z,88.2100,89.1300,86.8000,87.5100,2525245.10
2026-02-08T00:00:00Z,87.5200,88.1500,86.6300,86.7400,2059153.19
2026-02-08T04:00:00Z,86.7400,87.4800,86.5300,87.3200,1577582.13
2026-02-08T08:00:00Z,87.3200,88.9300,86.3400,88.1600,4817624.48
2026-02-08T12:00:00Z,88.1700,88.8200,87.2600,87.7100,3940268.22
2026-02-08T16:00:00Z,87.7100,88.5700,85.6800,88.3400,4391980.22
2026-02-08T20:00:00Z,88.3400,89.0900,86.0000,86.9200,4936326.93
2026-02-09T00:00:00Z,86.9100,87.9300,85.6600,87.6200,4446683.82
2026-02-09T04:00:00Z,87.6100,87.6700,85.1200,85.4300,3358028.90
2026-02-09T08:00:00Z,85.4300,85.5700,82.8200,83.4300,5733482.30
2026-02-09T12:00:00Z,83.4400,85.7700,83.3900,85.2300,6196076.03
2026-02-09T16:00:00Z,85.2300,88.6600,84.7500,87.9000,7204040.75
2026-02-09T20:00:00Z,87.8900,88.2800,86.4500,86.7100,2557354.37
2026-02-10T00:00:00Z,86.7100,87.4400,85.2000,85.8000,2654563.28
2026-02-10T04:00:00Z,85.8000,86.6200,84.2600,84.5900,3561389.21
2026-02-10T08:00:00Z,84.5800,85.0300,83.6900,83.7900,3396834.32
2026-02-10T12:00:00Z,83.7800,85.1800,83.1400,84.2400,6516942.05
2026-02-10T16:00:00Z,84.2400,85.1000,82.3900,83.0500,4720897.75
2026-02-10T20:00:00Z,83.0400,83.1900,81.8400,82.9500,2803151.54
2026-02-11T00:00:00Z,82.9600,84.3400,82.5300,83.2800,2800827.99
2026-02-11T04:00:00Z,83.2700,83.4900,80.2300,80.9600,5587017.87
2026-02-11T08:00:00Z,80.9500,81.4400,80.3300,81.2100,3501710.62
2026-02-11T12:00:00Z,81.2000,83.1300,78.5200,79.6500,10873699.24
2026-02-11T16:00:00Z,79.6600,80.8800,77.9200,79.6700,6920324.89
2026-02-11T20:00:00Z,79.6600,81.0800,78.5900,79.2500,3945032.10
2026-02-12T00:00:00Z,79.2400,80.7400,79.2200,80.5600,2256033.21
2026-02-12T04:00:00Z,80.5600,80.9600,79.3700,80.7200,2990007.35
2026-02-12T08:00:00Z,80.7200,82.1900,80.2600,81.8000,3775519.50
2026-02-12T12:00:00Z,81.7900,82.0700,80.0300,80.0600,5618986.46
2026-02-12T16:00:00Z,80.0600,80.1700,76.9000,77.5700,9784321.88
2026-02-12T20:00:00Z,77.5700,78.4800,76.5400,78.3700,4102808.34
2026-02-13T00:00:00Z,78.3700,79.4400,77.4900,79.0000,3032968.16
2026-02-13T04:00:00Z,79.0100,79.2300,77.7900,78.9300,2708482.29
2026-02-13T08:00:00Z,78.9300,80.5800,78.8000,80.2600,3767128.54
2026-02-13T12:00:00Z,80.2600,84.3000,79.6800,83.1600,8373552.78
2026-02-13T16:00:00Z,83.1600,85.5900,82.8700,84.6000,6180372.00
2026-02-13T20:00:00Z,84.6000,85.1600,84.0400,84.2900,2522316.91
2026-02-14T00:00:00Z,84.2800,85.2500,84.1700,85.0000,1753248.60
2026-02-14T04:00:00Z,85.0000,85.2200,84.2800,85.1200,1308740.73
2026-02-14T08:00:00Z,85.1300,87.2800,85.1000,87.2200,4347272.86
2026-02-14T12:00:00Z,87.2200,87.6500,85.9700,87.3800,4268942.68
2026-02-14T16:00:00Z,87.3900,88.4200,86.9600,88.1300,3596222.17
2026-02-14T20:00:00Z,88.1400,88.8500,87.2200,88.0200,3033711.84
2026-02-15T00:00:00Z,88.0100,88.7600,87.3100,88.5600,3124405.81
2026-02-15T04:00:00Z,88.5600,90.9600,88.3200,90.6800,5422413.25
2026-02-15T08:00:00Z,90.6800,91.1900,88.9500,89.1300,4214675.46
2026-02-15T12:00:00Z,89.1200,89.5900,86.6100,87.3600,6582668.03
2026-02-15T16:00:00Z,87.3600,87.8500,85.1400,85.2900,5687075.91
2026-02-15T20:00:00Z,85.2800,86.6300,84.8300,86.0900,3367147.22
2026-02-16T00:00:00Z,86.0900,86.5900,84.7100,85.1100,2821093.01
2026-02-16T04:00:00Z,85.1000,85.8600,84.4000,85.0100,2554024.87
2026-02-16T08:00:00Z,85.0200,86.2000,84.4000,85.4600,3137510.27
2026-02-16T12:00:00Z,85.4600,86.8800,82.5100,83.1600,9239381.06
2026-02-16T16:00:00Z,83.1600,85.1100,83.0500,84.5700,4272702.76
2026-02-16T20:00:00Z,84.5700,86.6100,84.4400,86.3900,2904583.98
2026-02-17T00:00:00Z,86.3900,87.6600,85.7200,86.3100,3549404.07
2026-02-17T04:00:00Z,86.3100,86.7600,85.3800,86.4200,2351754.98
2026-02-17T08:00:00Z,86.4200,86.7100,84.6700,85.0400,2770034.36
2026-02-17T12:00:00Z,85.0500,85.5300,82.8600,83.7600,7122014.65
2026-02-17T16:00:00Z,83.7500,85.7200,83.0800,84.8000,5470260.94
2026-02-17T20:00:00Z,84.8000,85.3900,84.4700,85.0200,1878253.32
2026-02-18T00:00:00Z,85.0200,85.4400,83.8700,85.2700,1989318.80
2026-02-18T04:00:00Z,85.2700,85.5000,84.6300,85.2200,1362968.11
2026-02-18T08:00:00Z,85.2200,86.0400,82.7400,82.8000,4449134.95
2026-02-18T12:00:00Z,82.7900,83.9700,81.6200,82.9500,6741558.03
2026-02-18T16:00:00Z,82.9600,83.0400,80.3700,80.8700,5570899.99
2026-02-18T20:00:00Z,80.8700,81.5900,80.7900,81.5500,2127847.42
2026-02-19T00:00:00Z,81.5400,82.0200,81.1800,81.7100,1573170.08
2026-02-19T04:00:00Z,81.7200,82.6300,81.3200,82.3400,2098413.60
2026-02-19T08:00:00Z,82.3400,82.3500,80.8600,81.2000,2862684.75
2026-02-19T12:00:00Z,81.2000,81.2900,79.5700,80.5900,6042365.42
2026-02-19T16:00:00Z,80.5800,82.1900,79.8600,81.9000,4945970.42
2026-02-19T20:00:00Z,81.9000,82.5200,81.6300,82.4600,1862285.45
2026-02-20T00:00:00Z,82.4600,83.5000,82.2700,82.9700,2604325.21
2026-02-20T04:00:00Z,82.9800,83.8800,82.3200,83.3800,2666605.59
2026-02-20T08:00:00Z,83.3900,84.8100,83.2400,83.5200,3766215.58
2026-02-20T12:00:00Z,83.5300,84.7600,81.7100,84.3300,8602945.37
2026-02-20T16:00:00Z,84.3200,85.4400,82.7500,84.7200,6954020.41
2026-02-20T20:00:00Z,84.7100,85.1900,84.0600,84.6200,1855567.10
2026-02-21T00:00:00Z,84.6200,84.9800,84.1600,84.2900,1286212.54
2026-02-21T04:00:00Z,84.3000,84.7400,83.9100,84.1800,1368845.50
2026-02-21T08:00:00Z,84.1700,85.6700,84.1400,85.3500,1972790.08
2026-02-21T12:00:00Z,85.3500,86.6800,84.9600,86.5200,3331316.13
2026-02-21T16:00:00Z,86.5200,86.6700,85.7700,86.1700,2492266.93
2026-02-21T20:00:00Z,86.1600,86.1700,85.0700,85.1200,2017123.80
2026-02-22T00:00:00Z,85.1200,85.5600,84.6200,85.0300,1994395.73
2026-02-22T04:00:00Z,85.0300,85.5000,84.7300,85.1900,1316045.91
2026-02-22T08:00:00Z,85.1900,85.4300,84.8100,85.2000,1094982.09
2026-02-22T12:00:00Z,85.2000,85.2600,82.9400,83.4400,4846636.90
2026-02-22T16:00:00Z,83.4400,83.5800,82.7600,83.2500,1853451.66
2026-02-22T20:00:00Z,83.2400,83.6600,82.4300,82.7500,2401527.95
2026-02-23T00:00:00Z,82.7500,82.8100,77.1600,77.5700,11051891.02
2026-02-23T04:00:00Z,77.5800,79.6300,77.0600,79.3200,5425259.45
2026-02-23T08:00:00Z,79.3200,80.6300,78.4400,79.9900,4954704.34
2026-02-23T12:00:00Z,79.9900,81.0600,79.1500,79.3500,6887799.96
2026-02-23T16:00:00Z,79.3600,79.7600,77.2100,78.2500,7176705.79
2026-02-23T20:00:00Z,78.2400,78.8700,77.5700,77.8700,3039964.98
2026-02-24T00:00:00Z,77.8600,78.4900,75.6800,76.8400,6229225.65
2026-02-24T04:00:00Z,76.8400,77.2900,76.0600,76.7900,3752276.14
2026-02-24T08:00:00Z,76.8000,77.1500,75.8700,76.7100,2491443.65
2026-02-24T12:00:00Z,76.7100,77.4500,75.5700,77.2500,5673151.03
2026-02-24T16:00:00Z,77.2600,78.4700,77.1700,78.3200,4203737.60
2026-02-24T20:00:00Z,78.3300,79.5600,78.0600,78.9100,3183557.23
2026-02-25T00:00:00Z,78.9200,82.9700,78.6600,81.7200,7854345.96
2026-02-25T04:00:00Z,81.7100,82.4100,80.9300,82.1300,4471574.82
2026-02-25T08:00:00Z,82.1400,83.3800,81.8800,83.3300,3728464.32
2026-02-25T12:00:00Z,83.3400,86.4300,82.8500,85.9200,9124959.82
2026-02-25T16:00:00Z,85.9200,89.6000,85.9200,89.3900,8931033.88
2026-02-25T20:00:00Z,89.4000,92.0900,87.0500,88.0100,8328907.78
2026-02-26T00:00:00Z,88.0100,89.2200,87.5100,87.9100,4074760.39
2026-02-26T04:00:00Z,87.9100,89.0000,87.1700,87.2100,3056489.54
2026-02-26T08:00:00Z,87.2100,88.6400,86.5300,86.7600,3978906.52
2026-02-26T12:00:00Z,86.7600,88.2200,85.2200,86.5200,6307232.74
2026-02-26T16:00:00Z,86.5200,86.7100,84.2500,86.4100,6859220.34
2026-02-26T20:00:00Z,86.4200,86.8300,85.6800,85.8600,1834156.79
2026-02-27T00:00:00Z,85.8600,87.7700,85.1400,87.5700,3216450.86
2026-02-27T04:00:00Z,87.5700,88.2600,86.7400,87.2600,3368454.52
2026-02-27T08:00:00Z,87.2700,87.8800,83.2700,83.5300,5632666.89
2026-02-27T12:00:00Z,83.5200,83.7100,81.8900,82.6400,7873812.60
2026-02-27T16:00:00Z,82.6300,82.6400,81.0500,81.5200,4894416.71
2026-02-27T20:00:00Z,81.5200,82.0700,80.2600,81.8000,3611915.71
2026-02-28T00:00:00Z,81.8000,82.2200,81.4700,81.6900,1761080.21
2026-02-28T04:00:00Z,81.6800,81.8500,77.0600,78.6300,9914305.46
2026-02-28T08:00:00Z,78.6400,79.5300,77.6700,78.7100,4882408.09
2026-02-28T12:00:00Z,78.7100,81.4600,78.5500,80.8700,7771247.18
2026-02-28T16:00:00Z,80.8600,82.8700,80.4300,82.1500,5133728.34
2026-02-28T20:00:00Z,82.1500,85.6300,81.9000,84.2900,6154779.25
2026-03-01T00:00:00Z,84.2900,88.8800,84.2200,87.9800,7335640.41
2026-03-01T04:00:00Z,87.9900,88.2300,86.1100,86.5800,4211304.57
2026-03-01T08:00:00Z,86.5900,86.7900,84.6700,85.1300,4091672.67
2026-03-01T12:00:00Z,85.1300,86.9500,84.4600,85.6100,5446604.14
2026-03-01T16:00:00Z,85.6100,86.0500,82.9800,83.1900,6583085.77
2026-03-01T20:00:00Z,83.1900,84.1700,81.6400,83.5500,5679845.57
2026-03-02T00:00:00Z,83.5500,86.1400,83.4100,84.7400,4686035.96
2026-03-02T04:00:00Z,84.7300,84.8000,82.3200,82.9000,3384587.71
2026-03-02T08:00:00Z,82.9000,84.2800,82.3000,83.8500,4145138.61
2026-03-02T12:00:00Z,83.8400,88.9600,82.7200,88.7400,10879408.65
2026-03-02T16:00:00Z,88.7400,90.3200,86.3600,87.6200,9129358.26
2026-03-02T20:00:00Z,87.6100,88.1900,86.2700,86.5900,4005632.44
2026-03-03T00:00:00Z,86.5900,87.2800,85.1600,86.2300,3411596.85
2026-03-03T04:00:00Z,86.2300,86.7700,85.3300,85.5300,3426435.04
2026-03-03T08:00:00Z,85.5200,85.7300,83.6300,84.1500,6231376.30
2026-03-03T12:00:00Z,84.1500,85.3200,82.4000,84.9800,8148984.00
2026-03-03T16:00:00Z,84.9700,87.3100,84.1000,85.0400,8481978.98
2026-03-03T20:00:00Z,85.0400,87.4300,84.1300,86.9200,3932866.74
2026-03-04T00:00:00Z,86.9100,88.0600,85.1200,85.7100,4871235.67
2026-03-04T04:00:00Z,85.7100,87.4900,84.7500,87.3800,4333285.07
2026-03-04T08:00:00Z,87.3800,91.4800,86.9400,89.7300,10541381.63
2026-03-04T12:00:00Z,89.7400,93.1200,88.6600,92.8800,9967344.82
2026-03-04T16:00:00Z,92.8900,94.1500,90.5700,93.1400,7551773.36
2026-03-04T20:00:00Z,93.1300,93.7300,90.2400,90.8200,4483545.10
2026-03-05T00:00:00Z,90.8100,91.3800,89.5500,89.9800,3750862.71
2026-03-05T04:00:00Z,89.9800,91.2500,89.6300,90.1100,3310283.22
2026-03-05T08:00:00Z,90.1000,92.9100,89.6100,91.7600,5085141.57
2026-03-05T12:00:00Z,91.7700,92.1500,88.7600,89.5600,7503613.72
2026-03-05T16:00:00Z,89.5600,89.5800,87.8400,88.6800,5771234.42
2026-03-05T20:00:00Z,88.6900,89.8100,88.5000,88.7400,2776980.96
2026-03-06T00:00:00Z,88.7400,89.2600,87.9500,88.3600,3134663.10
2026-03-06T04:00:00Z,88.3500,88.8700,87.4500,88.6400,3042623.11
2026-03-06T08:00:00Z,88.6400,88.6400,87.0500,87.2100,3144705.13
2026-03-06T12:00:00Z,87.2100,87.2300,83.8900,84.5700,9892245.80
2026-03-06T16:00:00Z,84.5700,85.8300,83.5200,85.1400,4839782.08
2026-03-06T20:00:00Z,85.1400,85.4100,84.3900,84.6400,2041986.18
2026-03-07T00:00:00Z,84.6500,85.0300,84.2400,84.4700,1528924.17
2026-03-07T04:00:00Z,84.4800,84.5100,83.8200,84.2700,1928731.56
2026-03-07T08:00:00Z,84.2700,84.8700,84.0700,84.6100,1713466.00
2026-03-07T12:00:00Z,84.6000,84.7300,83.2600,83.6900,2679700.79
2026-03-07T16:00:00Z,83.6900,84.0300,82.2200,82.4700,2897884.22
2026-03-07T20:00:00Z,82.4700,83.2800,82.4600,83.1700,1486526.87
2026-03-08T00:00:00Z,83.1700,83.4400,82.0300,82.2700,2366049.17
2026-03-08T04:00:00Z,82.2800,83.0600,81.6700,82.9000,2301372.75
2026-03-08T08:00:00Z,82.8900,84.0700,82.4300,82.7400,3286028.76
2026-03-08T12:00:00Z,82.7500,82.9500,81.1100,81.9900,4757695.64
2026-03-08T16:00:00Z,81.9900,82.6200,81.2300,82.4400,2801698.87
2026-03-08T20:00:00Z,82.4300,82.9300,80.1800,81.5600,5200998.48
2026-03-09T00:00:00Z,81.5700,84.4700,81.5000,83.1000,5441220.53
2026-03-09T04:00:00Z,83.1000,84.5800,82.2500,83.1200,4201069.91
2026-03-09T08:00:00Z,83.1200,84.5600,82.8700,83.5200,3402380.07
2026-03-09T12:00:00Z,83.5200,85.7100,83.3400,85.0100,6127073.79
2026-03-09T16:00:00Z,85.0000,87.0000,84.2700,85.9200,6169798.19
2026-03-09T20:00:00Z,85.9300,86.3200,84.7800,84.9100,3103547.62
2026-03-10T00:00:00Z,84.9100,86.8600,84.7900,85.5200,3890709.12
2026-03-10T04:00:00Z,85.5100,86.9600,85.3400,86.6600,3267384.94
2026-03-10T08:00:00Z,86.6700,87.6500,86.5200,86.7500,3891353.35
2026-03-10T12:00:00Z,86.7500,88.5800,84.8600,88.3100,7807989.26
2026-03-10T16:00:00Z,88.3100,88.7800,85.5900,85.9700,6140314.29
2026-03-10T20:00:00Z,85.9600,86.3900,84.9500,85.8300,2987442.63
2026-03-11T00:00:00Z,85.8200,86.2200,85.4300,85.5600,2213504.29
2026-03-11T04:00:00Z,85.5700,86.8300,85.0700,85.3900,3375703.19
2026-03-11T08:00:00Z,85.3900,85.5700,84.3000,84.5100,3405612.16
2026-03-11T12:00:00Z,84.5000,87.3500,84.3000,85.3700,8670732.42
2026-03-11T16:00:00Z,85.3700,88.0600,85.2400,87.2500,6211801.78
2026-03-11T20:00:00Z,87.2500,87.9000,86.4000,86.5200,2038845.85
2026-03-12T00:00:00Z,86.5200,86.7300,84.6300,84.9400,3349488.19
2026-03-12T04:00:00Z,84.9400,85.8600,84.8200,85.7700,2599595.89
2026-03-12T08:00:00Z,85.7700,87.1000,85.3400,86.7500,3860585.36
2026-03-12T12:00:00Z,86.7500,87.6600,85.0300,86.5300,7832956.89
2026-03-12T16:00:00Z,86.5200,87.0500,85.6100,86.7500,4065214.51
2026-03-12T20:00:00Z,86.7500,87.1800,85.9000,86.8000,2236963.15
2026-03-13T00:00:00Z,86.7900,91.1500,86.6600,89.6600,8805412.57
2026-03-13T04:00:00Z,89.6600,89.7100,88.1000,88.6200,3160797.69
2026-03-13T08:00:00Z,88.6200,90.4100,88.2700,90.2700,4005113.94
2026-03-13T12:00:00Z,90.2700,93.3800,89.2400,89.4200,10772664.73
2026-03-13T16:00:00Z,89.4300,90.1400,88.3000,88.8600,5432150.03
2026-03-13T20:00:00Z,88.8600,89.0900,87.6800,88.1200,2539029.62
2026-03-14T00:00:00Z,88.1100,88.5700,87.7500,88.3500,1616075.56
2026-03-14T04:00:00Z,88.3500,88.6600,86.8700,87.2700,2498143.07
2026-03-14T08:00:00Z,87.2700,87.5100,86.4100,86.9000,2082418.59
2026-03-14T12:00:00Z,86.9000,87.3100,86.5700,86.6700,1788421.65
2026-03-14T16:00:00Z,86.6700,87.0700,86.5700,86.9500,971053.29
2026-03-14T20:00:00Z,86.9600,88.1200,86.8000,87.9900,1516556.49
2026-03-15T00:00:00Z,88.0000,88.5900,87.5100,87.7900,2212422.48
2026-03-15T04:00:00Z,87.8000,88.5900,87.7900,88.1700,1808932.59
2026-03-15T08:00:00Z,88.1800,88.8300,88.0900,88.5100,1523388.82
2026-03-15T12:00:00Z,88.5100,88.5200,87.3100,87.8600,2275311.40
2026-03-15T16:00:00Z,87.8600,88.7700,87.4100,88.1400,2127431.39
2026-03-15T20:00:00Z,88.1300,93.2300,87.9200,92.2800,7798108.48
2026-03-16T00:00:00Z,92.2800,93.9700,91.1500,93.1400,5897670.94
2026-03-16T04:00:00Z,93.1400,94.3300,92.9100,93.5400,5420926.47
2026-03-16T08:00:00Z,93.5400,93.9900,92.5400,93.7100,3254920.26
2026-03-16T12:00:00Z,93.7100,95.0800,92.3200,93.1400,8050847.36
2026-03-16T16:00:00Z,93.1300,95.4500,93.0700,95.1800,4266034.55
2026-03-16T20:00:00Z,95.1700,97.6500,95.0200,96.1400,4943695.20
2026-03-17T00:00:00Z,96.1400,96.9100,93.6600,94.0200,4629523.62
2026-03-17T04:00:00Z,94.0200,94.6000,93.1100,94.3800,3048647.24
2026-03-17T08:00:00Z,94.3800,95.0500,93.2000,93.5900,3261144.91
2026-03-17T12:00:00Z,93.5900,95.1000,93.1000,93.7600,4850980.64
2026-03-17T16:00:00Z,93.7700,95.6000,93.6600,94.6000,3404592.46
2026-03-17T20:00:00Z,94.5900,95.5700,94.3500,94.5700,2298393.17
2026-03-18T00:00:00Z,94.5700,95.6300,94.0400,94.9900,2177485.77
2026-03-18T04:00:00Z,95.0000,95.0700,93.6600,93.8900,2670373.54
2026-03-18T08:00:00Z,93.8900,94.3800,91.7500,91.9500,4417160.69
2026-03-18T12:00:00Z,91.9600,92.0000,88.5100,89.3100,9234260.32
2026-03-18T16:00:00Z,89.3100,90.8100,88.5700,89.6500,4802729.50
2026-03-18T20:00:00Z,89.6600,90.5800,88.9200,90.0200,2337250.53
2026-03-19T00:00:00Z,90.0200,91.3700,89.7300,90.6900,2859529.73
2026-03-19T04:00:00Z,90.6900,90.6900,88.5700,89.3700,4996866.37
2026-03-19T08:00:00Z,89.3700,90.4600,89.0400,89.5800,3013879.26
2026-03-19T12:00:00Z,89.5900,89.5900,87.1000,87.5800,7280458.66
2026-03-19T16:00:00Z,87.5700,89.2200,86.7900,88.6800,4137478.47
2026-03-19T20:00:00Z,88.6700,89.2800,88.3100,88.8400,1768092.20
2026-03-20T00:00:00Z,88.8400,89.7600,88.8000,89.5300,2011403.01
2026-03-20T04:00:00Z,89.5300,89.7200,88.4400,89.3100,2433025.94
2026-03-20T08:00:00Z,89.3200,90.4300,88.5400,89.0800,3295908.22
2026-03-20T12:00:00Z,89.0800,89.7000,88.4300,88.9000,4301101.95
2026-03-20T16:00:00Z,88.9000,89.1800,88.0700,88.9500,2601050.96
2026-03-20T20:00:00Z,88.9500,90.2200,88.6000,89.8000,2280718.24
2026-03-21T00:00:00Z,89.8100,90.6800,89.6800,90.4100,1581131.44
2026-03-21T04:00:00Z,90.4100,90.7800,89.8800,90.1000,1641642.13
2026-03-21T08:00:00Z,90.1000,90.3500,89.7600,89.9100,1131573.55
2026-03-21T12:00:00Z,89.9000,90.3600,89.3100,89.7800,1763597.87
2026-03-21T16:00:00Z,89.7700,89.9500,89.3000,89.7300,1072725.60
2026-03-21T20:00:00Z,89.7400,90.3600,87.0000,87.5000,2944227.55
2026-03-22T00:00:00Z,87.5000,89.1100,86.1800,88.6100,5679979.94
2026-03-22T04:00:00Z,88.6000,89.1400,87.6100,87.6500,2236351.70
2026-03-22T08:00:00Z,87.6500,87.6900,86.7700,86.7900,2614439.33
2026-03-22T12:00:00Z,86.7900,87.6800,86.7500,87.5300,1876447.48
2026-03-22T16:00:00Z,87.5300,87.6600,86.4000,86.8300,1827160.32
2026-03-22T20:00:00Z,86.8300,87.1500,85.0400,86.1500,4150590.51
2026-03-23T00:00:00Z,86.1500,87.1900,85.3700,86.3700,2681832.72
2026-03-23T04:00:00Z,86.3700,87.3200,85.0000,85.9400,3972733.01
2026-03-23T08:00:00Z,85.9400,91.9300,85.1200,88.7400,11439559.48
2026-03-23T12:00:00Z,88.7400,92.2400,88.2800,89.9100,9460536.67
2026-03-23T16:00:00Z,89.9000,91.8600,89.3500,91.3400,5264775.91
2026-03-23T20:00:00Z,91.3400,92.0000,90.9300,91.4000,2272648.15
2026-03-24T00:00:00Z,91.4000,91.6300,89.9100,90.2900,2538790.50
2026-03-24T04:00:00Z,90.3000,91.8600,89.9300,91.6700,3009246.21
2026-03-24T08:00:00Z,91.6800,92.2000,91.0800,91.7100,4280579.60
2026-03-24T12:00:00Z,91.7100,91.8100,88.6200,89.6700,8354987.32
2026-03-24T16:00:00Z,89.6800,89.9200,88.3500,88.4600,3930082.32
2026-03-24T20:00:00Z,88.4600,91.1000,88.4300,90.7500,3717362.50
2026-03-25T00:00:00Z,90.7600,91.9000,90.6700,91.6600,2985916.88
2026-03-25T04:00:00Z,91.6600,92.9500,91.5400,91.7700,3590844.09
2026-03-25T08:00:00Z,91.7800,93.4600,91.7800,92.9400,3504842.10
2026-03-25T12:00:00Z,92.9500,93.4000,90.9600,91.7200,5069630.67
2026-03-25T16:00:00Z,91.7200,92.7200,91.3500,91.7200,2745186.59
2026-03-25T20:00:00Z,91.7200,91.9000,90.9800,91.6500,2117863.23
2026-03-26T00:00:00Z,91.6500,91.9200,90.5300,91.0100,2260359.19
2026-03-26T04:00:00Z,91.0200,91.0200,88.7200,89.0400,5068638.05
2026-03-26T08:00:00Z,89.0300,89.0400,87.3700,87.5100,4087369.76
2026-03-26T12:00:00Z,87.5100,88.1900,86.6600,87.4700,5515733.08
2026-03-26T16:00:00Z,87.4700,87.6800,85.3700,85.4100,5076776.75
2026-03-26T20:00:00Z,85.4100,87.1300,85.3700,86.4700,4476666.76
2026-03-27T00:00:00Z,86.4700,86.9900,86.1100,86.3600,1584143.06
2026-03-27T04:00:00Z,86.3700,86.7300,85.6300,85.8600,2823878.62
2026-03-27T08:00:00Z,85.8700,86.0700,82.5500,83.3000,7944973.09
2026-03-27T12:00:00Z,83.3100,83.9400,82.3400,83.2400,6010891.85
2026-03-27T16:00:00Z,83.2500,83.3600,81.7600,82.7300,4496891.23
2026-03-27T20:00:00Z,82.7300,83.0600,82.3000,83.0300,1358281.32
2026-03-28T00:00:00Z,83.0300,83.0300,82.1900,82.5400,1458604.47
2026-03-28T04:00:00Z,82.5400,83.6100,82.3100,83.5400,2237121.12
2026-03-28T08:00:00Z,83.5500,83.6700,82.6500,82.8900,2030365.20
2026-03-28T12:00:00Z,82.8900,84.3500,82.5300,83.7500,4967176.20
2026-03-28T16:00:00Z,83.7500,83.8900,82.9500,83.2200,1578553.14
2026-03-28T20:00:00Z,83.2200,83.4500,81.6000,82.0000,2566256.95
2026-03-29T00:00:00Z,82.0100,83.1900,81.7900,82.9300,2063936.37
2026-03-29T04:00:00Z,82.9300,82.9700,82.1600,82.3800,1486302.40
2026-03-29T08:00:00Z,82.3900,82.7900,81.9200,82.5200,1766892.01
2026-03-29T12:00:00Z,82.5200,82.5900,81.2100,81.7600,3019457.45
2026-03-29T16:00:00Z,81.7500,82.0800,81.0600,81.5600,2442035.13
2026-03-29T20:00:00Z,81.5500,82.1800,78.7700,81.3400,5939297.10
2026-03-30T00:00:00Z,81.3400,83.9100,81.0600,83.2400,4992347.34
2026-03-30T04:00:00Z,83.2400,84.2500,83.2000,83.9800,3374117.13
2026-03-30T08:00:00Z,83.9800,84.9800,83.4500,84.2100,4025076.62
2026-03-30T12:00:00Z,84.2100,84.9500,83.6000,84.4500,4852735.58
2026-03-30T16:00:00Z,84.4500,84.4900,81.9000,82.3200,4986637.07
2026-03-30T20:00:00Z,82.3200,83.6600,82.0800,82.5100,3241937.44
2026-03-31T00:00:00Z,82.5100,84.6000,82.0900,83.5700,3815709.15
2026-03-31T04:00:00Z,83.5700,83.8800,82.6400,83.0500,2936271.69
2026-03-31T08:00:00Z,83.0600,83.3200,79.8900,80.7800,8456678.49
2026-03-31T12:00:00Z,80.7900,82.5500,80.3300,80.8300,8081609.74
2026-03-31T16:00:00Z,80.8300,83.4500,80.8200,82.6700,5914382.77
2026-03-31T20:00:00Z,82.6700,83.3700,82.2700,83.1500,2213296.86
2026-04-01T00:00:00Z,83.1600,83.5800,82.4100,83.3900,2410040.03
2026-04-01T04:00:00Z,83.3800,84.7000,83.2100,83.8000,4065004.60
2026-04-01T08:00:00Z,83.8000,84.0300,83.0100,83.3100,2778092.63
2026-04-01T12:00:00Z,83.3000,83.8500,82.3300,83.5800,4835981.19
2026-04-01T16:00:00Z,83.5800,86.5900,82.9000,83.7900,10030911.33
2026-04-01T20:00:00Z,83.8000,83.8500,80.7200,81.1400,6279552.04
2026-04-02T00:00:00Z,81.1400,81.7200,78.2200,78.9400,9284031.12
2026-04-02T04:00:00Z,78.9400,79.6300,78.5500,79.5900,3956307.30
2026-04-02T08:00:00Z,79.5900,79.5900,78.1100,78.2700,3083889.85
2026-04-02T12:00:00Z,78.2800,79.6700,76.6300,79.0100,9649382.39
2026-04-02T16:00:00Z,79.0100,79.8600,78.3800,78.9500,4125067.09
2026-04-02T20:00:00Z,78.9500,79.3300,78.5800,78.9100,1484786.75
2026-04-03T00:00:00Z,78.9100,79.7700,78.8000,78.9700,2723040.86
2026-04-03T04:00:00Z,78.9600,80.1500,78.9500,79.9000,2473416.10
2026-04-03T08:00:00Z,79.9000,80.4300,79.5800,80.1300,2723274.96
2026-04-03T12:00:00Z,80.1200,80.9000,79.1100,80.3000,4200740.59
2026-04-03T16:00:00Z,80.3000,80.6400,79.8200,80.1600,2052649.37
2026-04-03T20:00:00Z,80.1600,80.6500,79.9000,80.3500,1407976.70
2026-04-04T00:00:00Z,80.3500,80.3700,79.9700,80.1300,903388.41
2026-04-04T04:00:00Z,80.1200,80.5000,80.0600,80.2700,769081.09
2026-04-04T08:00:00Z,80.2600,80.3500,79.8500,80.1400,1131608.96
2026-04-04T12:00:00Z,80.1500,81.6400,79.5300,81.0500,4332897.48
2026-04-04T16:00:00Z,81.0500,81.3000,80.5600,80.8000,3042087.11
2026-04-04T20:00:00Z,80.8000,81.0200,80.5600,80.7900,1195464.20
2026-04-05T00:00:00Z,80.7900,80.8100,80.2800,80.5100,1139353.32
2026-04-05T04:00:00Z,80.5000,80.5200,79.3000,79.5500,2838786.13
2026-04-05T08:00:00Z,79.5400,80.2000,79.4700,79.8600,1422883.48
2026-04-05T12:00:00Z,79.8700,80.3100,78.4500,79.5500,4850014.74
2026-04-05T16:00:00Z,79.5600,80.1900,79.3200,79.7700,1818243.39
2026-04-05T20:00:00Z,79.7700,82.1100,79.0400,81.8500,4670153.60
2026-04-06T00:00:00Z,81.8600,82.9500,81.6200,82.0700,4889854.57
2026-04-06T04:00:00Z,82.0700,82.3700,80.9100,81.7700,3236093.22
2026-04-06T08:00:00Z,81.7600,83.1800,81.6500,82.3900,3383117.84
2026-04-06T12:00:00Z,82.4000,82.8000,81.6700,82.2400,3369846.56
2026-04-06T16:00:00Z,82.2500,82.4500,81.1300,81.8600,2795155.36
2026-04-06T20:00:00Z,81.8600,82.1000,79.5200,79.9600,3577653.65
2026-04-07T00:00:00Z,79.9600,80.1700,79.3000,79.7300,3031534.50
2026-04-07T04:00:00Z,79.7300,80.1100,79.2300,79.8100,2319424.85
2026-04-07T08:00:00Z,79.8200,80.5500,78.8300,79.1700,4682102.06
2026-04-07T12:00:00Z,79.1700,79.3400,78.3000,78.8200,4662697.35
2026-04-07T16:00:00Z,78.8200,81.8400,78.6000,81.5800,7674409.55
2026-04-07T20:00:00Z,81.5800,87.1900,81.5800,85.5400,13353036.67
2026-04-08T00:00:00Z,85.5300,85.8900,84.2300,84.5300,4318704.03
2026-04-08T04:00:00Z,84.5400,85.0100,83.8500,84.4700,3153214.30
2026-04-08T08:00:00Z,84.4800,84.9500,84.1100,84.4200,2322272.10
2026-04-08T12:00:00Z,84.4200,84.9600,82.4700,83.2900,6640589.02
2026-04-08T16:00:00Z,83.2900,84.1700,82.7400,83.1500,2961764.86
2026-04-08T20:00:00Z,83.1500,83.5800,82.1700,82.5200,2231113.84
2026-04-09T00:00:00Z,82.5200,82.6300,81.6500,81.9700,2983039.43
2026-04-09T04:00:00Z,81.9700,82.4400,81.7000,82.2300,1741483.47
2026-04-09T08:00:00Z,82.2400,82.6800,81.9800,82.1400,2369534.11
2026-04-09T12:00:00Z,82.1300,83.8900,81.3600,83.6900,5491265.13
2026-04-09T16:00:00Z,83.7000,84.6700,82.8700,84.1200,6453748.44
2026-04-09T20:00:00Z,84.1100,85.9300,83.1000,83.2900,4315878.52
2026-04-10T00:00:00Z,83.2900,83.7400,82.6300,82.8400,3049609.13
2026-04-10T04:00:00Z,82.8400,83.5500,82.8200,82.9200,1972065.71
2026-04-10T08:00:00Z,82.9300,83.7300,82.6600,83.4800,3010837.96
2026-04-10T12:00:00Z,83.4900,85.5700,83.3100,84.2000,5889249.07
2026-04-10T16:00:00Z,84.2000,85.4400,84.0800,85.4100,2677034.89
2026-04-10T20:00:00Z,85.4100,85.6600,84.6000,84.7800,1758539.61
2026-04-11T00:00:00Z,84.7800,84.8900,84.2200,84.3500,1335820.97
2026-04-11T04:00:00Z,84.3500,84.5700,83.8200,84.2300,1678167.45
2026-04-11T08:00:00Z,84.2300,84.7600,83.7500,84.1800,1980714.51
2026-04-11T12:00:00Z,84.1800,84.8400,83.7800,84.6300,1887631.79
2026-04-11T16:00:00Z,84.6200,86.2300,84.5600,85.9900,3466324.55
2026-04-11T20:00:00Z,85.9900,86.1400,84.4500,84.8900,2912798.91
2026-04-12T00:00:00Z,84.8900,84.9700,81.8300,82.2700,5797176.45
2026-04-12T04:00:00Z,82.2700,82.4400,82.0100,82.2300,1861127.40
2026-04-12T08:00:00Z,82.2400,82.3600,81.8800,82.1500,1542761.31
2026-04-12T12:00:00Z,82.1500,82.5000,81.2400,81.5500,4146838.39
2026-04-12T16:00:00Z,81.5400,82.2900,81.4800,81.9300,1658376.50
2026-04-12T20:00:00Z,81.9300,82.8600,81.2300,81.4900,3662987.05
2026-04-13T00:00:00Z,81.4800,82.4000,81.3500,81.8600,2186736.64
2026-04-13T04:00:00Z,81.8700,82.5800,81.4800,82.1200,2433251.13
2026-04-13T08:00:00Z,82.1200,82.2500,81.6100,81.8200,2245089.13
2026-04-13T12:00:00Z,81.8200,83.9500,81.7700,82.6200,7522213.94
2026-04-13T16:00:00Z,82.6200,84.2300,82.3100,84.0700,5031823.73
2026-04-13T20:00:00Z,84.0700,86.8000,83.7700,86.5000,6940322.63
2026-04-14T00:00:00Z,86.4900,86.7300,85.6500,86.0300,3694770.21
2026-04-14T04:00:00Z,86.0300,86.1700,85.4000,85.8700,2679523.80
2026-04-14T08:00:00Z,85.8600,86.5200,85.5600,85.7500,2644204.33
2026-04-14T12:00:00Z,85.7400,87.6400,85.1700,85.9200,7468217.76
2026-04-14T16:00:00Z,85.9200,86.1300,83.6600,83.9100,5373253.24
2026-04-14T20:00:00Z,83.9100,84.1100,83.2600,83.6600,2618910.79
2026-04-15T00:00:00Z,83.6600,84.0100,83.0700,83.4000,2734902.64
2026-04-15T04:00:00Z,83.4000,83.7400,82.6000,82.8800,2952441.10
2026-04-15T08:00:00Z,82.8800,83.6500,82.6800,83.5400,3143285.00
2026-04-15T12:00:00Z,83.5500,84.4700,83.1400,83.9400,4703191.30
2026-04-15T16:00:00Z,83.9500,85.8100,83.8600,85.4800,4265692.97
2026-04-15T20:00:00Z,85.4800,85.5900,84.1600,84.8500,2657611.10
2026-04-16T00:00:00Z,84.8600,85.5600,84.4200,85.2600,2123840.29
2026-04-16T04:00:00Z,85.2500,85.6100,84.9300,85.1500,1659879.25
2026-04-16T08:00:00Z,85.1600,85.4700,84.5600,85.0200,2972320.52
2026-04-16T12:00:00Z,85.0300,87.1100,83.7000,86.5700,8638956.32
2026-04-16T16:00:00Z,86.5800,90.1400,85.5800,90.0700,9673094.44
2026-04-16T20:00:00Z,90.0600,90.5800,88.6800,89.0300,4784367.66
2026-04-17T00:00:00Z,89.0200,89.1500,87.4300,87.6700,3178328.32
2026-04-17T04:00:00Z,87.6700,88.4400,87.3000,88.0900,2841488.05
2026-04-17T08:00:00Z,88.1000,89.4800,87.2600,88.1500,5431457.29
2026-04-17T12:00:00Z,88.1600,90.7100,87.8500,89.9100,10142910.04
2026-04-17T16:00:00Z,89.9100,90.5800,88.8400,89.1800,4425060.16
2026-04-17T20:00:00Z,89.1700,89.4300,88.4200,88.7100,2333233.59
2026-04-18T00:00:00Z,88.7100,89.1100,88.1700,88.2700,1478313.94
2026-04-18T04:00:00Z,88.2700,88.6000,88.1000,88.3900,1590423.57
2026-04-18T08:00:00Z,88.4000,88.4500,86.2200,86.4900,5010392.52
2026-04-18T12:00:00Z,86.4800,86.9200,86.3500,86.7000,2359503.07
2026-04-18T16:00:00Z,86.7000,86.9300,85.7100,86.0700,2700245.56
2026-04-18T20:00:00Z,86.0600,86.4200,85.8600,86.1100,1163994.66
2026-04-19T00:00:00Z,86.1000,86.3300,85.1800,85.5500,2106109.66
2026-04-19T04:00:00Z,85.5500,85.9200,84.2800,84.8200,3290617.11
2026-04-19T08:00:00Z,84.8100,85.6700,84.3800,85.5400,2635919.01
2026-04-19T12:00:00Z,85.5500,87.0800,85.4900,86.3200,5268851.24
2026-04-19T16:00:00Z,86.3100,86.4600,84.8200,85.2800,2952743.93
2026-04-19T20:00:00Z,85.2700,85.3100,82.7700,83.4100,4774513.45
2026-04-20T00:00:00Z,83.4200,84.5800,83.2700,84.5300,2530925.14
2026-04-20T04:00:00Z,84.5300,85.7400,83.7000,84.6900,3437664.85
2026-04-20T08:00:00Z,84.7000,85.3700,84.5100,85.0000,2494045.31
2026-04-20T12:00:00Z,85.0100,85.8500,84.3500,85.8200,5571629.21
2026-04-20T16:00:00Z,85.8200,86.1900,85.2100,85.7500,3377435.62
2026-04-20T20:00:00Z,85.7500,86.1800,85.1700,85.2400,1919462.05
2026-04-21T00:00:00Z,85.2500,85.7900,84.9500,85.1400,1961318.95
2026-04-21T04:00:00Z,85.1300,85.9300,84.9700,85.6500,2368295.52
2026-04-21T08:00:00Z,85.6600,86.4700,85.4600,85.7900,2373738.30
2026-04-21T12:00:00Z,85.7900,86.8700,85.1200,86.0000,4868293.46
2026-04-21T16:00:00Z,86.0000,86.2400,84.2600,84.5300,4569660.19
2026-04-21T20:00:00Z,84.5200,86.1100,84.4000,86.0000,2546719.65
2026-04-22T00:00:00Z,86.0100,87.8600,85.9700,87.2100,4131981.91
2026-04-22T04:00:00Z,87.2200,88.3300,86.9300,88.0400,4445293.86
2026-04-22T08:00:00Z,88.0400,88.8800,87.5700,88.2900,3003423.61
2026-04-22T12:00:00Z,88.2900,89.2900,87.9800,88.1300,5351588.40
2026-04-22T16:00:00Z,88.1200,88.4200,87.0500,87.3400,3400879.94
2026-04-22T20:00:00Z,87.3400,87.6900,86.7500,86.8300,1567852.09
2026-04-23T00:00:00Z,86.8300,87.1100,85.4200,85.7200,3975017.23
2026-04-23T04:00:00Z,85.7300,86.1800,85.4500,85.8500,2589465.09
2026-04-23T08:00:00Z,85.8500,85.8900,85.1300,85.7600,2662434.79
2026-04-23T12:00:00Z,85.7600,86.6100,85.5000,86.3000,4370385.61
2026-04-23T16:00:00Z,86.3100,86.3800,84.4200,85.2400,5438047.19
2026-04-23T20:00:00Z,85.2300,86.2100,85.2200,86.0800,1839097.92
2026-04-24T00:00:00Z,86.0800,86.3200,85.3300,85.6300,1917022.00
2026-04-24T04:00:00Z,85.6400,85.7900,85.1000,85.4500,2342688.20
2026-04-24T08:00:00Z,85.4500,86.2400,84.7900,86.1400,3079436.27
2026-04-24T12:00:00Z,86.1400,86.7500,85.4600,86.4600,4173946.89
2026-04-24T16:00:00Z,86.4700,86.5600,85.8700,86.2900,1916355.06
2026-04-24T20:00:00Z,86.2800,86.9200,86.0200,86.1300,2001064.78
2026-04-25T00:00:00Z,86.1300,86.4500,85.9800,86.4200,717522.66
2026-04-25T04:00:00Z,86.4100,86.6300,86.0700,86.3100,1182500.76
2026-04-25T08:00:00Z,86.3100,86.7700,86.1900,86.3000,1449855.63
2026-04-25T12:00:00Z,86.3000,86.6300,86.0800,86.1700,1165618.57
2026-04-25T16:00:00Z,86.1800,86.2700,85.4800,85.6200,2022759.88
2026-04-25T20:00:00Z,85.6300,86.1300,85.5500,86.1300,860693.59
2026-04-26T00:00:00Z,86.1300,86.4400,85.7800,85.9400,1306989.58
2026-04-26T04:00:00Z,85.9400,86.7000,85.8900,86.5900,1771063.58
2026-04-26T08:00:00Z,86.5900,86.7300,86.3800,86.4600,896023.62
2026-04-26T12:00:00Z,86.4500,86.5400,85.8300,86.5000,2202797.03
2026-04-26T16:00:00Z,86.5000,87.4200,86.2200,86.8400,2280117.45
2026-04-26T20:00:00Z,86.8400,87.2900,86.0600,86.8700,2677304.36
2026-04-27T00:00:00Z,86.8800,88.0800,86.5000,87.6900,3859689.47
2026-04-27T04:00:00Z,87.6900,87.8100,85.2000,85.2100,5585929.09
2026-04-27T08:00:00Z,85.2100,85.5800,84.9400,85.1900,3205106.28
2026-04-27T12:00:00Z,85.1900,85.8100,83.5600,84.0900,6154267.82
2026-04-27T16:00:00Z,84.1000,84.6600,83.7600,84.1200,2786022.27
2026-04-27T20:00:00Z,84.1100,84.8800,84.0400,84.7800,1256006.55
2026-04-28T00:00:00Z,84.7800,84.8900,83.8500,84.1200,1689031.86
2026-04-28T04:00:00Z,84.1300,84.4200,83.5800,83.9600,2576582.39
2026-04-28T08:00:00Z,83.9600,84.1500,83.2100,83.3600,1785799.15
2026-04-28T12:00:00Z,83.3500,84.0400,82.9100,83.4300,3641220.07
2026-04-28T16:00:00Z,83.4200,83.9900,83.2700,83.8500,1804259.80
2026-04-28T20:00:00Z,83.8500,84.1500,83.5300,84.0200,1705013.30
2026-04-29T00:00:00Z,84.0200,84.7100,83.7500,84.5500,2339381.00
2026-04-29T04:00:00Z,84.5400,85.0400,84.3900,84.6600,2675402.67
2026-04-29T08:00:00Z,84.6700,85.5300,84.3000,84.8700,3623466.08
2026-04-29T12:00:00Z,84.8700,84.8700,82.9100,83.2000,5886939.49
2026-04-29T16:00:00Z,83.2000,83.5900,81.3100,82.1300,7155037.23
2026-04-29T20:00:00Z,82.1300,83.2000,82.0900,83.0100,2699689.92
2026-04-30T00:00:00Z,83.0200,83.9900,82.6400,83.0200,3249933.26
2026-04-30T04:00:00Z,83.0200,83.3600,82.1000,83.3200,2160348.07
2026-04-30T08:00:00Z,83.3100,83.5500,82.7500,82.9800,1834897.08
2026-04-30T12:00:00Z,82.9700,83.8000,82.6300,83.3000,3149571.46
2026-04-30T16:00:00Z,83.3000,83.4000,82.8200,82.9900,1505610.72
2026-04-30T20:00:00Z,82.9900,83.1600,82.7400,83.0400,762494.95
2026-05-01T00:00:00Z,83.0400,84.3700,83.0200,83.8500,2428538.65
2026-05-01T04:00:00Z,83.8500,84.2000,83.6200,83.9000,2221610.57
2026-05-01T08:00:00Z,83.9100,84.2800,83.6700,83.9800,1531444.87
2026-05-01T12:00:00Z,83.9700,84.8200,83.8100,84.4200,4247595.81
2026-05-01T16:00:00Z,84.4200,84.6000,83.7500,83.8600,2069694.26
2026-05-01T20:00:00Z,83.8500,83.9000,83.2800,83.7000,1638390.45
2026-05-02T00:00:00Z,83.7000,84.1600,83.3900,83.7600,1638101.39
2026-05-02T04:00:00Z,83.7600,83.8200,83.4800,83.6700,928565.43
2026-05-02T08:00:00Z,83.6800,84.1100,83.4700,83.6400,1225612.06
2026-05-02T12:00:00Z,83.6400,84.0500,83.6200,83.9900,1514428.38
2026-05-02T16:00:00Z,83.9900,84.2800,83.8900,84.1900,1005885.31
2026-05-02T20:00:00Z,84.1800,84.9600,84.0100,84.2300,2015421.96
2026-05-03T00:00:00Z,84.2300,84.2700,83.5300,83.6100,1791692.77
2026-05-03T04:00:00Z,83.6100,83.9700,83.5200,83.8200,1185320.05
2026-05-03T08:00:00Z,83.8300,84.1600,83.6800,83.9000,1442703.46
2026-05-03T12:00:00Z,83.9100,84.4100,83.9100,84.1200,1287085.00
2026-05-03T16:00:00Z,84.1100,84.4700,83.9500,84.3400,1000543.28
2026-05-03T20:00:00Z,84.3300,84.9500,83.8000,83.8700,2896654.10
2026-05-04T00:00:00Z,83.8600,85.6200,83.2900,85.3800,6981172.85
2026-05-04T04:00:00Z,85.3800,85.8800,84.4600,84.8400,4528941.22
2026-05-04T08:00:00Z,84.8400,85.1600,83.1800,83.9000,5510397.60
2026-05-04T12:00:00Z,83.9000,85.3000,83.5100,84.4500,5924771.54
2026-05-04T16:00:00Z,84.4500,85.1700,83.9300,84.4300,3369467.36
2026-05-04T20:00:00Z,84.4200,84.5200,83.9600,84.0500,1541991.89
2026-05-05T00:00:00Z,84.0500,84.9400,83.9800,84.7300,2072945.54
2026-05-05T04:00:00Z,84.7200,85.1000,84.5200,84.8300,2784292.52
2026-05-05T08:00:00Z,84.8300,84.9700,84.3900,84.9300,1729098.48
2026-05-05T12:00:00Z,84.9300,86.0800,84.8600,85.4700,6075885.79
2026-05-05T16:00:00Z,85.4600,86.5300,85.0100,86.4700,3363085.17
2026-05-05T20:00:00Z,86.4600,86.9600,86.1200,86.2400,3330539.61
2026-05-06T00:00:00Z,86.2400,87.4400,86.0600,87.2900,3215633.44
2026-05-06T04:00:00Z,87.2800,87.8700,86.6100,87.6500,3165034.62
2026-05-06T08:00:00Z,87.6600,90.1300,87.6000,89.8300,6329872.26
