timestamp,open,high,low,close,volume
2023-12-17T16:00:00+00:00,2222.74,2243.36,2211.27,2235.58,166205.27
2023-12-17T20:00:00+00:00,2235.58,2249.88,2190.54,2197.09,157763.04
2023-12-18T00:00:00+00:00,2197.09,2205.49,2161.62,2175.22,194685.4
2023-12-18T04:00:00+00:00,2175.22,2184.86,2164.76,2169.35,189644.96
2023-12-18T08:00:00+00:00,2169.35,2178.5,2115.93,2142.32,260352.52
2023-12-18T12:00:00+00:00,2142.32,2174.46,2127.37,2155.39,225726.36
2023-12-18T16:00:00+00:00,2155.39,2176.22,2149.61,2175,280285.54
2023-12-18T20:00:00+00:00,2175,2225.23,2167.31,2220.01,220384.89
2023-12-19T00:00:00+00:00,2220.01,2253.85,2212.2,2237.17,178711.76
2023-12-19T04:00:00+00:00,2237.17,2253.76,2231.89,2248.18,244973.03
2023-12-19T08:00:00+00:00,2248.18,2255.43,2235,2236.7,190452.5
2023-12-19T12:00:00+00:00,2236.7,2241.74,2179.41,2192.02,275754.75
2023-12-19T16:00:00+00:00,2192.02,2206.58,2135.65,2177.14,269039.18
2023-12-19T20:00:00+00:00,2177.14,2186.65,2165.49,2178.25,234031.65
2023-12-20T00:00:00+00:00,2178.25,2191.54,2170.53,2186.42,198414.43
2023-12-20T04:00:00+00:00,2186.42,2224.14,2183.79,2216.98,212204.13
2023-12-20T08:00:00+00:00,2216.98,2224.89,2205.24,2212.17,194816.56
2023-12-20T12:00:00+00:00,2212.17,2268.27,2203.59,2248.57,304890.4
2023-12-20T16:00:00+00:00,2248.57,2250.93,2193.73,2205.48,240868.78
2023-12-20T20:00:00+00:00,2205.48,2208.64,2156.49,2203,229314.93
2023-12-21T00:00:00+00:00,2203,2204.24,2184.5,2201.65,166667.69
2023-12-21T04:00:00+00:00,2201.65,2220.96,2193.09,2216.26,174494.36
2023-12-21T08:00:00+00:00,2216.26,2259,2205.08,2254.9,224966.14
2023-12-21T12:00:00+00:00,2254.9,2281.76,2201,2233.95,296183.86
2023-12-21T16:00:00+00:00,2233.95,2248,2219.6,2226.96,214722.62
2023-12-21T20:00:00+00:00,2226.96,2265.49,2218.68,2240.69,218420.4
2023-12-22T00:00:00+00:00,2240.69,2263.18,2232.41,2250.03,219346.72
2023-12-22T04:00:00+00:00,2250.03,2300.46,2246.42,2274.46,298060.26
2023-12-22T08:00:00+00:00,2274.46,2334.17,2269.63,2314.36,299919.15
2023-12-22T12:00:00+00:00,2314.36,2344.85,2291.58,2321.09,231426.32
2023-12-22T16:00:00+00:00,2321.09,2342.42,2306.72,2311.08,189661.92
2023-12-22T20:00:00+00:00,2311.08,2328.8,2303.72,2325.87,156968.11
2023-12-23T00:00:00+00:00,2325.87,2332.17,2265.92,2273.28,207344.23
2023-12-23T04:00:00+00:00,2273.28,2296.28,2265.38,2284.78,205907.67
2023-12-23T08:00:00+00:00,2284.78,2294.66,2281.84,2288.96,181920.98
2023-12-23T12:00:00+00:00,2288.96,2299.16,2285.03,2285.86,146282.93
2023-12-23T16:00:00+00:00,2285.86,2313.64,2283.54,2292.97,143220.96
2023-12-23T20:00:00+00:00,2292.97,2316.92,2286.02,2309.83,169917.43
2023-12-24T00:00:00+00:00,2309.83,2328,2294.8,2317.95,195910.45
2023-12-24T04:00:00+00:00,2317.95,2323,2274.49,2295.55,156662.26
2023-12-24T08:00:00+00:00,2295.55,2299.44,2273.87,2289.74,162937.36
2023-12-24T12:00:00+00:00,2289.74,2308.5,2284.94,2293.83,202268.81
2023-12-24T16:00:00+00:00,2293.83,2298.54,2282.6,2289.37,211248.63
2023-12-24T20:00:00+00:00,2289.37,2290.27,2241,2264.61,190048.74
2023-12-25T00:00:00+00:00,2264.61,2278.16,2253.18,2277.01,197729.25
2023-12-25T04:00:00+00:00,2277.01,2291.09,2275.92,2281.36,167474.56
2023-12-25T08:00:00+00:00,2281.36,2288.22,2265.4,2279.88,190236.92
2023-12-25T12:00:00+00:00,2279.88,2307.08,2274.65,2287.83,225311.03
2023-12-25T16:00:00+00:00,2287.83,2290.38,2270.16,2273.92,170961.88
2023-12-25T20:00:00+00:00,2273.92,2288.09,2257.5,2272.4,160253.3
2023-12-26T00:00:00+00:00,2272.4,2276.45,2264.7,2269.88,180715.76
2023-12-26T04:00:00+00:00,2269.88,2272.77,2219.11,2241.4,243175.11
2023-12-26T08:00:00+00:00,2241.4,2245.02,2216.66,2243.94,250346.88
2023-12-26T12:00:00+00:00,2243.94,2252.28,2225.7,2229.84,174616.58
2023-12-26T16:00:00+00:00,2229.84,2233.98,2179.34,2213.15,315206.8
2023-12-26T20:00:00+00:00,2213.15,2233.4,2210.21,2231.94,197689.52
2023-12-27T00:00:00+00:00,2231.94,2234.99,2213.04,2218.83,212353.77
2023-12-27T04:00:00+00:00,2218.83,2232.72,2218.06,2229.54,218373.63
2023-12-27T08:00:00+00:00,2229.54,2293.33,2227.81,2286.91,233039.56
2023-12-27T12:00:00+00:00,2286.91,2358.19,2276.78,2344.18,322579.13
2023-12-27T16:00:00+00:00,2344.18,2378.41,2335.56,2348.03,258271.14
2023-12-27T20:00:00+00:00,2348.03,2394,2345.91,2379.17,180043.76
2023-12-28T00:00:00+00:00,2379.17,2451,2377.22,2415.24,307502.4
2023-12-28T04:00:00+00:00,2415.24,2426.76,2367.37,2382.22,267909.21
2023-12-28T08:00:00+00:00,2382.22,2413.15,2374.16,2403.24,200572.29
2023-12-28T12:00:00+00:00,2403.24,2415.68,2345.79,2360.42,273400.22
2023-12-28T16:00:00+00:00,2360.42,2384.84,2349.69,2363.49,205165.82
2023-12-28T20:00:00+00:00,2363.49,2365.25,2335,2345.08,189303.32
2023-12-29T00:00:00+00:00,2345.08,2366.02,2311.7,2353.48,248718.62
2023-12-29T04:00:00+00:00,2353.48,2361.69,2331.76,2334.02,206820.86
2023-12-29T08:00:00+00:00,2334.02,2379.94,2332.35,2374.06,189260.5
2023-12-29T12:00:00+00:00,2374.06,2388,2317.7,2328.25,229635.35
2023-12-29T16:00:00+00:00,2328.25,2334.42,2287.2,2318.28,306237.77
2023-12-29T20:00:00+00:00,2318.28,2318.77,2255,2299.77,223449.12
2023-12-30T00:00:00+00:00,2299.77,2311.02,2287.97,2299.31,179329.31
2023-12-30T04:00:00+00:00,2299.31,2310,2294.73,2297,136051.32
2023-12-30T08:00:00+00:00,2297,2298.13,2268.5,2289.18,214748.86
2023-12-30T12:00:00+00:00,2289.18,2317.67,2283.24,2313.74,193057.66
2023-12-30T16:00:00+00:00,2313.74,2324.4,2296.57,2301.28,192770.76
2023-12-30T20:00:00+00:00,2301.28,2306.8,2276.22,2292.43,164608.29
2023-12-31T00:00:00+00:00,2292.43,2306.04,2278.61,2284.69,170215.45
2023-12-31T04:00:00+00:00,2284.69,2305.88,2280.3,2296.2,176067.19
2023-12-31T08:00:00+00:00,2296.2,2317.42,2290.86,2309.66,162509.82
2023-12-31T12:00:00+00:00,2309.66,2322.99,2290.6,2299.78,157734.67
2023-12-31T16:00:00+00:00,2299.78,2310.67,2292.06,2296.22,152388.98
2023-12-31T20:00:00+00:00,2296.22,2296.23,2257.53,2283.27,193365.04
2024-01-01T00:00:00+00:00,2283.27,2308.09,2271.7,2275.03,156615.7
2024-01-01T04:00:00+00:00,2275.03,2289,2266.01,2285.7,145614.69
2024-01-01T08:00:00+00:00,2285.7,2306.78,2281.32,2306.14,143059.72
2024-01-01T12:00:00+00:00,2306.14,2320,2296.36,2316,172281.07
2024-01-01T16:00:00+00:00,2316,2342.61,2308.08,2338.62,174359.85
2024-01-01T20:00:00+00:00,2338.62,2353.91,2324.69,2353.79,153182.18
2024-01-02T00:00:00+00:00,2353.79,2401.39,2348.85,2387,216388.89
2024-01-02T04:00:00+00:00,2387,2393,2375.18,2387.22,144935.78
2024-01-02T08:00:00+00:00,2387.22,2433.84,2380.96,2393.57,263637.1
2024-01-02T12:00:00+00:00,2393.57,2407.26,2352.89,2358.42,209255.69
2024-01-02T16:00:00+00:00,2358.42,2374.27,2351.63,2370.51,204672.49
2024-01-02T20:00:00+00:00,2370.51,2381.7,2341.23,2356.31,193574.22
2024-01-03T00:00:00+00:00,2356.31,2386,2348.23,2369.76,156237.7
2024-01-03T04:00:00+00:00,2369.76,2381.99,2357.1,2362.18,181850.72
2024-01-03T08:00:00+00:00,2362.18,2386.51,2290,2308.51,219041.72
2024-01-03T12:00:00+00:00,2308.51,2309.44,2052.67,2240.26,468080.7
2024-01-03T16:00:00+00:00,2240.26,2245.26,2187.27,2206.3,242113.15
2024-01-03T20:00:00+00:00,2206.3,2228,2195.86,2210.03,235398.57
2024-01-04T00:00:00+00:00,2210.03,2239.71,2201.31,2231.13,182445.07
2024-01-04T04:00:00+00:00,2231.13,2245.4,2221.47,2221.67,215818.22
2024-01-04T08:00:00+00:00,2221.67,2231.45,2205.26,2228.26,180571.5
2024-01-04T12:00:00+00:00,2228.26,2286.31,2222.78,2277.01,221663.89
2024-01-04T16:00:00+00:00,2277.01,2294.04,2259.19,2274.8,161829.61
2024-01-04T20:00:00+00:00,2274.8,2295.29,2261.33,2266.66,154581.63
2024-01-05T00:00:00+00:00,2266.66,2274.84,2211.48,2242.09,235899.45
2024-01-05T04:00:00+00:00,2242.09,2265.08,2233.72,2251.84,197286
2024-01-05T08:00:00+00:00,2251.84,2268.94,2232.56,2241.33,212687.74
2024-01-05T12:00:00+00:00,2241.33,2253.44,2217.57,2224.61,252349.77
2024-01-05T16:00:00+00:00,2224.61,2240.76,2205.33,2233.8,177662.69
2024-01-05T20:00:00+00:00,2233.8,2277.29,2233.22,2267.98,172202.84
2024-01-06T00:00:00+00:00,2267.98,2269.61,2249.52,2252.75,134722.35
2024-01-06T04:00:00+00:00,2252.75,2255.43,2216.01,2232.51,156181.94
2024-01-06T08:00:00+00:00,2232.51,2238.85,2228,2238.31,171677.32
2024-01-06T12:00:00+00:00,2238.31,2247.81,2227.39,2245.5,203047.03
2024-01-06T16:00:00+00:00,2245.5,2253.79,2235.98,2243.47,157329.75
2024-01-06T20:00:00+00:00,2243.47,2246.93,2229.34,2239.68,141382
2024-01-07T00:00:00+00:00,2239.68,2253.44,2234.39,2241.31,161661.08
2024-01-07T04:00:00+00:00,2241.31,2250.96,2240.3,2248.21,135991.39
2024-01-07T08:00:00+00:00,2248.21,2252.56,2229.4,2236.41,159748.55
2024-01-07T12:00:00+00:00,2236.41,2257.44,2220.67,2229.34,161832.02
2024-01-07T16:00:00+00:00,2229.34,2249,2219.41,2247.18,150032.48
2024-01-07T20:00:00+00:00,2247.18,2250.83,2202.89,2220.52,175958.42
2024-01-08T00:00:00+00:00,2220.52,2223.84,2165.01,2189.9,208914.66
2024-01-08T04:00:00+00:00,2189.9,2229.92,2186.62,2223.1,224437.93
2024-01-08T08:00:00+00:00,2223.1,2241.93,2203.37,2240.16,199364.65
2024-01-08T12:00:00+00:00,2240.16,2283.84,2239.35,2269.43,282049.31
2024-01-08T16:00:00+00:00,2269.43,2359.13,2258.74,2354.33,282260.13
2024-01-08T20:00:00+00:00,2354.33,2357.79,2325.18,2330.35,230167.22
2024-01-09T00:00:00+00:00,2330.35,2336.48,2288.61,2308.85,215320.9
2024-01-09T04:00:00+00:00,2308.85,2318,2296.31,2305.33,210048.58
2024-01-09T08:00:00+00:00,2305.33,2311,2284.89,2298.18,211852.96
2024-01-09T12:00:00+00:00,2298.18,2304.26,2222.43,2256.38,306577.44
2024-01-09T16:00:00+00:00,2256.38,2277.76,2243,2270.46,195289.57
2024-01-09T20:00:00+00:00,2270.46,2375.62,2246.45,2343.69,446426.89
2024-01-10T00:00:00+00:00,2343.69,2401.74,2339.36,2361.2,223369.87
2024-01-10T04:00:00+00:00,2361.2,2393,2357.05,2368.82,205298.37
2024-01-10T08:00:00+00:00,2368.82,2431.15,2362,2402.37,286689.6
2024-01-10T12:00:00+00:00,2402.37,2461.47,2342.18,2449.81,423701.65
2024-01-10T16:00:00+00:00,2449.81,2482.38,2400.79,2477.42,310171.26
2024-01-10T20:00:00+00:00,2477.42,2644.1,2409.76,2584.71,489138.93
2024-01-11T00:00:00+00:00,2584.71,2614.54,2565.04,2612.84,231723.65
2024-01-11T04:00:00+00:00,2612.84,2629.4,2572.77,2589.08,247498.78
2024-01-11T08:00:00+00:00,2589.08,2665.34,2586.01,2657.22,262982.31
2024-01-11T12:00:00+00:00,2657.22,2690.44,2596.62,2614.01,381996.22
2024-01-11T16:00:00+00:00,2614.01,2625.79,2570.21,2622.3,304438.33
2024-01-11T20:00:00+00:00,2622.3,2633.01,2587.51,2618.01,222991.2
2024-01-12T00:00:00+00:00,2618.01,2624.07,2580.43,2589.79,148314.48
2024-01-12T04:00:00+00:00,2589.79,2625.96,2585.12,2596.57,258580.93
2024-01-12T08:00:00+00:00,2596.57,2668.75,2584.36,2647.6,241653.06
2024-01-12T12:00:00+00:00,2647.6,2718.62,2633.56,2648.36,344057.55
2024-01-12T16:00:00+00:00,2648.36,2689.96,2557.76,2585.01,312840.41
2024-01-12T20:00:00+00:00,2585.01,2599.57,2458.2,2522.4,291555.83
2024-01-13T00:00:00+00:00,2522.4,2556.63,2496.9,2548.11,221515.97
2024-01-13T04:00:00+00:00,2548.11,2560.72,2539.13,2549.82,200996.6
2024-01-13T08:00:00+00:00,2549.82,2560.04,2520.61,2542.95,170223.82
2024-01-13T12:00:00+00:00,2542.95,2566.19,2531.21,2563.31,172899.95
2024-01-13T16:00:00+00:00,2563.31,2579.78,2548.92,2571.46,175130.04
2024-01-13T20:00:00+00:00,2571.46,2589.99,2562.35,2577.76,162390.7
2024-01-14T00:00:00+00:00,2577.76,2578.17,2550.26,2551.02,130184.69
2024-01-14T04:00:00+00:00,2551.02,2556.5,2542.71,2551.14,144766.78
2024-01-14T08:00:00+00:00,2551.14,2554,2534.51,2537.41,127868.35
2024-01-14T12:00:00+00:00,2537.41,2546.55,2524,2537.67,165608.51
2024-01-14T16:00:00+00:00,2537.67,2544,2499.33,2501.36,162520.01
2024-01-14T20:00:00+00:00,2501.36,2532.39,2469.55,2473.46,223555.8
2024-01-15T00:00:00+00:00,2473.46,2514.37,2471.41,2504.01,183302.43
2024-01-15T04:00:00+00:00,2504.01,2521.37,2503.5,2513.69,174068.23
2024-01-15T08:00:00+00:00,2513.69,2542.91,2507.04,2538.79,187837.26
2024-01-15T12:00:00+00:00,2538.79,2548.89,2505.12,2514.37,159447.63
2024-01-15T16:00:00+00:00,2514.37,2553.65,2513.71,2534.39,195644.23
2024-01-15T20:00:00+00:00,2534.39,2539.36,2498.59,2511.28,190566.29
2024-01-16T00:00:00+00:00,2511.28,2538.23,2504.52,2537.47,168914.07
2024-01-16T04:00:00+00:00,2537.47,2542.11,2522.04,2527.98,161870.78
2024-01-16T08:00:00+00:00,2527.98,2548.9,2521.19,2530.42,148328.91
2024-01-16T12:00:00+00:00,2530.42,2570.97,2499.51,2559.19,183639.07
2024-01-16T16:00:00+00:00,2559.19,2578.95,2548.07,2573.67,151076.76
2024-01-16T20:00:00+00:00,2573.67,2613.09,2570.58,2586.84,174611.74
2024-01-17T00:00:00+00:00,2586.84,2592.01,2570.66,2570.88,203836.55
2024-01-17T04:00:00+00:00,2570.88,2575.1,2551.32,2552.09,177484.3
2024-01-17T08:00:00+00:00,2552.09,2553.27,2534.62,2542.48,218509.74
2024-01-17T12:00:00+00:00,2542.48,2574.56,2531.71,2539.05,273630.23
2024-01-17T16:00:00+00:00,2539.05,2545.32,2516.58,2532.99,169004.18
2024-01-17T20:00:00+00:00,2532.99,2544.47,2505.01,2530.3,196914.07
2024-01-18T00:00:00+00:00,2530.3,2533.35,2509.24,2529.5,167779.44
2024-01-18T04:00:00+00:00,2529.5,2539.28,2524.57,2537.71,180996.98
2024-01-18T08:00:00+00:00,2537.71,2549,2514.11,2521.96,207742.06
2024-01-18T12:00:00+00:00,2521.96,2535,2502.82,2525.22,186511.47
2024-01-18T16:00:00+00:00,2525.22,2525.6,2427.32,2439.53,228589.81
2024-01-18T20:00:00+00:00,2439.53,2471.92,2428.44,2470.14,215657.05
2024-01-19T00:00:00+00:00,2470.14,2474.12,2442.33,2460.08,141714.2
2024-01-19T04:00:00+00:00,2460.08,2474,2456,2464.32,133280.07
2024-01-19T08:00:00+00:00,2464.32,2494,2459.59,2487.94,156660.34
2024-01-19T12:00:00+00:00,2487.94,2500.11,2459.88,2463.09,187645.88
2024-01-19T16:00:00+00:00,2463.09,2504.66,2415.05,2492.69,227257.35
2024-01-19T20:00:00+00:00,2492.69,2503.82,2479.65,2491.74,155424.5
2024-01-20T04:00:00+00:00,2481.11,2485.87,2474.55,2477.8,147280.77
2024-01-20T08:00:00+00:00,2477.8,2479.86,2462.61,2470.43,141883.78
2024-01-20T12:00:00+00:00,2470.43,2476.08,2457.39,2463.25,142194.05
2024-01-20T16:00:00+00:00,2463.25,2467.39,2453.26,2460.96,121830.76
2024-01-20T20:00:00+00:00,2460.96,2473.99,2459.23,2471.66,105829.19
2024-01-21T00:00:00+00:00,2471.66,2480.54,2464.31,2474.66,98188.15
2024-01-21T04:00:00+00:00,2474.66,2475.49,2466,2474.76,131902.16
2024-01-21T08:00:00+00:00,2474.76,2481.69,2471.37,2473.38,122117.21
2024-01-21T12:00:00+00:00,2473.38,2480.39,2462.84,2467.51,141280.66
2024-01-21T16:00:00+00:00,2467.51,2477.87,2463.12,2473.8,103214.62
2024-01-21T20:00:00+00:00,2473.8,2474.96,2451,2456.4,136273.58
2024-01-22T00:00:00+00:00,2456.4,2465.72,2422.93,2437.04,159498.67
2024-01-22T04:00:00+00:00,2437.04,2438.17,2400.84,2420.17,186634.08
2024-01-22T08:00:00+00:00,2420.17,2420.17,2360.88,2381.26,217986.86
2024-01-22T12:00:00+00:00,2381.26,2404.78,2352.46,2378.65,204931.63
2024-01-22T16:00:00+00:00,2378.65,2385.04,2303.53,2321.27,200877.85
2024-01-22T20:00:00+00:00,2321.27,2350.45,2301.8,2313.77,253986.82
2024-01-23T00:00:00+00:00,2313.77,2342.42,2312.43,2338.55,158474.11
2024-01-23T04:00:00+00:00,2338.55,2350.44,2315.24,2323.43,176800.5
2024-01-23T08:00:00+00:00,2323.43,2326.66,2202.03,2217.48,307146.28
2024-01-23T12:00:00+00:00,2217.48,2232.38,2166.76,2218.94,247844.62
2024-01-23T16:00:00+00:00,2218.94,2230.7,2179.82,2184.46,179497.57
2024-01-23T20:00:00+00:00,2184.46,2246.64,2181.58,2241.33,223059.73
2024-01-24T00:00:00+00:00,2241.33,2254.89,2211.33,2212.66,211894.41
2024-01-24T04:00:00+00:00,2212.66,2244.35,2212.07,2232.71,217289.16
2024-01-24T08:00:00+00:00,2232.71,2263.71,2227.62,2243.03,206065.27
2024-01-24T12:00:00+00:00,2243.03,2247.06,2216.76,2234,205979.9
2024-01-24T16:00:00+00:00,2234,2244.07,2201.48,2212.13,193259.32
2024-01-24T20:00:00+00:00,2212.13,2239.3,2194.68,2233.88,166743.2
2024-01-25T00:00:00+00:00,2233.88,2238.65,2204.35,2215.6,183871.59
2024-01-25T04:00:00+00:00,2215.6,2227.16,2201.91,2227.01,159659.85
2024-01-25T08:00:00+00:00,2227.01,2242.34,2215.46,2230.82,171227.92
2024-01-25T12:00:00+00:00,2230.82,2233.36,2180.5,2186.83,186992.49
2024-01-25T16:00:00+00:00,2186.83,2224.13,2168.92,2217.22,143546.64
2024-01-25T20:00:00+00:00,2217.22,2230,2210.61,2217.31,164436.61
2024-01-26T00:00:00+00:00,2217.31,2236.95,2209.74,2222.33,133059.05
2024-01-26T04:00:00+00:00,2222.33,2228.33,2194.38,2196.39,132256.3
2024-01-26T08:00:00+00:00,2196.39,2259.35,2194.87,2252.56,219642.33
2024-01-26T12:00:00+00:00,2252.56,2264,2232.87,2256.24,199489.89
2024-01-26T16:00:00+00:00,2256.24,2281.09,2249.26,2256.67,172321.03
2024-01-26T20:00:00+00:00,2256.67,2270.66,2250.66,2266.53,143429.87
2024-01-27T00:00:00+00:00,2266.53,2282.21,2263.97,2273.07,136814.22
2024-01-27T04:00:00+00:00,2273.07,2275.59,2251.7,2257.41,153524.42
2024-01-27T08:00:00+00:00,2257.41,2270.26,2249.61,2264.87,173124.62
2024-01-27T12:00:00+00:00,2264.87,2273.69,2260.68,2268.69,121370.51
2024-01-27T16:00:00+00:00,2268.69,2276.41,2259.87,2271.12,146743.97
2024-01-27T20:00:00+00:00,2271.12,2274.13,2259.36,2266.31,153791.9
2024-01-28T00:00:00+00:00,2266.31,2287.89,2261.19,2285.17,109902.37
2024-01-28T04:00:00+00:00,2285.17,2306.87,2280.04,2281.03,154758.54
2024-01-28T08:00:00+00:00,2281.03,2300.46,2275,2279.64,173836.42
2024-01-28T12:00:00+00:00,2279.64,2284.65,2260.18,2268.38,156199.6
2024-01-28T16:00:00+00:00,2268.38,2274.76,2245.24,2252.37,138435.82
2024-01-28T20:00:00+00:00,2252.37,2264.94,2237.55,2255.45,190026.65
2024-01-29T00:00:00+00:00,2255.45,2276.8,2248.78,2270.17,147392.91
2024-01-29T04:00:00+00:00,2270.17,2272.74,2256.43,2257.69,141926.37
2024-01-29T08:00:00+00:00,2257.69,2276.24,2252.51,2263.33,126197.69
2024-01-29T12:00:00+00:00,2263.33,2274.63,2231.33,2274.44,168392.99
2024-01-29T16:00:00+00:00,2274.44,2313.98,2263.85,2291.95,177768.58
2024-01-29T20:00:00+00:00,2291.95,2321.4,2290.61,2316.49,168265.51
2024-01-30T00:00:00+00:00,2316.49,2326.72,2302.17,2309.6,154072.57
2024-01-30T04:00:00+00:00,2309.6,2313.06,2299,2307.46,157955.35
2024-01-30T08:00:00+00:00,2307.46,2316,2300.69,2312.54,144822.04
2024-01-30T12:00:00+00:00,2312.54,2346.64,2295.01,2339.59,209023.24
2024-01-30T16:00:00+00:00,2339.59,2380.16,2334.46,2373.57,236238.99
2024-01-30T20:00:00+00:00,2373.57,2391.13,2335.31,2341.43,195015.82
2024-01-31T00:00:00+00:00,2341.43,2350.31,2325.52,2341.49,177967.54
2024-01-31T04:00:00+00:00,2341.49,2343.42,2328.35,2339.81,137601.5
2024-01-31T08:00:00+00:00,2339.81,2341.74,2278.54,2298.3,247751.64
2024-01-31T12:00:00+00:00,2298.3,2332.41,2289.65,2327.82,209587.64
2024-01-31T16:00:00+00:00,2327.82,2348.77,2308,2321.18,205778.85
2024-01-31T20:00:00+00:00,2321.18,2323.05,2261.38,2281.18,196634.77
2024-02-01T00:00:00+00:00,2281.18,2288.41,2237,2255.92,188602.47
2024-02-01T04:00:00+00:00,2255.92,2276.21,2250.34,2270.11,125008.75
2024-02-01T08:00:00+00:00,2270.11,2276.88,2263.45,2265.43,156597.69
2024-02-01T12:00:00+00:00,2265.43,2307.29,2261.36,2287.35,178981.86
2024-02-01T16:00:00+00:00,2287.35,2310.78,2267.08,2303.6,198264.62
2024-02-01T20:00:00+00:00,2303.6,2308.79,2285,2302.76,154694.91
2024-02-02T00:00:00+00:00,2302.76,2319.42,2296.77,2299.73,167064.2
2024-02-02T04:00:00+00:00,2299.73,2318.06,2294.97,2311.98,143704.64
2024-02-02T08:00:00+00:00,2311.98,2317.95,2303.3,2316.65,133128.06
2024-02-02T12:00:00+00:00,2316.65,2323.82,2280.57,2312.51,189697.43
2024-02-02T16:00:00+00:00,2312.51,2322.66,2284.49,2300.08,158046.82
2024-02-02T20:00:00+00:00,2300.08,2308.99,2293.35,2307.43,140853.3
2024-02-03T00:00:00+00:00,2307.43,2329.45,2304.92,2320,161803.25
2024-02-03T04:00:00+00:00,2320,2323.91,2311.39,2312.87,175729.19
2024-02-03T08:00:00+00:00,2312.87,2315.08,2298.09,2301.91,183964.51
2024-02-03T12:00:00+00:00,2301.91,2308.55,2290.57,2302.26,179639.65
2024-02-03T16:00:00+00:00,2302.26,2312.12,2295,2301.88,140048.96
2024-02-03T20:00:00+00:00,2301.88,2304.32,2291.7,2294.84,110008.3
2024-02-04T00:00:00+00:00,2294.84,2305.15,2289.18,2301.5,151396.5
2024-02-04T04:00:00+00:00,2301.5,2302.66,2285,2289.09,142012.64
2024-02-04T08:00:00+00:00,2289.09,2308.96,2285,2304.48,125988.17
2024-02-04T12:00:00+00:00,2304.48,2308.21,2295.39,2300.06,186975.79
2024-02-04T16:00:00+00:00,2300.06,2307.38,2264.36,2278.26,119343.82
2024-02-04T20:00:00+00:00,2278.26,2310.34,2271.93,2288.1,158170.88
2024-02-05T00:00:00+00:00,2288.1,2296.61,2267.01,2294.8,140086.16
2024-02-05T04:00:00+00:00,2294.8,2311.4,2287.72,2309.29,180610.24
2024-02-05T08:00:00+00:00,2309.29,2331.99,2309.29,2327.99,175501.35
2024-02-05T12:00:00+00:00,2327.99,2337.42,2292.19,2296.39,199944.51
2024-02-05T16:00:00+00:00,2296.39,2311.47,2288.45,2302.53,163117.04
2024-02-05T20:00:00+00:00,2302.53,2304.46,2281.57,2300.02,170103.73
2024-02-06T00:00:00+00:00,2300.02,2328.62,2296.92,2315.25,155691.11
2024-02-06T04:00:00+00:00,2315.25,2326.26,2306.42,2325.22,144523.86
2024-02-06T08:00:00+00:00,2325.22,2343.05,2315.18,2323.89,185460.81
2024-02-06T12:00:00+00:00,2323.89,2348.71,2310.37,2342.1,199533.53
2024-02-06T16:00:00+00:00,2342.1,2378.35,2339.34,2377.57,197533.76
2024-02-06T20:00:00+00:00,2377.57,2390.99,2369.84,2370.91,167003.24
2024-02-07T00:00:00+00:00,2370.91,2389.26,2361.33,2362.96,169877.09
2024-02-07T04:00:00+00:00,2362.96,2367.59,2355.09,2361.28,166016.67
2024-02-07T08:00:00+00:00,2361.28,2376.43,2351.72,2360.21,164088.7
2024-02-07T12:00:00+00:00,2360.21,2384.3,2359.24,2367.64,157321.15
2024-02-07T16:00:00+00:00,2367.64,2424.31,2366.69,2417.95,187407.02
2024-02-07T20:00:00+00:00,2417.95,2444.4,2417.95,2423.56,165548.02
2024-02-08T00:00:00+00:00,2423.56,2442.77,2422,2431.83,198482.01
2024-02-08T04:00:00+00:00,2431.83,2433.62,2409.83,2419.65,196965.92
2024-02-08T08:00:00+00:00,2419.65,2427.81,2414.14,2423.59,164750.98
2024-02-08T12:00:00+00:00,2423.59,2462.53,2414.89,2451.86,197966.73
2024-02-08T16:00:00+00:00,2451.86,2453.89,2411.14,2419.79,166535.69
2024-02-08T20:00:00+00:00,2419.79,2432.7,2416.21,2418.15,116532.18
2024-02-09T00:00:00+00:00,2418.15,2465.01,2417.46,2447.12,176385.36
2024-02-09T04:00:00+00:00,2447.12,2461.99,2438.09,2451.99,181094.24
2024-02-09T08:00:00+00:00,2451.99,2506.25,2451.58,2501.38,178929.24
2024-02-09T12:00:00+00:00,2501.38,2525,2475.11,2493.4,215304.17
2024-02-09T16:00:00+00:00,2493.4,2522.22,2476.5,2484.04,200155.63
2024-02-09T20:00:00+00:00,2484.04,2505.22,2482.06,2484.89,138795.86
2024-02-10T00:00:00+00:00,2484.89,2513.44,2480.92,2510.27,156768.37
2024-02-10T04:00:00+00:00,2510.27,2514.62,2492.35,2493.16,166917.02
2024-02-10T08:00:00+00:00,2493.16,2497.65,2469.7,2481.77,172736.75
2024-02-10T12:00:00+00:00,2481.77,2495.51,2479.12,2489.01,128497.37
2024-02-10T16:00:00+00:00,2489.01,2496.34,2481.47,2496.3,122544.36
2024-02-10T20:00:00+00:00,2496.3,2515.3,2490.26,2498.88,118545.32
2024-02-11T00:00:00+00:00,2498.88,2528.41,2492.26,2528.41,151886.55
2024-02-11T04:00:00+00:00,2528.41,2536.83,2513.1,2526,121278.23
2024-02-11T08:00:00+00:00,2526,2538.94,2510.39,2529.62,128220.57
2024-02-11T12:00:00+00:00,2529.62,2530.87,2503.02,2506.75,152992.22
2024-02-11T16:00:00+00:00,2506.75,2519.01,2494.43,2505.86,153129.99
2024-02-11T20:00:00+00:00,2505.86,2512.8,2491.27,2505.71,148783
2024-02-12T00:00:00+00:00,2505.71,2524.08,2491.4,2498.25,151203.97
2024-02-12T04:00:00+00:00,2498.25,2503.39,2478.52,2500.01,164372.57
2024-02-12T08:00:00+00:00,2500.01,2504.02,2469.86,2486.56,172058.16
2024-02-12T12:00:00+00:00,2486.56,2563.19,2479.42,2557.5,218174.52
2024-02-12T16:00:00+00:00,2557.5,2639.35,2535,2610.05,264501.08
2024-02-12T20:00:00+00:00,2610.05,2666.48,2610.05,2659.89,200995.68
2024-02-13T00:00:00+00:00,2659.89,2687.58,2636.75,2641.48,163725.58
2024-02-13T04:00:00+00:00,2641.48,2655.1,2639.07,2649.31,161033.8
2024-02-13T08:00:00+00:00,2649.31,2686.97,2647.28,2682.3,195305.96
2024-02-13T12:00:00+00:00,2682.3,2687.26,2588.48,2631.79,300629.67
2024-02-13T16:00:00+00:00,2631.79,2641.16,2592.58,2611.52,206033.32
2024-02-13T20:00:00+00:00,2611.52,2649.29,2610.74,2639.98,135033.22
2024-02-14T00:00:00+00:00,2639.98,2644.41,2618.18,2637.4,141158.24
2024-02-14T04:00:00+00:00,2637.4,2655.44,2620.57,2652.8,114820.03
2024-02-14T08:00:00+00:00,2652.8,2762.25,2647.79,2757.3,221895.81
2024-02-14T12:00:00+00:00,2757.3,2773.56,2730.7,2749.92,226336.72
2024-02-14T16:00:00+00:00,2749.92,2766.99,2727.51,2762.25,195506.56
2024-02-14T20:00:00+00:00,2762.25,2787.99,2755.34,2775.47,194719.19
2024-02-15T00:00:00+00:00,2775.47,2827.99,2771.65,2802.24,155922.17
2024-02-15T04:00:00+00:00,2802.24,2803,2759.06,2773.17,164313.79
2024-02-15T08:00:00+00:00,2773.17,2803,2769.05,2794.01,173751.77
2024-02-15T12:00:00+00:00,2794.01,2870.02,2776,2827.3,240031.89
2024-02-15T16:00:00+00:00,2827.3,2842.49,2803.46,2835.23,181071.8
2024-02-15T20:00:00+00:00,2835.23,2847.36,2786.4,2823.54,195716.06
2024-02-16T00:00:00+00:00,2823.54,2858.83,2821,2847.03,154133.19
2024-02-16T04:00:00+00:00,2847.03,2853.77,2812.7,2816.32,160514.3
2024-02-16T08:00:00+00:00,2816.32,2836.53,2794.71,2824.54,180918.68
2024-02-16T12:00:00+00:00,2824.54,2848.46,2736.06,2777.18,216042.8
2024-02-16T16:00:00+00:00,2777.18,2808.31,2756.78,2763.32,153052.4
2024-02-16T20:00:00+00:00,2763.32,2811.24,2758.42,2802.51,149078.39
2024-02-17T00:00:00+00:00,2802.51,2805.32,2777.82,2793.89,151009.62
2024-02-17T04:00:00+00:00,2793.89,2799.12,2779.33,2796.08,120193.11
2024-02-17T08:00:00+00:00,2796.08,2796.08,2765.5,2782.03,121609.44
2024-02-17T12:00:00+00:00,2782.03,2788.76,2717.64,2755.65,181452.78
2024-02-17T16:00:00+00:00,2755.65,2778.09,2743.76,2775.21,181548.48
2024-02-17T20:00:00+00:00,2775.21,2803.2,2772.34,2786.73,114865.56
2024-02-18T00:00:00+00:00,2786.73,2798.5,2764.05,2782.96,131940.24
2024-02-18T04:00:00+00:00,2782.96,2808.18,2779.53,2801.71,170793.02
2024-02-18T08:00:00+00:00,2801.71,2823.98,2797.24,2804.27,155103.4
2024-02-18T12:00:00+00:00,2804.27,2813.98,2785.81,2807.91,103840.16
2024-02-18T16:00:00+00:00,2807.91,2846.07,2794.12,2828.08,141146.38
2024-02-18T20:00:00+00:00,2828.08,2898.26,2816.67,2882.41,149889.59
2024-02-19T00:00:00+00:00,2882.41,2895,2857.33,2888,143139.9
2024-02-19T04:00:00+00:00,2888,2932.76,2881.45,2926.93,193544.09
2024-02-19T08:00:00+00:00,2926.93,2928.65,2893,2913.74,129547.07
2024-02-19T12:00:00+00:00,2913.74,2921.47,2887.32,2909.34,161828.72
2024-02-19T16:00:00+00:00,2909.34,2955.99,2888.09,2934.56,209355.65
2024-02-19T20:00:00+00:00,2934.56,2987.38,2927.51,2946.04,149608.17
2024-02-20T00:00:00+00:00,2946.04,2957.27,2904.07,2908.16,167319.26
2024-02-20T04:00:00+00:00,2908.16,2936.61,2904.25,2922.58,135202
2024-02-20T08:00:00+00:00,2922.58,2943.17,2872.71,2936.39,174637.78
2024-02-20T12:00:00+00:00,2936.39,3008.87,2900.79,2925.01,266632.95
2024-02-20T16:00:00+00:00,2925.01,2988.74,2886.17,2987.17,218795.38
2024-02-20T20:00:00+00:00,2987.17,3035.81,2966.78,3015.91,172517.58
2024-02-21T00:00:00+00:00,3015.91,3018.8,2989.24,3007.04,153047.37
2024-02-21T04:00:00+00:00,3007.04,3011.51,2920.47,2939.93,209205.9
2024-02-21T08:00:00+00:00,2939.93,2956.29,2886.45,2899.27,218117.59
2024-02-21T12:00:00+00:00,2899.27,2928.67,2867.11,2914.54,236379.26
2024-02-21T16:00:00+00:00,2914.54,2938,2885.18,2913.13,130265.7
2024-02-21T20:00:00+00:00,2913.13,2980.69,2897.35,2968.67,186435.28
2024-02-22T00:00:00+00:00,2968.67,2969,2906.52,2935.24,190705.66
2024-02-22T04:00:00+00:00,2935.24,2998.85,2920.63,2994.86,209428.01
2024-02-22T08:00:00+00:00,2994.86,3034.95,2971.25,2991.4,230883.27
2024-02-22T16:00:00+00:00,2987.27,3004.14,2962.01,2989.13,169588.24
2024-02-22T20:00:00+00:00,2989.13,3041.02,2968.95,2971.75,201498.19
2024-02-23T00:00:00+00:00,2971.75,2994.65,2933.04,2955.53,163000.41
2024-02-23T04:00:00+00:00,2955.53,2968.79,2922.59,2933.86,134272.23
2024-02-23T08:00:00+00:00,2933.86,2948.75,2912.68,2944.16,170360.53
2024-02-23T12:00:00+00:00,2944.16,2963.36,2912.05,2915.51,154125.88
2024-02-23T16:00:00+00:00,2915.51,2951.81,2905.8,2946.03,148186.15
2024-02-23T20:00:00+00:00,2946.03,2954.07,2905.7,2921.98,158474.49
2024-02-24T00:00:00+00:00,2921.98,2937.14,2906.15,2931.52,150807.03
2024-02-24T04:00:00+00:00,2931.52,2965.99,2929.88,2963.32,136526.97
2024-02-24T08:00:00+00:00,2963.32,2967.31,2947.36,2962,160508.92
2024-02-24T12:00:00+00:00,2962,2969.66,2953.56,2955.22,152137.76
2024-02-24T16:00:00+00:00,2955.22,3007.47,2955.22,2987.77,144105.16
2024-02-24T20:00:00+00:00,2987.77,2996.47,2979.56,2993.32,112749.32
2024-02-25T00:00:00+00:00,2993.32,3053,2984.17,3025.67,158959.19
2024-02-25T04:00:00+00:00,3025.67,3049.94,3013.22,3031.66,140183.44
2024-02-25T08:00:00+00:00,3031.66,3042.52,3011.14,3041.78,145992.78
2024-02-25T12:00:00+00:00,3041.78,3076.77,3027.01,3044.76,191119.12
2024-02-25T16:00:00+00:00,3044.76,3090.9,3027.65,3083.48,163634.88
2024-02-25T20:00:00+00:00,3083.48,3130,3083.23,3114.29,183676.72
2024-02-26T00:00:00+00:00,3114.29,3138.43,3086.16,3108.9,173375.34
2024-02-26T04:00:00+00:00,3108.9,3117.52,3087,3089.02,147230.63
2024-02-26T08:00:00+00:00,3089.02,3104.4,3038,3058.49,172176.35
2024-02-26T12:00:00+00:00,3058.49,3148.9,3038.49,3147.26,197773.31
2024-02-26T16:00:00+00:00,3147.26,3185.99,3128.55,3180.92,209784.16
2024-02-26T20:00:00+00:00,3180.92,3197.86,3166.12,3177.23,214951.9
2024-02-27T00:00:00+00:00,3177.23,3289.92,3167.06,3219.22,252979.23
2024-02-27T04:00:00+00:00,3219.22,3238.44,3203.45,3217.97,205983.54
2024-02-27T08:00:00+00:00,3217.97,3271.55,3216.55,3257.35,190719.97
2024-02-27T12:00:00+00:00,3257.35,3291.61,3220.11,3230.28,232521.67
2024-02-27T16:00:00+00:00,3230.28,3262.32,3203.88,3252.07,162311.43
2024-02-27T20:00:00+00:00,3252.07,3271.76,3234.05,3242.81,154960.24
2024-02-28T00:00:00+00:00,3242.81,3260.35,3231.65,3249.62,139366.47
2024-02-28T04:00:00+00:00,3249.62,3308.94,3245.15,3305.26,155403.58
2024-02-28T08:00:00+00:00,3305.26,3372.85,3278,3297.87,273695.72
2024-02-28T12:00:00+00:00,3297.87,3380.16,3288.52,3349.86,205742.18
2024-02-28T16:00:00+00:00,3349.86,3498.31,3176.2,3301.23,532185.17
2024-02-28T20:00:00+00:00,3301.23,3386.64,3253.19,3385.87,201553.68
2024-02-29T00:00:00+00:00,3385.87,3473.42,3376.89,3410.05,194404.24
2024-02-29T04:00:00+00:00,3410.05,3497.56,3400.16,3470.73,189783.88
2024-02-29T08:00:00+00:00,3470.73,3529.97,3444.48,3518.83,480450.26
2024-02-29T12:00:00+00:00,3518.83,3523.11,3445.87,3469.75,486340.76
2024-02-29T16:00:00+00:00,3469.75,3472.77,3351.71,3407.08,428275.54
2024-02-29T20:00:00+00:00,3407.08,3418.78,3299.39,3341.72,327701.7
2024-03-01T00:00:00+00:00,3341.72,3390.38,3339.88,3369.46,247910.05
2024-03-01T04:00:00+00:00,3369.46,3400.6,3365.64,3366.53,240646.79
2024-03-01T08:00:00+00:00,3366.53,3440.15,3355,3413.59,253160.57
2024-03-01T12:00:00+00:00,3413.59,3453,3381,3392.78,259365.25
2024-03-01T16:00:00+00:00,3392.78,3438.62,3381.92,3430.12,212789.45
2024-03-01T20:00:00+00:00,3430.12,3452.2,3423.01,3434.08,233150.71
2024-03-02T00:00:00+00:00,3434.08,3463.67,3427,3444,266054.7
2024-03-02T04:00:00+00:00,3444,3452.66,3392.69,3432.5,255387.34
2024-03-02T08:00:00+00:00,3432.5,3438.8,3395.39,3406.71,270076.56
2024-03-02T12:00:00+00:00,3406.71,3430.72,3396,3420.51,278063.36
2024-03-02T16:00:00+00:00,3420.51,3434.76,3411.99,3428.73,248878.37
2024-03-02T20:00:00+00:00,3428.73,3433.87,3403.72,3423.46,164502.17
2024-03-03T00:00:00+00:00,3423.46,3436.43,3410.99,3433.62,153179.04
2024-03-03T04:00:00+00:00,3433.62,3449.09,3358.92,3393.53,280138.32
2024-03-03T08:00:00+00:00,3393.53,3416.72,3376.72,3415.1,206900.64
2024-03-03T12:00:00+00:00,3415.1,3451.81,3405.58,3423.47,294180.4
2024-03-03T16:00:00+00:00,3423.47,3487.85,3420.09,3466.58,313876.31
2024-03-03T20:00:00+00:00,3466.58,3494.61,3460.1,3490.53,220349.01
2024-03-04T00:00:00+00:00,3490.53,3535.91,3427.42,3473.84,364523.09
2024-03-04T04:00:00+00:00,3473.84,3489.43,3456.54,3479.14,290173.8
2024-03-04T08:00:00+00:00,3479.14,3548.79,3479.14,3509.13,296412.79
2024-03-04T12:00:00+00:00,3509.13,3574.71,3460.5,3561.76,320541.66
2024-03-04T16:00:00+00:00,3561.76,3614.56,3530.16,3596.1,328087.76
2024-03-04T20:00:00+00:00,3596.1,3643.47,3559.51,3627.25,316125.49
2024-03-05T00:00:00+00:00,3627.25,3702.46,3608.73,3694.57,252493.16
2024-03-05T04:00:00+00:00,3694.57,3749.9,3647,3676.7,385696.53
2024-03-05T08:00:00+00:00,3676.7,3748.6,3655.19,3736.84,307375.65
2024-03-05T12:00:00+00:00,3736.84,3826.51,3736.11,3785.24,377533.75
2024-03-05T16:00:00+00:00,3785.24,3799.19,3185.25,3375.83,775787.96
2024-03-05T20:00:00+00:00,3375.83,3581.58,3325.22,3556.49,611050.37
2024-03-06T00:00:00+00:00,3556.49,3592.71,3500.18,3539.33,370020.69
2024-03-06T04:00:00+00:00,3539.33,3792.17,3537.54,3788.18,410631.36
2024-03-06T08:00:00+00:00,3788.18,3900.53,3780.69,3882.11,398760.48
2024-03-06T12:00:00+00:00,3882.11,3905.33,3724.05,3792.03,429490.31
2024-03-06T16:00:00+00:00,3792.03,3883.51,3765.85,3854.31,238266.33
2024-03-06T20:00:00+00:00,3854.31,3896.03,3793.7,3821.41,291345.42
2024-03-07T00:00:00+00:00,3821.41,3856.03,3766.43,3778.32,242858.4
2024-03-07T04:00:00+00:00,3778.32,3806.01,3734.46,3790.45,245182.7
2024-03-07T08:00:00+00:00,3790.45,3818,3771.67,3789.64,222912.32
2024-03-07T12:00:00+00:00,3789.64,3857.02,3766.25,3839.29,248436.63
2024-03-07T16:00:00+00:00,3839.29,3886.61,3815.01,3872.92,210412.32
2024-03-07T20:00:00+00:00,3872.92,3937.97,3838.32,3870.07,281548.75
2024-03-08T00:00:00+00:00,3870.07,3945.05,3864.53,3903.77,295223.5
2024-03-08T04:00:00+00:00,3903.77,3952.49,3881.5,3912.56,280731.12
2024-03-08T08:00:00+00:00,3912.56,3958.74,3912.46,3953.67,305253.89
2024-03-08T12:00:00+00:00,3953.67,3999,3885.12,3901.36,401193.18
2024-03-08T16:00:00+00:00,3901.36,3982.2,3822.21,3930.78,333662.35
2024-03-08T20:00:00+00:00,3930.78,3954.57,3872,3883.44,291247.75
2024-03-09T00:00:00+00:00,3883.44,3931.75,3878.13,3925,266400.24
2024-03-09T04:00:00+00:00,3925,3944.74,3913.5,3927.78,213433.11
2024-03-09T08:00:00+00:00,3927.78,3938.87,3890,3915.02,252911.69
2024-03-09T12:00:00+00:00,3915.02,3929.61,3903.08,3919.26,221605.26
2024-03-09T16:00:00+00:00,3919.26,3923.29,3870.48,3883.72,242136.18
2024-03-09T20:00:00+00:00,3883.72,3915,3883.26,3907.11,263110.64
2024-03-10T00:00:00+00:00,3907.11,3944.26,3901.12,3937.45,205330.59
2024-03-10T04:00:00+00:00,3937.45,3953.99,3931.8,3947.48,247682.76
2024-03-10T08:00:00+00:00,3947.48,3969.63,3922.28,3935.95,254932.65
2024-03-10T12:00:00+00:00,3935.95,3950,3858.74,3884.68,279364.64
2024-03-10T16:00:00+00:00,3884.68,3928.8,3883.34,3900.19,257470.61
2024-03-10T20:00:00+00:00,3900.19,3906.63,3791.87,3880.46,254769.09
2024-03-11T00:00:00+00:00,3880.46,3891,3720,3869.36,321273.71
2024-03-11T04:00:00+00:00,3869.36,4022.67,3835.38,4010.73,369509.78
2024-03-11T08:00:00+00:00,4010.73,4058.87,3990.52,4036.3,362683.25
2024-03-11T12:00:00+00:00,4036.3,4070.97,4017.84,4019.69,394779.37
2024-03-11T16:00:00+00:00,4019.69,4092.97,4001.69,4034.24,341148.49
2024-03-11T20:00:00+00:00,4034.24,4087.18,4030.7,4069.32,230797.89
2024-03-12T00:00:00+00:00,4069.32,4096.64,4023.56,4031.09,261300.54
2024-03-12T04:00:00+00:00,4031.09,4055.48,4001,4028.9,239385.28
2024-03-12T08:00:00+00:00,4028.9,4070.3,3966.51,4023.6,268630.25
2024-03-12T12:00:00+00:00,4023.6,4057.52,3946.66,3991.37,334317.65
2024-03-12T16:00:00+00:00,3991.37,3994.9,3832.14,3983.56,374126.32
2024-03-12T20:00:00+00:00,3983.56,3984,3928.41,3981.92,186361.53
2024-03-13T00:00:00+00:00,3981.92,4048.41,3975.7,4046.44,262983.12
2024-03-13T04:00:00+00:00,4046.44,4082.81,4031.33,4041.63,281471.82
2024-03-13T08:00:00+00:00,4041.63,4088.82,4041.63,4052.74,290640
2024-03-13T12:00:00+00:00,4052.74,4056.75,3933.58,3964.78,311966.3
2024-03-13T16:00:00+00:00,3964.78,4014,3954.14,4003.16,204632.76
2024-03-13T20:00:00+00:00,4003.16,4024.02,3976.09,4007.25,253741.71
2024-03-14T00:00:00+00:00,4007.25,4014.46,3956.04,3996.82,313209.43
2024-03-14T04:00:00+00:00,3996.82,4009.5,3940.95,3965.27,313424.55
2024-03-14T08:00:00+00:00,3965.27,4001.46,3940,3958.19,270728.83
2024-03-14T12:00:00+00:00,3958.19,3970.95,3819.72,3847.05,392084.73
2024-03-14T16:00:00+00:00,3847.05,3899.54,3723.44,3788.52,431950.31
2024-03-14T20:00:00+00:00,3788.52,3893.03,3783.81,3884.02,312774.63
2024-03-15T00:00:00+00:00,3884.02,3936.76,3620.73,3723.48,392031.4
2024-03-15T04:00:00+00:00,3723.48,3782.45,3656.34,3754.93,360766.1
2024-03-15T08:00:00+00:00,3754.93,3763.56,3566.23,3691.59,496873.33
2024-03-15T12:00:00+00:00,3691.59,3744.95,3672.55,3691.03,391949.61
2024-03-15T16:00:00+00:00,3691.03,3809.77,3661.03,3689.08,344128.49
2024-03-15T20:00:00+00:00,3689.08,3749.75,3606.78,3743.26,410189.26
2024-03-16T00:00:00+00:00,3743.26,3783.61,3723.16,3736.69,329026.54
2024-03-16T04:00:00+00:00,3736.69,3745.21,3691.46,3741.8,333266.25
2024-03-16T08:00:00+00:00,3741.8,3742.47,3664.2,3694.09,353043.29
2024-03-16T12:00:00+00:00,3694.09,3713.79,3638.85,3680.19,277484.54
2024-03-16T16:00:00+00:00,3680.19,3682.1,3569.6,3599.87,313954.24
2024-03-16T20:00:00+00:00,3599.87,3634.49,3466.79,3524.21,377687.22
2024-03-17T00:00:00+00:00,3524.21,3583.84,3505.25,3573.15,292978.42
2024-03-17T04:00:00+00:00,3573.15,3574.14,3413.16,3473.25,365963.74
2024-03-17T08:00:00+00:00,3473.25,3608.51,3461.37,3581.19,290788.38
2024-03-17T12:00:00+00:00,3581.19,3648.05,3530.31,3629.08,323323.4
2024-03-17T16:00:00+00:00,3629.08,3657.78,3604.02,3651.78,242655.11
2024-03-17T20:00:00+00:00,3651.78,3680,3625.79,3645.49,201925.83
2024-03-18T00:00:00+00:00,3645.49,3645.96,3557.6,3602.11,292130.25
2024-03-18T04:00:00+00:00,3602.11,3644.94,3577.54,3628.07,283913.7
2024-03-18T08:00:00+00:00,3628.07,3628.07,3549.74,3599.46,277141.45
2024-03-18T12:00:00+00:00,3599.46,3615,3487.23,3526.85,272796.47
2024-03-18T16:00:00+00:00,3526.85,3566.26,3453.82,3479.63,290911.08
2024-03-18T20:00:00+00:00,3479.63,3549.11,3479.63,3521.55,289842.33
2024-03-19T00:00:00+00:00,3521.55,3550.7,3361.05,3420.33,383547.89
2024-03-19T04:00:00+00:00,3420.33,3429.37,3305.15,3360.76,467683.13
2024-03-19T08:00:00+00:00,3360.76,3360.76,3203.91,3277.33,466372.1
2024-03-19T12:00:00+00:00,3277.33,3326.56,3223.85,3303.81,338799.62
2024-03-19T16:00:00+00:00,3303.81,3361.57,3280.34,3334.31,402700.71
2024-03-19T20:00:00+00:00,3334.31,3340.29,3151.4,3159.22,366199.13
2024-03-20T00:00:00+00:00,3159.22,3264.54,3152.97,3160.07,330825.17
2024-03-20T04:00:00+00:00,3160.07,3227,3055,3219.22,427288.6
2024-03-20T08:00:00+00:00,3219.22,3297.74,3205.98,3294.19,328408.27
2024-03-20T12:00:00+00:00,3294.19,3398,3276.34,3292.82,371557.95
2024-03-20T16:00:00+00:00,3292.82,3407.85,3140.42,3378.72,529620.43
2024-03-20T20:00:00+00:00,3378.72,3536.34,3370.68,3515.24,432294.43
2024-03-21T00:00:00+00:00,3515.24,3560.84,3493.96,3511.36,378215.56
2024-03-21T04:00:00+00:00,3511.36,3535.81,3446.98,3517.81,356148.54
2024-03-21T08:00:00+00:00,3517.81,3588.59,3517.44,3532.03,308349.5
2024-03-21T12:00:00+00:00,3532.03,3575.73,3479.24,3498.61,257889.56
2024-03-21T16:00:00+00:00,3498.61,3547.87,3412.92,3441.88,315983.29
2024-03-21T20:00:00+00:00,3441.88,3523.93,3412.39,3493.76,358938
2024-03-22T00:00:00+00:00,3493.76,3528.85,3454.43,3523.68,306077.54
2024-03-22T04:00:00+00:00,3523.68,3544.48,3501.06,3513.33,214643.81
2024-03-22T08:00:00+00:00,3513.33,3525.19,3395.58,3405.69,333992.85
2024-03-22T12:00:00+00:00,3405.69,3426.45,3281.44,3350.29,364300.12
2024-03-22T16:00:00+00:00,3350.29,3362.07,3288.49,3342.17,249575.28
2024-03-22T20:00:00+00:00,3342.17,3345.77,3247.4,3338.06,274440.73
2024-03-23T00:00:00+00:00,3338.06,3362.16,3270.75,3304.83,281845.21
2024-03-23T04:00:00+00:00,3304.83,3385.63,3299.62,3366.39,254108.36
2024-03-23T08:00:00+00:00,3366.39,3381.72,3329.32,3366.33,351381.65
2024-03-23T12:00:00+00:00,3366.33,3424.42,3345,3406.58,351396.15
2024-03-23T16:00:00+00:00,3406.58,3436.44,3385.24,3387.64,257779.24
2024-03-23T20:00:00+00:00,3387.64,3402.1,3327.38,3330.01,291932.82
2024-03-24T00:00:00+00:00,3330.01,3369.84,3306.73,3309.36,210489.45
2024-03-24T04:00:00+00:00,3309.36,3343.74,3300.04,3342.96,188984.46
2024-03-24T08:00:00+00:00,3342.96,3394,3336.38,3388.42,244578.83
2024-03-24T12:00:00+00:00,3388.42,3415.93,3378.18,3398.57,301644.99
2024-03-24T16:00:00+00:00,3398.57,3410,3333.71,3383.35,262757.94
2024-03-24T20:00:00+00:00,3383.35,3472.93,3376.01,3455.88,249900.04
2024-03-25T00:00:00+00:00,3455.88,3462.44,3421.3,3455.8,249531.16
2024-03-25T04:00:00+00:00,3455.8,3507.82,3442.11,3445.87,220447.53
2024-03-25T08:00:00+00:00,3445.87,3473.38,3431.89,3437.5,262175.07
2024-03-25T12:00:00+00:00,3437.5,3590.32,3430,3583.59,273187.01
2024-03-25T16:00:00+00:00,3583.59,3662.29,3567.96,3640.71,324195.54
2024-03-25T20:00:00+00:00,3640.71,3649.16,3567.38,3591.62,348907.52
2024-03-26T00:00:00+00:00,3591.62,3644.1,3582.8,3625.33,280426.85
2024-03-26T04:00:00+00:00,3625.33,3681.43,3621.25,3636.61,350694.57
2024-03-26T08:00:00+00:00,3636.61,3672.6,3629.29,3633.51,299187.62
2024-03-26T12:00:00+00:00,3633.51,3655.39,3545.76,3594.98,374316.1
2024-03-26T16:00:00+00:00,3594.98,3605.96,3543.63,3562.3,282317
2024-03-26T20:00:00+00:00,3562.3,3616,3560.28,3588.61,250055.75
2024-03-27T04:00:00+00:00,3604.54,3618.5,3560.87,3566.65,272707.56
2024-03-27T08:00:00+00:00,3566.65,3593.58,3533.63,3587.62,261869.49
2024-03-27T12:00:00+00:00,3587.62,3671.02,3495.99,3514.75,488500.04
2024-03-27T16:00:00+00:00,3514.75,3533.63,3461.11,3493.3,262353.07
2024-03-27T20:00:00+00:00,3493.3,3524.25,3490.75,3504.03,244658.91
2024-03-28T00:00:00+00:00,3504.03,3534.56,3465.92,3498.07,256583.12
2024-03-28T04:00:00+00:00,3498.07,3581.69,3497.07,3575.54,220139.89
2024-03-28T08:00:00+00:00,3575.54,3596.52,3566.68,3581.93,252228.28
2024-03-28T12:00:00+00:00,3581.93,3614.64,3554.11,3580.35,343444.74
2024-03-28T16:00:00+00:00,3580.35,3583.14,3540.63,3565.18,223424.34
2024-03-28T20:00:00+00:00,3565.18,3582.21,3544.15,3562.75,291582.41
2024-03-29T00:00:00+00:00,3562.75,3587.25,3551.45,3564.05,268219.55
2024-03-29T04:00:00+00:00,3564.05,3582.99,3514.15,3521.43,313407.15
2024-03-29T08:00:00+00:00,3521.43,3566.29,3519,3552.63,254427.78
2024-03-29T12:00:00+00:00,3552.63,3560.53,3480.83,3489.39,210296.01
2024-03-29T16:00:00+00:00,3489.39,3503.95,3474.02,3501.71,272746.29
2024-03-29T20:00:00+00:00,3501.71,3526.95,3476.71,3511.44,257549.13
2024-03-30T00:00:00+00:00,3511.44,3523.02,3488,3491,277694.8
2024-03-30T04:00:00+00:00,3491,3534.52,3488.03,3493.75,186661.15
2024-03-30T08:00:00+00:00,3493.75,3567,3493.73,3562.07,269781.79
2024-03-30T12:00:00+00:00,3562.07,3568.48,3532.76,3538.97,206309.85
2024-03-30T16:00:00+00:00,3538.97,3550.85,3485.79,3510.36,173506.92
2024-03-30T20:00:00+00:00,3510.36,3521.24,3495.95,3507.53,193416.24
2024-03-31T00:00:00+00:00,3507.53,3546.65,3506.28,3538.32,180488.93
2024-03-31T04:00:00+00:00,3538.32,3636.6,3533.43,3628.16,282362.05
2024-03-31T08:00:00+00:00,3628.16,3637.1,3602.11,3611.9,265154.84
2024-03-31T12:00:00+00:00,3611.9,3641.07,3608.36,3620.14,246322.72
2024-03-31T16:00:00+00:00,3620.14,3660,3616.19,3642.06,184629.31
2024-03-31T20:00:00+00:00,3642.06,3653.82,3620,3647.5,204056.44
2024-04-01T00:00:00+00:00,3647.5,3648.77,3602.76,3613.34,211568.51
2024-04-01T04:00:00+00:00,3613.34,3616.75,3500.11,3547.7,362299.46
2024-04-01T08:00:00+00:00,3547.7,3562.19,3519.31,3539.23,290888.73
2024-04-01T12:00:00+00:00,3539.23,3572.39,3437.29,3444.8,389955.13
2024-04-01T16:00:00+00:00,3444.8,3490.53,3413.41,3487.92,365453.54
2024-04-01T20:00:00+00:00,3487.92,3516.23,3472.12,3505.65,266940.86
2024-04-02T00:00:00+00:00,3505.65,3507.33,3312.67,3366.97,320038.71
2024-04-02T04:00:00+00:00,3366.97,3389.7,3337.73,3363.56,294548.38
2024-04-02T08:00:00+00:00,3363.56,3373.19,3277.8,3311.16,249791.96
2024-04-02T12:00:00+00:00,3311.16,3325.88,3230.81,3240.01,336003.36
2024-04-02T16:00:00+00:00,3240.01,3285.42,3210.59,3278.84,396518.36
2024-04-02T20:00:00+00:00,3278.84,3306.18,3240.71,3278.18,321335.05
2024-04-03T00:00:00+00:00,3278.18,3324.42,3201.07,3316.96,308528.43
2024-04-03T04:00:00+00:00,3316.96,3325.87,3279.55,3305.85,319010.39
2024-04-03T08:00:00+00:00,3305.85,3358,3289.95,3318.7,263841.28
2024-04-03T12:00:00+00:00,3318.7,3365.14,3292.86,3329.93,298915.48
2024-04-03T16:00:00+00:00,3329.93,3369.12,3281.04,3314.66,341158.18
2024-04-03T20:00:00+00:00,3314.66,3325.95,3289.38,3311.9,311305.04
2024-04-04T00:00:00+00:00,3311.9,3334.16,3261.15,3274.59,265007.86
2024-04-04T04:00:00+00:00,3274.59,3334.14,3250.85,3323.37,335810.21
2024-04-04T08:00:00+00:00,3323.37,3357,3319.82,3341.54,243069.45
2024-04-04T12:00:00+00:00,3341.54,3396.03,3339.42,3364,279265.19
2024-04-04T16:00:00+00:00,3364,3444.28,3360.64,3365.04,309869.76
2024-04-04T20:00:00+00:00,3365.04,3370.39,3277.08,3328.63,340855
2024-04-05T00:00:00+00:00,3328.63,3336.6,3251.18,3308.54,304279.99
2024-04-05T04:00:00+00:00,3308.54,3318.81,3240.14,3286.24,304462.47
2024-04-05T08:00:00+00:00,3286.24,3313.54,3234.93,3243.5,256051.24
2024-04-05T12:00:00+00:00,3243.5,3330.36,3207.06,3326.68,364190.25
2024-04-05T16:00:00+00:00,3326.68,3348.94,3306.52,3320.59,282864.87
2024-04-05T20:00:00+00:00,3320.59,3346.78,3309.95,3318.23,276504.98
2024-04-06T00:00:00+00:00,3318.23,3347.15,3306.49,3331.63,235212.65
2024-04-06T04:00:00+00:00,3331.63,3353,3320.73,3330.72,240056.59
2024-04-06T08:00:00+00:00,3330.72,3351.7,3325.19,3330.66,200378.8
2024-04-06T12:00:00+00:00,3330.66,3362,3313.16,3334.97,248005.07
2024-04-06T16:00:00+00:00,3334.97,3357.84,3331.23,3349.45,176288.81
2024-04-06T20:00:00+00:00,3349.45,3400,3339.05,3351.88,259678.41
2024-04-07T00:00:00+00:00,3351.88,3413.85,3343.88,3388.45,254895.73
2024-04-07T04:00:00+00:00,3388.45,3407,3374.89,3385.94,188585.38
2024-04-07T08:00:00+00:00,3385.94,3396.25,3377.13,3390.08,261053.55
2024-04-07T12:00:00+00:00,3390.08,3421,3384.48,3389.48,259106.75
2024-04-07T16:00:00+00:00,3389.48,3413.6,3368.03,3381.81,261168.55
2024-04-07T20:00:00+00:00,3381.81,3461.33,3378.66,3454.76,244053.14
2024-04-08T00:00:00+00:00,3454.76,3458.5,3407.46,3423.15,241800.08
2024-04-08T04:00:00+00:00,3423.15,3480.51,3412.85,3474.86,284963.47
2024-04-08T08:00:00+00:00,3474.86,3642.7,3471.37,3634.55,463633.78
2024-04-08T12:00:00+00:00,3634.55,3672.77,3610.66,3630.75,341126.35
2024-04-08T16:00:00+00:00,3630.75,3713.17,3628.56,3703.82,234562.21
2024-04-08T20:00:00+00:00,3703.82,3732.32,3682.92,3696.67,236380.21
2024-04-09T00:00:00+00:00,3696.67,3728.78,3665.89,3693.58,236583.31
2024-04-09T04:00:00+00:00,3693.58,3703.7,3631,3642.67,277201.1
2024-04-09T08:00:00+00:00,3642.67,3648.84,3580.32,3634.65,312612.85
2024-04-09T12:00:00+00:00,3634.65,3644.82,3479.27,3530.74,404934.16
2024-04-09T16:00:00+00:00,3530.74,3534.46,3451.81,3519.07,310129.34
2024-04-09T20:00:00+00:00,3519.07,3530.34,3486.4,3507.11,290250.43
2024-04-10T00:00:00+00:00,3507.11,3539.02,3465.41,3513.86,324259.27
2024-04-10T04:00:00+00:00,3513.86,3555.3,3507,3537.94,322752.06
2024-04-10T08:00:00+00:00,3537.94,3540.53,3492.41,3522.31,228643
2024-04-10T12:00:00+00:00,3522.31,3529.65,3409.06,3479.63,357944.07
2024-04-10T16:00:00+00:00,3479.63,3548.74,3469.46,3522.42,234589.27
2024-04-10T20:00:00+00:00,3522.42,3565.18,3495.33,3545.23,253462.7
2024-04-11T00:00:00+00:00,3545.23,3578.28,3524.37,3576.77,216957.86
2024-04-11T04:00:00+00:00,3576.77,3607.59,3553.18,3584.11,280225.05
2024-04-11T08:00:00+00:00,3584.11,3619.09,3514.4,3523.3,315958.71
2024-04-11T12:00:00+00:00,3523.3,3575.91,3486.15,3508.94,332195.74
2024-04-11T16:00:00+00:00,3508.94,3522.68,3473,3518.54,222609.19
2024-04-11T20:00:00+00:00,3518.54,3533.19,3490.08,3502.1,214553.16
2024-04-12T00:00:00+00:00,3502.1,3538.46,3501.13,3535.21,255344.35
2024-04-12T04:00:00+00:00,3535.21,3553.97,3507.86,3517.15,229935.97
2024-04-12T08:00:00+00:00,3517.15,3543.13,3508.54,3532.73,261857.16
2024-04-12T12:00:00+00:00,3532.73,3533.27,3437.93,3439.78,393949.68
2024-04-12T16:00:00+00:00,3439.78,3454.5,3062.24,3205.5,581098.26
2024-04-12T20:00:00+00:00,3205.5,3256.18,3200.07,3236.41,369187.33
2024-04-13T00:00:00+00:00,3236.41,3236.43,3141.49,3229.25,341513.58
2024-04-13T04:00:00+00:00,3229.25,3272.24,3221.94,3257.03,340949.45
2024-04-13T08:00:00+00:00,3257.03,3301.83,3246.05,3266.96,288960.36
2024-04-13T12:00:00+00:00,3266.96,3296.67,3250.26,3271,315869.91
2024-04-13T16:00:00+00:00,3271,3278.9,2970.8,3082.54,386745.77
2024-04-13T20:00:00+00:00,3082.54,3091,2791.16,3004.36,924048.93
2024-04-14T00:00:00+00:00,3004.36,3017.43,2902.71,2968.27,333810.06
2024-04-14T04:00:00+00:00,2968.27,3100.72,2962.89,3081.86,350972.8
2024-04-14T08:00:00+00:00,3081.86,3098.12,3006.98,3025.97,525982.89
2024-04-14T12:00:00+00:00,3025.97,3073.24,3004.07,3054.23,445593.43
2024-04-14T16:00:00+00:00,3054.23,3099.15,2976.38,3071.47,501635.2
2024-04-14T20:00:00+00:00,3071.47,3172.44,3045.13,3152.63,355736.18
2024-04-15T00:00:00+00:00,3152.63,3154.34,3098.53,3143.05,364250.65
2024-04-15T04:00:00+00:00,3143.05,3253.49,3120.12,3239.82,366594.21
2024-04-15T08:00:00+00:00,3239.82,3275.95,3224.34,3227.67,376412.73
2024-04-15T12:00:00+00:00,3227.67,3241.81,3100,3161.14,393359.6
2024-04-15T16:00:00+00:00,3161.14,3178,3021.05,3097.57,423016.63
2024-04-15T20:00:00+00:00,3097.57,3126.95,3055.66,3099.52,307805.06
2024-04-16T00:00:00+00:00,3099.52,3118.85,3047.81,3070.11,276399.33
2024-04-16T04:00:00+00:00,3070.11,3125.35,2986,3104.99,400245.37
2024-04-16T08:00:00+00:00,3104.99,3109.24,2998.05,3091.2,345234.5
2024-04-16T12:00:00+00:00,3091.2,3093.94,3005.76,3007.07,372556.42
2024-04-16T16:00:00+00:00,3007.07,3083.01,2991.28,3054.82,327144.16
2024-04-16T20:00:00+00:00,3054.82,3116.84,3048.34,3081.75,320551.77
2024-04-17T00:00:00+00:00,3081.75,3105.23,3065.58,3093.07,302638.86
2024-04-17T04:00:00+00:00,3093.07,3121.65,3062.4,3073.73,312490.6
2024-04-17T08:00:00+00:00,3073.73,3085.84,3034.08,3037.79,244363.31
2024-04-17T12:00:00+00:00,3037.79,3061.62,2923.34,2944.52,459808.71
2024-04-17T16:00:00+00:00,2944.52,3041.97,2910.24,2999.69,345302.41
2024-04-17T20:00:00+00:00,2999.69,3013.61,2961.63,2982.65,282205.84
2024-04-18T00:00:00+00:00,2982.65,3034,2951.21,3023.31,280140.67
2024-04-18T04:00:00+00:00,3023.31,3032.76,2954,2972.57,287046.11
2024-04-18T08:00:00+00:00,2972.57,3063.52,2951,3043.93,316424.04
2024-04-18T12:00:00+00:00,3043.93,3092.7,2982.42,3065.85,396783.26
2024-04-18T16:00:00+00:00,3065.85,3081.21,3015.72,3063,226690.32
2024-04-18T20:00:00+00:00,3063,3078.8,3053.17,3061.76,234623.3
2024-04-19T00:00:00+00:00,3061.76,3068.32,2861.67,2977.75,468753.33
2024-04-19T04:00:00+00:00,2977.75,3128.62,2976.66,3082.62,330519.19
2024-04-19T08:00:00+00:00,3082.62,3123.25,3074.35,3100.18,337813.65
2024-04-19T12:00:00+00:00,3100.18,3119.47,3051.91,3078.22,376288.23
2024-04-19T16:00:00+00:00,3078.22,3106.36,3042.32,3101.92,304755.8
2024-04-19T20:00:00+00:00,3101.92,3104.11,3017.34,3054.16,282880.07
2024-04-20T00:00:00+00:00,3054.16,3069.09,3015.71,3053.51,386331.09
2024-04-20T04:00:00+00:00,3053.51,3071.72,3047,3058.01,326601.02
2024-04-20T08:00:00+00:00,3058.01,3059.23,3027.15,3044.85,295962.61
2024-04-20T12:00:00+00:00,3044.85,3113.15,3037.49,3107.58,283685.34
2024-04-20T16:00:00+00:00,3107.58,3164.61,3085.28,3145.9,295575.8
2024-04-20T20:00:00+00:00,3145.9,3170.52,3138.47,3153.23,275288.04
2024-04-21T00:00:00+00:00,3153.23,3195.55,3124.13,3164.5,242853.66
2024-04-21T04:00:00+00:00,3164.5,3189.65,3150.92,3177.25,294333.83
2024-04-21T08:00:00+00:00,3177.25,3184.44,3150.92,3166.4,352716.43
2024-04-21T12:00:00+00:00,3166.4,3174.8,3134.5,3156.68,370355.48
2024-04-21T16:00:00+00:00,3156.68,3159.69,3113.9,3135,265235.72
2024-04-21T20:00:00+00:00,3135,3167.58,3127.17,3145.07,215021.67
2024-04-22T00:00:00+00:00,3145.07,3209.74,3126.42,3187.76,321815.55
2024-04-22T04:00:00+00:00,3187.76,3234.45,3182.03,3201.79,339066.57
2024-04-22T08:00:00+00:00,3201.79,3222.04,3185.87,3192.2,335266.1
2024-04-22T12:00:00+00:00,3192.2,3209.37,3163.28,3181.19,244424.01
2024-04-22T16:00:00+00:00,3181.19,3215.5,3166.73,3185.76,271067.12
2024-04-22T20:00:00+00:00,3185.76,3223.33,3180.99,3197.14,242854.85
2024-04-23T00:00:00+00:00,3197.14,3220.77,3178.58,3181.4,306753.02
2024-04-23T04:00:00+00:00,3181.4,3191.5,3149.63,3157.81,227042.6
2024-04-23T08:00:00+00:00,3157.81,3183.58,3150.21,3177.61,338914.43
2024-04-23T12:00:00+00:00,3177.61,3262.53,3170.54,3223.55,426849.26
2024-04-23T16:00:00+00:00,3223.55,3244.87,3210.36,3215.54,304258.3
2024-04-23T20:00:00+00:00,3215.54,3220.84,3183.48,3217.31,253208.5
2024-04-24T00:00:00+00:00,3217.31,3246.76,3207.41,3235.05,258867.71
2024-04-24T04:00:00+00:00,3235.05,3273.52,3234.57,3247.96,291755.4
2024-04-24T08:00:00+00:00,3247.96,3285.18,3239.22,3279.79,304541.9
2024-04-24T12:00:00+00:00,3279.79,3291.75,3165.92,3173.51,354136.16
2024-04-24T16:00:00+00:00,3173.51,3192.02,3102,3133.21,269702.02
2024-04-24T20:00:00+00:00,3133.21,3150.02,3109.13,3138.23,334239.66
2024-04-25T00:00:00+00:00,3138.23,3169.1,3124.18,3144.41,266686.8
2024-04-25T04:00:00+00:00,3144.41,3165.61,3123.25,3134.09,289664.71
2024-04-25T08:00:00+00:00,3134.09,3151,3069.28,3109.09,292126.2
2024-04-25T12:00:00+00:00,3109.09,3166.71,3080.2,3158.5,372056.08
2024-04-25T16:00:00+00:00,3158.5,3173.86,3143.49,3163.9,298687.48
2024-04-25T20:00:00+00:00,3163.9,3189.51,3150,3153.44,297751.49
2024-04-26T00:00:00+00:00,3153.44,3162.48,3121.95,3139.64,218867.03
2024-04-26T04:00:00+00:00,3139.64,3151.75,3126.36,3132.54,234044.01
2024-04-26T08:00:00+00:00,3132.54,3155.86,3119.04,3126.89,207694.9
2024-04-26T12:00:00+00:00,3126.89,3166.66,3099.3,3115.21,242335.85
2024-04-26T16:00:00+00:00,3115.21,3153.71,3103.02,3131.89,251349.47
2024-04-26T20:00:00+00:00,3131.89,3152.02,3117.7,3128.76,215284.02
2024-04-27T00:00:00+00:00,3128.76,3136.68,3063.78,3120.54,274827.95
2024-04-27T04:00:00+00:00,3120.54,3131.83,3105.15,3117.72,235038.84
2024-04-27T08:00:00+00:00,3117.72,3126.56,3105.33,3122.71,234399.08
2024-04-27T12:00:00+00:00,3122.71,3164.79,3119.34,3142.58,189257.32
2024-04-27T16:00:00+00:00,3142.58,3282.75,3140.26,3234.61,272507.71
2024-04-27T20:00:00+00:00,3234.61,3261.49,3220.29,3253.24,187412.28
2024-04-28T00:00:00+00:00,3253.24,3327.53,3247.87,3306.88,268920.33
2024-04-28T04:00:00+00:00,3306.88,3337.45,3297.71,3315.44,186558.29
2024-04-28T08:00:00+00:00,3315.44,3322.6,3272.2,3283.94,215397.11
2024-04-28T12:00:00+00:00,3283.94,3327.34,3281.17,3318.1,194767.52
2024-04-28T16:00:00+00:00,3318.1,3360.56,3305.56,3314.19,179257.62
2024-04-28T20:00:00+00:00,3314.19,3318.73,3250.13,3261.04,167236.32
2024-04-29T00:00:00+00:00,3261.04,3286,3166.38,3175.75,228307.54
2024-04-29T04:00:00+00:00,3175.75,3206.22,3151.09,3185.95,270510.11
2024-04-29T08:00:00+00:00,3185.95,3194,3146.01,3157.41,223928.08
2024-04-29T16:00:00+00:00,3179.97,3187.63,3152.57,3184.37,233480.37
2024-04-29T20:00:00+00:00,3184.37,3233.49,3161.28,3214.49,269567.89
2024-04-30T00:00:00+00:00,3214.49,3248.83,3146.89,3178.55,280292.37
2024-04-30T04:00:00+00:00,3178.55,3183.42,3150,3155.12,204312.67
2024-04-30T08:00:00+00:00,3155.12,3159.77,3001.26,3005.52,330594.76
2024-04-30T12:00:00+00:00,3005.52,3036.49,2963.04,2991.53,356228.74
2024-04-30T16:00:00+00:00,2991.53,2996.6,2918.36,2926.78,345043.96
2024-04-30T20:00:00+00:00,2926.78,3027.8,2925.56,3011.72,234419.9
2024-05-01T00:00:00+00:00,3011.72,3021.27,2957.14,3001.86,285506.75
2024-05-01T04:00:00+00:00,3001.86,3011.82,2856.23,2867,314703.06
2024-05-01T08:00:00+00:00,2867,2903.92,2813.85,2903.63,370088.07
2024-05-01T12:00:00+00:00,2903.63,2932.73,2863.67,2883.15,239396.47
2024-05-01T16:00:00+00:00,2883.15,3014.32,2866.17,2924.43,369707.38
2024-05-01T20:00:00+00:00,2924.43,2983.26,2912.13,2970.14,276638.45
2024-05-02T00:00:00+00:00,2970.14,2979.68,2890.29,2926.93,314677.14
2024-05-02T04:00:00+00:00,2926.93,2936.52,2895.59,2918.86,192411.59
2024-05-02T08:00:00+00:00,2918.86,3001.46,2914.06,2993.69,281352.39
2024-05-02T12:00:00+00:00,2993.69,3011.06,2950.33,2987.95,219304.17
2024-05-02T16:00:00+00:00,2987.95,3004.9,2969.5,2997.95,256032.28
2024-05-02T20:00:00+00:00,2997.95,3015.4,2966.66,2983.88,199622.35
2024-05-03T00:00:00+00:00,2983.88,3034.01,2975.2,3007.37,235802.9
2024-05-03T04:00:00+00:00,3007.37,3014.77,2956.46,2967,246288.92
2024-05-03T08:00:00+00:00,2967,2988.58,2955.76,2977.36,244865.62
2024-05-03T12:00:00+00:00,2977.36,3083.75,2967.2,3073.02,230128.66
2024-05-03T16:00:00+00:00,3073.02,3085.16,3060,3070.12,186282.14
2024-05-03T20:00:00+00:00,3070.12,3125.01,3066,3099.96,212914.71
2024-05-04T00:00:00+00:00,3099.96,3128.59,3090,3110,200812.27
2024-05-04T04:00:00+00:00,3110,3121.48,3092.9,3093.93,211390.26
2024-05-04T08:00:00+00:00,3093.93,3166.8,3093.34,3128.18,218482.86
2024-05-04T12:00:00+00:00,3128.18,3157.04,3113,3124.2,214575.52
2024-05-04T16:00:00+00:00,3124.2,3138.2,3111.17,3135.14,186706.49
2024-05-04T20:00:00+00:00,3135.14,3145.03,3102.01,3114.78,197752.86
2024-05-05T00:00:00+00:00,3114.78,3124.55,3070.7,3084.77,200489.01
2024-05-05T04:00:00+00:00,3084.77,3112.69,3078.29,3103.11,188060.31
2024-05-05T08:00:00+00:00,3103.11,3170.07,3101,3135.77,221786.72
2024-05-05T12:00:00+00:00,3135.77,3165.66,3124,3157.44,188728.69
2024-05-05T16:00:00+00:00,3157.44,3164.4,3128,3140.71,182923.32
2024-05-05T20:00:00+00:00,3140.71,3144.12,3120.01,3134.46,178414.08
2024-05-06T00:00:00+00:00,3134.46,3163.95,3121.89,3132.44,217385.89
2024-05-06T04:00:00+00:00,3132.44,3190.24,3125.65,3178.46,226318.01
2024-05-06T08:00:00+00:00,3178.46,3220,3128.37,3147.74,255041.16
2024-05-06T12:00:00+00:00,3147.74,3153.04,3053.63,3087.46,235783.54
2024-05-06T16:00:00+00:00,3087.46,3094.54,3043.38,3068.23,236069.36
2024-05-06T20:00:00+00:00,3068.23,3087.6,3059.13,3060.42,155905.77
2024-05-07T00:00:00+00:00,3060.42,3095.78,3019.01,3047.3,202649.33
2024-05-07T04:00:00+00:00,3047.3,3081.09,3041.91,3075,203566.31
2024-05-07T08:00:00+00:00,3075,3127.5,3056.23,3060.96,251686.98
2024-05-07T12:00:00+00:00,3060.96,3104.83,3043.29,3069.83,190354.88
2024-05-07T16:00:00+00:00,3069.83,3077.86,3024.29,3048.75,163451.14
2024-05-07T20:00:00+00:00,3048.75,3059.99,2997.35,3004.02,248897.76
2024-05-08T00:00:00+00:00,3004.02,3036.96,2992.15,3030.3,208811.86
2024-05-08T04:00:00+00:00,3030.3,3034.84,2987.67,2993.36,169354.61
2024-05-08T08:00:00+00:00,2993.36,3010.5,2975.65,2988.68,184359.51
2024-05-08T12:00:00+00:00,2988.68,3031.12,2982.72,3005.29,194453.44
2024-05-08T16:00:00+00:00,3005.29,3022.4,2984.12,2996.83,182299.92
2024-05-08T20:00:00+00:00,2996.83,3001.96,2933.96,2972.5,221756.77
2024-05-09T00:00:00+00:00,2972.5,3003.17,2969.98,2996.11,184551.79
2024-05-09T04:00:00+00:00,2996.11,3013.55,2973.96,2981.32,228656.5
2024-05-09T08:00:00+00:00,2981.32,2990.23,2947.96,2975.33,218455.91
2024-05-09T12:00:00+00:00,2975.33,3017.48,2953.95,3003.86,189118.11
2024-05-09T16:00:00+00:00,3003.86,3024,2987,3019.63,216399.69
2024-05-09T20:00:00+00:00,3019.63,3057.62,3013.34,3033.98,190364.73
2024-05-10T00:00:00+00:00,3033.98,3040.72,3016.27,3026.57,196728.51
2024-05-10T04:00:00+00:00,3026.57,3052.42,3019.29,3040.13,209184.09
2024-05-10T08:00:00+00:00,3040.13,3043.29,3020,3036.14,206803.85
2024-05-10T12:00:00+00:00,3036.14,3042.24,2904.59,2916.76,293376.86
2024-05-10T16:00:00+00:00,2916.76,2933.19,2876.37,2899.47,248940.35
2024-05-10T20:00:00+00:00,2899.47,2914.11,2885.03,2908.11,156613.72
2024-05-11T00:00:00+00:00,2908.11,2934.26,2902.74,2909.5,192194.67
2024-05-11T04:00:00+00:00,2909.5,2926.34,2904.2,2919.88,189034.71
2024-05-11T08:00:00+00:00,2919.88,2923.35,2884.52,2901.97,169791.58
2024-05-11T12:00:00+00:00,2901.97,2943.92,2893.73,2923.9,170772.58
2024-05-11T16:00:00+00:00,2923.9,2939.18,2915.07,2928.55,182478.49
2024-05-11T20:00:00+00:00,2928.55,2929.23,2904.33,2910.48,205512.74
2024-05-12T00:00:00+00:00,2910.48,2923.66,2906.97,2918.94,185705.5
2024-05-12T04:00:00+00:00,2918.94,2930.89,2898.97,2905.76,195547.27
2024-05-12T08:00:00+00:00,2905.76,2942.49,2900.02,2926.1,169991.75
2024-05-12T12:00:00+00:00,2926.1,2941.92,2923.23,2935.49,167501.58
2024-05-12T16:00:00+00:00,2935.49,2953.57,2918.8,2927.94,225462.27
2024-05-12T20:00:00+00:00,2927.94,2934.62,2910.9,2926.93,208199.75
2024-05-13T00:00:00+00:00,2926.93,2941.27,2863,2888.27,200392.49
2024-05-13T04:00:00+00:00,2888.27,2956.32,2867.84,2952.82,217546.72
2024-05-13T08:00:00+00:00,2952.82,2994.64,2945.81,2963.54,205740.73
2024-05-13T12:00:00+00:00,2963.54,2984.74,2947.06,2959.15,215865.64
2024-05-13T16:00:00+00:00,2959.15,2976.35,2927.06,2955.24,166838.94
2024-05-13T20:00:00+00:00,2955.24,2958.22,2936.42,2948.82,174292.63
2024-05-14T00:00:00+00:00,2948.82,2959.06,2934.57,2938.5,179609.27
2024-05-14T04:00:00+00:00,2938.5,2947.21,2879.89,2917.96,195782.37
2024-05-14T08:00:00+00:00,2917.96,2918.16,2895.14,2906.06,155305.57
2024-05-14T12:00:00+00:00,2906.06,2922.35,2868.22,2896.7,237009.55
2024-05-14T16:00:00+00:00,2896.7,2898.47,2858.98,2892.43,190465.14
2024-05-14T20:00:00+00:00,2892.43,2901.29,2876.26,2880.14,166339.03
2024-05-15T00:00:00+00:00,2880.14,2901.44,2861.48,2900.99,138134.13
2024-05-15T04:00:00+00:00,2900.99,2919.86,2895.93,2914.37,142193.55
2024-05-15T08:00:00+00:00,2914.37,2932.41,2885.14,2897.11,167743.98
2024-05-15T12:00:00+00:00,2897.11,2990.92,2891.55,2975.73,246891.9
2024-05-15T16:00:00+00:00,2975.73,3024.65,2967.35,3023.15,193541.97
2024-05-15T20:00:00+00:00,3023.15,3039.15,3007.38,3029.6,195974.69
2024-05-16T00:00:00+00:00,3029.6,3039.06,2995.32,3011.43,194627.61
2024-05-16T04:00:00+00:00,3011.43,3019.41,3002,3013.95,186058.82
2024-05-16T08:00:00+00:00,3013.95,3026.39,2988.18,3004.81,213023.95
2024-05-16T12:00:00+00:00,3004.81,3008.28,2928.12,2954.78,253087.95
2024-05-16T16:00:00+00:00,2954.78,2959.25,2922.74,2942.87,239109.95
2024-05-16T20:00:00+00:00,2942.87,2944.78,2920.73,2943.33,209946.2
2024-05-17T00:00:00+00:00,2943.33,2954.97,2930.72,2948.11,166868.37
2024-05-17T04:00:00+00:00,2948.11,3031.32,2937.52,3023.81,254800.09
2024-05-17T08:00:00+00:00,3023.81,3057.56,3015.65,3029.14,210381.05
2024-05-17T12:00:00+00:00,3029.14,3117.33,3018.92,3109.98,261060.03
2024-05-17T16:00:00+00:00,3109.98,3118.52,3065.47,3083.41,255791.21
2024-05-17T20:00:00+00:00,3083.41,3094.12,3078.54,3090.39,225602.37
2024-05-18T00:00:00+00:00,3090.39,3126.15,3082,3112.86,204947.83
2024-05-18T04:00:00+00:00,3112.86,3117.92,3090,3100.73,187176.34
2024-05-18T08:00:00+00:00,3100.73,3145.89,3098.85,3133.23,189919.69
2024-05-18T12:00:00+00:00,3133.23,3134.72,3093.92,3109.53,184960.14
2024-05-18T16:00:00+00:00,3109.53,3120.22,3104.34,3118.71,187356.71
2024-05-18T20:00:00+00:00,3118.71,3126.13,3103.98,3121.7,178063.65
2024-05-19T00:00:00+00:00,3121.7,3135.88,3111.54,3127.99,175350.46
2024-05-19T04:00:00+00:00,3127.99,3129.75,3101.23,3114.23,135032.42
2024-05-19T08:00:00+00:00,3114.23,3123.66,3080.41,3100.98,244131.09
2024-05-19T12:00:00+00:00,3100.98,3101.69,3061.15,3075.63,228206.2
2024-05-19T16:00:00+00:00,3075.63,3082.54,3055.91,3063.31,182455.6
2024-05-19T20:00:00+00:00,3063.31,3081.53,3051.07,3069.38,234807.64
2024-05-20T00:00:00+00:00,3069.38,3099.23,3045.25,3085.24,219709.42
2024-05-20T04:00:00+00:00,3085.24,3138.41,3062.2,3089.89,213875.29
2024-05-20T08:00:00+00:00,3089.89,3113,3083.49,3092.14,213399.34
2024-05-20T12:00:00+00:00,3092.14,3119.82,3074.06,3116.26,210404.82
2024-05-20T16:00:00+00:00,3116.26,3457.87,3108.48,3439.47,404354.02
2024-05-20T20:00:00+00:00,3439.47,3697.94,3420.02,3663.15,455372.35
2024-05-21T00:00:00+00:00,3663.15,3724.46,3641.38,3697.69,253132.09
2024-05-21T04:00:00+00:00,3697.69,3701.74,3626.62,3662.32,221952.57
2024-05-21T08:00:00+00:00,3662.32,3825.46,3650.32,3777.36,340912.37
2024-05-21T12:00:00+00:00,3777.36,3840,3748.3,3778.15,393652.24
2024-05-21T16:00:00+00:00,3778.15,3845.79,3678.89,3713.02,316815.89
2024-05-21T20:00:00+00:00,3713.02,3823,3710.58,3790.98,179620.66
2024-05-22T00:00:00+00:00,3790.98,3814.85,3775.92,3794.3,205172.9
2024-05-22T04:00:00+00:00,3794.3,3796.2,3721.33,3747.85,200024.57
2024-05-22T08:00:00+00:00,3747.85,3780.93,3688.9,3690.1,238812.51
2024-05-22T12:00:00+00:00,3690.1,3774.69,3652.98,3761.98,261798.1
2024-05-22T16:00:00+00:00,3761.98,3798.87,3699.89,3736.81,252739.3
2024-05-22T20:00:00+00:00,3736.81,3783.62,3724.5,3739.32,180176.79
2024-05-23T00:00:00+00:00,3739.32,3790.89,3736.47,3783.22,169083.33
2024-05-23T04:00:00+00:00,3783.22,3836.3,3760,3814.84,262609.15
2024-05-23T08:00:00+00:00,3814.84,3928.77,3792,3919.61,250447.06
2024-05-23T12:00:00+00:00,3919.61,3950.41,3729,3814.49,457368.52
2024-05-23T16:00:00+00:00,3814.49,3829.51,3702,3792,315248.71
2024-05-23T20:00:00+00:00,3792,3904.95,3523.75,3783.79,605318.92
2024-05-24T00:00:00+00:00,3783.79,3830.69,3743.03,3803.96,201647.34
2024-05-24T04:00:00+00:00,3803.96,3815.7,3649.25,3679.62,310055.84
2024-05-24T08:00:00+00:00,3679.62,3718.83,3628,3713.38,226901.45
2024-05-24T12:00:00+00:00,3713.38,3733.6,3670.35,3693.65,229716.5
2024-05-24T16:00:00+00:00,3693.65,3759.69,3654.51,3743.72,214017.28
2024-05-24T20:00:00+00:00,3743.72,3754.78,3721.54,3727.11,179196.72
2024-05-25T00:00:00+00:00,3727.11,3748.65,3707.28,3745.55,189775.14
2024-05-25T04:00:00+00:00,3745.55,3779.72,3744.24,3746.97,174166.5
2024-05-25T08:00:00+00:00,3746.97,3775.58,3735.7,3738.36,141197.56
2024-05-25T12:00:00+00:00,3738.36,3758.79,3719.68,3743.85,165426.81
2024-05-25T16:00:00+00:00,3743.85,3766.64,3735.84,3757.94,130556.07
2024-05-25T20:00:00+00:00,3757.94,3761.08,3729.53,3750.13,117901
2024-05-26T00:00:00+00:00,3750.13,3772.52,3731.17,3772.17,123746.31
2024-05-26T04:00:00+00:00,3772.17,3795.94,3741.38,3786.24,146677.65
2024-05-26T08:00:00+00:00,3786.24,3823.67,3777.39,3814.24,142734.9
2024-05-26T12:00:00+00:00,3814.24,3876.9,3791.67,3833.59,201813.04
2024-05-26T16:00:00+00:00,3833.59,3884.57,3831.82,3880.14,228265.49
2024-05-26T20:00:00+00:00,3880.14,3882.01,3819.09,3826.13,142936.99
2024-05-27T00:00:00+00:00,3826.13,3941.41,3823.57,3920.5,233770.64
2024-05-27T04:00:00+00:00,3920.5,3936.02,3888.74,3914.79,181062.72
2024-05-27T08:00:00+00:00,3914.79,3956.39,3884.1,3901.11,197677.09
2024-05-27T12:00:00+00:00,3901.11,3979.01,3891.82,3964.72,193861.53
2024-05-27T16:00:00+00:00,3964.72,3976.08,3854.63,3873.7,204449.08
2024-05-27T20:00:00+00:00,3873.7,3906.32,3860.08,3894.76,157863.75
2024-05-28T00:00:00+00:00,3894.76,3912.57,3827.5,3850.41,204131.16
2024-05-28T04:00:00+00:00,3850.41,3866,3821.25,3848.23,168550.59
2024-05-28T08:00:00+00:00,3848.23,3933.35,3839.16,3905.08,181515.36
2024-05-28T12:00:00+00:00,3905.08,3913.93,3830.55,3860.6,207391.51
2024-05-28T16:00:00+00:00,3860.6,3869.51,3773.69,3841.98,250870.93
2024-05-28T20:00:00+00:00,3841.98,3873.33,3824.17,3846,192794.89
2024-05-29T00:00:00+00:00,3846,3863.64,3835.41,3852.65,162641.97
2024-05-29T04:00:00+00:00,3852.65,3890.31,3822.08,3822.93,169545.6
2024-05-29T08:00:00+00:00,3822.93,3829.62,3781.33,3810.46,153671.27
2024-05-29T12:00:00+00:00,3810.46,3840.24,3750.32,3760.06,206113.8
2024-05-29T16:00:00+00:00,3760.06,3782.56,3743.87,3749.78,129792.42
2024-05-29T20:00:00+00:00,3749.78,3794.73,3743.68,3767.83,76978.52
2024-05-30T00:00:00+00:00,3767.83,3799.84,3751.32,3792.53,84127.18
2024-05-30T04:00:00+00:00,3792.53,3803.27,3713,3720,146179.47
2024-05-30T08:00:00+00:00,3720,3757.76,3702.18,3736.95,168099.8
2024-05-30T12:00:00+00:00,3736.95,3799.85,3733.8,3776.42,210778.79
2024-05-30T16:00:00+00:00,3776.42,3826.68,3752,3761.3,270481.25
2024-05-30T20:00:00+00:00,3761.3,3761.66,3718.88,3747.59,147993.61
2024-05-31T00:00:00+00:00,3747.59,3770.02,3739.97,3760.24,79007.2
2024-05-31T04:00:00+00:00,3760.24,3766.91,3724.43,3729.31,106096.11
2024-05-31T08:00:00+00:00,3729.31,3814.44,3727.21,3803.15,207614.77
2024-05-31T12:00:00+00:00,3803.15,3850.8,3743.79,3745.1,212314.7
2024-05-31T16:00:00+00:00,3745.1,3796,3722.85,3786.21,214237.4
2024-05-31T20:00:00+00:00,3786.21,3802.62,3742.59,3762.73,154936.5
2024-06-01T00:00:00+00:00,3762.73,3783.55,3752.85,3779.21,150396.32
2024-06-01T04:00:00+00:00,3779.21,3795.56,3770.27,3773.72,148099.28
2024-06-01T08:00:00+00:00,3773.72,3810.52,3772.85,3788.85,164597.64
2024-06-01T12:00:00+00:00,3788.85,3815.66,3787.32,3799.72,151282.52
2024-06-01T16:00:00+00:00,3799.72,3811.43,3790.82,3804.89,135007.37
2024-06-01T20:00:00+00:00,3804.89,3834.94,3800.09,3816.23,150272.4
2024-06-02T04:00:00+00:00,3808.06,3825.08,3792.15,3793.48,122851.1
2024-06-02T08:00:00+00:00,3793.48,3810.81,3771.89,3804.92,159324.46
2024-06-02T12:00:00+00:00,3804.92,3811.05,3778,3800.16,153363.07
2024-06-02T16:00:00+00:00,3800.16,3805.06,3752.05,3782.38,156937.68
2024-06-02T20:00:00+00:00,3782.38,3798.53,3768.09,3782.16,125914.3
2024-06-03T00:00:00+00:00,3782.16,3823.66,3761.53,3800.63,141220
2024-06-03T04:00:00+00:00,3800.63,3844.57,3796.18,3818.62,128740.36
2024-06-03T08:00:00+00:00,3818.62,3841.42,3804.76,3810.02,81742.57
2024-06-03T12:00:00+00:00,3810.02,3852.77,3758,3796.6,328718.16
2024-06-03T16:00:00+00:00,3796.6,3799.05,3759.21,3773.62,131226.5
2024-06-03T20:00:00+00:00,3773.62,3786.25,3760,3768.12,76590.49
2024-06-04T00:00:00+00:00,3768.12,3786.69,3724.32,3774.45,95943.33
2024-06-04T04:00:00+00:00,3774.45,3779.99,3752.67,3775.94,42323.46
2024-06-04T08:00:00+00:00,3775.94,3784.55,3741.22,3765.46,100633.92
2024-06-04T12:00:00+00:00,3765.46,3819.87,3753.34,3811.95,204759.43
2024-06-04T16:00:00+00:00,3811.95,3833.71,3776.5,3801.25,151208.46
2024-06-04T20:00:00+00:00,3801.25,3823.52,3793.53,3811.99,41390.01
2024-06-05T00:00:00+00:00,3811.99,3842.29,3800.06,3812.03,44938.71
2024-06-05T04:00:00+00:00,3812.03,3822.43,3777.63,3810.42,123713.81
2024-06-05T08:00:00+00:00,3810.42,3812.85,3789.31,3805.71,41757.57
2024-06-05T12:00:00+00:00,3805.71,3826.52,3782.14,3814.57,77049.68
2024-06-05T16:00:00+00:00,3814.57,3880.35,3797.1,3878.24,135670.66
2024-06-05T20:00:00+00:00,3878.24,3889.82,3842.85,3867.59,47579.8
2024-06-06T00:00:00+00:00,3867.59,3880.43,3854.2,3862.64,28044.27
2024-06-06T04:00:00+00:00,3862.64,3866.85,3840.7,3852.8,43252.27
2024-06-06T08:00:00+00:00,3852.8,3858.78,3843,3851.53,57441.24
2024-06-06T12:00:00+00:00,3851.53,3868.5,3822.65,3845.68,132865.88
2024-06-06T16:00:00+00:00,3845.68,3856,3786.13,3790.82,192384.83
2024-06-06T20:00:00+00:00,3790.82,3816.79,3758.24,3814.31,121356.59
2024-06-07T00:00:00+00:00,3814.31,3814.7,3791.85,3807.19,40308.47
2024-06-07T04:00:00+00:00,3807.19,3826.96,3806.56,3817.45,53323.45
2024-06-07T08:00:00+00:00,3817.45,3842.5,3802.05,3836.46,56814.62
2024-06-07T12:00:00+00:00,3836.46,3843.36,3772,3801.66,249851.6
2024-06-07T16:00:00+00:00,3801.66,3809.47,3568.58,3687.76,379748.96
2024-06-07T20:00:00+00:00,3687.76,3700.21,3670.31,3678.52,80596.51
2024-06-08T00:00:00+00:00,3678.52,3692.84,3674.07,3689.92,41954.71
2024-06-08T04:00:00+00:00,3689.92,3709.97,3677.39,3709.35,69186.91
2024-06-08T08:00:00+00:00,3709.35,3709.75,3678.15,3682.95,80500.51
2024-06-08T12:00:00+00:00,3682.95,3698,3660.52,3688.34,84390.98
2024-06-08T16:00:00+00:00,3688.34,3694.99,3671.53,3681.97,65044.58
2024-06-08T20:00:00+00:00,3681.97,3684.53,3669.7,3680.98,33331.37
2024-06-09T00:00:00+00:00,3680.98,3684.81,3666.17,3674.18,63303.68
2024-06-09T04:00:00+00:00,3674.18,3691.85,3669,3685.65,34905.14
2024-06-09T08:00:00+00:00,3685.65,3694.82,3682.7,3694.24,14789.66
2024-06-09T12:00:00+00:00,3694.24,3713.27,3680.27,3690.5,79810.19
2024-06-09T16:00:00+00:00,3690.5,3709.67,3688.76,3700.91,39214.88
2024-06-09T20:00:00+00:00,3700.91,3722.85,3694.6,3705.33,44573.69
2024-06-10T00:00:00+00:00,3705.33,3706.34,3679.21,3683.68,58260.72
2024-06-10T04:00:00+00:00,3683.68,3692.05,3642.56,3647.98,96718.68
2024-06-10T08:00:00+00:00,3647.98,3681.36,3646.43,3675.3,82801.64
2024-06-10T12:00:00+00:00,3675.3,3713.72,3662.3,3701.33,84457.63
2024-06-10T16:00:00+00:00,3701.33,3704.95,3663.57,3666.97,70190.64
2024-06-10T20:00:00+00:00,3666.97,3677.12,3649.29,3667.52,80117.59
2024-06-11T00:00:00+00:00,3667.52,3672.63,3565,3595.44,185052.61
2024-06-11T04:00:00+00:00,3595.44,3595.44,3496.84,3533.54,218658.3
2024-06-11T08:00:00+00:00,3533.54,3548.12,3502.3,3529.51,164972.89
2024-06-11T12:00:00+00:00,3529.51,3545.43,3428.73,3445.98,328722.56
2024-06-11T16:00:00+00:00,3445.98,3501.46,3430.41,3495.88,246379.97
2024-06-11T20:00:00+00:00,3495.88,3508.75,3482.32,3496.2,38369.16
2024-06-12T00:00:00+00:00,3496.2,3512.74,3460.11,3508.66,151424.25
2024-06-12T04:00:00+00:00,3508.66,3531.86,3506.17,3525.7,84910.01
2024-06-12T08:00:00+00:00,3525.7,3562.54,3515.53,3530.91,154567.24
2024-06-12T12:00:00+00:00,3530.91,3656.02,3529.93,3616.79,288237.63
2024-06-12T16:00:00+00:00,3616.79,3624.67,3511.59,3528.51,280281.57
2024-06-12T20:00:00+00:00,3528.51,3573.74,3520.22,3559.19,71696
2024-06-13T00:00:00+00:00,3559.19,3560.85,3475.34,3502.49,142537.82
2024-06-13T04:00:00+00:00,3502.49,3516.23,3482.06,3506.24,82481.6
2024-06-13T08:00:00+00:00,3506.24,3510.74,3471.39,3495.28,123028.08
2024-06-13T12:00:00+00:00,3495.28,3533.38,3432.62,3441.59,317194.42
2024-06-13T16:00:00+00:00,3441.59,3490.71,3426.39,3480.48,175666.41
2024-06-13T20:00:00+00:00,3480.48,3490.53,3460.04,3467.84,43445.14
2024-06-14T00:00:00+00:00,3467.84,3507.56,3456.19,3490.19,95947.62
2024-06-14T04:00:00+00:00,3490.19,3531.51,3489.61,3514.42,76867.76
2024-06-14T08:00:00+00:00,3514.42,3528.97,3504.15,3513.76,81861.41
2024-06-14T12:00:00+00:00,3513.76,3523.95,3459.78,3460.55,155698.62
2024-06-14T16:00:00+00:00,3460.55,3466,3360.04,3404.84,284711.49
2024-06-14T20:00:00+00:00,3404.84,3528.84,3401.86,3479.27,203669.88
2024-06-15T00:00:00+00:00,3479.27,3502.41,3471.21,3502.41,48523.73
2024-06-15T04:00:00+00:00,3502.41,3556.94,3496.11,3528.15,128291.56
2024-06-15T08:00:00+00:00,3528.15,3540.86,3517.15,3537.27,129415.83
2024-06-15T12:00:00+00:00,3537.27,3593.13,3535.64,3564.51,154539.22
2024-06-15T16:00:00+00:00,3564.51,3573.99,3550,3557.01,51618.02
2024-06-15T20:00:00+00:00,3557.01,3573.81,3534.7,3566.96,54026.3
2024-06-16T00:00:00+00:00,3566.96,3571.87,3545.93,3552.76,34333.73
2024-06-16T04:00:00+00:00,3552.76,3572.7,3539.08,3560.1,43770.46
2024-06-16T08:00:00+00:00,3560.1,3568.34,3544.95,3552.6,61434.03
2024-06-16T12:00:00+00:00,3552.6,3610.64,3550.74,3589.88,151436.9
2024-06-16T16:00:00+00:00,3589.88,3606.94,3584.57,3596.93,54602.11
2024-06-16T20:00:00+00:00,3596.93,3652.89,3586.16,3621.67,92845.88
2024-06-17T00:00:00+00:00,3621.67,3636.57,3573,3579.59,102687.57
2024-06-17T04:00:00+00:00,3579.59,3593.75,3535.51,3551.16,154169.67
2024-06-17T08:00:00+00:00,3551.16,3559.42,3488.71,3525.38,220522.26
2024-06-17T12:00:00+00:00,3525.38,3545.36,3483.4,3494.94,231071.15
2024-06-17T16:00:00+00:00,3494.94,3576.52,3462.99,3551.42,191188.85
2024-06-17T20:00:00+00:00,3551.42,3553.99,3497.28,3508.34,80955.95
2024-06-18T00:00:00+00:00,3508.34,3514.35,3345.51,3439.3,243897.74
2024-06-18T04:00:00+00:00,3439.3,3460.78,3426.1,3441.28,89104.15
2024-06-18T08:00:00+00:00,3441.28,3449.77,3388.82,3411.57,160157.34
2024-06-18T12:00:00+00:00,3411.57,3439,3368.63,3421.52,235552.21
2024-06-18T16:00:00+00:00,3421.52,3434.27,3384.51,3420.82,90788.32
2024-06-18T20:00:00+00:00,3420.82,3487.69,3410.62,3481.48,92696.71
2024-06-19T00:00:00+00:00,3481.48,3571,3462.98,3563.72,158217.56
2024-06-19T04:00:00+00:00,3563.72,3583,3531.05,3541.83,92675.78
2024-06-19T08:00:00+00:00,3541.83,3562.13,3516.08,3534.54,70167.84
2024-06-19T12:00:00+00:00,3534.54,3548.26,3509.56,3526.92,73228.51
2024-06-19T16:00:00+00:00,3526.92,3585.82,3520.75,3543.77,125844.66
2024-06-19T20:00:00+00:00,3543.77,3574.24,3530,3558.29,41246.33
2024-06-20T00:00:00+00:00,3558.29,3592.11,3531.07,3550.51,95121.53
2024-06-20T04:00:00+00:00,3550.51,3614,3542.25,3605.51,150626.15
2024-06-20T08:00:00+00:00,3605.51,3623.56,3570.09,3596.58,134270.28
2024-06-20T12:00:00+00:00,3596.58,3609.83,3488.66,3504,238098.44
2024-06-20T16:00:00+00:00,3504,3540,3483.5,3534.85,113416.63
2024-06-20T20:00:00+00:00,3534.85,3537.12,3508.12,3510.26,33813.12
2024-06-21T00:00:00+00:00,3510.26,3534.06,3488.79,3498.79,79611.85
2024-06-21T04:00:00+00:00,3498.79,3519,3466.58,3473.38,86119.71
2024-06-21T08:00:00+00:00,3473.38,3526.2,3444.37,3501.61,228487.42
2024-06-21T12:00:00+00:00,3501.61,3517.8,3454.25,3490.01,241407.37
2024-06-21T16:00:00+00:00,3490.01,3532,3468.91,3529.68,95781.85
2024-06-21T20:00:00+00:00,3529.68,3545.56,3497.01,3516.3,60790.68
2024-06-22T00:00:00+00:00,3516.3,3518,3491.83,3504.26,46219.23
2024-06-22T04:00:00+00:00,3504.26,3507.26,3486.9,3491.94,48269.55
2024-06-22T08:00:00+00:00,3491.94,3496.51,3473.47,3490.95,65446.57
2024-06-22T12:00:00+00:00,3490.95,3507.26,3484.98,3502.76,46712.72
2024-06-22T16:00:00+00:00,3502.76,3505.58,3483.42,3489.94,36944.4
2024-06-22T20:00:00+00:00,3489.94,3505,3485,3493.01,14413.29
2024-06-23T00:00:00+00:00,3493.01,3515,3492.12,3514.97,30666.48
2024-06-23T04:00:00+00:00,3514.97,3516.12,3504.89,3509.92,23291.68
2024-06-23T08:00:00+00:00,3509.92,3510.51,3486.34,3495.83,42149.94
2024-06-23T12:00:00+00:00,3495.83,3501.63,3469.14,3472.16,59456.43
2024-06-23T16:00:00+00:00,3472.16,3480.35,3459.09,3477.45,57223.39
2024-06-23T20:00:00+00:00,3477.45,3478.06,3401.57,3418.33,108093.62
2024-06-24T00:00:00+00:00,3418.33,3432,3383.48,3401,105240.55
2024-06-24T04:00:00+00:00,3401,3410.85,3353.6,3366.83,139710.09
2024-06-24T08:00:00+00:00,3366.83,3391.84,3217.15,3318.64,280142.14
2024-06-24T12:00:00+00:00,3318.64,3334.01,3259.07,3277.87,136811.18
2024-06-24T16:00:00+00:00,3277.87,3312.82,3240,3293.17,163144.52
2024-06-24T20:00:00+00:00,3293.17,3361.22,3256,3350.12,164286.16
2024-06-25T00:00:00+00:00,3350.12,3382.49,3334.83,3370.02,65182.2
2024-06-25T04:00:00+00:00,3370.02,3392.54,3354.88,3358.8,67882.98
2024-06-25T08:00:00+00:00,3358.8,3390.36,3346.32,3375.01,79139.88
2024-06-25T12:00:00+00:00,3375.01,3423.37,3355.85,3418.09,125999.41
2024-06-25T16:00:00+00:00,3418.09,3427.78,3380,3413.89,86701.59
2024-06-25T20:00:00+00:00,3413.89,3416.93,3387.11,3392.56,29385.37
2024-06-26T00:00:00+00:00,3392.56,3423.86,3383.21,3392.73,47926.8
2024-06-26T04:00:00+00:00,3392.73,3403.5,3373.83,3400.02,48375.86
2024-06-26T08:00:00+00:00,3400.02,3401.1,3365.21,3379.52,55958.19
2024-06-26T12:00:00+00:00,3379.52,3394.43,3344.21,3359.83,103256.73
2024-06-26T16:00:00+00:00,3359.83,3408,3324.71,3405.66,131179.75
2024-06-26T20:00:00+00:00,3405.66,3416.3,3365.56,3370,56972.46
2024-06-27T00:00:00+00:00,3370,3389.99,3360,3381.2,31439.27
2024-06-27T04:00:00+00:00,3381.2,3386.14,3365,3373.27,32336.02
2024-06-27T08:00:00+00:00,3373.27,3411.21,3368.26,3401.86,75513.83
2024-06-27T12:00:00+00:00,3401.86,3475.42,3401.4,3450,223896.79
2024-06-27T16:00:00+00:00,3450,3464.91,3438,3448.37,54233.91
2024-06-27T20:00:00+00:00,3448.37,3453.75,3438.78,3449.48,27622.89
2024-06-28T00:00:00+00:00,3449.48,3486.66,3435.04,3458.63,86846.21
2024-06-28T04:00:00+00:00,3458.63,3459.71,3425.26,3431.36,44912.58
2024-06-28T08:00:00+00:00,3431.36,3459.25,3419,3450.37,87623.13
2024-06-28T12:00:00+00:00,3450.37,3474.13,3401.52,3412,167125.55
2024-06-28T16:00:00+00:00,3412,3414.46,3362.83,3376.8,112223.29
2024-06-28T20:00:00+00:00,3376.8,3392.78,3367.73,3378.31,33035.31
2024-06-29T00:00:00+00:00,3378.31,3397.77,3378.31,3384.15,37173.66
2024-06-29T04:00:00+00:00,3384.15,3405.73,3379.14,3396.98,43133.6
2024-06-29T08:00:00+00:00,3396.98,3403.6,3385.19,3397.95,31127.09
2024-06-29T12:00:00+00:00,3397.95,3401,3381.76,3392.61,43212.54
2024-06-29T16:00:00+00:00,3392.61,3394.98,3374.01,3385.2,28882.24
2024-06-29T20:00:00+00:00,3385.2,3387.86,3369.12,3376.78,34107.66
2024-06-30T00:00:00+00:00,3376.78,3387.75,3350,3369.04,51270.88
2024-06-30T04:00:00+00:00,3369.04,3397.5,3357.5,3392.21,52298.71
2024-06-30T08:00:00+00:00,3392.21,3397.42,3383.65,3387.09,39850.27
2024-06-30T12:00:00+00:00,3387.09,3402.56,3377.16,3397.27,48872.14
2024-06-30T16:00:00+00:00,3397.27,3430,3389.14,3426.1,83298.06
2024-06-30T20:00:00+00:00,3426.1,3457.51,3407,3435.51,65394.6
2024-07-01T00:00:00+00:00,3435.51,3522,3429.72,3496.41,134183.28
2024-07-01T04:00:00+00:00,3496.41,3497.6,3482.37,3486.48,42106.25
2024-07-01T08:00:00+00:00,3486.48,3492.9,3456.5,3458,79568.37
2024-07-01T12:00:00+00:00,3458,3479.75,3450.92,3472.64,82795.55
2024-07-01T16:00:00+00:00,3472.64,3497,3459.88,3470.51,72861.81
2024-07-01T20:00:00+00:00,3470.51,3473.96,3422,3439.96,73939.6
2024-07-02T00:00:00+00:00,3439.96,3461.72,3433.75,3455,30771.42
2024-07-02T04:00:00+00:00,3455,3462.47,3433.46,3438.04,44159.85
2024-07-02T08:00:00+00:00,3438.04,3453.07,3430.69,3451.2,33345.39
2024-07-02T12:00:00+00:00,3451.2,3460.52,3399.23,3415.29,149674.71
2024-07-02T16:00:00+00:00,3415.29,3431.42,3406.79,3414.11,49678.06
2024-07-02T20:00:00+00:00,3414.11,3427.21,3411.35,3420.83,18825.6
2024-07-03T00:00:00+00:00,3420.83,3430.46,3330,3358.56,149950.99
2024-07-03T04:00:00+00:00,3358.56,3369.8,3350.36,3351.01,59334.52
2024-07-03T08:00:00+00:00,3351.01,3355.04,3280.86,3305,163516.92
2024-07-03T12:00:00+00:00,3305,3322.9,3274,3302.44,162776.98
2024-07-03T16:00:00+00:00,3302.44,3320,3253.67,3265.2,99678.15
2024-07-03T20:00:00+00:00,3265.2,3304,3250,3293.59,53511.18
2024-07-04T00:00:00+00:00,3293.59,3311.75,3152.24,3240.64,235028.75
2024-07-04T04:00:00+00:00,3240.64,3244.45,3168.8,3180.43,107309.23
2024-07-04T08:00:00+00:00,3180.43,3194.06,3122.68,3158.11,199538.22
2024-07-04T12:00:00+00:00,3158.11,3158.11,3088.4,3136.5,196390.69
2024-07-04T16:00:00+00:00,3136.5,3150,3111,3131.72,62092.17
2024-07-04T20:00:00+00:00,3131.72,3167.41,3050,3058.55,110107.84
2024-07-05T00:00:00+00:00,3058.55,3105.83,2868,2919.39,390015.72
2024-07-05T04:00:00+00:00,2919.39,2926.74,2805,2879.99,378293.28
2024-07-05T08:00:00+00:00,2879.99,2955,2821.43,2945.62,298026.66
2024-07-05T16:00:00+00:00,2988.71,2999.24,2956.55,2985.92,92531.22
2024-07-05T20:00:00+00:00,2985.92,2990,2961.6,2979.97,36660.77
2024-07-06T00:00:00+00:00,2979.97,3024.45,2953.19,2978,86376.12
2024-07-06T04:00:00+00:00,2978,3013.53,2959.63,3002.8,83908.31
2024-07-06T08:00:00+00:00,3002.8,3012.78,2983.04,3003.71,56885.06
2024-07-06T12:00:00+00:00,3003.71,3028.64,2990,3018.24,108145.81
2024-07-06T16:00:00+00:00,3018.24,3064.24,3014.06,3055.78,120116.35
2024-07-06T20:00:00+00:00,3055.78,3079.54,3053.85,3064.45,66355.32
2024-07-07T00:00:00+00:00,3064.45,3070.99,3037.12,3048.46,89345.35
2024-07-07T04:00:00+00:00,3048.46,3048.63,2990.74,3001.9,92044.54
2024-07-07T08:00:00+00:00,3001.9,3030.43,3001.46,3013.22,68602.15
2024-07-07T12:00:00+00:00,3013.22,3021.91,2953.06,2968.95,168060.79
2024-07-07T16:00:00+00:00,2968.95,3007.6,2962.38,2983.58,62416.88
2024-07-07T20:00:00+00:00,2983.58,2998,2920.96,2929.5,102878.47
2024-07-08T00:00:00+00:00,2929.5,2949,2821.34,2877.48,278300.32
2024-07-08T04:00:00+00:00,2877.48,2930,2873,2924.87,148931.74
2024-07-08T08:00:00+00:00,2924.87,3095.37,2920.7,3052.46,387281.18
2024-07-08T12:00:00+00:00,3052.46,3062.24,2887.91,2967.48,418652.38
2024-07-08T16:00:00+00:00,2967.48,3006.97,2942.73,3002.42,100272.43
2024-07-08T20:00:00+00:00,3002.42,3044,2982,3017.23,65364.77
2024-07-09T00:00:00+00:00,3017.23,3075,3002.12,3062.39,149278.28
2024-07-09T04:00:00+00:00,3062.39,3086,3052.32,3060,105554.56
2024-07-09T08:00:00+00:00,3060,3114.21,3053.38,3082.5,103372.64
2024-07-09T12:00:00+00:00,3082.5,3107.45,3033.89,3065.48,172906.47
2024-07-09T16:00:00+00:00,3065.48,3086.71,3044.37,3066.43,79510
2024-07-09T20:00:00+00:00,3066.43,3077.28,3045,3064.42,57942.39
2024-07-10T00:00:00+00:00,3064.42,3080.6,3021.49,3078.27,109113.59
2024-07-10T04:00:00+00:00,3078.27,3128.99,3077.93,3094.95,192528.14
2024-07-10T08:00:00+00:00,3094.95,3106.84,3076.23,3099.97,90504.79
2024-07-10T12:00:00+00:00,3099.97,3126.88,3076.72,3119.87,156939.09
2024-07-10T16:00:00+00:00,3119.87,3148.44,3088.5,3104.68,146309.65
2024-07-10T20:00:00+00:00,3104.68,3109,3078,3098.44,43844.02
2024-07-11T00:00:00+00:00,3098.44,3126.18,3052.09,3075.12,89143.02
2024-07-11T04:00:00+00:00,3075.12,3119.92,3072.83,3111.63,68213.77
2024-07-11T08:00:00+00:00,3111.63,3154.56,3111.38,3144.76,138424.7
2024-07-11T12:00:00+00:00,3144.76,3215.03,3101.9,3115.5,316919.29
2024-07-11T16:00:00+00:00,3115.5,3145.65,3097,3104.5,90848.3
2024-07-11T20:00:00+00:00,3104.5,3119.97,3083.52,3097.47,80885.54
2024-07-12T00:00:00+00:00,3097.47,3115.58,3053.06,3083.48,123216.94
2024-07-12T04:00:00+00:00,3083.48,3096.47,3055.51,3070.43,112473.29
2024-07-12T08:00:00+00:00,3070.43,3083.6,3043.43,3068.14,96729.35
2024-07-12T12:00:00+00:00,3068.14,3137.84,3056,3129.7,151953.22
2024-07-12T16:00:00+00:00,3129.7,3154.56,3111.33,3114.03,130714.83
2024-07-12T20:00:00+00:00,3114.03,3132.94,3088,3132.04,60823.81
2024-07-13T00:00:00+00:00,3132.04,3137.19,3116.95,3118.81,29772.52
2024-07-13T04:00:00+00:00,3118.81,3139.38,3112.01,3138.3,57582.27
2024-07-13T08:00:00+00:00,3138.3,3169.8,3126.89,3154.12,108235.98
2024-07-13T12:00:00+00:00,3154.12,3163.08,3140,3152.79,59826.86
2024-07-13T16:00:00+00:00,3152.79,3163.16,3145,3161.51,29414.83
2024-07-13T20:00:00+00:00,3161.51,3198.9,3142.52,3173.26,77078.55
2024-07-14T00:00:00+00:00,3173.26,3191.69,3162.38,3170.95,42391.21
2024-07-14T04:00:00+00:00,3170.95,3204.91,3168.7,3192.76,88585.84
2024-07-14T08:00:00+00:00,3192.76,3224.51,3192.76,3199.97,93069.45
2024-07-14T12:00:00+00:00,3199.97,3201.78,3172.39,3187.99,73589.15
2024-07-14T16:00:00+00:00,3187.99,3195.97,3180.65,3188.97,47643.78
2024-07-14T20:00:00+00:00,3188.97,3265.9,3187.94,3243.02,146688.9
2024-07-15T00:00:00+00:00,3243.02,3340,3231,3326.98,188582.8
2024-07-15T04:00:00+00:00,3326.98,3366.82,3318.29,3353.3,106173.99
2024-07-15T08:00:00+00:00,3353.3,3370.55,3327.11,3338.02,88406.21
2024-07-15T12:00:00+00:00,3338.02,3392.28,3331.38,3365.29,102690.34
2024-07-15T16:00:00+00:00,3365.29,3428,3355.11,3402,150403.51
2024-07-15T20:00:00+00:00,3402,3492.19,3401.56,3481.18,118944.29
2024-07-16T00:00:00+00:00,3481.18,3495.39,3453.48,3467.29,78000.36
2024-07-16T04:00:00+00:00,3467.29,3475.68,3371.43,3376.71,184922.05
2024-07-16T08:00:00+00:00,3376.71,3423.16,3344.82,3417.05,169135.9
2024-07-16T12:00:00+00:00,3417.05,3484.02,3374.32,3474.66,191168.45
2024-07-16T16:00:00+00:00,3474.66,3493,3439.74,3471.87,118298.67
2024-07-16T20:00:00+00:00,3471.87,3472.52,3414,3441.83,65329.25
2024-07-17T00:00:00+00:00,3441.83,3515,3439.76,3478.38,106122.9
2024-07-17T04:00:00+00:00,3478.38,3512.25,3469.33,3483.84,109263.3
2024-07-17T08:00:00+00:00,3483.84,3499.24,3440.01,3447.11,112023.32
2024-07-17T12:00:00+00:00,3447.11,3473.51,3431.02,3436.01,116800.18
2024-07-17T16:00:00+00:00,3436.01,3438.64,3375.8,3414.35,129201.61
2024-07-17T20:00:00+00:00,3414.35,3426.44,3383.26,3384.87,50065.51
2024-07-18T00:00:00+00:00,3384.87,3439.04,3381.01,3429.87,78462.73
2024-07-18T04:00:00+00:00,3429.87,3452.47,3406.4,3430.57,74158.57
2024-07-18T08:00:00+00:00,3430.57,3458.01,3429.26,3456.49,62289.17
2024-07-18T12:00:00+00:00,3456.49,3487.11,3382.11,3386.76,219320.98
2024-07-18T16:00:00+00:00,3386.76,3420,3364.39,3402.46,132712.04
2024-07-18T20:00:00+00:00,3402.46,3435.44,3394.21,3424.45,55257.34
2024-07-19T00:00:00+00:00,3424.45,3430.76,3381.8,3427.88,70040.84
2024-07-19T04:00:00+00:00,3427.88,3448,3386,3392.15,83963.69
2024-07-19T08:00:00+00:00,3392.15,3408,3376.54,3401.47,109878.83
2024-07-19T12:00:00+00:00,3401.47,3472.99,3393.95,3461.73,193518.04
2024-07-19T16:00:00+00:00,3461.73,3538.92,3461.73,3520.38,195185.55
2024-07-19T20:00:00+00:00,3520.38,3524.88,3490.07,3502.31,60055.22
2024-07-20T00:00:00+00:00,3502.31,3506,3477.19,3493,38885.61
2024-07-20T04:00:00+00:00,3493,3505.97,3485.07,3485.07,38489.77
2024-07-20T08:00:00+00:00,3485.07,3492.12,3478,3482.53,45100.56
2024-07-20T12:00:00+00:00,3482.53,3505.55,3479.09,3501.38,46182.85
2024-07-20T16:00:00+00:00,3501.38,3537.91,3489.67,3512.35,129985.02
2024-07-20T20:00:00+00:00,3512.35,3524.38,3498,3514.85,30890.74
2024-07-21T00:00:00+00:00,3514.85,3526.69,3501.56,3508.79,42010.73
2024-07-21T04:00:00+00:00,3508.79,3511.05,3473.92,3482.18,66585.06
2024-07-21T08:00:00+00:00,3482.18,3504.71,3481.55,3496.47,41803.42
2024-07-21T12:00:00+00:00,3496.47,3514.7,3480.19,3497.76,62708.08
2024-07-21T16:00:00+00:00,3497.76,3523.61,3408.6,3488.09,248279.53
2024-07-21T20:00:00+00:00,3488.09,3544.33,3479.7,3533.3,115100.67
2024-07-22T00:00:00+00:00,3533.3,3562.4,3513.13,3515.46,78152.96
2024-07-22T04:00:00+00:00,3515.46,3520.39,3456.56,3475.49,157523.7
2024-07-22T08:00:00+00:00,3475.49,3502.22,3467.15,3498.13,146630.49
2024-07-22T12:00:00+00:00,3498.13,3503.82,3435,3453.79,173367.39
2024-07-22T16:00:00+00:00,3453.79,3496.53,3441.99,3495,161996.39
2024-07-22T20:00:00+00:00,3495,3497.62,3420.87,3437.49,143783.81
2024-07-23T00:00:00+00:00,3437.49,3488.63,3433.55,3473.19,142115.62
2024-07-23T04:00:00+00:00,3473.19,3481.67,3422.23,3452.98,176993.92
2024-07-23T08:00:00+00:00,3452.98,3537,3450.43,3514.59,206437
2024-07-23T12:00:00+00:00,3514.59,3517.7,3427.31,3452.04,235087.76
2024-07-23T16:00:00+00:00,3452.04,3495.12,3388,3455.37,245377.95
2024-07-23T20:00:00+00:00,3455.37,3498.43,3452.92,3479.92,205097.24
2024-07-24T00:00:00+00:00,3479.92,3486.24,3425.14,3446.16,136343.3
2024-07-24T04:00:00+00:00,3446.16,3450.02,3426.8,3444.7,75571.76
2024-07-24T08:00:00+00:00,3444.7,3469.92,3441.02,3458,76797.65
2024-07-24T12:00:00+00:00,3458,3470.46,3408,3413.06,212694.35
2024-07-24T16:00:00+00:00,3413.06,3430.61,3356,3361.03,218286.51
2024-07-24T20:00:00+00:00,3361.03,3375.62,3288,3333.89,246939.62
2024-07-25T00:00:00+00:00,3333.89,3340.7,3149.86,3165.63,538415.11
2024-07-25T04:00:00+00:00,3165.63,3192.29,3127.01,3168.94,199355.85
2024-07-25T08:00:00+00:00,3168.94,3185.97,3150.16,3170.1,153801.05
2024-07-25T12:00:00+00:00,3170.1,3181.81,3103.41,3140.04,306137.51
2024-07-25T16:00:00+00:00,3140.04,3171.23,3099,3121.68,189757.08
2024-07-25T20:00:00+00:00,3121.68,3196.56,3084.81,3173.22,256181.79
2024-07-26T00:00:00+00:00,3173.22,3257.94,3168.44,3234.32,194816
2024-07-26T04:00:00+00:00,3234.32,3274.18,3231.1,3248.65,125362.35
2024-07-26T08:00:00+00:00,3248.65,3262,3234,3246.49,91274.54
2024-07-26T12:00:00+00:00,3246.49,3269.74,3220,3252.68,185028.55
2024-07-26T16:00:00+00:00,3252.68,3283.42,3240.13,3271.77,104912.2
2024-07-26T20:00:00+00:00,3271.77,3283.66,3249.33,3272.19,58911.84
2024-07-27T00:00:00+00:00,3272.19,3272.65,3241.43,3242.85,75932.31
2024-07-27T04:00:00+00:00,3242.85,3276.2,3242.22,3270.49,42158.43
2024-07-27T08:00:00+00:00,3270.49,3280.23,3261.85,3276.19,54480.74
2024-07-27T12:00:00+00:00,3276.19,3325.17,3269,3279.19,212453.72
2024-07-27T16:00:00+00:00,3279.19,3289.41,3228.53,3259.25,203037.66
2024-07-27T20:00:00+00:00,3259.25,3292.09,3188.22,3247.53,223628.81
2024-07-28T00:00:00+00:00,3247.53,3254,3224.73,3235.85,63647.02
2024-07-28T04:00:00+00:00,3235.85,3242.02,3196.17,3225.68,79843.77
2024-07-28T08:00:00+00:00,3225.68,3263.19,3213.75,3254.44,64703.83
2024-07-28T12:00:00+00:00,3254.44,3277,3252.69,3267.09,86763.15
2024-07-28T16:00:00+00:00,3267.09,3283.12,3260.07,3269.99,38811.77
2024-07-28T20:00:00+00:00,3269.99,3272.07,3248.86,3267.64,40997.07
2024-07-29T00:00:00+00:00,3267.64,3354.54,3264.53,3347.81,138433.51
2024-07-29T04:00:00+00:00,3347.81,3387.5,3338.18,3365.38,121662.51
2024-07-29T08:00:00+00:00,3365.38,3395.61,3360.53,3373.36,85813.86
2024-07-29T12:00:00+00:00,3373.36,3385.65,3287.73,3306.19,252776.98
2024-07-29T16:00:00+00:00,3306.19,3322.18,3256.76,3308.9,200711.64
2024-07-29T20:00:00+00:00,3308.9,3351.11,3307.23,3315.8,79967.43
2024-07-30T00:00:00+00:00,3315.8,3336.37,3280.01,3318.84,139236.38
2024-07-30T04:00:00+00:00,3318.84,3350,3296,3339.16,86047.99
2024-07-30T08:00:00+00:00,3339.16,3353.86,3325,3333.03,62532.64
2024-07-30T12:00:00+00:00,3333.03,3363.95,3288.92,3318.6,158878.34
2024-07-30T16:00:00+00:00,3318.6,3325.72,3260,3270.19,173101.9
2024-07-30T20:00:00+00:00,3270.19,3283.11,3230,3277.08,89528.79
2024-07-31T00:00:00+00:00,3277.08,3303,3259.54,3293.14,54821.52
2024-07-31T04:00:00+00:00,3293.14,3330,3260.96,3315.09,84767.24
2024-07-31T08:00:00+00:00,3315.09,3325,3305,3321,48048.41
2024-07-31T12:00:00+00:00,3321,3348.22,3295.04,3300.38,148449.55
2024-07-31T16:00:00+00:00,3300.38,3325,3242.17,3264.21,201517.4
2024-07-31T20:00:00+00:00,3264.21,3269.49,3212.8,3230.96,144262.35
2024-08-01T00:00:00+00:00,3230.96,3240.7,3168.84,3177.01,139554.01
2024-08-01T04:00:00+00:00,3177.01,3186.93,3134.05,3164.46,172899.31
2024-08-01T08:00:00+00:00,3164.46,3191.84,3162.88,3186.44,51464.82
2024-08-01T12:00:00+00:00,3186.44,3205.48,3100.5,3114.52,258118.89
2024-08-01T16:00:00+00:00,3114.52,3133.98,3077.79,3130.04,221524.15
2024-08-01T20:00:00+00:00,3130.04,3215.43,3118.9,3201.01,149210.14
2024-08-02T00:00:00+00:00,3201.01,3215,3134,3166.43,125498.31
2024-08-02T04:00:00+00:00,3166.43,3173.68,3124.21,3146.43,113622
2024-08-02T08:00:00+00:00,3146.43,3164.03,3132.06,3151.34,50466.26
2024-08-02T12:00:00+00:00,3151.34,3181.13,2983.42,3036.9,543536.02
2024-08-02T16:00:00+00:00,3036.9,3046.42,2992.28,3009.99,194926.44
2024-08-02T20:00:00+00:00,3009.99,3040,2965,2988.01,216628.58
2024-08-03T00:00:00+00:00,2988.01,3001.86,2912,2980.04,251473.32
2024-08-03T04:00:00+00:00,2980.04,2994.72,2956.27,2981.96,77205.12
2024-08-03T08:00:00+00:00,2981.96,3002.82,2972.34,2994.56,46747.32
2024-08-03T12:00:00+00:00,2994.56,3015.78,2936.04,2940.05,224847.66
2024-08-03T16:00:00+00:00,2940.05,2953.46,2876.13,2891.66,316867.61
2024-08-03T20:00:00+00:00,2891.66,2920.69,2856,2901.28,171342.02
2024-08-04T00:00:00+00:00,2901.28,2932.14,2874,2913.19,64441.47
2024-08-04T04:00:00+00:00,2913.19,2919.27,2885.97,2890.91,62559.11
2024-08-04T08:00:00+00:00,2890.91,2923,2875,2912.25,98105.24
2024-08-04T12:00:00+00:00,2912.25,2922.93,2817.69,2824.27,293865.91
2024-08-04T16:00:00+00:00,2824.27,2837.08,2621.84,2755.65,601722.23
2024-08-04T20:00:00+00:00,2755.65,2769.2,2679.07,2686.94,143737.27
2024-08-05T00:00:00+00:00,2686.94,2695.26,2091.56,2311.72,1726006.89
2024-08-05T04:00:00+00:00,2311.72,2385.15,2153.56,2356.5,966099.81
2024-08-05T08:00:00+00:00,2356.5,2361.41,2223,2289.3,746049.12
2024-08-05T12:00:00+00:00,2289.3,2459.88,2182,2448.72,1059420.68
2024-08-05T16:00:00+00:00,2448.72,2515.71,2362.17,2403.37,437310.03
2024-08-05T20:00:00+00:00,2403.37,2472.97,2400.29,2417.13,207636.75
2024-08-06T00:00:00+00:00,2417.13,2545.02,2414.15,2489.57,219016.69
2024-08-06T04:00:00+00:00,2489.57,2533.46,2476.3,2521.27,146915.36
2024-08-06T08:00:00+00:00,2521.27,2523.32,2438.78,2455.85,200090.39
2024-08-06T12:00:00+00:00,2455.85,2554.6,2414,2525.55,386311
2024-08-06T16:00:00+00:00,2525.55,2547.44,2478.84,2490.38,198765.47
2024-08-06T20:00:00+00:00,2490.38,2511.8,2444.13,2459.25,115348.28
2024-08-07T00:00:00+00:00,2459.25,2527.8,2425,2505.21,196847.44
2024-08-07T04:00:00+00:00,2505.21,2532.4,2483.37,2508.22,114188.83
2024-08-07T08:00:00+00:00,2508.22,2550,2469.61,2471.11,207998.86
2024-08-07T12:00:00+00:00,2471.11,2485.61,2363,2412.21,446910.75
2024-08-07T16:00:00+00:00,2412.21,2413.98,2325.03,2349,238817.79
2024-08-07T20:00:00+00:00,2349,2368.24,2307,2341.22,184252.36
2024-08-08T04:00:00+00:00,2428.63,2443.62,2410,2411.31,94488.7
2024-08-08T08:00:00+00:00,2411.31,2458.83,2407,2445.82,114782.83
2024-08-08T12:00:00+00:00,2445.82,2525.35,2410,2504.96,388949.37
2024-08-08T16:00:00+00:00,2504.96,2606.12,2502.17,2571.91,286219.46
2024-08-08T20:00:00+00:00,2571.91,2722.57,2565.63,2680.62,243496.83
2024-08-09T00:00:00+00:00,2680.62,2699.61,2644.76,2692.49,155150.26
2024-08-09T04:00:00+00:00,2692.49,2706.76,2646.87,2668.13,151421.06
2024-08-09T08:00:00+00:00,2668.13,2679.09,2616.39,2632.5,150022.37
2024-08-09T12:00:00+00:00,2632.5,2662.35,2554.33,2556.39,376098.88
2024-08-09T16:00:00+00:00,2556.39,2607.84,2550.49,2587.92,105910.23
2024-08-09T20:00:00+00:00,2587.92,2611.63,2559.53,2596.54,69249.98
2024-08-10T00:00:00+00:00,2596.54,2642.33,2574.8,2600.63,102750.92
2024-08-10T04:00:00+00:00,2600.63,2635.6,2586.53,2632.54,79789.16
2024-08-10T08:00:00+00:00,2632.54,2640.98,2620.79,2634.9,64361.29
2024-08-10T12:00:00+00:00,2634.9,2635.24,2594.06,2597.86,106227.75
2024-08-10T16:00:00+00:00,2597.86,2620.82,2586.86,2601.51,86232.27
2024-08-10T20:00:00+00:00,2601.51,2616.15,2594.26,2608.04,29689.24
2024-08-11T00:00:00+00:00,2608.04,2666.2,2604.28,2644.5,93809.62
2024-08-11T04:00:00+00:00,2644.5,2680.32,2632.06,2674.55,70856.57
2024-08-11T08:00:00+00:00,2674.55,2717,2642.82,2651.39,179016.69
2024-08-11T12:00:00+00:00,2651.39,2654.27,2592.22,2611.89,222484.66
2024-08-11T16:00:00+00:00,2611.89,2644.21,2594.06,2597.57,117052.3
2024-08-11T20:00:00+00:00,2597.57,2601.07,2538.33,2553.18,180565.85
2024-08-12T00:00:00+00:00,2553.18,2576.52,2507.37,2539.31,126044.71
2024-08-12T04:00:00+00:00,2539.31,2581.05,2514.07,2565.41,133968.91
2024-08-12T08:00:00+00:00,2565.41,2681.82,2557,2671.58,264107.28
2024-08-12T12:00:00+00:00,2671.58,2721.31,2590.56,2687.31,528125.13
2024-08-12T16:00:00+00:00,2687.31,2696.46,2625.52,2657.22,129167.75
2024-08-12T20:00:00+00:00,2657.22,2748,2656.42,2720.74,183529.97
2024-08-13T00:00:00+00:00,2720.74,2736.69,2648.2,2654.66,288216.11
2024-08-13T04:00:00+00:00,2654.66,2662.25,2633.6,2646.51,111051.67
2024-08-13T08:00:00+00:00,2646.51,2655.97,2609.09,2642.38,150438.99
2024-08-13T12:00:00+00:00,2642.38,2673.2,2629.05,2650.43,221828.49
2024-08-13T16:00:00+00:00,2650.43,2728.76,2648,2709.57,214803.88
2024-08-13T20:00:00+00:00,2709.57,2732.94,2690.59,2702.09,78152.11
2024-08-14T00:00:00+00:00,2702.09,2723.75,2683.36,2707.2,94333.98
2024-08-14T04:00:00+00:00,2707.2,2748.17,2705.52,2725.79,105379.29
2024-08-14T08:00:00+00:00,2725.79,2760.1,2712.45,2747.61,144846.34
2024-08-14T12:00:00+00:00,2747.61,2780,2630.05,2672.1,430113.55
2024-08-14T16:00:00+00:00,2672.1,2672.1,2640,2667.35,112713.19
2024-08-14T20:00:00+00:00,2667.35,2678.33,2639.24,2659.11,45620.48
2024-08-15T00:00:00+00:00,2659.11,2671.56,2631.43,2650.35,99788.82
2024-08-15T04:00:00+00:00,2650.35,2655.36,2587.32,2612.78,165007.08
2024-08-15T08:00:00+00:00,2612.78,2642.11,2603.51,2635.58,80205.44
2024-08-15T12:00:00+00:00,2635.58,2673.1,2631.05,2666.26,202068.15
2024-08-15T16:00:00+00:00,2666.26,2672.99,2520,2547.46,290950.75
2024-08-15T20:00:00+00:00,2547.46,2587.36,2513.32,2567.8,151789.11
2024-08-16T00:00:00+00:00,2567.8,2608.11,2550.54,2578.01,85386.49
2024-08-16T04:00:00+00:00,2578.01,2626.75,2576.42,2615.28,85331.8
2024-08-16T08:00:00+00:00,2615.28,2624.66,2604.72,2610.87,81549.44
2024-08-16T12:00:00+00:00,2610.87,2616.82,2548.58,2567.15,294362.97
2024-08-16T16:00:00+00:00,2567.15,2629.46,2561.9,2617.57,180451.04
2024-08-16T20:00:00+00:00,2617.57,2624.19,2584.69,2590.91,74594.81
2024-08-17T00:00:00+00:00,2590.91,2605.92,2584.91,2593.22,38360.87
2024-08-17T04:00:00+00:00,2593.22,2601.7,2588.64,2598.06,32724.34
2024-08-17T08:00:00+00:00,2598.06,2605.61,2590.96,2596.96,45804.24
2024-08-17T12:00:00+00:00,2596.96,2617.32,2594.5,2604.93,94248.6
2024-08-17T16:00:00+00:00,2604.93,2625.54,2604.63,2612.94,62512.82
2024-08-17T20:00:00+00:00,2612.94,2615.79,2597.56,2612.64,53009.73
2024-08-18T00:00:00+00:00,2612.64,2636.53,2603.05,2604.55,104803.61
2024-08-18T04:00:00+00:00,2604.55,2608.24,2592.18,2605.8,67126.27
2024-08-18T08:00:00+00:00,2605.8,2665,2603.54,2647.5,137723.41
2024-08-18T12:00:00+00:00,2647.5,2686,2640.76,2669.18,145817.8
2024-08-18T16:00:00+00:00,2669.18,2676.81,2641.12,2665.48,69894.82
2024-08-18T20:00:00+00:00,2665.48,2668.47,2608,2609.73,95394.14
2024-08-19T00:00:00+00:00,2609.73,2646.01,2602,2643.22,106053.12
2024-08-19T04:00:00+00:00,2643.22,2646.47,2609.48,2611.99,96465.9
2024-08-19T08:00:00+00:00,2611.99,2620,2566,2585.95,191063.67
2024-08-19T12:00:00+00:00,2585.95,2602.57,2561.07,2582.11,140582.01
2024-08-19T16:00:00+00:00,2582.11,2627.98,2572.62,2604.78,130154.62
2024-08-19T20:00:00+00:00,2604.78,2638.76,2602.11,2634.66,39364.69
2024-08-20T00:00:00+00:00,2634.66,2675.51,2618.81,2659,115906.79
2024-08-20T04:00:00+00:00,2659,2693.61,2655.32,2672.2,119453.61
2024-08-20T08:00:00+00:00,2672.2,2674.14,2637.38,2640.27,92955.57
2024-08-20T12:00:00+00:00,2640.27,2654.24,2553,2573.12,327142.1
2024-08-20T16:00:00+00:00,2573.12,2605.15,2563.07,2599.43,107062.79
2024-08-20T20:00:00+00:00,2599.43,2608.09,2563,2571.05,71567.9
2024-08-21T00:00:00+00:00,2571.05,2595.78,2555.29,2589.4,70836.05
2024-08-21T04:00:00+00:00,2589.4,2604.38,2586.73,2598.66,44510.7
2024-08-21T08:00:00+00:00,2598.66,2606.26,2565.11,2576.31,86965.05
2024-08-21T12:00:00+00:00,2576.31,2616.28,2533.95,2599.59,300537.81
2024-08-21T16:00:00+00:00,2599.59,2648.75,2590.12,2645.19,134067.2
2024-08-21T20:00:00+00:00,2645.19,2662.58,2618.2,2628.77,95371.99
2024-08-22T00:00:00+00:00,2628.77,2638.25,2581.72,2614.14,115081.62
2024-08-22T04:00:00+00:00,2614.14,2640.86,2611.61,2634.35,78559.92
2024-08-22T08:00:00+00:00,2634.35,2642,2618.37,2639.67,71905.16
2024-08-22T12:00:00+00:00,2639.67,2643.13,2588.52,2597.68,179651.42
2024-08-22T16:00:00+00:00,2597.68,2617.49,2595.29,2603.74,87005.74
2024-08-22T20:00:00+00:00,2603.74,2625.78,2603.74,2620.99,62662.4
2024-08-23T00:00:00+00:00,2620.99,2650.52,2619.59,2633.61,80731.62
2024-08-23T04:00:00+00:00,2633.61,2689.52,2632.74,2667.3,164994.18
2024-08-23T08:00:00+00:00,2667.3,2679.33,2650,2650.98,96365.4
2024-08-23T12:00:00+00:00,2650.98,2698.23,2630.24,2669.26,388847.08
2024-08-23T16:00:00+00:00,2669.26,2749.22,2661.27,2745.51,303100.42
2024-08-23T20:00:00+00:00,2745.51,2798.49,2743.41,2760.72,199979.06
2024-08-24T00:00:00+00:00,2760.72,2768.04,2740.18,2744.58,69000.42
2024-08-24T04:00:00+00:00,2744.58,2763.54,2737,2756.85,49294.49
2024-08-24T08:00:00+00:00,2756.85,2783,2753.22,2754.34,93651.56
2024-08-24T12:00:00+00:00,2754.34,2762.5,2749.48,2758.53,86592.85
2024-08-24T16:00:00+00:00,2758.53,2817.8,2758,2790.66,306204.48
2024-08-24T20:00:00+00:00,2790.66,2805.36,2729.63,2766.17,175763.97
2024-08-25T00:00:00+00:00,2766.17,2780.83,2746.42,2762.18,79947.83
2024-08-25T04:00:00+00:00,2762.18,2768.59,2731.45,2741.34,84849.62
2024-08-25T08:00:00+00:00,2741.34,2759.18,2735.03,2749.35,62385.23
2024-08-25T12:00:00+00:00,2749.35,2771.24,2744.51,2762.14,72126.45
2024-08-25T16:00:00+00:00,2762.14,2771.43,2758.3,2764.36,39371.76
2024-08-25T20:00:00+00:00,2764.36,2790,2737.63,2743.85,98751.78
2024-08-26T00:00:00+00:00,2743.85,2760.76,2718.89,2742.22,112831.02
2024-08-26T04:00:00+00:00,2742.22,2750.06,2727,2732,70824.73
2024-08-26T08:00:00+00:00,2732,2746.78,2710.28,2735.53,136961.68
2024-08-26T12:00:00+00:00,2735.53,2740.52,2701.03,2719.88,186558.52
2024-08-26T16:00:00+00:00,2719.88,2730,2674,2678.72,161508.59
2024-08-26T20:00:00+00:00,2678.72,2691.61,2665,2678.57,77472.82
2024-08-27T00:00:00+00:00,2678.57,2692.37,2666,2683.64,94344.11
2024-08-27T04:00:00+00:00,2683.64,2698,2672.34,2686.34,100970.09
2024-08-27T08:00:00+00:00,2686.34,2690.36,2617.07,2625.18,224864.47
2024-08-27T12:00:00+00:00,2625.18,2627.5,2555.88,2577.78,410240.91
2024-08-27T16:00:00+00:00,2577.78,2590.38,2561.23,2583.12,138715.03
2024-08-27T20:00:00+00:00,2583.12,2586.75,2391.07,2455,451281.94
2024-08-28T00:00:00+00:00,2455,2478.07,2417.08,2476.45,182381.4
2024-08-28T04:00:00+00:00,2476.45,2483.57,2432,2435.34,125597.49
2024-08-28T08:00:00+00:00,2435.34,2548.47,2428,2521.2,282439.87
2024-08-28T12:00:00+00:00,2521.2,2537.37,2467,2494.49,350111.92
2024-08-28T16:00:00+00:00,2494.49,2544.68,2455,2503.16,319318.99
2024-08-28T20:00:00+00:00,2503.16,2553.12,2502.74,2526.18,136327.26
2024-08-29T00:00:00+00:00,2526.18,2535.88,2509.8,2520.64,87012.76
2024-08-29T04:00:00+00:00,2520.64,2557.44,2516.29,2545.12,104243.7
2024-08-29T08:00:00+00:00,2545.12,2572,2535.69,2554.25,133830.98
2024-08-29T12:00:00+00:00,2554.25,2593.66,2550,2574.22,198079.06
2024-08-29T16:00:00+00:00,2574.22,2583.45,2508.17,2526.6,224067.78
2024-08-29T20:00:00+00:00,2526.6,2541.9,2503.91,2525.39,74634.25
2024-08-30T00:00:00+00:00,2525.39,2533.46,2503,2514.76,109087.24
2024-08-30T04:00:00+00:00,2514.76,2531.4,2502.17,2515.41,130274.5
2024-08-30T08:00:00+00:00,2515.41,2527.19,2506,2510.62,73922.29
2024-08-30T12:00:00+00:00,2510.62,2549.8,2433.28,2446.81,570274.78
2024-08-30T16:00:00+00:00,2446.81,2540.57,2430.12,2505.46,345464.44
2024-08-30T20:00:00+00:00,2505.46,2528.83,2504.1,2524,44694.36
2024-08-31T00:00:00+00:00,2524,2532.69,2517.09,2521.44,25870.26
2024-08-31T04:00:00+00:00,2521.44,2527.81,2516.08,2519.05,19721.34
2024-08-31T08:00:00+00:00,2519.05,2528.33,2509.51,2523.27,52795.17
2024-08-31T12:00:00+00:00,2523.27,2526.2,2512,2517.14,42055.15
2024-08-31T16:00:00+00:00,2517.14,2518,2490.1,2497.59,93539.09
2024-08-31T20:00:00+00:00,2497.59,2526.93,2492.02,2511.25,50268.42
2024-09-01T00:00:00+00:00,2511.25,2514.52,2474.47,2486.95,104783.12
2024-09-01T04:00:00+00:00,2486.95,2489.2,2457.08,2484.89,117860.25
2024-09-01T08:00:00+00:00,2484.89,2491.54,2456.71,2476.09,87933.72
2024-09-01T12:00:00+00:00,2476.09,2487.69,2436.66,2478.9,142567.38
2024-09-01T16:00:00+00:00,2478.9,2512.82,2455,2499.34,125656.43
2024-09-01T20:00:00+00:00,2499.34,2514.85,2396.53,2424.79,264319.24
2024-09-02T00:00:00+00:00,2424.79,2453.53,2421.41,2448.57,150476.7
2024-09-02T04:00:00+00:00,2448.57,2464.6,2432,2439.18,138083.73
2024-09-02T08:00:00+00:00,2439.18,2536.35,2436.76,2513.96,232193.19
2024-09-02T12:00:00+00:00,2513.96,2526.45,2490.4,2511.47,161554.16
2024-09-02T16:00:00+00:00,2511.47,2529.6,2503.88,2522.79,60047.22
2024-09-02T20:00:00+00:00,2522.79,2563.09,2520.51,2536.18,91524.65
2024-09-03T00:00:00+00:00,2536.18,2552.47,2513,2514.55,92433.5
2024-09-03T04:00:00+00:00,2514.55,2523.1,2510.37,2518.14,46841.44
2024-09-03T08:00:00+00:00,2518.14,2518.77,2492.4,2507.28,104191.94
2024-09-03T12:00:00+00:00,2507.28,2517.13,2433.67,2442.48,285302.88
2024-09-03T16:00:00+00:00,2442.48,2467.17,2433.62,2446.12,93215.59
2024-09-03T20:00:00+00:00,2446.12,2468.5,2411.59,2424.81,112200.82
2024-09-04T00:00:00+00:00,2424.81,2447.49,2304.07,2371.37,420747.77
2024-09-04T04:00:00+00:00,2371.37,2412.73,2361.71,2399.42,128818.36
2024-09-04T08:00:00+00:00,2399.42,2408.8,2386,2397.13,92311.73
2024-09-04T12:00:00+00:00,2397.13,2456.85,2391.38,2453.12,287030.27
2024-09-04T16:00:00+00:00,2453.12,2489.07,2437.2,2450.1,205616.15
2024-09-04T20:00:00+00:00,2450.1,2467.8,2441.12,2448.78,44365.28
2024-09-05T00:00:00+00:00,2448.78,2464.4,2402.07,2403.8,147641.35
2024-09-05T04:00:00+00:00,2403.8,2416.94,2374.5,2410.53,154433.46
2024-09-05T08:00:00+00:00,2410.53,2414.65,2381.37,2388.15,101261.54
2024-09-05T12:00:00+00:00,2388.15,2413.68,2353.61,2369.29,314363.58
2024-09-05T16:00:00+00:00,2369.29,2394.76,2345.31,2362.05,137174.94
2024-09-05T20:00:00+00:00,2362.05,2376.71,2347.84,2366.99,70815.08
2024-09-06T00:00:00+00:00,2366.99,2406.99,2355.6,2390.78,91393.7
2024-09-06T04:00:00+00:00,2390.78,2395.62,2319.04,2342.78,214943.83
2024-09-06T08:00:00+00:00,2342.78,2378.05,2337.1,2371.53,146930.68
2024-09-06T12:00:00+00:00,2371.53,2407.5,2264.41,2288.62,659166.42
2024-09-06T16:00:00+00:00,2288.62,2291.61,2205.9,2221.25,630949.38
2024-09-06T20:00:00+00:00,2221.25,2228.36,2149.14,2223.03,510166.99
2024-09-07T00:00:00+00:00,2223.03,2240.87,2220.01,2236.35,84609.7
2024-09-07T04:00:00+00:00,2236.35,2292.12,2235.7,2286.34,200720.69
2024-09-07T08:00:00+00:00,2286.34,2298.31,2273.63,2282.03,118662.64
2024-09-07T12:00:00+00:00,2282.03,2309.88,2280.36,2298.61,104723.86
2024-09-07T16:00:00+00:00,2298.61,2302.62,2261.61,2289,150592.58
2024-09-07T20:00:00+00:00,2289,2289.31,2256.11,2271.62,97017.28
2024-09-08T00:00:00+00:00,2271.62,2286.56,2261.33,2284.08,73091.1
2024-09-08T04:00:00+00:00,2284.08,2302.8,2282.26,2292.91,101476.59
2024-09-08T08:00:00+00:00,2292.91,2308,2285.91,2294.59,73513.76
2024-09-08T12:00:00+00:00,2294.59,2297.52,2238.7,2243.99,237872.58
2024-09-08T16:00:00+00:00,2243.99,2281.55,2241.5,2269.99,127254.42
2024-09-08T20:00:00+00:00,2269.99,2331.47,2266,2295.52,223481.01
2024-09-09T00:00:00+00:00,2295.52,2318.82,2286.51,2302.74,128942.14
2024-09-09T04:00:00+00:00,2302.74,2315.27,2281.16,2313.02,118610.46
2024-09-09T08:00:00+00:00,2313.02,2337.22,2308.93,2313.29,165691.06
2024-09-09T12:00:00+00:00,2313.29,2324,2271.17,2290.81,263750.47
2024-09-09T16:00:00+00:00,2290.81,2351.39,2289.38,2348.65,305330.23
2024-09-09T20:00:00+00:00,2348.65,2379.9,2335.03,2357.47,182399.72
2024-09-10T00:00:00+00:00,2357.47,2358.37,2333.45,2338.89,122145.42
2024-09-10T04:00:00+00:00,2338.89,2364.77,2326.86,2361.68,106359.5
2024-09-10T08:00:00+00:00,2361.68,2371,2337.31,2348.94,113569.04
2024-09-10T16:00:00+00:00,2323.9,2390.1,2322.6,2379.41,181166.02
2024-09-10T20:00:00+00:00,2379.41,2398,2370.61,2387.21,97008.74
2024-09-11T00:00:00+00:00,2387.21,2388.17,2337.37,2346.84,181794.56
2024-09-11T04:00:00+00:00,2346.84,2346.92,2317.38,2339.92,122409.37
2024-09-11T08:00:00+00:00,2339.92,2339.94,2305.77,2326,145620.93
2024-09-11T12:00:00+00:00,2326,2354.08,2275.41,2324.33,485397.88
2024-09-11T16:00:00+00:00,2324.33,2367.7,2323.8,2339.4,287841.34
2024-09-11T20:00:00+00:00,2339.4,2349.69,2331.39,2339.06,42327.38
2024-09-12T00:00:00+00:00,2339.06,2391.52,2338.05,2366.99,198365.37
2024-09-12T04:00:00+00:00,2366.99,2378.48,2351.23,2357.54,126621.36
2024-09-12T08:00:00+00:00,2357.54,2364.62,2341.34,2347.02,78472.7
2024-09-12T12:00:00+00:00,2347.02,2366.27,2313.66,2321.3,269189.39
2024-09-12T16:00:00+00:00,2321.3,2359.88,2320.72,2359.45,106593.66
2024-09-12T20:00:00+00:00,2359.45,2372.56,2339.94,2360.51,120546.1
2024-09-13T00:00:00+00:00,2360.51,2363.31,2348.72,2354.55,34300.18
2024-09-13T04:00:00+00:00,2354.55,2357.93,2336.16,2347,48998.08
2024-09-13T08:00:00+00:00,2347,2374.93,2340.34,2352.82,121010.56
2024-09-13T12:00:00+00:00,2352.82,2411.33,2341.15,2406.62,311615.4
2024-09-13T16:00:00+00:00,2406.62,2427.19,2394.64,2419.73,238726.3
2024-09-13T20:00:00+00:00,2419.73,2464.26,2411.64,2437.94,201632.69
2024-09-14T00:00:00+00:00,2437.94,2439.55,2420.63,2431.39,88267.12
2024-09-14T04:00:00+00:00,2431.39,2432.18,2412.06,2418.78,93248.63
2024-09-14T08:00:00+00:00,2418.78,2420.21,2406.76,2415.37,74672.44
2024-09-14T12:00:00+00:00,2415.37,2422.09,2411.01,2416.91,76471.96
2024-09-14T16:00:00+00:00,2416.91,2419.55,2374.78,2407,136298.89
2024-09-14T20:00:00+00:00,2407,2421.89,2405.56,2416.12,35570.28
2024-09-15T00:00:00+00:00,2416.12,2428.86,2414.91,2418.89,42652.35
2024-09-15T04:00:00+00:00,2418.89,2422.47,2412.27,2420.9,25952.99
2024-09-15T08:00:00+00:00,2420.9,2421.58,2400.65,2405.39,65717.42
2024-09-15T12:00:00+00:00,2405.39,2417.17,2394.78,2406.92,123228.58
2024-09-15T16:00:00+00:00,2406.92,2407.31,2360.44,2370.49,292175.25
2024-09-15T20:00:00+00:00,2370.49,2370.49,2281.52,2314.27,400456.45
2024-09-16T00:00:00+00:00,2314.27,2320.67,2250.52,2276.62,361416.33
2024-09-16T04:00:00+00:00,2276.62,2311.1,2274.65,2308.6,164485.16
2024-09-16T08:00:00+00:00,2308.6,2333.98,2286.56,2306.24,193759.22
2024-09-16T12:00:00+00:00,2306.24,2310.81,2267.91,2285.86,256627.34
2024-09-16T16:00:00+00:00,2285.86,2309.52,2267.63,2273.76,262029.51
2024-09-16T20:00:00+00:00,2273.76,2300,2266.12,2294,147559.29
2024-09-17T00:00:00+00:00,2294,2297.37,2261.68,2282.57,134480.1
2024-09-17T04:00:00+00:00,2282.57,2309.09,2280.56,2307.42,61298.31
2024-09-17T08:00:00+00:00,2307.42,2322.35,2300.6,2306.73,127525.73
2024-09-17T12:00:00+00:00,2306.73,2392.32,2300.89,2382.11,378191.12
2024-09-17T16:00:00+00:00,2382.11,2388.92,2326.49,2351.45,177665.11
2024-09-17T20:00:00+00:00,2351.45,2360.42,2327.07,2340.23,107584.43
2024-09-18T00:00:00+00:00,2340.23,2340.34,2308.08,2333.08,112325.46
2024-09-18T04:00:00+00:00,2333.08,2334.3,2310.64,2328.07,91384.82
2024-09-18T08:00:00+00:00,2328.07,2328.07,2275.3,2298.68,194171.58
2024-09-18T12:00:00+00:00,2298.68,2316.58,2285.93,2294.42,155033.52
2024-09-18T16:00:00+00:00,2294.42,2362.67,2286.15,2312.99,480044.05
2024-09-18T20:00:00+00:00,2312.99,2374.95,2288,2373.25,165058.48
2024-09-19T00:00:00+00:00,2373.25,2412.27,2371.06,2402.8,316942.8
2024-09-19T04:00:00+00:00,2402.8,2441.42,2398.71,2436.75,169725.89
2024-09-19T08:00:00+00:00,2436.75,2441.73,2422.51,2434.01,131487.84
2024-09-19T12:00:00+00:00,2434.01,2452,2419.48,2439.13,258695.35
2024-09-19T16:00:00+00:00,2439.13,2494.54,2432.21,2459.64,504950.04
2024-09-19T20:00:00+00:00,2459.64,2478.14,2452.59,2463.99,135762.4
2024-09-20T00:00:00+00:00,2463.99,2521.27,2436.45,2520,163015.38
2024-09-20T04:00:00+00:00,2520,2572,2516.31,2559.96,396674.05
2024-09-20T08:00:00+00:00,2559.96,2563.84,2538.22,2544,155457.3
2024-09-20T12:00:00+00:00,2544,2569.5,2515.41,2559.01,400908.42
2024-09-20T16:00:00+00:00,2559.01,2568.37,2524.11,2539.83,141581.74
2024-09-20T20:00:00+00:00,2539.83,2561.74,2537.46,2560.71,55676.6
2024-09-21T00:00:00+00:00,2560.71,2587,2533.33,2543.45,197216.6
2024-09-21T04:00:00+00:00,2543.45,2557.79,2528.4,2554.75,104487.61
2024-09-21T08:00:00+00:00,2554.75,2556.58,2543.76,2555.33,48979.24
2024-09-21T12:00:00+00:00,2555.33,2575.72,2548.3,2558.65,129096.4
2024-09-21T16:00:00+00:00,2558.65,2577.29,2555.24,2570.76,88861.5
2024-09-21T20:00:00+00:00,2570.76,2621.84,2558.84,2611.41,211513.98
2024-09-22T00:00:00+00:00,2611.41,2632.21,2586.69,2593.61,243306.21
2024-09-22T04:00:00+00:00,2593.61,2603.39,2575.14,2586.36,68192.42
2024-09-22T08:00:00+00:00,2586.36,2594.51,2568.7,2579.35,116409.71
2024-09-22T12:00:00+00:00,2579.35,2586.7,2554.66,2569.58,197509.47
2024-09-22T16:00:00+00:00,2569.58,2591.78,2551.15,2576.89,171256.35
2024-09-22T20:00:00+00:00,2576.89,2593,2523.22,2579.76,205746.73
2024-09-23T00:00:00+00:00,2579.76,2687.01,2538.51,2675.99,572632.6
2024-09-23T04:00:00+00:00,2675.99,2680.69,2635.5,2645.23,224032.64
2024-09-23T08:00:00+00:00,2645.23,2661.45,2632.37,2645.12,149132.8
2024-09-23T12:00:00+00:00,2645.12,2684,2630.39,2674.43,290250.37
2024-09-23T16:00:00+00:00,2674.43,2702.74,2656.61,2671.47,194999.4
2024-09-23T20:00:00+00:00,2671.47,2681.32,2639.06,2645.76,212141.32
2024-09-24T00:00:00+00:00,2645.76,2650.47,2608.31,2626.61,300445.73
2024-09-24T04:00:00+00:00,2626.61,2648.5,2618.01,2646.15,83857.77
2024-09-24T08:00:00+00:00,2646.15,2666.99,2634.93,2636.25,190135.1
2024-09-24T12:00:00+00:00,2636.25,2645.81,2590.25,2611.67,502114.28
2024-09-24T16:00:00+00:00,2611.67,2656.28,2610.3,2650.02,175719.48
2024-09-24T20:00:00+00:00,2650.02,2671.08,2639.15,2652.49,301624.11
2024-09-25T00:00:00+00:00,2652.49,2673.28,2631.83,2645.9,227694.52
2024-09-25T04:00:00+00:00,2645.9,2646.12,2609,2620.45,194037.21
2024-09-25T08:00:00+00:00,2620.45,2629.76,2612.73,2626.49,102447.75
2024-09-25T12:00:00+00:00,2626.49,2628.41,2594.18,2599.91,173383.93
2024-09-25T16:00:00+00:00,2599.91,2608.32,2564.86,2569.96,237569.16
2024-09-25T20:00:00+00:00,2569.96,2584.12,2554.28,2579.22,97388.3
2024-09-26T00:00:00+00:00,2579.22,2606.73,2557.89,2601.64,249940.09
2024-09-26T04:00:00+00:00,2601.64,2634.01,2591.56,2628.73,140247.47
2024-09-26T08:00:00+00:00,2628.73,2638.9,2612,2627.2,164185.06
2024-09-26T12:00:00+00:00,2627.2,2663.66,2606.89,2651.41,406711.25
2024-09-26T16:00:00+00:00,2651.41,2665.68,2625.51,2648.3,234026.67
2024-09-26T20:00:00+00:00,2648.3,2654.33,2616.29,2630.98,191511.03
2024-09-27T00:00:00+00:00,2630.98,2643.65,2614.3,2637.73,84040.38
2024-09-27T04:00:00+00:00,2637.73,2668.38,2635.71,2656.05,132657.83
2024-09-27T08:00:00+00:00,2656.05,2676.94,2639.9,2650.43,160302.57
2024-09-27T12:00:00+00:00,2650.43,2698.58,2641.22,2682.17,330005.31
2024-09-27T16:00:00+00:00,2682.17,2728.5,2677,2701.04,402310.03
2024-09-27T20:00:00+00:00,2701.04,2707.79,2688.57,2693.52,47183.6
2024-09-28T00:00:00+00:00,2693.52,2704.03,2686.89,2689.55,87856.73
2024-09-28T04:00:00+00:00,2689.55,2699.01,2673.9,2676.99,98408.34
2024-09-28T08:00:00+00:00,2676.99,2677.64,2648.98,2674.19,143957.55
2024-09-28T12:00:00+00:00,2674.19,2674.9,2651.35,2668.57,166367.87
2024-09-28T16:00:00+00:00,2668.57,2683.18,2661.2,2676.99,84805.92
2024-09-28T20:00:00+00:00,2676.99,2679.3,2654.07,2674.08,75483.18
2024-09-29T00:00:00+00:00,2674.08,2682.85,2662.5,2673.8,77093.23
2024-09-29T04:00:00+00:00,2673.8,2673.8,2634.07,2639.35,179463.33
2024-09-29T08:00:00+00:00,2639.35,2654.83,2632.99,2652,157454.38
2024-09-29T12:00:00+00:00,2652,2668.63,2640,2665.05,156356.2
2024-09-29T16:00:00+00:00,2665.05,2671.04,2649.44,2665.75,72925.73
2024-09-29T20:00:00+00:00,2665.75,2672.87,2647,2656.42,186541.79
2024-09-30T00:00:00+00:00,2656.42,2662.81,2601,2628.63,323737.76
2024-09-30T04:00:00+00:00,2628.63,2642.38,2621.81,2636.75,143969.35
2024-09-30T08:00:00+00:00,2636.75,2642.04,2591.19,2628,463438.76
2024-09-30T12:00:00+00:00,2628,2637.99,2592.98,2595,249676.26
2024-09-30T16:00:00+00:00,2595,2609.78,2574.01,2594.18,311476.61
2024-09-30T20:00:00+00:00,2594.18,2616.86,2576,2601.5,147949.25
2024-10-01T00:00:00+00:00,2601.5,2632.71,2590.68,2629.32,141210.3
2024-10-01T04:00:00+00:00,2629.32,2658.89,2626.86,2644.78,178246.29
2024-10-01T08:00:00+00:00,2644.78,2646.15,2628,2628.01,83514.26
2024-10-01T12:00:00+00:00,2628.01,2632.43,2480,2523.29,865072.47
2024-10-01T16:00:00+00:00,2523.29,2530.37,2427.75,2487.94,761591.08
2024-10-01T20:00:00+00:00,2487.94,2491.83,2412.24,2447.09,396803.16
2024-10-02T00:00:00+00:00,2447.09,2497.96,2441.18,2488.26,169998.28
2024-10-02T04:00:00+00:00,2488.26,2491.63,2466.3,2481.26,127903.76
2024-10-02T08:00:00+00:00,2481.26,2485.8,2440.62,2454.2,189779.92
2024-10-02T12:00:00+00:00,2454.2,2462.53,2417.51,2459.46,447341.02
2024-10-02T16:00:00+00:00,2459.46,2477.99,2366.61,2370.51,435512.95
2024-10-02T20:00:00+00:00,2370.51,2391.66,2351,2363.01,314361.27
2024-10-03T00:00:00+00:00,2363.01,2398.52,2351.76,2398.39,206433.69
2024-10-03T04:00:00+00:00,2398.39,2402.51,2358.39,2363.51,122568.67
2024-10-03T08:00:00+00:00,2363.51,2369.39,2318,2351.57,333458.43
2024-10-03T12:00:00+00:00,2351.57,2365,2308.56,2339.68,479214.53
2024-10-03T16:00:00+00:00,2339.68,2353.36,2310.79,2353.36,204875.46
2024-10-03T20:00:00+00:00,2353.36,2356.8,2332,2348.82,91014.09
2024-10-04T00:00:00+00:00,2348.82,2378.78,2338.29,2366.36,173515.63
2024-10-04T04:00:00+00:00,2366.36,2386.66,2364.58,2380.35,112669.91
2024-10-04T08:00:00+00:00,2380.35,2392.82,2373.21,2385.39,100099.2
2024-10-04T12:00:00+00:00,2385.39,2417.44,2351.6,2416.15,493029.16
2024-10-04T16:00:00+00:00,2416.15,2440.6,2408.75,2427.75,233676.76
2024-10-04T20:00:00+00:00,2427.75,2430.46,2411.39,2413.38,92969.66
2024-10-05T00:00:00+00:00,2413.38,2427.75,2389.22,2398.75,147129.73
2024-10-05T04:00:00+00:00,2398.75,2426,2396.15,2414.17,73488.75
2024-10-05T08:00:00+00:00,2414.17,2426.98,2414.17,2416.43,47563.45
2024-10-05T12:00:00+00:00,2416.43,2423,2404,2414,115791.97
2024-10-05T16:00:00+00:00,2414,2415.14,2392.01,2395.72,94605.29
2024-10-05T20:00:00+00:00,2395.72,2418.7,2389.27,2413.49,63978.9
2024-10-06T00:00:00+00:00,2413.49,2421.99,2406.04,2412.78,56604.18
2024-10-06T04:00:00+00:00,2412.78,2420,2409.3,2416.25,59748.46
2024-10-06T08:00:00+00:00,2416.25,2429.99,2414.36,2425.88,54232.9
2024-10-06T12:00:00+00:00,2425.88,2457,2424,2445.68,183675.47
2024-10-06T16:00:00+00:00,2445.68,2452,2434.21,2440.47,91382.41
2024-10-06T20:00:00+00:00,2440.47,2443.75,2413.82,2438.91,130710.15
2024-10-07T00:00:00+00:00,2438.91,2512.64,2434.56,2494.53,398581.35
2024-10-07T04:00:00+00:00,2494.53,2497.5,2476.15,2479.21,98125.41
2024-10-07T08:00:00+00:00,2479.21,2487.75,2437.2,2474.78,305730.78
2024-10-07T12:00:00+00:00,2474.78,2520.63,2461.34,2472.91,402231.67
2024-10-07T16:00:00+00:00,2472.91,2480,2418.7,2444.39,255721.08
2024-10-07T20:00:00+00:00,2444.39,2456.6,2401.21,2421.76,286387.68
2024-10-08T00:00:00+00:00,2421.76,2447.88,2421.76,2437.3,185587.44
2024-10-08T04:00:00+00:00,2437.3,2444.5,2409.23,2427.56,301302.68
2024-10-08T08:00:00+00:00,2427.56,2440.66,2416.38,2438.63,119681.17
2024-10-08T12:00:00+00:00,2438.63,2451.98,2400.01,2418.13,406278.43
2024-10-08T16:00:00+00:00,2418.13,2455,2410.12,2439.13,274926.9
2024-10-08T20:00:00+00:00,2439.13,2465.84,2433.27,2439.84,114129.07
2024-10-09T00:00:00+00:00,2439.84,2472.6,2426.44,2445.52,189747.66
2024-10-09T04:00:00+00:00,2445.52,2451.57,2430.61,2435.19,142410.57
2024-10-09T08:00:00+00:00,2435.19,2441.71,2426.74,2440.79,114159.58
2024-10-09T12:00:00+00:00,2440.79,2471.24,2422.24,2460.34,357932.55
2024-10-09T16:00:00+00:00,2460.34,2461.39,2406.21,2417.31,294542.01
2024-10-09T20:00:00+00:00,2417.31,2417.31,2350,2369.84,346107.66
2024-10-10T00:00:00+00:00,2369.84,2400,2366.08,2394.35,355081.92
2024-10-10T04:00:00+00:00,2394.35,2410.6,2390.81,2394.55,91116.03
2024-10-10T08:00:00+00:00,2394.55,2407,2367.29,2405.5,174946.48
2024-10-10T12:00:00+00:00,2405.5,2407.89,2368.86,2403.85,390746.89
2024-10-10T16:00:00+00:00,2403.85,2420.68,2329.63,2366.76,530899.47
2024-10-10T20:00:00+00:00,2366.76,2386.4,2357.16,2385.37,220925.72
2024-10-11T00:00:00+00:00,2385.37,2416.17,2380.68,2409.87,142870.93
2024-10-11T04:00:00+00:00,2409.87,2417.6,2402.28,2406.71,87731.89
2024-10-11T08:00:00+00:00,2406.71,2425.22,2401.54,2416.64,90095.41
2024-10-11T12:00:00+00:00,2416.64,2453.22,2413.27,2443.01,515984.72
2024-10-11T16:00:00+00:00,2443.01,2471,2432.29,2458.63,391228.18
2024-10-11T20:00:00+00:00,2458.63,2461.57,2433.06,2438.58,227387.55
2024-10-12T00:00:00+00:00,2438.58,2450.23,2433.2,2437.9,118574.12
2024-10-12T04:00:00+00:00,2437.9,2450.75,2437.9,2445.5,128828.56
2024-10-12T08:00:00+00:00,2445.5,2466.79,2441.44,2451.34,80618.87
2024-10-12T12:00:00+00:00,2451.34,2483.53,2447.49,2471.81,168296.96
2024-10-12T16:00:00+00:00,2471.81,2486,2465.55,2471.55,110042.96
2024-10-12T20:00:00+00:00,2471.55,2489.69,2467.97,2475.49,49977.07
2024-10-13T00:00:00+00:00,2475.49,2484.32,2452.06,2456.78,98510.05
2024-10-13T04:00:00+00:00,2456.78,2468.56,2456.13,2464.18,34387.11
2024-10-13T08:00:00+00:00,2464.18,2470.96,2456.53,2457.48,54047.46
2024-10-13T12:00:00+00:00,2457.48,2469.25,2435,2439.28,215542.95
2024-10-13T16:00:00+00:00,2439.28,2461.79,2436.67,2457,122386.91
2024-10-13T20:00:00+00:00,2457,2483.5,2451.94,2467.79,123513.82
2024-10-14T04:00:00+00:00,2519.99,2547.71,2511,2534.99,449916.69
2024-10-14T08:00:00+00:00,2534.99,2546.8,2518.55,2537.13,181828.27
2024-10-14T12:00:00+00:00,2537.13,2642.39,2533.73,2635.07,741837.17
2024-10-14T16:00:00+00:00,2635.07,2640.06,2615.01,2619.72,151035.61
2024-10-14T20:00:00+00:00,2619.72,2653.44,2615.42,2629.01,121796.93
2024-10-15T00:00:00+00:00,2629.01,2636.78,2609.09,2612.09,116833.01
2024-10-15T04:00:00+00:00,2612.09,2623.98,2590,2614.87,195255.74
2024-10-15T08:00:00+00:00,2614.87,2622.11,2580,2585.59,176895.07
2024-10-15T12:00:00+00:00,2585.59,2688.81,2537,2572.86,1067630.89
2024-10-15T16:00:00+00:00,2572.86,2618.91,2570.84,2591.38,376636.93
2024-10-15T20:00:00+00:00,2591.38,2607.78,2562.41,2606.75,147904.05
2024-10-16T00:00:00+00:00,2606.75,2629.99,2588.42,2616.28,137322.13
2024-10-16T04:00:00+00:00,2616.28,2623.99,2597.84,2606.29,84811.83
2024-10-16T08:00:00+00:00,2606.29,2642.19,2604.24,2629.48,229687.76
2024-10-16T12:00:00+00:00,2629.48,2647.44,2594.73,2606.51,388553.43
2024-10-16T16:00:00+00:00,2606.51,2627.66,2590.45,2614,170453.32
2024-10-16T20:00:00+00:00,2614,2627.23,2608.48,2610.28,82487.29
2024-10-17T00:00:00+00:00,2610.28,2644.99,2609.29,2640.19,163869.09
2024-10-17T04:00:00+00:00,2640.19,2647.84,2618.11,2627.8,155907.65
2024-10-17T08:00:00+00:00,2627.8,2629.99,2595.94,2597.37,151614.1
2024-10-17T12:00:00+00:00,2597.37,2632.29,2582.79,2630.15,354771.73
2024-10-17T16:00:00+00:00,2630.15,2630.62,2575.16,2595.02,198531.28
2024-10-17T20:00:00+00:00,2595.02,2614.29,2593.92,2604.87,117027.32
2024-10-18T00:00:00+00:00,2604.87,2650.9,2595.75,2609.11,230934.88
2024-10-18T04:00:00+00:00,2609.11,2645,2608.01,2644.01,97169.75
2024-10-18T08:00:00+00:00,2644.01,2649.4,2620.29,2621.43,96736.8
2024-10-18T12:00:00+00:00,2621.43,2663.82,2612,2652.6,319835.98
2024-10-18T16:00:00+00:00,2652.6,2675.77,2628.65,2650.65,326629.96
2024-10-18T20:00:00+00:00,2650.65,2651.5,2633.1,2641,60030.43
2024-10-19T00:00:00+00:00,2641,2662.6,2634.46,2645.77,102779.74
2024-10-19T04:00:00+00:00,2645.77,2650.2,2637.2,2640.29,63532.98
2024-10-19T08:00:00+00:00,2640.29,2648.32,2630.78,2630.87,109497.56
2024-10-19T12:00:00+00:00,2630.87,2654,2630.78,2645.3,53512.04
2024-10-19T16:00:00+00:00,2645.3,2646.73,2636.21,2641.54,73159.03
2024-10-19T20:00:00+00:00,2641.54,2655.68,2641.08,2648.17,40422.37
2024-10-20T00:00:00+00:00,2648.17,2653.35,2635,2640.06,40066.48
2024-10-20T04:00:00+00:00,2640.06,2651.97,2638.41,2645.42,58251.63
2024-10-20T08:00:00+00:00,2645.42,2650.99,2642.64,2649.29,31193.6
2024-10-20T12:00:00+00:00,2649.29,2720,2641.4,2706.55,544962.34
2024-10-20T16:00:00+00:00,2706.55,2709.88,2685.94,2699.39,156931.27
2024-10-20T20:00:00+00:00,2699.39,2760,2696.61,2747.5,680751.12
2024-10-21T00:00:00+00:00,2747.5,2770.3,2726.36,2735.01,414963.78
2024-10-21T04:00:00+00:00,2735.01,2745.6,2722.16,2723,144545.3
2024-10-21T08:00:00+00:00,2723,2730.15,2702,2705.13,135683.27
2024-10-21T12:00:00+00:00,2705.13,2711.66,2659.1,2680.17,584678.72
2024-10-21T16:00:00+00:00,2680.17,2684.77,2655.48,2679.68,159115.33
2024-10-21T20:00:00+00:00,2679.68,2683.8,2664.97,2666.6,63489.16
2024-10-22T00:00:00+00:00,2666.6,2671.52,2612.68,2644.47,372974.16
2024-10-22T04:00:00+00:00,2644.47,2659.6,2635.21,2646.63,80329.8
2024-10-22T08:00:00+00:00,2646.63,2648.88,2613.11,2632.75,277354.68
2024-10-22T12:00:00+00:00,2632.75,2644.9,2606.37,2624.47,491579.58
2024-10-22T16:00:00+00:00,2624.47,2633.27,2606.11,2627.46,88384.47
2024-10-22T20:00:00+00:00,2627.46,2643.45,2617.42,2622,157598.97
2024-10-23T00:00:00+00:00,2622,2627,2601.12,2615.92,145100.25
2024-10-23T04:00:00+00:00,2615.92,2624.38,2602.03,2602.1,85427.49
2024-10-23T08:00:00+00:00,2602.1,2608,2562.55,2580.66,351426.91
2024-10-23T12:00:00+00:00,2580.66,2586.5,2529.01,2539.57,425160.02
2024-10-23T16:00:00+00:00,2539.57,2541.84,2446.47,2511.67,707092.43
2024-10-23T20:00:00+00:00,2511.67,2528,2501.1,2523.84,143643.5
2024-10-24T00:00:00+00:00,2523.84,2560.96,2508.51,2544.2,294282.85
2024-10-24T04:00:00+00:00,2544.2,2561.68,2540.32,2544.06,127969.54
2024-10-24T08:00:00+00:00,2544.06,2550.98,2508.53,2528.97,189665.91
2024-10-24T12:00:00+00:00,2528.97,2545.04,2512.59,2525.59,196167.15
2024-10-24T16:00:00+00:00,2525.59,2541.7,2506.42,2538.58,144878.71
2024-10-24T20:00:00+00:00,2538.58,2559.98,2526.25,2535.39,157446.09
2024-10-25T00:00:00+00:00,2535.39,2538.23,2509,2521.09,106176.4
2024-10-25T04:00:00+00:00,2521.09,2521.8,2461.5,2482.92,406950.63
2024-10-25T08:00:00+00:00,2482.92,2546.91,2478,2544.71,319755.34
2024-10-25T12:00:00+00:00,2544.71,2566.51,2507.59,2524.26,399050.13
2024-10-25T16:00:00+00:00,2524.26,2536.31,2454.59,2475.63,668293.06
2024-10-25T20:00:00+00:00,2475.63,2496.71,2381.33,2440.1,656688.31
2024-10-26T00:00:00+00:00,2440.1,2457.44,2429.44,2450.98,226631.81
2024-10-26T04:00:00+00:00,2450.98,2479,2450.41,2464.96,127257.1
2024-10-26T08:00:00+00:00,2464.96,2478.66,2462.43,2472.19,113771.39
2024-10-26T12:00:00+00:00,2472.19,2477.84,2442,2456.81,235610.51
2024-10-26T16:00:00+00:00,2456.81,2487.72,2454.6,2485.86,165489.2
2024-10-26T20:00:00+00:00,2485.86,2507.3,2481.06,2481.92,122982.45
2024-10-27T00:00:00+00:00,2481.92,2484.49,2469,2483.76,71249.45
2024-10-27T04:00:00+00:00,2483.76,2486.32,2477.05,2480.14,119964.02
2024-10-27T08:00:00+00:00,2480.14,2483.53,2463.03,2468.92,146629.35
2024-10-27T12:00:00+00:00,2468.92,2505.48,2468.81,2501.43,179767.97
2024-10-27T16:00:00+00:00,2501.43,2510.48,2485.02,2494,105336.49
2024-10-27T20:00:00+00:00,2494,2527.49,2490.28,2507.4,125866.11
2024-10-28T00:00:00+00:00,2507.4,2511.81,2470.69,2476.77,168014.93
2024-10-28T04:00:00+00:00,2476.77,2526.75,2472.33,2511.29,177902.69
2024-10-28T08:00:00+00:00,2511.29,2544.6,2504.54,2526.55,243541.98
2024-10-28T12:00:00+00:00,2526.55,2536.11,2497.7,2500,447847.63
2024-10-28T16:00:00+00:00,2500,2523.69,2487.9,2505.93,379801.66
2024-10-28T20:00:00+00:00,2505.93,2590,2504.41,2566.79,551585.14
2024-10-29T00:00:00+00:00,2566.79,2631.24,2560.55,2607.79,310417.76
2024-10-29T04:00:00+00:00,2607.79,2626.46,2607.79,2612.8,136093.77
2024-10-29T08:00:00+00:00,2612.8,2638.91,2612.67,2631.1,106921.11
2024-10-29T12:00:00+00:00,2631.1,2651.3,2611.27,2648.61,326419.82
2024-10-29T16:00:00+00:00,2648.61,2682.67,2622.8,2624.49,491714.35
2024-10-29T20:00:00+00:00,2624.49,2649.06,2607.01,2639.44,202907.45
2024-10-30T00:00:00+00:00,2639.44,2653.01,2600.61,2642.81,286258.32
2024-10-30T04:00:00+00:00,2642.81,2685.91,2637.04,2669.49,188674.07
2024-10-30T08:00:00+00:00,2669.49,2698,2658.13,2659.92,337964.39
2024-10-30T12:00:00+00:00,2659.92,2723.15,2653.69,2683.59,632543.56
2024-10-30T16:00:00+00:00,2683.59,2696.97,2653.38,2655.52,221178.48
2024-10-30T20:00:00+00:00,2655.52,2686.67,2636.85,2659.5,355097.72
2024-10-31T00:00:00+00:00,2659.5,2669.96,2636.86,2657.01,173808.73
2024-10-31T04:00:00+00:00,2657.01,2658.21,2632.1,2647.05,113956.13
2024-10-31T08:00:00+00:00,2647.05,2648.59,2625.57,2638.78,178919.28
2024-10-31T12:00:00+00:00,2638.78,2641,2541.18,2563.33,911333.5
2024-10-31T16:00:00+00:00,2563.33,2563.99,2506.52,2515.1,466406.46
2024-10-31T20:00:00+00:00,2515.1,2528.98,2503.67,2518.37,238605.36
2024-11-01T00:00:00+00:00,2518.37,2533.31,2465.79,2503.28,449183.8
2024-11-01T04:00:00+00:00,2503.28,2516.18,2485.32,2504.21,110704.91
2024-11-01T08:00:00+00:00,2504.21,2525.92,2495.07,2516.1,98070.68
2024-11-01T12:00:00+00:00,2516.1,2587.33,2481.94,2499.99,1009978.7
2024-11-01T16:00:00+00:00,2499.99,2538.5,2495.01,2514.72,407038.32
2024-11-01T20:00:00+00:00,2514.72,2527.73,2485.32,2512,309507.89
2024-11-02T00:00:00+00:00,2512,2523.82,2501.83,2506.68,128144.89
2024-11-02T04:00:00+00:00,2506.68,2513.88,2499.02,2507.39,61646.06
2024-11-02T08:00:00+00:00,2507.39,2510.02,2490.24,2501.89,56220.31
2024-11-02T12:00:00+00:00,2501.89,2503.73,2469.23,2488.19,326065.78
2024-11-02T16:00:00+00:00,2488.19,2497.32,2478.76,2492.53,111223.36
2024-11-02T20:00:00+00:00,2492.53,2497.48,2484.42,2493.62,38103.02
2024-11-03T00:00:00+00:00,2493.62,2496,2421,2448.97,423535.06
2024-11-03T04:00:00+00:00,2448.97,2463.29,2440.8,2449.56,90257.07
2024-11-03T08:00:00+00:00,2449.56,2462.45,2444.05,2454.31,451869.58
2024-11-03T12:00:00+00:00,2454.31,2460.08,2412.64,2442.4,426585.65
2024-11-03T16:00:00+00:00,2442.4,2459.28,2410.25,2452.73,401212.09
2024-11-03T20:00:00+00:00,2452.73,2475,2446.6,2457.29,209036.49
2024-11-04T00:00:00+00:00,2457.29,2491.2,2434.13,2473.27,142074.48
2024-11-04T04:00:00+00:00,2473.27,2482.11,2456.6,2458.99,88985.73
2024-11-04T08:00:00+00:00,2458.99,2478.23,2446.48,2469.91,171920.84
2024-11-04T12:00:00+00:00,2469.91,2485.5,2431.02,2441.71,268035.24
2024-11-04T16:00:00+00:00,2441.71,2445.72,2405.23,2430.06,430116.2
2024-11-04T20:00:00+00:00,2430.06,2431.68,2356.5,2397.87,479872.58
2024-11-05T00:00:00+00:00,2397.87,2421.02,2380.01,2420.29,221965.05
2024-11-05T04:00:00+00:00,2420.29,2445.22,2417,2442.98,217499.85
2024-11-05T08:00:00+00:00,2442.98,2447.62,2429.61,2440.18,87363
2024-11-05T12:00:00+00:00,2440.18,2479.97,2426.79,2440.64,474743.65
2024-11-05T16:00:00+00:00,2440.64,2474,2400.39,2407.25,441151.93
2024-11-05T20:00:00+00:00,2407.25,2439.31,2400.51,2421.6,133147.3
2024-11-06T00:00:00+00:00,2421.6,2637.13,2419.58,2579.71,1446358.38
2024-11-06T04:00:00+00:00,2579.71,2644.45,2561.14,2594.76,1074014.08
2024-11-06T08:00:00+00:00,2594.76,2638.01,2572.78,2630.01,488499.65
2024-11-06T12:00:00+00:00,2630.01,2667.82,2608.81,2634.28,614701.7
2024-11-06T16:00:00+00:00,2634.28,2688,2633.89,2687.99,346213.04
2024-11-06T20:00:00+00:00,2687.99,2747,2669.41,2722.67,491465.63
2024-11-07T00:00:00+00:00,2722.67,2882.97,2700.49,2854.01,1010822.98
2024-11-07T04:00:00+00:00,2854.01,2856.56,2781.51,2821.62,537619.17
2024-11-07T08:00:00+00:00,2821.62,2831.82,2790.24,2793.15,517511.37
2024-11-07T12:00:00+00:00,2793.15,2849.75,2776.66,2848.58,644336.19
2024-11-07T16:00:00+00:00,2848.58,2894.99,2824.7,2885.8,711495.78
2024-11-07T20:00:00+00:00,2885.8,2916.03,2864.72,2895.42,389325.4
2024-11-08T00:00:00+00:00,2895.42,2956.89,2887.14,2903.22,447311
2024-11-08T04:00:00+00:00,2903.22,2924.34,2892.58,2913.23,156489.96
2024-11-08T08:00:00+00:00,2913.23,2931.58,2894.33,2915.11,249169.32
2024-11-08T12:00:00+00:00,2915.11,2957.59,2903.24,2937.6,577696.85
2024-11-08T16:00:00+00:00,2937.6,2983.97,2890.3,2950,991234.21
2024-11-08T20:00:00+00:00,2950,2976.37,2915.56,2961.69,395810.61
2024-11-09T00:00:00+00:00,2961.69,2995.82,2954.63,2965.79,388499.04
2024-11-09T04:00:00+00:00,2965.79,3059.59,2954.99,3030.75,609739.15
2024-11-09T08:00:00+00:00,3030.75,3056.29,3022.54,3052.05,287763.17
2024-11-09T12:00:00+00:00,3052.05,3054.4,3028.78,3041.43,259199.14
2024-11-09T16:00:00+00:00,3041.43,3096.22,2992.01,3071.28,830787.84
2024-11-09T20:00:00+00:00,3071.28,3158.72,3066.2,3127.17,670359.73
2024-11-10T00:00:00+00:00,3127.17,3152,3104.58,3135.65,529755.18
2024-11-10T04:00:00+00:00,3135.65,3223.23,3130.98,3186.73,1109393.33
2024-11-10T08:00:00+00:00,3186.73,3233.89,3168.97,3223.44,535162.5
2024-11-10T12:00:00+00:00,3223.44,3240.86,3171,3211.72,468366.78
2024-11-10T16:00:00+00:00,3211.72,3252.33,3147,3165.01,901985.1
2024-11-10T20:00:00+00:00,3165.01,3228.97,3071.68,3185.08,1163638.06
2024-11-11T00:00:00+00:00,3185.08,3224.5,3173.22,3197.56,332118.95
2024-11-11T04:00:00+00:00,3197.56,3199.38,3106.52,3141.68,600952.1
2024-11-11T08:00:00+00:00,3141.68,3214,3133.32,3199.83,666876.58
2024-11-11T12:00:00+00:00,3199.83,3263.8,3140.59,3239.93,1291278.25
2024-11-11T16:00:00+00:00,3239.93,3349.5,3237,3302.43,1254270.55
2024-11-11T20:00:00+00:00,3302.43,3392.06,3281,3374.8,1176500.44
2024-11-12T00:00:00+00:00,3374.8,3378.15,3250.47,3340,897764.81
2024-11-12T04:00:00+00:00,3340,3396.93,3320.5,3371.39,584955.34
2024-11-12T08:00:00+00:00,3371.39,3448.49,3214,3285.27,1695174.3
2024-11-12T12:00:00+00:00,3285.27,3300,3211.68,3263.24,1221720.55
2024-11-12T16:00:00+00:00,3263.24,3305.98,3212.01,3275.05,941055
2024-11-12T20:00:00+00:00,3275.05,3307,3240.37,3245.39,553862.55
2024-11-13T00:00:00+00:00,3245.39,3287.2,3203,3209.94,528209.71
2024-11-13T04:00:00+00:00,3209.94,3232.35,3117.65,3162.43,859031.26
2024-11-13T08:00:00+00:00,3162.43,3193.61,3142.53,3170.04,321775.55
2024-11-13T12:00:00+00:00,3170.04,3329.76,3153.79,3312.4,1155214.55
2024-11-13T16:00:00+00:00,3312.4,3334.71,3156.2,3160.83,1199265.06
2024-11-13T20:00:00+00:00,3160.83,3199.84,3118.6,3188.9,622481.45
2024-11-14T00:00:00+00:00,3188.9,3229.88,3165.28,3219.94,267545.1
2024-11-14T04:00:00+00:00,3219.94,3242,3175.65,3219.41,247094.86
2024-11-14T08:00:00+00:00,3219.41,3232.78,3156.78,3187.09,306134.32
2024-11-14T12:00:00+00:00,3187.09,3200.87,3058.74,3078.65,895899.64
2024-11-14T16:00:00+00:00,3078.65,3183.33,3071.76,3147.67,517846.57
2024-11-14T20:00:00+00:00,3147.67,3147.67,3030,3060.09,467129.23
2024-11-15T00:00:00+00:00,3060.09,3094,3035.34,3084.2,231739.93
2024-11-15T04:00:00+00:00,3084.2,3084.2,3015.33,3039.74,355822.38
2024-11-15T08:00:00+00:00,3039.74,3115.75,3022.59,3106.39,332894.11
2024-11-15T12:00:00+00:00,3106.39,3133,3015.3,3024.2,704203.72
2024-11-15T16:00:00+00:00,3024.2,3061.95,3015.75,3041,380226.72
2024-11-15T20:00:00+00:00,3041,3122.33,3040,3091.99,301364.2
2024-11-16T00:00:00+00:00,3091.99,3159.34,3073.5,3156.72,168062.25
2024-11-16T04:00:00+00:00,3156.72,3167.18,3103.09,3108.58,119066.3
2024-11-16T08:00:00+00:00,3108.58,3197.66,3105.15,3197.66,221251.81
2024-11-16T16:00:00+00:00,3143.07,3186.64,3130.19,3170.89,135987.69
2024-11-16T20:00:00+00:00,3170.89,3176.92,3123.25,3134.27,103159.8
2024-11-17T00:00:00+00:00,3134.27,3155.87,3035.7,3081.82,324897.61
2024-11-17T04:00:00+00:00,3081.82,3149.79,3077.59,3138.97,269596.12
2024-11-17T08:00:00+00:00,3138.97,3164.58,3101.94,3107.26,262976.96
2024-11-17T12:00:00+00:00,3107.26,3129.14,3069.62,3088.54,257540.11
2024-11-17T16:00:00+00:00,3088.54,3117.75,3073.49,3100.15,188719.28
2024-11-17T20:00:00+00:00,3100.15,3108.85,3044.2,3077.62,234371.01
2024-11-18T00:00:00+00:00,3077.62,3126.96,3072.06,3114.73,130109.92
2024-11-18T04:00:00+00:00,3114.73,3153.21,3098.49,3133.35,195306.05
2024-11-18T08:00:00+00:00,3133.35,3143.47,3052.15,3058.17,310969.05
2024-11-18T12:00:00+00:00,3058.17,3160,3053.59,3146.09,483026.15
2024-11-18T16:00:00+00:00,3146.09,3202.84,3092.21,3130,681635.79
2024-11-18T20:00:00+00:00,3130,3228,3123.51,3210.67,334131.18
2024-11-19T00:00:00+00:00,3210.67,3224.7,3144.32,3150.58,191190.8
2024-11-19T04:00:00+00:00,3150.58,3161.92,3110.31,3120.41,201223.44
2024-11-19T08:00:00+00:00,3120.41,3132,3093.55,3128.68,193754.24
2024-11-19T12:00:00+00:00,3128.68,3152.16,3077.3,3106.87,376701.81
2024-11-19T16:00:00+00:00,3106.87,3147.95,3101.66,3124.82,285246.03
2024-11-19T20:00:00+00:00,3124.82,3133.74,3067.19,3108,319516.86
2024-11-20T00:00:00+00:00,3108,3127.51,3073.58,3098.45,154568.2
2024-11-20T04:00:00+00:00,3098.45,3117.4,3090.2,3111.6,75360.87
2024-11-20T08:00:00+00:00,3111.6,3137.31,3085.22,3102.11,206154.36
2024-11-20T12:00:00+00:00,3102.11,3161.62,3083.24,3131.98,551953.27
2024-11-20T16:00:00+00:00,3131.98,3137.05,3031.1,3059.75,566505.43
2024-11-20T20:00:00+00:00,3059.75,3094.32,3045.75,3070.84,161025.85
2024-11-21T00:00:00+00:00,3070.84,3103,3034,3083.25,253714.81
2024-11-21T04:00:00+00:00,3083.25,3145.82,3081.79,3139.03,397270.58
2024-11-21T08:00:00+00:00,3139.03,3157.61,3120.14,3150.21,258305.09
2024-11-21T12:00:00+00:00,3150.21,3374.63,3148.52,3279.44,1848237.99
2024-11-21T16:00:00+00:00,3279.44,3390,3278.79,3349.5,552280.55
2024-11-21T20:00:00+00:00,3349.5,3382.06,3337.07,3358.68,213951.28
2024-11-22T00:00:00+00:00,3358.68,3384.85,3307.55,3368.67,278355.69
2024-11-22T04:00:00+00:00,3368.67,3429.99,3357.65,3366.25,358142.6
2024-11-22T08:00:00+00:00,3366.25,3387.05,3314.14,3347,249204.45
2024-11-22T12:00:00+00:00,3347,3359.57,3261.19,3316.37,617919.65
2024-11-22T16:00:00+00:00,3316.37,3323.84,3267.14,3284.8,194141.98
2024-11-22T20:00:00+00:00,3284.8,3332.42,3275.39,3329.61,191710.42
2024-11-23T00:00:00+00:00,3329.61,3367.57,3315.28,3348.88,348963.97
2024-11-23T04:00:00+00:00,3348.88,3365,3329.4,3343.75,133722.67
2024-11-23T08:00:00+00:00,3343.75,3407.62,3339.17,3357.3,388368.93
2024-11-23T12:00:00+00:00,3357.3,3498.89,3352,3463.13,909060.28
2024-11-23T16:00:00+00:00,3463.13,3475,3381.03,3410.83,674367.09
2024-11-23T20:00:00+00:00,3410.83,3430.07,3380.9,3396.06,196786.79
2024-11-24T00:00:00+00:00,3396.06,3452.39,3391.3,3429.98,198316.48
2024-11-24T04:00:00+00:00,3429.98,3435.19,3400.16,3424.99,165681.28
2024-11-24T08:00:00+00:00,3424.99,3431.62,3342.21,3347.17,543597.56
2024-11-24T12:00:00+00:00,3347.17,3360.18,3284.43,3297.19,684031.8
2024-11-24T16:00:00+00:00,3297.19,3336.62,3290.07,3329.01,214908.82
2024-11-24T20:00:00+00:00,3329.01,3374,3323.44,3362.98,221578.21
2024-11-25T00:00:00+00:00,3362.98,3372.9,3302.04,3364.63,276171.08
2024-11-25T04:00:00+00:00,3364.63,3422,3363.38,3401.77,188157.57
2024-11-25T08:00:00+00:00,3401.77,3531.02,3399,3475.23,579482.67
2024-11-25T12:00:00+00:00,3475.23,3541.7,3351.01,3521.34,1254878.27
2024-11-25T16:00:00+00:00,3521.34,3549.48,3427,3467.29,669762.05
2024-11-25T20:00:00+00:00,3467.29,3507.98,3366.33,3417.4,444915.26
2024-11-26T00:00:00+00:00,3417.4,3464.72,3398.53,3436.78,282989.48
2024-11-26T04:00:00+00:00,3436.78,3445.31,3384.42,3396.99,190959.63
2024-11-26T08:00:00+00:00,3396.99,3399.55,3282,3325.25,703724.12
2024-11-26T12:00:00+00:00,3325.25,3364.62,3292.21,3298.08,466630.1
2024-11-26T16:00:00+00:00,3298.08,3339.48,3254.74,3303.4,462289.92
2024-11-26T20:00:00+00:00,3303.4,3347,3291.47,3327.17,183855.85
2024-11-27T00:00:00+00:00,3327.17,3374.33,3305,3363.91,256636.63
2024-11-27T04:00:00+00:00,3363.91,3448.3,3361.44,3426.77,378826.1
2024-11-27T08:00:00+00:00,3426.77,3488,3405.02,3463,353835.64
2024-11-27T12:00:00+00:00,3463,3575.61,3443.77,3555,766074.43
2024-11-27T16:00:00+00:00,3555,3614.76,3537.78,3591.29,441163.77
2024-11-27T20:00:00+00:00,3591.29,3688,3590.5,3656.53,450158.58
2024-11-28T00:00:00+00:00,3656.53,3663.88,3567.26,3601.3,356930.24
2024-11-28T04:00:00+00:00,3601.3,3621.32,3568.65,3594.43,218364.18
2024-11-28T08:00:00+00:00,3594.43,3640.36,3577.07,3622.84,309934.84
2024-11-28T12:00:00+00:00,3622.84,3643.92,3538.04,3543,447017.36
2024-11-28T16:00:00+00:00,3543,3586.74,3531.48,3577.17,208198.49
2024-11-28T20:00:00+00:00,3577.17,3601.99,3551.71,3581.58,145473.19
2024-11-29T00:00:00+00:00,3581.58,3604.99,3552.4,3585.86,139218.12
2024-11-29T04:00:00+00:00,3585.86,3598,3537.05,3547.3,255529.18
2024-11-29T08:00:00+00:00,3547.3,3602.3,3547.29,3596.64,239374.33
2024-11-29T12:00:00+00:00,3596.64,3647.66,3576.06,3615.21,451823.34
2024-11-29T16:00:00+00:00,3615.21,3621.97,3561.51,3584.58,397595.19
2024-11-29T20:00:00+00:00,3584.58,3606.38,3577.5,3594.77,123814.29
2024-11-30T00:00:00+00:00,3594.77,3663.74,3570.09,3660.32,318179.07
2024-11-30T04:00:00+00:00,3660.32,3729.05,3637.58,3705.48,553946
2024-11-30T08:00:00+00:00,3705.48,3720.96,3633.41,3656.04,335074.26
2024-11-30T12:00:00+00:00,3656.04,3688.05,3654.17,3676.59,200003.07
2024-11-30T16:00:00+00:00,3676.59,3700,3660,3692.15,179930.75
2024-11-30T20:00:00+00:00,3692.15,3742.19,3689.15,3705.73,275109.59
2024-12-01T00:00:00+00:00,3705.73,3734.12,3661.36,3708.98,339575.43
2024-12-01T04:00:00+00:00,3708.98,3720,3684.01,3705.07,135123.88
2024-12-01T08:00:00+00:00,3705.07,3720.14,3678.13,3694.69,253992.03
2024-12-01T12:00:00+00:00,3694.69,3750.21,3681,3730.29,411572.44
2024-12-01T16:00:00+00:00,3730.29,3747.2,3696.75,3711.09,241153.83
2024-12-01T20:00:00+00:00,3711.09,3738.62,3681.88,3711.4,249792.21
2024-12-02T00:00:00+00:00,3711.4,3767.05,3675.1,3687.84,401014.15
2024-12-02T04:00:00+00:00,3687.84,3711.4,3652.5,3669.26,457901.5
2024-12-02T08:00:00+00:00,3669.26,3676.5,3572.35,3592.21,578724.87
2024-12-02T12:00:00+00:00,3592.21,3682.69,3585.76,3674.54,539829.22
2024-12-02T16:00:00+00:00,3674.54,3684.4,3558.6,3614.8,584054.83
2024-12-02T20:00:00+00:00,3614.8,3647.76,3600.66,3646.27,198808.66
2024-12-03T00:00:00+00:00,3646.27,3661.77,3611.18,3642.16,155078.76
2024-12-03T04:00:00+00:00,3642.16,3673.89,3603.21,3619.91,238058.06
2024-12-03T08:00:00+00:00,3619.91,3639.38,3587.51,3616.05,282064.26
2024-12-03T12:00:00+00:00,3616.05,3622.08,3504,3574.25,813120.58
2024-12-03T16:00:00+00:00,3574.25,3597.02,3540.67,3578.99,258358.99
2024-12-03T20:00:00+00:00,3578.99,3636.63,3577.01,3616.82,222533.14
2024-12-04T00:00:00+00:00,3616.82,3711.49,3616.82,3664.8,457206.62
2024-12-04T04:00:00+00:00,3664.8,3725.33,3663.35,3717.19,304178.62
2024-12-04T08:00:00+00:00,3717.19,3754.05,3699,3731,359550.74
2024-12-04T12:00:00+00:00,3731,3857.73,3692.17,3824.66,941824.89
2024-12-04T16:00:00+00:00,3824.66,3846.56,3737,3843,706388.58
2024-12-04T20:00:00+00:00,3843,3890.71,3826.11,3841.14,497353.84
2024-12-05T00:00:00+00:00,3841.14,3911.85,3769.97,3836.61,645965.05
2024-12-05T04:00:00+00:00,3836.61,3884.21,3822.84,3852.79,336160.25
2024-12-05T08:00:00+00:00,3852.79,3947.26,3852.79,3935,592032.07
2024-12-05T12:00:00+00:00,3935,3959.3,3862.47,3890.4,512177.36
2024-12-05T16:00:00+00:00,3890.4,3928.8,3823,3833.94,377765.42
2024-12-05T20:00:00+00:00,3833.94,3864.4,3620.03,3787.38,838116.68
2024-12-06T00:00:00+00:00,3787.38,3917.43,3780.23,3909.82,416373.75
2024-12-06T04:00:00+00:00,3909.82,3932.71,3877.48,3896.76,249209.46
2024-12-06T08:00:00+00:00,3896.76,3913,3847.44,3870.15,303984.2
2024-12-06T12:00:00+00:00,3870.15,4043.34,3835.88,3996.68,941784.11
2024-12-06T16:00:00+00:00,3996.68,4078.49,3983.77,4071,461243.24
2024-12-06T20:00:00+00:00,4071,4092.07,3993.44,4002.25,418927.31
2024-12-07T00:00:00+00:00,4002.25,4027.34,3972.96,3990.2,253029.79
2024-12-07T04:00:00+00:00,3990.2,4005.75,3970.36,3989.61,148530.33
2024-12-07T08:00:00+00:00,3989.61,4012.5,3976.34,4001.27,181477.32
2024-12-07T12:00:00+00:00,4001.27,4011.2,3979.27,4007.43,230682.08
2024-12-07T16:00:00+00:00,4007.43,4023.69,3989.27,4015.2,163659.86
2024-12-07T20:00:00+00:00,4015.2,4027.49,3995.26,3999.79,81501.79
2024-12-08T00:00:00+00:00,3999.79,4012.38,3988,3992.34,99626.17
2024-12-08T04:00:00+00:00,3992.34,3998.65,3961.78,3983.53,177529.67
2024-12-08T08:00:00+00:00,3983.53,3983.9,3926.49,3974.39,326512.07
2024-12-08T12:00:00+00:00,3974.39,4007.02,3959.2,3993.91,252542.59
2024-12-08T16:00:00+00:00,3993.91,4003,3966.81,3992.57,145936.14
2024-12-08T20:00:00+00:00,3992.57,4018.95,3978.27,4007.04,101404.86
2024-12-09T00:00:00+00:00,4007.04,4008.41,3907.33,3932.53,388687.05
2024-12-09T04:00:00+00:00,3932.53,3951.08,3883.17,3919.99,362525.96
2024-12-09T08:00:00+00:00,3919.99,3923.01,3845.01,3854.08,431620.47
2024-12-09T12:00:00+00:00,3854.08,3947.39,3807,3826.25,738615.81
2024-12-09T16:00:00+00:00,3826.25,3868.86,3786.89,3797.57,557334.19
2024-12-09T20:00:00+00:00,3797.57,3806.06,3483,3713.09,1946691.25
2024-12-10T00:00:00+00:00,3713.09,3780.85,3616.06,3683,762594.03
2024-12-10T04:00:00+00:00,3683,3743.76,3639.03,3734.69,348259.28
2024-12-10T08:00:00+00:00,3734.69,3773.96,3713.28,3750,196879.8
2024-12-10T12:00:00+00:00,3750,3754.58,3555.36,3568.07,886088.72
2024-12-10T16:00:00+00:00,3568.07,3634.88,3515.24,3629.91,991883.74
2024-12-10T20:00:00+00:00,3629.91,3672.75,3613.58,3628.41,224157.29
2024-12-11T00:00:00+00:00,3628.41,3669,3562.88,3665.98,357357.48
2024-12-11T04:00:00+00:00,3665.98,3681.62,3646.56,3651.51,151129.89
2024-12-11T08:00:00+00:00,3651.51,3726.86,3651.36,3715.63,169692.89
2024-12-11T12:00:00+00:00,3715.63,3819.98,3707.16,3786.1,533966.95
2024-12-11T16:00:00+00:00,3786.1,3812.8,3752.94,3802.18,338504.22
2024-12-11T20:00:00+00:00,3802.18,3846.49,3801.68,3830.43,177878.35
2024-12-12T00:00:00+00:00,3830.43,3947.56,3795.44,3933.8,363885.31
2024-12-12T04:00:00+00:00,3933.8,3944.31,3893,3904.52,345379.02
2024-12-12T08:00:00+00:00,3904.52,3937.09,3890.53,3912.73,328833.76
2024-12-12T12:00:00+00:00,3912.73,3986.47,3912.73,3957.32,703443.26
2024-12-12T16:00:00+00:00,3957.32,3985,3854,3870.71,403398.01
2024-12-12T20:00:00+00:00,3870.71,3900.8,3835.01,3880.52,227424.63
2024-12-13T00:00:00+00:00,3880.52,3940,3851.81,3931.36,224925.86
2024-12-13T04:00:00+00:00,3931.36,3934.64,3870,3883.69,171973.91
2024-12-13T08:00:00+00:00,3883.69,3922.8,3871,3900.65,228963.75
2024-12-13T12:00:00+00:00,3900.65,3967.96,3877.78,3884.62,407068.8
2024-12-13T16:00:00+00:00,3884.62,3945.37,3879.2,3916.29,343735.46
2024-12-13T20:00:00+00:00,3916.29,3934.77,3890.28,3904.72,104978.92
2024-12-14T00:00:00+00:00,3904.72,3944.31,3895,3910.15,136296.68
2024-12-14T04:00:00+00:00,3910.15,3934.91,3905.19,3920.3,56693.81
2024-12-14T08:00:00+00:00,3920.3,3930.75,3885.19,3893.51,127441.19
2024-12-14T12:00:00+00:00,3893.51,3897.59,3845.2,3887.21,320512.19
2024-12-14T16:00:00+00:00,3887.21,3896.68,3826.01,3858.65,265260.1
2024-12-14T20:00:00+00:00,3858.65,3874.76,3823.75,3868.6,136170.21
2024-12-15T00:00:00+00:00,3868.6,3894,3855,3873.06,79807.45
2024-12-15T04:00:00+00:00,3873.06,3910.36,3830,3843.45,231128.98
2024-12-15T08:00:00+00:00,3843.45,3877.03,3835.65,3876,145936.03
2024-12-15T12:00:00+00:00,3876,3908.9,3867.12,3893.41,221326.93
2024-12-15T16:00:00+00:00,3893.41,3918.37,3885,3902.6,136793.92
2024-12-15T20:00:00+00:00,3902.6,3973.33,3842.11,3958.39,341037.7
2024-12-16T00:00:00+00:00,3958.39,4024.89,3927.55,3941.51,464247.51
2024-12-16T04:00:00+00:00,3941.51,3982.65,3935.05,3973.15,144399.06
2024-12-16T08:00:00+00:00,3973.15,3975.2,3901.25,3908.4,203204.38
2024-12-16T12:00:00+00:00,3908.4,3958.84,3883.17,3941.02,455952.07
2024-12-16T16:00:00+00:00,3941.02,4110.34,3938.05,4056.9,583263.7
2024-12-16T20:00:00+00:00,4056.9,4071.45,3978.59,3985.08,213679.68
2024-12-17T00:00:00+00:00,3985.08,4039.99,3942,4033.32,275997.75
2024-12-17T04:00:00+00:00,4033.32,4033.66,3981.06,3993.04,195920.97
2024-12-17T08:00:00+00:00,3993.04,4030.34,3988.67,3996.01,255436.21
2024-12-17T12:00:00+00:00,3996.01,4024.59,3914.5,3937.69,633641.84
2024-12-17T16:00:00+00:00,3937.69,3983.25,3916.19,3943.28,292094.05
2024-12-17T20:00:00+00:00,3943.28,3950.67,3845.97,3890.81,379692.69
2024-12-18T00:00:00+00:00,3890.81,3901.67,3832.48,3848.54,386930.14
2024-12-18T04:00:00+00:00,3848.54,3860.36,3803.1,3846.01,444931.18
2024-12-18T08:00:00+00:00,3846.01,3885.67,3840.46,3880.99,140725.31
2024-12-18T12:00:00+00:00,3880.99,3889.92,3823.4,3866.63,292905.85
2024-12-18T16:00:00+00:00,3866.63,3907.06,3767.28,3769.15,451423.54
2024-12-18T20:00:00+00:00,3769.15,3784.83,3615.86,3625.4,1129914
2024-12-19T00:00:00+00:00,3625.4,3671.69,3540.82,3667.15,616476.7
2024-12-19T04:00:00+00:00,3667.15,3695,3652,3691.76,156413.03
2024-12-19T08:00:00+00:00,3691.76,3718.47,3662.88,3703.55,197421.49
2024-12-19T12:00:00+00:00,3703.55,3708.39,3572,3611.87,498646.39
2024-12-19T16:00:00+00:00,3611.87,3635.95,3373.27,3438.97,1882380.03
2024-12-19T20:00:00+00:00,3438.97,3464.4,3324,3416.7,818584.14
2024-12-20T04:00:00+00:00,3413.47,3430.35,3328,3389.67,522484.35
2024-12-20T08:00:00+00:00,3389.67,3390,3101.43,3103.89,1961200.17
2024-12-20T12:00:00+00:00,3103.89,3395,3100.5,3373.08,1232530.11
2024-12-20T16:00:00+00:00,3373.08,3496.13,3365.29,3478.11,540668.54
2024-12-20T20:00:00+00:00,3478.11,3487.5,3391.72,3470.6,339042.8
2024-12-21T00:00:00+00:00,3470.6,3488,3445.03,3466.58,139999.26
2024-12-21T04:00:00+00:00,3466.58,3553.33,3460.01,3521.79,246579.53
2024-12-21T08:00:00+00:00,3521.79,3525.47,3422,3440.23,364468.6
2024-12-21T12:00:00+00:00,3440.23,3442.64,3345,3389.28,515069.95
2024-12-21T16:00:00+00:00,3389.28,3400.59,3326.22,3359.17,399454.91
2024-12-21T20:00:00+00:00,3359.17,3387.74,3291.74,3336,287278.32
2024-12-22T00:00:00+00:00,3336,3373.47,3317.69,3354.78,243975.5
2024-12-22T04:00:00+00:00,3354.78,3360.07,3293.84,3331.15,211097.32
2024-12-22T08:00:00+00:00,3331.15,3401.64,3330.57,3379.62,286633.91
2024-12-22T12:00:00+00:00,3379.62,3396.07,3273.09,3300.94,442746.47
2024-12-22T16:00:00+00:00,3300.94,3337.29,3236.51,3246.08,335492.82
2024-12-22T20:00:00+00:00,3246.08,3309.18,3220,3280.41,565202.66
2024-12-23T00:00:00+00:00,3280.41,3355.57,3215.13,3349.39,557527.7
2024-12-23T04:00:00+00:00,3349.39,3361.78,3259,3303.34,268572.32
2024-12-23T08:00:00+00:00,3303.34,3353.94,3290.88,3338.46,213472.81
2024-12-23T12:00:00+00:00,3338.46,3359.94,3267.5,3276.28,444335.07
2024-12-23T16:00:00+00:00,3276.28,3383.52,3270.05,3337.58,568512.08
2024-12-23T20:00:00+00:00,3337.58,3465.52,3328.4,3421.02,451818.33
2024-12-24T00:00:00+00:00,3421.02,3425.82,3356.22,3395.94,301150.88
2024-12-24T04:00:00+00:00,3395.94,3434.18,3384.11,3399.91,208720.64
2024-12-24T08:00:00+00:00,3399.91,3415.42,3384.14,3412.99,137364.9
2024-12-24T12:00:00+00:00,3412.99,3508.69,3394.2,3491.16,457963.67
2024-12-24T16:00:00+00:00,3491.16,3538.24,3463.28,3464.4,436739.76
2024-12-24T20:00:00+00:00,3464.4,3503.62,3430.15,3491.98,238257.7
2024-12-25T00:00:00+00:00,3491.98,3494.93,3456.12,3476.87,135903.69
2024-12-25T04:00:00+00:00,3476.87,3508.23,3468,3487.66,93130.5
2024-12-25T08:00:00+00:00,3487.66,3546.65,3463.01,3469.9,280958.08
2024-12-25T12:00:00+00:00,3469.9,3499.68,3455.84,3471.58,238516.29
2024-12-25T16:00:00+00:00,3471.58,3487.73,3439.01,3479.56,120241.77
2024-12-25T20:00:00+00:00,3479.56,3498.9,3448.82,3495.38,101087.3
2024-12-26T00:00:00+00:00,3495.38,3514.16,3448.67,3454.04,180750.44
2024-12-26T04:00:00+00:00,3454.04,3454.04,3416.57,3420.84,197727.3
2024-12-26T08:00:00+00:00,3420.84,3424.41,3345.53,3371.75,387527.59
2024-12-26T12:00:00+00:00,3371.75,3371.87,3326.16,3342.33,266274.05
2024-12-26T16:00:00+00:00,3342.33,3363.62,3312,3338.64,267592.89
2024-12-26T20:00:00+00:00,3338.64,3349.63,3303.33,3333.43,225665.45
2024-12-27T00:00:00+00:00,3333.43,3386.72,3315.38,3377.43,247520.69
2024-12-27T04:00:00+00:00,3377.43,3397.96,3315.31,3324.49,252396.82
2024-12-27T08:00:00+00:00,3324.49,3443.09,3323.66,3417.64,415744.72
2024-12-27T12:00:00+00:00,3417.64,3421.97,3306,3324.86,500308.23
2024-12-27T16:00:00+00:00,3324.86,3365.54,3307,3353.79,291920.46
2024-12-27T20:00:00+00:00,3353.79,3354.73,3308.54,3332.56,157500.05
2024-12-28T00:00:00+00:00,3332.56,3351.58,3320.92,3345.02,112564.31
2024-12-28T04:00:00+00:00,3345.02,3360,3331.5,3334.23,69346.81
2024-12-28T08:00:00+00:00,3334.23,3362.29,3332.01,3358.06,84955.83
2024-12-28T12:00:00+00:00,3358.06,3394.39,3350,3366.7,209656.04
2024-12-28T16:00:00+00:00,3366.7,3412,3364.77,3399.29,109909.68
2024-12-28T20:00:00+00:00,3399.29,3426.82,3388.35,3402.77,112241.91
2024-12-29T00:00:00+00:00,3402.77,3405,3374.01,3380.93,84495.06
2024-12-29T04:00:00+00:00,3380.93,3406.39,3378.9,3405.61,83866.88
2024-12-29T08:00:00+00:00,3405.61,3412.89,3388.53,3396.79,94410.4
2024-12-29T12:00:00+00:00,3396.79,3409.99,3352.91,3372,274773.06
2024-12-29T16:00:00+00:00,3372,3375.18,3344.08,3361.67,191737.99
2024-12-29T20:00:00+00:00,3361.67,3367.19,3324.69,3355.47,192057.79
2024-12-30T00:00:00+00:00,3355.47,3436.8,3347.05,3403.68,251636.49
2024-12-30T04:00:00+00:00,3403.68,3432.03,3388,3426.27,126340.29
2024-12-30T08:00:00+00:00,3426.27,3433.9,3394.12,3423.48,133986.2
2024-12-30T12:00:00+00:00,3423.48,3429.83,3303.33,3323.29,542455.8
2024-12-30T16:00:00+00:00,3323.29,3408,3316.63,3400.6,316344.67
2024-12-30T20:00:00+00:00,3400.6,3419.59,3307.92,3360.04,298607.92
2024-12-31T00:00:00+00:00,3360.04,3363.64,3313.94,3339.12,148631.64
2024-12-31T04:00:00+00:00,3339.12,3362.38,3326.96,3351.95,83367.07
2024-12-31T08:00:00+00:00,3351.95,3408.67,3351.55,3393.99,141539.92
2024-12-31T12:00:00+00:00,3393.99,3451.01,3391.99,3412.5,315180.06
2024-12-31T16:00:00+00:00,3412.5,3416,3329.14,3353.96,333723.27
2024-12-31T20:00:00+00:00,3353.96,3364.21,3327.11,3336.56,143857.85
2025-01-01T00:00:00+00:00,3336.56,3368.01,3335.2,3354.52,101682.55
2025-01-01T04:00:00+00:00,3354.52,3355.78,3335.75,3345.09,42216.75
2025-01-01T08:00:00+00:00,3345.09,3348,3313,3340.06,144762.69
2025-01-01T12:00:00+00:00,3340.06,3359.13,3327.28,3352.07,182639.9
2025-01-01T16:00:00+00:00,3352.07,3363.8,3322.39,3356.44,91253.81
2025-01-01T20:00:00+00:00,3356.44,3374.16,3351,3359.35,73583.18
2025-01-02T00:00:00+00:00,3359.35,3404.99,3353.83,3388.08,169257.56
2025-01-02T04:00:00+00:00,3388.08,3427.38,3387.59,3419.66,210380.9
2025-01-02T08:00:00+00:00,3419.66,3476.17,3414.33,3470.52,164910.96
2025-01-02T12:00:00+00:00,3470.52,3510.62,3439.71,3462.76,352693.16
2025-01-02T16:00:00+00:00,3462.76,3488.69,3428.82,3462.05,260156.46
2025-01-02T20:00:00+00:00,3462.05,3474.89,3420.26,3454.62,110238.42
2025-01-03T00:00:00+00:00,3454.62,3476.33,3442.1,3469.12,134633.86
2025-01-03T04:00:00+00:00,3469.12,3470.12,3431.3,3432.75,110259.39
2025-01-03T08:00:00+00:00,3432.75,3466.54,3422.33,3464.48,136506.83
2025-01-03T12:00:00+00:00,3464.48,3575.46,3460.21,3564.32,438069.25
2025-01-03T16:00:00+00:00,3564.32,3630,3564.31,3621.88,409922.42
2025-01-03T20:00:00+00:00,3621.88,3623.39,3593.76,3607.56,128598.82
2025-01-04T00:00:00+00:00,3607.56,3619.9,3581.6,3597.18,115983.93
2025-01-04T04:00:00+00:00,3597.18,3609,3583.32,3593.24,91580.31
2025-01-04T08:00:00+00:00,3593.24,3605.29,3571,3601.21,207969.84
2025-01-04T12:00:00+00:00,3601.21,3663.16,3590.87,3606.87,449588.21
2025-01-04T16:00:00+00:00,3606.87,3643.71,3600.3,3629.98,177451.24
2025-01-04T20:00:00+00:00,3629.98,3669.65,3629.91,3655.99,172794.64
2025-01-05T00:00:00+00:00,3655.99,3674.75,3627.81,3636.69,126037.73
2025-01-05T04:00:00+00:00,3636.69,3648.01,3626.92,3630.32,73620.51
2025-01-05T08:00:00+00:00,3630.32,3632.27,3602.27,3612.57,169264.74
2025-01-05T12:00:00+00:00,3612.57,3637.79,3592,3628.44,235989.65
2025-01-05T16:00:00+00:00,3628.44,3647.06,3611.93,3636.55,110566.54
2025-01-05T20:00:00+00:00,3636.55,3656.28,3627.75,3634.7,91617.61
2025-01-06T00:00:00+00:00,3634.7,3684.43,3608.5,3663.74,344465.81
2025-01-06T04:00:00+00:00,3663.74,3697.9,3641.75,3649.38,254565.55
2025-01-06T08:00:00+00:00,3649.38,3659.87,3631.14,3653.7,159618.26
2025-01-06T12:00:00+00:00,3653.7,3713,3621.21,3713,453196.5
2025-01-06T16:00:00+00:00,3713,3744.02,3654.63,3686.47,306174.67
2025-01-06T20:00:00+00:00,3686.47,3702.64,3665.67,3686.01,157255.85
2025-01-07T00:00:00+00:00,3686.01,3700.3,3661.87,3681.49,126959.62
2025-01-07T04:00:00+00:00,3681.49,3685,3658.15,3666.37,91999.74
2025-01-07T08:00:00+00:00,3666.37,3678.09,3625,3638.54,267463.79
2025-01-07T12:00:00+00:00,3638.54,3644.89,3410.2,3461.4,1233969.69
2025-01-07T16:00:00+00:00,3461.4,3490.77,3368.9,3384.86,638343.98
2025-01-07T20:00:00+00:00,3384.86,3412.81,3355.01,3379.38,312086.17
2025-01-08T00:00:00+00:00,3379.38,3413.55,3341.57,3359.33,303948.21
2025-01-08T04:00:00+00:00,3359.33,3372.66,3306.58,3353.2,424572.54
2025-01-08T08:00:00+00:00,3353.2,3376.2,3322.2,3347.53,327345.93
2025-01-08T12:00:00+00:00,3347.53,3384.88,3331.47,3345.99,311122.67
2025-01-08T16:00:00+00:00,3345.99,3347.06,3206.79,3279.97,926559.98
2025-01-08T20:00:00+00:00,3279.97,3333.5,3265,3325.24,157965.48
2025-01-09T00:00:00+00:00,3325.24,3355.62,3305.68,3323.6,162356.94
2025-01-09T04:00:00+00:00,3323.6,3342,3280.84,3288.17,188946.94
2025-01-09T08:00:00+00:00,3288.17,3326.73,3264.41,3300.5,320850.17
2025-01-09T12:00:00+00:00,3300.5,3335.86,3209.31,3318.79,617589.26
2025-01-09T16:00:00+00:00,3318.79,3326.19,3189.26,3193.66,413119.79
2025-01-09T20:00:00+00:00,3193.66,3238.02,3156,3217.86,379013.11
2025-01-10T00:00:00+00:00,3217.86,3258.56,3212.68,3253,74324.89
2025-01-10T04:00:00+00:00,3253,3312.56,3241.27,3294.66,243445.74
2025-01-10T08:00:00+00:00,3294.66,3319.92,3286.78,3309.75,117825.26
2025-01-10T12:00:00+00:00,3309.75,3315.53,3193.86,3243.7,776997.82
2025-01-10T16:00:00+00:00,3243.7,3321.14,3231.4,3293.8,316957.81
2025-01-10T20:00:00+00:00,3293.8,3293.8,3255.74,3265.51,105377.56
2025-01-11T00:00:00+00:00,3265.51,3268.92,3230.56,3235.75,72115.13
2025-01-11T04:00:00+00:00,3235.75,3249.01,3223.5,3234.3,73745.17
2025-01-11T08:00:00+00:00,3234.3,3279.36,3217.76,3272.68,136581.22
2025-01-11T12:00:00+00:00,3272.68,3281.65,3256.99,3269.62,85061.47
2025-01-11T16:00:00+00:00,3269.62,3282.53,3258,3277.46,73680.29
2025-01-11T20:00:00+00:00,3277.46,3319,3274.64,3281.75,131076.36
2025-01-12T00:00:00+00:00,3281.75,3290.59,3273.16,3285,43059.22
2025-01-12T04:00:00+00:00,3285,3288.61,3262.4,3265.61,52835.53
2025-01-12T08:00:00+00:00,3265.61,3270.6,3223.1,3251.9,179499.5
2025-01-12T12:00:00+00:00,3251.9,3294.73,3246.51,3284.03,232842.4
2025-01-12T16:00:00+00:00,3284.03,3298.99,3267.72,3278.99,118617.05
2025-01-12T20:00:00+00:00,3278.99,3288.46,3232.58,3265.4,127853.15
2025-01-13T00:00:00+00:00,3265.4,3337.89,3234,3241.17,386179.15
2025-01-13T04:00:00+00:00,3241.17,3259.73,3180,3200.57,355859.8
2025-01-13T08:00:00+00:00,3200.57,3205.03,3055.1,3056.82,710767.32
2025-01-13T12:00:00+00:00,3056.82,3090.32,2911.91,3047.25,1296117.21
2025-01-13T16:00:00+00:00,3047.25,3058.64,2985,3023.07,395356.1
2025-01-13T20:00:00+00:00,3023.07,3141.67,3010.62,3136.13,365410.26
2025-01-14T00:00:00+00:00,3136.13,3174.56,3124.15,3157.8,184316.53
2025-01-14T04:00:00+00:00,3157.8,3189,3156.5,3170.09,180610.79
2025-01-14T08:00:00+00:00,3170.09,3254.98,3168.47,3216.32,344205.14
2025-01-14T12:00:00+00:00,3216.32,3232.45,3177.77,3197.86,383418.01
2025-01-14T16:00:00+00:00,3197.86,3234.04,3171.12,3213.18,198716.14
2025-01-14T20:00:00+00:00,3213.18,3239.07,3193.5,3224,90181.3
2025-01-15T00:00:00+00:00,3224,3244.15,3204.03,3239.81,137961.8
2025-01-15T04:00:00+00:00,3239.81,3250.97,3214.37,3231.7,123232.95
2025-01-15T08:00:00+00:00,3231.7,3246.97,3185.33,3198.4,154796.25
2025-01-15T12:00:00+00:00,3198.4,3353,3185.28,3332.95,701889.27
2025-01-15T16:00:00+00:00,3332.95,3441.91,3323.61,3433.75,343576.58
2025-01-15T20:00:00+00:00,3433.75,3472.32,3417.87,3449.51,216235.21
2025-01-16T00:00:00+00:00,3449.51,3458.59,3346.08,3362.11,234369.74
2025-01-16T04:00:00+00:00,3362.11,3389.91,3360.55,3382.41,76302.26
2025-01-16T08:00:00+00:00,3382.41,3384,3297.96,3350.06,301954.86
2025-01-16T12:00:00+00:00,3350.06,3363.76,3264.01,3332,516467.27
2025-01-16T16:00:00+00:00,3332,3364.33,3308.84,3344,244318.55
2025-01-16T20:00:00+00:00,3344,3351.82,3266.56,3306.94,154985.29
2025-01-17T00:00:00+00:00,3306.94,3396.47,3306.6,3359.99,357965.68
2025-01-17T04:00:00+00:00,3359.99,3387.64,3346.75,3371.58,155743.28
2025-01-17T08:00:00+00:00,3371.58,3437.6,3370.96,3422.34,296998.19
2025-01-17T12:00:00+00:00,3422.34,3449.5,3393.44,3420.44,348712.24
2025-01-17T16:00:00+00:00,3420.44,3447.7,3406.36,3430.8,249075.02
2025-01-17T20:00:00+00:00,3430.8,3524.85,3424.7,3470.99,444757.25
2025-01-18T00:00:00+00:00,3470.99,3492.95,3366.68,3383.01,374592.52
2025-01-18T04:00:00+00:00,3383.01,3394.62,3280,3285.39,667971.22
2025-01-18T08:00:00+00:00,3285.39,3323.44,3225.73,3310.41,636240.54
2025-01-18T12:00:00+00:00,3310.41,3345.94,3272.66,3305.78,495391.39
2025-01-18T16:00:00+00:00,3305.78,3315.66,3248.39,3289,401265.51
2025-01-18T20:00:00+00:00,3289,3320.41,3257.19,3307,128040.69
2025-01-19T00:00:00+00:00,3307,3377.03,3298.21,3334.66,289402.29
2025-01-19T04:00:00+00:00,3334.66,3337.32,3258.5,3275,360296.2
2025-01-19T08:00:00+00:00,3275,3277.17,3130.13,3149.64,932733.54
2025-01-19T12:00:00+00:00,3149.64,3425.86,3144.16,3383.85,1800347.69
2025-01-19T16:00:00+00:00,3383.85,3449.25,3377.47,3419.62,560450.57
2025-01-19T20:00:00+00:00,3419.62,3432.78,3154,3214.05,2289599.63
2025-01-20T00:00:00+00:00,3214.05,3279.97,3142.15,3271.92,897127.08
2025-01-20T04:00:00+00:00,3271.92,3454.98,3249.59,3382.95,859003.48
2025-01-20T08:00:00+00:00,3382.95,3412.28,3333,3375.67,487757
2025-01-20T12:00:00+00:00,3375.67,3379.62,3256,3335.36,791676.69
2025-01-20T16:00:00+00:00,3335.36,3391.06,3203.33,3342.92,1620622.33
2025-01-20T20:00:00+00:00,3342.92,3344.31,3255.27,3282.61,264837.54
2025-01-21T00:00:00+00:00,3282.61,3289.19,3204,3262.21,365184.12
2025-01-21T04:00:00+00:00,3262.21,3266.01,3213,3254.01,215588.81
2025-01-21T08:00:00+00:00,3254.01,3313.3,3233.37,3304.4,185181.55
2025-01-21T12:00:00+00:00,3304.4,3334.03,3264.16,3294.16,493655.72
2025-01-21T16:00:00+00:00,3294.16,3367.5,3289.6,3331.38,383934.97
2025-01-21T20:00:00+00:00,3331.38,3346.58,3301.89,3326.72,152151.45
2025-01-22T00:00:00+00:00,3326.72,3365.96,3321.35,3330.28,186140.01
2025-01-22T04:00:00+00:00,3330.28,3339.27,3286,3287.11,257313.33
2025-01-22T08:00:00+00:00,3287.11,3329.04,3272.65,3325.52,184192.18
2025-01-22T16:00:00+00:00,3277.47,3290.94,3238.21,3261.5,284479.32
2025-01-22T20:00:00+00:00,3261.5,3276.24,3220.91,3242.25,165034.36
2025-01-23T00:00:00+00:00,3242.25,3260.79,3203.36,3225.8,211907.16
2025-01-23T04:00:00+00:00,3225.8,3232.52,3182.18,3232.08,238133.24
2025-01-23T08:00:00+00:00,3232.08,3232.38,3187.33,3212.88,170609.52
2025-01-23T12:00:00+00:00,3212.88,3286.02,3188.53,3258.5,532155.64
2025-01-23T16:00:00+00:00,3258.5,3296.98,3192.87,3203.67,385938.88
2025-01-23T20:00:00+00:00,3203.67,3346.94,3195.51,3337.88,888001.2
2025-01-24T00:00:00+00:00,3337.88,3349.23,3274,3301.53,274063.13
2025-01-24T04:00:00+00:00,3301.53,3421,3291.11,3380.22,396968.47
2025-01-24T08:00:00+00:00,3380.22,3415.99,3375,3398.68,203495.81
2025-01-24T12:00:00+00:00,3398.68,3429.73,3354.34,3382.6,373602.18
2025-01-24T16:00:00+00:00,3382.6,3408.62,3362.99,3366.66,171069.45
2025-01-24T20:00:00+00:00,3366.66,3377.56,3301.66,3308.76,274851.15
2025-01-25T00:00:00+00:00,3308.76,3322.94,3267.57,3318,239907.35
2025-01-25T04:00:00+00:00,3318,3318.57,3281.83,3289.79,95167.53
2025-01-25T08:00:00+00:00,3289.79,3310.67,3270.65,3305.51,162226.2
2025-01-25T12:00:00+00:00,3305.51,3343.24,3292.56,3333,172385.06
2025-01-25T16:00:00+00:00,3333,3348.29,3328.8,3338.77,150224.96
2025-01-25T20:00:00+00:00,3338.77,3349.78,3313.35,3317.91,117273.15
2025-01-26T00:00:00+00:00,3317.91,3349.17,3312.25,3337.83,107857.8
2025-01-26T04:00:00+00:00,3337.83,3361.46,3328.62,3337.51,123859.52
2025-01-26T08:00:00+00:00,3337.51,3342,3291.56,3310.45,166570.29
2025-01-26T12:00:00+00:00,3310.45,3319.6,3295.62,3314.24,133783.74
2025-01-26T16:00:00+00:00,3314.24,3343.72,3306.48,3337.71,128150.23
2025-01-26T20:00:00+00:00,3337.71,3341.4,3226.92,3230.97,369958.65
2025-01-27T00:00:00+00:00,3230.97,3252.48,3159.05,3182.11,502473.5
2025-01-27T04:00:00+00:00,3182.11,3182.11,3020.71,3069.38,944616.53
2025-01-27T08:00:00+00:00,3069.38,3088.96,3032.66,3057.12,349613.63
2025-01-27T12:00:00+00:00,3057.12,3150.88,3052.2,3130.85,631804.25
2025-01-27T16:00:00+00:00,3130.85,3132.04,3045.28,3074.58,435150.02
2025-01-27T20:00:00+00:00,3074.58,3237.56,3072.13,3180.74,351515.94
2025-01-28T00:00:00+00:00,3180.74,3217,3150.36,3201.99,189820.26
2025-01-28T04:00:00+00:00,3201.99,3221.58,3187.59,3194.62,170991.04
2025-01-28T08:00:00+00:00,3194.62,3206.43,3175.01,3185.21,128804.37
2025-01-28T12:00:00+00:00,3185.21,3213.21,3155.07,3180.4,256644.35
2025-01-28T16:00:00+00:00,3180.4,3181.81,3120.19,3146.39,287524.83
2025-01-28T20:00:00+00:00,3146.39,3153.89,3038.23,3076.01,338348.61
2025-01-29T00:00:00+00:00,3076.01,3131.81,3075.57,3129,156283.46
2025-01-29T04:00:00+00:00,3129,3158.8,3115.47,3155.6,159319.07
2025-01-29T08:00:00+00:00,3155.6,3162.94,3118.4,3133.04,135218.48
2025-01-29T12:00:00+00:00,3133.04,3138.78,3078.94,3099.69,309880.08
2025-01-29T16:00:00+00:00,3099.69,3152.1,3053.5,3125.25,717333.02
2025-01-29T20:00:00+00:00,3125.25,3180,3089.26,3112.55,378792.79
2025-01-30T00:00:00+00:00,3112.55,3201.51,3090,3200.3,245071.8
2025-01-30T04:00:00+00:00,3200.3,3214.6,3177.3,3189.49,305390.55
2025-01-30T08:00:00+00:00,3189.49,3228.45,3180,3221.16,259466.58
2025-01-30T12:00:00+00:00,3221.16,3279.53,3207.86,3254.26,502719.07
2025-01-30T16:00:00+00:00,3254.26,3282,3247,3269.99,278299.47
2025-01-30T20:00:00+00:00,3269.99,3271.87,3226,3245.87,208439.37
2025-01-31T00:00:00+00:00,3245.87,3278.49,3219.75,3229.54,178754.29
2025-01-31T04:00:00+00:00,3229.54,3276.33,3212.59,3240,185191.76
2025-01-31T08:00:00+00:00,3240,3337.77,3232.03,3333.85,480705.12
2025-01-31T12:00:00+00:00,3333.85,3427.17,3324.11,3426.59,707696.11
2025-01-31T16:00:00+00:00,3426.59,3436.44,3292.5,3337.64,736769.3
2025-01-31T20:00:00+00:00,3337.64,3337.64,3277.01,3299,404148.34
2025-02-01T00:00:00+00:00,3299,3331,3281.82,3291.01,184347.72
2025-02-01T04:00:00+00:00,3291.01,3305.88,3271.18,3278.71,152001.19
2025-02-01T08:00:00+00:00,3278.71,3285.41,3222.18,3250.53,303536.99
2025-02-01T12:00:00+00:00,3250.53,3271.97,3227,3249.44,268480.53
2025-02-01T16:00:00+00:00,3249.44,3265.99,3176.82,3195.67,406476.44
2025-02-01T20:00:00+00:00,3195.67,3195.68,3101.23,3116.36,625358.54
2025-02-02T00:00:00+00:00,3116.36,3161.86,3067.6,3076.48,382179.57
2025-02-02T04:00:00+00:00,3076.48,3137.5,3073.01,3100.08,238317.19
2025-02-02T08:00:00+00:00,3100.08,3123,3050.43,3063.56,315861.77
2025-02-02T12:00:00+00:00,3063.56,3099.97,3049.1,3079.36,290068.08
2025-02-02T16:00:00+00:00,3079.36,3080.37,2892,2958.01,1565263.2
2025-02-02T20:00:00+00:00,2958.01,2985.66,2742.79,2868,1749364.43
2025-02-03T00:00:00+00:00,2868,2871.43,2090.05,2525.21,6232872.65
2025-02-03T04:00:00+00:00,2525.21,2629.51,2445.87,2619.27,868256
2025-02-03T08:00:00+00:00,2619.27,2619.58,2524.49,2579.44,969949.56
2025-02-03T12:00:00+00:00,2579.44,2725.74,2525.12,2698.71,2065553.33
2025-02-03T16:00:00+00:00,2698.71,2768.57,2665.46,2762.39,752697.1
2025-02-03T20:00:00+00:00,2762.39,2919.1,2694.06,2878.68,1090315.72
2025-02-04T00:00:00+00:00,2878.68,2887.38,2791.05,2809.68,370329.05
2025-02-04T04:00:00+00:00,2809.68,2835.75,2661.21,2702.35,952713.95
2025-02-04T08:00:00+00:00,2702.35,2787.71,2675.28,2756.68,440424.58
2025-02-04T12:00:00+00:00,2756.68,2844.68,2727.53,2775.61,951636.68
2025-02-04T16:00:00+00:00,2775.61,2867.99,2763.31,2768.51,642637.83
2025-02-04T20:00:00+00:00,2768.51,2792.94,2631,2729.84,1216761.58
2025-02-05T00:00:00+00:00,2729.84,2770.22,2698.1,2719.36,417085.89
2025-02-05T04:00:00+00:00,2719.36,2787.02,2707.36,2758.17,493872.16
2025-02-05T08:00:00+00:00,2758.17,2816.9,2745.31,2798.59,348246.47
2025-02-05T12:00:00+00:00,2798.59,2826.7,2756.07,2772.13,495037.14
2025-02-05T16:00:00+00:00,2772.13,2788.56,2713.76,2774.49,755381.77
2025-02-05T20:00:00+00:00,2774.49,2802.14,2737.2,2787.9,428404.09
2025-02-06T00:00:00+00:00,2787.9,2818.31,2753.94,2805.31,262669
2025-02-06T04:00:00+00:00,2805.31,2855,2804.76,2830.08,287705.61
2025-02-06T08:00:00+00:00,2830.08,2857.36,2791.42,2802.3,457310.11
2025-02-06T12:00:00+00:00,2802.3,2805.94,2681.91,2704.21,773710.41
2025-02-06T16:00:00+00:00,2704.21,2725.89,2669.95,2688.54,520170.76
2025-02-06T20:00:00+00:00,2688.54,2724.21,2653.32,2685.28,280717.71
2025-02-07T00:00:00+00:00,2685.28,2739.05,2677.98,2714.39,213500.97
2025-02-07T04:00:00+00:00,2714.39,2730.56,2667.2,2711.63,260044.66
2025-02-07T08:00:00+00:00,2711.63,2763.64,2703.92,2761.39,208722.29
2025-02-07T12:00:00+00:00,2761.39,2796.01,2708.71,2720.61,920385.21
2025-02-07T16:00:00+00:00,2720.61,2726.49,2653.47,2657.82,674256.99
2025-02-07T20:00:00+00:00,2657.82,2660.18,2561.11,2620.67,641346.71
2025-02-08T00:00:00+00:00,2620.67,2666.49,2614.3,2640.45,329049.54
2025-02-08T04:00:00+00:00,2640.45,2647.71,2594.21,2628.13,185677.69
2025-02-08T08:00:00+00:00,2628.13,2631.4,2600.55,2612.78,151105.75
2025-02-08T12:00:00+00:00,2612.78,2635.68,2587.39,2604.29,264832.53
2025-02-08T16:00:00+00:00,2604.29,2648.7,2588.63,2636.15,199431.74
2025-02-08T20:00:00+00:00,2636.15,2643.98,2622.7,2630.99,78182.16
2025-02-09T00:00:00+00:00,2630.99,2697.83,2625.35,2677,256641.68
2025-02-09T04:00:00+00:00,2677,2677.24,2648.24,2661,139589.25
2025-02-09T08:00:00+00:00,2661,2672.51,2650.26,2653.74,137948.46
2025-02-09T12:00:00+00:00,2653.74,2660.77,2610,2651.89,457047.41
2025-02-09T16:00:00+00:00,2651.89,2665,2615.58,2622.7,260108.95
2025-02-09T20:00:00+00:00,2622.7,2648,2519.83,2626.08,1152669.07
2025-02-10T00:00:00+00:00,2626.08,2657.5,2557.64,2624.47,596750.28
2025-02-10T04:00:00+00:00,2624.47,2659.39,2617.23,2636.11,199235.89
2025-02-10T08:00:00+00:00,2636.11,2661.52,2633.58,2652.25,234395.69
2025-02-10T12:00:00+00:00,2652.25,2682.95,2630.03,2657.3,430961.59
2025-02-10T16:00:00+00:00,2657.3,2692.99,2649,2670.87,174512.81
2025-02-10T20:00:00+00:00,2670.87,2685.43,2650.33,2660,82130.84
2025-02-11T00:00:00+00:00,2660,2723.97,2659.56,2677.7,298739.33
2025-02-11T04:00:00+00:00,2677.7,2723.99,2675.2,2711.22,173303.3
2025-02-11T08:00:00+00:00,2711.22,2720,2690,2707.32,158079.31
2025-02-11T12:00:00+00:00,2707.32,2709.01,2623.54,2661.16,718755.39
2025-02-11T16:00:00+00:00,2661.16,2669.69,2581.41,2588.53,410157.48
2025-02-11T20:00:00+00:00,2588.53,2630.4,2558.33,2601.04,235281.14
2025-02-12T00:00:00+00:00,2601.04,2623.43,2567.52,2586,166589.93
2025-02-12T04:00:00+00:00,2586,2622.87,2576.36,2617.51,134652.78
2025-02-12T08:00:00+00:00,2617.51,2638.93,2609.41,2625.94,145128.42
2025-02-12T12:00:00+00:00,2625.94,2664.33,2545.29,2605.63,829286.15
2025-02-12T16:00:00+00:00,2605.63,2682.99,2582.1,2677.14,312739.11
2025-02-12T20:00:00+00:00,2677.14,2794.68,2668.15,2737.04,385748.04
2025-02-13T00:00:00+00:00,2737.04,2756.3,2714.8,2743.54,107153.85
2025-02-13T04:00:00+00:00,2743.54,2744.8,2670.5,2680.13,230620.1
2025-02-13T08:00:00+00:00,2680.13,2687.79,2648.9,2654.71,253631.67
2025-02-13T12:00:00+00:00,2654.71,2676.93,2613.79,2646.44,439050.88
2025-02-13T16:00:00+00:00,2646.44,2660,2611.42,2639.74,258788.98
2025-02-13T20:00:00+00:00,2639.74,2678.86,2639.4,2674.51,105462.29
2025-02-14T00:00:00+00:00,2674.51,2720.2,2663.17,2713.99,164739.75
2025-02-14T04:00:00+00:00,2713.99,2715.1,2688.02,2698,86113.55
2025-02-14T08:00:00+00:00,2698,2716,2681.27,2684.14,151723.45
2025-02-14T12:00:00+00:00,2684.14,2746.6,2676.34,2733.51,373473.48
2025-02-14T16:00:00+00:00,2733.51,2790.82,2708.5,2736.49,419894.99
2025-02-14T20:00:00+00:00,2736.49,2750.81,2703.77,2724.53,226521.96
2025-02-15T00:00:00+00:00,2724.53,2738,2703,2723.29,102043.25
2025-02-15T04:00:00+00:00,2723.29,2732.62,2692.39,2696.36,132844.69
2025-02-15T08:00:00+00:00,2696.36,2713.78,2694.25,2706.91,93577.31
2025-02-15T12:00:00+00:00,2706.91,2712.89,2660.01,2689.61,216735.94
2025-02-15T16:00:00+00:00,2689.61,2707.33,2677.76,2690.21,127509.77
2025-02-15T20:00:00+00:00,2690.21,2703.39,2677.78,2691.74,61295.91
2025-02-16T00:00:00+00:00,2691.74,2704.57,2686,2697.77,77887.61
2025-02-16T04:00:00+00:00,2697.77,2725.94,2689,2694.38,146500.93
2025-02-16T08:00:00+00:00,2694.38,2711.9,2688,2709.76,79949.2
2025-02-16T12:00:00+00:00,2709.76,2711.37,2675.13,2692.96,213919.35
2025-02-16T16:00:00+00:00,2692.96,2702.63,2658,2682.91,177971.57
2025-02-16T20:00:00+00:00,2682.91,2688,2650.01,2660.01,209948.65
2025-02-17T00:00:00+00:00,2660.01,2682.97,2656.31,2670.83,124144.21
2025-02-17T04:00:00+00:00,2670.83,2694.8,2634.43,2680.47,217587.17
2025-02-17T08:00:00+00:00,2680.47,2773.86,2675.5,2753.74,428514.32
2025-02-17T12:00:00+00:00,2753.74,2848.75,2744.97,2754.74,840214.65
2025-02-17T16:00:00+00:00,2754.74,2764.62,2685.78,2716.37,488341.14
2025-02-17T20:00:00+00:00,2716.37,2777.2,2715,2743,203652.9
2025-02-18T00:00:00+00:00,2743,2755.69,2706.05,2710.76,223407.56
2025-02-18T04:00:00+00:00,2710.76,2716.88,2650.42,2671.01,320913.35
2025-02-18T08:00:00+00:00,2671.01,2705.36,2651.59,2678.47,218594.34
2025-02-18T12:00:00+00:00,2678.47,2731.58,2657.96,2672.44,459824.17
2025-02-18T16:00:00+00:00,2672.44,2683.55,2604.26,2628.73,443984.75
2025-02-18T20:00:00+00:00,2628.73,2671,2617.06,2670.45,140137.05
2025-02-19T00:00:00+00:00,2670.45,2699,2655.07,2693.03,136152.81
2025-02-19T04:00:00+00:00,2693.03,2716.34,2663.42,2707.04,162708.74
2025-02-19T08:00:00+00:00,2707.04,2735.77,2703.5,2725.98,184526.9
2025-02-19T12:00:00+00:00,2725.98,2730,2676.04,2695.59,281043.85
2025-02-19T16:00:00+00:00,2695.59,2723.17,2693.29,2710.82,132314.1
2025-02-19T20:00:00+00:00,2710.82,2734,2704.65,2714.29,119326.24
2025-02-20T00:00:00+00:00,2714.29,2750,2708.62,2740.44,155407.13
2025-02-20T04:00:00+00:00,2740.44,2757.92,2721.06,2728.88,123915.62
2025-02-20T08:00:00+00:00,2728.88,2745.71,2723.73,2739.71,92516.98
2025-02-20T12:00:00+00:00,2739.71,2770.08,2705.99,2711.32,374460.21
2025-02-20T16:00:00+00:00,2711.32,2766.68,2706.27,2746.89,249941.1
2025-02-20T20:00:00+00:00,2746.89,2759.93,2720.66,2736.86,104314.08
2025-02-21T00:00:00+00:00,2736.86,2748.65,2724.25,2743.15,76410.38
2025-02-21T04:00:00+00:00,2743.15,2768.88,2743.15,2754.9,103126.68
2025-02-21T08:00:00+00:00,2754.9,2830.76,2747,2787.48,361629.9
2025-02-21T12:00:00+00:00,2787.48,2845,2672.16,2722.25,875441.17
2025-02-21T16:00:00+00:00,2722.25,2768.29,2624.22,2638.3,844189.03
2025-02-21T20:00:00+00:00,2638.3,2663.11,2614.76,2660.85,261271.46
2025-02-22T00:00:00+00:00,2660.85,2687.09,2651.31,2674.5,147214.71
2025-02-22T04:00:00+00:00,2674.5,2695.25,2671.37,2682.81,93526.31
2025-02-22T08:00:00+00:00,2682.81,2752.21,2675.5,2731.91,236606.51
2025-02-22T12:00:00+00:00,2731.91,2785,2721,2774.72,228906.24
2025-02-22T16:00:00+00:00,2774.72,2797,2756,2769.12,311907.54
2025-02-22T20:00:00+00:00,2769.12,2777,2758.16,2762.01,41739.99
2025-02-23T00:00:00+00:00,2762.01,2774.6,2743.9,2751.67,94399.35
2025-02-23T04:00:00+00:00,2751.67,2828,2745.22,2823.64,210094.57
2025-02-23T08:00:00+00:00,2823.64,2830.11,2782.08,2796.52,275554.04
2025-02-23T12:00:00+00:00,2796.52,2825.96,2772.04,2781.4,359721.67
2025-02-23T16:00:00+00:00,2781.4,2823.4,2781.11,2806.76,171332.58
2025-02-23T20:00:00+00:00,2806.76,2859.07,2784,2818.55,147565.76
2025-02-24T00:00:00+00:00,2818.55,2839,2709.95,2716.36,382734.06
2025-02-24T04:00:00+00:00,2716.36,2734,2691.16,2720.42,315518.48
2025-02-24T08:00:00+00:00,2720.42,2721.05,2662.16,2688.68,414221.59
2025-02-24T12:00:00+00:00,2688.68,2695.65,2634,2657.5,424263.54
2025-02-24T16:00:00+00:00,2657.5,2681.61,2620.55,2639.82,333753.79
2025-02-24T20:00:00+00:00,2639.82,2662.5,2466.32,2512.9,730613.57
2025-02-25T04:00:00+00:00,2493.7,2511.85,2316.7,2366.82,797347.62
2025-02-25T08:00:00+00:00,2366.82,2438.39,2355.96,2432.36,531491.11
2025-02-25T12:00:00+00:00,2432.36,2448,2360.4,2408.57,610687.51
2025-02-25T16:00:00+00:00,2408.57,2472.49,2382.64,2470.59,365179.65
2025-02-25T20:00:00+00:00,2470.59,2532,2456.16,2493.96,252481.7
2025-02-26T00:00:00+00:00,2493.96,2506.47,2470.46,2490.01,149398.54
2025-02-26T04:00:00+00:00,2490.01,2505.12,2474.04,2482,147845.94
2025-02-26T08:00:00+00:00,2482,2494.61,2456.6,2463.32,218716.18
2025-02-26T12:00:00+00:00,2463.32,2465.5,2369.22,2427.75,640219.27
2025-02-26T16:00:00+00:00,2427.75,2433.8,2263.99,2295.52,875586.39
2025-02-26T20:00:00+00:00,2295.52,2382.72,2253.01,2335.33,566168.42
2025-02-27T00:00:00+00:00,2335.33,2369.68,2314.69,2331,251614.69
2025-02-27T04:00:00+00:00,2331,2372.36,2302.2,2355.38,280672.86
2025-02-27T08:00:00+00:00,2355.38,2380.84,2342.28,2352.76,310478.86
2025-02-27T12:00:00+00:00,2352.76,2361.49,2289.52,2322.42,666752.18
2025-02-27T16:00:00+00:00,2322.42,2336.62,2276.89,2291.19,240320.9
2025-02-27T20:00:00+00:00,2291.19,2310.46,2229.15,2306.51,334414.07
2025-02-28T00:00:00+00:00,2306.51,2313.24,2122.31,2146.11,1110959.81
2025-02-28T04:00:00+00:00,2146.11,2155.25,2075,2104.89,879153.43
2025-02-28T08:00:00+00:00,2104.89,2151.04,2074.43,2125.14,531035.13
2025-02-28T12:00:00+00:00,2125.14,2227.51,2103.88,2221.67,670929.34
2025-02-28T16:00:00+00:00,2221.67,2254.53,2192.56,2229.18,377459.85
2025-02-28T20:00:00+00:00,2229.18,2238.73,2198,2235.94,130262.25
2025-03-01T00:00:00+00:00,2235.94,2274.34,2212.11,2261.76,217557.14
2025-03-01T04:00:00+00:00,2261.76,2279.81,2223.09,2228.15,207064.92
2025-03-01T08:00:00+00:00,2228.15,2238.59,2170.3,2183.1,301028.99
2025-03-01T12:00:00+00:00,2183.1,2186.6,2141.33,2172.35,431624.54
2025-03-01T16:00:00+00:00,2172.35,2233.69,2168.16,2222.22,271708.19
2025-03-01T20:00:00+00:00,2222.22,2234.99,2190.01,2216.3,148570.27
2025-03-02T00:00:00+00:00,2216.3,2230,2200.22,2219.23,160369.27
2025-03-02T04:00:00+00:00,2219.23,2234.57,2217.3,2220.66,96238.74
2025-03-02T08:00:00+00:00,2220.66,2260.19,2206.85,2237.77,258861.95
2025-03-02T12:00:00+00:00,2237.77,2290.22,2170.8,2228.75,619110.28
2025-03-02T16:00:00+00:00,2228.75,2518.85,2212.01,2485.36,1691458.5
2025-03-02T20:00:00+00:00,2485.36,2549.97,2479.17,2517.12,416305.7
2025-03-03T00:00:00+00:00,2517.12,2522.78,2417.79,2439.99,341607.45
2025-03-03T04:00:00+00:00,2439.99,2456.55,2351.65,2386,311711.72
2025-03-03T08:00:00+00:00,2386,2386.97,2321.05,2355.23,311241.67
2025-03-03T12:00:00+00:00,2355.23,2387.89,2266.66,2286.2,703070.43
2025-03-03T16:00:00+00:00,2286.2,2296,2095.08,2108.27,808165.34
2025-03-03T20:00:00+00:00,2108.27,2172.5,2095.2,2148.21,401189.53
2025-03-04T00:00:00+00:00,2148.21,2166.24,2001.88,2073.65,884145.74
2025-03-04T04:00:00+00:00,2073.65,2121.2,2067.36,2079.67,423314.6
2025-03-04T08:00:00+00:00,2079.67,2117.39,2069.49,2100.16,308156.84
2025-03-04T12:00:00+00:00,2100.16,2157.61,2024.42,2073.64,1295775.07
2025-03-04T16:00:00+00:00,2073.64,2173.78,1990,2171.84,883207.18
2025-03-04T20:00:00+00:00,2171.84,2221.68,2125.6,2170.51,347035.9
2025-03-05T00:00:00+00:00,2170.51,2191.7,2154.24,2159.63,243620.16
2025-03-05T04:00:00+00:00,2159.63,2212.25,2157.11,2206.52,269740.52
2025-03-05T08:00:00+00:00,2206.52,2272.88,2203.55,2216.55,567547.09
2025-03-05T12:00:00+00:00,2216.55,2232.07,2165.37,2185.86,784892.59
2025-03-05T16:00:00+00:00,2185.86,2221.86,2160.44,2216.87,452514.05
2025-03-05T20:00:00+00:00,2216.87,2252.14,2212.68,2240.45,275030.41
2025-03-06T00:00:00+00:00,2240.45,2295.45,2232.98,2288.64,252055.52
2025-03-06T04:00:00+00:00,2288.64,2318.91,2274.22,2285.2,320205.69
2025-03-06T08:00:00+00:00,2285.2,2304.52,2275.37,2296.62,285278.74
2025-03-06T12:00:00+00:00,2296.62,2297.78,2206.99,2256.42,678694.9
2025-03-06T16:00:00+00:00,2256.42,2264.58,2175.41,2197.11,427647.79
2025-03-06T20:00:00+00:00,2197.11,2228.28,2190.97,2200.98,177891.82
2025-03-07T00:00:00+00:00,2200.98,2226.32,2101,2147.2,704168.57
2025-03-07T04:00:00+00:00,2147.2,2192.79,2143.46,2191.52,230807.43
2025-03-07T08:00:00+00:00,2191.52,2209.94,2176.29,2196.42,249806.6
2025-03-07T12:00:00+00:00,2196.42,2258.47,2164.33,2208.49,1057125.74
2025-03-07T16:00:00+00:00,2208.49,2214.45,2140,2177.16,599549.58
2025-03-07T20:00:00+00:00,2177.16,2186.22,2113.09,2140.71,486653.69
2025-03-08T00:00:00+00:00,2140.71,2155,2103.7,2137.06,169574.66
2025-03-08T04:00:00+00:00,2137.06,2151.94,2130.43,2136.7,122013.57
2025-03-08T08:00:00+00:00,2136.7,2142.7,2125.4,2140.89,131386.78
2025-03-08T12:00:00+00:00,2140.89,2197.99,2137.02,2180.4,374029.94
2025-03-08T16:00:00+00:00,2180.4,2234.32,2160.2,2223.74,358229
2025-03-08T20:00:00+00:00,2223.74,2225.05,2192.71,2202.83,188057.32
2025-03-09T00:00:00+00:00,2202.83,2211.2,2175.27,2185,132454.94
2025-03-09T04:00:00+00:00,2185,2196.31,2170.84,2184.3,144920.32
2025-03-09T08:00:00+00:00,2184.3,2186.98,2127.13,2145.62,246869.4
2025-03-09T12:00:00+00:00,2145.62,2145.89,2083.27,2096.01,471139.86
2025-03-09T16:00:00+00:00,2096.01,2108,1995.96,2039.23,932552.13
2025-03-09T20:00:00+00:00,2039.23,2055.54,1986.95,2019,352525.23
2025-03-10T00:00:00+00:00,2019,2069.74,1993.54,2056.81,285541.08
2025-03-10T04:00:00+00:00,2056.81,2078.3,2053.43,2074.21,152878.77
2025-03-10T08:00:00+00:00,2074.21,2152.69,2046.75,2127.12,587036.32
2025-03-10T12:00:00+00:00,2127.12,2134.74,1995.24,2016.84,842414.15
2025-03-10T16:00:00+00:00,2016.84,2024.32,1809.08,1869.09,1665894.68
2025-03-10T20:00:00+00:00,1869.09,1902.97,1842.32,1864,405614.87
2025-03-11T00:00:00+00:00,1864,1889.43,1753,1849.35,897355.59
2025-03-11T04:00:00+00:00,1849.35,1913.51,1845.17,1903.13,405450.79
2025-03-11T08:00:00+00:00,1903.13,1928.8,1898.72,1913.4,366184.61
2025-03-11T12:00:00+00:00,1913.4,1963.16,1839.42,1913.61,1499186.64
2025-03-11T16:00:00+00:00,1913.61,1962,1885.4,1951.76,646029.02
2025-03-11T20:00:00+00:00,1951.76,1954.5,1916.22,1922.6,215510.29
2025-03-12T00:00:00+00:00,1922.6,1931.58,1866.06,1867.6,302764.26
2025-03-12T04:00:00+00:00,1867.6,1915.97,1851.48,1910.42,457441.12
2025-03-12T08:00:00+00:00,1910.42,1955.97,1870.48,1915.82,796740.26
2025-03-12T12:00:00+00:00,1915.82,1945,1829.17,1868.39,1096395.74
2025-03-12T16:00:00+00:00,1868.39,1893.5,1861.76,1877.32,392087.73
2025-03-12T20:00:00+00:00,1877.32,1914.6,1873,1907.23,228905.56
2025-03-13T00:00:00+00:00,1907.23,1916.36,1880.9,1886.16,241826.58
2025-03-13T04:00:00+00:00,1886.16,1890.77,1857.62,1871.2,259047.68
2025-03-13T08:00:00+00:00,1871.2,1904.66,1852.79,1899.62,505923.21
2025-03-13T12:00:00+00:00,1899.62,1921.1,1863.11,1874.69,849993.12
2025-03-13T16:00:00+00:00,1874.69,1877.39,1820.42,1850.83,610079.95
2025-03-13T20:00:00+00:00,1850.83,1882.71,1838,1863.88,199959.79
2025-03-14T00:00:00+00:00,1863.88,1893.82,1860.41,1888.6,174594.99
2025-03-14T04:00:00+00:00,1888.6,1904.68,1886.8,1892.12,148520.94
2025-03-14T08:00:00+00:00,1892.12,1907.95,1888.47,1901.51,195942.91
2025-03-14T12:00:00+00:00,1901.51,1941.81,1873.42,1921.23,694333.25
2025-03-14T16:00:00+00:00,1921.23,1945.61,1913.12,1933.25,314733.42
2025-03-14T20:00:00+00:00,1933.25,1934,1907.56,1910.91,175147.09
2025-03-15T00:00:00+00:00,1910.91,1922.5,1902.85,1919.79,103338.15
2025-03-15T04:00:00+00:00,1919.79,1934.75,1913.69,1916.75,142682.47
2025-03-15T08:00:00+00:00,1916.75,1930.89,1911.52,1927.99,93660.64
2025-03-15T12:00:00+00:00,1927.99,1938.74,1921.6,1936.81,135175.87
2025-03-15T16:00:00+00:00,1936.81,1947.55,1927.43,1936.01,174016.43
2025-03-15T20:00:00+00:00,1936.01,1956.5,1935.24,1936.27,125901.31
2025-03-16T00:00:00+00:00,1936.27,1939.86,1915.45,1926.47,143667.98
2025-03-16T04:00:00+00:00,1926.47,1933.22,1920.73,1924.99,79423.67
2025-03-16T08:00:00+00:00,1924.99,1926,1865.8,1872.64,496232.13
2025-03-16T12:00:00+00:00,1872.64,1897.4,1872.21,1894.11,391101.58
2025-03-16T16:00:00+00:00,1894.11,1923.7,1858.03,1881.81,573700.29
2025-03-16T20:00:00+00:00,1881.81,1897.63,1869.51,1886.01,154860.18
2025-03-17T00:00:00+00:00,1886.01,1914.88,1885.41,1908.27,200019.79
2025-03-17T04:00:00+00:00,1908.27,1912.38,1878.88,1900.13,233334.32
2025-03-17T08:00:00+00:00,1900.13,1917.79,1892.06,1909.71,174052.45
2025-03-17T12:00:00+00:00,1909.71,1942.28,1886.37,1918.4,700755.01
2025-03-17T16:00:00+00:00,1918.4,1951.65,1906.67,1941.34,301673.18
2025-03-17T20:00:00+00:00,1941.34,1948.83,1921.1,1925.36,113193.96
2025-03-18T00:00:00+00:00,1925.36,1929.5,1896.36,1900.36,217274.86
2025-03-18T04:00:00+00:00,1900.36,1909.41,1892.9,1904.35,211260.73
2025-03-18T08:00:00+00:00,1904.35,1912.59,1884.25,1891.74,208203.55
2025-03-18T12:00:00+00:00,1891.74,1902.54,1871.24,1879.96,434653.04
2025-03-18T16:00:00+00:00,1879.96,1907.7,1872.53,1903.9,307432.32
2025-03-18T20:00:00+00:00,1903.9,1935.32,1897.7,1930.63,192763.95
2025-03-19T00:00:00+00:00,1930.63,1948.5,1927.38,1937.74,168309.89
2025-03-19T04:00:00+00:00,1937.74,1942.5,1929.53,1931,112086.94
2025-03-19T08:00:00+00:00,1931,2032.89,1930.88,2027.13,661674.32
2025-03-19T12:00:00+00:00,2027.13,2056.11,1994.19,2047.87,705601.01
2025-03-19T16:00:00+00:00,2047.87,2061.57,1995.18,2029.91,676945.68
2025-03-19T20:00:00+00:00,2029.91,2069,2027.5,2055.21,210712.2
2025-03-20T00:00:00+00:00,2055.21,2066.87,2019.19,2021.86,233997.91
2025-03-20T04:00:00+00:00,2021.86,2024.49,2003.85,2006.7,156767.25
2025-03-20T08:00:00+00:00,2006.7,2020.35,1970.36,1988.39,476774.04
2025-03-20T12:00:00+00:00,1988.39,2009.66,1965,1971.19,651467.5
2025-03-20T16:00:00+00:00,1971.19,1979.12,1951.52,1974,489321.86
2025-03-20T20:00:00+00:00,1974,1984.25,1970.5,1982.91,87246.82
2025-03-21T00:00:00+00:00,1982.91,1995.85,1972.06,1977.64,217123.18
2025-03-21T04:00:00+00:00,1977.64,1988.63,1964.81,1976,243131.69
2025-03-21T08:00:00+00:00,1976,1981.37,1956,1966.12,217430.37
2025-03-21T12:00:00+00:00,1966.12,1973.05,1935.04,1949.5,462421.02
2025-03-21T16:00:00+00:00,1949.5,1976.62,1945.21,1972.8,277997.87
2025-03-21T20:00:00+00:00,1972.8,1982.48,1961.36,1964.82,121879.79
2025-03-22T00:00:00+00:00,1964.82,1986.58,1963.62,1985,173813.89
2025-03-22T04:00:00+00:00,1985,1992.38,1982.42,1983.18,276127.4
2025-03-22T08:00:00+00:00,1983.18,2005.56,1980.57,1989.35,218435.13
2025-03-22T12:00:00+00:00,1989.35,1996.64,1980.3,1985.42,123121.34
2025-03-22T16:00:00+00:00,1985.42,1999.57,1981.68,1995.02,86655.36
2025-03-22T20:00:00+00:00,1995.02,2003.41,1973.99,1979.84,104922.76
2025-03-23T00:00:00+00:00,1979.84,2007.66,1975.7,2007.54,145183.74
2025-03-23T04:00:00+00:00,2007.54,2019.52,1991.57,2007.25,163464.21
2025-03-23T08:00:00+00:00,2007.25,2019.98,2001.9,2006.97,321303.9
2025-03-23T12:00:00+00:00,2006.97,2019.3,2001.3,2006.22,322520.55
2025-03-23T16:00:00+00:00,2006.22,2007.03,1986.52,1995.4,335034.64
2025-03-23T20:00:00+00:00,1995.4,2005.67,1979.78,2005,241453.59
2025-03-24T00:00:00+00:00,2005,2020.58,1976.75,2013.49,525976.51
2025-03-24T04:00:00+00:00,2013.49,2079.36,2013.49,2068.34,763598.72
2025-03-24T08:00:00+00:00,2068.34,2103.3,2068.12,2091.68,389516.75
2025-03-24T12:00:00+00:00,2091.68,2101.75,2072.41,2088.79,483905.29
2025-03-24T16:00:00+00:00,2088.79,2100.6,2066.38,2087.72,367748.33
2025-03-24T20:00:00+00:00,2087.72,2094.54,2067.5,2080.4,185284.35
2025-03-25T00:00:00+00:00,2080.4,2097,2040.5,2042.27,369082.37
2025-03-25T04:00:00+00:00,2042.27,2066.69,2036.05,2054.81,342459.78
2025-03-25T08:00:00+00:00,2054.81,2074.3,2052.69,2067.37,285291.26
2025-03-25T12:00:00+00:00,2067.37,2079,2051.06,2066.45,542183.27
2025-03-25T16:00:00+00:00,2066.45,2082.92,2055.55,2074.8,252065.96
2025-03-25T20:00:00+00:00,2074.8,2082.5,2052.77,2065.22,161912.25
2025-03-26T00:00:00+00:00,2065.22,2077.81,2041.42,2047.93,224815.66
2025-03-26T04:00:00+00:00,2047.93,2070.63,2046.65,2068.34,244872.37
2025-03-26T08:00:00+00:00,2068.34,2074.85,2056.89,2067.5,232331.34
2025-03-26T12:00:00+00:00,2067.5,2069.5,2005.44,2011.73,788070.25
2025-03-26T16:00:00+00:00,2011.73,2020.96,1980.54,1999.25,488929.09
2025-03-26T20:00:00+00:00,1999.25,2016.53,1991.31,2008.69,259742.45
2025-03-27T00:00:00+00:00,2008.69,2036.34,2006.23,2030.42,353890.78
2025-03-27T04:00:00+00:00,2030.42,2032,2020.21,2025.69,199131.91
2025-03-27T08:00:00+00:00,2025.69,2034.95,2011.22,2015.29,312345
2025-03-27T12:00:00+00:00,2015.29,2025.17,1986,2004.65,720558.1
2025-03-27T16:00:00+00:00,2004.65,2014.21,1992.48,2003.13,172592.44
2025-03-27T20:00:00+00:00,2003.13,2019.91,1998.42,2002.9,102283.19
2025-03-28T00:00:00+00:00,2002.9,2015,1991.1,1999.02,180125.77
2025-03-28T04:00:00+00:00,1999.02,2003.83,1899.63,1909.05,835753.79
2025-03-28T08:00:00+00:00,1909.05,1923.37,1862.48,1899.76,498069.87
2025-03-28T12:00:00+00:00,1899.76,1903.56,1870.55,1871.45,726866.84
2025-03-28T16:00:00+00:00,1871.45,1886.57,1861.21,1873.43,314163.45
2025-03-28T20:00:00+00:00,1873.43,1901.02,1872.76,1896.02,248354.52
2025-03-29T00:00:00+00:00,1896.02,1912.82,1885.18,1898.95,259550.33
2025-03-29T04:00:00+00:00,1898.95,1904,1874.23,1879.53,195627.38
2025-03-29T08:00:00+00:00,1879.53,1886.76,1832.59,1843.65,576460.64
2025-03-29T12:00:00+00:00,1843.65,1862.78,1832.73,1838.6,303384.06
2025-03-29T16:00:00+00:00,1838.6,1847.01,1796.22,1826.77,691189.91
2025-03-29T20:00:00+00:00,1826.77,1829.5,1811,1827.06,134704.76
2025-03-30T00:00:00+00:00,1827.06,1843.5,1811.77,1833.96,212614.42
2025-03-30T04:00:00+00:00,1833.96,1845.78,1831.55,1836.69,200733.5
2025-03-30T08:00:00+00:00,1836.69,1848.33,1825.31,1832.49,376087.03
2025-03-30T16:00:00+00:00,1812.81,1833.68,1784.04,1813.37,478289.71
2025-03-30T20:00:00+00:00,1813.37,1820.84,1766.39,1806.64,402321.16
2025-03-31T00:00:00+00:00,1806.64,1822.59,1775.96,1797.79,424362.7
2025-03-31T04:00:00+00:00,1797.79,1812.72,1788.12,1797.92,272030.8
2025-03-31T08:00:00+00:00,1797.92,1818.85,1776.71,1812.79,439298.02
2025-03-31T12:00:00+00:00,1812.79,1853.47,1792.23,1841.37,917638.68
2025-03-31T16:00:00+00:00,1841.37,1846.72,1816.25,1826.55,321916.8
2025-03-31T20:00:00+00:00,1826.55,1834.01,1815.3,1821.6,184009.51
2025-04-01T00:00:00+00:00,1821.6,1842.9,1816.88,1834,224899.15
2025-04-01T04:00:00+00:00,1834,1866.49,1831.23,1853.22,247349.9
2025-04-01T08:00:00+00:00,1853.22,1891.75,1853.22,1861.44,486451.44
2025-04-01T12:00:00+00:00,1861.44,1927.18,1841.56,1917.89,934029.33
2025-04-01T16:00:00+00:00,1917.89,1923.49,1900.53,1909.1,255267.27
2025-04-01T20:00:00+00:00,1909.1,1922.5,1895.89,1904.21,127118.86
2025-04-02T00:00:00+00:00,1904.21,1907.83,1871.31,1875.4,288397.71
2025-04-02T04:00:00+00:00,1875.4,1882.31,1850.86,1863.96,407811.95
2025-04-02T08:00:00+00:00,1863.96,1887.34,1861.61,1867.94,310361.93
2025-04-02T12:00:00+00:00,1867.94,1918,1853.14,1900.05,917078.79
2025-04-02T16:00:00+00:00,1900.05,1915,1881.43,1910.52,270048.74
2025-04-02T20:00:00+00:00,1910.52,1956.2,1780.87,1794.26,1430536.99
2025-04-03T00:00:00+00:00,1794.26,1834.11,1788.15,1823.76,345954.59
2025-04-03T04:00:00+00:00,1823.76,1844.8,1805.97,1814.51,384287.36
2025-04-03T08:00:00+00:00,1814.51,1823.49,1786.15,1794.41,442545.64
2025-04-03T12:00:00+00:00,1794.41,1799.78,1747.65,1781.41,883055.61
2025-04-03T16:00:00+00:00,1781.41,1798.39,1766.66,1785.98,236513.67
2025-04-03T20:00:00+00:00,1785.98,1821.28,1778.58,1816.16,184462.49
2025-04-04T00:00:00+00:00,1816.16,1822.38,1770.3,1792.13,223706.88
2025-04-04T04:00:00+00:00,1792.13,1820.8,1783.08,1816.82,221693.41
2025-04-04T08:00:00+00:00,1816.82,1834.6,1757.62,1783.16,610986.12
2025-04-04T12:00:00+00:00,1783.16,1820.33,1768.56,1794.47,920633.21
2025-04-04T16:00:00+00:00,1794.47,1828.12,1782.04,1809.97,466918.71
2025-04-04T20:00:00+00:00,1809.97,1827.11,1806.43,1815.97,186586.36
2025-04-05T00:00:00+00:00,1815.97,1826.5,1808.29,1809.1,182503.74
2025-04-05T04:00:00+00:00,1809.1,1815,1803.3,1812.21,171426.76
2025-04-05T08:00:00+00:00,1812.21,1821.27,1805.8,1806.79,142600.59
2025-04-05T12:00:00+00:00,1806.79,1807.61,1776.87,1781.1,367681.01
2025-04-05T16:00:00+00:00,1781.1,1794.74,1779.02,1781.32,107664.97
2025-04-05T20:00:00+00:00,1781.32,1809.3,1763.19,1805.04,204662.27
2025-04-06T00:00:00+00:00,1805.04,1816.3,1801.07,1808.88,173097.17
2025-04-06T04:00:00+00:00,1808.88,1812.55,1790.2,1797,170767.04
2025-04-06T08:00:00+00:00,1797,1797.25,1782.12,1788.23,204279.79
2025-04-06T12:00:00+00:00,1788.23,1791.1,1738.77,1759,620191.89
2025-04-06T16:00:00+00:00,1759,1759,1601.01,1625.5,2197368.17
2025-04-06T20:00:00+00:00,1625.5,1630.3,1536.11,1579.82,1513925.68
2025-04-07T00:00:00+00:00,1579.82,1613.29,1519.9,1543,940783.65
2025-04-07T04:00:00+00:00,1543,1560.76,1410.07,1459.71,2128272.71
2025-04-07T08:00:00+00:00,1459.71,1520.49,1455,1482,1217831.93
2025-04-07T12:00:00+00:00,1482,1638.45,1477.17,1555.54,2857992.46
2025-04-07T16:00:00+00:00,1555.54,1572.27,1525.22,1543.77,859064.42
2025-04-07T20:00:00+00:00,1543.77,1584.46,1543.77,1552.44,330107.18
2025-04-08T00:00:00+00:00,1552.44,1618,1540.18,1584.15,440815.21
2025-04-08T04:00:00+00:00,1584.15,1601.63,1560.9,1569.98,435919.12
2025-04-08T08:00:00+00:00,1569.98,1589.62,1553.44,1587.2,410801.97
2025-04-08T12:00:00+00:00,1587.2,1592.73,1517.31,1530.75,1108147.57
2025-04-08T16:00:00+00:00,1530.75,1532.32,1453.66,1466.1,1684423.84
2025-04-08T20:00:00+00:00,1466.1,1485.52,1445.54,1472.67,429052.63
2025-04-09T00:00:00+00:00,1472.67,1481.59,1384,1418.34,1209163.9
2025-04-09T04:00:00+00:00,1418.34,1492.02,1414.09,1482.9,839700.63
2025-04-09T08:00:00+00:00,1482.9,1496.03,1444.01,1454.63,962279.01
2025-04-09T12:00:00+00:00,1454.63,1500.98,1438.9,1484.58,1170393.13
2025-04-09T16:00:00+00:00,1484.58,1672,1481.19,1639.79,2493322.83
2025-04-09T20:00:00+00:00,1639.79,1688.01,1639.79,1668.7,568950.1
2025-04-10T00:00:00+00:00,1668.7,1669.19,1601.11,1616.4,429785.49
2025-04-10T04:00:00+00:00,1616.4,1625.1,1582.87,1594.99,539418.1
2025-04-10T08:00:00+00:00,1594.99,1605.9,1580.49,1593.91,491890.15
2025-04-10T12:00:00+00:00,1593.91,1626.67,1482.6,1495.01,2042705.25
2025-04-10T16:00:00+00:00,1495.01,1531.6,1471.79,1514,1068436.08
2025-04-10T20:00:00+00:00,1514,1533,1513.63,1521.7,169833.34
2025-04-11T00:00:00+00:00,1521.7,1550.02,1503.85,1543.63,585367.74
2025-04-11T04:00:00+00:00,1543.63,1562.06,1540.1,1551.99,398365.31
2025-04-11T08:00:00+00:00,1551.99,1584.3,1537,1557.93,902536.36
2025-04-11T12:00:00+00:00,1557.93,1580.59,1540.49,1564.8,980780.5
2025-04-11T16:00:00+00:00,1564.8,1590.75,1555.01,1564.79,403991.25
2025-04-11T20:00:00+00:00,1564.79,1586.33,1556.58,1566.14,185858.23
2025-04-12T00:00:00+00:00,1566.14,1568.88,1545.06,1553.61,224607.45
2025-04-12T04:00:00+00:00,1553.61,1584.77,1549.56,1581.23,334064.89
2025-04-12T08:00:00+00:00,1581.23,1605.96,1580.03,1593.21,360899.48
2025-04-12T12:00:00+00:00,1593.21,1669,1589.86,1655.09,1243085.38
2025-04-12T16:00:00+00:00,1655.09,1661.58,1627.42,1641.9,409738.66
2025-04-12T20:00:00+00:00,1641.9,1659.5,1640.37,1643.52,196552.24
2025-04-13T00:00:00+00:00,1643.52,1648.99,1605.87,1623.6,443961.19
2025-04-13T04:00:00+00:00,1623.6,1623.91,1596.55,1612.77,335253.97
2025-04-13T08:00:00+00:00,1612.77,1627.43,1590.45,1603.65,447817.94
2025-04-13T12:00:00+00:00,1603.65,1608.33,1565.14,1586.01,593507.02
2025-04-13T16:00:00+00:00,1586.01,1648.76,1560.95,1589.42,1026113.63
2025-04-13T20:00:00+00:00,1589.42,1616.11,1571.93,1596.93,478013.9
2025-04-14T00:00:00+00:00,1596.93,1659.82,1594.77,1629.14,546971.93
2025-04-14T04:00:00+00:00,1629.14,1641.69,1611.53,1635.01,304509.06
2025-04-14T08:00:00+00:00,1635.01,1690.87,1628.69,1674.88,696796.52
2025-04-14T12:00:00+00:00,1674.88,1689,1618.4,1626.96,922899.33
2025-04-14T16:00:00+00:00,1626.96,1650.8,1613.78,1635.45,468248.13
2025-04-14T20:00:00+00:00,1635.45,1637.2,1604.52,1623.2,242400.24
2025-04-15T00:00:00+00:00,1623.2,1643.1,1614.03,1637.16,314045.17
2025-04-15T04:00:00+00:00,1637.16,1647.44,1631.45,1644.23,184925.31
2025-04-15T08:00:00+00:00,1644.23,1651.15,1621.45,1631.18,395166.45
2025-04-15T12:00:00+00:00,1631.18,1660.68,1600.26,1620.21,938754.88
2025-04-15T16:00:00+00:00,1620.21,1626.99,1594.78,1606.5,318800.16
2025-04-15T20:00:00+00:00,1606.5,1614.25,1582.18,1588,257013.2
2025-04-16T00:00:00+00:00,1588,1603.53,1575.5,1590.03,268739.35
2025-04-16T04:00:00+00:00,1590.03,1592.8,1550.25,1563.5,552289.67
2025-04-16T08:00:00+00:00,1563.5,1585,1556,1583.26,419651.63
2025-04-16T12:00:00+00:00,1583.26,1614.87,1565.35,1589.9,670664.66
2025-04-16T16:00:00+00:00,1589.9,1612,1537.64,1587.92,1088310.51
2025-04-16T20:00:00+00:00,1587.92,1597.69,1569.4,1576.58,293692.36
2025-04-17T00:00:00+00:00,1576.58,1594.63,1574,1584.04,225604.81
2025-04-17T04:00:00+00:00,1584.04,1609.7,1580.14,1600.98,264774.49
2025-04-17T08:00:00+00:00,1600.98,1603.5,1587.69,1592.51,191489.34
2025-04-17T12:00:00+00:00,1592.51,1602.44,1562.23,1582.33,619508.44
2025-04-17T16:00:00+00:00,1582.33,1617.59,1575.91,1580.71,794189.56
2025-04-17T20:00:00+00:00,1580.71,1590.95,1578.19,1582.83,431161.92
2025-04-18T00:00:00+00:00,1582.83,1588.63,1576.21,1583.4,178761.75
2025-04-18T04:00:00+00:00,1583.4,1584.55,1572.88,1583.4,203926.33
2025-04-18T08:00:00+00:00,1583.4,1592.33,1581.25,1589.92,261680.65
2025-04-18T12:00:00+00:00,1589.92,1596.52,1576.77,1582.28,602641.72
2025-04-18T16:00:00+00:00,1582.28,1594.24,1580.95,1592.38,147166.35
2025-04-18T20:00:00+00:00,1592.38,1599.92,1586.5,1587.91,128219.04
2025-04-19T00:00:00+00:00,1587.91,1599.53,1584.45,1597.14,120776.49
2025-04-19T04:00:00+00:00,1597.14,1612.97,1594.52,1600.28,323761.43
2025-04-19T08:00:00+00:00,1600.28,1605.73,1593.55,1596.3,162870.92
2025-04-19T12:00:00+00:00,1596.3,1611.81,1594.38,1606.49,285434.66
2025-04-19T16:00:00+00:00,1606.49,1631.01,1597.76,1613.99,429569.88
2025-04-19T20:00:00+00:00,1613.99,1621.7,1610.36,1612.49,169319.38
2025-04-20T00:00:00+00:00,1612.49,1619.3,1607.3,1611.14,240467.75
2025-04-20T04:00:00+00:00,1611.14,1616.89,1586.32,1596.63,384024.94
2025-04-20T08:00:00+00:00,1596.63,1596.63,1564.8,1571.85,193839.61
2025-04-20T12:00:00+00:00,1571.85,1583.43,1570.19,1572.81,92701.17
2025-04-20T16:00:00+00:00,1572.81,1589.23,1570.51,1585.35,97239.17
2025-04-20T20:00:00+00:00,1585.35,1599.77,1574,1586.55,183075.09
2025-04-21T00:00:00+00:00,1586.55,1645,1585.37,1633.74,300659.88
2025-04-21T04:00:00+00:00,1633.74,1660,1630.62,1645,325806.82
2025-04-21T08:00:00+00:00,1645,1655,1617.05,1625.75,678461.79
2025-04-21T12:00:00+00:00,1625.75,1641.3,1607.82,1622.34,1232315.13
2025-04-21T16:00:00+00:00,1622.34,1625.41,1560.7,1572.78,951915.18
2025-04-21T20:00:00+00:00,1572.78,1579.97,1570.51,1578.63,179116.43
2025-04-22T00:00:00+00:00,1578.63,1592.93,1537.6,1578.21,819244.04
2025-04-22T04:00:00+00:00,1578.21,1624.12,1573.07,1618.6,377988.66
2025-04-22T08:00:00+00:00,1618.6,1637.98,1612.45,1630.15,421661.48
2025-04-22T12:00:00+00:00,1630.15,1725.75,1625.88,1702.43,1730120.41
2025-04-22T16:00:00+00:00,1702.43,1709.95,1682.31,1697.52,564931.94
2025-04-22T20:00:00+00:00,1697.52,1777.99,1691.48,1755.57,943486.67
2025-04-23T00:00:00+00:00,1755.57,1807.64,1744.61,1794.52,892120.26
2025-04-23T04:00:00+00:00,1794.52,1817.45,1773.16,1791.39,793876.67
2025-04-23T08:00:00+00:00,1791.39,1812.36,1778.6,1796.75,638984.41
2025-04-23T12:00:00+00:00,1796.75,1835,1761.02,1793.83,2011814.98
2025-04-23T16:00:00+00:00,1793.83,1809.59,1773.32,1785.52,547419.89
2025-04-23T20:00:00+00:00,1785.52,1806.29,1784.78,1794.46,220273.39
2025-04-24T00:00:00+00:00,1794.46,1801.99,1765.87,1767.47,422626.47
2025-04-24T04:00:00+00:00,1767.47,1775.62,1751,1755.5,456554.51
2025-04-24T08:00:00+00:00,1755.5,1759.7,1721.51,1754.05,793268.02
2025-04-24T12:00:00+00:00,1754.05,1777.26,1743.5,1763.84,947408.35
2025-04-24T16:00:00+00:00,1763.84,1776.54,1745.09,1762.38,584636.02
2025-04-24T20:00:00+00:00,1762.38,1774.11,1748.12,1768.79,240917.95
2025-04-25T00:00:00+00:00,1768.79,1789.79,1737.72,1760.02,684897.85
2025-04-25T04:00:00+00:00,1760.02,1781.3,1757.53,1776.4,299373.84
2025-04-25T08:00:00+00:00,1776.4,1792.75,1763.4,1789.5,494915.39
2025-04-25T12:00:00+00:00,1789.5,1826.62,1756,1805.74,1450759.96
2025-04-25T16:00:00+00:00,1805.74,1809.84,1781.45,1801.36,453914.19
2025-04-25T20:00:00+00:00,1801.36,1808.66,1782.91,1783.78,155775.23
2025-04-26T00:00:00+00:00,1783.78,1815.02,1783.74,1796.51,250491.38
2025-04-26T04:00:00+00:00,1796.51,1809.99,1788,1799.73,169436.54
2025-04-26T08:00:00+00:00,1799.73,1840.96,1778.06,1784.81,617360.98
2025-04-26T12:00:00+00:00,1784.81,1803.41,1779.03,1799.2,299032.33
2025-04-26T16:00:00+00:00,1799.2,1813.96,1794.98,1812.19,173610.02
2025-04-26T20:00:00+00:00,1812.19,1830,1804.73,1820.01,258682.75
2025-04-27T00:00:00+00:00,1820.01,1856.89,1800.07,1808.91,740241.02
2025-04-27T04:00:00+00:00,1808.91,1810.62,1789.04,1802.95,244094.04
2025-04-27T08:00:00+00:00,1802.95,1814.84,1800.65,1805.09,195360.24
2025-04-27T12:00:00+00:00,1805.09,1807.12,1781.19,1792.88,432806.53
2025-04-27T16:00:00+00:00,1792.88,1807.7,1786.16,1806.93,116774.28
2025-04-27T20:00:00+00:00,1806.93,1807.23,1783.48,1790.31,296839.65
2025-04-28T00:00:00+00:00,1790.31,1792.99,1750.94,1783.35,642220.07
2025-04-28T04:00:00+00:00,1783.35,1811.48,1783.28,1803.97,322875.42
2025-04-28T08:00:00+00:00,1803.97,1826.66,1787.08,1815.02,558057.91
2025-04-28T12:00:00+00:00,1815.02,1815.89,1751.69,1762.22,966362.96
2025-04-28T16:00:00+00:00,1762.22,1804.23,1743.26,1796.71,574357.84
2025-04-28T20:00:00+00:00,1796.71,1805.89,1780.5,1799.19,218262.3
2025-04-29T00:00:00+00:00,1799.19,1810.96,1787.01,1801.24,228974.3
2025-04-29T04:00:00+00:00,1801.24,1824.28,1787.35,1820.87,320253.43
2025-04-29T08:00:00+00:00,1820.87,1842.22,1815.79,1828.9,445665.52
2025-04-29T12:00:00+00:00,1828.9,1832.59,1801.56,1814.23,595497.36
2025-04-29T16:00:00+00:00,1814.23,1831.57,1806.02,1820.76,261347.67
2025-04-29T20:00:00+00:00,1820.76,1824.81,1779.4,1796.59,378251.55
2025-04-30T00:00:00+00:00,1796.59,1812.09,1787.78,1808.21,261461.83
2025-04-30T04:00:00+00:00,1808.21,1812,1789.98,1795.53,292954.44
2025-04-30T08:00:00+00:00,1795.53,1816.19,1791.61,1814.82,290167.65
2025-04-30T12:00:00+00:00,1814.82,1815.5,1730.62,1763.97,1298947.85
2025-04-30T16:00:00+00:00,1763.97,1792.05,1755.12,1785.87,339452.27
2025-04-30T20:00:00+00:00,1785.87,1809,1784,1792.82,202465.88
2025-05-01T00:00:00+00:00,1792.82,1818.01,1791.51,1807.22,259733.37
2025-05-01T04:00:00+00:00,1807.22,1815.95,1801.48,1809.74,157775.39
2025-05-01T08:00:00+00:00,1809.74,1858.75,1807.77,1844.78,621192.96
2025-05-01T12:00:00+00:00,1844.78,1872,1824.19,1851.97,879374.52
2025-05-01T16:00:00+00:00,1851.97,1869.35,1837.44,1842.06,387787.02
2025-05-01T20:00:00+00:00,1842.06,1850.41,1833,1837.2,188142.83
2025-05-02T00:00:00+00:00,1837.2,1850.76,1834.16,1846.62,163016.17
2025-05-02T04:00:00+00:00,1846.62,1850.43,1815.16,1815.29,337718.42
2025-05-02T08:00:00+00:00,1815.29,1834.67,1811.98,1832.34,226576.12
2025-05-02T12:00:00+00:00,1832.34,1854.19,1822.2,1840.22,553425.79
2025-05-02T16:00:00+00:00,1840.22,1870.66,1831,1839.01,402265.73
2025-05-02T20:00:00+00:00,1839.01,1847.15,1832.1,1841.4,129639.41
2025-05-03T04:00:00+00:00,1834.02,1838.52,1823.64,1825.59,138299.4
2025-05-03T08:00:00+00:00,1825.59,1829.73,1816.7,1823.36,198151.91
2025-05-03T12:00:00+00:00,1823.36,1839.31,1823.08,1833.53,165149.58
2025-05-03T16:00:00+00:00,1833.53,1838.35,1808.1,1837.38,254964.25
2025-05-03T20:00:00+00:00,1837.38,1847.56,1827.61,1832.55,150930.31
2025-05-04T00:00:00+00:00,1832.55,1848.84,1825.36,1831,213116.91
2025-05-04T04:00:00+00:00,1831,1849.51,1828.82,1840.24,220137.67
2025-05-04T08:00:00+00:00,1840.24,1840.71,1821.17,1827.01,218473.47
2025-05-04T12:00:00+00:00,1827.01,1832.77,1817.05,1829.82,151315.84
2025-05-04T16:00:00+00:00,1829.82,1832,1821.24,1827.57,124710.7
2025-05-04T20:00:00+00:00,1827.57,1841.67,1802,1807.89,325812.72
2025-05-05T00:00:00+00:00,1807.89,1817.3,1780.54,1793.92,449253.76
2025-05-05T04:00:00+00:00,1793.92,1828.98,1791.98,1825.6,259149.28
2025-05-05T08:00:00+00:00,1825.6,1830.67,1797.45,1803.81,348835.59
2025-05-05T12:00:00+00:00,1803.81,1814.78,1793.51,1800.03,400119.47
2025-05-05T16:00:00+00:00,1800.03,1827.95,1799.87,1815.28,194397.05
2025-05-05T20:00:00+00:00,1815.28,1832.69,1798.48,1819.43,237060.42
2025-05-06T00:00:00+00:00,1819.43,1820,1791.48,1805.36,263232.49
2025-05-06T04:00:00+00:00,1805.36,1808.46,1797.25,1805.12,137643.48
2025-05-06T08:00:00+00:00,1805.12,1805.13,1756.12,1769.07,571791.14
2025-05-06T12:00:00+00:00,1769.07,1778.89,1750.84,1769.18,611728.49
2025-05-06T16:00:00+00:00,1769.18,1798,1760.98,1783.5,450861.63
2025-05-06T20:00:00+00:00,1783.5,1818.6,1764.37,1816.19,511044.07
2025-05-07T00:00:00+00:00,1816.19,1849.97,1813.48,1825.86,636139.96
2025-05-07T04:00:00+00:00,1825.86,1837.5,1823.67,1837.24,215717.54
2025-05-07T08:00:00+00:00,1837.24,1846.31,1829.36,1835.47,269444.41
2025-05-07T12:00:00+00:00,1835.47,1836.22,1813.58,1816.63,405587.72
2025-05-07T16:00:00+00:00,1816.63,1817,1786,1795.01,698822.54
2025-05-07T20:00:00+00:00,1795.01,1824.75,1788.36,1810.28,233769.29
2025-05-08T00:00:00+00:00,1810.28,1906.5,1807.7,1900.52,773280.27
2025-05-08T04:00:00+00:00,1900.52,1943.26,1891.5,1927.51,806866.07
2025-05-08T08:00:00+00:00,1927.51,1968.01,1925.45,1956.63,729074.08
2025-05-08T12:00:00+00:00,1956.63,2075.28,1953.35,2050.56,2031232.2
2025-05-08T16:00:00+00:00,2050.56,2140.26,2036,2117.07,1129467.31
2025-05-08T20:00:00+00:00,2117.07,2226.23,2111,2206.52,1544089.06
2025-05-09T00:00:00+00:00,2206.52,2244.84,2183.82,2204.49,810957.06
2025-05-09T04:00:00+00:00,2204.49,2393.62,2201.95,2363.74,1536858.71
2025-05-09T08:00:00+00:00,2363.74,2490.47,2291.5,2350.92,3320936.13
2025-05-09T12:00:00+00:00,2350.92,2387.95,2269.82,2300.57,1629021.76
2025-05-09T16:00:00+00:00,2300.57,2354.36,2273.77,2331.14,752227.01
2025-05-09T20:00:00+00:00,2331.14,2351,2321.84,2344.16,276760.71
2025-05-10T00:00:00+00:00,2344.16,2379.88,2315.19,2338.79,404999.79
2025-05-10T04:00:00+00:00,2338.79,2416.12,2325.31,2398.77,564304.76
2025-05-10T08:00:00+00:00,2398.77,2435,2362.77,2383.71,1248449.27
2025-05-10T12:00:00+00:00,2383.71,2448.22,2383.71,2432.34,957669.51
2025-05-10T16:00:00+00:00,2432.34,2511.99,2427.61,2498.34,1452623.24
2025-05-10T20:00:00+00:00,2498.34,2599.87,2468.33,2582.27,1182467.87
2025-05-11T00:00:00+00:00,2582.27,2608.13,2503.9,2537.08,1333217.3
2025-05-11T04:00:00+00:00,2537.08,2561.79,2452.84,2472.72,1010510.43
2025-05-11T08:00:00+00:00,2472.72,2534.75,2471.58,2529.39,671524.1
2025-05-11T12:00:00+00:00,2529.39,2530.63,2435.71,2461.31,1038636.34
2025-05-11T16:00:00+00:00,2461.31,2524,2439.05,2506.99,708070.47
2025-05-11T20:00:00+00:00,2506.99,2527.57,2482.51,2513.69,362012.82
2025-05-12T00:00:00+00:00,2513.69,2547.49,2489.94,2518.98,499345.32
2025-05-12T04:00:00+00:00,2518.98,2623.95,2485.31,2553.47,1383943.45
2025-05-12T08:00:00+00:00,2553.47,2584.44,2521,2529.54,764368.28
2025-05-12T12:00:00+00:00,2529.54,2575.57,2478.21,2486.2,1695380.57
2025-05-12T16:00:00+00:00,2486.2,2511.57,2406.71,2459.26,1336553.55
2025-05-12T20:00:00+00:00,2459.26,2499.38,2451.16,2494.18,258118.71
2025-05-13T00:00:00+00:00,2494.18,2494.41,2415,2424.11,616680.44
2025-05-13T04:00:00+00:00,2424.11,2479.23,2418.9,2459.86,361092.35
2025-05-13T08:00:00+00:00,2459.86,2524.8,2450.55,2512.29,514085.19
2025-05-13T12:00:00+00:00,2512.29,2573,2490.3,2564.8,1161179.96
2025-05-13T16:00:00+00:00,2564.8,2738.63,2558.64,2690.68,1828956.58
2025-05-13T20:00:00+00:00,2690.68,2706.8,2653.84,2678.67,797629.3
2025-05-14T00:00:00+00:00,2678.67,2724.5,2621.94,2645.77,1030966.7
2025-05-14T04:00:00+00:00,2645.77,2686,2635.02,2639.42,449877.79
2025-05-14T08:00:00+00:00,2639.42,2644.75,2576.71,2623.88,931368.79
2025-05-14T12:00:00+00:00,2623.88,2634,2557.66,2596.35,1000921.75
2025-05-14T16:00:00+00:00,2596.35,2616.78,2546.34,2604.24,578064.88
2025-05-14T20:00:00+00:00,2604.24,2612.79,2582.66,2608.34,275948.06
2025-05-15T00:00:00+00:00,2608.34,2645.83,2566.03,2574.07,503762.64
2025-05-15T04:00:00+00:00,2574.07,2595.64,2514.51,2529.64,645431.01
2025-05-15T08:00:00+00:00,2529.64,2566.01,2516.3,2553.96,764730.29
2025-05-15T12:00:00+00:00,2553.96,2579.18,2475.71,2563.03,1597191.75
2025-05-15T16:00:00+00:00,2563.03,2603,2510.64,2529.26,963859.01
2025-05-15T20:00:00+00:00,2529.26,2563.44,2510.56,2547.56,618385.07
2025-05-16T00:00:00+00:00,2547.56,2583.79,2533.18,2580.22,484799.72
2025-05-16T04:00:00+00:00,2580.22,2618.81,2562.89,2600.52,433702.53
2025-05-16T08:00:00+00:00,2600.52,2647.99,2557.31,2619.89,822146.18
2025-05-16T12:00:00+00:00,2619.89,2622.2,2572.46,2593.95,810569.18
2025-05-16T16:00:00+00:00,2593.95,2600.94,2568.42,2591.81,315293.13
2025-05-16T20:00:00+00:00,2591.81,2591.81,2528.07,2535.85,482667.07
2025-05-17T00:00:00+00:00,2535.85,2536.66,2451.1,2495.65,1074612.11
2025-05-17T04:00:00+00:00,2495.65,2512.17,2473.82,2491.54,354289.93
2025-05-17T08:00:00+00:00,2491.54,2495,2465.32,2480.44,355660.44
2025-05-17T12:00:00+00:00,2480.44,2485.49,2444.73,2473.3,459390.03
2025-05-17T16:00:00+00:00,2473.3,2487.87,2447,2468.88,474326.79
2025-05-17T20:00:00+00:00,2468.88,2494.44,2451.35,2474.09,327408.28
2025-05-18T00:00:00+00:00,2474.09,2486.75,2466.81,2476.18,208761.85
2025-05-18T04:00:00+00:00,2476.18,2514.34,2476.18,2508,349041.28
2025-05-18T08:00:00+00:00,2508,2527.63,2497.33,2500.59,357841.83
2025-05-18T12:00:00+00:00,2500.59,2586,2487.73,2577.9,873914.35
2025-05-18T16:00:00+00:00,2577.9,2582.81,2402.02,2407.18,1590936.59
2025-05-18T20:00:00+00:00,2407.18,2510.24,2320,2496.74,1523201.58
2025-05-19T00:00:00+00:00,2496.74,2512.36,2378.41,2384.49,968098.6
2025-05-19T04:00:00+00:00,2384.49,2411.99,2346.9,2402.68,889540.51
2025-05-19T08:00:00+00:00,2402.68,2421.36,2389.3,2416.31,479457.61
2025-05-19T12:00:00+00:00,2416.31,2472.67,2384,2465.4,973596.66
2025-05-19T16:00:00+00:00,2465.4,2546.79,2449.82,2519,1108693.3
2025-05-19T20:00:00+00:00,2519,2533.79,2491.35,2526.5,385596.32
2025-05-20T00:00:00+00:00,2526.5,2587.37,2509.42,2552.17,726194.67
2025-05-20T04:00:00+00:00,2552.17,2577.09,2520.68,2531.24,645176.78
2025-05-20T08:00:00+00:00,2531.24,2539.03,2491.89,2513.29,558029.32
2025-05-20T12:00:00+00:00,2513.29,2514.15,2463.21,2481.43,666623.06
2025-05-20T16:00:00+00:00,2481.43,2510.57,2442.47,2499.89,902376.28
2025-05-20T20:00:00+00:00,2499.89,2540,2483.89,2523.09,575428.59
2025-05-21T00:00:00+00:00,2523.09,2553.47,2507.11,2543.73,443095.96
2025-05-21T04:00:00+00:00,2543.73,2615,2533.27,2550.69,1119316.15
2025-05-21T08:00:00+00:00,2550.69,2561.13,2514.23,2535.63,624872.88
2025-05-21T12:00:00+00:00,2535.63,2581.72,2520.62,2565.91,1195705.65
2025-05-21T16:00:00+00:00,2565.91,2614.22,2451,2511.72,2576477.78
2025-05-21T20:00:00+00:00,2511.72,2597.99,2485.49,2550,820466.8
2025-05-22T00:00:00+00:00,2550,2646.93,2543.75,2628.49,865259.61
2025-05-22T04:00:00+00:00,2628.49,2646.71,2602,2634.46,733287.11
2025-05-22T08:00:00+00:00,2634.46,2692.29,2626.6,2650.18,931393.74
2025-05-22T12:00:00+00:00,2650.18,2679.19,2621.78,2663.2,815570.94
2025-05-22T16:00:00+00:00,2663.2,2675.4,2625.37,2633.21,446001.86
2025-05-22T20:00:00+00:00,2633.21,2665.15,2627.42,2663.55,300692.83
2025-05-23T00:00:00+00:00,2663.55,2733,2643.94,2720.91,806253.1
2025-05-23T04:00:00+00:00,2720.91,2725,2650.24,2654.65,918499.86
2025-05-23T08:00:00+00:00,2654.65,2687.58,2550,2565,1527186.61
2025-05-23T12:00:00+00:00,2565,2590.93,2496.85,2567.33,1817416.23
2025-05-23T16:00:00+00:00,2567.33,2585.8,2545.37,2560.13,869708.94
2025-05-23T20:00:00+00:00,2560.13,2561.7,2502.78,2525.65,630851.3
2025-05-24T00:00:00+00:00,2525.65,2554.49,2514.34,2548.92,353817.16
2025-05-24T04:00:00+00:00,2548.92,2562.21,2534.19,2545.68,404767.51
2025-05-24T08:00:00+00:00,2545.68,2574.41,2544.04,2561.86,294047.36
2025-05-24T12:00:00+00:00,2561.86,2564.39,2542.45,2554.45,307380.1
2025-05-24T16:00:00+00:00,2554.45,2566.13,2542.8,2553.47,136679.37
2025-05-24T20:00:00+00:00,2553.47,2555.62,2516.41,2528.5,307046.9
2025-05-25T00:00:00+00:00,2528.5,2538.41,2475,2511.89,594767.27
2025-05-25T04:00:00+00:00,2511.89,2517.72,2486.26,2493.42,268054.95
2025-05-25T08:00:00+00:00,2493.42,2501.16,2462.92,2496.62,458391.4
2025-05-25T12:00:00+00:00,2496.62,2523.66,2478.05,2510.3,659963.86
2025-05-25T16:00:00+00:00,2510.3,2534.66,2494.97,2525.36,253142.86
2025-05-25T20:00:00+00:00,2525.36,2553.03,2506.63,2549.93,379742.58
2025-05-26T00:00:00+00:00,2549.93,2575.91,2536.21,2559.07,317008.61
2025-05-26T04:00:00+00:00,2559.07,2598,2556.47,2579.79,336787.11
2025-05-26T08:00:00+00:00,2579.79,2581.6,2552.99,2566.8,348883.9
2025-05-26T12:00:00+00:00,2566.8,2573,2536.97,2564.67,569524.53
2025-05-26T16:00:00+00:00,2564.67,2572.5,2524.55,2540.34,502625.83
2025-05-26T20:00:00+00:00,2540.34,2583.73,2535.51,2562.46,267528.98
2025-05-27T00:00:00+00:00,2562.46,2572.53,2509,2548.15,458768.15
2025-05-27T04:00:00+00:00,2548.15,2618.18,2547.84,2606.38,816484.42
2025-05-27T08:00:00+00:00,2606.38,2654.03,2606.38,2652.01,685177.22
2025-05-27T12:00:00+00:00,2652.01,2683.28,2631.87,2667,1003566.2
2025-05-27T16:00:00+00:00,2667,2711.56,2657.7,2686.79,701109.75
2025-05-27T20:00:00+00:00,2686.79,2692.75,2651.41,2660,384013.22
2025-05-28T00:00:00+00:00,2660,2660.79,2617.54,2644.59,427370.83
2025-05-28T04:00:00+00:00,2644.59,2651.89,2623,2635.37,268366.57
2025-05-28T08:00:00+00:00,2635.37,2658.43,2608,2655.93,518023.89
2025-05-28T12:00:00+00:00,2655.93,2688.63,2612.67,2626,1136390.9
2025-05-28T16:00:00+00:00,2626,2663.85,2615.3,2616.92,495091.41
2025-05-28T20:00:00+00:00,2616.92,2685.73,2610.83,2680.39,416698.8
2025-05-29T00:00:00+00:00,2680.39,2789.53,2669.99,2762.01,997637.4
2025-05-29T04:00:00+00:00,2762.01,2766.39,2700.98,2730,673302.95
2025-05-29T08:00:00+00:00,2730,2743.17,2706.63,2715.03,432803.52
2025-05-29T12:00:00+00:00,2715.03,2718.13,2620.65,2642.56,1480040.38
2025-05-29T16:00:00+00:00,2642.56,2672.25,2628,2649.54,547501.98
2025-05-29T20:00:00+00:00,2649.54,2667.58,2618,2630.38,391863.53
2025-05-30T00:00:00+00:00,2630.38,2644.15,2557.62,2629.99,1072245.37
2025-05-30T04:00:00+00:00,2629.99,2648.61,2606,2617.56,487273.78
2025-05-30T08:00:00+00:00,2617.56,2627.27,2587.19,2620.93,616684.73
2025-05-30T12:00:00+00:00,2620.93,2625,2571.14,2596.8,931096.7
2025-05-30T16:00:00+00:00,2596.8,2602.91,2531.01,2573.31,995306.03
2025-05-30T20:00:00+00:00,2573.31,2588.03,2506.1,2529.61,679533.78
2025-05-31T00:00:00+00:00,2529.61,2537.9,2474.17,2512.85,958655.23
2025-05-31T04:00:00+00:00,2512.85,2525.54,2503.59,2520,241112.18
2025-05-31T08:00:00+00:00,2520,2537.57,2507.53,2518.54,331895.21
2025-05-31T12:00:00+00:00,2518.54,2549.02,2515.59,2534.98,502296.31
2025-05-31T16:00:00+00:00,2534.98,2546.59,2522.6,2536.37,211847.39
2025-05-31T20:00:00+00:00,2536.37,2550.47,2523.45,2527.14,273145.02
2025-06-01T00:00:00+00:00,2527.14,2529.3,2491.6,2512.21,462793.66
2025-06-01T04:00:00+00:00,2512.21,2526.3,2504.97,2507.79,233625.4
2025-06-01T08:00:00+00:00,2507.79,2509.55,2476.85,2496.24,482195.02
2025-06-01T12:00:00+00:00,2496.24,2523.92,2468,2521.99,513059.12
2025-06-01T16:00:00+00:00,2521.99,2546.79,2492.02,2525.1,675575.46
2025-06-01T20:00:00+00:00,2525.1,2546.31,2518.44,2537.88,172468.92
2025-06-02T00:00:00+00:00,2537.88,2540.95,2484.6,2495.03,353117.51
2025-06-02T04:00:00+00:00,2495.03,2512.74,2482.49,2505.67,395693.4
2025-06-02T08:00:00+00:00,2505.67,2514.94,2473.62,2480.18,548077.84
2025-06-02T12:00:00+00:00,2480.18,2555,2477,2543.04,801567.3
2025-06-02T16:00:00+00:00,2543.04,2563.96,2523.51,2531.33,493967.93
2025-06-02T20:00:00+00:00,2531.33,2614,2531,2606.18,591913.21
2025-06-03T00:00:00+00:00,2606.18,2648.75,2588.31,2602.53,733377.56
2025-06-03T04:00:00+00:00,2602.53,2619.48,2589.31,2608.66,362732.88
2025-06-03T08:00:00+00:00,2608.66,2618.99,2593.44,2600.45,381353.17
2025-06-03T12:00:00+00:00,2600.45,2654.27,2596.72,2622.58,908059.88
2025-06-03T16:00:00+00:00,2622.58,2627.83,2602.18,2623.62,521922.87
2025-06-03T20:00:00+00:00,2623.62,2624.09,2576,2592.2,494339.21
2025-06-04T00:00:00+00:00,2592.2,2639.59,2582.38,2626.74,425641.01
2025-06-04T04:00:00+00:00,2626.74,2643.86,2618.49,2626.29,360921.18
2025-06-04T08:00:00+00:00,2626.29,2649.03,2623.33,2623.52,403516.29
2025-06-04T12:00:00+00:00,2623.52,2678.51,2593.17,2666.99,1174883.34
2025-06-04T16:00:00+00:00,2666.99,2668.17,2621.22,2622.56,489972.14
2025-06-04T20:00:00+00:00,2622.56,2623.82,2597.7,2606.53,523073.57
2025-06-05T00:00:00+00:00,2606.53,2630.69,2600.87,2624.04,334751.81
2025-06-05T04:00:00+00:00,2624.04,2633.34,2600.22,2603.22,518996.83
2025-06-05T08:00:00+00:00,2603.22,2612.2,2580.08,2606.6,486797.22
2025-06-05T16:00:00+00:00,2588.33,2590.61,2506.25,2527.94,1386875.73
2025-06-05T20:00:00+00:00,2527.94,2534.47,2390.16,2412.86,2023326.26
2025-06-06T00:00:00+00:00,2412.86,2455.58,2380.81,2454.39,567576.45
2025-06-06T04:00:00+00:00,2454.39,2467,2445.49,2454.1,386133.49
2025-06-06T08:00:00+00:00,2454.1,2491.82,2452.91,2474.72,522791.05
2025-06-06T12:00:00+00:00,2474.72,2529.64,2465.47,2508.5,1120761.21
2025-06-06T16:00:00+00:00,2508.5,2517.44,2482.51,2483.21,421461.17
2025-06-06T20:00:00+00:00,2483.21,2506.1,2472,2475.33,236585.07
2025-06-07T00:00:00+00:00,2475.33,2492.35,2456.16,2488,314743.95
2025-06-07T04:00:00+00:00,2488,2500.79,2478.92,2490.27,199802.13
2025-06-07T08:00:00+00:00,2490.27,2500.32,2481.25,2494.47,214212.3
2025-06-07T12:00:00+00:00,2494.47,2522.91,2491.42,2518.39,348003.44
2025-06-07T16:00:00+00:00,2518.39,2524.99,2505.64,2515.95,181013.73
2025-06-07T20:00:00+00:00,2515.95,2543,2515.94,2523.48,238460.22
2025-06-08T00:00:00+00:00,2523.48,2525,2507.5,2511,161727.26
2025-06-08T04:00:00+00:00,2511,2519.17,2507.48,2512.99,92422.54
2025-06-08T08:00:00+00:00,2512.99,2520,2490.4,2512.26,406192.05
2025-06-08T12:00:00+00:00,2512.26,2526.94,2499.02,2513.5,326316.69
2025-06-08T16:00:00+00:00,2513.5,2539.51,2511.66,2531.49,254340.23
2025-06-08T20:00:00+00:00,2531.49,2547.67,2499.02,2508.73,347147.36
2025-06-09T00:00:00+00:00,2508.73,2510.7,2481.14,2495.7,342391.74
2025-06-09T04:00:00+00:00,2495.7,2495.87,2476.89,2490.63,223294.77
2025-06-09T08:00:00+00:00,2490.63,2546.12,2483.28,2540.4,594965.17
2025-06-09T12:00:00+00:00,2540.4,2547.44,2508.57,2532.67,619009.2
2025-06-09T16:00:00+00:00,2532.67,2588.69,2532.67,2579.03,619034.82
2025-06-09T20:00:00+00:00,2579.03,2693.35,2574.43,2679.11,885432.53
2025-06-10T00:00:00+00:00,2679.11,2726.6,2674.52,2688.21,661180.22
2025-06-10T04:00:00+00:00,2688.21,2698.56,2654.79,2676.39,456877.85
2025-06-10T08:00:00+00:00,2676.39,2797.79,2669.28,2772.79,1154173.32
2025-06-10T12:00:00+00:00,2772.79,2778.76,2689.66,2731.99,1486317.69
2025-06-10T16:00:00+00:00,2731.99,2806.53,2727.48,2772.87,875364.52
2025-06-10T20:00:00+00:00,2772.87,2826.29,2732.55,2815.32,839869.79
2025-06-11T00:00:00+00:00,2815.32,2834.38,2771.29,2790.21,475002.5
2025-06-11T04:00:00+00:00,2790.21,2803.22,2778.06,2791.18,347186.28
2025-06-11T08:00:00+00:00,2791.18,2793,2753.5,2771.77,473771.51
2025-06-11T12:00:00+00:00,2771.77,2878.32,2763.33,2863.79,1921409.62
2025-06-11T16:00:00+00:00,2863.79,2874.61,2800.23,2812.5,1171228.07
2025-06-11T20:00:00+00:00,2812.5,2830,2742.5,2770.81,965540.17
2025-06-12T00:00:00+00:00,2770.81,2784.42,2745.4,2763.75,513449.28
2025-06-12T04:00:00+00:00,2763.75,2775,2733.75,2739.79,409359.86
2025-06-12T08:00:00+00:00,2739.79,2760.54,2720.4,2728.58,397575.287538
2025-06-12T12:00:00+00:00,2728.58,2771.59,2711,2718.5,659541.047974
2025-06-12T16:00:00+00:00,2718.5,2769.74,2690.23,2693.89,648067.98895
2025-06-12T20:00:00+00:00,2693.89,2702.22,2615,2641.76,764192.601333
2025-06-13T00:00:00+00:00,2641.76,2644.28,2436.72,2513.2,2421884.797558
2025-06-13T04:00:00+00:00,2513.2,2541,2490.72,2525.32,369787.335426
2025-06-13T08:00:00+00:00,2525.32,2544.54,2505.55,2543.65,413234.67102
2025-06-13T12:00:00+00:00,2543.65,2561.83,2502.61,2550.13,712422.567674
2025-06-13T16:00:00+00:00,2550.13,2584.3,2508.93,2526.33,624931.250774
2025-06-13T20:00:00+00:00,2526.33,2582.15,2523.09,2577.95,184726.243292
2025-06-14T00:00:00+00:00,2577.95,2577.95,2546.22,2548.13,308784.841714
2025-06-14T04:00:00+00:00,2548.13,2555.52,2525.15,2536.14,181053.933215
2025-06-14T08:00:00+00:00,2536.14,2538.78,2517.83,2537.38,161891.444812
2025-06-14T12:00:00+00:00,2537.38,2544.94,2503.83,2518.36,229898.234004
2025-06-14T16:00:00+00:00,2518.36,2525.28,2487.15,2506.26,423196.904694
2025-06-14T20:00:00+00:00,2506.26,2538.95,2495.59,2529.51,190735.931006
2025-06-15T00:00:00+00:00,2529.51,2539.6,2523.72,2529.39,100458.132159
2025-06-15T04:00:00+00:00,2529.39,2552.84,2521.36,2527.38,224738.441407
2025-06-15T08:00:00+00:00,2527.38,2528.94,2507.06,2515.18,183725.817148
2025-06-15T12:00:00+00:00,2515.18,2553.6,2514.95,2540.48,197201.795209
2025-06-15T16:00:00+00:00,2540.48,2558.72,2529.86,2535.84,171398.417209
2025-06-15T20:00:00+00:00,2535.84,2548.8,2490.68,2546.14,374722.056763
2025-06-16T00:00:00+00:00,2546.14,2577.72,2513.33,2567.35,347275.158302
2025-06-16T04:00:00+00:00,2567.35,2637.58,2565.54,2627.34,471658.486967
2025-06-16T08:00:00+00:00,2627.34,2632.73,2592,2615.91,297695.866999
2025-06-16T12:00:00+00:00,2615.91,2656.59,2603.79,2630.88,505705.172791
2025-06-16T16:00:00+00:00,2630.88,2668.94,2626.29,2659.3,299512.192946
2025-06-16T20:00:00+00:00,2659.3,2679.35,2533.94,2543.09,1007750.272007
2025-06-17T00:00:00+00:00,2543.09,2618.03,2524,2605.91,567736.345374
2025-06-17T04:00:00+00:00,2605.91,2609.76,2569.16,2581.3,284345.071386
2025-06-17T08:00:00+00:00,2581.3,2584.64,2540.98,2551.76,272868.541995
2025-06-17T12:00:00+00:00,2551.76,2567.18,2480.25,2497.71,812563.088215
2025-06-17T16:00:00+00:00,2497.71,2542.3,2452.63,2526.8,757706.72519
2025-06-17T20:00:00+00:00,2526.8,2533,2490.77,2508.65,262650.858103
2025-06-18T00:00:00+00:00,2508.65,2535.51,2504.85,2526.7,186221.783984
2025-06-18T04:00:00+00:00,2526.7,2545.57,2516.19,2531.99,187060.601746
2025-06-18T08:00:00+00:00,2531.99,2546.99,2487.25,2513.1,330675.492471
2025-06-18T12:00:00+00:00,2513.1,2538.02,2465.1,2508.02,705525.144549
2025-06-18T16:00:00+00:00,2508.02,2517.05,2466.35,2490.72,671933.947835
2025-06-18T20:00:00+00:00,2490.72,2536.7,2481.49,2523.57,285759.865326
2025-06-19T00:00:00+00:00,2523.57,2545.79,2506,2524.42,229695.440096
2025-06-19T04:00:00+00:00,2524.42,2530.32,2513.48,2517.94,153975.895124
2025-06-19T08:00:00+00:00,2517.94,2543.3,2517.93,2530.61,240723.217526
2025-06-19T12:00:00+00:00,2530.61,2535.61,2489.2,2491.99,342139.613794
2025-06-19T16:00:00+00:00,2491.99,2522.57,2484.06,2503.61,262950.852668
2025-06-19T20:00:00+00:00,2503.61,2531.22,2501.67,2519.93,176223.434549
2025-06-20T00:00:00+00:00,2519.93,2530.49,2511.64,2516.09,96561.274735
2025-06-20T04:00:00+00:00,2516.09,2550,2503,2548.4,220359.210173
2025-06-20T08:00:00+00:00,2548.4,2567.79,2540.12,2548.53,273689.959013
2025-06-20T12:00:00+00:00,2548.53,2558.44,2486.24,2492.7,587665.515451
2025-06-20T16:00:00+00:00,2492.7,2495,2364.09,2413.84,1198143.670461
2025-06-20T20:00:00+00:00,2413.84,2436.89,2381.25,2405.64,304846.473088
2025-06-21T00:00:00+00:00,2405.64,2431.11,2395.03,2424.09,155047.122927
2025-06-21T04:00:00+00:00,2424.09,2427.36,2418,2425.41,70717.512711
2025-06-21T08:00:00+00:00,2425.41,2446.8,2422.18,2441.07,181245.425328
2025-06-21T12:00:00+00:00,2441.07,2443.41,2411.68,2422.55,276214.738855
2025-06-21T16:00:00+00:00,2422.55,2427.61,2381.68,2384.19,307414.18644
2025-06-21T20:00:00+00:00,2384.19,2408.44,2214.85,2294.25,1737481.895741
2025-06-22T00:00:00+00:00,2294.25,2312.92,2245.64,2263.74,849426.78156
2025-06-22T04:00:00+00:00,2263.74,2296.75,2260.83,2269.74,364276.865264
2025-06-22T08:00:00+00:00,2269.74,2279.15,2235.22,2272.11,649946.692689
2025-06-22T12:00:00+00:00,2272.11,2286.19,2156,2174.14,1882200.389693
2025-06-22T16:00:00+00:00,2174.14,2219.22,2169.42,2182.86,498085.250323
2025-06-22T20:00:00+00:00,2182.86,2236.07,2111.37,2226.3,1120878.69246
2025-06-23T00:00:00+00:00,2226.3,2258.45,2220.8,2233.76,266283.579331
2025-06-23T04:00:00+00:00,2233.76,2273.09,2226.67,2257.42,300321.899472
2025-06-23T08:00:00+00:00,2257.42,2272.86,2237.46,2252.2,239878.307391
2025-06-23T12:00:00+00:00,2252.2,2312.12,2231.29,2247.46,916794.390753
2025-06-23T16:00:00+00:00,2247.46,2324.29,2186.89,2311.86,1352776.192571
2025-06-23T20:00:00+00:00,2311.86,2437.77,2302.73,2410.23,1032394.254057
2025-06-24T00:00:00+00:00,2410.23,2416.61,2388.18,2397.6,301469.028534
2025-06-24T04:00:00+00:00,2397.6,2432.79,2389.9,2391.77,333069.071594
2025-06-24T08:00:00+00:00,2391.77,2448.09,2374.52,2408.5,579508.89071
2025-06-24T12:00:00+00:00,2408.5,2453.78,2401.27,2436.89,539559.572265
2025-06-24T16:00:00+00:00,2436.89,2481.16,2415.72,2433.16,630287.384175
2025-06-24T20:00:00+00:00,2433.16,2449,2429.26,2447.65,125352.73352
2025-06-25T00:00:00+00:00,2447.65,2467.54,2435.26,2443.28,164615.10881
2025-06-25T04:00:00+00:00,2443.28,2449.65,2423.17,2443.27,163579.335706
2025-06-25T08:00:00+00:00,2443.27,2447.67,2406.86,2427.88,351960.189211
2025-06-25T12:00:00+00:00,2427.88,2445,2388.87,2404.7,699724.512506
2025-06-25T16:00:00+00:00,2404.7,2438.3,2400.2,2431.65,286320.623768
2025-06-25T20:00:00+00:00,2431.65,2453.57,2407.05,2417.79,235931.103674
2025-06-26T00:00:00+00:00,2417.79,2519.89,2415.91,2488.35,542290.048409
2025-06-26T04:00:00+00:00,2488.35,2499,2466.49,2488.92,306841.24582
2025-06-26T08:00:00+00:00,2488.92,2499.42,2439,2449.51,472018.404166
2025-06-26T12:00:00+00:00,2449.51,2458.59,2408.1,2432.64,514305.25984
2025-06-26T16:00:00+00:00,2432.64,2442.38,2416.61,2435.23,187422.721709
2025-06-26T20:00:00+00:00,2435.23,2456.71,2393.18,2414.97,326263.390461
2025-06-27T00:00:00+00:00,2414.97,2447.25,2381.45,2445.44,418597.500164
2025-06-27T04:00:00+00:00,2445.44,2458.62,2433.46,2441.26,170582.811899
2025-06-27T08:00:00+00:00,2441.26,2462.66,2434.38,2446.13,210275.059923
2025-06-27T12:00:00+00:00,2446.13,2455.7,2412.94,2437.35,477181.936036
2025-06-27T16:00:00+00:00,2437.35,2449.31,2387.19,2411.5,444260.762622
2025-06-27T20:00:00+00:00,2411.5,2428.92,2410.27,2422.14,124113.912972
2025-06-28T00:00:00+00:00,2422.14,2422.83,2401.61,2419.79,130246.515074
2025-06-28T04:00:00+00:00,2419.79,2432.89,2416.61,2430.59,100975.515086
2025-06-28T08:00:00+00:00,2430.59,2431.23,2418.55,2426.21,60254.919582
2025-06-28T12:00:00+00:00,2426.21,2441.52,2418.51,2434.58,111178.843484
2025-06-28T16:00:00+00:00,2434.58,2446.82,2430.27,2432.29,112090.057545
2025-06-28T20:00:00+00:00,2432.29,2440.68,2421.34,2434.52,99994.367162
2025-06-29T00:00:00+00:00,2434.52,2441.67,2423.58,2426.93,50733.75657
2025-06-29T04:00:00+00:00,2426.93,2438.98,2426,2438.79,57819.332217
2025-06-29T08:00:00+00:00,2438.79,2462.43,2436.82,2460.29,203299.918116
2025-06-29T12:00:00+00:00,2460.29,2461.84,2432.15,2435.92,144477.171196
2025-06-29T16:00:00+00:00,2435.92,2441.72,2428.48,2436.92,83385.126154
2025-06-29T20:00:00+00:00,2436.92,2524.39,2411,2499.04,651845.720253
2025-06-30T00:00:00+00:00,2499.04,2523.19,2494.39,2498.88,275645.512153
2025-06-30T04:00:00+00:00,2498.88,2504.84,2455,2479.82,290358.359166
2025-06-30T08:00:00+00:00,2479.82,2485.79,2445.38,2457.27,237014.931574
2025-06-30T12:00:00+00:00,2457.27,2487.41,2433.36,2473.38,585051.251619
2025-06-30T16:00:00+00:00,2473.38,2517.45,2460.51,2515,435018.525993
2025-06-30T20:00:00+00:00,2515,2521,2481.25,2484.01,259743.342948
2025-07-01T00:00:00+00:00,2484.01,2499.55,2476,2484.03,179822.097164
2025-07-01T04:00:00+00:00,2484.03,2484.75,2444.61,2464.08,333587.58077
2025-07-01T08:00:00+00:00,2464.08,2464.45,2441.45,2448.6,304818.216447
2025-07-01T12:00:00+00:00,2448.6,2455.49,2405.42,2422.8,663071.686328
2025-07-01T16:00:00+00:00,2422.8,2432.95,2400.35,2401.66,347995.345642
2025-07-01T20:00:00+00:00,2401.66,2417.75,2384.81,2404.13,410304.994459
2025-07-02T00:00:00+00:00,2404.13,2431.7,2373.4,2429,478826.209145
2025-07-02T04:00:00+00:00,2429,2453.34,2424.19,2445.46,207140.662946
2025-07-02T08:00:00+00:00,2445.46,2459.71,2440.33,2444.24,129652.692443
2025-07-02T12:00:00+00:00,2444.24,2501.82,2430.06,2497.66,228370.338797
2025-07-02T16:00:00+00:00,2497.66,2607.06,2493.53,2604,627480.921117
2025-07-02T20:00:00+00:00,2604,2618.34,2568.16,2569.41,201548.366422
2025-07-03T00:00:00+00:00,2569.41,2587,2554.87,2560.09,134179.015217
2025-07-03T04:00:00+00:00,2560.09,2604.41,2558.05,2598.97,162462.823783
2025-07-03T08:00:00+00:00,2598.97,2616.23,2580.71,2596.22,214783.35802
2025-07-03T12:00:00+00:00,2596.22,2635,2563.78,2568.92,637093.8794
2025-07-03T16:00:00+00:00,2568.92,2591.41,2563.68,2584.38,114027.91123
2025-07-03T20:00:00+00:00,2584.38,2603.26,2584.36,2589.95,60307.305967
2025-07-04T00:00:00+00:00,2589.95,2601.48,2570,2577.34,190154.859374
2025-07-04T04:00:00+00:00,2577.34,2583.9,2529,2534.23,204687.526373
2025-07-04T08:00:00+00:00,2534.23,2557.62,2526.6,2548.01,138448.081128
2025-07-04T12:00:00+00:00,2548.01,2556.07,2497.14,2499.53,256254.620686
2025-07-04T16:00:00+00:00,2499.53,2502.43,2473.5,2482.04,215970.063374
2025-07-04T20:00:00+00:00,2482.04,2519.53,2480.44,2506.86,104224.009255
2025-07-05T00:00:00+00:00,2506.86,2524.19,2497.25,2517.29,64898.679389
2025-07-05T04:00:00+00:00,2517.29,2528.76,2511.25,2520,56019.061044
2025-07-05T08:00:00+00:00,2520,2524.25,2507.17,2516.45,56877.92362
2025-07-05T12:00:00+00:00,2516.45,2520.6,2503.85,2506.92,69779.608167
2025-07-05T16:00:00+00:00,2506.92,2512.32,2487.08,2505.01,117732.517783
2025-07-05T20:00:00+00:00,2505.01,2521.42,2497.18,2514.93,57326.337218
2025-07-06T00:00:00+00:00,2514.93,2519.55,2508.19,2513.29,45010.859541
2025-07-06T04:00:00+00:00,2513.29,2525.35,2507.46,2516.49,65165.46853
2025-07-06T08:00:00+00:00,2516.49,2517,2501.9,2514.79,63211.306741
2025-07-06T12:00:00+00:00,2514.79,2569.92,2510.54,2557.43,245167.882867
2025-07-06T16:00:00+00:00,2557.43,2560.09,2523.04,2540.5,122215.461551
2025-07-06T20:00:00+00:00,2540.5,2604.79,2539.57,2569.83,247280.973049
2025-07-07T00:00:00+00:00,2569.83,2590.11,2549.49,2576.51,123328.275732
2025-07-07T04:00:00+00:00,2576.51,2579.65,2559.02,2577.41,85774.255058
2025-07-07T08:00:00+00:00,2577.41,2587.81,2551.59,2562.08,261006.547769
2025-07-07T12:00:00+00:00,2562.08,2568.16,2525.8,2532.98,564213.054183
2025-07-07T16:00:00+00:00,2532.98,2556,2512.13,2542.54,604309.612778
2025-07-07T20:00:00+00:00,2542.54,2544.43,2521.53,2540.65,152104.470653
2025-07-08T00:00:00+00:00,2540.65,2553.31,2522.33,2537,373533.362672
2025-07-08T04:00:00+00:00,2537,2565.43,2531,2552.32,217167.93895
2025-07-08T08:00:00+00:00,2552.32,2585.12,2542.01,2573.58,268354.355338
2025-07-08T12:00:00+00:00,2573.58,2599.5,2556.29,2563.64,498165.386154
2025-07-08T16:00:00+00:00,2563.64,2627.37,2558.43,2610.25,616090.142747
2025-07-08T20:00:00+00:00,2610.25,2616.82,2595.41,2614.07,135664.133192
2025-07-09T04:00:00+00:00,2590.48,2646,2589.62,2623.61,532775.71314
2025-07-09T08:00:00+00:00,2623.61,2629.07,2602.13,2625.09,323933.095701
2025-07-09T12:00:00+00:00,2625.09,2673.91,2622.81,2655.44,837018.90273
2025-07-09T16:00:00+00:00,2655.44,2794.59,2651.31,2764.03,1216284.048752
2025-07-09T20:00:00+00:00,2764.03,2782.83,2730.38,2767.23,559726.001138
2025-07-10T00:00:00+00:00,2767.23,2796.56,2754.07,2774.97,315047.863219
2025-07-10T04:00:00+00:00,2774.97,2822.21,2764.42,2790,559025.402402
2025-07-10T08:00:00+00:00,2790,2796.2,2771.11,2777.69,282101.680705
2025-07-10T12:00:00+00:00,2777.69,2794,2756.12,2768.35,525692.005361
2025-07-10T16:00:00+00:00,2768.35,2839.38,2768,2814.96,916616.050123
2025-07-10T20:00:00+00:00,2814.96,3005.97,2811.59,2950.87,1634993.437817
2025-07-11T00:00:00+00:00,2950.87,2973.54,2913.55,2968.63,490069.444497
2025-07-11T04:00:00+00:00,2968.63,3031.2,2945.42,2968.36,846795.072974
2025-07-11T08:00:00+00:00,2968.36,3039.68,2961.54,2983.64,686069.929677
2025-07-11T12:00:00+00:00,2983.64,3008.9,2938.22,2950.51,797172.060417
2025-07-11T16:00:00+00:00,2950.51,3009.66,2936.08,3006.58,565211.440167
2025-07-11T20:00:00+00:00,3006.58,3008.69,2921.5,2957.32,521848.947757
2025-07-12T00:00:00+00:00,2957.32,2970.38,2931.77,2965,274168.063286
2025-07-12T04:00:00+00:00,2965,2976.28,2940.01,2961.22,230335.666587
2025-07-12T08:00:00+00:00,2961.22,2978.43,2955.61,2962.52,148067.648682
2025-07-12T12:00:00+00:00,2962.52,2966.62,2902.44,2914.72,701312.544588
2025-07-12T16:00:00+00:00,2914.72,2944.81,2909.37,2939.49,168409.416168
2025-07-12T20:00:00+00:00,2939.49,2946.6,2913.33,2941.84,147548.136392
2025-07-13T00:00:00+00:00,2941.84,2959.8,2934.41,2953.13,153777.155142
2025-07-13T04:00:00+00:00,2953.13,2966.45,2948.02,2960.86,203052.800851
2025-07-13T08:00:00+00:00,2960.86,2964.97,2942.76,2963.46,127503.939693
2025-07-13T12:00:00+00:00,2963.46,3019.7,2957.5,2990.66,552103.881768
2025-07-13T16:00:00+00:00,2990.66,3010.39,2959.79,2988.09,381656.59974
2025-07-13T20:00:00+00:00,2988.09,2997.64,2938.29,2970.95,365745.067987
2025-07-14T00:00:00+00:00,2970.95,3051.37,2961.93,3036.43,741791.789096
2025-07-14T04:00:00+00:00,3036.43,3064.64,3015.63,3043.03,624368.190821
2025-07-14T08:00:00+00:00,3043.03,3082.61,3021.63,3051.68,728415.240023
2025-07-14T12:00:00+00:00,3051.68,3067.49,2992.03,3011.15,720535.925882
2025-07-14T16:00:00+00:00,3011.15,3029.23,2981.2,2999.01,358566.755404
2025-07-14T20:00:00+00:00,2999.01,3018.1,2980.11,3012.57,169450.876512
2025-07-15T00:00:00+00:00,3012.57,3022.24,2931.44,2951.02,756318.41921
2025-07-15T04:00:00+00:00,2951.02,2996.92,2933.89,2976.27,447184.728026
2025-07-15T08:00:00+00:00,2976.27,2988.9,2958.15,2980,310974.315709
2025-07-15T12:00:00+00:00,2980,3066,2965.56,3038.99,1405726.820244
2025-07-15T16:00:00+00:00,3038.99,3098.19,3033.02,3041.48,941899.456587
2025-07-15T20:00:00+00:00,3041.48,3144.14,3029.5,3137.8,550559.523539
2025-07-16T00:00:00+00:00,3137.8,3152.99,3102.58,3115.65,508100.871119
2025-07-16T04:00:00+00:00,3115.65,3173.92,3100.27,3160.63,534456.194371
2025-07-16T08:00:00+00:00,3160.63,3172.96,3143.14,3150,421146.354453
2025-07-16T12:00:00+00:00,3150,3266.25,3146.51,3243.59,1408099.523746
2025-07-16T16:00:00+00:00,3243.59,3383.47,3233.69,3383.16,1322962.022111
2025-07-16T20:00:00+00:00,3383.16,3423.38,3342.1,3370.06,1111549.192615
2025-07-17T00:00:00+00:00,3370.06,3398,3310.95,3330.85,648230.155542
2025-07-17T04:00:00+00:00,3330.85,3469.99,3321,3448.52,742549.64838
2025-07-17T08:00:00+00:00,3448.52,3481.3,3426,3434.62,630330.341746
2025-07-17T12:00:00+00:00,3434.62,3441.66,3362.86,3420.84,922364.476392
2025-07-17T16:00:00+00:00,3420.84,3454.5,3365,3411.01,861586.599298
2025-07-17T20:00:00+00:00,3411.01,3524.1,3370.01,3476.67,971629.907275
2025-07-18T00:00:00+00:00,3476.67,3629.26,3458.33,3596.89,938556.890997
2025-07-18T04:00:00+00:00,3596.89,3674.77,3576.23,3606.73,874267.181757
2025-07-18T08:00:00+00:00,3606.73,3631.73,3584.33,3611.94,488646.204269
2025-07-18T12:00:00+00:00,3611.94,3673.6,3531.12,3564.54,1284687.19623
2025-07-18T16:00:00+00:00,3564.54,3624.99,3536.48,3551.06,648225.022225
2025-07-18T20:00:00+00:00,3551.06,3576.96,3476.69,3546.44,880483.407727
2025-07-19T00:00:00+00:00,3546.44,3598.29,3505.61,3591.55,380533.065291
2025-07-19T04:00:00+00:00,3591.55,3608.41,3565.37,3570.73,204558.440697
2025-07-19T08:00:00+00:00,3570.73,3577.99,3537.27,3551.62,279242.749344
2025-07-19T12:00:00+00:00,3551.62,3571.86,3526.2,3551.37,301661.909513
2025-07-19T16:00:00+00:00,3551.37,3582.12,3532,3577.35,273837.554553
2025-07-19T20:00:00+00:00,3577.35,3597.64,3538.46,3590.6,264961.679704
2025-07-20T00:00:00+00:00,3590.6,3693.92,3578.04,3657.71,512777.297222
2025-07-20T04:00:00+00:00,3657.71,3688.24,3633.04,3666.95,411594.69853
2025-07-20T08:00:00+00:00,3666.95,3767.96,3666.95,3755.37,785361.41847
2025-07-20T12:00:00+00:00,3755.37,3789.31,3724.35,3785.11,620065.639677
2025-07-20T16:00:00+00:00,3785.11,3824.63,3729.69,3749.17,966336.204303
2025-07-20T20:00:00+00:00,3749.17,3772.2,3680.65,3755.27,757369.477017
2025-07-21T00:00:00+00:00,3755.27,3766,3700.23,3756.56,423057.780169
2025-07-21T04:00:00+00:00,3756.56,3812,3746.38,3787.3,425348.64484
2025-07-21T08:00:00+00:00,3787.3,3837.98,3755,3808.69,594073.730963
2025-07-21T12:00:00+00:00,3808.69,3858.01,3774.89,3809.67,877472.52
2025-07-21T16:00:00+00:00,3809.67,3816.53,3718,3735.35,971983.08
2025-07-21T20:00:00+00:00,3735.35,3779.08,3718.11,3761.05,291522.16
2025-07-22T00:00:00+00:00,3761.05,3798.01,3694.85,3730.68,850023.88
2025-07-22T04:00:00+00:00,3730.68,3733.44,3651,3676.58,790054.62
2025-07-22T08:00:00+00:00,3676.58,3719.38,3615.05,3705.15,871870.32
2025-07-22T12:00:00+00:00,3705.15,3728.67,3625.93,3717.47,903963.7
2025-07-22T16:00:00+00:00,3717.47,3750,3654.77,3669.69,611384.54
2025-07-22T20:00:00+00:00,3669.69,3750.97,3661.08,3745.76,298816.2
2025-07-23T00:00:00+00:00,3745.76,3764.23,3712.06,3728.55,418033.32
2025-07-23T04:00:00+00:00,3728.55,3737.75,3663,3672.57,352165.38
2025-07-23T08:00:00+00:00,3672.57,3697.84,3639.37,3671.06,449322.32
2025-07-23T12:00:00+00:00,3671.06,3680,3579.28,3643.25,1322469.78
2025-07-23T16:00:00+00:00,3643.25,3643.25,3552.65,3587.06,839495.54
2025-07-23T20:00:00+00:00,3587.06,3633.86,3525.9,3627.14,602475.24
2025-07-24T00:00:00+00:00,3627.14,3664.76,3611.71,3639.28,239532.8
2025-07-24T04:00:00+00:00,3639.28,3657.42,3505,3590.1,808951.32
2025-07-24T08:00:00+00:00,3590.1,3659.99,3579.06,3653.86,668306.24
2025-07-24T12:00:00+00:00,3653.86,3770.98,3611.91,3730.3,960498.7
2025-07-24T16:00:00+00:00,3730.3,3753.75,3666.11,3731.36,561619.26
2025-07-24T20:00:00+00:00,3731.36,3742,3694,3705.55,299043.12
2025-07-25T00:00:00+00:00,3705.55,3706.73,3572.15,3594.81,989144.62
2025-07-25T04:00:00+00:00,3594.81,3666.61,3578,3630.61,687798.18
2025-07-25T08:00:00+00:00,3630.61,3746.4,3627.9,3720,768584.78
2025-07-25T12:00:00+00:00,3720,3733.69,3600.01,3632.3,816429.68
2025-07-25T16:00:00+00:00,3632.3,3658.34,3615.01,3639.43,244619.86
2025-07-25T20:00:00+00:00,3639.43,3729.15,3637.95,3723.7,343419.78
2025-07-26T00:00:00+00:00,3723.7,3765.9,3697.92,3738.25,334129.98
2025-07-26T04:00:00+00:00,3738.25,3755.5,3730.01,3740.73,139607.54
2025-07-26T08:00:00+00:00,3740.73,3782.53,3730.24,3738.47,374895.38
2025-07-26T12:00:00+00:00,3738.47,3753.49,3714.3,3735.09,280651.72
2025-07-26T16:00:00+00:00,3735.09,3755,3706.76,3749.12,266976.46
2025-07-26T20:00:00+00:00,3749.12,3793.11,3732.22,3739.45,279198.54
2025-07-27T00:00:00+00:00,3739.45,3786.34,3728.29,3772.72,194991.4
2025-07-27T04:00:00+00:00,3772.72,3809.76,3761.41,3766.84,305220.54
2025-07-27T08:00:00+00:00,3766.84,3840.25,3748.79,3814.4,473079.72
2025-07-27T12:00:00+00:00,3814.4,3835.85,3790.95,3817.93,356158.88
2025-07-27T16:00:00+00:00,3817.93,3868.17,3807.79,3828.12,478356.96
2025-07-27T20:00:00+00:00,3828.12,3878.66,3814.7,3871.26,292898.92
2025-07-28T00:00:00+00:00,3871.26,3906.43,3842.01,3879.03,475081.8
2025-07-28T04:00:00+00:00,3879.03,3940.88,3866.7,3892.17,546510.24
2025-07-28T08:00:00+00:00,3892.17,3901.07,3856.81,3878.74,300587
2025-07-28T12:00:00+00:00,3878.74,3889.17,3772.04,3806.23,979172.62
2025-07-28T16:00:00+00:00,3806.23,3821,3751.97,3796.15,553381.1
2025-07-28T20:00:00+00:00,3796.15,3802.52,3763.6,3795.96,311425.12
2025-07-29T00:00:00+00:00,3795.96,3819,3725.7,3790.39,562543.08
2025-07-29T04:00:00+00:00,3790.39,3878.96,3773.38,3875.89,432253.24
2025-07-29T08:00:00+00:00,3875.89,3884.83,3810.7,3825.07,426365.74
2025-07-29T12:00:00+00:00,3825.07,3873.33,3745.99,3760.01,752863.36
2025-07-29T16:00:00+00:00,3760.01,3794.96,3714.41,3763.48,617248.3
2025-07-29T20:00:00+00:00,3763.48,3800.06,3739.49,3791.81,303952.46
2025-07-30T00:00:00+00:00,3791.81,3827.35,3753.95,3815.68,271573.68
2025-07-30T04:00:00+00:00,3815.68,3831.91,3784.2,3809.26,233795.24
2025-07-30T08:00:00+00:00,3809.26,3823.81,3742.24,3756.64,377233.48
2025-07-30T12:00:00+00:00,3756.64,3830,3747.82,3795.69,540376.06
2025-07-30T16:00:00+00:00,3795.69,3821.05,3676.41,3759.06,911531.36
2025-07-30T20:00:00+00:00,3759.06,3810,3740.49,3808.28,323823.76
2025-07-31T00:00:00+00:00,3808.28,3866.94,3799.24,3861.29,385338
2025-07-31T04:00:00+00:00,3861.29,3877.13,3852.62,3862.01,165971.56
2025-07-31T08:00:00+00:00,3862.01,3872.11,3824.81,3836.99,209392.5
2025-07-31T12:00:00+00:00,3836.99,3844,3760.54,3786.29,610456.3
2025-07-31T16:00:00+00:00,3786.29,3816.91,3733.05,3736.91,489457.42
2025-07-31T20:00:00+00:00,3736.91,3756.49,3682.49,3696.92,478606.88
2025-08-01T00:00:00+00:00,3696.92,3722.5,3613.77,3702.75,835735.12
2025-08-01T04:00:00+00:00,3702.75,3702.75,3622.67,3649.07,453291.1
2025-08-01T08:00:00+00:00,3649.07,3649.07,3582.78,3640.92,575647.88
2025-08-01T12:00:00+00:00,3640.92,3674.12,3562.5,3614.29,978624.4
2025-08-01T16:00:00+00:00,3614.29,3632.97,3513.29,3517.59,779811.04
2025-08-01T20:00:00+00:00,3517.59,3551.02,3429.25,3486.44,887491.62
2025-08-02T00:00:00+00:00,3486.44,3530.75,3476.35,3526.99,272757.84
2025-08-02T04:00:00+00:00,3526.99,3536.08,3454.01,3517.27,368950.62
2025-08-02T08:00:00+00:00,3517.27,3522,3472.71,3506.65,312731.66
2025-08-02T12:00:00+00:00,3506.65,3516,3450,3457.77,347879.48
2025-08-02T16:00:00+00:00,3457.77,3479.72,3371.01,3381.26,808712.54
2025-08-02T20:00:00+00:00,3381.26,3440.34,3365.69,3392.63,466863.54
2025-08-03T00:00:00+00:00,3392.63,3450.2,3352.33,3442.01,380353.46
2025-08-03T04:00:00+00:00,3442.01,3457.82,3431.99,3454.32,149976.8
2025-08-03T08:00:00+00:00,3454.32,3514.64,3452.02,3483.28,302617.78
2025-08-03T12:00:00+00:00,3483.28,3502.69,3453,3474.64,310706.18
2025-08-03T16:00:00+00:00,3474.64,3513.13,3465.59,3495.12,153918.78
2025-08-03T20:00:00+00:00,3495.12,3520.2,3481.51,3494.96,205355.78
2025-08-04T00:00:00+00:00,3494.96,3574.12,3489.24,3554.74,380287.9
2025-08-04T04:00:00+00:00,3554.74,3563.73,3519.08,3550.33,235158.72
2025-08-04T08:00:00+00:00,3550.33,3573.11,3540.07,3553.95,210884.52
2025-08-04T12:00:00+00:00,3553.95,3664.11,3549.03,3647,797162.26
2025-08-04T16:00:00+00:00,3647,3715.81,3646.54,3667.67,510816.58
2025-08-04T20:00:00+00:00,3667.67,3735,3659.24,3719.33,348241.42
2025-08-05T00:00:00+00:00,3719.33,3720,3646.35,3650.54,331453.86
2025-08-05T04:00:00+00:00,3650.54,3678.32,3600.3,3611.93,509972.24
2025-08-05T08:00:00+00:00,3611.93,3692.22,3606.63,3672.05,423605.44
2025-08-05T12:00:00+00:00,3672.05,3678.94,3555,3568.56,1099278.14
2025-08-05T16:00:00+00:00,3568.56,3611.34,3557.39,3570,378007.2
2025-08-05T20:00:00+00:00,3570,3623.17,3543.72,3610.21,251152.24
2025-08-06T00:00:00+00:00,3610.21,3612.24,3562.43,3582,268779.66
2025-08-06T04:00:00+00:00,3582,3661.04,3568,3637.98,436027.6
2025-08-06T08:00:00+00:00,3637.98,3643.67,3608,3618.18,264435.88
2025-08-06T12:00:00+00:00,3618.18,3668.41,3573.02,3662.65,529245.36
2025-08-06T16:00:00+00:00,3662.65,3697.23,3636.76,3681.93,338151.98
2025-08-06T20:00:00+00:00,3681.93,3684.26,3650.34,3680.86,222016.12
2025-08-07T00:00:00+00:00,3680.86,3715.13,3645.84,3655.35,263536.22
2025-08-07T04:00:00+00:00,3655.35,3709.52,3653.83,3700.75,201571.82
2025-08-07T08:00:00+00:00,3700.75,3841.14,3700.73,3825.2,889706.76
2025-08-07T12:00:00+00:00,3825.2,3864.96,3802.11,3835.5,647923.26
2025-08-07T16:00:00+00:00,3835.5,3875.53,3779,3865.79,454057.34
2025-08-07T20:00:00+00:00,3865.79,3926.3,3849.14,3908.61,470649.54
2025-08-08T00:00:00+00:00,3908.61,3968.52,3877.49,3938.21,567231.78
2025-08-08T04:00:00+00:00,3938.21,3938.42,3893,3914.69,253477.98
2025-08-08T08:00:00+00:00,3914.69,3925.82,3883,3916.16,262951.44
2025-08-08T12:00:00+00:00,3916.16,4011.78,3889.45,3953.38,989827.96
2025-08-08T16:00:00+00:00,3953.38,4064.7,3949.07,4059.54,544363.7
2025-08-08T20:00:00+00:00,4059.54,4070.48,4005.6,4009,225201.16
2025-08-09T00:00:00+00:00,4009,4050.73,4005.93,4049.33,204977.34
2025-08-09T04:00:00+00:00,4049.33,4214.92,4043.17,4169.59,1126234.4
2025-08-09T08:00:00+00:00,4169.59,4246.5,4164.32,4189.54,654707.88
2025-08-09T12:00:00+00:00,4189.54,4225.33,4153.04,4207.32,481246.08
2025-08-09T16:00:00+00:00,4207.32,4269.96,4192,4256.54,382937.04
2025-08-09T20:00:00+00:00,4256.54,4325,4242.38,4258.77,607403.2
2025-08-10T00:00:00+00:00,4258.77,4331.12,4205.77,4242,573733.74
2025-08-10T04:00:00+00:00,4242,4263.53,4173.82,4184.38,422433.48
2025-08-10T08:00:00+00:00,4184.38,4231.85,4160.61,4179.7,338929.36
2025-08-10T12:00:00+00:00,4179.7,4236.8,4160.2,4215.78,321111.78
2025-08-10T16:00:00+00:00,4215.78,4257.89,4212.29,4247.24,155472.32
2025-08-10T20:00:00+00:00,4247.24,4252.42,4185,4248.5,333051.02
2025-08-11T00:00:00+00:00,4248.5,4341.82,4236.12,4307.84,607601.54
2025-08-11T04:00:00+00:00,4307.84,4348.03,4265.04,4272.79,404193
2025-08-11T08:00:00+00:00,4272.79,4284.52,4169.51,4183.83,651136.14
2025-08-11T16:00:00+00:00,4327.83,4366.14,4232,4257.44,870380.92
2025-08-11T20:00:00+00:00,4257.44,4257.44,4187.2,4221.33,361723.48
2025-08-12T00:00:00+00:00,4221.33,4310.2,4217.16,4283.78,330109.5
2025-08-12T04:00:00+00:00,4283.78,4319.72,4265.89,4314.04,374128.88
2025-08-12T08:00:00+00:00,4314.04,4331.3,4256.47,4289.86,360586.46
2025-08-12T12:00:00+00:00,4289.86,4479.18,4276.43,4470.63,1842710.54
2025-08-12T16:00:00+00:00,4470.63,4518,4439.31,4514.96,680878.46
2025-08-12T20:00:00+00:00,4514.96,4639.57,4502.35,4589.41,868046.62
2025-08-13T00:00:00+00:00,4589.41,4656.08,4563.4,4645.71,1009341.24
2025-08-13T04:00:00+00:00,4645.71,4681.72,4607.15,4624.86,646422.36
2025-08-13T08:00:00+00:00,4624.86,4716.98,4608.33,4688.81,682385.46
2025-08-13T12:00:00+00:00,4688.81,4736.67,4616.03,4664.21,1150298.34
2025-08-13T16:00:00+00:00,4664.21,4750.71,4660.53,4739.04,713922.82
2025-08-13T20:00:00+00:00,4739.04,4782.76,4696.23,4748.48,678282.18
2025-08-14T00:00:00+00:00,4748.48,4781.01,4706.93,4774.74,562952.14
2025-08-14T04:00:00+00:00,4774.74,4793.28,4717.29,4749.28,484616.28
2025-08-14T08:00:00+00:00,4749.28,4766.06,4673.25,4718.93,464439.42
2025-08-14T12:00:00+00:00,4718.93,4736.59,4455.89,4618.21,2913169.275
2025-08-14T16:00:00+00:00,4618.21,4623.5,4479.08,4536.02,666813.36
2025-08-14T20:00:00+00:00,4536.02,4570.44,4451,4544.64,393209.625
2025-08-15T00:00:00+00:00,4544.64,4647.42,4535.26,4632.1,304854.411
2025-08-15T04:00:00+00:00,4632.1,4661.17,4602.59,4638.8,230700.348
2025-08-15T08:00:00+00:00,4638.8,4665,4611.23,4632,184966.188
2025-08-15T12:00:00+00:00,4632,4667.12,4392.64,4428.79,998657.85
2025-08-15T16:00:00+00:00,4428.79,4462.17,4368.88,4381.49,736633.005
2025-08-15T20:00:00+00:00,4381.49,4490.43,4365.65,4437.46,373306.965
2025-08-16T00:00:00+00:00,4437.46,4488.35,4423.1,4430.71,244657.53
2025-08-16T04:00:00+00:00,4430.71,4462.5,4407.11,4449,189919.179
2025-08-16T08:00:00+00:00,4449,4456.98,4370.42,4385.89,435070.596
2025-08-16T12:00:00+00:00,4385.89,4426.33,4373.25,4398.19,322349.002
2025-08-16T16:00:00+00:00,4398.19,4439.6,4388.11,4416.66,123156.942
2025-08-16T20:00:00+00:00,4416.66,4436.57,4401.26,4420.31,112038.67
2025-08-17T00:00:00+00:00,4420.31,4457.5,4392.37,4450.53,198377.641
2025-08-17T04:00:00+00:00,4450.53,4489.09,4441.67,4464.95,237889.67
2025-08-17T08:00:00+00:00,4464.95,4574.33,4456.39,4549.72,473748.18
2025-08-17T12:00:00+00:00,4549.72,4563.81,4516,4560,227640.013
2025-08-17T16:00:00+00:00,4560,4564.42,4424.68,4457.92,636677.693
2025-08-17T20:00:00+00:00,4457.92,4532.23,4454.65,4470.71,238539.325
2025-08-18T00:00:00+00:00,4470.71,4480.89,4277.74,4319.28,1112522.951
2025-08-18T04:00:00+00:00,4319.28,4346.52,4228.64,4255,774476
2025-08-18T08:00:00+00:00,4255,4317.1,4223.48,4272.94,634123.8
2025-08-18T12:00:00+00:00,4272.94,4367.67,4269.15,4343.58,769966.18
2025-08-18T16:00:00+00:00,4343.58,4384.11,4297.46,4352.84,414751.34
2025-08-18T20:00:00+00:00,4352.84,4385.92,4302.58,4312.21,258580.86
2025-08-19T00:00:00+00:00,4312.21,4353.72,4212,4217.61,558639.74
2025-08-19T04:00:00+00:00,4217.61,4248.47,4192.5,4232.55,403219.14
2025-08-19T08:00:00+00:00,4232.55,4315,4216.67,4307.09,405986.86
2025-08-19T12:00:00+00:00,4307.09,4338.64,4168,4189.87,1120745.5
2025-08-19T16:00:00+00:00,4189.87,4204.99,4112.29,4140.94,748496.5
2025-08-19T20:00:00+00:00,4140.94,4164.39,4056.51,4073.66,489101.84
2025-08-20T00:00:00+00:00,4073.66,4156.52,4060.23,4139.11,441106.1
2025-08-20T04:00:00+00:00,4139.11,4209.46,4137.38,4182.99,312894.22
2025-08-20T08:00:00+00:00,4182.99,4239.78,4148.18,4194.07,549169.96
2025-08-20T12:00:00+00:00,4194.07,4306.66,4104.74,4253.46,1187545.76
2025-08-20T16:00:00+00:00,4253.46,4363.29,4252.74,4344.08,763942.06
2025-08-20T20:00:00+00:00,4344.08,4375.84,4319.13,4334.3,331610.1
2025-08-21T00:00:00+00:00,4334.3,4339.06,4276.01,4293.47,304118.38
2025-08-21T04:00:00+00:00,4293.47,4319.46,4269.14,4309,255290.24
2025-08-21T08:00:00+00:00,4309,4313.31,4255,4277.4,408475.94
2025-08-21T12:00:00+00:00,4277.4,4325.79,4224.14,4240.8,765270.94
2025-08-21T16:00:00+00:00,4240.8,4273,4206.01,4222.3,359346.18
2025-08-21T20:00:00+00:00,4222.3,4259.59,4202.58,4223.98,256789.56
2025-08-22T00:00:00+00:00,4223.98,4313,4220.28,4276.8,296318.36
2025-08-22T04:00:00+00:00,4276.8,4343.69,4270.35,4325.71,357537.62
2025-08-22T08:00:00+00:00,4325.71,4351.64,4271.31,4272.94,360197.94
2025-08-22T12:00:00+00:00,4272.94,4666,4206.15,4613.58,3066114.06
2025-08-22T16:00:00+00:00,4613.58,4858.58,4613.58,4830.95,2115287.62
2025-08-22T20:00:00+00:00,4830.95,4886.99,4795.56,4830.4,745538.08
2025-08-23T00:00:00+00:00,4830.4,4830.73,4662.65,4694.88,615672.64
2025-08-23T04:00:00+00:00,4694.88,4764.52,4694,4712.5,467449.38
2025-08-23T08:00:00+00:00,4712.5,4745.44,4688.92,4704.18,309999.64
2025-08-23T12:00:00+00:00,4704.18,4768.26,4692.01,4749.66,470635.02
2025-08-23T16:00:00+00:00,4749.66,4759.83,4725.56,4756.62,123571.32
2025-08-23T20:00:00+00:00,4756.62,4797,4736.03,4777,183997.2
2025-08-24T00:00:00+00:00,4777,4816.44,4752.3,4787.4,279668.8
2025-08-24T04:00:00+00:00,4787.4,4798.85,4755.87,4757.85,230129.68
2025-08-24T08:00:00+00:00,4757.85,4784.75,4718.24,4745.93,416305.26
2025-08-24T12:00:00+00:00,4745.93,4829.14,4737,4796.43,585635.38
2025-08-24T16:00:00+00:00,4796.43,4956.31,4745.94,4811.97,2484584.8
2025-08-24T20:00:00+00:00,4811.97,4822.55,4707.35,4777.63,1130674.64
2025-08-25T00:00:00+00:00,4777.63,4796.31,4668.11,4725.81,480590.22
2025-08-25T04:00:00+00:00,4725.81,4737.79,4580.41,4589.96,646396.16
2025-08-25T08:00:00+00:00,4589.96,4614.57,4518,4598,670942.16
2025-08-25T12:00:00+00:00,4598,4682.6,4583.43,4610.55,899480.4
2025-08-25T16:00:00+00:00,4610.55,4643.9,4414.36,4418.9,678081.44
2025-08-25T20:00:00+00:00,4418.9,4444.86,4331.17,4374.5,912878.86
2025-08-26T00:00:00+00:00,4374.5,4449.51,4310,4401,574988.52
2025-08-26T04:00:00+00:00,4401,4452.58,4391.45,4427.72,300496.66
2025-08-26T08:00:00+00:00,4427.72,4464,4403.61,4426.32,343516.08
2025-08-26T12:00:00+00:00,4426.32,4576.71,4403.02,4516.58,1234326.16
2025-08-26T16:00:00+00:00,4516.58,4596,4496.11,4593.98,507077.32
2025-08-26T20:00:00+00:00,4593.98,4631.61,4559.55,4597.93,374022.44
2025-08-27T00:00:00+00:00,4597.93,4624.88,4537.65,4601.07,352318.54
2025-08-27T04:00:00+00:00,4601.07,4643.74,4558.32,4577.99,378314.02
2025-08-27T08:00:00+00:00,4577.99,4618.03,4551.4,4606.1,340224.7
2025-08-27T12:00:00+00:00,4606.1,4662.68,4573.02,4655,777512.58
2025-08-27T16:00:00+00:00,4655,4655.7,4532.45,4563.3,442699.48
2025-08-27T20:00:00+00:00,4563.3,4612,4480.28,4505.14,775772.76
2025-08-28T00:00:00+00:00,4505.14,4546.36,4465.65,4539.49,306477.32
2025-08-28T04:00:00+00:00,4539.49,4598.43,4532.54,4594.69,355252.6
2025-08-28T08:00:00+00:00,4594.69,4632.55,4579.08,4593.15,338276.4
2025-08-28T12:00:00+00:00,4593.15,4613,4483,4502.14,652667.08
2025-08-28T16:00:00+00:00,4502.14,4528.56,4433.33,4435.8,428884.02
2025-08-28T20:00:00+00:00,4435.8,4514,4426.18,4509.34,229207.76
2025-08-29T00:00:00+00:00,4509.34,4514.99,4432.77,4487.66,291836.32
2025-08-29T04:00:00+00:00,4487.66,4495.45,4365.64,4380.46,1059878.26
2025-08-29T08:00:00+00:00,4380.46,4397.42,4317.31,4344.29,550216.06
2025-08-29T12:00:00+00:00,4344.29,4452.92,4265.02,4314.1,1446906.24
2025-08-29T16:00:00+00:00,4314.1,4365,4293.25,4339.62,329217.94
2025-08-29T20:00:00+00:00,4339.62,4378.87,4304,4358.17,231503.8
2025-08-30T00:00:00+00:00,4358.17,4380.58,4255.03,4350.42,511421.62
2025-08-30T04:00:00+00:00,4350.42,4413.1,4344.8,4399.93,253200.36
2025-08-30T08:00:00+00:00,4399.93,4405.35,4376.03,4390.29,144058.38
2025-08-30T12:00:00+00:00,4390.29,4391.2,4329.45,4374.69,342414.32
2025-08-30T16:00:00+00:00,4374.69,4374.69,4333.42,4352.2,128188.96
2025-08-30T20:00:00+00:00,4352.2,4376.5,4332.32,4371.69,107206.8
2025-08-31T00:00:00+00:00,4371.69,4486.29,4370.78,4485.42,431083.6
2025-08-31T04:00:00+00:00,4485.42,4489.1,4430.6,4449.35,225764.1
2025-08-31T08:00:00+00:00,4449.35,4481.49,4437.46,4474.2,234831.98
2025-08-31T12:00:00+00:00,4474.2,4495.88,4448.02,4482.37,297386.34
2025-08-31T16:00:00+00:00,4482.37,4488.71,4452.12,4453.18,171483.48
2025-08-31T20:00:00+00:00,4453.18,4475.11,4376.2,4389.72,356815.88
2025-09-01T00:00:00+00:00,4389.72,4429.89,4357.76,4401.21,445071.18
2025-09-01T04:00:00+00:00,4401.21,4461.88,4356.41,4460.87,364937.96
2025-09-01T08:00:00+00:00,4460.87,4489.52,4380.88,4391.2,595316.18
2025-09-01T12:00:00+00:00,4391.2,4421.53,4343.75,4360.2,384362.78
2025-09-01T16:00:00+00:00,4360.2,4369.69,4307,4366.01,310266.54
2025-09-01T20:00:00+00:00,4366.01,4366.49,4208.29,4312.77,668058.88
2025-09-02T00:00:00+00:00,4312.77,4392.36,4288.71,4364.53,368023.8
2025-09-02T04:00:00+00:00,4364.53,4414.36,4358.55,4375.65,277325.84
2025-09-02T08:00:00+00:00,4375.65,4406.14,4339,4345.88,238509.82
2025-09-02T12:00:00+00:00,4345.88,4396,4269.58,4293.39,1034335.4
2025-09-02T16:00:00+00:00,4293.39,4329.63,4256.01,4272.56,400548.24
2025-09-02T20:00:00+00:00,4272.56,4335.85,4264.47,4324.58,244404
2025-09-03T00:00:00+00:00,4324.58,4354,4281.01,4332.74,245156.86
2025-09-03T04:00:00+00:00,4332.74,4340.67,4286.58,4308.64,267360.02
2025-09-03T08:00:00+00:00,4308.64,4383.35,4300.02,4369.22,354813.6
2025-09-03T12:00:00+00:00,4369.22,4483.82,4339.4,4476.96,682477.12
2025-09-03T16:00:00+00:00,4476.96,4487.68,4452.06,4472.83,209844.04
2025-09-03T20:00:00+00:00,4472.83,4479.15,4436.09,4448.16,154133.96
2025-09-04T00:00:00+00:00,4448.16,4480.99,4387.55,4396.31,297341.88
2025-09-04T04:00:00+00:00,4396.31,4412.8,4354.11,4369.41,292796.78
2025-09-04T08:00:00+00:00,4369.41,4431.24,4363.39,4404.14,300481.74
2025-09-04T12:00:00+00:00,4404.14,4426.58,4292.25,4303.21,740313.44
2025-09-04T16:00:00+00:00,4303.21,4321.72,4263.05,4274.2,323648.3
2025-09-04T20:00:00+00:00,4274.2,4349.7,4270.68,4295.24,193044.82
2025-09-05T00:00:00+00:00,4295.24,4333.33,4287.83,4326.44,195490.08
2025-09-05T04:00:00+00:00,4326.44,4426,4314.01,4414.16,354142.72
2025-09-05T08:00:00+00:00,4414.16,4424.15,4370.79,4415.33,345852.12
2025-09-05T12:00:00+00:00,4415.33,4489.72,4253.41,4280.9,1949345.9
2025-09-05T16:00:00+00:00,4280.9,4329.88,4270.03,4329.2,230847.64
2025-09-05T20:00:00+00:00,4329.2,4341.27,4285.47,4305.4,281180.28
2025-09-06T00:00:00+00:00,4305.4,4326.96,4301,4318.29,84322.48
2025-09-06T04:00:00+00:00,4318.29,4318.29,4288.88,4310.66,101511.42
2025-09-06T08:00:00+00:00,4310.66,4313.36,4284.56,4298.16,83279.16
2025-09-06T12:00:00+00:00,4298.16,4306.73,4261.36,4268.1,230671.66
2025-09-06T16:00:00+00:00,4268.1,4302.3,4234.51,4253.67,490562.06
2025-09-06T20:00:00+00:00,4253.67,4286.44,4251.36,4271.62,86663.4
2025-09-07T00:00:00+00:00,4271.62,4302.02,4269.1,4295,104585.38
2025-09-07T04:00:00+00:00,4295,4305.85,4276.26,4292.67,107864.6
2025-09-07T08:00:00+00:00,4292.67,4313.2,4289.32,4308.58,126420.66
2025-09-07T12:00:00+00:00,4308.58,4309.2,4286.44,4297.1,123315.84
2025-09-07T16:00:00+00:00,4297.1,4299.81,4268.78,4291.85,152587.74
2025-09-07T20:00:00+00:00,4291.85,4335,4279.3,4304,173239.42
2025-09-08T00:00:00+00:00,4304,4329.1,4276.6,4309.68,158687.38
2025-09-08T04:00:00+00:00,4309.68,4311.51,4285.5,4290.36,129351.8
2025-09-08T08:00:00+00:00,4290.36,4336.36,4286.75,4310.01,328187.405033
2025-09-08T12:00:00+00:00,4310.01,4382,4303.92,4369.46,369637.874472
2025-09-08T16:00:00+00:00,4369.46,4370.99,4282.1,4290.77,333408.727131
2025-09-08T20:00:00+00:00,4290.77,4330.39,4280.16,4303.98,163891.128402
2025-09-09T00:00:00+00:00,4303.98,4313.77,4275.08,4304.83,136855.116841
2025-09-09T04:00:00+00:00,4304.83,4379.88,4300.02,4360.27,278345.338583
2025-09-09T08:00:00+00:00,4360.27,4365.52,4340.35,4345.86,152616.472331
2025-09-09T12:00:00+00:00,4345.86,4365.87,4275.25,4282.65,540567.161783
2025-09-09T16:00:00+00:00,4282.65,4298.01,4276.4,4293.01,116320.5447
2025-09-09T20:00:00+00:00,4293.01,4318.31,4279.8,4308.49,157664.552953
2025-09-10T00:00:00+00:00,4308.49,4324.67,4281.76,4318.99,168871.917263
2025-09-10T04:00:00+00:00,4318.99,4331.64,4292.98,4327.17,170762.096595
2025-09-10T08:00:00+00:00,4327.17,4332.87,4306.46,4328.95,144482.335755
2025-09-10T12:00:00+00:00,4328.95,4452,4327.26,4403.11,879426.076838
2025-09-10T16:00:00+00:00,4403.11,4407.44,4298.25,4320.66,460131.014924
2025-09-10T20:00:00+00:00,4320.66,4354.28,4318.7,4347.3,177698.442416
2025-09-11T00:00:00+00:00,4347.3,4406.89,4337.08,4402.3,145059.453791
2025-09-11T04:00:00+00:00,4402.3,4448.84,4393.3,4438.54,267462.218295
2025-09-11T08:00:00+00:00,4438.54,4440.8,4404.27,4428.43,174173.177789
2025-09-11T12:00:00+00:00,4428.43,4480,4352,4410.39,1062805.498596
2025-09-11T16:00:00+00:00,4410.39,4439.77,4405.11,4420.61,163273.08616
2025-09-11T20:00:00+00:00,4420.61,4468,4413.38,4456.54,142563.563664
2025-09-12T00:00:00+00:00,4456.54,4538,4448.24,4504,367761.861579
2025-09-12T04:00:00+00:00,4504,4561.37,4498.08,4524.22,306757.265784
2025-09-12T08:00:00+00:00,4524.22,4535.73,4501.27,4519.85,155806.546012
2025-09-12T12:00:00+00:00,4519.85,4570,4502,4539.53,347775.950112
2025-09-12T16:00:00+00:00,4539.53,4658,4530.94,4655.6,413957.742789
2025-09-12T20:00:00+00:00,4655.6,4746.04,4628.5,4710.18,567287.754807
2025-09-13T00:00:00+00:00,4710.18,4765.75,4690.47,4754.29,190285.730018
2025-09-13T04:00:00+00:00,4754.29,4754.48,4700.16,4710.01,179145.068728
2025-09-13T08:00:00+00:00,4710.01,4737.53,4707.27,4718.18,106770.948543
2025-09-13T12:00:00+00:00,4718.18,4729,4641.18,4652.31,443961.002718
2025-09-13T16:00:00+00:00,4652.31,4665.71,4603.68,4635.83,308372.872527
2025-09-13T20:00:00+00:00,4635.83,4671.13,4635.07,4664.71,105100.262451
2025-09-14T04:00:00+00:00,4661.41,4680.1,4631.46,4648.47,128312.673266
2025-09-14T08:00:00+00:00,4648.47,4672.5,4624.15,4633.69,141615.913479
2025-09-14T12:00:00+00:00,4633.69,4643.41,4576.07,4580.99,399445.322672
2025-09-14T16:00:00+00:00,4580.99,4627.86,4578.25,4614.06,129672.66629
2025-09-14T20:00:00+00:00,4614.06,4634.73,4596.67,4601.75,115227.537698
2025-09-15T00:00:00+00:00,4601.75,4641,4578.07,4633.99,149916.807638
2025-09-15T04:00:00+00:00,4633.99,4667.8,4585.21,4595.64,315442.042926
2025-09-15T08:00:00+00:00,4595.64,4595.64,4496.04,4528.72,550292.343572
2025-09-15T12:00:00+00:00,4528.72,4540.53,4463.91,4497.94,412339.27244
2025-09-15T16:00:00+00:00,4497.94,4513.12,4473,4492.04,167348.919182
2025-09-15T20:00:00+00:00,4492.04,4528.54,4486.38,4521.58,103141.35303
2025-09-16T00:00:00+00:00,4521.58,4536.16,4502.67,4518.71,97631.078692
2025-09-16T04:00:00+00:00,4518.71,4534,4486,4510.9,154028.222393
2025-09-16T08:00:00+00:00,4510.9,4529.67,4490.45,4499.44,134916.540862
2025-09-16T12:00:00+00:00,4499.44,4510.83,4421.82,4466.32,415088.087889
2025-09-16T16:00:00+00:00,4466.32,4508.6,4444.63,4489.3,238868.705487
2025-09-16T20:00:00+00:00,4489.3,4523.5,4481.3,4499.14,135941.727095
2025-09-17T00:00:00+00:00,4499.14,4550.91,4490.71,4495.08,174265.155389
2025-09-17T04:00:00+00:00,4495.08,4552.9,4461,4541.31,304958.2308
2025-09-17T08:00:00+00:00,4541.31,4544.08,4476.88,4489.72,210141.022686
2025-09-17T12:00:00+00:00,4489.72,4511.78,4465.13,4487.92,259023.212635
2025-09-17T16:00:00+00:00,4487.92,4532.42,4410.05,4515.33,1930656.742753
2025-09-17T20:00:00+00:00,4515.33,4615,4484,4587.7,325234.51382
2025-09-18T00:00:00+00:00,4587.7,4642.09,4577.6,4611.78,271387.79363
2025-09-18T04:00:00+00:00,4611.78,4617.41,4550.93,4572.99,182783.208128
2025-09-18T08:00:00+00:00,4572.99,4606.11,4566.36,4574,181957.455976
2025-09-18T12:00:00+00:00,4574,4622.58,4557,4597.03,396122.666336
2025-09-18T16:00:00+00:00,4597.03,4634.29,4579.01,4586.78,199399.387936
2025-09-18T20:00:00+00:00,4586.78,4604.06,4568.45,4585.24,105803.385786
2025-09-19T00:00:00+00:00,4585.24,4619.57,4540.67,4548,308251.020293
2025-09-19T04:00:00+00:00,4548,4557.2,4515.95,4537,294227.645262
2025-09-19T08:00:00+00:00,4537,4547,4506.08,4512,166065.671296
2025-09-19T12:00:00+00:00,4512,4541.99,4443,4472.25,484731.152903
2025-09-19T16:00:00+00:00,4472.25,4487.26,4433,4439.01,218748.481603
2025-09-19T20:00:00+00:00,4439.01,4476.55,4436.52,4466.9,134380.494947
2025-09-20T00:00:00+00:00,4466.9,4474.29,4452.12,4463.9,62276.024717
2025-09-20T04:00:00+00:00,4463.9,4482.29,4461.33,4481,68807.887091
2025-09-20T08:00:00+00:00,4481,4481.01,4454.01,4467.95,64543.459743
2025-09-20T12:00:00+00:00,4467.95,4505,4460.99,4495.68,129976.450577
2025-09-20T16:00:00+00:00,4495.68,4506.33,4467.5,4477.69,144660.93302
2025-09-20T20:00:00+00:00,4477.69,4499.3,4475.62,4478.3,43430.66872
2025-09-21T00:00:00+00:00,4478.3,4487.98,4455.45,4476.39,66801.1711
2025-09-21T04:00:00+00:00,4476.39,4490.2,4465,4476.16,42539.974038
2025-09-21T08:00:00+00:00,4476.16,4477.7,4441.79,4458.3,151245.002911
2025-09-21T12:00:00+00:00,4458.3,4484.15,4458.07,4480,69052.902485
2025-09-21T16:00:00+00:00,4480,4496.9,4462.16,4491.59,125193.897827
2025-09-21T20:00:00+00:00,4491.59,4492.37,4441.25,4443.26,135008.431664
2025-09-22T00:00:00+00:00,4443.26,4454,4260,4303.99,817387.378652
2025-09-22T04:00:00+00:00,4303.99,4308.84,4045.12,4190.83,1425872.882577
2025-09-22T08:00:00+00:00,4190.83,4205,4134.49,4179.1,347119.222834
2025-09-22T12:00:00+00:00,4179.1,4217.5,4156.68,4165.9,349045.092181
2025-09-22T16:00:00+00:00,4165.9,4181.29,4121.5,4133.14,367195.532769
2025-09-22T20:00:00+00:00,4133.14,4205.85,4132.56,4196.86,138958.360647
2025-09-23T00:00:00+00:00,4196.86,4209.39,4112.93,4186.05,268132.803633
2025-09-23T04:00:00+00:00,4186.05,4213.28,4152.2,4202.89,165684.25797
2025-09-23T08:00:00+00:00,4202.89,4226.66,4176.12,4190.22,156491.068534
2025-09-23T12:00:00+00:00,4190.22,4209.65,4159.96,4179.45,271204.764651
2025-09-23T16:00:00+00:00,4179.45,4205.53,4135.52,4151.81,310048.094021
2025-09-23T20:00:00+00:00,4151.81,4189.26,4137.65,4162.57,121507.24062
2025-09-24T00:00:00+00:00,4162.57,4192.96,4126.73,4145.77,180141.465621
2025-09-24T04:00:00+00:00,4145.77,4182.28,4072.85,4172.48,480964.323127
2025-09-24T08:00:00+00:00,4172.48,4196.37,4161.94,4180,158726.440652
2025-09-24T12:00:00+00:00,4180,4205.4,4145.15,4163.64,278124.546409
2025-09-24T16:00:00+00:00,4163.64,4191.67,4152,4159.68,176396.723281
2025-09-24T20:00:00+00:00,4159.68,4170.36,4127.7,4150.45,201015.138172
2025-09-25T00:00:00+00:00,4150.45,4159,4019.08,4060.16,525395.987231
2025-09-25T04:00:00+00:00,4060.16,4069.45,3965.45,4007.57,515355.171208
2025-09-25T08:00:00+00:00,4007.57,4050.6,3987.75,4001.01,282491.367218
2025-09-25T12:00:00+00:00,4001.01,4020.82,3924.41,4000.38,762138.163468
2025-09-25T16:00:00+00:00,4000.38,4003.93,3821.02,3909.18,747809.637729
2025-09-25T20:00:00+00:00,3909.18,3934.29,3846.36,3872.71,278294.589323
2025-09-26T00:00:00+00:00,3872.71,3969.95,3865.59,3962.8,259854.614056
2025-09-26T04:00:00+00:00,3962.8,3974,3905.97,3936.88,268203.947543
2025-09-26T08:00:00+00:00,3936.88,3942.88,3871.11,3904.1,231472.898873
2025-09-26T12:00:00+00:00,3904.1,3982.53,3873.51,3943.35,515657.322355
2025-09-26T16:00:00+00:00,3943.35,4065.77,3940.13,4021.08,362129.717707
2025-09-26T20:00:00+00:00,4021.08,4037.28,4002,4029.7,146031.774264
2025-09-27T00:00:00+00:00,4029.7,4029.99,4003.24,4016.67,56544.737617
2025-09-27T04:00:00+00:00,4016.67,4025.81,4004.41,4006.02,45242.618704
2025-09-27T08:00:00+00:00,4006.02,4016.62,3971.04,4000.19,172700.124008
2025-09-27T12:00:00+00:00,4000.19,4037.14,3992.57,4016.9,151266.865583
2025-09-27T16:00:00+00:00,4016.9,4017.99,3978.21,4000.79,114302.352695
2025-09-27T20:00:00+00:00,4000.79,4032.01,3998.81,4016.67,65664.057209
2025-09-28T00:00:00+00:00,4016.67,4029.9,3992,4000.61,66719.201642
2025-09-28T04:00:00+00:00,4000.61,4019,3995,4012,61626.453226
2025-09-28T08:00:00+00:00,4012,4014.01,3982.26,3991.1,112741.761849
2025-09-28T12:00:00+00:00,3991.1,4026.99,3964.01,4018.9,163923.207734
2025-09-28T16:00:00+00:00,4018.9,4052.91,4018.89,4036.99,125135.418423
2025-09-28T20:00:00+00:00,4036.99,4141.79,4033.08,4138.95,249884.359651
2025-09-29T00:00:00+00:00,4138.95,4142.83,4100.04,4119.2,123250.605674
2025-09-29T04:00:00+00:00,4119.2,4121.34,4085.09,4105.96,114828.568989
2025-09-29T08:00:00+00:00,4105.96,4138,4091.9,4101.2,162752.201591
2025-09-29T12:00:00+00:00,4101.2,4203.64,4080,4162.99,452379.986813
2025-09-29T16:00:00+00:00,4162.99,4191,4126.22,4186.25,220206.76315
2025-09-29T20:00:00+00:00,4186.25,4235.96,4179.48,4212.05,164170.415227
2025-09-30T00:00:00+00:00,4212.05,4242.71,4185.27,4196.6,202068.752427
2025-09-30T04:00:00+00:00,4196.6,4205,4167.56,4180.89,154670.882063
2025-09-30T08:00:00+00:00,4180.89,4181.73,4133,4163.3,173179.33994
2025-09-30T12:00:00+00:00,4163.3,4174,4093,4118.19,311730.292525
2025-09-30T16:00:00+00:00,4118.19,4169.82,4090.17,4158.43,192236.003451
2025-09-30T20:00:00+00:00,4158.43,4200.82,4115.36,4143.39,195965.51438
2025-10-01T00:00:00+00:00,4143.39,4173,4122,4127.23,149370.438685
2025-10-01T04:00:00+00:00,4127.23,4154.93,4121.11,4144.52,98975.856061
2025-10-01T08:00:00+00:00,4144.52,4327.85,4141.36,4296.72,483939.155323
2025-10-01T12:00:00+00:00,4296.72,4342.47,4276.87,4324.99,246410.796155
2025-10-01T16:00:00+00:00,4324.99,4337.69,4286.03,4331.53,193038.958844
2025-10-01T20:00:00+00:00,4331.53,4353.33,4286.28,4346.09,135101.55401
2025-10-02T00:00:00+00:00,4346.09,4397.56,4330,4375.32,259021.573053
2025-10-02T04:00:00+00:00,4375.32,4422.37,4358.04,4374.67,246557.462547
2025-10-02T08:00:00+00:00,4374.67,4395.32,4368.03,4378.1,94885.323387
2025-10-02T12:00:00+00:00,4378.1,4441.06,4333.46,4435.2,443333.686485
2025-10-02T16:00:00+00:00,4435.2,4515.51,4423.43,4492.2,394275.992255
2025-10-02T20:00:00+00:00,4492.2,4494.49,4454.23,4481.35,149809.259096
2025-10-03T00:00:00+00:00,4481.35,4558.5,4458.79,4499.09,217531.699689
2025-10-03T04:00:00+00:00,4499.09,4509.03,4452.7,4461.25,129600.419405
2025-10-03T08:00:00+00:00,4461.25,4494.61,4426.5,4477.8,156456.413586
2025-10-03T12:00:00+00:00,4477.8,4540.42,4433.77,4533.19,250248.535644
2025-10-03T16:00:00+00:00,4533.19,4589,4447.31,4517.24,491905.064114
2025-10-03T20:00:00+00:00,4517.24,4540.64,4490.05,4510,94774.66019
2025-10-04T00:00:00+00:00,4510,4515,4462.12,4485.12,90144.173854
2025-10-04T04:00:00+00:00,4485.12,4516.23,4477.37,4496.68,91515.661167
2025-10-04T08:00:00+00:00,4496.68,4502.83,4478.57,4482.42,93553.316022
2025-10-04T12:00:00+00:00,4482.42,4510.38,4439,4453.73,167084.698289
2025-10-04T16:00:00+00:00,4453.73,4475.7,4438.09,4465.99,125501.797367
2025-10-04T20:00:00+00:00,4465.99,4493.88,4465.99,4486.04,58328.329895
2025-10-05T00:00:00+00:00,4486.04,4572.56,4465.8,4529.24,223411.096117
2025-10-05T04:00:00+00:00,4529.24,4613.53,4526.13,4604.43,295696.553339
2025-10-05T08:00:00+00:00,4604.43,4617,4522.1,4550.17,262912.012086
2025-10-05T12:00:00+00:00,4550.17,4550.18,4525.73,4531.54,100377.908774
2025-10-05T16:00:00+00:00,4531.54,4540.23,4480.7,4485.76,223109.21053
2025-10-05T20:00:00+00:00,4485.76,4522.22,4472.44,4513.37,84287.097188
2025-10-06T00:00:00+00:00,4513.37,4552.55,4485.32,4535.9,170390.649156
2025-10-06T04:00:00+00:00,4535.9,4576.72,4507.95,4531.68,156536.73569
2025-10-06T08:00:00+00:00,4531.68,4592.12,4531.55,4569.42,122812.060999
2025-10-06T12:00:00+00:00,4569.42,4691.36,4568,4670.26,371753.357961
2025-10-06T16:00:00+00:00,4670.26,4732.01,4657.14,4720.45,238260.688318
2025-10-06T20:00:00+00:00,4720.45,4733.79,4668.29,4681.41,110846.142969
2025-10-07T00:00:00+00:00,4681.41,4696.91,4661.26,4688.78,69087.68891
2025-10-07T04:00:00+00:00,4688.78,4729.99,4663.93,4677.47,192374.576782
2025-10-07T08:00:00+00:00,4677.47,4713,4637.27,4708.3,221134.794353
2025-10-07T12:00:00+00:00,4708.3,4754.7,4475.55,4511.1,799245.484481
2025-10-07T16:00:00+00:00,4511.1,4522.69,4445,4478.46,425014.050613
2025-10-07T20:00:00+00:00,4478.46,4516.33,4428.47,4446.37,181315.16915
2025-10-08T00:00:00+00:00,4446.37,4497.73,4432.73,4443.6,163038.242439
2025-10-08T04:00:00+00:00,4443.6,4465.33,4410.39,4462.4,163990.375431
2025-10-08T08:00:00+00:00,4462.4,4505.72,4457.22,4486.48,153126.769148
2025-10-08T12:00:00+00:00,4486.48,4521.31,4435,4445,299810.549509
2025-10-08T16:00:00+00:00,4445,4556.24,4436.9,4513.18,348418.108433
2025-10-08T20:00:00+00:00,4513.18,4537,4497.39,4523.93,91827.576707
2025-10-09T00:00:00+00:00,4523.93,4529.78,4401,4449.8,255730.176694
2025-10-09T04:00:00+00:00,4449.8,4459.78,4409.58,4424.9,132776.345126
2025-10-09T08:00:00+00:00,4424.9,4425.79,4317.99,4371.13,409253.172483
2025-10-09T12:00:00+00:00,4371.13,4411.44,4289.5,4313.1,428288.721959
2025-10-09T16:00:00+00:00,4313.1,4343.88,4263.47,4337.2,304316.634714
2025-10-09T20:00:00+00:00,4337.2,4382.33,4326.31,4366.61,126237.136822
2025-10-10T00:00:00+00:00,4366.61,4391.83,4340.6,4344.57,135757.81955
2025-10-10T04:00:00+00:00,4344.57,4375.69,4312.51,4321.14,167769.596913
2025-10-10T08:00:00+00:00,4321.14,4349.51,4310.65,4341.58,114279.610252
2025-10-10T12:00:00+00:00,4341.58,4388.67,4068.74,4100.97,779117.404854
2025-10-10T16:00:00+00:00,4100.97,4136.01,3948.47,3995,606989.432808
2025-10-10T20:00:00+00:00,3995,4022.67,3405.79,3821.05,2846006.279166
2025-10-11T00:00:00+00:00,3821.05,3874.11,3724.4,3791.13,332935.114194
2025-10-11T04:00:00+00:00,3791.13,3831.45,3731.11,3757.16,254249.485372
2025-10-11T08:00:00+00:00,3757.16,3855.19,3747.22,3837.99,226412.315761
2025-10-11T12:00:00+00:00,3837.99,3853.29,3780.82,3822.9,255913.078853
2025-10-11T16:00:00+00:00,3822.9,3844.78,3726.3,3757.77,231137.549286
2025-10-11T20:00:00+00:00,3757.77,3764.23,3638.5,3743.69,441960.480789
2025-10-12T00:00:00+00:00,3743.69,3815.84,3691.3,3777.9,280391.629113
2025-10-12T04:00:00+00:00,3777.9,3839.99,3771.75,3821.37,171290.23338
2025-10-12T08:00:00+00:00,3821.37,3862.3,3799.41,3816.21,226228.918474
2025-10-12T12:00:00+00:00,3816.21,4076.29,3788.94,4029.89,763848.635818
2025-10-12T16:00:00+00:00,4029.89,4167.59,4029.89,4130.65,465947.293897
2025-10-12T20:00:00+00:00,4130.65,4194.32,4076.1,4148.21,392242.534452
2025-10-13T00:00:00+00:00,4148.21,4217,4120.54,4136.58,189381.320872
2025-10-13T04:00:00+00:00,4136.58,4195.9,4112.63,4176.19,184493.18563
2025-10-13T08:00:00+00:00,4176.19,4193.01,4037.46,4078.61,261932.508787
2025-10-13T12:00:00+00:00,4078.61,4179.97,4054.49,4132.63,507914.434047
2025-10-13T16:00:00+00:00,4132.63,4269.26,4125.85,4249.15,370078.259636
2025-10-13T20:00:00+00:00,4249.15,4289.22,4233.42,4238.7,141138.820769
2025-10-14T00:00:00+00:00,4238.7,4261.36,4134.33,4151.51,210618.091656
2025-10-14T04:00:00+00:00,4151.51,4158.98,3963.72,3979.75,414777.412986
2025-10-14T08:00:00+00:00,3979.75,4012.93,3887.08,3969.53,409841.461768
2025-10-14T12:00:00+00:00,3969.53,4086.63,3893.64,4083.49,646519.657367
2025-10-14T16:00:00+00:00,4083.49,4162.25,4045.7,4100.98,684824.219546
2025-10-14T20:00:00+00:00,4100.98,4143.17,4071.75,4122.48,210416.89184
2025-10-15T00:00:00+00:00,4122.48,4144.31,4056.54,4079.7,221164.649279
2025-10-15T04:00:00+00:00,4079.7,4127.72,4070.56,4120.14,198564.393513
2025-10-15T08:00:00+00:00,4120.14,4215.45,4084.43,4098.17,368230.98752
2025-10-15T12:00:00+00:00,4098.17,4105.56,3956.8,3979.08,490359.976141
2025-10-15T16:00:00+00:00,3979.08,4011.78,3927.01,3980.91,324524.407283
2025-10-15T20:00:00+00:00,3980.91,3994.91,3925,3984,227071.55703
2025-10-16T00:00:00+00:00,3984,4035.3,3973.76,4012.88,118536.06179
2025-10-16T04:00:00+00:00,4012.88,4048.3,3977.03,4001.39,216865.433994
2025-10-16T08:00:00+00:00,4001.39,4077.27,3937.82,4060.09,336448.795542
2025-10-16T12:00:00+00:00,4060.09,4084.2,3890.01,3905.23,460764.597531
2025-10-16T16:00:00+00:00,3905.23,3966,3849,3865.67,473944.968964
2025-10-16T20:00:00+00:00,3865.67,3896.67,3824,3892.57,186830.28846
2025-10-17T00:00:00+00:00,3892.57,3948.82,3886.6,3930.68,156356.587696
2025-10-17T04:00:00+00:00,3930.68,3934.1,3751,3754.44,356690.676409
2025-10-17T08:00:00+00:00,3754.44,3816.4,3672.05,3776.64,545475.475268
2025-10-17T16:00:00+00:00,3795.83,3849.13,3775.68,3825,261618.24
2025-10-17T20:00:00+00:00,3825,3881.58,3816.66,3829.68,124141.92
2025-10-18T00:00:00+00:00,3829.68,3880,3816.84,3868.21,104447.775
2025-10-18T04:00:00+00:00,3868.21,3925.98,3839.28,3890.4,168409.065
2025-10-18T08:00:00+00:00,3890.4,3903.25,3860.4,3881.31,71337.27
2025-10-18T12:00:00+00:00,3881.31,3892.28,3847.1,3876.17,66195.9
2025-10-18T16:00:00+00:00,3876.17,3897.5,3851.86,3892.38,43910.98
2025-10-18T20:00:00+00:00,3892.38,3908.43,3867.26,3886.88,48600.6
2025-10-19T00:00:00+00:00,3886.88,3905,3854.29,3903.97,48188.15
2025-10-19T04:00:00+00:00,3903.97,3919.35,3872.18,3886.7,51574.7
2025-10-19T08:00:00+00:00,3886.7,3957.02,3825.22,3922.18,297245.89
2025-10-19T12:00:00+00:00,3922.18,4000.63,3906.68,3977.2,149674.1
2025-10-19T16:00:00+00:00,3977.2,4025,3956.84,3983.2,134142.09
2025-10-19T20:00:00+00:00,3983.2,4028.88,3967.16,3980.24,84864.85
2025-10-20T00:00:00+00:00,3980.24,4038.4,3906.2,4025.39,166061.58
2025-10-20T04:00:00+00:00,4025.39,4083.53,4020.79,4052.16,116525.36
2025-10-20T08:00:00+00:00,4052.16,4069.78,4010,4033.41,109678.25
2025-10-20T12:00:00+00:00,4033.41,4048.85,4001.17,4003.1,112874.9
2025-10-20T16:00:00+00:00,4003.1,4003.1,3921,3979.26,216753.08
2025-10-20T20:00:00+00:00,3979.26,4001.93,3969,3977.71,49227.9
2025-10-21T00:00:00+00:00,3977.71,3984.9,3916.28,3921.38,91722.45
2025-10-21T04:00:00+00:00,3921.38,3921.38,3838.59,3890.59,161527.24
2025-10-21T08:00:00+00:00,3890.59,3896.74,3849.71,3888.79,97158.92
2025-10-21T12:00:00+00:00,3888.79,4083.61,3851.11,4079.85,440642.67
2025-10-21T16:00:00+00:00,4079.85,4108.31,3963,3994.19,316695.26
2025-10-21T20:00:00+00:00,3994.19,3999,3855.55,3871.4,199221.74
2025-10-22T00:00:00+00:00,3871.4,3888.08,3818.27,3858.54,107042.2
2025-10-22T04:00:00+00:00,3858.54,3883.33,3835.6,3866.7,93791.63
2025-10-22T08:00:00+00:00,3866.7,3866.89,3767.75,3828.01,260737.13
2025-10-22T12:00:00+00:00,3828.01,3876.38,3777.01,3838.86,434767.38
2025-10-22T16:00:00+00:00,3838.86,3860,3782.31,3802.59,209008.58
2025-10-22T20:00:00+00:00,3802.59,3815.61,3707.24,3803.8,348970.4
2025-10-23T00:00:00+00:00,3803.8,3834.35,3794.1,3825.43,95794.85
2025-10-23T04:00:00+00:00,3825.43,3896.56,3820.99,3879.06,97152.39
2025-10-23T08:00:00+00:00,3879.06,3903.36,3856.49,3861.15,107123.88
2025-10-23T12:00:00+00:00,3861.15,3885.68,3806.37,3875.16,203501.74
2025-10-23T16:00:00+00:00,3875.16,3934,3843,3857.8,208725.57
2025-10-23T20:00:00+00:00,3857.8,3858.7,3816.87,3854.9,117086.6
2025-10-24T00:00:00+00:00,3854.9,3894.08,3843.56,3888.99,83050.7
2025-10-24T04:00:00+00:00,3888.99,3986.78,3883.55,3946.71,188212.2
2025-10-24T08:00:00+00:00,3946.71,3967.57,3923.01,3944,104902.26
2025-10-24T12:00:00+00:00,3944,4026.17,3870,3886.95,421892.1
2025-10-24T16:00:00+00:00,3886.95,3936.6,3864.01,3924.18,183950.02
2025-10-24T20:00:00+00:00,3924.18,3943.5,3921.88,3932.79,45687.52
2025-10-25T00:00:00+00:00,3932.79,3937.2,3908.87,3919.33,45501.6
2025-10-25T04:00:00+00:00,3919.33,3958,3918.78,3927.13,89947.33
2025-10-25T08:00:00+00:00,3927.13,3955,3925.6,3938.3,78300.95
2025-10-25T12:00:00+00:00,3938.3,3954.89,3921.65,3931.47,61307.63
2025-10-25T16:00:00+00:00,3931.47,3967.43,3926.47,3955.9,69352.97
2025-10-25T20:00:00+00:00,3955.9,3962.89,3932.4,3951.91,39672.31
2025-10-26T00:00:00+00:00,3951.91,3959.98,3917.4,3930.35,54422.46
2025-10-26T04:00:00+00:00,3930.35,3955,3927.35,3949.89,19701.71
2025-10-26T08:00:00+00:00,3949.89,4054,3948.71,4043,217973.97
2025-10-26T12:00:00+00:00,4043,4097.65,4039,4072.69,204763.13
2025-10-26T16:00:00+00:00,4072.69,4078.26,4043.53,4065.79,68199.29
2025-10-26T20:00:00+00:00,4065.79,4178.04,4052.09,4156.91,212549.55
2025-10-27T00:00:00+00:00,4156.91,4223.1,4147.21,4201.55,137358.01
2025-10-27T04:00:00+00:00,4201.55,4251.56,4191.35,4198.7,148065.92
2025-10-27T08:00:00+00:00,4198.7,4198.89,4131.25,4160.54,162632.57
2025-10-27T12:00:00+00:00,4160.54,4187.34,4122.35,4171.69,183314.62
2025-10-27T16:00:00+00:00,4171.69,4231.99,4171.4,4191.58,124229.12
2025-10-27T20:00:00+00:00,4191.58,4193.57,4092.85,4118.17,156069.2
2025-10-28T00:00:00+00:00,4118.17,4140.59,4066.29,4092.99,121659.25
2025-10-28T04:00:00+00:00,4092.99,4126.44,4064.85,4115.7,80393.46
2025-10-28T08:00:00+00:00,4115.7,4135,4102.9,4111.5,70195.71
2025-10-28T12:00:00+00:00,4111.5,4174.11,4068.63,4095.62,265592.38
2025-10-28T16:00:00+00:00,4095.62,4149.14,4025,4037.99,193816.22
2025-10-28T20:00:00+00:00,4037.99,4040.81,3929.85,3978.33,223575.85
2025-10-29T00:00:00+00:00,3978.33,4007.77,3962.7,3996.48,77380.98
2025-10-29T04:00:00+00:00,3996.48,4035,3994.26,4022.78,79360.51
2025-10-29T08:00:00+00:00,4022.78,4024.82,3981.13,4009.58,81723.53
2025-10-29T12:00:00+00:00,4009.58,4028.04,3938.38,3950.51,194623.77
2025-10-29T16:00:00+00:00,3950.51,4017.59,3836.67,3902,813713.86
2025-10-29T20:00:00+00:00,3902,3962.33,3871.83,3900.8,103476.8
2025-10-30T00:00:00+00:00,3900.8,3947.31,3883,3932.56,61105.5
2025-10-30T04:00:00+00:00,3932.56,3943,3837.5,3938.15,191270.65
2025-10-30T08:00:00+00:00,3938.15,3938.16,3874.6,3879.27,80248.09
2025-10-30T12:00:00+00:00,3879.27,3882.99,3756.31,3772.17,350140.73
2025-10-30T16:00:00+00:00,3772.17,3800.96,3676.84,3685,281510.89
2025-10-30T20:00:00+00:00,3685,3804.88,3677.83,3802.6,144478.01
2025-10-31T00:00:00+00:00,3802.6,3858.55,3794.12,3827,118775.36
2025-10-31T04:00:00+00:00,3827,3871.23,3818.62,3828.91,114939.99
2025-10-31T08:00:00+00:00,3828.91,3881.12,3815.83,3870.79,88457.2
2025-10-31T12:00:00+00:00,3870.79,3885,3828.81,3858.14,181810.12
2025-10-31T16:00:00+00:00,3858.14,3904.29,3802.71,3884.2,258079.59
2025-10-31T20:00:00+00:00,3884.2,3891,3838.41,3846.33,57054.87
2025-11-01T00:00:00+00:00,3846.33,3862.87,3828.24,3859.79,44472.72
2025-11-01T04:00:00+00:00,3859.79,3867.86,3851.09,3858.51,35686.31
2025-11-01T08:00:00+00:00,3858.51,3881.97,3858.33,3875.51,44175.79
2025-11-01T12:00:00+00:00,3875.51,3901.27,3855,3892.62,63957.04
2025-11-01T16:00:00+00:00,3892.62,3907.33,3860.1,3878.34,63035.13
2025-11-01T20:00:00+00:00,3878.34,3889.86,3861.62,3871.88,31148.16
2025-11-02T00:00:00+00:00,3871.88,3885.47,3860.1,3878.74,23610.2
2025-11-02T04:00:00+00:00,3878.74,3916.44,3874.3,3904.07,64887.73
2025-11-02T08:00:00+00:00,3904.07,3909.09,3852.36,3888.66,108037.3
2025-11-02T12:00:00+00:00,3888.66,3892.35,3837.23,3852.33,116132.55
2025-11-02T16:00:00+00:00,3852.33,3866.6,3838.88,3855.18,58982.57
2025-11-02T20:00:00+00:00,3855.18,3915,3844,3905.21,89314.32
2025-11-03T00:00:00+00:00,3905.21,3913.11,3725.53,3734.8,262590.38
2025-11-03T04:00:00+00:00,3734.8,3764,3681.1,3713.49,188989.01
2025-11-03T08:00:00+00:00,3713.49,3740,3661.61,3710.04,232880.64
2025-11-03T12:00:00+00:00,3710.04,3746.59,3580.2,3587.58,497381.14
2025-11-03T16:00:00+00:00,3587.58,3681.11,3561.49,3629.55,256451.42
2025-11-03T20:00:00+00:00,3629.55,3635.27,3556.36,3602.02,211716.19
2025-11-04T00:00:00+00:00,3602.02,3652.55,3565.43,3640.15,150350.15
2025-11-04T04:00:00+00:00,3640.15,3646.04,3471.32,3492.31,589226.44
2025-11-04T08:00:00+00:00,3492.31,3532.58,3458.15,3526.91,258128.5
2025-11-04T12:00:00+00:00,3526.91,3585.85,3470.55,3505.65,343463.85
2025-11-04T16:00:00+00:00,3505.65,3518.88,3224.14,3229.18,732115.69
2025-11-04T20:00:00+00:00,3229.18,3303.72,3056.36,3284.97,1121729.99
2025-11-05T00:00:00+00:00,3284.97,3346.81,3164.62,3332.67,335138.53
2025-11-05T04:00:00+00:00,3332.67,3352.46,3301,3328.37,139639.17
2025-11-05T08:00:00+00:00,3328.37,3328.38,3273,3321.08,159444.68
2025-11-05T12:00:00+00:00,3321.08,3396,3310.93,3395,249207.27
2025-11-05T16:00:00+00:00,3395,3477.23,3367.59,3452.67,218941.6
2025-11-05T20:00:00+00:00,3452.67,3478.85,3412,3422.13,114186.94
2025-11-06T00:00:00+00:00,3422.13,3448.75,3372.26,3430.99,117435.78
2025-11-06T04:00:00+00:00,3430.99,3454.64,3362.79,3378.76,132859.89
2025-11-06T08:00:00+00:00,3378.76,3413.28,3365,3397.97,103462.45
2025-11-06T12:00:00+00:00,3397.97,3403.68,3276.69,3299.01,364552.49
2025-11-06T16:00:00+00:00,3299.01,3351.19,3244,3323.87,240059.18
2025-11-06T20:00:00+00:00,3323.87,3335.44,3285.5,3313.93,97870.14
2025-11-07T00:00:00+00:00,3313.93,3364.06,3273.57,3343.3,130328.76
2025-11-07T04:00:00+00:00,3343.3,3369.42,3317.81,3356.13,78547.05
2025-11-07T08:00:00+00:00,3356.13,3358.82,3223.42,3257.99,163579.5
2025-11-07T12:00:00+00:00,3257.99,3316.66,3192.04,3295.26,312015.78
2025-11-07T16:00:00+00:00,3295.26,3448.35,3271.9,3441.42,255658.27
2025-11-07T20:00:00+00:00,3441.42,3470.96,3427.44,3433.94,114315.4
2025-11-08T00:00:00+00:00,3433.94,3465.96,3405.15,3451.87,87049.73
2025-11-08T04:00:00+00:00,3451.87,3486.07,3417,3446.57,141423.45
2025-11-08T08:00:00+00:00,3446.57,3469,3405.36,3411.81,99057.32
2025-11-08T12:00:00+00:00,3411.81,3416.93,3368.69,3375.29,122231.71
2025-11-08T16:00:00+00:00,3375.29,3406.25,3353.46,3387.38,134671.42
2025-11-08T20:00:00+00:00,3387.38,3414.73,3378.58,3399.99,46035.03
2025-11-09T00:00:00+00:00,3399.99,3402.51,3356.67,3374.39,63859.96
2025-11-09T04:00:00+00:00,3374.39,3426.6,3367.85,3420.84,68738.73
2025-11-09T08:00:00+00:00,3420.84,3433.71,3380.05,3427.03,106867.12
2025-11-09T12:00:00+00:00,3427.03,3562.25,3423.17,3513.34,295746.18
2025-11-09T16:00:00+00:00,3513.34,3578.42,3498.76,3578.41,102666.05
2025-11-09T20:00:00+00:00,3578.41,3621,3560.04,3581.04,134031.4
2025-11-10T00:00:00+00:00,3581.04,3656.36,3550.76,3625.22,172362.16
2025-11-10T04:00:00+00:00,3625.22,3629.68,3587.05,3607.64,73990.25
2025-11-10T08:00:00+00:00,3607.64,3629.42,3584.25,3608.83,77565.92
2025-11-10T12:00:00+00:00,3608.83,3620.98,3506.3,3517.88,232983.84
2025-11-10T16:00:00+00:00,3517.88,3574.94,3504.88,3557.16,102427.14
2025-11-10T20:00:00+00:00,3557.16,3582.36,3526.48,3566.17,70706.4
2025-11-11T00:00:00+00:00,3566.17,3646.88,3550.46,3604.44,146031.14
2025-11-11T04:00:00+00:00,3604.44,3609,3529.22,3542.76,97042.09
2025-11-11T08:00:00+00:00,3542.76,3585,3541.21,3571.92,74570.41
2025-11-11T12:00:00+00:00,3571.92,3592,3466.35,3480.24,239006.25
2025-11-11T16:00:00+00:00,3480.24,3499.94,3444.36,3457.62,122549.34
2025-11-11T20:00:00+00:00,3457.62,3462.8,3405.04,3417.35,130142.34
2025-11-12T00:00:00+00:00,3417.35,3455.85,3409.18,3438.99,85927.45
2025-11-12T04:00:00+00:00,3438.99,3457.24,3424,3428.24,42043.23
2025-11-12T08:00:00+00:00,3428.24,3569.6,3427.95,3548.55,166205.02
2025-11-12T12:00:00+00:00,3548.55,3588.2,3416.76,3426.4,308394.14
2025-11-12T16:00:00+00:00,3426.4,3453.96,3369.42,3406.3,278308.52
2025-11-12T20:00:00+00:00,3406.3,3438.92,3390.06,3413.78,83980.93
2025-11-13T00:00:00+00:00,3413.78,3472.91,3375.58,3452.29,144617.56
2025-11-13T04:00:00+00:00,3452.29,3564.56,3432.86,3536.55,202051.2
2025-11-13T08:00:00+00:00,3536.55,3548.56,3476.12,3500.47,131641.66
2025-11-13T12:00:00+00:00,3500.47,3510.9,3365,3385.45,329528.62
2025-11-13T16:00:00+00:00,3385.45,3397.87,3174.49,3197.35,443235.33
2025-11-13T20:00:00+00:00,3197.35,3272.47,3153,3231.1,219997.78
2025-11-14T00:00:00+00:00,3231.1,3251.22,3185.26,3227.64,141352.25
2025-11-14T04:00:00+00:00,3227.64,3239.94,3105.84,3214.36,397758.35
2025-11-14T08:00:00+00:00,3214.36,3218.71,3115.63,3143.87,223506.72
2025-11-14T12:00:00+00:00,3143.87,3234,3068.48,3196.07,517915.71
2025-11-14T16:00:00+00:00,3196.07,3256.66,3153.28,3206.45,249015.87
2025-11-14T20:00:00+00:00,3206.45,3212,3088.34,3112.36,230063.77
2025-11-15T00:00:00+00:00,3112.36,3193.61,3110.02,3178.18,117081.5
2025-11-15T04:00:00+00:00,3178.18,3191.19,3156.46,3175.45,46560.77
2025-11-15T08:00:00+00:00,3175.45,3177,3133.08,3152.43,94868.81
2025-11-15T12:00:00+00:00,3152.43,3197.57,3147,3185.25,89186.53
2025-11-15T16:00:00+00:00,3185.25,3230.57,3162.43,3197.63,137867.59
2025-11-15T20:00:00+00:00,3197.63,3200.57,3152,3167.32,85276.55
2025-11-16T00:00:00+00:00,3167.32,3209.99,3131.59,3202.36,125047.42
2025-11-16T04:00:00+00:00,3202.36,3220.99,3185.71,3218.95,76091.86
2025-11-16T08:00:00+00:00,3218.95,3249.2,3159.5,3168.32,159126.37
2025-11-16T12:00:00+00:00,3168.32,3182.63,3097.94,3105.22,203129.27
2025-11-16T16:00:00+00:00,3105.22,3128.9,3025.15,3090.08,539954.49
2025-11-16T20:00:00+00:00,3090.08,3117,3002.36,3094.01,236533.96
2025-11-17T00:00:00+00:00,3094.01,3179,3067.92,3174.76,237375.56
2025-11-17T04:00:00+00:00,3174.76,3207.1,3164.1,3196.84,112783.09
2025-11-17T08:00:00+00:00,3196.84,3221.58,3177.06,3201.95,110868.16
2025-11-17T12:00:00+00:00,3201.95,3211.11,3093.34,3120.01,391452.49
2025-11-17T16:00:00+00:00,3120.01,3142.99,2971.87,2981.1,415478.57
2025-11-17T20:00:00+00:00,2981.1,3031.31,2958.32,3030.64,182246.58
2025-11-18T00:00:00+00:00,3030.64,3049.71,2944.74,3023.31,301650.29
2025-11-18T04:00:00+00:00,3023.31,3033.79,2957.67,3023,175453.49
2025-11-18T08:00:00+00:00,3023,3073.02,3023,3056.25,155627.95
2025-11-18T12:00:00+00:00,3056.25,3122.8,3019.95,3105.26,279296.34
2025-11-18T16:00:00+00:00,3105.26,3168.86,3097.8,3144.51,201842.96
2025-11-18T20:00:00+00:00,3144.51,3148.98,3095.4,3122.79,90236.28
2025-11-19T00:00:00+00:00,3122.79,3125.92,3069.03,3072.73,126391.07
2025-11-19T04:00:00+00:00,3072.73,3087.36,2991.42,3084.58,213359.07
2025-11-19T08:00:00+00:00,3084.58,3113.23,3053.33,3083.31,164080.85
2025-11-19T12:00:00+00:00,3083.31,3108.64,2966.66,2972.78,349124.42
2025-11-19T16:00:00+00:00,2972.78,2986.97,2873.14,2881.86,388469.76
2025-11-19T20:00:00+00:00,2881.86,3027,2875,3024.34,260609.47
2025-11-20T04:00:00+00:00,3037.43,3062,3005.83,3037.86,126371.29
2025-11-20T08:00:00+00:00,3037.86,3043.71,2992.57,3022.22,109116.8
2025-11-20T12:00:00+00:00,3022.22,3048.46,2951.21,2954.61,390193.72
2025-11-20T16:00:00+00:00,2954.61,2960.8,2787.68,2847.08,595145.91
2025-11-20T20:00:00+00:00,2847.08,2904.95,2818.43,2832.86,161626.46
2025-11-21T00:00:00+00:00,2832.86,2886.13,2771.66,2807.71,239727.32
2025-11-21T04:00:00+00:00,2807.71,2831.72,2647.54,2718.66,532789.47
2025-11-21T08:00:00+00:00,2718.66,2753.72,2662.12,2687.46,297936.91
2025-11-21T12:00:00+00:00,2687.46,2779.96,2621.65,2704.01,654035.35
2025-11-21T16:00:00+00:00,2704.01,2805.72,2673.21,2751.15,392618.04
2025-11-21T20:00:00+00:00,2751.15,2774.65,2706.63,2764.72,170934.02
2025-11-22T00:00:00+00:00,2764.72,2782.76,2738.03,2751.37,67845.43
2025-11-22T04:00:00+00:00,2751.37,2769.63,2725.37,2755.14,63994.6
2025-11-22T08:00:00+00:00,2755.14,2755.3,2703.22,2733.83,128435.3
2025-11-22T12:00:00+00:00,2733.83,2753.64,2710.03,2737.89,94544.92
2025-11-22T16:00:00+00:00,2737.89,2757.8,2733.97,2749.23,65625.39
2025-11-22T20:00:00+00:00,2749.23,2798.07,2732.32,2768.86,73511.65
2025-11-23T00:00:00+00:00,2768.86,2833,2766.81,2823.06,104970.98
2025-11-23T04:00:00+00:00,2823.06,2851.19,2775.13,2792.06,169177.8
2025-11-23T08:00:00+00:00,2792.06,2822.63,2792.05,2814.32,88677.23
2025-11-23T12:00:00+00:00,2814.32,2857.68,2808.43,2834.89,151072.34
2025-11-23T16:00:00+00:00,2834.89,2845.79,2785.2,2821.68,145190.19
2025-11-23T20:00:00+00:00,2821.68,2844.26,2793.09,2800.43,95752.11
2025-11-24T00:00:00+00:00,2800.43,2865.74,2761.35,2855.39,226675.53
2025-11-24T04:00:00+00:00,2855.39,2886.11,2801.61,2828.82,248563.57
2025-11-24T08:00:00+00:00,2828.82,2842.47,2786.83,2802.45,166573.95
2025-11-24T12:00:00+00:00,2802.45,2859,2783.32,2844.95,281359.04
2025-11-24T16:00:00+00:00,2844.95,2978.65,2841.12,2957.98,306419.74
2025-11-24T20:00:00+00:00,2957.98,2986.32,2946.54,2951.91,88030.19
2025-11-25T00:00:00+00:00,2951.91,2951.92,2903.16,2910.35,137441.55
2025-11-25T04:00:00+00:00,2910.35,2941.8,2900.53,2901.51,85533.52
2025-11-25T08:00:00+00:00,2901.51,2908.32,2864,2890.3,126460.53
2025-11-25T12:00:00+00:00,2890.3,2933.83,2855.23,2894.28,265993.54
2025-11-25T16:00:00+00:00,2894.28,2957.74,2870.5,2921.18,210364.39
2025-11-25T20:00:00+00:00,2921.18,2978.92,2905.4,2958.22,150332.45
2025-11-26T00:00:00+00:00,2958.22,2982.86,2919.59,2925.53,86708.95
2025-11-26T04:00:00+00:00,2925.53,2953.5,2919.06,2943.14,69149.22
2025-11-26T08:00:00+00:00,2943.14,2947.96,2900.36,2912.81,100266.55
2025-11-26T12:00:00+00:00,2912.81,2946.53,2887.14,2926.63,215843.86
2025-11-26T16:00:00+00:00,2926.63,3044.18,2925.22,3030.69,234229.87
2025-11-26T20:00:00+00:00,3030.69,3034.36,3006.6,3024.74,78469.32
2025-11-27T00:00:00+00:00,3024.74,3069.94,3003,3032.11,183293.4
2025-11-27T04:00:00+00:00,3032.11,3052.62,3016.06,3032.08,61005.27
2025-11-27T08:00:00+00:00,3032.08,3044,3016.06,3026.84,59226.11
2025-11-27T12:00:00+00:00,3026.84,3028.87,2984.63,3010.06,133034.05
2025-11-27T16:00:00+00:00,3010.06,3038.44,3003.32,3030.82,72279.4
2025-11-27T20:00:00+00:00,3030.82,3043,3001.9,3013.99,56605.04
2025-11-28T00:00:00+00:00,3013.99,3023.06,2992.74,3007.78,76234.05
2025-11-28T04:00:00+00:00,3007.78,3028.56,2999.24,3000.79,65181.21
2025-11-28T08:00:00+00:00,3000.79,3076.35,3000.41,3032.69,162823.82
2025-11-28T12:00:00+00:00,3032.69,3098.55,3025.1,3072.22,227476.17
2025-11-28T16:00:00+00:00,3072.22,3072.98,3010.16,3049.08,150333.58
2025-11-28T20:00:00+00:00,3049.08,3058,3018.29,3029.62,59117.87
2025-11-29T00:00:00+00:00,3029.62,3051,3015.49,3020.97,72150.36
2025-11-29T04:00:00+00:00,3020.97,3043.44,2991.3,3003.45,112696
2025-11-29T08:00:00+00:00,3003.45,3009.99,2984.29,2999.4,66817.64
2025-11-29T12:00:00+00:00,2999.4,3013.63,2985.5,3006.49,72963.43
2025-11-29T16:00:00+00:00,3006.49,3010.75,2960.74,2987.14,131424.32
2025-11-29T20:00:00+00:00,2987.14,2997.7,2980.7,2987.86,32971.58
2025-11-30T00:00:00+00:00,2987.86,3011.77,2974.05,3000.33,96445.08
2025-11-30T04:00:00+00:00,3000.33,3009,2984.58,3004.61,53645.91
2025-11-30T08:00:00+00:00,3004.61,3018.29,2997.9,3001.86,68072.84
2025-11-30T12:00:00+00:00,3001.86,3051.8,2998.5,3027.66,111137.13
2025-11-30T16:00:00+00:00,3027.66,3047.99,3026.94,3033.11,43084.32
2025-11-30T20:00:00+00:00,3033.11,3039.7,2988.1,2990,72262.05
2025-12-01T00:00:00+00:00,2990,2998.3,2812.05,2824.92,432870.66
2025-12-01T04:00:00+00:00,2824.92,2843.3,2805.53,2838.89,117896.18
2025-12-01T08:00:00+00:00,2838.89,2852.35,2827.54,2836.39,95219.14
2025-12-01T12:00:00+00:00,2836.39,2839.17,2718.03,2745.07,447526.67
2025-12-01T16:00:00+00:00,2745.07,2758.16,2718.69,2740,227761.36
2025-12-01T20:00:00+00:00,2740,2818,2738.98,2797.37,181114.45
2025-12-02T00:00:00+00:00,2797.37,2823.67,2781.09,2802.94,98167.88
2025-12-02T04:00:00+00:00,2802.94,2814.62,2795.66,2804.06,40420.63
2025-12-02T08:00:00+00:00,2804.06,2833.35,2779.94,2824.36,101322.33
2025-12-02T12:00:00+00:00,2824.36,3024,2815,3005.12,410065.53
2025-12-02T16:00:00+00:00,3005.12,3033,2985.29,3014.99,195360.48
2025-12-02T20:00:00+00:00,3014.99,3020.49,2970.75,2994.31,101518.37
2025-12-03T00:00:00+00:00,2994.31,3046.99,2984,3029.17,112265.94
2025-12-03T04:00:00+00:00,3029.17,3085,3028,3056.23,138590.09
2025-12-03T08:00:00+00:00,3056.23,3078.91,3042.52,3071.99,98949.3
2025-12-03T12:00:00+00:00,3071.99,3146.88,3029.01,3084.89,391783.28
2025-12-03T16:00:00+00:00,3084.89,3141.79,3063,3126.54,156020.55
2025-12-03T20:00:00+00:00,3126.54,3213.79,3116.12,3186.55,246128.81
2025-12-04T00:00:00+00:00,3186.55,3238.91,3172.4,3208.69,138455.55
2025-12-04T04:00:00+00:00,3208.69,3218.5,3168.39,3189.2,139075.54
2025-12-04T08:00:00+00:00,3189.2,3209.58,3173.56,3184.99,105373.71
2025-12-04T12:00:00+00:00,3184.99,3224,3136.77,3206.4,334279.07
2025-12-04T16:00:00+00:00,3206.4,3224.6,3064.58,3117.89,266800.5
2025-12-04T20:00:00+00:00,3117.89,3150.69,3104.01,3132.35,92169.73
2025-12-05T00:00:00+00:00,3132.35,3192.85,3131.74,3169.86,100116.07
2025-12-05T04:00:00+00:00,3169.86,3181,3150.5,3171.92,105144.76
2025-12-05T08:00:00+00:00,3171.92,3172,3106.16,3129.92,221559.13
2025-12-05T12:00:00+00:00,3129.92,3157.07,3081.19,3104.64,358946.01
2025-12-05T16:00:00+00:00,3104.64,3106.94,2981.12,3037.56,573945.49
2025-12-05T20:00:00+00:00,3037.56,3049.12,3005.14,3020.35,112342.85
2025-12-06T00:00:00+00:00,3020.35,3044.83,3010.92,3038.74,62662.06
2025-12-06T04:00:00+00:00,3038.74,3041.21,3023.08,3024.95,28185.63
2025-12-06T08:00:00+00:00,3024.95,3040.24,3011.08,3036.96,70124.25
2025-12-06T12:00:00+00:00,3036.96,3067.57,3024.78,3040.27,112617.32
2025-12-06T16:00:00+00:00,3040.27,3066,3024.11,3029.54,62160.07
2025-12-06T20:00:00+00:00,3029.54,3053.38,3025.15,3037.01,39621.11
2025-12-07T00:00:00+00:00,3037.01,3056.24,3031.58,3052.64,28033.96
2025-12-07T04:00:00+00:00,3052.64,3057.25,3029.63,3036.68,35915.86
2025-12-07T08:00:00+00:00,3036.68,3043.5,3023.36,3035.01,59636.38
2025-12-07T12:00:00+00:00,3035.01,3052.84,2911.62,3025.19,497118.32
2025-12-07T16:00:00+00:00,3025.19,3150,2998.19,3137,321462.13
2025-12-07T20:00:00+00:00,3137,3146.48,3011.25,3058.15,180332.38
2025-12-08T00:00:00+00:00,3058.15,3133.63,3038.4,3109.72,158292.12
2025-12-08T04:00:00+00:00,3109.72,3139.81,3107,3132.54,75564.64
2025-12-08T08:00:00+00:00,3132.54,3179,3123.32,3140.19,157367.17
2025-12-08T12:00:00+00:00,3140.19,3178.68,3086.87,3100.13,345548.84
2025-12-08T16:00:00+00:00,3100.13,3132.26,3073.91,3117.75,197145.4
2025-12-08T20:00:00+00:00,3117.75,3153,3111.13,3122.57,81996.82
2025-12-09T00:00:00+00:00,3122.57,3142.58,3089,3127.76,136885.41
2025-12-09T04:00:00+00:00,3127.76,3129.57,3094,3121.47,103878.68
2025-12-09T08:00:00+00:00,3121.47,3129.59,3090.86,3117.05,81840.03
2025-12-09T12:00:00+00:00,3117.05,3255,3095.85,3243.99,400095.55
2025-12-09T16:00:00+00:00,3243.99,3397.21,3243.48,3356.32,440391.56
2025-12-09T20:00:00+00:00,3356.32,3359.65,3283.5,3316.36,173372.33
2025-12-10T00:00:00+00:00,3316.36,3326.96,3287,3308.52,96379.78
2025-12-10T04:00:00+00:00,3308.52,3334.43,3305.78,3325.37,92757.94
2025-12-10T08:00:00+00:00,3325.37,3374.85,3295.93,3317.05,183780.53
2025-12-10T12:00:00+00:00,3317.05,3338.67,3302.86,3327.18,211795.6
2025-12-10T16:00:00+00:00,3327.18,3435.51,3319.45,3389.13,374830.4
2025-12-10T20:00:00+00:00,3389.13,3446.73,3315.6,3322.75,204935.79
2025-12-11T00:00:00+00:00,3322.75,3326.11,3166.08,3191.24,278814.52
2025-12-11T04:00:00+00:00,3191.24,3215.24,3180,3201.12,100634.71
2025-12-11T08:00:00+00:00,3201.12,3213.35,3176.94,3192.94,87249.21
2025-12-11T12:00:00+00:00,3192.94,3209.95,3144.18,3178.9,233311.22
2025-12-11T16:00:00+00:00,3178.9,3234.08,3154.24,3193.44,262265.26
2025-12-11T20:00:00+00:00,3193.44,3271.83,3191.36,3236.12,191277.51
2025-12-12T00:00:00+00:00,3236.12,3264.22,3182.55,3243.73,147297.08
2025-12-12T04:00:00+00:00,3243.73,3263.5,3230.15,3244.82,75973.52
2025-12-12T08:00:00+00:00,3244.82,3254.91,3224.5,3240.88,83202.34
2025-12-12T12:00:00+00:00,3240.88,3249.99,3056,3070.12,390965.28
2025-12-12T16:00:00+00:00,3070.12,3098.59,3042.55,3072.26,254061.99
2025-12-12T20:00:00+00:00,3072.26,3094.99,3066.01,3083.31,46098.13
2025-12-13T00:00:00+00:00,3083.31,3094.08,3076.2,3088.36,30906.32
2025-12-13T04:00:00+00:00,3088.36,3093.84,3082.31,3092.73,23577.43
2025-12-13T08:00:00+00:00,3092.73,3133.88,3090.46,3117.66,109679.26
2025-12-13T12:00:00+00:00,3117.66,3125.88,3092.31,3108.25,78498.24
2025-12-13T16:00:00+00:00,3108.25,3115,3093.98,3106.79,36152.92
2025-12-13T20:00:00+00:00,3106.79,3118.98,3077.65,3112.88,49114.58
2025-12-14T00:00:00+00:00,3112.88,3128.73,3102.16,3117.45,35715.01
2025-12-14T04:00:00+00:00,3117.45,3121,3104,3114.16,36760.49
2025-12-14T08:00:00+00:00,3114.16,3118.67,3047.93,3083.45,135852.99
2025-12-14T12:00:00+00:00,3083.45,3107.29,3067.13,3083.38,168704.46
2025-12-14T16:00:00+00:00,3083.38,3107.46,3072.14,3091.7,142715
2025-12-14T20:00:00+00:00,3091.7,3095.47,3024,3061.87,217902.53
2025-12-15T00:00:00+00:00,3061.87,3149.87,3054.73,3107.05,210188.59
2025-12-15T04:00:00+00:00,3107.05,3144.04,3102.85,3127.77,71986.02
2025-12-15T08:00:00+00:00,3127.77,3176.55,3124.33,3155.29,111516.02
2025-12-15T12:00:00+00:00,3155.29,3157.58,2984.09,3010.01,448804.25
2025-12-15T16:00:00+00:00,3010.01,3016.9,2892.77,2939.25,321115.89
2025-12-15T20:00:00+00:00,2939.25,2968.62,2915.43,2963.44,101871.57
2025-12-16T00:00:00+00:00,2963.44,2977.29,2921,2935.92,110886.72
2025-12-16T04:00:00+00:00,2935.92,2950.93,2875.65,2922.93,167428.04
2025-12-16T08:00:00+00:00,2922.93,2963.54,2918.79,2956.62,110954.45
2025-12-16T12:00:00+00:00,2956.62,2981,2884.58,2962.07,388022.79
2025-12-16T16:00:00+00:00,2962.07,2966.79,2910.01,2943.77,188249.85
2025-12-16T20:00:00+00:00,2943.77,2964.63,2936.37,2960.92,53979.11
2025-12-17T00:00:00+00:00,2960.92,2972.71,2936.69,2946.6,60749.37
2025-12-17T04:00:00+00:00,2946.6,2953,2912.73,2946.42,108978.29
2025-12-17T08:00:00+00:00,2946.42,2946.51,2906.7,2927.22,89183.73
2025-12-17T12:00:00+00:00,2927.22,3030,2885,2902.88,523618.92
2025-12-17T16:00:00+00:00,2902.88,2924.87,2788.54,2819.23,429536.52
2025-12-17T20:00:00+00:00,2819.23,2837.12,2803.99,2832.44,102880.23
2025-12-18T00:00:00+00:00,2832.44,2846.82,2820.13,2830.81,82703.08
2025-12-18T04:00:00+00:00,2830.81,2841.13,2821.9,2835.34,59837.27
2025-12-18T08:00:00+00:00,2835.34,2863.46,2830.95,2857.6,95613.79
2025-12-18T12:00:00+00:00,2857.6,2996.77,2852.81,2963.64,533149.64
2025-12-18T16:00:00+00:00,2963.64,2966.38,2774,2780.74,457440.19
2025-12-18T20:00:00+00:00,2780.74,2837.3,2778.24,2827.03,149163.78
2025-12-19T00:00:00+00:00,2827.03,2934,2807,2907,205398.47
2025-12-19T04:00:00+00:00,2907,2983.39,2905,2950.03,176292.44
2025-12-19T08:00:00+00:00,2950.03,2969.56,2936.01,2962.99,85346.38
2025-12-19T12:00:00+00:00,2962.99,3017.71,2940.09,2963.26,327925.72
2025-12-19T16:00:00+00:00,2963.26,3005.88,2934.77,2983.56,232844.96
2025-12-19T20:00:00+00:00,2983.56,3002,2973.33,2978.19,56374.28
2025-12-20T00:00:00+00:00,2978.19,2992.76,2968.81,2987.61,34790.42
2025-12-20T04:00:00+00:00,2987.61,2989.36,2973.75,2980.45,30702.63
2025-12-20T08:00:00+00:00,2980.45,2989.19,2973.99,2986.02,33962.66
2025-12-20T12:00:00+00:00,2986.02,2992.63,2965.95,2976.17,67467.75
2025-12-20T16:00:00+00:00,2976.17,2980.9,2972.88,2977.39,15072.57
2025-12-20T20:00:00+00:00,2977.39,2985.37,2971.97,2977.22,22410.41
2025-12-21T00:00:00+00:00,2977.22,2980.47,2961.09,2972.71,34940.62
2025-12-21T04:00:00+00:00,2972.71,2982.3,2971.8,2980.59,19398.55
2025-12-21T08:00:00+00:00,2980.59,3013.28,2976.97,2995.69,91286.81
2025-12-21T12:00:00+00:00,2995.69,3004.53,2942.18,2973.55,163161.84
2025-12-21T16:00:00+00:00,2973.55,2997,2965.57,2989.88,70570.71
2025-12-21T20:00:00+00:00,2989.88,3011.46,2969.59,3000.93,53177.44
2025-12-22T00:00:00+00:00,3000.93,3059.86,2971.43,3020.38,203785.37
2025-12-22T04:00:00+00:00,3020.38,3042.12,3018.6,3028.49,56470.73
2025-12-22T08:00:00+00:00,3028.49,3057.08,3023.2,3047.22,110448.37
2025-12-22T12:00:00+00:00,3047.22,3075.88,3020.51,3051.34,219873.91
2025-12-22T16:00:00+00:00,3051.34,3058.58,2972.79,2979.62,172703.56
2025-12-22T20:00:00+00:00,2979.62,3014.91,2962.09,3008.94,115988.71
2025-12-23T00:00:00+00:00,3008.94,3034.72,2970.38,2991,112765.28
2025-12-23T04:00:00+00:00,2991,2999.25,2945.06,2964.18,127643.28
2025-12-23T08:00:00+00:00,2964.18,2974.96,2951.66,2972.49,54077.19
2025-12-23T16:00:00+00:00,2927.4,2965.97,2907.17,2942.36,181407.76
2025-12-23T20:00:00+00:00,2942.36,2987.72,2939.22,2962.9,99915.72
2025-12-24T00:00:00+00:00,2962.9,2976.6,2919.04,2944.2,90830.63
2025-12-24T04:00:00+00:00,2944.2,2957.58,2916.16,2931.17,77505.63
2025-12-24T08:00:00+00:00,2931.17,2938.97,2912.74,2923.79,87834.86
2025-12-24T12:00:00+00:00,2923.79,2937.8,2887,2924.15,159075.83
2025-12-24T16:00:00+00:00,2924.15,2953.72,2919.73,2944.59,86716.47
2025-12-24T20:00:00+00:00,2944.59,2961.97,2940.13,2946.01,41149.29
2025-12-25T00:00:00+00:00,2946.01,2955.79,2935.24,2945.79,31478.86
2025-12-25T04:00:00+00:00,2945.79,2947.18,2936.53,2940.93,24361.4
2025-12-25T08:00:00+00:00,2940.93,2946.15,2909.65,2923.67,77891.21
2025-12-25T12:00:00+00:00,2923.67,2969.86,2918.59,2959.52,98959.7
2025-12-25T16:00:00+00:00,2959.52,2966,2942,2954.72,64353.06
2025-12-25T20:00:00+00:00,2954.72,2955.26,2889.34,2902.48,113389.01
2025-12-26T00:00:00+00:00,2902.48,2993.32,2892.88,2963.37,243438.35
2025-12-26T04:00:00+00:00,2963.37,2991.38,2950.78,2955.26,105560.66
2025-12-26T08:00:00+00:00,2955.26,2975.19,2953.28,2963.47,69139.96
2025-12-26T12:00:00+00:00,2963.47,2984.81,2893.27,2922.24,233979.64
2025-12-26T16:00:00+00:00,2922.24,2934.48,2905.74,2924.87,96129.72
2025-12-26T20:00:00+00:00,2924.87,2937.85,2920.37,2926.65,35056.41
2025-12-27T00:00:00+00:00,2926.65,2932.28,2921.05,2931.92,21943.94
2025-12-27T04:00:00+00:00,2931.92,2936.5,2926.52,2931.37,19794.57
2025-12-27T08:00:00+00:00,2931.37,2939.08,2916.52,2929.52,52464.07
2025-12-27T12:00:00+00:00,2929.52,2932.49,2924,2925.64,23283.01
2025-12-27T16:00:00+00:00,2925.64,2929.69,2916,2929.69,21001.43
2025-12-27T20:00:00+00:00,2929.69,2960.11,2927.03,2947.38,62282.67
2025-12-28T00:00:00+00:00,2947.38,2950.63,2939.41,2942.2,25992.38
2025-12-28T04:00:00+00:00,2942.2,2945.91,2928.3,2937.88,47791.1
2025-12-28T08:00:00+00:00,2937.88,2946.41,2930,2942.99,43483.91
2025-12-28T12:00:00+00:00,2942.99,2959.18,2935.37,2947.74,86270.03
2025-12-28T16:00:00+00:00,2947.74,2953.18,2923.34,2932.01,87727.24
2025-12-28T20:00:00+00:00,2932.01,2954.52,2927.32,2949.83,64795.86
2025-12-29T00:00:00+00:00,2949.83,3047.81,2943.27,3041.86,226284.24
2025-12-29T04:00:00+00:00,3041.86,3055.99,3008,3018.16,184453.78
2025-12-29T08:00:00+00:00,3018.16,3024.93,2955.81,2958.99,217152.96
2025-12-29T12:00:00+00:00,2958.99,2965.66,2908.64,2933.98,340147.12
2025-12-29T16:00:00+00:00,2933.98,2944.98,2911.69,2930.97,117627.13
2025-12-29T20:00:00+00:00,2930.97,2943.01,2924.6,2936.56,38795.48
2025-12-30T00:00:00+00:00,2936.56,2954.67,2918,2950.56,80719.64
2025-12-30T04:00:00+00:00,2950.56,2957.79,2935.65,2949.56,69944.28
2025-12-30T08:00:00+00:00,2949.56,3002.8,2949.05,2977.72,210591.81
2025-12-30T12:00:00+00:00,2977.72,3009.23,2957.58,2988.37,313124.09
2025-12-30T16:00:00+00:00,2988.37,2993.5,2942.46,2969.83,217968.66
2025-12-30T20:00:00+00:00,2969.83,2974.83,2952.67,2972.67,55479.05
2025-12-31T00:00:00+00:00,2972.67,2984.37,2961,2969.86,71847.89
2025-12-31T04:00:00+00:00,2969.86,2978.71,2967.6,2975.69,40452.75
2025-12-31T08:00:00+00:00,2975.69,3002.38,2962.56,3000.3,103170.3
2025-12-31T12:00:00+00:00,3000.3,3027.55,2965.96,2984.1,208188.41
2025-12-31T16:00:00+00:00,2984.1,2996.79,2957.11,2970.21,137750.69
2025-12-31T20:00:00+00:00,2970.21,2983.8,2962.18,2970.6,50023.44
2026-01-01T00:00:00+00:00,2970.6,2988,2970.33,2978.99,32750.82
2026-01-01T04:00:00+00:00,2978.99,2982.92,2972.1,2977.62,22932.4
2026-01-01T08:00:00+00:00,2977.62,2992.12,2976.99,2988.5,36324.66
2026-01-01T12:00:00+00:00,2988.5,2994.24,2976.5,2988.98,57609.72
2026-01-01T16:00:00+00:00,2988.98,3004.99,2979.68,2993.87,63093.42
2026-01-01T20:00:00+00:00,2993.87,3008.54,2986.03,3002.82,44417.6
2026-01-02T00:00:00+00:00,3002.82,3034,2990.63,3020.51,107830.35
2026-01-02T04:00:00+00:00,3020.51,3037.42,3007.3,3016.75,77773.68
2026-01-02T08:00:00+00:00,3016.75,3066.9,3014.04,3046.1,179117.92
2026-01-02T12:00:00+00:00,3046.1,3109,3018,3084.54,314869.12
2026-01-02T16:00:00+00:00,3084.54,3148.21,3076.91,3121.73,248935.69
2026-01-02T20:00:00+00:00,3121.73,3144.67,3109.32,3123.58,96588.32
2026-01-03T00:00:00+00:00,3123.58,3134.76,3117.17,3123.7,35951.7
2026-01-03T04:00:00+00:00,3123.7,3126,3074.39,3089.67,126656.23
2026-01-03T08:00:00+00:00,3089.67,3109.83,3082.61,3097.66,71541.99
2026-01-03T12:00:00+00:00,3097.66,3113.32,3092.29,3100.35,54374.96
2026-01-03T16:00:00+00:00,3100.35,3117.35,3096.16,3111.79,27598.74
2026-01-03T20:00:00+00:00,3111.79,3129.82,3105.71,3125.41,35757.14
2026-01-04T00:00:00+00:00,3125.41,3166,3124.42,3145.65,130987.04
2026-01-04T04:00:00+00:00,3145.65,3160.87,3132.13,3139.63,94073.69
2026-01-04T08:00:00+00:00,3139.63,3147.56,3124,3138.7,68417.62
2026-01-04T12:00:00+00:00,3138.7,3145.99,3117.38,3134.48,56350.55
2026-01-04T16:00:00+00:00,3134.48,3143.01,3118,3131.72,53462.81
2026-01-04T20:00:00+00:00,3131.72,3154.66,3129.67,3143.57,77232.41
2026-01-05T00:00:00+00:00,3143.57,3219.85,3141.84,3184.29,239007.43
2026-01-05T04:00:00+00:00,3184.29,3186.83,3134,3156.26,119280.44
2026-01-05T08:00:00+00:00,3156.26,3182.18,3151.77,3178.9,92397.32
2026-01-05T12:00:00+00:00,3178.9,3204.32,3133.91,3194.27,233163.63
2026-01-05T16:00:00+00:00,3194.27,3227.69,3157.53,3221.47,209813.82
2026-01-05T20:00:00+00:00,3221.47,3264.59,3218.05,3223.33,135161.75
2026-01-06T00:00:00+00:00,3223.33,3245.69,3201.42,3223.54,105955.89
2026-01-06T04:00:00+00:00,3223.54,3252.53,3208.8,3217.55,110082.96
2026-01-06T08:00:00+00:00,3217.55,3241.3,3212.51,3235.78,71318.25
2026-01-06T12:00:00+00:00,3235.78,3307.43,3227.17,3271.39,354839.78
2026-01-06T16:00:00+00:00,3271.39,3278,3181.28,3222.66,274744.65
2026-01-06T20:00:00+00:00,3222.66,3301.31,3222.26,3295.6,148549.45
2026-01-07T00:00:00+00:00,3295.6,3295.61,3238.3,3265.48,149433.06
2026-01-07T04:00:00+00:00,3265.48,3270.65,3245.35,3253.98,67361.57
2026-01-07T08:00:00+00:00,3253.98,3262.48,3194.01,3219.04,177852.27
2026-01-07T12:00:00+00:00,3219.04,3228.18,3143.08,3163.97,313063.48
2026-01-07T16:00:00+00:00,3163.97,3179.41,3124,3144.79,203858.75
2026-01-07T20:00:00+00:00,3144.79,3180.66,3126.55,3167.77,98550.7
2026-01-08T00:00:00+00:00,3167.77,3183.68,3132,3141.87,85422.26
2026-01-08T04:00:00+00:00,3141.87,3160.63,3088.87,3126.57,227660.43
2026-01-08T08:00:00+00:00,3126.57,3136.41,3095.47,3119.89,164428.57
2026-01-08T12:00:00+00:00,3119.89,3120.25,3053.16,3103.74,358742.45
2026-01-08T16:00:00+00:00,3103.74,3137.83,3089,3110.39,158391.14
2026-01-08T20:00:00+00:00,3110.39,3129.72,3087.61,3105.47,77010.8
2026-01-09T00:00:00+00:00,3105.47,3146.43,3080,3118.75,162836
2026-01-09T04:00:00+00:00,3118.75,3124.73,3109.64,3109.91,33937.05
2026-01-09T08:00:00+00:00,3109.91,3114.94,3065.84,3089.29,148355.86
2026-01-09T12:00:00+00:00,3089.29,3141.89,3057.19,3111.12,320200.17
2026-01-09T16:00:00+00:00,3111.12,3144.21,3067.06,3079.2,175911.87
2026-01-09T20:00:00+00:00,3079.2,3092.17,3064,3086.96,81090.04
2026-01-10T00:00:00+00:00,3086.96,3093.42,3078.43,3085.39,22635.3
2026-01-10T04:00:00+00:00,3085.39,3092.13,3076.63,3091.19,29629.55
2026-01-10T08:00:00+00:00,3091.19,3102.75,3086,3095.48,43438.61
2026-01-10T12:00:00+00:00,3095.48,3102.09,3086.32,3094.05,35813.11
2026-01-10T16:00:00+00:00,3094.05,3097.86,3088.68,3090.99,14372.46
2026-01-10T20:00:00+00:00,3090.99,3092.23,3077.18,3085.66,26080.93
2026-01-11T00:00:00+00:00,3085.66,3096.26,3083.7,3095.53,18466.29
2026-01-11T04:00:00+00:00,3095.53,3101.41,3088.29,3094,19856.65
2026-01-11T08:00:00+00:00,3094,3108.65,3091.6,3103.83,31046.74
2026-01-11T12:00:00+00:00,3103.83,3129.5,3103.35,3116.68,80826.23
2026-01-11T16:00:00+00:00,3116.68,3145.99,3114.2,3123.39,83706.29
2026-01-11T20:00:00+00:00,3123.39,3125,3091,3122.81,92931.35
2026-01-12T00:00:00+00:00,3122.81,3170.95,3095.32,3150.96,171002.25
2026-01-12T04:00:00+00:00,3150.96,3165.6,3131.29,3134.02,83148.15
2026-01-12T08:00:00+00:00,3134.02,3146.52,3100.21,3114.44,160079.08
2026-01-12T12:00:00+00:00,3114.44,3133.11,3063.75,3128.9,257788.02
2026-01-12T16:00:00+00:00,3128.9,3145,3082.63,3120.08,205448.49
2026-01-12T20:00:00+00:00,3120.08,3126.35,3082.83,3094.11,73399.18
2026-01-13T00:00:00+00:00,3094.11,3117.91,3090.27,3114.97,66356.8
2026-01-13T04:00:00+00:00,3114.97,3145.13,3110.65,3120.61,99445.36
2026-01-13T08:00:00+00:00,3120.61,3146.97,3120.6,3132.06,75014.18
2026-01-13T12:00:00+00:00,3132.06,3187.3,3128.27,3182.63,286041.79
2026-01-13T16:00:00+00:00,3182.63,3217.3,3170,3214.39,202445.61
2026-01-13T20:00:00+00:00,3214.39,3380.5,3188.89,3324.25,462912.15
2026-01-14T00:00:00+00:00,3324.25,3358,3312.45,3350.71,173506.33
2026-01-14T04:00:00+00:00,3350.71,3364.1,3320.78,3335,131001.64
2026-01-14T08:00:00+00:00,3335,3342.09,3281.68,3285.48,130358.9
2026-01-14T12:00:00+00:00,3285.48,3361.06,3278.17,3343.9,341649.3
2026-01-14T16:00:00+00:00,3343.9,3402.36,3313.65,3366.08,460570.55
2026-01-14T20:00:00+00:00,3366.08,3391.93,3345.44,3352.89,121930.14
2026-01-15T00:00:00+00:00,3352.89,3354.25,3276,3285.11,151759.14
2026-01-15T04:00:00+00:00,3285.11,3334.29,3283.21,3328.99,105622.12
2026-01-15T08:00:00+00:00,3328.99,3377.95,3318.68,3348.12,134761.99
2026-01-15T12:00:00+00:00,3348.12,3383.24,3284,3329.71,304075.18
2026-01-15T16:00:00+00:00,3329.71,3336.55,3272.5,3294.51,203953.16
2026-01-15T20:00:00+00:00,3294.51,3322,3274.79,3317.55,140280.9
2026-01-16T00:00:00+00:00,3317.55,3326.62,3290.09,3293.82,73940.67
2026-01-16T04:00:00+00:00,3293.82,3316.32,3275.04,3308.75,117899.17
2026-01-16T08:00:00+00:00,3308.75,3319.28,3292.21,3300.66,97398.13
2026-01-16T12:00:00+00:00,3300.66,3317.27,3252,3263.57,315985.94
2026-01-16T16:00:00+00:00,3263.57,3287.53,3258.81,3275.9,118713.97
2026-01-16T20:00:00+00:00,3275.9,3298.47,3263.4,3294.46,73810.14
2026-01-17T00:00:00+00:00,3294.46,3295.9,3282.31,3287.65,26002.29
2026-01-17T04:00:00+00:00,3287.65,3293.82,3284.62,3289.64,24524.47
2026-01-17T08:00:00+00:00,3289.64,3303.12,3287.23,3300.71,85628.15
2026-01-17T12:00:00+00:00,3300.71,3328.85,3297.36,3327.41,96238.12
2026-01-17T16:00:00+00:00,3327.41,3327.67,3309.92,3314.58,51752.09
2026-01-17T20:00:00+00:00,3314.58,3318.32,3295.42,3308.53,40029.22
2026-01-18T00:00:00+00:00,3308.53,3318.1,3293.72,3314.27,46419.14
2026-01-18T04:00:00+00:00,3314.27,3316.6,3304.18,3305.6,28838.45
2026-01-18T08:00:00+00:00,3305.6,3324.2,3301.46,3320.7,49897.69
2026-01-18T12:00:00+00:00,3320.7,3346.75,3312.59,3332.05,125162.1
2026-01-18T16:00:00+00:00,3332.05,3368.22,3328,3345.16,98873.97
2026-01-18T20:00:00+00:00,3345.16,3354.9,3277.18,3282.54,162222.26
2026-01-19T00:00:00+00:00,3282.54,3283.65,3176,3211,478042.56
2026-01-19T04:00:00+00:00,3211,3216.45,3186.12,3206.02,104368.72
2026-01-19T08:00:00+00:00,3206.02,3229.5,3195.47,3222.11,133395.78
2026-01-19T12:00:00+00:00,3222.11,3234.53,3200.5,3214.24,84612.71
2026-01-19T16:00:00+00:00,3214.24,3226.27,3205.8,3218.22,37188.52
2026-01-19T20:00:00+00:00,3218.22,3223.8,3163.98,3187.92,158544.98
2026-01-20T00:00:00+00:00,3187.92,3199.24,3174.07,3187.79,108959.85
2026-01-20T04:00:00+00:00,3187.79,3188.34,3107.65,3121.86,335332.23
2026-01-20T08:00:00+00:00,3121.86,3122.4,3084.21,3108.32,195296.63
2026-01-20T12:00:00+00:00,3108.32,3113.6,2992.86,3031.08,438593.59
2026-01-20T16:00:00+00:00,3031.08,3041.65,2978.65,2995.34,206340.43
2026-01-20T20:00:00+00:00,2995.34,3007,2911.69,2938.5,238345.51
2026-01-21T00:00:00+00:00,2938.5,2983.3,2920.11,2980.33,147985.52
2026-01-21T04:00:00+00:00,2980.33,3001,2964.14,2968.77,71623.68
2026-01-21T08:00:00+00:00,2968.77,2973.5,2936.55,2941.84,107183.31
2026-01-21T12:00:00+00:00,2941.84,3025.33,2900.48,3000.69,483976.59
2026-01-21T16:00:00+00:00,3000.69,3068.35,2864.14,3053.84,612023.28
2026-01-21T20:00:00+00:00,3053.84,3056.41,2970.52,2980.49,186001.26
2026-01-22T00:00:00+00:00,2980.49,3037.39,2978.4,3012.15,125467.71
2026-01-22T04:00:00+00:00,3012.15,3026.94,2999.09,2999.95,68934.96
2026-01-22T08:00:00+00:00,2999.95,3015.49,2976.3,2985.41,115418.78
2026-01-22T12:00:00+00:00,2985.41,3009.39,2903.81,2940.77,367656.07
2026-01-22T16:00:00+00:00,2940.77,2972,2921.86,2952.6,220077.11
2026-01-22T20:00:00+00:00,2952.6,2958,2928.99,2951.36,85832.89
2026-01-23T00:00:00+00:00,2951.36,2971.27,2944.6,2963.33,59171.47
2026-01-23T04:00:00+00:00,2963.33,2984,2933.43,2946.66,132685.5
2026-01-23T08:00:00+00:00,2946.66,2949.5,2912.77,2939.47,134168.33
2026-01-23T12:00:00+00:00,2939.47,2963.71,2890.81,2951.01,218584.7
2026-01-23T16:00:00+00:00,2951.01,3017.76,2937.02,2958.4,329831.81
2026-01-23T20:00:00+00:00,2958.4,2962.26,2928.42,2954.85,74583.96
2026-01-24T00:00:00+00:00,2954.85,2968.61,2947.97,2961.05,28112.7
2026-01-24T04:00:00+00:00,2961.05,2965,2952.57,2955.73,32634.32
2026-01-24T08:00:00+00:00,2955.73,2963.28,2953.57,2959.92,22010.14
2026-01-24T12:00:00+00:00,2959.92,2966.68,2942,2955.34,49346.58
2026-01-24T16:00:00+00:00,2955.34,2967,2950.2,2952.69,27703.72
2026-01-24T20:00:00+00:00,2952.69,2963.15,2947.86,2952.08,20671.38
2026-01-25T00:00:00+00:00,2952.08,2959.34,2935.27,2941.69,41196.36
2026-01-25T04:00:00+00:00,2941.69,2948.7,2933.49,2938.31,33856.85
2026-01-25T08:00:00+00:00,2938.31,2946.82,2919.68,2936.96,77980.98
2026-01-25T12:00:00+00:00,2936.96,2944.98,2920.65,2925.98,76030.83
2026-01-25T16:00:00+00:00,2925.98,2926.73,2795,2811.24,564734.34
2026-01-25T20:00:00+00:00,2811.24,2824.5,2784.33,2816.41,282888.73
2026-01-26T04:00:00+00:00,2850.15,2910.14,2848.92,2902.75,119997.88
2026-01-26T08:00:00+00:00,2902.75,2932.81,2879,2890.56,166406.19
2026-01-26T12:00:00+00:00,2890.56,2949.86,2873,2897.82,344660.21
2026-01-26T16:00:00+00:00,2897.82,2935.07,2884.46,2921.99,209932.79
2026-01-26T20:00:00+00:00,2921.99,2943.96,2893.75,2928.61,183720.87
2026-01-27T00:00:00+00:00,2928.61,2947.73,2910.38,2939.59,78120.19
2026-01-27T04:00:00+00:00,2939.59,2955.7,2923.14,2927.77,63089.32
2026-01-27T08:00:00+00:00,2927.77,2931.34,2898.28,2915.7,80644.48
2026-01-27T12:00:00+00:00,2915.7,2942.54,2904.3,2936.01,181360.03
2026-01-27T16:00:00+00:00,2936.01,2997.14,2916.43,2978.83,395551.69
2026-01-27T20:00:00+00:00,2978.83,3033.75,2977.04,3024.53,210206.28
2026-01-28T00:00:00+00:00,3024.53,3028.22,2995.08,3003.8,72758.39
2026-01-28T04:00:00+00:00,3003.8,3017.47,2990.62,3003.76,86813.96
2026-01-28T08:00:00+00:00,3003.76,3044.25,2984.65,3038.08,180506.71
2026-01-28T12:00:00+00:00,3038.08,3044.2,2981.36,3006,200224.17
2026-01-28T16:00:00+00:00,3006,3030.95,2987.11,3014.76,218252.14
2026-01-28T20:00:00+00:00,3014.76,3036.92,2995,3009.12,117050.59
2026-01-29T00:00:00+00:00,3009.12,3012.14,2943,2951.66,157755.33
2026-01-29T04:00:00+00:00,2951.66,2964.53,2936.3,2960.17,94271.66
2026-01-29T08:00:00+00:00,2960.17,2969.28,2922.56,2928.52,176809.64
2026-01-29T12:00:00+00:00,2928.52,2938.46,2795.24,2822.94,579950.62
2026-01-29T16:00:00+00:00,2822.94,2859.54,2752.4,2796.11,643587.12
2026-01-29T20:00:00+00:00,2796.11,2826.91,2787.59,2820.81,105755.19
2026-01-30T00:00:00+00:00,2820.81,2827.46,2682.47,2739.54,511692.3
2026-01-30T04:00:00+00:00,2739.54,2773.72,2695,2738.37,219361.97
2026-01-30T08:00:00+00:00,2738.37,2767.82,2708.71,2758.37,182230.93
2026-01-30T12:00:00+00:00,2758.37,2765.3,2691.57,2727.88,351281.36
2026-01-30T16:00:00+00:00,2727.88,2759.99,2634.23,2741.19,536791.17
2026-01-30T20:00:00+00:00,2741.19,2741.44,2663.4,2705.71,325321.22
2026-01-31T00:00:00+00:00,2705.71,2713.52,2682.72,2694.57,65335.01
2026-01-31T04:00:00+00:00,2694.57,2703.67,2666.54,2679,128141.31
2026-01-31T08:00:00+00:00,2679,2682.92,2607.9,2639.15,372407.62
2026-01-31T12:00:00+00:00,2639.15,2643.1,2508.19,2532.54,708827.64
2026-01-31T16:00:00+00:00,2532.54,2549.84,2238.5,2381.36,1449455.61
2026-01-31T20:00:00+00:00,2381.36,2472.62,2352.65,2450.2,459827.66
2026-02-01T00:00:00+00:00,2450.2,2474.5,2427.79,2443.93,166395.26
2026-02-01T04:00:00+00:00,2443.93,2453.7,2392.07,2409.9,191634.49
2026-02-01T08:00:00+00:00,2409.9,2438.04,2375,2410.65,291536.97
2026-02-01T12:00:00+00:00,2410.65,2411.35,2285,2314.67,650419.43
2026-02-01T16:00:00+00:00,2314.67,2376.71,2282.3,2319.21,479027.7
2026-02-01T20:00:00+00:00,2319.21,2348.76,2218.71,2269.19,643185.49
2026-02-02T00:00:00+00:00,2269.19,2322.65,2163.04,2237.39,653302.18
2026-02-02T04:00:00+00:00,2237.39,2267.1,2156.43,2227.14,672706.14
2026-02-02T08:00:00+00:00,2227.14,2317.38,2227.14,2281.3,508395.23
2026-02-02T12:00:00+00:00,2281.3,2395.59,2280.89,2370.74,606544.13
2026-02-02T16:00:00+00:00,2370.74,2386.05,2325.66,2329.67,308847.37
2026-02-02T20:00:00+00:00,2329.67,2354.15,2311.55,2345.63,195061.37
2026-02-03T00:00:00+00:00,2345.63,2358.62,2281.72,2342.52,250906.09
2026-02-03T04:00:00+00:00,2342.52,2353.88,2297.29,2321.87,225267.31
2026-02-03T08:00:00+00:00,2321.87,2331.74,2260.46,2275.46,374438.98
2026-02-03T12:00:00+00:00,2275.46,2316.42,2250.52,2302.13,524497.87
2026-02-03T16:00:00+00:00,2302.13,2302.33,2106.48,2203.72,1234833.64
2026-02-03T20:00:00+00:00,2203.72,2343.9,2186.65,2232.43,700681.67
2026-02-04T00:00:00+00:00,2232.43,2294.68,2222.74,2282.4,229989.69
2026-02-04T04:00:00+00:00,2282.4,2292.64,2253.69,2282.47,175275.24
2026-02-04T08:00:00+00:00,2282.47,2285.1,2225.33,2253.75,250913.05
2026-02-04T12:00:00+00:00,2253.75,2262.37,2134.62,2150.72,692696.82
2026-02-04T16:00:00+00:00,2150.72,2194.28,2075.46,2187.64,920655.87
2026-02-04T20:00:00+00:00,2187.64,2192.18,2086.34,2146.97,367418.89
2026-02-05T00:00:00+00:00,2146.97,2172.88,2097.4,2109.01,355202.58
2026-02-05T04:00:00+00:00,2109.01,2124.77,2065,2090.67,554849.74
2026-02-05T08:00:00+00:00,2090.67,2149.42,2060.26,2078.74,402398.53
2026-02-05T12:00:00+00:00,2078.74,2105.79,1925.64,1959.55,904131.54
2026-02-05T16:00:00+00:00,1959.55,2017.56,1911.61,1927.58,566148.99
2026-02-05T20:00:00+00:00,1927.58,1942,1815.16,1825.45,759625.62
2026-02-06T00:00:00+00:00,1825.45,1946.99,1737.6,1890.92,775823.59
2026-02-06T04:00:00+00:00,1890.92,1974.84,1884.87,1898.54,335331.1
2026-02-06T08:00:00+00:00,1898.54,1939.41,1865.25,1931.94,361361.15
2026-02-06T12:00:00+00:00,1931.94,2001.93,1913.63,1979.36,437417.12
2026-02-06T16:00:00+00:00,1979.36,2089.4,1969.18,2064.58,499021.58
2026-02-06T20:00:00+00:00,2064.58,2093,2039.7,2062.48,191401.18
2026-02-07T00:00:00+00:00,2062.48,2084.8,2031,2079.43,151997.55
2026-02-07T04:00:00+00:00,2079.43,2118,1993.39,2026.22,357110.68
2026-02-07T08:00:00+00:00,2026.22,2031.61,1998.4,2017.78,149074.54
2026-02-07T12:00:00+00:00,2017.78,2074.82,2008,2051.49,378630.88
2026-02-07T16:00:00+00:00,2051.49,2127.88,2005.4,2090.35,807170.42
2026-02-07T20:00:00+00:00,2090.35,2114,2071.5,2085.96,103666.86
2026-02-08T00:00:00+00:00,2085.96,2106.39,2075.27,2077.92,63440.74
2026-02-08T04:00:00+00:00,2077.92,2088.16,2065.01,2083.55,79749.08
2026-02-08T08:00:00+00:00,2083.55,2137.1,2076.77,2130.85,254439.98
2026-02-08T12:00:00+00:00,2130.85,2144.78,2096.27,2107.55,219783.63
2026-02-08T16:00:00+00:00,2107.55,2128.59,2071.44,2125.61,130793.3
2026-02-08T20:00:00+00:00,2125.61,2151.95,2070.01,2088.48,176165.03
2026-02-09T00:00:00+00:00,2088.48,2102.29,2053.6,2098.88,188431.87
2026-02-09T04:00:00+00:00,2098.88,2101.08,2063.47,2064.65,84142.29
2026-02-09T08:00:00+00:00,2064.65,2069.56,2012.24,2027.4,222018.39
2026-02-09T12:00:00+00:00,2027.4,2072.6,2007.38,2060.15,262333.16
2026-02-09T16:00:00+00:00,2060.15,2142.42,2046.05,2130.32,265454.66
2026-02-09T20:00:00+00:00,2130.32,2147,2087.52,2103.67,140952.73
2026-02-10T00:00:00+00:00,2103.67,2123.68,2051.73,2063.87,154128.57
2026-02-10T04:00:00+00:00,2063.87,2073.4,1996.79,2006.47,334059.92
2026-02-10T08:00:00+00:00,2006.47,2029,1994.09,2002.01,210420.52
2026-02-10T12:00:00+00:00,2002.01,2039.57,1987.71,2021.68,324028.74
2026-02-10T16:00:00+00:00,2021.68,2045.9,1995,2017.17,179030.32
2026-02-10T20:00:00+00:00,2017.17,2022,1996,2021.83,66106.74
2026-02-11T00:00:00+00:00,2021.83,2031.8,1997,2008.44,100000.86
2026-02-11T04:00:00+00:00,2008.44,2010.36,1938.23,1949.82,324225.48
2026-02-11T08:00:00+00:00,1949.82,1955.96,1931,1952.93,137663.14
2026-02-11T12:00:00+00:00,1952.93,2015.54,1901.46,1928.31,516723.4
2026-02-11T16:00:00+00:00,1928.31,1958.6,1907.46,1951.21,230845.91
2026-02-11T20:00:00+00:00,1951.21,1987.5,1930.93,1939.73,150187.36
2026-02-12T00:00:00+00:00,1939.73,1976.72,1939.73,1967.57,99014.29
2026-02-12T04:00:00+00:00,1967.57,1982.18,1952.12,1967.12,110901.01
2026-02-12T08:00:00+00:00,1967.12,2001,1956.1,1988.15,168063.85
2026-02-12T12:00:00+00:00,1988.15,1995.7,1943.68,1947.53,268534
2026-02-12T16:00:00+00:00,1947.53,1949.2,1895.31,1924.66,344735.05
2026-02-12T20:00:00+00:00,1924.66,1952.1,1908.29,1947.06,98255.39
2026-02-13T00:00:00+00:00,1947.06,1957.6,1926.4,1952.64,120963.88
2026-02-13T04:00:00+00:00,1952.64,1954.97,1923.64,1935.06,94915.65
2026-02-13T08:00:00+00:00,1935.06,1969.14,1933,1959.52,118392.85
2026-02-13T12:00:00+00:00,1959.52,2049.59,1951.57,2033.83,399526.52
2026-02-13T16:00:00+00:00,2033.83,2072,2030.08,2056.24,167485.51
2026-02-13T20:00:00+00:00,2056.24,2058.45,2037.51,2047.52,67170.27
2026-02-14T00:00:00+00:00,2047.52,2056.4,2041,2052.99,39927.78
2026-02-14T04:00:00+00:00,2052.99,2059.93,2047.06,2055.96,44363.85
2026-02-14T08:00:00+00:00,2055.96,2107.11,2055.82,2098.3,211228.71
2026-02-14T12:00:00+00:00,2098.3,2098.99,2063.64,2086.3,187271
2026-02-14T16:00:00+00:00,2086.3,2089.83,2066.49,2087.45,83748.62
2026-02-14T20:00:00+00:00,2087.45,2098.24,2077.38,2085.47,58968.98
2026-02-15T00:00:00+00:00,2085.47,2089.47,2035.56,2058.29,242913.69
2026-02-15T04:00:00+00:00,2058.29,2102.7,2058.29,2090.59,151947.48
2026-02-15T08:00:00+00:00,2090.59,2096.21,2053.01,2061.16,109480.07
2026-02-15T12:00:00+00:00,2061.16,2067.95,1992,2010.62,353349.18
2026-02-15T16:00:00+00:00,2010.62,2010.62,1926.8,1941.39,383320.98
2026-02-15T20:00:00+00:00,1941.39,1974.03,1933.69,1965.61,156160.36
2026-02-16T00:00:00+00:00,1965.61,1980.59,1947.5,1957.97,117276.98
2026-02-16T04:00:00+00:00,1957.97,1978.71,1952.09,1970.42,118260.84
2026-02-16T08:00:00+00:00,1970.42,1992.81,1956.09,1975.4,159135.24
2026-02-16T12:00:00+00:00,1975.4,2023.1,1936.28,1955.41,390022.05
2026-02-16T16:00:00+00:00,1955.41,1987.5,1955.22,1973.09,120580.31
2026-02-16T20:00:00+00:00,1973.09,2003.15,1970.09,1997.35,121813.29
2026-02-17T00:00:00+00:00,1997.35,2008,1978.31,1984.76,113075.53
2026-02-17T04:00:00+00:00,1984.76,1997.96,1963.4,1984.89,98889
2026-02-17T08:00:00+00:00,1984.89,1990.02,1960.26,1967.63,93121.64
2026-02-17T12:00:00+00:00,1967.63,2001.78,1940.13,1967.61,323571.18
2026-02-17T16:00:00+00:00,1967.61,2014.75,1952.46,1997.13,315561.98
2026-02-17T20:00:00+00:00,1997.13,2003.31,1986.15,1990.83,68522.45
2026-02-18T00:00:00+00:00,1990.83,1999.02,1967.32,1995.66,115380.3
2026-02-18T04:00:00+00:00,1995.66,2022.55,1992.26,2016.86,129966.17
2026-02-18T08:00:00+00:00,2016.86,2038.78,1975.45,1980.35,176979.79
2026-02-18T12:00:00+00:00,1980.35,2009.38,1953.27,1984.42,297234.47
2026-02-18T16:00:00+00:00,1984.42,1987.25,1922.11,1940.34,262648.16
2026-02-18T20:00:00+00:00,1940.34,1965,1934.64,1955.24,89666.52
2026-02-19T00:00:00+00:00,1955.24,1973.84,1949.5,1971.68,95625.78
2026-02-19T04:00:00+00:00,1971.68,1986.88,1963.34,1980.95,91955.42
2026-02-19T08:00:00+00:00,1980.95,1981.86,1947.38,1949.04,114332.5
2026-02-19T12:00:00+00:00,1949.04,1955.7,1911.41,1925.6,358599.29
2026-02-19T16:00:00+00:00,1925.6,1946.96,1906.71,1940.33,249796.61
2026-02-19T20:00:00+00:00,1940.33,1951,1933.7,1948.15,63473.43
2026-02-20T00:00:00+00:00,1948.15,1963.71,1946.07,1953.89,90891.76
2026-02-20T04:00:00+00:00,1953.89,1967.51,1930,1959.7,140252.29
2026-02-20T08:00:00+00:00,1959.7,1972.92,1939.27,1942.93,137393.49
2026-02-20T12:00:00+00:00,1942.93,1980,1921.81,1963.03,374787.3
2026-02-20T16:00:00+00:00,1963.03,1980.72,1938.07,1962.82,271402.19
2026-02-20T20:00:00+00:00,1962.82,1974.33,1960.57,1967.84,67853.91
2026-02-21T00:00:00+00:00,1967.84,1969.78,1955.01,1958.29,52245.97
2026-02-21T04:00:00+00:00,1958.29,1965.49,1955.52,1961.95,38149.67
2026-02-21T08:00:00+00:00,1961.95,1987.92,1961.22,1976.35,85038.93
2026-02-21T12:00:00+00:00,1976.35,1995.23,1968.11,1987.07,99678.93
2026-02-21T16:00:00+00:00,1987.07,1994.61,1975.02,1987.25,56187.08
2026-02-21T20:00:00+00:00,1987.25,1989.72,1968.38,1972.55,64396.43
2026-02-22T00:00:00+00:00,1972.55,1982.59,1966.08,1973.86,71296.4
2026-02-22T04:00:00+00:00,1973.86,1978.78,1970.06,1974.79,39958.8
2026-02-22T08:00:00+00:00,1974.79,1982,1969.03,1979.78,51683.38
2026-02-22T12:00:00+00:00,1979.78,1980.55,1942.2,1953.06,191443.87
2026-02-22T16:00:00+00:00,1953.06,1955,1933.37,1943.4,81305.61
2026-02-22T20:00:00+00:00,1943.4,1960.78,1938.87,1957.32,80535.85
2026-02-23T00:00:00+00:00,1957.32,1957.66,1845.13,1861.73,443678.34
2026-02-23T04:00:00+00:00,1861.73,1888.47,1852.55,1884.28,141107.07
2026-02-23T08:00:00+00:00,1884.28,1927.61,1876.01,1914.33,177751.94
2026-02-23T12:00:00+00:00,1914.33,1934.85,1891.99,1895,258423.56
2026-02-23T16:00:00+00:00,1895,1899.64,1836.29,1856.32,354672.05
2026-02-23T20:00:00+00:00,1856.32,1869.4,1845.99,1855.57,106260.53
2026-02-24T00:00:00+00:00,1855.57,1868.95,1810.26,1830.92,248494.39
2026-02-24T04:00:00+00:00,1830.92,1839.99,1812.85,1825.07,166082.18
2026-02-24T08:00:00+00:00,1825.07,1835.55,1814.03,1825.89,117972.75
2026-02-24T12:00:00+00:00,1825.89,1849,1798.08,1846.26,318849.77
2026-02-24T16:00:00+00:00,1846.26,1864.32,1837.03,1851.47,194839.54
2026-02-24T20:00:00+00:00,1851.47,1863.46,1844.05,1851.01,68841.12
2026-02-25T00:00:00+00:00,1851.01,1944.69,1845.36,1905.47,352673.11
2026-02-25T04:00:00+00:00,1905.47,1913.6,1876.9,1892.43,163219.63
2026-02-25T08:00:00+00:00,1892.43,1927.74,1889.17,1925.55,170190.28
2026-02-25T12:00:00+00:00,1925.55,2027.86,1921.05,2012.5,518313
2026-02-25T16:00:00+00:00,2012.5,2085.99,2012.16,2069.82,384855
2026-02-25T20:00:00+00:00,2069.82,2148,2032.74,2056.38,415622.35
2026-02-26T00:00:00+00:00,2056.38,2075.95,2037.76,2053.14,185058.02
2026-02-26T04:00:00+00:00,2053.14,2081.81,2050.56,2052.32,134368.06
2026-02-26T08:00:00+00:00,2052.32,2082,2043.4,2056.51,136610.74
2026-02-26T12:00:00+00:00,2056.51,2077,2010.2,2032.59,326964.78
2026-02-26T16:00:00+00:00,2032.59,2037.47,1974.18,2029.14,391538.95
2026-02-26T20:00:00+00:00,2029.14,2041.72,2016.88,2026.79,114304.48
2026-02-27T00:00:00+00:00,2026.79,2048.85,1999.37,2044.14,178434.96
2026-02-27T04:00:00+00:00,2044.14,2063,2021.17,2031.56,158080.24
2026-02-27T08:00:00+00:00,2031.56,2045.25,1951.75,1961.05,308521.03
2026-02-27T12:00:00+00:00,1961.05,1968.31,1938,1947.71,347439.62
2026-02-27T16:00:00+00:00,1947.71,1948.13,1906.5,1920.4,255564.43
2026-02-27T20:00:00+00:00,1920.4,1932.9,1886.04,1928.53,176729.25
2026-02-28T00:00:00+00:00,1928.53,1936.25,1918.34,1923.51,94919.6
2026-02-28T04:00:00+00:00,1923.51,1930.71,1833.79,1865.38,506300.94
2026-02-28T08:00:00+00:00,1865.38,1879.95,1843.41,1862.11,234847.86
2026-02-28T16:00:00+00:00,1897.74,1954.61,1884.57,1946.02,272526.97
2026-02-28T20:00:00+00:00,1946.02,1984.29,1937.51,1963.34,235731.75
2026-03-01T00:00:00+00:00,1963.34,2054,1942.27,2022,355343.83
2026-03-01T04:00:00+00:00,2022,2029.53,1988.36,2006.33,207300.81
2026-03-01T08:00:00+00:00,2006.33,2009.54,1971.26,1982.38,165383.53
2026-03-01T12:00:00+00:00,1982.38,2027.79,1967.86,1992.4,264103.99
2026-03-01T16:00:00+00:00,1992.4,2008.74,1945.86,1952.89,307495.56
2026-03-01T20:00:00+00:00,1952.89,1969.48,1906.48,1938.78,284448.65
2026-03-02T00:00:00+00:00,1938.78,1988.6,1936.44,1971.28,205869.97
2026-03-02T04:00:00+00:00,1971.28,1982.63,1924.23,1940.28,159283.91
2026-03-02T08:00:00+00:00,1940.28,1966.85,1918.03,1946.79,219157.83
2026-03-02T12:00:00+00:00,1946.79,2064.82,1920,2046.39,524362.88
2026-03-02T16:00:00+00:00,2046.39,2089,2016.51,2042.69,332343
2026-03-02T20:00:00+00:00,2042.69,2057.73,2023.41,2026.49,141521.26
2026-03-03T00:00:00+00:00,2026.49,2041.2,1996.16,2007.85,164021.67
2026-03-03T04:00:00+00:00,2007.85,2018.64,1986.58,1995.79,127917.66
2026-03-03T08:00:00+00:00,1995.79,1999.88,1937.75,1960.36,305362.1
2026-03-03T12:00:00+00:00,1960.36,1989.46,1928,1968.31,385300.87
2026-03-03T16:00:00+00:00,1968.31,2013,1957.56,1985.1,320620.24
2026-03-03T20:00:00+00:00,1985.1,2000.86,1958.04,1981.75,107461.21
2026-03-04T00:00:00+00:00,1981.75,1997.78,1943.68,1959.75,206137.59
2026-03-04T04:00:00+00:00,1959.75,2009.48,1949.33,2005.69,136263.81
2026-03-04T08:00:00+00:00,2005.69,2091.95,1999.09,2053.78,472921.14
2026-03-04T12:00:00+00:00,2053.78,2156.94,2035.5,2149.2,575512.35
2026-03-04T16:00:00+00:00,2149.2,2198.98,2128.01,2176.2,380461.14
2026-03-04T20:00:00+00:00,2176.2,2178.76,2115.49,2126.02,204965.93
2026-03-05T00:00:00+00:00,2126.02,2141,2106.13,2119.04,143020.65
2026-03-05T04:00:00+00:00,2119.04,2143.94,2094.68,2104.12,183523.44
2026-03-05T08:00:00+00:00,2104.12,2163.35,2092.22,2137.09,247929.64
2026-03-05T12:00:00+00:00,2137.09,2142.29,2066.47,2086.31,362583.52
2026-03-05T16:00:00+00:00,2086.31,2093.22,2053.66,2073.88,230355.13
2026-03-05T20:00:00+00:00,2073.88,2099,2068.08,2072.15,83163.16
2026-03-06T00:00:00+00:00,2072.15,2092.65,2061.07,2083.12,88445.33
2026-03-06T04:00:00+00:00,2083.12,2087.41,2058.52,2082,105595.42
2026-03-06T08:00:00+00:00,2082,2082.14,2044.68,2050.2,132242.9
2026-03-06T12:00:00+00:00,2050.2,2061.74,1965,1976.83,431630.58
2026-03-06T16:00:00+00:00,1976.83,1992.49,1955,1983.14,189599.04
2026-03-06T20:00:00+00:00,1983.14,1989.88,1968.67,1977.99,84859.2
2026-03-07T00:00:00+00:00,1977.99,1995.38,1971.58,1979.35,74166.45
2026-03-07T04:00:00+00:00,1979.35,1983.72,1962.56,1982.38,96547.93
2026-03-07T08:00:00+00:00,1982.38,1993.85,1974.1,1987.84,77576.5
2026-03-07T12:00:00+00:00,1987.84,1990,1968.69,1980.24,89274.43
2026-03-07T16:00:00+00:00,1980.24,1983.01,1946.36,1954.13,138921.74
2026-03-07T20:00:00+00:00,1954.13,1973.57,1953.78,1968.65,60018.41
2026-03-08T00:00:00+00:00,1968.65,1976.37,1934.44,1946.56,125492.43
2026-03-08T04:00:00+00:00,1946.56,1959.5,1928.5,1954.43,102790.96
2026-03-08T08:00:00+00:00,1954.43,1979.81,1943.24,1950.41,127925.64
2026-03-08T12:00:00+00:00,1950.41,1953.78,1923.33,1942,183292.44
2026-03-08T16:00:00+00:00,1942,1968.8,1926.26,1963.31,145803.43
2026-03-08T20:00:00+00:00,1963.31,1970.5,1908.68,1935.89,297812.57
2026-03-09T00:00:00+00:00,1935.89,2004.91,1928.26,1976.64,316146.31
2026-03-09T04:00:00+00:00,1976.64,2013.8,1962.1,1982.9,242140.5
2026-03-09T08:00:00+00:00,1982.9,2021.44,1977.29,1991.35,190275.84
2026-03-09T12:00:00+00:00,1991.35,2032.35,1991.35,2021.46,270388.61
2026-03-09T16:00:00+00:00,2021.46,2052.5,2003.78,2032.6,228424.99
2026-03-09T20:00:00+00:00,2032.6,2036.56,1988.04,1992.1,132705.88
2026-03-10T00:00:00+00:00,1992.1,2053.7,1990.01,2025.6,212297.06
2026-03-10T04:00:00+00:00,2025.6,2058.64,2025.2,2049.86,117776.73
2026-03-10T08:00:00+00:00,2049.86,2073.31,2048.66,2060.68,174167.67
2026-03-10T12:00:00+00:00,2060.68,2085,2007.46,2078.56,404117.74
2026-03-10T16:00:00+00:00,2078.56,2087.31,2025.6,2035.86,251010.19
2026-03-10T20:00:00+00:00,2035.86,2047.1,2017.44,2035.74,95672.12
2026-03-11T00:00:00+00:00,2035.74,2041,2016.72,2020.08,96998.68
2026-03-11T04:00:00+00:00,2020.08,2040.62,2006,2011.59,133131.8
2026-03-11T08:00:00+00:00,2011.59,2033.44,2008.5,2016.96,110944.38
2026-03-11T12:00:00+00:00,2016.96,2081.87,2011.43,2049.11,412936.02
2026-03-11T16:00:00+00:00,2049.11,2085,2045.29,2074.94,156994.08
2026-03-11T20:00:00+00:00,2074.94,2083.32,2043.83,2050.91,111726.44
2026-03-12T00:00:00+00:00,2050.91,2057.29,2016.29,2022.32,137095.18
2026-03-12T04:00:00+00:00,2022.32,2041.43,2018.37,2039.81,95911.28
2026-03-12T08:00:00+00:00,2039.81,2076.31,2037.51,2061.77,172856.79
2026-03-12T12:00:00+00:00,2061.77,2094.61,2036.25,2071.29,343436.03
2026-03-12T16:00:00+00:00,2071.29,2077.21,2044.09,2068.23,130343.77
2026-03-12T20:00:00+00:00,2068.23,2092.34,2054.5,2072.51,120397.86
2026-03-13T00:00:00+00:00,2072.51,2150.12,2069.13,2117.86,333537.76
2026-03-13T04:00:00+00:00,2117.86,2119.4,2089.05,2098.75,133226.09
2026-03-13T08:00:00+00:00,2098.75,2132.24,2090.39,2120,167792.94
2026-03-13T12:00:00+00:00,2120,2208.85,2119.28,2127.1,539237.66
2026-03-13T16:00:00+00:00,2127.1,2143.24,2089.5,2101.87,211705.7
2026-03-13T20:00:00+00:00,2101.87,2115.97,2077.48,2091.11,98203.05
2026-03-14T00:00:00+00:00,2091.11,2103.36,2080.46,2100.28,68442.62
2026-03-14T04:00:00+00:00,2100.28,2104.89,2067.16,2076.47,127604.88
2026-03-14T08:00:00+00:00,2076.47,2082.03,2060.2,2072.69,76153.12
2026-03-14T12:00:00+00:00,2072.69,2079.84,2068.34,2073.77,66355.56
2026-03-14T16:00:00+00:00,2073.77,2078.31,2067.6,2076.4,25978.7
2026-03-14T20:00:00+00:00,2076.4,2099,2074.95,2095.5,75078.9
2026-03-15T00:00:00+00:00,2095.5,2107.52,2082.41,2095.52,88839.32
2026-03-15T04:00:00+00:00,2095.52,2115.97,2095.21,2105,76677.3
2026-03-15T08:00:00+00:00,2105,2122.74,2104.99,2118.76,69786.57
2026-03-15T12:00:00+00:00,2118.76,2119.02,2085.4,2092.83,119771.79
2026-03-15T16:00:00+00:00,2092.83,2117.7,2087.39,2112.33,86169.17
2026-03-15T20:00:00+00:00,2112.33,2201.94,2108.82,2177.23,400841.47
2026-03-16T00:00:00+00:00,2177.23,2252.57,2163.5,2234.6,324800.83
2026-03-16T04:00:00+00:00,2234.6,2287.68,2234.6,2247.96,297451.35
2026-03-16T08:00:00+00:00,2247.96,2278.46,2233,2268.4,191203.01
2026-03-16T12:00:00+00:00,2268.4,2307,2253.12,2272.08,453857.1
2026-03-16T16:00:00+00:00,2272.08,2347,2268.27,2329.36,323314.62
2026-03-16T20:00:00+00:00,2329.36,2385,2322.2,2351.6,265416.78
2026-03-17T00:00:00+00:00,2351.6,2376.6,2306.86,2319.07,350732.83
2026-03-17T04:00:00+00:00,2319.07,2337.06,2294.57,2326.82,244091.06
2026-03-17T08:00:00+00:00,2326.82,2334.53,2302.96,2325.89,168154.52
2026-03-17T12:00:00+00:00,2325.89,2357.04,2303.17,2314.78,270433.84
2026-03-17T16:00:00+00:00,2314.78,2341.67,2311.2,2318.94,113067.64
2026-03-17T20:00:00+00:00,2318.94,2343.57,2315.31,2316.23,64004.28
2026-03-18T00:00:00+00:00,2316.23,2349.18,2305.93,2339.19,121923.96
2026-03-18T04:00:00+00:00,2339.19,2340.54,2310.5,2316.5,136487.78
2026-03-18T08:00:00+00:00,2316.5,2333.01,2262.04,2268.16,257252.63
2026-03-18T12:00:00+00:00,2268.16,2269.9,2168.5,2186.48,461956.97
2026-03-18T16:00:00+00:00,2186.48,2219.55,2165.01,2184.98,342666.72
2026-03-18T20:00:00+00:00,2184.98,2206.37,2152.11,2202.22,180535.95
2026-03-19T00:00:00+00:00,2202.22,2233.1,2186.29,2211.01,192944.84
2026-03-19T04:00:00+00:00,2211.01,2212.18,2141.72,2165.35,285987.55
2026-03-19T08:00:00+00:00,2165.35,2191.86,2156.76,2165.68,207046.55
2026-03-19T12:00:00+00:00,2165.68,2166.48,2096.91,2117.85,521869.37
2026-03-19T16:00:00+00:00,2117.85,2156.16,2103.51,2140.22,231314.83
2026-03-19T20:00:00+00:00,2140.22,2154.75,2129.17,2136.74,91721.61
2026-03-20T00:00:00+00:00,2136.74,2159.84,2131.24,2150.29,124361.78
2026-03-20T04:00:00+00:00,2150.29,2158.59,2120.44,2149.41,125580.03
2026-03-20T08:00:00+00:00,2149.41,2176.19,2130.34,2140.53,210918.97
2026-03-20T12:00:00+00:00,2140.53,2151.99,2115.42,2132.97,240135.04
2026-03-20T16:00:00+00:00,2132.97,2143.96,2116.2,2132.24,124741.86
2026-03-20T20:00:00+00:00,2132.24,2167.53,2122.77,2145.08,93949.15
2026-03-21T00:00:00+00:00,2145.08,2158.94,2143.06,2152.4,46193.77
2026-03-21T04:00:00+00:00,2152.4,2160.47,2149.27,2154.39,37162.72
2026-03-21T08:00:00+00:00,2154.39,2158.56,2148.35,2156.38,37906.82
2026-03-21T12:00:00+00:00,2156.38,2167.58,2145.1,2154.19,71702.51
2026-03-21T16:00:00+00:00,2154.19,2154.73,2140.68,2151.16,42460.19
2026-03-21T20:00:00+00:00,2151.16,2156,2068.89,2083.44,156054.7
2026-03-22T00:00:00+00:00,2083.44,2126.41,2048.09,2112.94,272681.15
2026-03-22T04:00:00+00:00,2112.94,2122,2091.76,2092.8,108946.44
2026-03-22T08:00:00+00:00,2092.8,2096.1,2065.64,2068.89,170193.63
2026-03-22T12:00:00+00:00,2068.89,2091.92,2067.2,2082.11,98331.65
2026-03-22T16:00:00+00:00,2082.11,2083.73,2052.2,2062.14,102470.56
2026-03-22T20:00:00+00:00,2062.14,2074,2024.5,2052.82,195760.5
2026-03-23T00:00:00+00:00,2052.82,2071.64,2034.58,2051.6,145294.43
2026-03-23T04:00:00+00:00,2051.6,2071.3,2022,2043.71,174670.28
2026-03-23T08:00:00+00:00,2043.71,2199.92,2028,2133.73,562424.88
2026-03-23T12:00:00+00:00,2133.73,2191.56,2106.49,2127.4,426637.97
2026-03-23T16:00:00+00:00,2127.4,2178.21,2116.36,2153.21,322065.52
2026-03-23T20:00:00+00:00,2153.21,2166.39,2139.26,2150.85,74315.97
2026-03-24T00:00:00+00:00,2150.85,2155.23,2123.09,2140.6,134294.58
2026-03-24T04:00:00+00:00,2140.6,2169.87,2127.64,2164.75,156365.07
2026-03-24T08:00:00+00:00,2164.75,2174.61,2146.18,2164.71,142671.26
2026-03-24T12:00:00+00:00,2164.71,2169.47,2117.89,2134.31,261095.91
2026-03-24T16:00:00+00:00,2134.31,2139.96,2102.06,2115.94,193224.47
2026-03-24T20:00:00+00:00,2115.94,2163,2114.55,2155.1,152505.69
2026-03-25T00:00:00+00:00,2155.1,2167.99,2145,2157.44,131856.07
2026-03-25T04:00:00+00:00,2157.44,2178.78,2155.44,2163.61,132260.61
2026-03-25T08:00:00+00:00,2163.61,2197.77,2163.28,2184.89,193416.25
2026-03-25T12:00:00+00:00,2184.89,2197.24,2146.42,2161.39,320394.44
2026-03-25T16:00:00+00:00,2161.39,2185.59,2154.73,2171.63,182969.79
2026-03-25T20:00:00+00:00,2171.63,2182.36,2158,2168.11,79174.89
2026-03-26T00:00:00+00:00,2168.11,2171.35,2143,2152.14,135040.74
2026-03-26T04:00:00+00:00,2152.14,2153.5,2111,2122.4,192222.81
2026-03-26T08:00:00+00:00,2122.4,2125.86,2061.11,2067.46,269590
2026-03-26T12:00:00+00:00,2067.46,2093.07,2050.85,2069.57,228622.03
2026-03-26T16:00:00+00:00,2069.57,2070.32,2033.17,2048.11,170457.8
2026-03-26T20:00:00+00:00,2048.11,2079.75,2045.46,2059.59,136708.53
2026-03-27T00:00:00+00:00,2059.59,2076.22,2056,2060.65,69075.58
2026-03-27T04:00:00+00:00,2060.65,2071,2042,2064.78,132040.17
2026-03-27T08:00:00+00:00,2064.78,2068.63,1980.7,1990.57,348936.24
2026-03-27T12:00:00+00:00,1990.57,2009.58,1966.1,1990.43,287916.01
2026-03-27T16:00:00+00:00,1990.43,1997.5,1973.61,1990.56,201820.37
2026-03-27T20:00:00+00:00,1990.56,1995.51,1977.96,1992,68970.95
2026-03-28T00:00:00+00:00,1992,1994.49,1981.51,1988.14,49636.41
2026-03-28T04:00:00+00:00,1988.14,2007.43,1986.11,2006.1,79878.15
2026-03-28T08:00:00+00:00,2006.1,2007.34,1991.6,1996.41,93042.16
2026-03-28T12:00:00+00:00,1996.41,2046.6,1990.88,2025.85,256146.81
2026-03-28T16:00:00+00:00,2025.85,2029.28,2015.29,2019.67,40370.1
2026-03-28T20:00:00+00:00,2019.67,2025.8,1988.05,1993.51,89260.94
2026-03-29T00:00:00+00:00,1993.51,2018.76,1990.16,2010.11,107641.61
2026-03-29T04:00:00+00:00,2010.11,2011.92,1996.24,2004.94,61365.11
2026-03-29T08:00:00+00:00,2004.94,2007.91,1990.57,2002.63,72274.13
2026-03-29T12:00:00+00:00,2002.63,2004.11,1982.66,1991.99,143468.19
2026-03-29T16:00:00+00:00,1991.99,2004.02,1986.62,1995.01,92639.09
2026-03-29T20:00:00+00:00,1995.01,2008.79,1936.67,1983.59,322865.58
2026-03-30T00:00:00+00:00,1983.59,2042.93,1978.69,2035.22,339994.28
2026-03-30T04:00:00+00:00,2035.22,2067,2035.02,2058.55,200809.18
2026-03-30T08:00:00+00:00,2058.55,2080.76,2046.83,2069.99,164275.33
2026-03-30T12:00:00+00:00,2069.99,2084.61,2040.99,2073.36,228298.2
2026-03-30T16:00:00+00:00,2073.36,2073.86,2012.19,2022.8,205304.71
2026-03-30T20:00:00+00:00,2022.8,2048.6,2013,2025.9,122269.95
2026-03-31T00:00:00+00:00,2025.9,2092,2015.11,2066.11,253030.15
2026-03-31T04:00:00+00:00,2066.11,2071.63,2041,2054.94,124201.86
2026-03-31T08:00:00+00:00,2054.94,2058.3,2011.55,2040.34,262206.26
2026-03-31T12:00:00+00:00,2040.34,2091.37,2034.22,2053.76,390378.33
2026-03-31T16:00:00+00:00,2053.76,2123,2053.35,2095.33,391615.26
2026-03-31T20:00:00+00:00,2095.33,2109.04,2086.32,2104.35,94550.12
2026-04-01T00:00:00+00:00,2104.35,2117.32,2080.69,2101.55,150606.06
2026-04-01T04:00:00+00:00,2101.55,2157.13,2099.02,2129.75,295222.55
2026-04-01T08:00:00+00:00,2129.75,2141.78,2123.51,2134.15,122421.97
2026-04-01T12:00:00+00:00,2134.15,2148.79,2107.07,2133.69,299161.54
2026-04-01T16:00:00+00:00,2133.69,2166.94,2122.21,2139.96,318818.42
2026-04-01T20:00:00+00:00,2139.96,2164,2129.32,2138.65,148176.82
2026-04-02T00:00:00+00:00,2138.65,2157.88,2044.81,2054.82,409231.2
2026-04-02T04:00:00+00:00,2054.82,2057.43,2036.8,2054.84,148816.83
2026-04-02T08:00:00+00:00,2054.84,2054.84,2023.31,2032.18,138510.32
2026-04-02T12:00:00+00:00,2032.18,2071.46,2015.58,2058.56,373057.77
2026-04-02T16:00:00+00:00,2058.56,2075.6,2042.5,2064.3,155765.65
2026-04-02T20:00:00+00:00,2064.3,2073.28,2052.17,2055.9,98721.31
2026-04-03T04:00:00+00:00,2053,2074.88,2046.31,2064.97,172640.62
2026-04-03T08:00:00+00:00,2064.97,2070.9,2051.96,2061.8,68004.78
2026-04-03T12:00:00+00:00,2061.8,2080.1,2040.36,2050.22,189236.07
2026-04-03T16:00:00+00:00,2050.22,2055.64,2042.59,2051.68,60192.52
2026-04-03T20:00:00+00:00,2051.68,2060.42,2048.39,2053.04,34435.31
2026-04-04T00:00:00+00:00,2053.04,2053.19,2047.1,2049.4,21637.41
2026-04-04T04:00:00+00:00,2049.4,2057.35,2047.78,2053.04,29863.56
2026-04-04T08:00:00+00:00,2053.04,2054.56,2046.75,2051.17,48037.27
2026-04-04T12:00:00+00:00,2051.17,2061.38,2043.09,2055.11,97477.55
2026-04-04T16:00:00+00:00,2055.11,2083.73,2051.63,2064.04,133819.12
2026-04-04T20:00:00+00:00,2064.04,2071.71,2059.04,2064.78,45013.12
2026-04-05T00:00:00+00:00,2064.78,2065.02,2052.67,2055.96,40280.12
2026-04-05T04:00:00+00:00,2055.96,2057.4,2026.06,2036.25,126079.79
2026-04-05T08:00:00+00:00,2036.25,2052.44,2034.75,2041.11,48528.44
2026-04-05T12:00:00+00:00,2041.11,2069.6,2020.14,2053.16,219197.39
2026-04-05T16:00:00+00:00,2053.16,2069.13,2047.42,2061.14,89645.81
2026-04-05T20:00:00+00:00,2061.14,2122.5,2048.86,2109.29,292935.48
2026-04-06T00:00:00+00:00,2109.29,2146.5,2109.29,2128.37,269841.37
2026-04-06T04:00:00+00:00,2128.37,2140.35,2119.05,2134.13,109282.85
2026-04-06T08:00:00+00:00,2134.13,2173.75,2132.42,2150.42,200770.65
2026-04-06T12:00:00+00:00,2150.42,2168.89,2136,2163.41,254741.84
2026-04-06T16:00:00+00:00,2163.41,2167.36,2122.23,2142.93,179272.05
2026-04-06T20:00:00+00:00,2142.93,2153.88,2086.48,2105.89,212168.15
2026-04-07T00:00:00+00:00,2105.89,2119.48,2092.09,2107.21,145271.14
2026-04-07T04:00:00+00:00,2107.21,2118.25,2095.5,2103.25,81352.77
2026-04-07T08:00:00+00:00,2103.25,2133.06,2081,2088.52,227124.46
2026-04-07T12:00:00+00:00,2088.52,2092.62,2058.49,2079.39,280023.55
2026-04-07T16:00:00+00:00,2079.39,2116.63,2076.5,2112.66,205112.92
2026-04-07T20:00:00+00:00,2112.66,2273.2,2109.71,2239.21,618005.47
2026-04-08T00:00:00+00:00,2239.21,2250.06,2226.68,2233.54,162671.17
2026-04-08T04:00:00+00:00,2233.54,2260,2233.54,2252.43,144175.67
2026-04-08T08:00:00+00:00,2252.43,2263.29,2236.64,2246.12,124168.7
2026-04-08T12:00:00+00:00,2246.12,2270.25,2186.47,2214.5,447046.52
2026-04-08T16:00:00+00:00,2214.5,2239,2196.91,2210.26,218396.67
2026-04-08T20:00:00+00:00,2210.26,2222.67,2178.54,2189.15,120996.23
2026-04-09T00:00:00+00:00,2189.15,2193.48,2161,2181.66,125551.79
2026-04-09T04:00:00+00:00,2181.66,2188.56,2174.75,2179.96,66840.26
2026-04-09T08:00:00+00:00,2179.96,2197.59,2175.02,2179.37,126288.54
2026-04-09T12:00:00+00:00,2179.37,2224.86,2156.28,2217.3,350405.94
2026-04-09T16:00:00+00:00,2217.3,2229,2192.06,2215.5,281196.23
2026-04-09T20:00:00+00:00,2215.5,2245.99,2182.01,2188.91,151184.98
2026-04-10T00:00:00+00:00,2188.91,2204.17,2175.31,2185.26,113257.15
2026-04-10T04:00:00+00:00,2185.26,2202.54,2175.19,2178.65,100633.47
2026-04-10T08:00:00+00:00,2178.65,2223.48,2176.21,2214.56,150971.16
2026-04-10T12:00:00+00:00,2214.56,2256.93,2206.8,2223.1,348483.58
2026-04-10T16:00:00+00:00,2223.1,2254.55,2220,2251.64,143197.37
2026-04-10T20:00:00+00:00,2251.64,2256.98,2233.4,2244.11,83111.81
2026-04-11T00:00:00+00:00,2244.11,2251.16,2233.48,2236.1,49340.86
2026-04-11T04:00:00+00:00,2236.1,2241.92,2227.62,2231.88,59142.21
2026-04-11T08:00:00+00:00,2231.88,2248.32,2230.67,2244.84,71696.96
2026-04-11T12:00:00+00:00,2244.84,2255.69,2232.2,2248.43,86230.42
2026-04-11T16:00:00+00:00,2248.43,2329.32,2245.39,2314.95,324707.78
2026-04-11T20:00:00+00:00,2314.95,2316.09,2275.31,2283.94,147959.78
2026-04-12T00:00:00+00:00,2283.94,2287.47,2205.68,2212.9,279491.23
2026-04-12T04:00:00+00:00,2212.9,2219.9,2207.47,2217.3,77764.73
2026-04-12T08:00:00+00:00,2217.3,2218.32,2191.81,2203.46,96466.87
2026-04-12T12:00:00+00:00,2203.46,2207.21,2173.1,2185.58,182519.45
2026-04-12T16:00:00+00:00,2185.58,2206.2,2181.79,2197.26,74069.16
2026-04-12T20:00:00+00:00,2197.26,2217.99,2182.05,2190.81,144963.74
2026-04-13T00:00:00+00:00,2190.81,2208.76,2186.25,2193.5,62435.29
2026-04-13T04:00:00+00:00,2193.5,2201.3,2181,2185.95,85994.15
2026-04-13T08:00:00+00:00,2185.95,2195,2177.88,2186.64,77106.65
2026-04-13T12:00:00+00:00,2186.64,2235.45,2175,2208.06,320973.66
2026-04-13T16:00:00+00:00,2208.06,2268,2198.49,2260.97,255182.09
2026-04-13T20:00:00+00:00,2260.97,2393,2246.22,2367.46,504110.75
2026-04-14T00:00:00+00:00,2367.46,2376.91,2352.05,2363.88,112572.37
2026-04-14T04:00:00+00:00,2363.88,2388,2353.15,2375.89,111330.89
2026-04-14T08:00:00+00:00,2375.89,2395,2365.72,2372.68,161219.37
2026-04-14T12:00:00+00:00,2372.68,2415,2331.45,2362.83,464144.64
2026-04-14T16:00:00+00:00,2362.83,2370,2301.58,2312.15,268891.45
2026-04-14T20:00:00+00:00,2312.15,2331.39,2307.36,2321.22,88828.28
2026-04-15T00:00:00+00:00,2321.22,2344.97,2316.74,2327.93,160348.94
2026-04-15T04:00:00+00:00,2327.93,2337.36,2306.77,2315.76,100414.79
2026-04-15T08:00:00+00:00,2315.76,2338.79,2311.05,2336.21,130337.83
2026-04-15T12:00:00+00:00,2336.21,2349.7,2316.35,2330.77,190911.69
2026-04-15T16:00:00+00:00,2330.77,2384.66,2327.9,2373.63,193519.91
2026-04-15T20:00:00+00:00,2373.63,2379.59,2347.09,2358.76,123299.72
2026-04-16T00:00:00+00:00,2358.76,2368.47,2343.28,2356.35,73234.71
2026-04-16T04:00:00+00:00,2356.35,2362.5,2334,2340.52,83933.37
2026-04-16T08:00:00+00:00,2340.52,2347.19,2327.03,2334.69,128035.32
2026-04-16T12:00:00+00:00,2334.69,2351.79,2283.25,2337.87,408004.01
2026-04-16T16:00:00+00:00,2337.87,2361.27,2308.59,2358.72,190512.29
2026-04-16T20:00:00+00:00,2358.72,2364.15,2334.78,2346.91,78136.02
2026-04-17T00:00:00+00:00,2346.91,2349.89,2322.1,2324.59,94240.15
2026-04-17T04:00:00+00:00,2324.59,2341,2314.89,2333.38,84594.6
2026-04-17T08:00:00+00:00,2333.38,2376.47,2331.89,2353.83,215868.49
2026-04-17T12:00:00+00:00,2353.83,2455.62,2348,2439.99,677024.2
2026-04-17T16:00:00+00:00,2439.99,2463,2413.4,2425.95,198625.83
2026-04-17T20:00:00+00:00,2425.95,2440.61,2413.4,2416.93,98552.18
2026-04-18T00:00:00+00:00,2416.93,2425.9,2396.91,2403.52,68936.2
2026-04-18T04:00:00+00:00,2403.52,2411.99,2397.73,2402.07,56453.21
2026-04-18T08:00:00+00:00,2402.07,2403.5,2342.01,2351.61,234605.46
2026-04-18T12:00:00+00:00,2351.61,2368,2344.02,2361.87,99221.22
2026-04-18T16:00:00+00:00,2361.87,2373.43,2335.86,2346.86,112784.59
2026-04-18T20:00:00+00:00,2346.86,2358.52,2343.25,2349.07,33368.2
2026-04-19T00:00:00+00:00,2349.07,2354.1,2330.37,2338.42,59009.25
2026-04-19T04:00:00+00:00,2338.42,2344.92,2295.68,2314.46,206950.28
2026-04-19T08:00:00+00:00,2314.46,2330,2304.71,2327.91,91388.3
2026-04-19T12:00:00+00:00,2327.91,2348.5,2313.51,2329.58,152236.78
2026-04-19T16:00:00+00:00,2329.58,2330.3,2286.51,2299.02,215577.56
2026-04-19T20:00:00+00:00,2299.02,2299.41,2251,2262.51,218274.37
2026-04-20T00:00:00+00:00,2262.51,2293.54,2258.81,2285.35,104318.91
2026-04-20T04:00:00+00:00,2285.35,2331.74,2261.6,2297.06,169565.13
2026-04-20T08:00:00+00:00,2297.06,2319,2288.4,2307.21,113227.14
2026-04-20T12:00:00+00:00,2307.21,2325.73,2277.06,2312.5,274871.96
2026-04-20T16:00:00+00:00,2312.5,2342.72,2296.26,2330.18,218352.32
2026-04-20T20:00:00+00:00,2330.18,2345.35,2305.22,2312.32,107014.62
2026-04-21T00:00:00+00:00,2312.32,2324.96,2298.08,2310.01,79634.75
2026-04-21T04:00:00+00:00,2310.01,2326.71,2302.59,2316.65,80340.7
2026-04-21T08:00:00+00:00,2316.65,2337.45,2312.05,2319.09,162234.2
2026-04-21T12:00:00+00:00,2319.09,2326.56,2289,2309.37,229648.42
2026-04-21T16:00:00+00:00,2309.37,2332,2283,2297.95,312289.22
2026-04-21T20:00:00+00:00,2297.95,2329.83,2295.3,2326.54,127612.13
2026-04-22T00:00:00+00:00,2326.54,2378.23,2312.02,2362.57,245833.28
2026-04-22T04:00:00+00:00,2362.57,2411.57,2357.11,2388.51,262746.53
2026-04-22T08:00:00+00:00,2388.51,2399.25,2381.22,2397.22,80142.81
2026-04-22T12:00:00+00:00,2397.22,2422,2389.16,2402.63,271665.82
2026-04-22T16:00:00+00:00,2402.63,2412.49,2382.63,2396.61,154092.68
2026-04-22T20:00:00+00:00,2396.61,2405,2372.42,2372.91,94654.78
2026-04-23T00:00:00+00:00,2372.91,2382.1,2330.5,2340.01,280438.54
2026-04-23T04:00:00+00:00,2340.01,2358.25,2336.24,2343.16,108625.68
2026-04-23T08:00:00+00:00,2343.16,2343.79,2305.45,2328.47,244036.72
2026-04-23T12:00:00+00:00,2328.47,2342.69,2314.18,2331.95,182126.56
2026-04-23T16:00:00+00:00,2331.95,2334.36,2283.52,2311.82,277933.92
2026-04-23T20:00:00+00:00,2311.82,2338.19,2311.56,2329.26,74405.12
2026-04-24T00:00:00+00:00,2329.26,2336.65,2300.02,2307.6,107188.6
2026-04-24T04:00:00+00:00,2307.6,2316.9,2297.97,2311.03,97920.89
2026-04-24T08:00:00+00:00,2311.03,2331.11,2303.01,2327,186540.79
2026-04-24T12:00:00+00:00,2327,2330.1,2300.53,2323.29,216274.33
2026-04-24T16:00:00+00:00,2323.29,2324.66,2307.93,2320.77,93041.14
2026-04-24T20:00:00+00:00,2320.77,2327,2305.8,2313.87,106711.25
2026-04-25T00:00:00+00:00,2313.87,2320,2310.21,2317.67,27880.24
2026-04-25T04:00:00+00:00,2317.67,2317.95,2311.93,2315.2,22992.11
2026-04-25T08:00:00+00:00,2315.2,2322.11,2310,2312.95,40503.45
2026-04-25T12:00:00+00:00,2312.95,2317.97,2300.68,2307.21,87653.62
2026-04-25T16:00:00+00:00,2307.21,2313.82,2299.03,2309.54,74329.87
2026-04-25T20:00:00+00:00,2309.54,2320.52,2308.34,2319.29,33640.15
2026-04-26T00:00:00+00:00,2319.29,2319.47,2306.15,2309.82,33967.18
2026-04-26T04:00:00+00:00,2309.82,2336.58,2308.77,2330.74,124303.78
2026-04-26T08:00:00+00:00,2330.74,2337.47,2328.5,2335.29,51046.61
2026-04-26T12:00:00+00:00,2335.29,2351.74,2323.44,2347.2,101679.84
2026-04-26T16:00:00+00:00,2347.2,2375.58,2339.23,2366.52,137966.2
2026-04-26T20:00:00+00:00,2366.52,2379.4,2346.32,2368.6,126292.63
2026-04-27T00:00:00+00:00,2368.6,2404,2358.03,2393.6,194514.72
2026-04-27T04:00:00+00:00,2393.6,2394.99,2311.5,2315.01,363054.51
2026-04-27T08:00:00+00:00,2315.01,2325,2308.11,2319.31,92767.93
2026-04-27T12:00:00+00:00,2319.31,2328.83,2264.24,2273.87,293393.94
2026-04-27T16:00:00+00:00,2273.87,2291.44,2268.77,2288.17,81160.5
2026-04-27T20:00:00+00:00,2288.17,2307.66,2283.3,2302.68,55308
2026-04-28T00:00:00+00:00,2302.68,2311.3,2278.84,2289.65,103050.3
2026-04-28T04:00:00+00:00,2289.65,2296.41,2268,2286.76,93702.02
2026-04-28T08:00:00+00:00,2286.76,2291.14,2269.5,2274.69,84740.58
2026-04-28T12:00:00+00:00,2274.69,2284.99,2256,2278.77,198181.87
2026-04-28T16:00:00+00:00,2278.77,2304.55,2273.4,2300.9,136471.25
2026-04-28T20:00:00+00:00,2300.9,2304.99,2282.74,2288.33,43564.35
2026-04-29T00:00:00+00:00,2288.33,2315.64,2278.09,2310.59,130708.38
2026-04-29T04:00:00+00:00,2310.59,2341.81,2308.3,2322.75,188163.64
2026-04-29T08:00:00+00:00,2322.75,2345.54,2319.8,2330.43,164162.94
2026-04-29T12:00:00+00:00,2330.43,2330.84,2262.39,2272.09,332586.46
2026-04-29T16:00:00+00:00,2272.09,2285.52,2219.22,2232.68,338686.73
2026-04-29T20:00:00+00:00,2232.68,2264.62,2229.56,2252.04,99638.69
2026-04-30T00:00:00+00:00,2252.04,2278.55,2234.24,2252,138242.38
2026-04-30T04:00:00+00:00,2252,2261.29,2230.2,2259.06,106468.19
2026-04-30T08:00:00+00:00,2259.06,2273.45,2251.1,2257.29,107711.39
2026-04-30T12:00:00+00:00,2257.29,2274.88,2244.99,2264.57,140277.56
2026-04-30T16:00:00+00:00,2264.57,2266.29,2250.29,2260.73,66211.86
2026-04-30T20:00:00+00:00,2260.73,2266.35,2251.22,2256.61,32539.42
2026-05-01T00:00:00+00:00,2256.61,2294.67,2256.18,2281.79,107200.54
2026-05-01T04:00:00+00:00,2281.79,2285.73,2271,2278.65,81475.62
2026-05-01T08:00:00+00:00,2278.65,2292.4,2275.72,2285.34,67748.9
2026-05-01T12:00:00+00:00,2285.34,2324.3,2282.66,2306.5,325259.53
2026-05-01T16:00:00+00:00,2306.5,2313.24,2296.89,2303.7,82317.21
2026-05-01T20:00:00+00:00,2303.7,2304.83,2277.61,2294.6,86574.78
2026-05-02T00:00:00+00:00,2294.6,2308.09,2291.7,2303.3,62092.72
2026-05-02T04:00:00+00:00,2303.3,2305.4,2295.51,2299.98,43584.44
2026-05-02T08:00:00+00:00,2299.98,2306.95,2297.84,2301.19,40157.07
2026-05-02T12:00:00+00:00,2301.19,2311.71,2300,2307.88,30989.62
2026-05-02T16:00:00+00:00,2307.88,2312.84,2302.33,2310.12,41291.23
2026-05-02T20:00:00+00:00,2310.12,2341.9,2308.35,2316.08,114544.96
2026-05-03T00:00:00+00:00,2316.08,2316.97,2299,2301.14,98549.47
2026-05-03T04:00:00+00:00,2301.14,2313.12,2296.18,2308.15,54540.67
2026-05-03T08:00:00+00:00,2308.15,2326.54,2306.41,2318.84,78044.55
2026-05-03T12:00:00+00:00,2318.84,2332.85,2318.84,2327.21,81194.09
2026-05-03T16:00:00+00:00,2327.21,2336.58,2320.48,2334.39,58684.22
2026-05-03T20:00:00+00:00,2334.39,2355.84,2313.33,2321.84,188296.4
2026-05-04T00:00:00+00:00,2321.84,2390.74,2308.06,2383.84,334613.48
2026-05-04T04:00:00+00:00,2383.84,2399.37,2352.36,2361.92,173759.57
2026-05-04T08:00:00+00:00,2361.92,2370.55,2313.12,2336.32,278871.62
2026-05-04T12:00:00+00:00,2336.32,2380.92,2324.48,2348.47,329625.56
2026-05-04T16:00:00+00:00,2348.47,2378.85,2334.76,2355.39,178833.56
2026-05-04T20:00:00+00:00,2355.39,2364.9,2343.44,2346.19,45763.78
2026-05-05T00:00:00+00:00,2346.19,2388.5,2343.81,2380.77,116373.19
2026-05-05T04:00:00+00:00,2380.77,2389.92,2365.56,2378.99,120453.17
2026-05-05T08:00:00+00:00,2378.99,2383.12,2365.57,2378.45,89194.68
2026-05-05T12:00:00+00:00,2378.45,2399.4,2367.72,2379.96,210714.99
2026-05-05T16:00:00+00:00,2379.96,2382.21,2358.33,2370.64,92101.69
2026-05-05T20:00:00+00:00,2370.64,2387.77,2352.67,2359.66,135858.45
2026-05-06T00:00:00+00:00,2359.66,2380.73,2352.7,2375.42,109233.35
2026-05-06T04:00:00+00:00,2375.42,2378.22,2352.37,2370.57,85284.79
2026-05-06T08:00:00+00:00,2370.57,2422.91,2368.24,2409.35,323750.89
