timestamp,open,high,low,close,volume
2025-10-17T13:00:00Z,3774,3808.09,3737.85,3787.51,107013.57
2025-10-17T14:00:00Z,3787.51,3796.66,3712.1,3748.63,145218.96
2025-10-17T15:00:00Z,3748.63,3799.22,3742.55,3795.83,80902.485
2025-10-17T16:00:00Z,3795.83,3844,3775.68,3786.02,124600.545
2025-10-17T17:00:00Z,3786.02,3824.7,3777.47,3815.29,54320.355
2025-10-17T18:00:00Z,3815.29,3849.13,3810.24,3833.91,38825.22
2025-10-17T19:00:00Z,3833.91,3848.4,3812.51,3825,43872.12
2025-10-17T20:00:00Z,3825,3861.92,3816.66,3856.06,36618.48
2025-10-17T21:00:00Z,3856.06,3881.58,3851.11,3874.57,43280.445
2025-10-17T22:00:00Z,3874.57,3880.8,3844.17,3852.27,26661.225
2025-10-17T23:00:00Z,3852.27,3852.8,3826.5,3829.68,17581.77
2025-10-18T00:00:00Z,3829.68,3842.11,3816.84,3838.69,18493.08
2025-10-18T01:00:00Z,3838.69,3877,3838.69,3866.58,29165.67
2025-10-18T02:00:00Z,3866.58,3880,3843.7,3848.92,39311.685
2025-10-18T03:00:00Z,3848.92,3877.13,3847.44,3868.21,17477.34
2025-10-18T04:00:00Z,3868.21,3868.21,3839.28,3841.92,20946.675
2025-10-18T05:00:00Z,3841.92,3866.86,3840.76,3864.8,16538.535
2025-10-18T06:00:00Z,3864.8,3874.44,3858.47,3869.8,22311.54
2025-10-18T07:00:00Z,3869.8,3925.98,3869.8,3890.4,108612.315
2025-10-18T08:00:00Z,3890.4,3903.25,3873,3874.51,25045.83
2025-10-18T09:00:00Z,3874.51,3885.55,3863.48,3877,18410.97
2025-10-18T10:00:00Z,3877,3892.68,3860.4,3875.01,17010.9
2025-10-18T11:00:00Z,3875.01,3882.67,3867.61,3881.31,10869.57
2025-10-18T12:00:00Z,3881.31,3892.28,3872.04,3882,10570.42
2025-10-18T13:00:00Z,3882,3882.36,3853.52,3864.39,21832.38
2025-10-18T14:00:00Z,3864.39,3880.98,3847.1,3872.48,21792.78
2025-10-18T15:00:00Z,3872.48,3878.89,3862.21,3876.17,12000.32
2025-10-18T16:00:00Z,3876.17,3881.17,3851.86,3863.66,15197.03
2025-10-18T17:00:00Z,3863.66,3897.37,3856.55,3892.2,15043.68
2025-10-18T18:00:00Z,3892.2,3897.5,3881.61,3887.3,7861.4
2025-10-18T19:00:00Z,3887.3,3893.6,3881.25,3892.38,5808.87
2025-10-18T20:00:00Z,3892.38,3908.43,3883.92,3883.92,14010.53
2025-10-18T21:00:00Z,3883.92,3894.79,3867.26,3889.71,13613.62
2025-10-18T22:00:00Z,3889.71,3893.43,3881.1,3883.98,13220.15
2025-10-18T23:00:00Z,3883.98,3888.55,3879.01,3886.88,7756.3
2025-10-19T00:00:00Z,3886.88,3890.84,3860.85,3867.77,12399.37
2025-10-19T01:00:00Z,3867.77,3876.01,3854.29,3873.02,11062.34
2025-10-19T02:00:00Z,3873.02,3874.48,3863.63,3871.91,5499.03
2025-10-19T03:00:00Z,3871.91,3905,3867.26,3903.97,19227.41
2025-10-19T04:00:00Z,3903.97,3906.55,3888.75,3900.99,12088.01
2025-10-19T05:00:00Z,3900.99,3919.35,3891.71,3894.69,20444.99
2025-10-19T06:00:00Z,3894.69,3898.7,3872.18,3879.47,11594.78
2025-10-19T07:00:00Z,3879.47,3891.98,3875.4,3886.7,7446.92
2025-10-19T08:00:00Z,3886.7,3957.02,3825.22,3861.75,136571.59
2025-10-19T09:00:00Z,3861.75,3928.61,3847.71,3910.61,65714.89
2025-10-19T10:00:00Z,3910.61,3948,3896.1,3929.64,48187.39
2025-10-19T11:00:00Z,3929.64,3949.98,3913.09,3922.18,46772.02
2025-10-19T12:00:00Z,3922.18,3928.96,3906.68,3921.86,19958.34
2025-10-19T13:00:00Z,3921.86,3986,3912.13,3969.99,60156.07
2025-10-19T14:00:00Z,3969.99,4000.63,3952.56,3987.46,53979.8
2025-10-19T15:00:00Z,3987.46,3990,3970.57,3977.2,15579.89
2025-10-19T16:00:00Z,3977.2,3986.85,3956.84,3979.16,22060.14
2025-10-19T17:00:00Z,3979.16,4025,3978.77,3991.31,73558.8
2025-10-19T18:00:00Z,3991.31,4002.9,3984,3998.97,22647.59
2025-10-19T19:00:00Z,3998.97,4002.39,3976.09,3983.2,15875.56
2025-10-19T20:00:00Z,3983.2,4000.5,3971.11,3998.15,17849.34
2025-10-19T21:00:00Z,3998.15,4001.6,3981.76,3995.02,11761.34
2025-10-19T22:00:00Z,3995.02,4028.88,3985.91,4017.29,24569.25
2025-10-19T23:00:00Z,4017.29,4018.73,3967.16,3980.24,30684.92
2025-10-20T00:00:00Z,3980.24,3980.24,3906.2,3939.44,55899.83
2025-10-20T01:00:00Z,3939.44,3952.41,3928,3935.42,26077.23
2025-10-20T02:00:00Z,3935.42,3964.83,3916.21,3954.33,24901.84
2025-10-20T03:00:00Z,3954.33,4038.4,3946.18,4025.39,59182.68
2025-10-20T04:00:00Z,4025.39,4054.2,4020.79,4052.45,33930.3
2025-10-20T05:00:00Z,4052.45,4073.33,4039.61,4059.21,33466.14
2025-10-20T06:00:00Z,4059.21,4083.53,4053.9,4072.6,22691.44
2025-10-20T07:00:00Z,4072.6,4074.76,4048.65,4052.16,26437.48
2025-10-20T08:00:00Z,4052.16,4069.78,4031.22,4043.1,31345.7
2025-10-20T09:00:00Z,4043.1,4049.99,4032.56,4042.95,22642.62
2025-10-20T10:00:00Z,4042.95,4051.9,4014.01,4024.35,27596.75
2025-10-20T11:00:00Z,4024.35,4041.04,4010,4033.41,28093.18
2025-10-20T12:00:00Z,4033.41,4038.49,4023,4035.99,13002.28
2025-10-20T13:00:00Z,4035.99,4043.47,4017.54,4037.4,23753.17
2025-10-20T14:00:00Z,4037.4,4047.44,4011,4037.85,33007.35
2025-10-20T15:00:00Z,4037.85,4048.85,4001.17,4003.1,43112.1
2025-10-20T16:00:00Z,4003.1,4003.1,3923.95,3948.51,128236.85
2025-10-20T17:00:00Z,3948.51,3963.66,3921,3949.99,56077.57
2025-10-20T18:00:00Z,3949.99,3975,3944.4,3973,16495.22
2025-10-20T19:00:00Z,3973,3991.17,3957.6,3979.26,15943.44
2025-10-20T20:00:00Z,3979.26,3997.18,3973.2,3997.18,10645.2
2025-10-20T21:00:00Z,3997.18,4001.93,3969,3975.65,19473.43
2025-10-20T22:00:00Z,3975.65,3989.99,3970,3987.1,10220.39
2025-10-20T23:00:00Z,3987.1,3992.42,3974.04,3977.71,8888.88
2025-10-21T00:00:00Z,3977.71,3984.9,3961,3970.38,12880.23
2025-10-21T01:00:00Z,3970.38,3972.38,3931.91,3946.62,34498.87
2025-10-21T02:00:00Z,3946.62,3949.5,3923.5,3930.15,28108.53
2025-10-21T03:00:00Z,3930.15,3941.84,3916.28,3921.38,16234.82
2025-10-21T04:00:00Z,3921.38,3921.38,3841.5,3849.31,83657.55
2025-10-21T05:00:00Z,3849.31,3872.93,3838.59,3862.32,35989.79
2025-10-21T06:00:00Z,3862.32,3890.84,3853.87,3885.72,23800.47
2025-10-21T07:00:00Z,3885.72,3895.45,3873.59,3890.59,18079.43
2025-10-21T08:00:00Z,3890.59,3891.67,3849.71,3866.4,33816.89
2025-10-21T09:00:00Z,3866.4,3873.12,3855.2,3863.29,12867.57
2025-10-21T10:00:00Z,3863.29,3896.74,3858.11,3882.3,27708.54
2025-10-21T11:00:00Z,3882.3,3893.88,3868.37,3888.79,22765.92
2025-10-21T12:00:00Z,3888.79,3917.33,3875.57,3879.38,51667.87
2025-10-21T13:00:00Z,3879.38,3897.63,3851.11,3865.2,70044.88
2025-10-21T14:00:00Z,3865.2,4023.22,3863.89,4019.75,188208.04
2025-10-21T15:00:00Z,4019.75,4083.61,3995.13,4079.85,130721.88
2025-10-21T16:00:00Z,4079.85,4108.31,4016.36,4026.91,142715.9
2025-10-21T17:00:00Z,4026.91,4037.85,3963,4012.84,114026.08
2025-10-21T18:00:00Z,4012.84,4021.72,3973.52,4012.4,42595.32
2025-10-21T19:00:00Z,4012.4,4020.89,3991.75,3994.19,17357.96
2025-10-21T20:00:00Z,3994.19,3999,3933.56,3952.35,58418.54
2025-10-21T21:00:00Z,3952.35,3964.85,3892.28,3943.99,49362.21
2025-10-21T22:00:00Z,3943.99,3947.82,3890.6,3899.3,55778.76
2025-10-21T23:00:00Z,3899.3,3910,3855.55,3871.4,35662.23
2025-10-22T00:00:00Z,3871.4,3888.08,3818.27,3840.8,53870.26
2025-10-22T01:00:00Z,3840.8,3872.97,3839.48,3868.31,29050.88
2025-10-22T02:00:00Z,3868.31,3875.58,3859.67,3860.21,9882.68
2025-10-22T03:00:00Z,3860.21,3862.01,3838.45,3858.54,14238.38
2025-10-22T04:00:00Z,3858.54,3883.33,3856.36,3878.23,14770.89
2025-10-22T05:00:00Z,3878.23,3880.67,3835.6,3858.81,35522.92
2025-10-22T06:00:00Z,3858.81,3869.27,3850.73,3851.36,17823.49
2025-10-22T07:00:00Z,3851.36,3874.76,3840,3866.7,25674.33
2025-10-22T08:00:00Z,3866.7,3866.89,3846.67,3852.5,12520.54
2025-10-22T09:00:00Z,3852.5,3856.8,3823.08,3835.42,40758.45
2025-10-22T10:00:00Z,3835.42,3848.48,3816.37,3818.7,29895.14
2025-10-22T11:00:00Z,3818.7,3838,3767.75,3828.01,177563
2025-10-22T12:00:00Z,3828.01,3856.93,3819.46,3845.81,46403.87
2025-10-22T13:00:00Z,3845.81,3876.38,3823.06,3871.39,104730.03
2025-10-22T14:00:00Z,3871.39,3873.05,3777.01,3852.08,175234.3
2025-10-22T15:00:00Z,3852.08,3862.92,3789.41,3838.86,108399.18
2025-10-22T16:00:00Z,3838.86,3860,3808.76,3834.1,111944.91
2025-10-22T17:00:00Z,3834.1,3841.83,3792.39,3805.81,31824.28
2025-10-22T18:00:00Z,3805.81,3819.56,3788.39,3801.1,26686.11
2025-10-22T19:00:00Z,3801.1,3827.16,3782.31,3802.59,38553.28
2025-10-22T20:00:00Z,3802.59,3808.99,3767.64,3779.61,32073.25
2025-10-22T21:00:00Z,3779.61,3780.77,3707.24,3742.61,127823.35
2025-10-22T22:00:00Z,3742.61,3760.56,3732.15,3750.7,62952.65
2025-10-22T23:00:00Z,3750.7,3815.61,3749.07,3803.8,126121.15
2025-10-23T00:00:00Z,3803.8,3820,3794.1,3813.62,54918.46
2025-10-23T01:00:00Z,3813.62,3834.35,3810.22,3819.37,22973.2
2025-10-23T02:00:00Z,3819.37,3833,3813.03,3824.43,11206.74
2025-10-23T03:00:00Z,3824.43,3833.99,3820.56,3825.43,6696.45
2025-10-23T04:00:00Z,3825.43,3846.65,3820.99,3834.2,14980.18
2025-10-23T05:00:00Z,3834.2,3848.95,3833.16,3846.08,9125.93
2025-10-23T06:00:00Z,3846.08,3896.56,3842.06,3889.78,44913.95
2025-10-23T07:00:00Z,3889.78,3891.22,3868.39,3879.06,28132.33
2025-10-23T08:00:00Z,3879.06,3902.99,3879.06,3884.98,32607.11
2025-10-23T09:00:00Z,3884.98,3888.97,3872.48,3888.2,17222.89
2025-10-23T10:00:00Z,3888.2,3903.36,3874.92,3875.12,26475.22
2025-10-23T11:00:00Z,3875.12,3886.25,3856.49,3861.15,30818.66
2025-10-23T12:00:00Z,3861.15,3861.15,3833.49,3851.36,38556.04
2025-10-23T13:00:00Z,3851.36,3866.43,3830.62,3849.99,39770.17
2025-10-23T14:00:00Z,3849.99,3852.89,3806.37,3846.01,67203.12
2025-10-23T15:00:00Z,3846.01,3885.68,3841.3,3875.16,57972.41
2025-10-23T16:00:00Z,3875.16,3934,3863.45,3916.35,72738
2025-10-23T17:00:00Z,3916.35,3926.31,3873.89,3919.31,70930
2025-10-23T18:00:00Z,3919.31,3920.9,3856.77,3868.71,42425.87
2025-10-23T19:00:00Z,3868.71,3869.87,3843,3857.8,22631.7
2025-10-23T20:00:00Z,3857.8,3858.7,3816.87,3828.06,50526.79
2025-10-23T21:00:00Z,3828.06,3835.82,3820,3827.09,24380.33
2025-10-23T22:00:00Z,3827.09,3854.26,3825.16,3849.19,21998.49
2025-10-23T23:00:00Z,3849.19,3858.33,3844,3854.9,20180.99
2025-10-24T00:00:00Z,3854.9,3875.83,3843.56,3866.01,39887.37
2025-10-24T01:00:00Z,3866.01,3881.82,3855.7,3879.59,10388.24
2025-10-24T02:00:00Z,3879.59,3894.08,3868.62,3886.9,17495.49
2025-10-24T03:00:00Z,3886.9,3890.24,3876.29,3888.99,15279.6
2025-10-24T04:00:00Z,3888.99,3977.46,3883.55,3972.12,84608.2
2025-10-24T05:00:00Z,3972.12,3986.78,3954.19,3971.61,35808.32
2025-10-24T06:00:00Z,3971.61,3985.16,3961.13,3980.42,24165.91
2025-10-24T07:00:00Z,3980.42,3982.2,3931.1,3946.71,43629.77
2025-10-24T08:00:00Z,3946.71,3962.99,3928,3950.71,46046.9
2025-10-24T09:00:00Z,3950.71,3967.57,3947.56,3956.4,20785.85
2025-10-24T10:00:00Z,3956.4,3962.38,3945.45,3954.32,13935.83
2025-10-24T11:00:00Z,3954.32,3961.99,3923.01,3944,24133.68
2025-10-24T12:00:00Z,3944,4026.17,3938.59,3961.27,192115.86
2025-10-24T13:00:00Z,3961.27,3977.07,3915.81,3944.53,83005.72
2025-10-24T14:00:00Z,3944.53,3944.61,3888,3900.18,67518.06
2025-10-24T15:00:00Z,3900.18,3927.69,3870,3886.95,79252.46
2025-10-24T16:00:00Z,3886.95,3891.38,3864.01,3887.94,61297.98
2025-10-24T17:00:00Z,3887.94,3903.6,3873.83,3886.51,56049.12
2025-10-24T18:00:00Z,3886.51,3913.32,3881.31,3910,16689.51
2025-10-24T19:00:00Z,3910,3936.6,3910,3924.18,49913.41
2025-10-24T20:00:00Z,3924.18,3940.79,3921.88,3936.83,17947.06
2025-10-24T21:00:00Z,3936.83,3943.5,3923.09,3941.29,16453.11
2025-10-24T22:00:00Z,3941.29,3942.9,3927.9,3933.45,6624.33
2025-10-24T23:00:00Z,3933.45,3934.56,3923.69,3932.79,4663.02
2025-10-25T00:00:00Z,3932.79,3933.6,3908.87,3915.94,15885.49
2025-10-25T01:00:00Z,3915.94,3937.2,3912.27,3930.88,13655.12
2025-10-25T02:00:00Z,3930.88,3935.48,3923.7,3932.2,5927.43
2025-10-25T03:00:00Z,3932.2,3933.61,3917.27,3919.33,10033.56
2025-10-25T04:00:00Z,3919.33,3934,3918.81,3921.36,13944.65
2025-10-25T05:00:00Z,3921.36,3931.34,3918.78,3929.58,16544.04
2025-10-25T06:00:00Z,3929.58,3934.66,3924.63,3927.19,11047.91
2025-10-25T07:00:00Z,3927.19,3958,3923.18,3927.13,48410.73
2025-10-25T08:00:00Z,3927.13,3954.17,3925.6,3952.26,36220.43
2025-10-25T09:00:00Z,3952.26,3955,3937.3,3940.59,25498.61
2025-10-25T10:00:00Z,3940.59,3945.56,3929.6,3940.59,13481.6
2025-10-25T11:00:00Z,3940.59,3943.57,3936.08,3938.3,3100.31
2025-10-25T12:00:00Z,3938.3,3954.44,3937.5,3951.57,21577.41
2025-10-25T13:00:00Z,3951.57,3954.89,3933.69,3941.49,19571.93
2025-10-25T14:00:00Z,3941.49,3946.41,3931.68,3937.09,8349.48
2025-10-25T15:00:00Z,3937.09,3937.1,3921.65,3931.47,11808.81
2025-10-25T16:00:00Z,3931.47,3937.02,3926.47,3931.61,17361.83
2025-10-25T17:00:00Z,3931.61,3938.37,3929.27,3933.79,6299.08
2025-10-25T18:00:00Z,3933.79,3967.43,3927.78,3957.83,35788.74
2025-10-25T19:00:00Z,3957.83,3962.51,3949.58,3955.9,9903.32
2025-10-25T20:00:00Z,3955.9,3957.53,3942.37,3943.01,11597.07
2025-10-25T22:00:00Z,3951,3962.89,3944.47,3960.02,6528.39
2025-10-25T23:00:00Z,3960.02,3962,3948.59,3951.91,7734.01
2025-10-26T00:00:00Z,3951.91,3959.98,3944.25,3948.16,7536.41
2025-10-26T01:00:00Z,3948.16,3954,3917.4,3931.19,21763.71
2025-10-26T02:00:00Z,3931.19,3937.77,3921.07,3929.01,13204.97
2025-10-26T03:00:00Z,3929.01,3936.01,3921.94,3930.35,11917.37
2025-10-26T04:00:00Z,3930.35,3939.99,3927.35,3938.2,4973.71
2025-10-26T05:00:00Z,3938.2,3945.16,3935.79,3940.91,5676.67
2025-10-26T06:00:00Z,3940.91,3944.4,3937.04,3942.9,2497.58
2025-10-26T07:00:00Z,3942.9,3955,3939.36,3949.89,6553.75
2025-10-26T08:00:00Z,3949.89,3966,3948.71,3957.43,20780.89
2025-10-26T09:00:00Z,3957.43,4010,3953.81,3985.8,62057.4
2025-10-26T10:00:00Z,3985.8,3988,3972,3981.05,20262.55
2025-10-26T11:00:00Z,3981.05,4054,3973.96,4043,114873.13
2025-10-26T12:00:00Z,4043,4075.91,4039,4070.45,85291.63
2025-10-26T13:00:00Z,4070.45,4097.65,4059.59,4081.58,73163.98
2025-10-26T14:00:00Z,4081.58,4088.91,4060.62,4064.5,27047.49
2025-10-26T15:00:00Z,4064.5,4075.14,4057.12,4072.69,19260.03
2025-10-26T16:00:00Z,4072.69,4073.27,4043.53,4053.07,31724.43
2025-10-26T17:00:00Z,4053.07,4066.8,4050.4,4056.47,8058.93
2025-10-26T18:00:00Z,4056.47,4078.26,4055.51,4070.09,23024.11
2025-10-26T19:00:00Z,4070.09,4070.27,4062.96,4065.79,5391.82
2025-10-26T20:00:00Z,4065.79,4071.09,4052.09,4058.95,13271.5
2025-10-26T21:00:00Z,4058.95,4092.79,4052.22,4078.15,25308.24
2025-10-26T22:00:00Z,4078.15,4178.04,4078.15,4158.59,143605.22
2025-10-26T23:00:00Z,4158.59,4177.34,4146.6,4156.91,30364.59
2025-10-27T00:00:00Z,4156.91,4188.52,4147.21,4168.82,31787.74
2025-10-27T01:00:00Z,4168.82,4206.41,4165.6,4190,40998.63
2025-10-27T02:00:00Z,4190,4217,4181.53,4202.69,42041.45
2025-10-27T03:00:00Z,4202.69,4223.1,4197.12,4201.55,22530.19
2025-10-27T04:00:00Z,4201.55,4215.77,4191.35,4209.99,19606
2025-10-27T05:00:00Z,4209.99,4251.56,4207,4230.65,51500.93
2025-10-27T06:00:00Z,4230.65,4243,4220.13,4232.33,34883.78
2025-10-27T07:00:00Z,4232.33,4245,4193.43,4198.7,42075.21
2025-10-27T08:00:00Z,4198.7,4198.89,4152.52,4165.55,71302.81
2025-10-27T09:00:00Z,4165.55,4172.88,4152.96,4159.23,30659.56
2025-10-27T10:00:00Z,4159.23,4173.88,4154,4166.09,14469.06
2025-10-27T11:00:00Z,4166.09,4175,4131.25,4160.54,46201.14
2025-10-27T12:00:00Z,4160.54,4165.98,4137.06,4144.93,17451.6
2025-10-27T13:00:00Z,4144.93,4187.34,4126.95,4176.73,70718.66
2025-10-27T14:00:00Z,4176.73,4182.69,4122.35,4147.99,67334.33
2025-10-27T15:00:00Z,4147.99,4174.72,4146.84,4171.69,27810.03
2025-10-27T16:00:00Z,4171.69,4217.65,4171.4,4212.66,40719.19
2025-10-27T17:00:00Z,4212.66,4223.63,4196.79,4218.77,23479.41
2025-10-27T18:00:00Z,4218.77,4231.99,4203.97,4212.19,24260.47
2025-10-27T19:00:00Z,4212.19,4218.27,4181.82,4191.58,35770.05
2025-10-27T20:00:00Z,4191.58,4193.57,4126.27,4126.27,56374.49
2025-10-27T21:00:00Z,4126.27,4137.15,4092.85,4114.48,62110.91
2025-10-27T22:00:00Z,4114.48,4142.33,4108.43,4120.8,19176.36
2025-10-27T23:00:00Z,4120.8,4126.43,4100.64,4118.17,18407.44
2025-10-28T00:00:00Z,4118.17,4132,4105.33,4113.89,22193.85
2025-10-28T01:00:00Z,4113.89,4140.59,4113.89,4135.39,24409.5
2025-10-28T02:00:00Z,4135.39,4140.47,4073,4094.38,45557.46
2025-10-28T03:00:00Z,4094.38,4099.99,4066.29,4092.99,29498.44
2025-10-28T04:00:00Z,4092.99,4105.05,4086.55,4097.67,12030.92
2025-10-28T05:00:00Z,4097.67,4103.01,4064.85,4067.5,27749
2025-10-28T06:00:00Z,4067.5,4114.98,4066.31,4112.3,22495.2
2025-10-28T07:00:00Z,4112.3,4126.44,4109,4115.7,18118.34
2025-10-28T08:00:00Z,4115.7,4135,4109.16,4122.31,17547.85
2025-10-28T09:00:00Z,4122.31,4129.17,4102.9,4121.86,27356.96
2025-10-28T10:00:00Z,4121.86,4123.85,4107.28,4117.68,11619.55
2025-10-28T11:00:00Z,4117.68,4127.26,4109.68,4111.5,13671.35
2025-10-28T12:00:00Z,4111.5,4125.32,4096.04,4120.82,25935.83
2025-10-28T13:00:00Z,4120.82,4166.67,4120.18,4156.93,60054.71
2025-10-28T14:00:00Z,4156.93,4174.11,4068.63,4117.29,120118.13
2025-10-28T15:00:00Z,4117.29,4139.75,4085.16,4095.62,59483.71
2025-10-28T16:00:00Z,4095.62,4138.82,4091.33,4132.31,47047
2025-10-28T17:00:00Z,4132.31,4145.44,4118.4,4138.09,31856.94
2025-10-28T18:00:00Z,4138.09,4149.14,4101.04,4113.09,40510.15
2025-10-28T19:00:00Z,4113.09,4116.46,4025,4037.99,74402.13
2025-10-28T20:00:00Z,4037.99,4040.81,3957.1,3977.63,119972.14
2025-10-28T21:00:00Z,3977.63,3990.61,3929.85,3981.18,69467.48
2025-10-28T22:00:00Z,3981.18,3998.46,3971.11,3993.79,17612.51
2025-10-28T23:00:00Z,3993.79,3994.9,3975.27,3978.33,16523.72
2025-10-29T00:00:00Z,3978.33,3992.52,3968.19,3971.3,19040.2
2025-10-29T01:00:00Z,3971.3,4007.77,3962.7,3981.36,36213.92
2025-10-29T02:00:00Z,3981.36,4003.57,3979.4,4001.77,11069.48
2025-10-29T03:00:00Z,4001.77,4001.78,3984.42,3996.48,11057.38
2025-10-29T04:00:00Z,3996.48,4018.87,3994.26,4011.63,13245.1
2025-10-29T05:00:00Z,4011.63,4033.82,4010.91,4025.02,24358.82
2025-10-29T06:00:00Z,4025.02,4035,4014.59,4022.8,23101.95
2025-10-29T07:00:00Z,4022.8,4028.98,4010.34,4022.78,18654.64
2025-10-29T08:00:00Z,4022.78,4024.82,4001.04,4005,14848.89
2025-10-29T09:00:00Z,4005,4007.79,3982.78,3995.41,33874.24
2025-10-29T10:00:00Z,3995.41,4002.51,3985.83,3986.65,13530.27
2025-10-29T11:00:00Z,3986.65,4014,3981.13,4009.58,19470.13
2025-10-29T12:00:00Z,4009.58,4018.8,4002.01,4014.53,11341.13
2025-10-29T13:00:00Z,4014.53,4028.04,3981.19,3993.36,73071.16
2025-10-29T14:00:00Z,3993.36,3998.82,3971.7,3986.99,41777.93
2025-10-29T15:00:00Z,3986.99,3993.32,3938.38,3950.51,68433.55
2025-10-29T16:00:00Z,3950.51,3976.44,3923.7,3961.41,73170.66
2025-10-29T17:00:00Z,3961.41,4016.22,3958.51,4014,45220.23
2025-10-29T18:00:00Z,4014,4017.59,3836.67,3915.5,594840.12
2025-10-29T19:00:00Z,3915.5,3956.13,3884.09,3902,100482.85
2025-10-29T20:00:00Z,3902,3950.99,3885.13,3948.99,38713.88
2025-10-29T21:00:00Z,3948.99,3962.33,3927.37,3954.01,18212.69
2025-10-29T22:00:00Z,3954.01,3957.99,3932.1,3938.7,7533.76
2025-10-29T23:00:00Z,3938.7,3939.11,3871.83,3900.8,39016.47
2025-10-30T00:00:00Z,3900.8,3921.9,3883,3920.69,16693.64
2025-10-30T01:00:00Z,3920.69,3934.09,3904.04,3926.24,14603.79
2025-10-30T02:00:00Z,3926.24,3945.52,3921.15,3943.8,15132.15
2025-10-30T03:00:00Z,3943.8,3947.31,3926,3932.56,14675.92
2025-10-30T04:00:00Z,3932.56,3933.08,3837.5,3869.38,108510.29
2025-10-30T05:00:00Z,3869.38,3921.63,3854.89,3914.49,39138.04
2025-10-30T06:00:00Z,3914.49,3925.99,3894.28,3911.1,22599.34
2025-10-30T07:00:00Z,3911.1,3943,3905.62,3938.15,21022.98
2025-10-30T08:00:00Z,3938.15,3938.16,3914,3919.1,15565.58
2025-10-30T09:00:00Z,3919.1,3922.15,3890.07,3898.4,22625.54
2025-10-30T10:00:00Z,3898.4,3905.86,3881.43,3890.65,18979.5
2025-10-30T11:00:00Z,3890.65,3896.52,3874.6,3879.27,23077.47
2025-10-30T12:00:00Z,3879.27,3882.99,3792,3816.39,137976.73
2025-10-30T13:00:00Z,3816.39,3835.78,3758,3764.98,113838.57
2025-10-30T14:00:00Z,3764.98,3805.8,3762.48,3799.47,53663.08
2025-10-30T15:00:00Z,3799.47,3805.53,3756.31,3772.17,44662.35
2025-10-30T16:00:00Z,3772.17,3800.96,3761.36,3779.45,47344.46
2025-10-30T17:00:00Z,3779.45,3779.45,3725.04,3769.68,93583.73
2025-10-30T18:00:00Z,3769.68,3771.41,3718.66,3719.61,45059.2
2025-10-30T19:00:00Z,3719.61,3735.98,3676.84,3685,95523.5
2025-10-30T20:00:00Z,3685,3756,3677.83,3754.97,68862.16
2025-10-30T21:00:00Z,3754.97,3780.74,3745.65,3771.49,35014.38
2025-10-30T22:00:00Z,3771.49,3781.82,3762.06,3781.82,11620.45
2025-10-30T23:00:00Z,3781.82,3804.88,3771.39,3802.6,28981.02
2025-10-31T00:00:00Z,3802.6,3838.65,3794.12,3829.73,34780.66
2025-10-31T01:00:00Z,3829.73,3858.55,3823.98,3844.98,42932.01
2025-10-31T02:00:00Z,3844.98,3849.41,3804.5,3819.39,26978.8
2025-10-31T03:00:00Z,3819.39,3834.81,3809.5,3827,14083.89
2025-10-31T04:00:00Z,3827,3871.23,3824.11,3860.04,51143.19
2025-10-31T05:00:00Z,3860.04,3861,3843.05,3847.86,13689.79
2025-10-31T06:00:00Z,3847.86,3850.71,3820.06,3829,30606.9
2025-10-31T07:00:00Z,3829,3839.27,3818.62,3828.91,19500.11
2025-10-31T08:00:00Z,3828.91,3852.39,3815.83,3849.5,20870.7
2025-10-31T09:00:00Z,3849.5,3861.81,3836.87,3842.56,19615.35
2025-10-31T10:00:00Z,3842.56,3851.9,3829.3,3832.48,15822.05
2025-10-31T11:00:00Z,3832.48,3881.12,3824.45,3870.79,32149.1
2025-10-31T12:00:00Z,3870.79,3885,3831.74,3833.97,54776.3
2025-10-31T13:00:00Z,3833.97,3870.38,3828.81,3856.5,41271
2025-10-31T14:00:00Z,3856.5,3871.86,3835.43,3865.6,41273.28
2025-10-31T15:00:00Z,3865.6,3880.74,3851.11,3858.14,44489.54
2025-10-31T16:00:00Z,3858.14,3865.99,3812.43,3820.31,74312.05
2025-10-31T17:00:00Z,3820.31,3832.93,3802.71,3826.32,42068.44
2025-10-31T18:00:00Z,3826.32,3865.85,3807.03,3850.61,76171.14
2025-10-31T19:00:00Z,3850.61,3904.29,3833.6,3884.2,65527.96
2025-10-31T20:00:00Z,3884.2,3891,3853.85,3858.4,24313.94
2025-10-31T21:00:00Z,3858.4,3863.64,3838.41,3859.4,20623.93
2025-10-31T22:00:00Z,3859.4,3864.79,3848.97,3853.38,6059.75
2025-10-31T23:00:00Z,3853.38,3856.9,3845.74,3846.33,6057.25
2025-11-01T00:00:00Z,3846.33,3848.2,3828.24,3845.33,12396
2025-11-01T01:00:00Z,3845.33,3859.11,3841.04,3842.52,12371.39
2025-11-01T02:00:00Z,3842.52,3853.79,3834.66,3850.68,9375.75
2025-11-01T03:00:00Z,3850.68,3862.87,3849.57,3859.79,10329.58
2025-11-01T04:00:00Z,3859.79,3867.86,3852.77,3864.82,15599.32
2025-11-01T05:00:00Z,3864.82,3865.49,3851.09,3853.59,8036.95
2025-11-01T06:00:00Z,3853.59,3859.43,3851.19,3856.81,6709.81
2025-11-01T07:00:00Z,3856.81,3865.8,3854.6,3858.51,5340.23
2025-11-01T08:00:00Z,3858.51,3881.97,3858.33,3879.96,16843.7
2025-11-01T09:00:00Z,3879.96,3880.42,3869.08,3872.88,14417.1
2025-11-01T10:00:00Z,3872.88,3879.86,3869.38,3873.85,5659.1
2025-11-01T11:00:00Z,3873.85,3879,3866.23,3875.51,7255.89
2025-11-01T12:00:00Z,3875.51,3878.83,3872.58,3873.79,6037.85
2025-11-01T13:00:00Z,3873.79,3876.79,3855,3868.05,13365.02
2025-11-01T14:00:00Z,3868.05,3873.12,3856.4,3870.76,12154.01
2025-11-01T15:00:00Z,3870.76,3901.27,3868.89,3892.62,32400.16
2025-11-01T16:00:00Z,3892.62,3907.33,3883.04,3889.69,24135.08
2025-11-01T17:00:00Z,3889.69,3891.76,3860.1,3863.87,30396.84
2025-11-01T18:00:00Z,3863.87,3879.63,3861.57,3878.39,6700.3
2025-11-01T19:00:00Z,3878.39,3879.1,3868.96,3878.34,1802.91
2025-11-01T20:00:00Z,3878.34,3889.86,3876.84,3879.32,12059.32
2025-11-01T21:00:00Z,3879.32,3882.57,3864.98,3864.99,9923.03
2025-11-01T22:00:00Z,3864.99,3873.86,3861.62,3872.66,6471.45
2025-11-01T23:00:00Z,3872.66,3875.17,3866.42,3871.88,2694.36
2025-11-02T00:00:00Z,3871.88,3871.88,3860.1,3864.74,6052.19
2025-11-02T01:00:00Z,3864.74,3874.84,3860.2,3870.28,5783.59
2025-11-02T02:00:00Z,3870.28,3885.47,3866.3,3878.15,7216.42
2025-11-02T03:00:00Z,3878.15,3883.21,3875.77,3878.74,4558
2025-11-02T04:00:00Z,3878.74,3912,3874.3,3905.83,22863.1
2025-11-02T05:00:00Z,3905.83,3907.2,3892.28,3900.22,11477.94
2025-11-02T06:00:00Z,3900.22,3905.84,3888.64,3899.8,14165.11
2025-11-02T07:00:00Z,3899.8,3916.44,3890.06,3904.07,16381.58
2025-11-02T08:00:00Z,3904.07,3909.09,3890.41,3893,9906.14
2025-11-02T09:00:00Z,3893,3901.67,3866.76,3871.11,30786.71
2025-11-02T10:00:00Z,3871.11,3874.61,3852.36,3862.49,35534.82
2025-11-02T11:00:00Z,3862.49,3895.59,3860.99,3888.66,31809.63
2025-11-02T12:00:00Z,3888.66,3892.35,3868.72,3875.51,22153.94
2025-11-02T13:00:00Z,3875.51,3875.51,3852.38,3867.14,22973.81
2025-11-02T14:00:00Z,3867.14,3872,3837.23,3851.59,41234.38
2025-11-02T15:00:00Z,3851.59,3870.52,3844.67,3852.33,29770.42
2025-11-02T16:00:00Z,3852.33,3864.83,3838.88,3863.69,24517.76
2025-11-02T17:00:00Z,3863.69,3864.13,3848.89,3858.8,10170.65
2025-11-02T18:00:00Z,3858.8,3866.6,3854.17,3863.28,8705.58
2025-11-02T19:00:00Z,3863.28,3863.7,3842.36,3855.18,15588.58
2025-11-02T20:00:00Z,3855.18,3858.99,3846.65,3857.87,4325.63
2025-11-02T21:00:00Z,3857.87,3868.93,3849.05,3860.49,14750.98
2025-11-02T22:00:00Z,3860.49,3863.44,3844,3854.43,13506.97
2025-11-02T23:00:00Z,3854.43,3915,3854.43,3905.21,56730.74
2025-11-03T00:00:00Z,3905.21,3913.11,3860.58,3863.21,28063.39
2025-11-03T01:00:00Z,3863.21,3863.21,3826.68,3836,44331.83
2025-11-03T02:00:00Z,3836,3840.93,3785.27,3798.29,85744.6
2025-11-03T03:00:00Z,3798.29,3806,3725.53,3734.8,104450.56
2025-11-03T04:00:00Z,3734.8,3747.03,3713.33,3745.21,44807.97
2025-11-03T05:00:00Z,3745.21,3764,3725.29,3729.99,33494.11
2025-11-03T07:00:00Z,3717.12,3735.52,3696.67,3713.49,35689.26
2025-11-03T08:00:00Z,3713.49,3719.52,3685.42,3715.47,47835.8
2025-11-03T09:00:00Z,3715.47,3740,3694.28,3702.06,51286.84
2025-11-03T10:00:00Z,3702.06,3718.74,3661.61,3674.6,74083.09
2025-11-03T11:00:00Z,3674.6,3722.06,3671.56,3710.04,59674.91
2025-11-03T12:00:00Z,3710.04,3727.69,3702.81,3707.28,30978.88
2025-11-03T13:00:00Z,3707.28,3726.4,3690.89,3717.8,40775.97
2025-11-03T14:00:00Z,3717.8,3746.59,3702.21,3732.29,64875.18
2025-11-03T15:00:00Z,3732.29,3737.13,3580.2,3587.58,360751.11
2025-11-03T16:00:00Z,3587.58,3626.09,3561.49,3617.58,110624.17
2025-11-03T17:00:00Z,3617.58,3681.11,3611.22,3665,78553.34
2025-11-03T18:00:00Z,3665,3671.32,3628.22,3630.43,32541.25
2025-11-03T19:00:00Z,3630.43,3647.81,3618.08,3629.55,34732.66
2025-11-03T20:00:00Z,3629.55,3635.27,3560,3586.63,70707.49
2025-11-03T21:00:00Z,3586.63,3613.67,3556.36,3600.64,64692.76
2025-11-03T22:00:00Z,3600.64,3601.95,3558.74,3588.64,44078.33
2025-11-03T23:00:00Z,3588.64,3605.78,3564.29,3602.02,32237.61
2025-11-04T00:00:00Z,3602.02,3634.3,3565.43,3616.17,65832.29
2025-11-04T01:00:00Z,3616.17,3652.55,3604.88,3641.94,33985.97
2025-11-04T02:00:00Z,3641.94,3646.99,3616.58,3623.72,15367.38
2025-11-04T03:00:00Z,3623.72,3649.24,3619,3640.15,35164.51
2025-11-04T04:00:00Z,3640.15,3646.04,3619.5,3623.46,14777.22
2025-11-04T05:00:00Z,3623.46,3630.32,3481.76,3490.51,277626.98
2025-11-04T06:00:00Z,3490.51,3558.26,3477.04,3510.88,165025.09
2025-11-04T07:00:00Z,3510.88,3517.72,3471.32,3492.31,131797.15
2025-11-04T08:00:00Z,3492.31,3511.09,3458.15,3493.71,89246.66
2025-11-04T09:00:00Z,3493.71,3500.96,3473.82,3490.29,40637.42
2025-11-04T10:00:00Z,3490.29,3501.59,3471.7,3483.69,49221.83
2025-11-04T11:00:00Z,3483.69,3532.58,3481.61,3526.91,79022.59
2025-11-04T12:00:00Z,3526.91,3530.5,3493.01,3509.08,61312.46
2025-11-04T13:00:00Z,3509.08,3521.41,3490.42,3504.56,33718.2
2025-11-04T14:00:00Z,3504.56,3560.8,3470.55,3553.59,114628.03
2025-11-04T15:00:00Z,3553.59,3585.85,3493.64,3505.65,133805.16
2025-11-04T16:00:00Z,3505.65,3518.88,3423.13,3428.27,153211.66
2025-11-04T17:00:00Z,3428.27,3428.41,3360.98,3371.68,206985.36
2025-11-04T18:00:00Z,3371.68,3373.09,3253.57,3301.43,261320.75
2025-11-04T19:00:00Z,3301.43,3315,3224.14,3229.18,110597.92
2025-11-04T20:00:00Z,3229.18,3251.22,3122.51,3211.56,475371.53
2025-11-04T21:00:00Z,3211.56,3216.99,3056.36,3212.87,333130.57
2025-11-04T22:00:00Z,3212.87,3287.5,3196.23,3245.08,157585.27
2025-11-04T23:00:00Z,3245.08,3303.72,3240.16,3284.97,155642.62
2025-11-05T00:00:00Z,3284.97,3299.28,3226.39,3238.08,79222.83
2025-11-05T01:00:00Z,3238.08,3253,3164.62,3240.98,97555.31
2025-11-05T02:00:00Z,3240.98,3324,3240.98,3322.6,108678.91
2025-11-05T03:00:00Z,3322.6,3346.81,3303.33,3332.67,49681.48
2025-11-05T04:00:00Z,3332.67,3343.22,3311.77,3327.15,41388.65
2025-11-05T05:00:00Z,3327.15,3352.46,3321.74,3323.4,29690.22
2025-11-05T06:00:00Z,3323.4,3339.41,3308.19,3335.08,35482.58
2025-11-05T07:00:00Z,3335.08,3339.99,3301,3328.37,33077.72
2025-11-05T08:00:00Z,3328.37,3328.38,3280.47,3299.14,56742.45
2025-11-05T09:00:00Z,3299.14,3320.55,3291.68,3305.75,24940.14
2025-11-05T10:00:00Z,3305.75,3306.37,3273,3274.71,32760.99
2025-11-05T11:00:00Z,3274.71,3323.47,3274.04,3321.08,45001.1
2025-11-05T12:00:00Z,3321.08,3357.67,3310.93,3342.92,51999.45
2025-11-05T13:00:00Z,3342.92,3374.24,3322.5,3358.15,62216.76
2025-11-05T14:00:00Z,3358.15,3370,3316.45,3346.17,62560.23
2025-11-05T15:00:00Z,3346.17,3396,3331.01,3395,72430.83
2025-11-05T16:00:00Z,3395,3438.08,3367.59,3435.04,84373.77
2025-11-05T17:00:00Z,3435.04,3445.39,3415.42,3433.66,32150.53
2025-11-05T18:00:00Z,3433.66,3477.23,3427.53,3459.73,64520.97
2025-11-05T19:00:00Z,3459.73,3470,3443.21,3452.67,37896.33
2025-11-05T20:00:00Z,3452.67,3478.85,3438.61,3448.7,42054.34
2025-11-05T21:00:00Z,3448.7,3449.51,3427.24,3439.8,34872.34
2025-11-05T22:00:00Z,3439.8,3442.99,3412,3422.09,26573.57
2025-11-05T23:00:00Z,3422.09,3433.68,3413.33,3422.13,10686.69
2025-11-06T00:00:00Z,3422.13,3422.39,3389.72,3404.91,29454.33
2025-11-06T01:00:00Z,3404.91,3408.85,3372.26,3403.2,33147.17
2025-11-06T02:00:00Z,3403.2,3428.47,3389.41,3419.72,31130.22
2025-11-06T03:00:00Z,3419.72,3448.75,3418.86,3430.99,23704.06
2025-11-06T04:00:00Z,3430.99,3454.64,3427.1,3450.98,15102.98
2025-11-06T05:00:00Z,3450.98,3450.98,3378,3386.91,43989.52
2025-11-06T06:00:00Z,3386.91,3401.23,3376.42,3383.17,29596.63
2025-11-06T07:00:00Z,3383.17,3393.25,3362.79,3378.76,44170.76
2025-11-06T08:00:00Z,3378.76,3393.42,3370.54,3384.01,24693.63
2025-11-06T09:00:00Z,3384.01,3392.94,3373.91,3381.2,13498.09
2025-11-06T10:00:00Z,3381.2,3413.28,3365,3392.27,43862.6
2025-11-06T11:00:00Z,3392.27,3406.19,3379,3397.97,21408.13
2025-11-06T12:00:00Z,3397.97,3403.68,3340.36,3347.83,56478.29
2025-11-06T13:00:00Z,3347.83,3402.58,3347.83,3389.43,55956.44
2025-11-06T14:00:00Z,3389.43,3398.75,3317.09,3327.84,93759.93
2025-11-06T15:00:00Z,3327.84,3364.22,3276.69,3299.01,158357.83
2025-11-06T16:00:00Z,3299.01,3321.37,3244,3275.27,85290.87
2025-11-06T17:00:00Z,3275.27,3339.35,3268.79,3327.75,84864.34
2025-11-06T18:00:00Z,3327.75,3351.19,3293,3327.44,41236.5
2025-11-06T19:00:00Z,3327.44,3342.28,3308,3323.87,28667.47
2025-11-06T20:00:00Z,3323.87,3335.44,3285.5,3304.53,28329.63
2025-11-06T21:00:00Z,3304.53,3334.39,3290.63,3324.48,30909.21
2025-11-06T22:00:00Z,3324.48,3328.99,3294.12,3318.01,23249.92
2025-11-06T23:00:00Z,3318.01,3318.01,3287.05,3313.93,15381.38
2025-11-07T00:00:00Z,3313.93,3330.99,3291.83,3323.42,23552.34
2025-11-07T01:00:00Z,3323.42,3329.31,3273.57,3323.12,40086.12
2025-11-07T02:00:00Z,3323.12,3349.72,3302.4,3345.24,41661.25
2025-11-07T03:00:00Z,3345.24,3364.06,3341,3343.3,25029.05
2025-11-07T04:00:00Z,3343.3,3346.57,3317.81,3337.61,19153.76
2025-11-07T05:00:00Z,3337.61,3369.42,3336.64,3365.64,23777.72
2025-11-07T06:00:00Z,3365.64,3368.38,3345.45,3345.88,15603.11
2025-11-07T07:00:00Z,3345.88,3362.87,3334,3356.13,20012.46
2025-11-07T08:00:00Z,3356.13,3358.82,3331.6,3340.01,13925.43
2025-11-07T09:00:00Z,3340.01,3340.42,3287.72,3299.34,36029.93
2025-11-07T10:00:00Z,3299.34,3308.88,3270.08,3278.56,32766.43
2025-11-07T11:00:00Z,3278.56,3278.56,3223.42,3257.99,80857.71
2025-11-07T12:00:00Z,3257.99,3272.18,3195.28,3221.33,99215.04
2025-11-07T13:00:00Z,3221.33,3248.84,3212.49,3239.31,45428.49
2025-11-07T14:00:00Z,3239.31,3298.43,3192.04,3286.77,88284.75
2025-11-07T15:00:00Z,3286.77,3316.66,3260.72,3295.26,79087.5
2025-11-07T16:00:00Z,3295.26,3331.67,3271.9,3307.2,52274.91
2025-11-07T17:00:00Z,3307.2,3393.66,3294.36,3383.64,84475.06
2025-11-07T18:00:00Z,3383.64,3433.7,3375.55,3424.17,80090.18
2025-11-07T19:00:00Z,3424.17,3448.35,3414.51,3441.42,38818.12
2025-11-07T20:00:00Z,3441.42,3469.87,3427.44,3462.49,42692.02
2025-11-07T21:00:00Z,3462.49,3467.89,3446.4,3465.99,24601.56
2025-11-07T22:00:00Z,3465.99,3470.96,3441.22,3443.51,29558.59
2025-11-07T23:00:00Z,3443.51,3447.89,3430.53,3433.94,17463.23
2025-11-08T00:00:00Z,3433.94,3446.67,3405.15,3421.98,36170.7
2025-11-08T01:00:00Z,3421.98,3445.2,3420,3435.66,12646.06
2025-11-08T02:00:00Z,3435.66,3457.98,3430.35,3438.89,18610.43
2025-11-08T03:00:00Z,3438.89,3465.96,3437.19,3451.87,19622.54
2025-11-08T04:00:00Z,3451.87,3486.07,3446.82,3457.15,40046.74
2025-11-08T05:00:00Z,3457.15,3465.52,3424.63,3429.74,30726.02
2025-11-08T06:00:00Z,3429.74,3454.25,3417,3443.8,43375.82
2025-11-08T07:00:00Z,3443.8,3450.38,3422.42,3446.57,27274.87
2025-11-08T08:00:00Z,3446.57,3469,3434.35,3453.01,23208.99
2025-11-08T09:00:00Z,3453.01,3463.34,3437.19,3438.42,18299.67
2025-11-08T10:00:00Z,3438.42,3448.75,3431.69,3444.52,20994.25
2025-11-08T11:00:00Z,3444.52,3454.7,3405.36,3411.81,36554.41
2025-11-08T12:00:00Z,3411.81,3416.93,3397.24,3408.08,25849.58
2025-11-08T13:00:00Z,3408.08,3411.75,3387.94,3395.4,27832.55
2025-11-08T14:00:00Z,3395.4,3410.71,3371.79,3398.53,44150.54
2025-11-08T15:00:00Z,3398.53,3402.87,3368.69,3375.29,24399.04
2025-11-08T16:00:00Z,3375.29,3382.96,3353.46,3366.53,45827.3
2025-11-08T17:00:00Z,3366.53,3398.88,3361.09,3397.49,39759.14
2025-11-08T18:00:00Z,3397.49,3406.25,3384.25,3400.84,18750.38
2025-11-08T19:00:00Z,3400.84,3405.09,3360.95,3387.38,30334.6
2025-11-08T20:00:00Z,3387.38,3402.47,3378.58,3396.09,22493.13
2025-11-08T21:00:00Z,3396.09,3408.76,3393,3404.5,8075
2025-11-08T22:00:00Z,3404.5,3410.05,3392.41,3407.93,8871.49
2025-11-08T23:00:00Z,3407.93,3414.73,3398.26,3399.99,6595.41
2025-11-09T00:00:00Z,3399.99,3401.34,3371.18,3383.19,19429.99
2025-11-09T01:00:00Z,3383.19,3402.51,3377.91,3399.14,10416.11
2025-11-09T02:00:00Z,3399.14,3399.14,3362.79,3366.2,19559.01
2025-11-09T03:00:00Z,3366.2,3376.72,3356.67,3374.39,14454.85
2025-11-09T04:00:00Z,3374.39,3388.45,3367.85,3372.53,7676.65
2025-11-09T05:00:00Z,3372.53,3406.85,3370.28,3403.54,20885.04
2025-11-09T06:00:00Z,3403.54,3417.8,3397.68,3403.13,17025.37
2025-11-09T07:00:00Z,3403.13,3426.6,3401,3420.84,23151.67
2025-11-09T08:00:00Z,3420.84,3422.54,3407.23,3419.9,13249.97
2025-11-09T09:00:00Z,3419.9,3433.71,3397.12,3399.23,43226.7
2025-11-09T10:00:00Z,3399.23,3400.67,3380.05,3400.3,26095.25
2025-11-09T11:00:00Z,3400.3,3431.64,3400.3,3427.03,24295.2
2025-11-09T12:00:00Z,3427.03,3462.6,3423.17,3440,61875.49
2025-11-09T13:00:00Z,3440,3462.95,3439.52,3456.34,21242.54
2025-11-09T14:00:00Z,3456.34,3562.25,3451.17,3504.57,177638.26
2025-11-09T15:00:00Z,3504.57,3535.79,3502.83,3513.34,34989.89
2025-11-09T16:00:00Z,3513.34,3536.38,3498.76,3526.2,30905.24
2025-11-09T17:00:00Z,3526.2,3529.82,3502.2,3513.89,19680.2
2025-11-09T18:00:00Z,3513.89,3543.67,3509.13,3540.1,14426.25
2025-11-09T19:00:00Z,3540.1,3578.42,3533.53,3578.41,37654.36
2025-11-09T20:00:00Z,3578.41,3596.7,3560.04,3576.84,42225
2025-11-09T21:00:00Z,3576.84,3594.22,3571.04,3579.27,18212.12
2025-11-09T22:00:00Z,3579.27,3593.17,3562.52,3585.39,23926.04
2025-11-09T23:00:00Z,3585.39,3621,3563.46,3581.04,49668.24
2025-11-10T00:00:00Z,3581.04,3650.81,3550.76,3632.84,89074.87
2025-11-10T01:00:00Z,3632.84,3656.36,3614.66,3627.17,47282.14
2025-11-10T02:00:00Z,3627.17,3637.03,3609.61,3626.24,20374.04
2025-11-10T03:00:00Z,3626.24,3646.03,3621,3625.22,15631.11
2025-11-10T04:00:00Z,3625.22,3629.68,3601.69,3615.47,20785.09
2025-11-10T05:00:00Z,3615.47,3624.42,3587.05,3606.25,23750.78
2025-11-10T06:00:00Z,3606.25,3610.89,3592.86,3603.49,14450.47
2025-11-10T07:00:00Z,3603.49,3620.77,3601.64,3607.64,15003.91
2025-11-10T08:00:00Z,3607.64,3614.4,3584.25,3592.71,26517.07
2025-11-10T09:00:00Z,3592.71,3629.42,3584.58,3622.39,27377.48
2025-11-10T10:00:00Z,3622.39,3626.33,3601.18,3604.27,13520.03
2025-11-10T11:00:00Z,3604.27,3619.62,3602,3608.83,10151.34
2025-11-10T12:00:00Z,3608.83,3609.54,3583,3590.3,23397.72
2025-11-10T13:00:00Z,3590.3,3620.98,3588.32,3614.45,32972.21
2025-11-10T14:00:00Z,3614.45,3614.59,3527.54,3539.64,104874.33
2025-11-10T15:00:00Z,3539.64,3559.48,3506.3,3517.88,71739.58
2025-11-10T16:00:00Z,3517.88,3536.52,3504.88,3527.64,35662.58
2025-11-10T17:00:00Z,3527.64,3558,3520.99,3553.17,28442.26
2025-11-10T18:00:00Z,3553.17,3556.31,3530.83,3530.83,17671.62
2025-11-10T19:00:00Z,3530.83,3574.94,3527.22,3557.16,20650.68
2025-11-10T20:00:00Z,3557.16,3582.36,3553.43,3570.31,14050.5
2025-11-10T21:00:00Z,3570.31,3571.19,3529,3539.88,29247.77
2025-11-10T22:00:00Z,3539.88,3578.46,3526.48,3574.42,16465.95
2025-11-10T23:00:00Z,3574.42,3579.82,3561,3566.17,10942.18
2025-11-11T00:00:00Z,3566.17,3591.4,3550.46,3584.14,18388.55
2025-11-11T01:00:00Z,3584.14,3646.88,3573.05,3579.58,52852.28
2025-11-11T02:00:00Z,3579.58,3634.77,3557.69,3613.73,43609.45
2025-11-11T03:00:00Z,3613.73,3631.58,3597.23,3604.44,31180.86
2025-11-11T04:00:00Z,3604.44,3609,3571,3573.59,18535.1
2025-11-11T05:00:00Z,3573.59,3574.37,3542.9,3547.08,24590.98
2025-11-11T06:00:00Z,3547.08,3557.45,3529.22,3556.05,34734.1
2025-11-11T07:00:00Z,3556.05,3565,3539.83,3542.76,19181.91
2025-11-11T08:00:00Z,3542.76,3562,3541.21,3561.25,14527.16
2025-11-11T09:00:00Z,3561.25,3585,3549.82,3553.79,29037.92
2025-11-11T10:00:00Z,3553.79,3564.57,3546.44,3558.34,11680.53
2025-11-11T11:00:00Z,3558.34,3579.68,3558.07,3571.92,19324.8
2025-11-11T12:00:00Z,3571.92,3592,3537.61,3539.39,40568.59
2025-11-11T13:00:00Z,3539.39,3572.53,3524.4,3531.23,40261.11
2025-11-11T14:00:00Z,3531.23,3546.61,3486,3528.64,94923.45
2025-11-11T16:00:00Z,3480.24,3499.94,3463.62,3484.11,34205.28
2025-11-11T17:00:00Z,3484.11,3498.15,3444.36,3473,49688.37
2025-11-11T18:00:00Z,3473,3486.28,3459.51,3468.25,26269.71
2025-11-11T19:00:00Z,3468.25,3470.49,3450,3457.62,12385.98
2025-11-11T20:00:00Z,3457.62,3462.8,3429.07,3438.75,37855.82
2025-11-11T21:00:00Z,3438.75,3450,3408.38,3417.75,45194.44
2025-11-11T22:00:00Z,3417.75,3437.44,3405.04,3429.68,26153.08
2025-11-11T23:00:00Z,3429.68,3438.08,3409.1,3417.35,20939
2025-11-12T00:00:00Z,3417.35,3435.05,3409.18,3417.94,25706.52
2025-11-12T01:00:00Z,3417.94,3451.41,3412,3447.09,30973.71
2025-11-12T02:00:00Z,3447.09,3455.85,3417.48,3427.32,19073.49
2025-11-12T03:00:00Z,3427.32,3446.32,3420.92,3438.99,10173.73
2025-11-12T04:00:00Z,3438.99,3445.71,3432.15,3444.46,8536.04
2025-11-12T05:00:00Z,3444.46,3457.24,3442.84,3449.12,12430.16
2025-11-12T06:00:00Z,3449.12,3456.93,3438.5,3438.5,6802.19
2025-11-12T07:00:00Z,3438.5,3452.37,3424,3428.24,14274.84
2025-11-12T08:00:00Z,3428.24,3480.85,3427.95,3468.36,35484.71
2025-11-12T09:00:00Z,3468.36,3495.03,3465.38,3483.39,28838.78
2025-11-12T10:00:00Z,3483.39,3548.13,3482.64,3533.41,55022.58
2025-11-12T11:00:00Z,3533.41,3569.6,3533.11,3548.55,46858.95
2025-11-12T12:00:00Z,3548.55,3564.84,3538.75,3551.28,20479.14
2025-11-12T13:00:00Z,3551.28,3588.2,3544,3575.38,31254.68
2025-11-12T14:00:00Z,3575.38,3580.36,3478.76,3500.81,112093.42
2025-11-12T15:00:00Z,3500.81,3519.91,3416.76,3426.4,144566.9
2025-11-12T16:00:00Z,3426.4,3432.38,3369.42,3398.01,127128.66
2025-11-12T17:00:00Z,3398.01,3452,3389.53,3428.01,61907.58
2025-11-12T18:00:00Z,3428.01,3453.96,3415.73,3422.46,32792.87
2025-11-12T19:00:00Z,3422.46,3424.98,3370.38,3406.3,56479.41
2025-11-12T20:00:00Z,3406.3,3438.92,3398.38,3414.91,25898.07
2025-11-12T21:00:00Z,3414.91,3428.99,3406.61,3422.18,12785.3
2025-11-12T22:00:00Z,3422.18,3422.19,3390.06,3421.2,28545.15
2025-11-12T23:00:00Z,3421.2,3422.59,3402.54,3413.78,16752.41
2025-11-13T00:00:00Z,3413.78,3433.13,3403.22,3411.89,20520.7
2025-11-13T01:00:00Z,3411.89,3456.63,3410.3,3423.49,38947.1
2025-11-13T02:00:00Z,3423.49,3446.86,3422,3433.71,8331.93
2025-11-13T03:00:00Z,3433.71,3472.91,3375.58,3452.29,76817.83
2025-11-13T04:00:00Z,3452.29,3490.15,3432.86,3481.33,69499.61
2025-11-13T05:00:00Z,3481.33,3539.41,3465,3527.84,50615.82
2025-11-13T06:00:00Z,3527.84,3552,3519.2,3539.33,37016.43
2025-11-13T07:00:00Z,3539.33,3564.56,3529.63,3536.55,44919.34
2025-11-13T08:00:00Z,3536.55,3548.56,3521.09,3523,28791.6
2025-11-13T09:00:00Z,3523,3528.74,3476.12,3484.89,60375.14
2025-11-13T10:00:00Z,3484.89,3516.74,3484.89,3504.54,24427.28
2025-11-13T11:00:00Z,3504.54,3517.81,3494.03,3500.47,18047.64
2025-11-13T12:00:00Z,3500.47,3510.9,3480.23,3501.01,32664.34
2025-11-13T13:00:00Z,3501.01,3501.81,3425.55,3437.09,78592.14
2025-11-13T14:00:00Z,3437.09,3476.9,3391.33,3442.32,113914.28
2025-11-13T15:00:00Z,3442.32,3446.72,3365,3385.45,104357.86
2025-11-13T16:00:00Z,3385.45,3397.87,3322.5,3326.57,95551.5
2025-11-13T17:00:00Z,3326.57,3328,3251.78,3254.21,114410.94
2025-11-13T18:00:00Z,3254.21,3264.06,3182.24,3212.85,137820.08
2025-11-13T19:00:00Z,3212.85,3238.57,3174.49,3197.35,95452.81
2025-11-13T20:00:00Z,3197.35,3205.88,3153,3171.11,92620.82
2025-11-13T21:00:00Z,3171.11,3193.35,3159.75,3179,28942.69
2025-11-13T22:00:00Z,3179,3236.75,3174.18,3229.26,41426.53
2025-11-13T23:00:00Z,3229.26,3272.47,3215.9,3231.1,57007.74
2025-11-14T00:00:00Z,3231.1,3240.54,3187.25,3200.61,46978.66
2025-11-14T01:00:00Z,3200.61,3221.37,3185.26,3207.09,31938.94
2025-11-14T02:00:00Z,3207.09,3251.22,3204.64,3237.3,36554.4
2025-11-14T03:00:00Z,3237.3,3239.4,3207,3227.64,25880.25
2025-11-14T04:00:00Z,3227.64,3228.06,3105.84,3161.77,151070.68
2025-11-14T05:00:00Z,3161.77,3204.99,3155.92,3191.1,60643.45
2025-11-14T06:00:00Z,3191.1,3225.25,3133.05,3221.57,106682.45
2025-11-14T07:00:00Z,3221.57,3239.94,3192.37,3214.36,79361.77
2025-11-14T08:00:00Z,3214.36,3218.71,3182.13,3203.98,37281.83
2025-11-14T09:00:00Z,3203.98,3214.89,3149.41,3155.4,71177.4
2025-11-14T10:00:00Z,3155.4,3196,3153.81,3175.74,35330.74
2025-11-14T11:00:00Z,3175.74,3183,3115.63,3143.87,79716.75
2025-11-14T12:00:00Z,3143.87,3143.87,3068.48,3126.4,142235.09
2025-11-14T13:00:00Z,3126.4,3150.32,3072.63,3121.52,97040.57
2025-11-14T14:00:00Z,3121.52,3221.08,3106.75,3198.74,187499.73
2025-11-14T15:00:00Z,3198.74,3234,3159,3196.07,91140.32
2025-11-14T16:00:00Z,3196.07,3256.66,3181.36,3230.14,67194.85
2025-11-14T17:00:00Z,3230.14,3244.51,3160,3178.28,73111.55
2025-11-14T18:00:00Z,3178.28,3207.51,3153.28,3167.41,60371.7
2025-11-14T19:00:00Z,3167.41,3219.7,3158.44,3206.45,48337.77
2025-11-14T20:00:00Z,3206.45,3212,3120.52,3137.08,68284.02
2025-11-14T21:00:00Z,3137.08,3174.83,3123.28,3166.61,33028.64
2025-11-14T22:00:00Z,3166.61,3186.65,3140.59,3158.38,39014.41
2025-11-14T23:00:00Z,3158.38,3158.39,3088.34,3112.36,89736.7
2025-11-15T00:00:00Z,3112.36,3150.55,3110.02,3140.82,31166.05
2025-11-15T01:00:00Z,3140.82,3178.81,3123.71,3173.13,32762.28
2025-11-15T02:00:00Z,3173.13,3192.88,3162.09,3192.87,34357.28
2025-11-15T03:00:00Z,3192.87,3193.61,3166.43,3178.18,18795.89
2025-11-15T04:00:00Z,3178.18,3191.19,3156.46,3171.24,14678.97
2025-11-15T05:00:00Z,3171.24,3182.48,3160.06,3177.8,10353.11
2025-11-15T06:00:00Z,3177.8,3186.89,3165.3,3174.36,10630.1
2025-11-15T07:00:00Z,3174.36,3184.28,3167.48,3175.45,10898.59
2025-11-15T08:00:00Z,3175.45,3177,3133.08,3141.85,32520.91
2025-11-15T09:00:00Z,3141.85,3164.48,3137.17,3151.64,18708.56
2025-11-15T10:00:00Z,3151.64,3171.8,3144.26,3168.23,23552.84
2025-11-15T11:00:00Z,3168.23,3172.36,3146.17,3152.43,20086.5
2025-11-15T12:00:00Z,3152.43,3167.99,3147,3162.17,14897.63
2025-11-15T13:00:00Z,3162.17,3197.57,3158.76,3192.49,38901.72
2025-11-15T14:00:00Z,3192.49,3192.66,3174.43,3177.48,20244.03
2025-11-15T15:00:00Z,3177.48,3190.37,3173.26,3185.25,15143.15
2025-11-15T16:00:00Z,3185.25,3187.37,3162.43,3185.54,27392.46
2025-11-15T17:00:00Z,3185.54,3219.79,3181.64,3214.56,50046.05
2025-11-15T18:00:00Z,3214.56,3230.57,3203.55,3207.95,44256.11
2025-11-15T19:00:00Z,3207.95,3214.11,3192.13,3197.63,16172.97
2025-11-15T20:00:00Z,3197.63,3200.57,3166.87,3174.72,22389.37
2025-11-15T21:00:00Z,3174.72,3188.91,3152,3157.72,29339.64
2025-11-15T22:00:00Z,3157.72,3172.16,3154.24,3170.74,20606.91
2025-11-15T23:00:00Z,3170.74,3177.53,3166.66,3167.32,12940.63
2025-11-16T00:00:00Z,3167.32,3174.77,3145,3152.34,30979.51
2025-11-16T01:00:00Z,3152.34,3157.91,3131.59,3150.72,42244.38
2025-11-16T02:00:00Z,3150.72,3204.55,3142.01,3202.79,34967.75
2025-11-16T03:00:00Z,3202.79,3209.99,3192.32,3202.36,16855.78
2025-11-16T04:00:00Z,3202.36,3206.88,3185.71,3193.68,11212.72
2025-11-16T05:00:00Z,3193.68,3215.42,3192.69,3203.92,30279.91
2025-11-16T06:00:00Z,3203.92,3215.55,3197.22,3200.21,16544.52
2025-11-16T07:00:00Z,3200.21,3220.99,3198.1,3218.95,18054.71
2025-11-16T08:00:00Z,3218.95,3227.68,3205.65,3218.78,20871.91
2025-11-16T09:00:00Z,3218.78,3249.2,3208.4,3248.1,34062.46
2025-11-16T10:00:00Z,3248.1,3248.15,3228.7,3235.99,20114.9
2025-11-16T11:00:00Z,3235.99,3237.81,3159.5,3168.32,84077.1
2025-11-16T12:00:00Z,3168.32,3182.63,3154.62,3169.48,34396.5
2025-11-16T13:00:00Z,3169.48,3173.96,3139.14,3153.9,35689.43
2025-11-16T14:00:00Z,3153.9,3179.17,3147.51,3171.45,37233.64
2025-11-16T15:00:00Z,3171.45,3181.02,3097.94,3105.22,95809.7
2025-11-16T16:00:00Z,3105.22,3125.96,3057.6,3061.72,166055.36
2025-11-16T17:00:00Z,3061.72,3087.76,3025.15,3078.92,158503.24
2025-11-16T18:00:00Z,3078.92,3128.9,3042.01,3060.17,158379.73
2025-11-16T19:00:00Z,3060.17,3116.1,3056.57,3090.08,57016.16
2025-11-16T20:00:00Z,3090.08,3117,3084.6,3087.89,25016.8
2025-11-16T21:00:00Z,3087.89,3096.21,3057.31,3073.3,54054.25
2025-11-16T22:00:00Z,3073.3,3102.5,3042.86,3091.57,55261.85
2025-11-16T23:00:00Z,3091.57,3106.49,3002.36,3094.01,102201.06
2025-11-17T00:00:00Z,3094.01,3140.38,3067.92,3135.75,80281.91
2025-11-17T01:00:00Z,3135.75,3144.99,3113.48,3113.5,44727.27
2025-11-17T02:00:00Z,3113.5,3159.5,3110.48,3147.77,56373.94
2025-11-17T03:00:00Z,3147.77,3179,3146.27,3174.76,55992.44
2025-11-17T04:00:00Z,3174.76,3193.28,3164.1,3183.65,37403.99
2025-11-17T05:00:00Z,3183.65,3191.96,3175.43,3184.94,17425.63
2025-11-17T06:00:00Z,3184.94,3196.66,3169.51,3192.78,21051.32
2025-11-17T07:00:00Z,3192.78,3207.1,3187.5,3196.84,36902.15
2025-11-17T08:00:00Z,3196.84,3203.51,3182.41,3188.15,35121.65
2025-11-17T09:00:00Z,3188.15,3214.96,3177.06,3193.1,33393.59
2025-11-17T10:00:00Z,3193.1,3206.41,3189.34,3194.89,15384.64
2025-11-17T11:00:00Z,3194.89,3221.58,3191.31,3201.95,26968.28
2025-11-17T12:00:00Z,3201.95,3202.38,3180.3,3181.9,25839.52
2025-11-17T13:00:00Z,3181.9,3187,3093.34,3120.29,108615.63
2025-11-17T14:00:00Z,3120.29,3211.11,3100.96,3150.89,147774.74
2025-11-17T15:00:00Z,3150.89,3165.77,3103.59,3120.01,109222.6
2025-11-17T16:00:00Z,3120.01,3142.99,3063.02,3133.54,125887.63
2025-11-17T17:00:00Z,3133.54,3136.99,3053.01,3057.9,75206.65
2025-11-17T18:00:00Z,3057.9,3081.07,3018.61,3023.86,95741.29
2025-11-17T19:00:00Z,3023.86,3037.81,2971.87,2981.1,118643
2025-11-17T20:00:00Z,2981.1,3021.71,2958.32,3003.72,89768.8
2025-11-17T21:00:00Z,3003.72,3027.53,2983.53,3008.7,38877.66
2025-11-17T22:00:00Z,3008.7,3031.31,2999.4,3022.59,33630.08
2025-11-17T23:00:00Z,3022.59,3031,3005,3030.64,19970.04
2025-11-18T00:00:00Z,3030.64,3040.66,2990,3032.25,52048.08
2025-11-18T01:00:00Z,3032.25,3049.71,3012.77,3016.75,35607.12
2025-11-18T02:00:00Z,3016.75,3045,2977.3,2985.15,88166.75
2025-11-18T03:00:00Z,2985.15,3027.88,2944.74,3023.31,125828.34
2025-11-18T04:00:00Z,3023.31,3024.89,2957.67,3005.65,64249.8
2025-11-18T05:00:00Z,3005.65,3023.41,2983.61,3011.51,32813
2025-11-18T06:00:00Z,3011.51,3014.89,2972.74,2989.32,36208.8
2025-11-18T07:00:00Z,2989.32,3033.79,2976.35,3023,42181.89
2025-11-18T08:00:00Z,3023,3068.55,3023,3059.56,60793.09
2025-11-18T09:00:00Z,3059.56,3066.75,3027.53,3059.25,45866.8
2025-11-18T10:00:00Z,3059.25,3071,3049,3064.75,27468.17
2025-11-18T11:00:00Z,3064.75,3073.02,3051,3056.25,21499.89
2025-11-18T12:00:00Z,3056.25,3065.01,3037.01,3048.42,39281.22
2025-11-18T13:00:00Z,3048.42,3050.36,3019.95,3047.36,42002.25
2025-11-18T14:00:00Z,3047.36,3091.78,3031.2,3056.67,84671.47
2025-11-18T15:00:00Z,3056.67,3122.8,3032.07,3105.26,113341.4
2025-11-18T16:00:00Z,3105.26,3168.63,3097.8,3150.37,107607.9
2025-11-18T17:00:00Z,3150.37,3157.45,3118.36,3133.86,41601.02
2025-11-18T18:00:00Z,3133.86,3168.86,3133.86,3159.13,24484.43
2025-11-18T19:00:00Z,3159.13,3166.95,3133.38,3144.51,28149.61
2025-11-18T20:00:00Z,3144.51,3148.98,3121.43,3121.44,18654.65
2025-11-18T21:00:00Z,3121.44,3130,3095.4,3096.86,38347.96
2025-11-18T22:00:00Z,3096.86,3128.47,3096.17,3123.75,21768.93
2025-11-18T23:00:00Z,3123.75,3125,3106,3122.79,11464.74
2025-11-19T00:00:00Z,3122.79,3123.28,3076.25,3099.93,35066.91
2025-11-19T01:00:00Z,3099.93,3116.25,3084.37,3104.58,20327.04
2025-11-19T02:00:00Z,3104.58,3125.92,3096.92,3113.21,33488.54
2025-11-19T03:00:00Z,3113.21,3117.88,3069.03,3072.73,37508.58
2025-11-19T04:00:00Z,3072.73,3076.75,3045.99,3048.6,31508.52
2025-11-19T05:00:00Z,3048.6,3053,2991.42,3017.4,85749.46
2025-11-19T06:00:00Z,3017.4,3044.93,3010.2,3040.57,41559.55
2025-11-19T07:00:00Z,3040.57,3087.36,3038.8,3084.58,54541.54
2025-11-19T08:00:00Z,3084.58,3100.33,3072.11,3079.78,51346.62
2025-11-19T09:00:00Z,3079.78,3088.81,3053.33,3088.5,47054.6
2025-11-19T10:00:00Z,3088.5,3113.23,3083.25,3091.47,42404.71
2025-11-19T11:00:00Z,3091.47,3102.4,3077.6,3083.31,23274.92
2025-11-19T12:00:00Z,3083.31,3108.64,3080.9,3100.47,24361.08
2025-11-19T13:00:00Z,3100.47,3101.11,3056.08,3067.01,37715.74
2025-11-19T14:00:00Z,3067.01,3069.66,3023.32,3060.74,109403.39
2025-11-19T15:00:00Z,3060.74,3106.92,2966.66,2972.78,177644.21
2025-11-19T16:00:00Z,2972.78,2986.97,2935.86,2950.13,110773.94
2025-11-19T17:00:00Z,2950.13,2961.4,2898.11,2922.93,127216.69
2025-11-19T18:00:00Z,2922.93,2929.53,2880.05,2899.89,101516.48
2025-11-19T19:00:00Z,2899.89,2905.83,2873.14,2881.86,48962.65
2025-11-19T20:00:00Z,2881.86,2956.59,2875,2945.18,72083.52
2025-11-19T21:00:00Z,2945.18,3000.81,2939.01,2991.1,109847.11
2025-11-19T22:00:00Z,2991.1,2991.74,2955.33,2983.59,33682.17
2025-11-19T23:00:00Z,2983.59,3027,2983.59,3024.34,44996.67
2025-11-20T01:00:00Z,3017.87,3049.99,3017.7,3046.6,19849.69
2025-11-20T02:00:00Z,3046.6,3057.23,3028.84,3042.54,28917.39
2025-11-20T03:00:00Z,3042.54,3051.84,3035.39,3037.43,18122.19
2025-11-20T04:00:00Z,3037.43,3054,3015.72,3052.91,37432.47
2025-11-20T05:00:00Z,3052.91,3062,3031.06,3033.77,33240.66
2025-11-20T06:00:00Z,3033.77,3041.41,3005.83,3019.51,31287.3
2025-11-20T07:00:00Z,3019.51,3043.15,3013.52,3037.86,24410.86
2025-11-20T08:00:00Z,3037.86,3043.71,3020.87,3029.14,20651.02
2025-11-20T09:00:00Z,3029.14,3032.32,2993.06,3010.24,32840.95
2025-11-20T10:00:00Z,3010.24,3019.5,2992.57,3014,36556.64
2025-11-20T11:00:00Z,3014,3026.56,3001,3022.22,19068.19
2025-11-20T12:00:00Z,3022.22,3031.54,3009,3027.3,32003.71
2025-11-20T13:00:00Z,3027.3,3048.46,2994.98,2998.56,99967.79
2025-11-20T14:00:00Z,2998.56,3022.11,2962.2,2999.78,155908.44
2025-11-20T15:00:00Z,2999.78,3002.77,2951.21,2954.61,102313.78
2025-11-20T16:00:00Z,2954.61,2960.8,2846.86,2861.35,274172.63
2025-11-20T17:00:00Z,2861.35,2872.63,2805.85,2832.9,154114.17
2025-11-20T18:00:00Z,2832.9,2859.68,2805,2812.99,78213.83
2025-11-20T19:00:00Z,2812.99,2855.61,2787.68,2847.08,88645.28
2025-11-20T20:00:00Z,2847.08,2856.29,2818.43,2834.33,35393.24
2025-11-20T21:00:00Z,2834.33,2896.67,2833.78,2878.76,45660.89
2025-11-20T22:00:00Z,2878.76,2904.95,2875.04,2885.61,25082.83
2025-11-20T23:00:00Z,2885.61,2891.1,2825.29,2832.86,55489.5
2025-11-21T00:00:00Z,2832.86,2869.66,2831.11,2860.32,32059.48
2025-11-21T01:00:00Z,2860.32,2886.13,2850.36,2860.81,39710.77
2025-11-21T02:00:00Z,2860.81,2861.16,2771.66,2781.95,113677.17
2025-11-21T03:00:00Z,2781.95,2824.99,2780.84,2807.71,54279.9
2025-11-21T04:00:00Z,2807.71,2821,2781.15,2817.9,31816.22
2025-11-21T05:00:00Z,2817.9,2831.72,2798.51,2808.56,44123.33
2025-11-21T06:00:00Z,2808.56,2814,2778.77,2789.49,39041.78
2025-11-21T07:00:00Z,2789.49,2800.35,2647.54,2718.66,417808.14
2025-11-21T08:00:00Z,2718.66,2753.72,2705.02,2736.89,67207.48
2025-11-21T09:00:00Z,2736.89,2747.76,2679.11,2680.52,76534.94
2025-11-21T10:00:00Z,2680.52,2716.48,2662.12,2696.42,97940.03
2025-11-21T11:00:00Z,2696.42,2722.23,2673.14,2687.46,56254.46
2025-11-21T12:00:00Z,2687.46,2742.81,2621.65,2726.22,221336.29
2025-11-21T13:00:00Z,2726.22,2768.75,2710.03,2741.05,116607.46
2025-11-21T14:00:00Z,2741.05,2779.96,2717.08,2769.06,153166.56
2025-11-21T15:00:00Z,2769.06,2777.68,2686.19,2704.01,162925.04
2025-11-21T16:00:00Z,2704.01,2762.99,2673.21,2761.69,173542.64
2025-11-21T17:00:00Z,2761.69,2805.72,2752.99,2779.31,76955.44
2025-11-21T18:00:00Z,2779.31,2793.06,2714.64,2777.73,96065.76
2025-11-21T19:00:00Z,2777.73,2786.43,2738.21,2751.15,46054.2
2025-11-21T20:00:00Z,2751.15,2754.98,2706.63,2736.7,97704.02
2025-11-21T21:00:00Z,2736.7,2774.65,2730.16,2765.31,26739.27
2025-11-21T22:00:00Z,2765.31,2772.8,2718.15,2720.24,22010
2025-11-21T23:00:00Z,2720.24,2768.68,2712,2764.72,24480.73
2025-11-22T00:00:00Z,2764.72,2779.24,2756.85,2764.9,15923.67
2025-11-22T01:00:00Z,2764.9,2782.76,2759.68,2773.13,19614.69
2025-11-22T02:00:00Z,2773.13,2776.07,2738.03,2752,18310.53
2025-11-22T03:00:00Z,2752,2756.88,2741.17,2751.37,13996.54
2025-11-22T04:00:00Z,2751.37,2753.49,2725.37,2745.87,18899.99
2025-11-22T05:00:00Z,2745.87,2748.87,2726.3,2743.2,12062.25
2025-11-22T06:00:00Z,2743.2,2767.57,2731.36,2764.76,18570.11
2025-11-22T07:00:00Z,2764.76,2769.63,2753.24,2755.14,14462.25
2025-11-22T08:00:00Z,2755.14,2755.3,2717.63,2729.05,37623.07
2025-11-22T09:00:00Z,2729.05,2738.99,2720.35,2725.02,16202.19
2025-11-22T10:00:00Z,2725.02,2730.69,2703.71,2712.15,27460.86
2025-11-22T11:00:00Z,2712.15,2741.98,2703.22,2733.83,47149.18
2025-11-22T12:00:00Z,2733.83,2734.7,2710.03,2720.17,19386.74
2025-11-22T13:00:00Z,2720.17,2734.35,2710.77,2718.68,17191.6
2025-11-22T14:00:00Z,2718.68,2753.64,2717.67,2744.69,39260.04
2025-11-22T15:00:00Z,2744.69,2749.57,2724.6,2737.89,18706.54
2025-11-22T16:00:00Z,2737.89,2757.8,2733.97,2754.09,22636.62
2025-11-22T17:00:00Z,2754.09,2756.99,2743.56,2748.8,16694.5
2025-11-22T18:00:00Z,2748.8,2754,2741.48,2751.29,11169.7
2025-11-22T19:00:00Z,2751.29,2756.42,2743.65,2749.23,15124.57
2025-11-22T20:00:00Z,2749.23,2755.89,2732.32,2739.99,16068.29
2025-11-22T21:00:00Z,2739.99,2747.37,2735.61,2746.14,6793.72
2025-11-22T22:00:00Z,2746.14,2798.07,2740.26,2787.72,34645.53
2025-11-22T23:00:00Z,2787.72,2792.53,2766.16,2768.86,16004.11
2025-11-23T00:00:00Z,2768.86,2788.44,2766.81,2772.01,13343.71
2025-11-23T01:00:00Z,2772.01,2814.67,2770.44,2807.33,34085.55
2025-11-23T02:00:00Z,2807.33,2833,2803.01,2819.48,42288.84
2025-11-23T03:00:00Z,2819.48,2823.42,2808,2823.06,15252.88
2025-11-23T04:00:00Z,2823.06,2851.19,2818.16,2826.38,71721.27
2025-11-23T05:00:00Z,2826.38,2829.9,2811.82,2823.59,16520.69
2025-11-23T06:00:00Z,2823.59,2830.98,2803.61,2808.36,34203.31
2025-11-23T07:00:00Z,2808.36,2810.78,2775.13,2792.06,46732.53
2025-11-23T08:00:00Z,2792.06,2814.62,2792.05,2809.98,41484.8
2025-11-23T09:00:00Z,2809.98,2822.63,2804.53,2814.98,17379.95
2025-11-23T10:00:00Z,2814.98,2815.43,2801.29,2807.12,16411.7
2025-11-23T11:00:00Z,2807.12,2819.21,2802.35,2814.32,13400.78
2025-11-23T12:00:00Z,2814.32,2845.21,2812.4,2833.57,42612.85
2025-11-23T13:00:00Z,2833.57,2844.63,2820.57,2842.9,28246.26
2025-11-23T14:00:00Z,2842.9,2857.68,2811,2813.48,50540.17
2025-11-23T15:00:00Z,2813.48,2839.23,2808.43,2834.89,29673.06
2025-11-23T16:00:00Z,2834.89,2845.79,2796.84,2798.68,31389.12
2025-11-23T17:00:00Z,2798.68,2807.65,2785.2,2791.25,54063.3
2025-11-23T18:00:00Z,2791.25,2815.75,2791.25,2807.33,20922.29
2025-11-23T19:00:00Z,2807.33,2836.56,2805.57,2821.68,38815.48
2025-11-23T20:00:00Z,2821.68,2834.46,2820.31,2827.65,11311.2
2025-11-23T21:00:00Z,2827.65,2844.26,2815.81,2840.05,19158.52
2025-11-23T22:00:00Z,2840.05,2843.89,2823.04,2837.35,23025.67
2025-11-23T23:00:00Z,2837.35,2842.54,2793.09,2800.43,42256.72
2025-11-24T00:00:00Z,2800.43,2802.24,2761.35,2786.99,52605.55
2025-11-24T01:00:00Z,2786.99,2805.71,2776.18,2804.7,49634.12
2025-11-24T02:00:00Z,2804.7,2865.74,2802.51,2839.31,91729.91
2025-11-24T03:00:00Z,2839.31,2865.53,2833.58,2855.39,32705.95
2025-11-24T04:00:00Z,2855.39,2869.65,2801.61,2823.34,52834.69
2025-11-24T05:00:00Z,2823.34,2886.11,2821.11,2865.84,93695.33
2025-11-24T06:00:00Z,2865.84,2867.5,2827.32,2838.02,69594.45
2025-11-24T07:00:00Z,2838.02,2844.77,2822.04,2828.82,32439.1
2025-11-24T08:00:00Z,2828.82,2842.47,2820.72,2838.15,38784.77
2025-11-24T09:00:00Z,2838.15,2838.15,2786.83,2797.02,78026.65
2025-11-24T10:00:00Z,2797.02,2806.64,2792.88,2798.44,18258.19
2025-11-24T11:00:00Z,2798.44,2807.84,2788.55,2802.45,31504.34
2025-11-24T12:00:00Z,2802.45,2811.41,2794.02,2802.59,18623.42
2025-11-24T13:00:00Z,2802.59,2827.96,2801.04,2814,50392.9
2025-11-24T14:00:00Z,2814,2847.76,2783.32,2831.39,129353.03
2025-11-24T15:00:00Z,2831.39,2859,2810.77,2844.95,82989.69
2025-11-24T16:00:00Z,2844.95,2873.85,2841.12,2857.33,68990.87
2025-11-24T17:00:00Z,2857.33,2943.56,2855.07,2939,119397.01
2025-11-24T18:00:00Z,2939,2962.72,2927.57,2956.28,73658.38
2025-11-24T19:00:00Z,2956.28,2978.65,2952.85,2957.98,44373.48
2025-11-24T20:00:00Z,2957.98,2986.32,2950.88,2971.16,31886.74
2025-11-24T21:00:00Z,2971.16,2972.4,2946.54,2957.59,22346.72
2025-11-24T22:00:00Z,2957.59,2978.99,2950.58,2959.12,16693.85
2025-11-24T23:00:00Z,2959.12,2967.28,2950.42,2951.91,17102.88
2025-11-25T00:00:00Z,2951.91,2951.92,2930.18,2942,30459.14
2025-11-25T01:00:00Z,2942,2946.31,2917,2917.93,30251.36
2025-11-25T02:00:00Z,2917.93,2933.69,2908,2930.28,41680.82
2025-11-25T03:00:00Z,2930.28,2935.57,2903.16,2910.35,35050.23
2025-11-25T04:00:00Z,2910.35,2941.8,2908.38,2936.21,26652.65
2025-11-25T05:00:00Z,2936.21,2937.48,2916.82,2926.95,16495.65
2025-11-25T06:00:00Z,2926.95,2927.08,2911,2921.07,19352.47
2025-11-25T07:00:00Z,2921.07,2924.38,2900.53,2901.51,23032.75
2025-11-25T08:00:00Z,2901.51,2908.32,2868.29,2870.55,43336.82
2025-11-25T09:00:00Z,2870.55,2892.68,2864,2891.05,48406.29
2025-11-25T10:00:00Z,2891.05,2899.53,2879.02,2897.67,20526.7
2025-11-25T11:00:00Z,2897.67,2898.83,2887.41,2890.3,14190.72
2025-11-25T12:00:00Z,2890.3,2932.22,2889.03,2926.75,44434.96
2025-11-25T13:00:00Z,2926.75,2933.83,2897.09,2906.91,44788.12
2025-11-25T14:00:00Z,2906.91,2921.91,2855.77,2879.86,88811.52
2025-11-25T15:00:00Z,2879.86,2915.36,2855.23,2894.28,87958.94
2025-11-25T16:00:00Z,2894.28,2937.81,2885.16,2928.24,64276.85
2025-11-25T17:00:00Z,2928.24,2952.01,2919.7,2935.5,39407.6
2025-11-25T18:00:00Z,2935.5,2957.74,2920.83,2922.57,47177.27
2025-11-25T19:00:00Z,2922.57,2926.91,2870.5,2921.18,59502.67
2025-11-25T20:00:00Z,2921.18,2941.98,2914.65,2927,27440.24
2025-11-25T21:00:00Z,2927,2944.44,2921.09,2929.53,23014.73
2025-11-25T22:00:00Z,2929.53,2976.24,2905.4,2968.78,60826.67
2025-11-25T23:00:00Z,2968.78,2978.92,2952.17,2958.22,39050.81
2025-11-26T00:00:00Z,2958.22,2970.89,2948.17,2952.56,16028.12
2025-11-26T01:00:00Z,2952.56,2982.86,2942.45,2968.75,30202.9
2025-11-26T02:00:00Z,2968.75,2975,2954.5,2955.01,11316.23
2025-11-26T03:00:00Z,2955.01,2963.3,2919.59,2925.53,29161.7
2025-11-26T04:00:00Z,2925.53,2938.35,2919.06,2929.48,21084.07
2025-11-26T05:00:00Z,2929.48,2951.64,2928.77,2942.81,18533.58
2025-11-26T06:00:00Z,2942.81,2953.5,2931.25,2944.81,17308.68
2025-11-26T07:00:00Z,2944.81,2948.18,2933.72,2943.14,12222.89
2025-11-26T08:00:00Z,2943.14,2947.96,2910.02,2911.27,40710.18
2025-11-26T09:00:00Z,2911.27,2916.24,2900.36,2906.08,28635.91
2025-11-26T10:00:00Z,2906.08,2916.93,2904.4,2913.3,20833.56
2025-11-26T11:00:00Z,2913.3,2916.89,2906.25,2912.81,10086.9
2025-11-26T12:00:00Z,2912.81,2916.88,2887.14,2900.55,55894.84
2025-11-26T13:00:00Z,2900.55,2935.61,2898.26,2933.12,46654.74
2025-11-26T14:00:00Z,2933.12,2946.53,2903.5,2909.87,71867.16
2025-11-26T15:00:00Z,2909.87,2939.24,2906.33,2926.63,41427.12
2025-11-26T16:00:00Z,2926.63,2958.87,2925.22,2945.24,47727.49
2025-11-26T17:00:00Z,2945.24,3032.41,2937.38,3025.77,114160.72
2025-11-26T18:00:00Z,3025.77,3044.18,3012.41,3032.83,53345.4
2025-11-26T19:00:00Z,3032.83,3036.62,3016.02,3030.69,18996.26
2025-11-26T20:00:00Z,3030.69,3030.84,3006.6,3023.19,22140.16
2025-11-26T21:00:00Z,3023.19,3034.36,3013.99,3019.09,24467.67
2025-11-26T22:00:00Z,3019.09,3031.7,3016.17,3025.94,20361.96
2025-11-26T23:00:00Z,3025.94,3031.76,3015.24,3024.74,11499.53
2025-11-27T00:00:00Z,3024.74,3047.26,3003,3033.6,56119.15
2025-11-27T01:00:00Z,3033.6,3055.37,3026.31,3050.67,39942.63
2025-11-27T02:00:00Z,3050.67,3069.94,3035,3036,66464.16
2025-11-27T03:00:00Z,3036,3050.6,3028.14,3032.11,20767.46
2025-11-27T04:00:00Z,3032.11,3052.62,3030,3040,17587.23
2025-11-27T05:00:00Z,3040,3044.3,3016.06,3021.73,24980.47
2025-11-27T06:00:00Z,3021.73,3032.98,3021.3,3026.39,10837.67
2025-11-27T07:00:00Z,3026.39,3034.98,3024.32,3032.08,7599.9
2025-11-27T08:00:00Z,3032.08,3034.09,3016.06,3027,15245.94
2025-11-27T09:00:00Z,3027,3044,3024.45,3026.36,20413.3
2025-11-27T10:00:00Z,3026.36,3034.5,3020.39,3032.98,12237.13
2025-11-27T11:00:00Z,3032.98,3034.71,3022.03,3026.84,11329.74
2025-11-27T12:00:00Z,3026.84,3028.87,2986.95,2990.4,46424.94
2025-11-27T13:00:00Z,2990.4,3001.35,2987,2994.44,28347.95
2025-11-27T14:00:00Z,2994.44,2998.53,2984.63,2995,28419.67
2025-11-27T15:00:00Z,2995,3013.36,2989.09,3010.06,29841.49
2025-11-27T16:00:00Z,3010.06,3026.76,3003.32,3019.87,33733.17
2025-11-27T17:00:00Z,3019.87,3023,3011.7,3018.83,12185.76
2025-11-27T18:00:00Z,3018.83,3038.44,3015.33,3036.49,17926.1
2025-11-27T19:00:00Z,3036.49,3036.6,3025.45,3030.82,8434.37
2025-11-27T20:00:00Z,3030.82,3043,3028.63,3037.51,10300.48
2025-11-27T21:00:00Z,3037.51,3042.47,3028.4,3031.01,9330.01
2025-11-27T22:00:00Z,3031.01,3033.26,3001.9,3009.52,23537.95
2025-11-27T23:00:00Z,3009.52,3022.26,3006,3013.99,13436.6
2025-11-28T00:00:00Z,3013.99,3023.06,3007.83,3013.22,12900.37
2025-11-28T01:00:00Z,3013.22,3015.5,2992.74,2997.22,30690.15
2025-11-28T02:00:00Z,2997.22,3014.76,2994.97,3011.62,22235.08
2025-11-28T03:00:00Z,3011.62,3014.4,3001.41,3007.78,10408.45
2025-11-28T04:00:00Z,3007.78,3019.5,3004.8,3016.51,10331.18
2025-11-28T05:00:00Z,3016.51,3028.56,3014.04,3023.29,18551.64
2025-11-28T06:00:00Z,3023.29,3023.29,3002,3009,14213.19
2025-11-28T07:00:00Z,3009,3022.4,2999.24,3000.79,22085.2
2025-11-28T08:00:00Z,3000.79,3076.35,3000.41,3064.18,74501.72
2025-11-28T10:00:00Z,3054.1,3063.16,3046.03,3060.06,15403.94
2025-11-28T11:00:00Z,3060.06,3061.3,3016.38,3032.69,45423.58
2025-11-28T12:00:00Z,3032.69,3045,3031.39,3035.47,33358.38
2025-11-28T13:00:00Z,3035.47,3087.34,3025.1,3073.51,68222.1
2025-11-28T14:00:00Z,3073.51,3098.55,3051.11,3066.71,86332.44
2025-11-28T15:00:00Z,3066.71,3091.13,3054.18,3072.22,39563.25
2025-11-28T16:00:00Z,3072.22,3072.98,3020.01,3024.5,59842.3
2025-11-28T17:00:00Z,3024.5,3043.57,3010.16,3033.76,46880.68
2025-11-28T18:00:00Z,3033.76,3048.16,3023,3041.23,23314.4
2025-11-28T19:00:00Z,3041.23,3059.22,3036.29,3049.08,20296.2
2025-11-28T20:00:00Z,3049.08,3056.61,3034.36,3054.62,11449.97
2025-11-28T21:00:00Z,3054.62,3058,3034.18,3035.01,11663.93
2025-11-28T22:00:00Z,3035.01,3042.25,3018.29,3038.16,29817.31
2025-11-28T23:00:00Z,3038.16,3043.9,3028.78,3029.62,6186.66
2025-11-29T00:00:00Z,3029.62,3037.61,3028.11,3034.12,5859.76
2025-11-29T01:00:00Z,3034.12,3051,3030.04,3036.55,34608.3
2025-11-29T02:00:00Z,3036.55,3038.68,3021.22,3028.69,17069.66
2025-11-29T03:00:00Z,3028.69,3034.28,3015.49,3020.97,14612.64
2025-11-29T04:00:00Z,3020.97,3043.44,3018.05,3038.84,15330.4
2025-11-29T05:00:00Z,3038.84,3041.44,3029.49,3031.34,11169.57
2025-11-29T06:00:00Z,3031.34,3036.77,2991.3,3006.08,68539.93
2025-11-29T07:00:00Z,3006.08,3013.13,2993,3003.45,17656.1
2025-11-29T08:00:00Z,3003.45,3009.99,2999.66,3007.01,12832.2
2025-11-29T09:00:00Z,3007.01,3009.27,2997.11,3000.75,13591.27
2025-11-29T10:00:00Z,3000.75,3006.9,2984.29,2996.24,24516.29
2025-11-29T11:00:00Z,2996.24,3001,2991,2999.4,15877.88
2025-11-29T12:00:00Z,2999.4,3001.79,2991.9,2996.28,9738.88
2025-11-29T13:00:00Z,2996.28,3000.82,2991.41,2997.38,17792.76
2025-11-29T14:00:00Z,2997.38,2997.8,2985.5,2987.36,12540.21
2025-11-29T15:00:00Z,2987.36,3013.63,2987.36,3006.49,32891.58
2025-11-29T16:00:00Z,3006.49,3010.75,2997.57,3002.35,11734.02
2025-11-29T17:00:00Z,3002.35,3003.75,2965.15,2968.98,62665.66
2025-11-29T18:00:00Z,2968.98,2997.05,2960.74,2993.67,42880.54
2025-11-29T19:00:00Z,2993.67,2999.1,2983.02,2987.14,14144.1
2025-11-29T20:00:00Z,2987.14,2997.6,2981.29,2996.06,7607.3
2025-11-29T21:00:00Z,2996.06,2997.7,2980.7,2992.82,8744.15
2025-11-29T22:00:00Z,2992.82,2994.36,2982.2,2987.85,6510.93
2025-11-29T23:00:00Z,2987.85,2992.74,2984.22,2987.86,10109.2
2025-11-30T00:00:00Z,2987.86,2999,2986.49,2996.75,23722.46
2025-11-30T01:00:00Z,2996.75,3011.77,2995.62,3004.29,18641.1
2025-11-30T02:00:00Z,3004.29,3011.32,2989,2989.72,26355.99
2025-11-30T03:00:00Z,2989.72,3004.4,2974.05,3000.33,27725.53
2025-11-30T04:00:00Z,3000.33,3002.37,2994.4,2997.36,6110.39
2025-11-30T05:00:00Z,2997.36,2997.63,2984.58,2990.95,12838.55
2025-11-30T06:00:00Z,2990.95,2999.54,2985.86,2996.67,7194.72
2025-11-30T07:00:00Z,2996.67,3009,2995.01,3004.61,27502.25
2025-11-30T08:00:00Z,3004.61,3018.29,3001.81,3005.41,33904.41
2025-11-30T09:00:00Z,3005.41,3013.66,3003.12,3008.28,14440.64
2025-11-30T10:00:00Z,3008.28,3010,3004.35,3008.11,5384.97
2025-11-30T11:00:00Z,3008.11,3015.37,2997.9,3001.86,14342.82
2025-11-30T12:00:00Z,3001.86,3032.26,2998.5,3024.45,29322.51
2025-11-30T13:00:00Z,3024.45,3051.8,3021.05,3047.14,41854.99
2025-11-30T14:00:00Z,3047.14,3049.06,3025.36,3036.3,23224.47
2025-11-30T15:00:00Z,3036.3,3036.3,3023.06,3027.66,16735.16
2025-11-30T16:00:00Z,3027.66,3047.99,3026.94,3042.38,11620.4
2025-11-30T17:00:00Z,3042.38,3043.12,3029.82,3039.66,15557.25
2025-11-30T18:00:00Z,3039.66,3040.2,3027.9,3035.5,11086.56
2025-11-30T19:00:00Z,3035.5,3039.72,3027.8,3033.11,4820.11
2025-11-30T20:00:00Z,3033.11,3039.7,3021.5,3027.44,11141.4
2025-11-30T21:00:00Z,3027.44,3027.86,3013.33,3020.77,14003.72
2025-11-30T22:00:00Z,3020.77,3034.99,3020.34,3031.92,10091.81
2025-11-30T23:00:00Z,3031.92,3033.76,2988.1,2990,37025.12
2025-12-01T00:00:00Z,2990,2998.3,2829.6,2835.35,232155.16
2025-12-01T01:00:00Z,2835.35,2859.75,2831.93,2849.65,57420.29
2025-12-01T02:00:00Z,2849.65,2872.71,2826.75,2836.98,83870.29
2025-12-01T03:00:00Z,2836.98,2840.67,2812.05,2824.92,59424.92
2025-12-01T04:00:00Z,2824.92,2826.99,2805.53,2821.4,49046.47
2025-12-01T05:00:00Z,2821.4,2830.58,2809.5,2827.27,32588.15
2025-12-01T06:00:00Z,2827.27,2835.65,2821.68,2823.93,12654.45
2025-12-01T07:00:00Z,2823.93,2843.3,2819.24,2838.89,23607.11
2025-12-01T08:00:00Z,2838.89,2844.74,2831.19,2839.45,23844.13
2025-12-01T09:00:00Z,2839.45,2852.35,2827.54,2838.1,42583.98
2025-12-01T10:00:00Z,2838.1,2845,2835.32,2842.04,8329.1
2025-12-01T11:00:00Z,2842.04,2848.75,2834.13,2836.39,20461.93
2025-12-01T12:00:00Z,2836.39,2838,2793.23,2819.75,85805.95
2025-12-01T13:00:00Z,2819.75,2839.17,2803.79,2812.22,75189.2
2025-12-01T14:00:00Z,2812.22,2831.82,2805.05,2816.85,65014.59
2025-12-01T15:00:00Z,2816.85,2819.59,2718.03,2745.07,221516.93
2025-12-01T16:00:00Z,2745.07,2755.33,2718.69,2731.5,116626.33
2025-12-01T17:00:00Z,2731.5,2752.51,2727.88,2738.99,42597.41
2025-12-01T18:00:00Z,2738.99,2758.16,2723.75,2748.61,44343.99
2025-12-01T19:00:00Z,2748.61,2752.63,2729.42,2740,24193.63
2025-12-01T20:00:00Z,2740,2768.73,2738.98,2756.94,54053.45
2025-12-01T21:00:00Z,2756.94,2796.92,2754.98,2790.84,66092.95
2025-12-01T22:00:00Z,2790.84,2812.47,2790,2795.68,40376.75
2025-12-01T23:00:00Z,2795.68,2818,2795,2797.37,20591.3
2025-12-02T00:00:00Z,2797.37,2803.22,2781.09,2794.1,26837.59
2025-12-02T01:00:00Z,2794.1,2823.67,2791.35,2793.58,32504.91
2025-12-02T02:00:00Z,2793.58,2813,2783.38,2799.6,19136.81
2025-12-02T03:00:00Z,2799.6,2808.97,2783.86,2802.94,19688.57
2025-12-02T04:00:00Z,2802.94,2812.74,2801.82,2803.35,12607.75
2025-12-02T05:00:00Z,2803.35,2805.87,2795.66,2801.76,9425.35
2025-12-02T06:00:00Z,2801.76,2814.62,2796.01,2811.44,10203.56
2025-12-02T07:00:00Z,2811.44,2812.99,2801.4,2804.06,8183.97
2025-12-02T08:00:00Z,2804.06,2805.48,2779.94,2796.78,27329.36
2025-12-02T09:00:00Z,2796.78,2810,2793.96,2796.12,15398.55
2025-12-02T10:00:00Z,2796.12,2833.35,2796.01,2821.53,35185.4
2025-12-02T11:00:00Z,2821.53,2829.39,2815,2824.36,23409.02
2025-12-02T12:00:00Z,2824.36,2830,2815,2826.42,17223.22
2025-12-02T13:00:00Z,2826.42,2846.64,2820.6,2843.11,40946.41
2025-12-02T14:00:00Z,2843.11,2909.45,2838.99,2893.51,135513.11
2025-12-02T15:00:00Z,2893.51,3024,2892.6,3005.12,216382.79
2025-12-02T16:00:00Z,3005.12,3025.32,2985.29,2993.93,79527.88
2025-12-02T17:00:00Z,2993.93,3033,2992.69,3014.79,59705.54
2025-12-02T18:00:00Z,3014.79,3032.99,3006.67,3012.61,39260.51
2025-12-02T19:00:00Z,3012.61,3028.59,3011.63,3014.99,16866.55
2025-12-02T20:00:00Z,3014.99,3015.95,2970.75,2978.92,48257.55
2025-12-02T21:00:00Z,2978.92,2996.97,2976,2994.54,15786.35
2025-12-02T22:00:00Z,2994.54,3020.49,2993.6,3016.36,19357.09
2025-12-02T23:00:00Z,3016.36,3017.43,2990.53,2994.31,18117.38
2025-12-03T00:00:00Z,2994.31,3007.35,2984,3001.93,18962.92
2025-12-03T01:00:00Z,3001.93,3026.93,2997.48,3014.34,20662.8
2025-12-03T02:00:00Z,3014.34,3046.99,3012.52,3029.43,59724.38
2025-12-03T03:00:00Z,3029.43,3036.6,3019.99,3029.17,12915.84
2025-12-03T04:00:00Z,3029.17,3058.55,3028,3055.29,38949.74
2025-12-03T05:00:00Z,3055.29,3069.16,3046.93,3057.26,35853.57
2025-12-03T06:00:00Z,3057.26,3085,3053.75,3066.1,44863.61
2025-12-03T07:00:00Z,3066.1,3067.57,3050,3056.23,18923.17
2025-12-03T08:00:00Z,3056.23,3059.93,3042.52,3049.44,21376.59
2025-12-03T09:00:00Z,3049.44,3062.59,3044.16,3059.28,15770.83
2025-12-03T10:00:00Z,3059.28,3078.91,3048.75,3054.46,34535.95
2025-12-03T11:00:00Z,3054.46,3076.51,3047.11,3071.99,27265.93
2025-12-03T12:00:00Z,3071.99,3083.44,3065.81,3080.15,24675.48
2025-12-03T13:00:00Z,3080.15,3093.47,3076.17,3088.81,33509.86
2025-12-03T14:00:00Z,3088.81,3146.88,3029.01,3075.14,255799.45
2025-12-03T15:00:00Z,3075.14,3109.24,3055,3084.89,77798.49
2025-12-03T16:00:00Z,3084.89,3106.56,3063,3087.34,41851.81
2025-12-03T17:00:00Z,3087.34,3133.24,3086.41,3126.91,49954.24
2025-12-03T18:00:00Z,3126.91,3141.79,3102.73,3113.98,46310.71
2025-12-03T19:00:00Z,3113.98,3132.64,3110.36,3126.54,17903.79
2025-12-03T20:00:00Z,3126.54,3159.11,3116.12,3137.28,50955.52
2025-12-03T21:00:00Z,3137.28,3169.63,3126.76,3162.81,43208.88
2025-12-03T22:00:00Z,3162.81,3195.7,3142.99,3187.98,90743.47
2025-12-03T23:00:00Z,3187.98,3213.79,3176.8,3186.55,61220.94
2025-12-04T00:00:00Z,3186.55,3205,3172.4,3195.99,32711.42
2025-12-04T01:00:00Z,3195.99,3238.91,3192.82,3201,68922.48
2025-12-04T02:00:00Z,3201,3224.65,3197.2,3220.19,22469.28
2025-12-04T03:00:00Z,3220.19,3227.52,3203.83,3208.69,14352.37
2025-12-04T04:00:00Z,3208.69,3218.34,3185.57,3190.6,23418.92
2025-12-04T05:00:00Z,3190.6,3193.16,3168.39,3183.74,46938.4
2025-12-04T06:00:00Z,3183.74,3218.5,3179.19,3203.75,36460.22
2025-12-04T07:00:00Z,3203.75,3204.04,3180,3189.2,32258
2025-12-04T08:00:00Z,3189.2,3195.75,3173.56,3182.89,20715.47
2025-12-04T09:00:00Z,3182.89,3209.58,3181.59,3198.08,39480.57
2025-12-04T10:00:00Z,3198.08,3202.4,3182.72,3187.03,20277.81
2025-12-04T11:00:00Z,3187.03,3193.39,3175.3,3184.99,24899.86
2025-12-04T12:00:00Z,3184.99,3191.82,3170.7,3175.03,18676.7
2025-12-04T13:00:00Z,3175.03,3190.5,3157,3169.43,78496.97
2025-12-04T14:00:00Z,3169.43,3187.51,3136.77,3143.22,98349.76
2025-12-04T15:00:00Z,3143.22,3224,3143,3206.4,138755.64
2025-12-04T16:00:00Z,3206.4,3224.6,3158.15,3167.98,96565.55
2025-12-04T17:00:00Z,3167.98,3174.68,3134.29,3159.48,43603.37
2025-12-04T18:00:00Z,3159.48,3164.98,3132.01,3140.09,25472.38
2025-12-04T19:00:00Z,3140.09,3140.98,3064.58,3117.89,101159.2
2025-12-04T20:00:00Z,3117.89,3144.32,3104.01,3140.27,35880.22
2025-12-04T21:00:00Z,3140.27,3150.69,3117.15,3122.4,36413.09
2025-12-04T22:00:00Z,3122.4,3148,3122,3142.75,10963.71
2025-12-04T23:00:00Z,3142.75,3143.48,3127.65,3132.35,8912.71
2025-12-05T00:00:00Z,3132.35,3158.11,3131.74,3145.51,27454.58
2025-12-05T01:00:00Z,3145.51,3170.99,3142.58,3162.6,21600.53
2025-12-05T02:00:00Z,3162.6,3188.95,3155.01,3182.39,27462.05
2025-12-05T03:00:00Z,3182.39,3192.85,3164.96,3169.86,23598.91
2025-12-05T04:00:00Z,3169.86,3181,3150.5,3166.95,35376.6
2025-12-05T05:00:00Z,3166.95,3172.96,3151.19,3154.47,24308.11
2025-12-05T06:00:00Z,3154.47,3174.77,3154.47,3167.2,17049.89
2025-12-05T07:00:00Z,3167.2,3180.48,3164.73,3171.92,28410.16
2025-12-05T08:00:00Z,3171.92,3172,3140.6,3153.46,26229.94
2025-12-05T09:00:00Z,3153.46,3153.59,3106.16,3120.19,83254.03
2025-12-05T10:00:00Z,3120.19,3146.94,3119,3132.85,60749.11
2025-12-05T11:00:00Z,3132.85,3141.89,3107.97,3129.92,51326.05
2025-12-05T12:00:00Z,3129.92,3133.59,3116.16,3126.38,31202.44
2025-12-05T13:00:00Z,3126.38,3136.53,3085.56,3097.65,101859.98
2025-12-05T14:00:00Z,3097.65,3115.1,3081.19,3102.66,67203.13
2025-12-05T15:00:00Z,3102.66,3157.07,3092.32,3104.64,158680.46
2025-12-05T16:00:00Z,3104.64,3106.94,2998.12,3031.94,267789.35
2025-12-05T17:00:00Z,3031.94,3039.34,3005.66,3032.55,82810.67
2025-12-05T18:00:00Z,3032.55,3062.72,3002.11,3006,108463.12
2025-12-05T19:00:00Z,3006,3047,2981.12,3037.56,114882.35
2025-12-05T20:00:00Z,3037.56,3049.12,3014.36,3021.38,35508.48
2025-12-05T21:00:00Z,3021.38,3036.64,3013.63,3019.24,19427.14
2025-12-05T22:00:00Z,3019.24,3032,3009.34,3025.9,16065.54
2025-12-05T23:00:00Z,3025.9,3026.09,3005.14,3020.35,41341.69
2025-12-06T00:00:00Z,3020.35,3027.44,3010.92,3024.38,11238.79
2025-12-06T01:00:00Z,3024.38,3031.85,3017.51,3025.19,9360.18
2025-12-06T02:00:00Z,3025.19,3028.8,3016.84,3027.5,9916.5
2025-12-06T03:00:00Z,3027.5,3044.83,3026.12,3038.74,32146.59
2025-12-06T04:00:00Z,3038.74,3041.21,3028.19,3035.36,7334.37
2025-12-06T05:00:00Z,3035.36,3039.27,3030.82,3035.88,4285.92
2025-12-06T06:00:00Z,3035.88,3040.53,3032.17,3038.41,3782.36
2025-12-06T07:00:00Z,3038.41,3039.8,3023.08,3024.95,12782.98
2025-12-06T08:00:00Z,3024.95,3034.45,3011.08,3012.68,33075
2025-12-06T09:00:00Z,3012.68,3031.57,3011.83,3028.15,15308.58
2025-12-06T10:00:00Z,3028.15,3036.52,3023.22,3029.06,9353.49
2025-12-06T11:00:00Z,3029.06,3040.24,3026.55,3036.96,12387.18
2025-12-06T12:00:00Z,3036.96,3038.98,3027.73,3029.67,7129.09
2025-12-06T13:00:00Z,3029.67,3041.21,3028.1,3034.01,6228.34
2025-12-06T14:00:00Z,3034.01,3067.57,3032.57,3053.77,66719.96
2025-12-06T15:00:00Z,3053.77,3054.49,3024.78,3040.27,32539.93
2025-12-06T16:00:00Z,3040.27,3066,3039,3051.13,17732.25
2025-12-06T17:00:00Z,3051.13,3059.1,3045.8,3054.55,10958.03
2025-12-06T19:00:00Z,3040.99,3047.09,3024.11,3029.54,22759.34
2025-12-06T20:00:00Z,3029.54,3040.6,3029.1,3038.72,5956
2025-12-06T21:00:00Z,3038.72,3044.13,3035.29,3041.52,9258.76
2025-12-06T22:00:00Z,3041.52,3053.38,3036.02,3040.89,11461.4
2025-12-06T23:00:00Z,3040.89,3042.38,3025.15,3037.01,12944.95
2025-12-07T00:00:00Z,3037.01,3048.25,3031.58,3043.85,9717.65
2025-12-07T01:00:00Z,3043.85,3051.17,3040.42,3041.55,6900
2025-12-07T02:00:00Z,3041.55,3056,3041.4,3052.77,6350.31
2025-12-07T03:00:00Z,3052.77,3056.24,3047.83,3052.64,5066
2025-12-07T04:00:00Z,3052.64,3057.25,3042,3045.2,11816.46
2025-12-07T05:00:00Z,3045.2,3048.41,3042.53,3043.5,3326.96
2025-12-07T06:00:00Z,3043.5,3047.54,3042.41,3047.08,2789.36
2025-12-07T07:00:00Z,3047.08,3049.68,3029.63,3036.68,17983.08
2025-12-07T08:00:00Z,3036.68,3042.7,3027,3033.64,18463.95
2025-12-07T09:00:00Z,3033.64,3038.42,3023.36,3030.01,15479.97
2025-12-07T10:00:00Z,3030.01,3043.5,3029.35,3037.51,13860.67
2025-12-07T11:00:00Z,3037.51,3041.54,3034.17,3035.01,11831.79
2025-12-07T12:00:00Z,3035.01,3051,3034.03,3048.17,20449.27
2025-12-07T13:00:00Z,3048.17,3052.84,3026,3030.69,30942.04
2025-12-07T14:00:00Z,3030.69,3034.8,2911.62,2941.5,277705.03
2025-12-07T15:00:00Z,2941.5,3038.19,2938.63,3025.19,168021.98
2025-12-07T16:00:00Z,3025.19,3039.24,2998.19,3038.83,76909.05
2025-12-07T17:00:00Z,3038.83,3134.53,3023.17,3112.3,175685.43
2025-12-07T18:00:00Z,3112.3,3150,3112.3,3128.52,50715.51
2025-12-07T19:00:00Z,3128.52,3142.48,3121.02,3137,18152.14
2025-12-07T20:00:00Z,3137,3146.48,3131.37,3140.5,8712.76
2025-12-07T21:00:00Z,3140.5,3140.5,3067.5,3084,62474.2
2025-12-07T22:00:00Z,3084,3085.44,3011.25,3031.94,83101.73
2025-12-07T23:00:00Z,3031.94,3063.85,3023.01,3058.15,26043.69
2025-12-08T00:00:00Z,3058.15,3074.8,3038.4,3061.43,34367.75
2025-12-08T01:00:00Z,3061.43,3133.63,3061,3096.9,79750.45
2025-12-08T02:00:00Z,3096.9,3113.96,3090.25,3108.15,20526.89
2025-12-08T03:00:00Z,3108.15,3119.3,3100.1,3109.72,23647.03
2025-12-08T04:00:00Z,3109.72,3136.84,3107,3127.72,23637.08
2025-12-08T05:00:00Z,3127.72,3139.81,3120.07,3129.18,21116.25
2025-12-08T06:00:00Z,3129.18,3139,3120.78,3129.24,16376.54
2025-12-08T07:00:00Z,3129.24,3136.87,3121.65,3132.54,14434.77
2025-12-08T08:00:00Z,3132.54,3146.22,3123.32,3142.54,28224.53
2025-12-08T09:00:00Z,3142.54,3179,3139.36,3157.48,68096.01
2025-12-08T10:00:00Z,3157.48,3164.62,3151.69,3158.7,34710.26
2025-12-08T11:00:00Z,3158.7,3162.38,3132.98,3140.19,26336.37
2025-12-08T12:00:00Z,3140.19,3141.72,3120.55,3129.65,44205.37
2025-12-08T13:00:00Z,3129.65,3158.94,3127.36,3144.08,60206.57
2025-12-08T14:00:00Z,3144.08,3178.68,3124.06,3127.01,134658.91
2025-12-08T15:00:00Z,3127.01,3137.98,3086.87,3100.13,106477.99
2025-12-08T16:00:00Z,3100.13,3132.05,3091.58,3106.94,58383.94
2025-12-08T17:00:00Z,3106.94,3128,3097.11,3119.83,45460.52
2025-12-08T18:00:00Z,3119.83,3132.26,3073.91,3091.64,71724.36
2025-12-08T19:00:00Z,3091.64,3127.57,3089.07,3117.75,21576.58
2025-12-08T20:00:00Z,3117.75,3145.61,3117.37,3134.79,25548.66
2025-12-08T21:00:00Z,3134.79,3153,3125.5,3145.34,20682.42
2025-12-08T22:00:00Z,3145.34,3146.3,3118.43,3128.36,23480.66
2025-12-08T23:00:00Z,3128.36,3135.64,3111.13,3122.57,12285.08
2025-12-09T00:00:00Z,3122.57,3142.58,3112.72,3118.47,40586.55
2025-12-09T01:00:00Z,3118.47,3123.21,3096.84,3105.53,40848.29
2025-12-09T02:00:00Z,3105.53,3114.57,3096,3097,15786.94
2025-12-09T03:00:00Z,3097,3127.76,3089,3127.76,39663.63
2025-12-09T04:00:00Z,3127.76,3129.57,3102.42,3105.58,45163.7
2025-12-09T05:00:00Z,3105.58,3117.49,3094,3106.87,14352.91
2025-12-09T06:00:00Z,3106.87,3115,3095.25,3111.71,18097.48
2025-12-09T07:00:00Z,3111.71,3126.72,3108.32,3121.47,26264.59
2025-12-09T08:00:00Z,3121.47,3129.59,3114.07,3120.25,11563.91
2025-12-09T09:00:00Z,3120.25,3122.28,3103,3105,19680.62
2025-12-09T10:00:00Z,3105,3113.6,3090.86,3106.04,34452.61
2025-12-09T11:00:00Z,3106.04,3119.31,3099.11,3117.05,16142.89
2025-12-09T12:00:00Z,3117.05,3139.83,3113.11,3135.69,29521.8
2025-12-09T13:00:00Z,3135.69,3138.91,3107.13,3115.84,48083.1
2025-12-09T14:00:00Z,3115.84,3127.78,3095.85,3115.84,49859.53
2025-12-09T15:00:00Z,3115.84,3255,3113.55,3243.99,272631.12
2025-12-09T16:00:00Z,3243.99,3378.25,3243.48,3363.89,245415.65
2025-12-09T17:00:00Z,3363.89,3397.21,3354.91,3373.92,127396.38
2025-12-09T18:00:00Z,3373.92,3386.6,3359.15,3374.34,35951.22
2025-12-09T19:00:00Z,3374.34,3376.99,3344.24,3356.32,31628.31
2025-12-09T20:00:00Z,3356.32,3359.65,3303.59,3325.47,64344
2025-12-09T21:00:00Z,3325.47,3334.25,3283.5,3300.29,47228.61
2025-12-09T22:00:00Z,3300.29,3343,3296.1,3327,45284
2025-12-09T23:00:00Z,3327,3334.17,3315.31,3316.36,16515.72
2025-12-10T00:00:00Z,3316.36,3326.96,3304.41,3305,26907.74
2025-12-10T01:00:00Z,3305,3314.34,3287,3301.95,38251.26
2025-12-10T02:00:00Z,3301.95,3311.87,3291,3310.24,17414.28
2025-12-10T03:00:00Z,3310.24,3316.77,3304.41,3308.52,13806.5
2025-12-10T04:00:00Z,3308.52,3326.84,3305.78,3321.55,27268.39
2025-12-10T05:00:00Z,3321.55,3334.43,3313.61,3321.28,32674.26
2025-12-10T06:00:00Z,3321.28,3326.85,3313.5,3323.83,16219.27
2025-12-10T07:00:00Z,3323.83,3325.88,3308.76,3325.37,16596.02
2025-12-10T08:00:00Z,3325.37,3332.07,3320.61,3320.62,12075.73
2025-12-10T09:00:00Z,3320.62,3348.4,3313.23,3346.89,36104.97
2025-12-10T10:00:00Z,3346.89,3374.85,3307.85,3310.77,92362.09
2025-12-10T11:00:00Z,3310.77,3319.53,3295.93,3317.05,43237.74
2025-12-10T12:00:00Z,3317.05,3326.11,3307.23,3322.83,32276.05
2025-12-10T13:00:00Z,3322.83,3338,3318.37,3333.3,61565.24
2025-12-10T14:00:00Z,3333.3,3338.67,3302.86,3319.12,67985.06
2025-12-10T15:00:00Z,3319.12,3337.61,3305.1,3327.18,49969.25
2025-12-10T16:00:00Z,3327.18,3368.76,3319.45,3349.99,64874.9
2025-12-10T17:00:00Z,3349.99,3385.34,3344.25,3369.28,51026.16
2025-12-10T18:00:00Z,3369.28,3428.74,3357.58,3380.67,92633.85
2025-12-10T19:00:00Z,3380.67,3435.51,3344.24,3389.13,166295.49
2025-12-10T20:00:00Z,3389.13,3446.73,3344.07,3354,109630.27
2025-12-10T21:00:00Z,3354,3368,3327.28,3338.09,49471.29
2025-12-10T22:00:00Z,3338.09,3354,3315.6,3344.96,30316.09
2025-12-10T23:00:00Z,3344.96,3351.08,3318.71,3322.75,15518.14
2025-12-11T00:00:00Z,3322.75,3326.11,3257.12,3278.5,77460.3
2025-12-11T01:00:00Z,3278.5,3278.95,3242.26,3253.55,53427.35
2025-12-11T02:00:00Z,3253.55,3254.88,3205.85,3210.43,76183.61
2025-12-11T03:00:00Z,3210.43,3210.44,3166.08,3191.24,71743.26
2025-12-11T04:00:00Z,3191.24,3215.24,3180,3214.03,50406.39
2025-12-11T05:00:00Z,3214.03,3214.99,3193.28,3213.92,22306.44
2025-12-11T06:00:00Z,3213.92,3214.14,3193.51,3202.3,15954.73
2025-12-11T07:00:00Z,3202.3,3206.58,3195.67,3201.12,11967.15
2025-12-11T08:00:00Z,3201.12,3201.47,3176.94,3196.81,27743.05
2025-12-11T09:00:00Z,3196.81,3213.35,3192.57,3198.4,33513.01
2025-12-11T10:00:00Z,3198.4,3202.92,3188.55,3196.44,15715.55
2025-12-11T11:00:00Z,3196.44,3202.89,3192.54,3192.94,10277.6
2025-12-11T12:00:00Z,3192.94,3207.61,3187.18,3199.09,16994.12
2025-12-11T13:00:00Z,3199.09,3204,3188.15,3192.18,18578.36
2025-12-11T14:00:00Z,3192.18,3196.45,3144.18,3159.55,110218.01
2025-12-11T15:00:00Z,3159.55,3209.95,3154.7,3178.9,87520.73
2025-12-11T16:00:00Z,3178.9,3197.66,3154.24,3175.3,56287.74
2025-12-11T17:00:00Z,3175.3,3204.35,3167.58,3180.85,60972.97
2025-12-11T18:00:00Z,3180.85,3234.08,3178.56,3202.45,84064.83
2025-12-11T19:00:00Z,3202.45,3227.5,3188.21,3193.44,60939.72
2025-12-11T20:00:00Z,3193.44,3225.81,3191.36,3220.67,37940.45
2025-12-11T21:00:00Z,3220.67,3271.83,3214,3247.22,92854.76
2025-12-11T22:00:00Z,3247.22,3263.94,3227.46,3236.96,36484.1
2025-12-11T23:00:00Z,3236.96,3244.44,3221.43,3236.12,23998.2
2025-12-12T00:00:00Z,3236.12,3246.8,3182.55,3187.68,40620.77
2025-12-12T01:00:00Z,3187.68,3245,3187.68,3233,42353.81
2025-12-12T02:00:00Z,3233,3264.22,3225.58,3257.18,40026.55
2025-12-12T03:00:00Z,3257.18,3262.72,3236.96,3243.73,24295.95
2025-12-12T04:00:00Z,3243.73,3249.79,3238.24,3245.88,10437.43
2025-12-12T05:00:00Z,3245.88,3250.39,3230.15,3246.31,16711.79
2025-12-12T06:00:00Z,3246.31,3263.5,3243.97,3252.65,29079.8
2025-12-12T07:00:00Z,3252.65,3256.64,3241.27,3244.82,19744.5
2025-12-12T08:00:00Z,3244.82,3248.91,3232.96,3243.59,13946.26
2025-12-12T09:00:00Z,3243.59,3253.72,3231.44,3249.68,22282.51
2025-12-12T10:00:00Z,3249.68,3254.91,3238.17,3242.57,15322.73
2025-12-12T11:00:00Z,3242.57,3244.11,3224.5,3240.88,31650.84
2025-12-12T12:00:00Z,3240.88,3247.91,3231.29,3245.96,17874.63
2025-12-12T13:00:00Z,3245.96,3249.99,3236.32,3240.84,15473.24
2025-12-12T14:00:00Z,3240.84,3246.75,3213.49,3229.29,49188.67
2025-12-12T15:00:00Z,3229.29,3229.93,3056,3070.12,308428.74
2025-12-12T16:00:00Z,3070.12,3087.83,3042.55,3068.05,140626.75
2025-12-12T17:00:00Z,3068.05,3098.59,3060.36,3064.82,57633.43
2025-12-12T18:00:00Z,3064.82,3096.6,3062.99,3078.18,32500.73
2025-12-12T19:00:00Z,3078.18,3081.17,3062,3072.26,23301.08
2025-12-12T20:00:00Z,3072.26,3085,3066.01,3080.58,18369.25
2025-12-12T21:00:00Z,3080.58,3089.04,3075,3079.92,12298.49
2025-12-12T22:00:00Z,3079.92,3092.99,3078.72,3091.96,9996.05
2025-12-12T23:00:00Z,3091.96,3094.99,3081.3,3083.31,5434.34
2025-12-13T00:00:00Z,3083.31,3094.08,3080.33,3084.95,6435.25
2025-12-13T01:00:00Z,3084.95,3089.23,3076.2,3082.88,10483.7
2025-12-13T02:00:00Z,3082.88,3087.82,3081.6,3083.14,5472.97
2025-12-13T03:00:00Z,3083.14,3091.44,3082.45,3088.36,8514.4
2025-12-13T04:00:00Z,3088.36,3090.33,3084.16,3088.19,4716.33
2025-12-13T05:00:00Z,3088.19,3090.29,3082.31,3087.54,7471.4
2025-12-13T06:00:00Z,3087.54,3093.84,3083,3091.91,5153.06
2025-12-13T07:00:00Z,3091.91,3093.64,3088.19,3092.73,6236.64
2025-12-13T08:00:00Z,3092.73,3131.31,3090.46,3114.27,57565.63
2025-12-13T09:00:00Z,3114.27,3120.97,3110.2,3116.35,19648.19
2025-12-13T10:00:00Z,3116.35,3133.88,3115.8,3125.92,16946.08
2025-12-13T11:00:00Z,3125.92,3127.36,3113.34,3117.66,15519.36
2025-12-13T12:00:00Z,3117.66,3125.88,3107.41,3113.5,13377.54
2025-12-13T13:00:00Z,3113.5,3118.3,3092.31,3108.11,24754.06
2025-12-13T14:00:00Z,3108.11,3114.5,3094.2,3109.02,23253.21
2025-12-13T15:00:00Z,3109.02,3122.89,3103.11,3108.25,17113.43
2025-12-13T16:00:00Z,3108.25,3115,3098.86,3103.99,12186.71
2025-12-13T17:00:00Z,3103.99,3104.55,3093.98,3099.58,9993.79
2025-12-13T18:00:00Z,3099.58,3109.69,3097.2,3100.31,7991.84
2025-12-13T19:00:00Z,3100.31,3109.97,3099.07,3106.79,5980.58
2025-12-13T20:00:00Z,3106.79,3108.49,3100.77,3102.96,2368.85
2025-12-13T21:00:00Z,3102.96,3113.51,3077.65,3110.08,26900.53
2025-12-13T22:00:00Z,3110.08,3118.98,3101.02,3113.06,13954.48
2025-12-13T23:00:00Z,3113.06,3117,3108.18,3112.88,5890.72
2025-12-14T00:00:00Z,3112.88,3121.76,3102.16,3117.96,10977.4
2025-12-14T01:00:00Z,3117.96,3128.73,3113.38,3118.45,13554.26
2025-12-14T02:00:00Z,3118.45,3124.58,3114.53,3121.44,5569.85
2025-12-14T03:00:00Z,3121.44,3124.99,3115.8,3117.45,5613.5
2025-12-14T04:00:00Z,3117.45,3121,3105.17,3110.36,11065.97
2025-12-14T05:00:00Z,3110.36,3113.96,3104,3110.39,10647.46
2025-12-14T06:00:00Z,3110.39,3114.23,3104.36,3109.6,7562.18
2025-12-14T07:00:00Z,3109.6,3116.53,3107.56,3114.16,7484.88
2025-12-14T08:00:00Z,3114.16,3118.67,3107.9,3109.7,9026.96
2025-12-14T09:00:00Z,3109.7,3112.8,3106.09,3107.96,7379.02
2025-12-14T10:00:00Z,3107.96,3111.96,3092,3105.86,23448.17
2025-12-14T11:00:00Z,3105.86,3108.93,3047.93,3083.45,95998.84
2025-12-14T12:00:00Z,3083.45,3107.29,3069.12,3096.6,56671.28
2025-12-14T13:00:00Z,3096.6,3103.05,3075.7,3100.14,31563.67
2025-12-14T14:00:00Z,3100.14,3106.93,3072.42,3084.32,32591.46
2025-12-14T15:00:00Z,3084.32,3086.89,3067.13,3083.38,47878.05
2025-12-14T16:00:00Z,3083.38,3107.46,3076.57,3096.64,44604.5
2025-12-14T17:00:00Z,3096.64,3103.35,3072.14,3083.49,68812.36
2025-12-14T18:00:00Z,3083.49,3103,3079.25,3099.82,16214.17
2025-12-14T19:00:00Z,3099.82,3100.31,3084.5,3091.7,13083.97
2025-12-14T20:00:00Z,3091.7,3095.47,3062.42,3080.64,77362.16
2025-12-14T21:00:00Z,3080.64,3089.64,3075.11,3080.29,16905.44
2025-12-14T22:00:00Z,3080.29,3088,3052.04,3072.4,41296.07
2025-12-14T23:00:00Z,3072.4,3089.64,3024,3061.87,82338.86
2025-12-15T00:00:00Z,3061.87,3083.65,3054.73,3073.16,42894.06
2025-12-15T01:00:00Z,3073.16,3119.99,3064.2,3106.62,67412.19
2025-12-15T02:00:00Z,3106.62,3149.87,3105.26,3118.74,78178.77
2025-12-15T04:00:00Z,3107.05,3126.38,3102.85,3122.66,20702.3
2025-12-15T05:00:00Z,3122.66,3123.5,3113,3118.86,11281.08
2025-12-15T06:00:00Z,3118.86,3144.04,3114.15,3136,20281.69
2025-12-15T07:00:00Z,3136,3140.95,3121.5,3127.77,19720.95
2025-12-15T08:00:00Z,3127.77,3143.62,3124.33,3138.39,16528.58
2025-12-15T09:00:00Z,3138.39,3160,3137.56,3152.01,32366.56
2025-12-15T10:00:00Z,3152.01,3176.55,3149.6,3158.14,42278.88
2025-12-15T11:00:00Z,3158.14,3161.38,3143.51,3155.29,20342
2025-12-15T12:00:00Z,3155.29,3157.58,3145.94,3154.08,17771.73
2025-12-15T13:00:00Z,3154.08,3155.06,3124.62,3130.4,41893.89
2025-12-15T14:00:00Z,3130.4,3145.8,3030.88,3047.15,176500.31
2025-12-15T15:00:00Z,3047.15,3059.82,2984.09,3010.01,212638.32
2025-12-15T16:00:00Z,3010.01,3016.9,2965.09,2987.73,82076.65
2025-12-15T17:00:00Z,2987.73,2992.84,2931.15,2936,91404.16
2025-12-15T18:00:00Z,2936,2942,2892.77,2936.65,86602.22
2025-12-15T19:00:00Z,2936.65,2963.94,2926.17,2939.25,61032.86
2025-12-15T20:00:00Z,2939.25,2946.13,2915.43,2928.01,34476.78
2025-12-15T21:00:00Z,2928.01,2947,2918.18,2945.17,25570.18
2025-12-15T22:00:00Z,2945.17,2951.77,2934.49,2951.01,13793.85
2025-12-15T23:00:00Z,2951.01,2968.62,2948.68,2963.44,28030.76
2025-12-16T00:00:00Z,2963.44,2977.29,2938.35,2940.99,33048.18
2025-12-16T01:00:00Z,2940.99,2960.7,2933.29,2945.81,28066.49
2025-12-16T02:00:00Z,2945.81,2966.15,2937.29,2944.35,23714.34
2025-12-16T03:00:00Z,2944.35,2949.54,2921,2935.92,26057.71
2025-12-16T04:00:00Z,2935.92,2938.99,2875.65,2916.87,82174.92
2025-12-16T05:00:00Z,2916.87,2927.6,2911.33,2922.27,29976.2
2025-12-16T06:00:00Z,2922.27,2950.93,2922.04,2944.55,28653.22
2025-12-16T07:00:00Z,2944.55,2947.32,2916.75,2922.93,26623.7
2025-12-16T08:00:00Z,2922.93,2939.37,2918.79,2930.15,15604.3
2025-12-16T09:00:00Z,2930.15,2934.64,2922.13,2925.87,8361.32
2025-12-16T10:00:00Z,2925.87,2963.54,2920.11,2946.63,51407.86
2025-12-16T11:00:00Z,2946.63,2962,2936.68,2956.62,35580.97
2025-12-16T12:00:00Z,2956.62,2963.2,2946.15,2950.55,26360.86
2025-12-16T13:00:00Z,2950.55,2981,2907.15,2909.08,137107.06
2025-12-16T14:00:00Z,2909.08,2959.26,2884.58,2940.36,134268.07
2025-12-16T15:00:00Z,2940.36,2975,2912.23,2962.07,90286.8
2025-12-16T16:00:00Z,2962.07,2962.86,2922.9,2937.08,53957.46
2025-12-16T17:00:00Z,2937.08,2953.5,2915.32,2918.13,44637.71
2025-12-16T18:00:00Z,2918.13,2966.79,2910.01,2951.02,51131.47
2025-12-16T19:00:00Z,2951.02,2956.73,2919.2,2943.77,38523.21
2025-12-16T20:00:00Z,2943.77,2962.33,2941.66,2946.23,22193.94
2025-12-16T21:00:00Z,2946.23,2956.95,2936.37,2949.68,12757.4
2025-12-16T22:00:00Z,2949.68,2960,2942.64,2952.56,7903.88
2025-12-16T23:00:00Z,2952.56,2964.63,2946.66,2960.92,11123.89
2025-12-17T00:00:00Z,2960.92,2960.92,2942.66,2948.05,15425.03
2025-12-17T01:00:00Z,2948.05,2972.71,2947.24,2952.86,18302.96
2025-12-17T02:00:00Z,2952.86,2963.26,2936.69,2958.05,16289.28
2025-12-17T03:00:00Z,2958.05,2960.69,2941.69,2946.6,10732.1
2025-12-17T04:00:00Z,2946.6,2950.49,2925.39,2931.27,24843.66
2025-12-17T05:00:00Z,2931.27,2936.86,2912.73,2929.32,43299.68
2025-12-17T06:00:00Z,2929.32,2943,2929.09,2935.07,13653.73
2025-12-17T07:00:00Z,2935.07,2953,2930.29,2946.42,27181.22
2025-12-17T08:00:00Z,2946.42,2946.51,2921.34,2924.41,24160.15
2025-12-17T09:00:00Z,2924.41,2932.5,2916.73,2921.83,17351.7
2025-12-17T10:00:00Z,2921.83,2927.21,2906.7,2919.15,30148.23
2025-12-17T11:00:00Z,2919.15,2933,2916.3,2927.22,17523.65
2025-12-17T12:00:00Z,2927.22,2934.65,2918,2923.91,20521.98
2025-12-17T13:00:00Z,2923.91,2953.82,2916.55,2943.4,44583.28
2025-12-17T14:00:00Z,2943.4,2995.41,2885,2994.13,178307.13
2025-12-17T15:00:00Z,2994.13,3030,2892.17,2902.88,280206.53
2025-12-17T16:00:00Z,2902.88,2924.87,2832.33,2862.74,220623.43
2025-12-17T17:00:00Z,2862.74,2877.76,2840.76,2846.23,67770.54
2025-12-17T18:00:00Z,2846.23,2861.41,2804.21,2812.29,67988.93
2025-12-17T19:00:00Z,2812.29,2820.44,2788.54,2819.23,73153.62
2025-12-17T20:00:00Z,2819.23,2833,2803.99,2822.03,49631.5
2025-12-17T21:00:00Z,2822.03,2830.39,2810.1,2818.79,15475.12
2025-12-17T22:00:00Z,2818.79,2837.12,2812.32,2834.03,20467.13
2025-12-17T23:00:00Z,2834.03,2835.17,2816.41,2832.44,17306.48
2025-12-18T00:00:00Z,2832.44,2837.32,2825.12,2835.15,16410.26
2025-12-18T01:00:00Z,2835.15,2835.42,2820.13,2826.45,20919.89
2025-12-18T02:00:00Z,2826.45,2846.82,2821,2836.02,29615.61
2025-12-18T03:00:00Z,2836.02,2837.35,2821.5,2830.81,15757.32
2025-12-18T04:00:00Z,2830.81,2841.13,2830.5,2836.92,16706.84
2025-12-18T05:00:00Z,2836.92,2837.21,2821.9,2824.35,18491.13
2025-12-18T06:00:00Z,2824.35,2832.56,2822.43,2830.73,10613.48
2025-12-18T07:00:00Z,2830.73,2838.35,2828.01,2835.34,14025.82
2025-12-18T08:00:00Z,2835.34,2851.52,2830.95,2840.88,25176.84
2025-12-18T09:00:00Z,2840.88,2856.53,2834,2851.39,30903
2025-12-18T10:00:00Z,2851.39,2863.46,2848.3,2858.4,23153.89
2025-12-18T11:00:00Z,2858.4,2858.66,2848.65,2857.6,16380.06
2025-12-18T12:00:00Z,2857.6,2873.46,2852.81,2870,33806.54
2025-12-18T13:00:00Z,2870,2978.82,2869.51,2962.7,248240.63
2025-12-18T14:00:00Z,2962.7,2991,2922.22,2948.87,166059.95
2025-12-18T15:00:00Z,2948.87,2996.77,2932,2963.64,85042.52
2025-12-18T16:00:00Z,2963.64,2966.38,2928.19,2942.67,41916.61
2025-12-18T17:00:00Z,2942.67,2943.48,2795.46,2844.25,262481.39
2025-12-18T18:00:00Z,2844.25,2866.5,2817.11,2826.24,60019.26
2025-12-18T19:00:00Z,2826.24,2831.47,2774,2780.74,93022.93
2025-12-18T20:00:00Z,2780.74,2813.34,2778.24,2779.99,47304.71
2025-12-18T21:00:00Z,2779.99,2830.56,2779.8,2828.17,69004.82
2025-12-18T22:00:00Z,2828.17,2837.3,2815,2828.01,24610.54
2025-12-18T23:00:00Z,2828.01,2832.25,2822.08,2827.03,8243.71
2025-12-19T00:00:00Z,2827.03,2840.88,2812.47,2829.33,18886.14
2025-12-19T01:00:00Z,2829.33,2832.2,2807,2819.7,17845.33
2025-12-19T02:00:00Z,2819.7,2839.49,2810.9,2833.77,25364.88
2025-12-19T03:00:00Z,2833.77,2934,2832.86,2907,143302.12
2025-12-19T04:00:00Z,2907,2931.73,2905,2919.19,45805.32
2025-12-19T05:00:00Z,2919.19,2927.57,2907.51,2920.97,27733.68
2025-12-19T06:00:00Z,2920.97,2948,2914,2946.05,26958.55
2025-12-19T07:00:00Z,2946.05,2983.39,2942.59,2950.03,75794.89
2025-12-19T08:00:00Z,2950.03,2963,2936.01,2949.2,29507.3
2025-12-19T09:00:00Z,2949.2,2959.08,2944.3,2953.38,13137.74
2025-12-19T10:00:00Z,2953.38,2964.2,2946.87,2952.53,17217.25
2025-12-19T11:00:00Z,2952.53,2969.56,2948.25,2962.99,25484.09
2025-12-19T12:00:00Z,2962.99,2966.13,2943.65,2954.52,48571.26
2025-12-19T13:00:00Z,2954.52,2967.55,2951.77,2959.86,30440.72
2025-12-19T14:00:00Z,2959.86,2993.25,2940.09,2975.42,126256.44
2025-12-19T15:00:00Z,2975.42,3017.71,2952.46,2963.26,122657.3
2025-12-19T16:00:00Z,2963.26,3005.88,2958.56,2965.61,73099.41
2025-12-19T17:00:00Z,2965.61,2992.47,2934.77,2937.65,84024.71
2025-12-19T18:00:00Z,2937.65,2977,2935.75,2964.91,42223.9
2025-12-19T19:00:00Z,2964.91,2995.71,2964.85,2983.56,33496.94
2025-12-19T20:00:00Z,2983.56,3002,2975.3,2994.24,22887
2025-12-19T21:00:00Z,2994.24,2994.48,2973.33,2976.32,13444.62
2025-12-19T22:00:00Z,2976.32,2991.88,2975.94,2986.57,11339.15
2025-12-19T23:00:00Z,2986.57,2987.05,2976.26,2978.19,8703.51
2025-12-20T00:00:00Z,2978.19,2979.87,2968.81,2972.89,11709.91
2025-12-20T01:00:00Z,2972.89,2981.82,2972,2975.01,6336.71
2025-12-20T02:00:00Z,2975.01,2989,2972.94,2981.31,7134.55
2025-12-20T03:00:00Z,2981.31,2992.76,2981.12,2987.61,9609.25
2025-12-20T04:00:00Z,2987.61,2989.36,2979.63,2982.99,9516.86
2025-12-20T05:00:00Z,2982.99,2988.68,2979,2979.64,5718.92
2025-12-20T06:00:00Z,2979.64,2984.27,2979,2979.57,3067.43
2025-12-20T07:00:00Z,2979.57,2984.16,2973.75,2980.45,12399.42
2025-12-20T08:00:00Z,2980.45,2988.7,2980.35,2981.98,8321.34
2025-12-20T09:00:00Z,2981.98,2986.1,2981.01,2982.29,4796.86
2025-12-20T10:00:00Z,2982.29,2982.37,2973.99,2978.29,9703.41
2025-12-20T11:00:00Z,2978.29,2989.19,2975.37,2986.02,11141.05
2025-12-20T12:00:00Z,2986.02,2992.63,2985.45,2987.69,9001.07
2025-12-20T13:00:00Z,2987.69,2990.66,2965.95,2978.75,33928.49
2025-12-20T14:00:00Z,2978.75,2980.27,2968.01,2979.3,11881.55
2025-12-20T15:00:00Z,2979.3,2979.46,2966.77,2976.17,12656.64
2025-12-20T16:00:00Z,2976.17,2978.81,2972.88,2977.65,4159.55
2025-12-20T17:00:00Z,2977.65,2980.9,2973.15,2977.13,4387.78
2025-12-20T18:00:00Z,2977.13,2979.58,2973.8,2976.94,3457.37
2025-12-20T19:00:00Z,2976.94,2980,2973.65,2977.39,3067.87
2025-12-20T20:00:00Z,2977.39,2985.37,2976.55,2983.82,4432.57
2025-12-20T21:00:00Z,2983.82,2985.33,2977.7,2978.07,6080.44
2025-12-20T22:00:00Z,2978.07,2979.87,2973.41,2976.51,6977.68
2025-12-20T23:00:00Z,2976.51,2978.47,2971.97,2977.22,4919.72
2025-12-21T00:00:00Z,2977.22,2980.47,2975.25,2979.11,4907.69
2025-12-21T01:00:00Z,2979.11,2979.12,2961.16,2967.35,13063.2
2025-12-21T02:00:00Z,2967.35,2974.66,2961.09,2965.43,9301.86
2025-12-21T03:00:00Z,2965.43,2975.38,2965,2972.71,7667.87
2025-12-21T04:00:00Z,2972.71,2978.33,2971.8,2974.39,6274.41
2025-12-21T05:00:00Z,2974.39,2978.12,2972.7,2973.19,4006.78
2025-12-21T06:00:00Z,2973.19,2977.5,2972.83,2975.61,4054.37
2025-12-21T07:00:00Z,2975.61,2982.3,2975.03,2980.59,5062.99
2025-12-21T08:00:00Z,2980.59,2999.5,2976.97,2991.57,31778.48
2025-12-21T09:00:00Z,2991.57,3013.28,2983.75,3002.61,34238.18
2025-12-21T10:00:00Z,3002.61,3007.54,2991.93,2995.96,18497.34
2025-12-21T11:00:00Z,2995.96,3000.79,2992.11,2995.69,6772.81
2025-12-21T12:00:00Z,2995.69,3004.53,2981.2,2989.28,18441.06
2025-12-21T13:00:00Z,2989.28,2991.55,2942.18,2949.73,80735.81
2025-12-21T14:00:00Z,2949.73,2977.21,2946.04,2969.62,45606
2025-12-21T15:00:00Z,2969.62,2979.15,2960.87,2973.55,18378.97
2025-12-21T16:00:00Z,2973.55,2987,2967.82,2984.79,16056.17
2025-12-21T17:00:00Z,2984.79,2987.68,2976.01,2982.66,12369.64
2025-12-21T18:00:00Z,2982.66,2987.46,2965.57,2987.32,25629.32
2025-12-21T19:00:00Z,2987.32,2997,2976.38,2989.88,16515.58
2025-12-21T20:00:00Z,2989.88,2993.22,2983.65,2985.5,4973.36
2025-12-21T21:00:00Z,2985.5,2989.69,2969.59,2972.58,10478.03
2025-12-21T22:00:00Z,2972.58,2995.16,2970.27,2994.76,14643.69
2025-12-21T23:00:00Z,2994.76,3011.46,2990.5,3000.93,23082.36
2025-12-22T00:00:00Z,3000.93,3059.86,3000.71,3020.67,86310.22
2025-12-22T01:00:00Z,3020.67,3046.65,3016.31,3016.94,34203.12
2025-12-22T02:00:00Z,3016.94,3018.16,2971.43,3008.65,64116.33
2025-12-22T03:00:00Z,3008.65,3031.4,3000.34,3020.38,19155.7
2025-12-22T04:00:00Z,3020.38,3042.12,3018.6,3038.56,20524.68
2025-12-22T05:00:00Z,3038.56,3039.93,3023.41,3027,15112.6
2025-12-22T06:00:00Z,3027,3032.59,3021.05,3022.95,10248.06
2025-12-22T07:00:00Z,3022.95,3034.36,3021.45,3028.49,10585.39
2025-12-22T08:00:00Z,3028.49,3055.73,3023.2,3026.32,53726.78
2025-12-22T09:00:00Z,3026.32,3041.39,3023.92,3039.72,14543.04
2025-12-22T10:00:00Z,3039.72,3044.15,3030.09,3039.02,13113.12
2025-12-22T11:00:00Z,3039.02,3057.08,3035.09,3047.22,29065.43
2025-12-22T12:00:00Z,3047.22,3075.88,3041.97,3056.68,55270.62
2025-12-22T13:00:00Z,3056.68,3063.26,3046.12,3055.2,27448.43
2025-12-22T14:00:00Z,3055.2,3073.54,3027.91,3060.3,72536.36
2025-12-22T15:00:00Z,3060.3,3071.77,3020.51,3051.34,64618.5
2025-12-22T16:00:00Z,3051.34,3058.58,3036.67,3041.71,27375.72
2025-12-22T17:00:00Z,3041.71,3043.05,3022.2,3031.45,28235.04
2025-12-22T18:00:00Z,3031.45,3039.52,3006.89,3014.45,24087.58
2025-12-22T19:00:00Z,3014.45,3014.99,2972.79,2979.62,93005.22
2025-12-22T20:00:00Z,2979.62,2985.81,2962.09,2975.01,48814.63
2025-12-22T21:00:00Z,2975.01,2997.58,2975,2987.26,27002.8
2025-12-22T22:00:00Z,2987.26,3014.91,2981.09,3010.74,29265.94
2025-12-22T23:00:00Z,3010.74,3012.01,3000.25,3008.94,10905.34
2025-12-23T00:00:00Z,3008.94,3034.72,3004.37,3026.65,30661.22
2025-12-23T01:00:00Z,3026.65,3032,3015.02,3016.99,14086.86
2025-12-23T02:00:00Z,3016.99,3024.49,2986.77,2990.21,42125.42
2025-12-23T03:00:00Z,2990.21,2997.89,2970.38,2991,25891.78
2025-12-23T04:00:00Z,2991,2999.25,2982.67,2983,18846.24
2025-12-23T05:00:00Z,2983,2985.1,2965,2974.5,31247.2
2025-12-23T06:00:00Z,2974.5,2977.79,2945.06,2959.19,58096.96
2025-12-23T07:00:00Z,2959.19,2969.32,2954.77,2964.18,19452.88
2025-12-23T08:00:00Z,2964.18,2972.55,2958.6,2961.19,14546.72
2025-12-23T09:00:00Z,2961.19,2965.88,2951.66,2962.91,19471.21
2025-12-23T10:00:00Z,2962.91,2971.31,2962.9,2966.47,9684.55
2025-12-23T11:00:00Z,2966.47,2974.96,2962.36,2972.49,10374.71
2025-12-23T13:00:00Z,2954.13,2962.31,2929.11,2941.18,76980.26
2025-12-23T14:00:00Z,2941.18,2952.84,2900.1,2916.23,111288.41
2025-12-23T15:00:00Z,2916.23,2932.97,2905.67,2927.4,59718.78
2025-12-23T16:00:00Z,2927.4,2964.94,2921,2955.31,80224.85
2025-12-23T17:00:00Z,2955.31,2965.97,2907.4,2909.41,48482.83
2025-12-23T18:00:00Z,2909.41,2951.63,2907.17,2945.98,33860.38
2025-12-23T19:00:00Z,2945.98,2953.38,2929.4,2942.36,18839.7
2025-12-23T20:00:00Z,2942.36,2987.72,2939.22,2967.99,45985.13
2025-12-23T21:00:00Z,2967.99,2974.9,2958.43,2972.98,16985.01
2025-12-23T22:00:00Z,2972.98,2979.07,2948.66,2959.58,23746.31
2025-12-23T23:00:00Z,2959.58,2971.67,2950.11,2962.9,13199.27
2025-12-24T00:00:00Z,2962.9,2972.73,2954.24,2971.66,11626.13
2025-12-24T01:00:00Z,2971.66,2976.6,2958.91,2962.07,13418.5
2025-12-24T02:00:00Z,2962.07,2963.69,2922.04,2934.18,37315.09
2025-12-24T03:00:00Z,2934.18,2946.76,2919.04,2944.2,28470.91
2025-12-24T04:00:00Z,2944.2,2957.58,2933.02,2934.23,16914.76
2025-12-24T05:00:00Z,2934.23,2940.29,2916.16,2927.83,34663.88
2025-12-24T06:00:00Z,2927.83,2938.71,2921.76,2932.24,15294.94
2025-12-24T07:00:00Z,2932.24,2942.7,2930.41,2931.17,10632.05
2025-12-24T08:00:00Z,2931.17,2938.97,2919.81,2921.65,33035.61
2025-12-24T09:00:00Z,2921.65,2930.26,2912.74,2918.34,23225.05
2025-12-24T10:00:00Z,2918.34,2934,2917,2926.89,19990.4
2025-12-24T11:00:00Z,2926.89,2936.99,2923.73,2923.79,11583.8
2025-12-24T12:00:00Z,2923.79,2937.8,2922.11,2935.26,15038.34
2025-12-24T13:00:00Z,2935.26,2936.21,2923.13,2929.99,10080.69
2025-12-24T14:00:00Z,2929.99,2935.62,2887,2913.89,93693.64
2025-12-24T15:00:00Z,2913.89,2929.4,2901.46,2924.15,40263.16
2025-12-24T16:00:00Z,2924.15,2948,2919.73,2939.19,47438.54
2025-12-24T17:00:00Z,2939.19,2953.72,2933.55,2935.69,19197.87
2025-12-24T18:00:00Z,2935.69,2943.81,2928.76,2940.48,11186.31
2025-12-24T19:00:00Z,2940.48,2946.04,2935.35,2944.59,8893.75
2025-12-24T20:00:00Z,2944.59,2951.26,2940.13,2941.85,9530.28
2025-12-24T21:00:00Z,2941.85,2953,2941.77,2949.34,7542.09
2025-12-24T22:00:00Z,2949.34,2961.97,2948,2958.65,14184.76
2025-12-24T23:00:00Z,2958.65,2959.38,2944.83,2946.01,9892.16
2025-12-25T00:00:00Z,2946.01,2947.75,2935.24,2938.09,9047.06
2025-12-25T01:00:00Z,2938.09,2949.73,2938.09,2947.1,7864.44
2025-12-25T02:00:00Z,2947.1,2955.79,2941.34,2951.3,8063.83
2025-12-25T03:00:00Z,2951.3,2951.84,2942.08,2945.79,6503.53
2025-12-25T04:00:00Z,2945.79,2947.18,2940.89,2943.19,6311.66
2025-12-25T05:00:00Z,2943.19,2943.4,2936.53,2940.8,8927.79
2025-12-25T06:00:00Z,2940.8,2942.8,2936.56,2941.97,5094.5
2025-12-25T07:00:00Z,2941.97,2942.69,2937.61,2940.93,4027.45
2025-12-25T08:00:00Z,2940.93,2946.15,2915.37,2929.39,44477
2025-12-25T09:00:00Z,2929.39,2930.29,2924,2927.01,5191.73
2025-12-25T10:00:00Z,2927.01,2927.71,2909.65,2919.31,18793.58
2025-12-25T11:00:00Z,2919.31,2927.96,2919.01,2923.67,9428.9
2025-12-25T12:00:00Z,2923.67,2928.91,2922.63,2926.64,6287.16
2025-12-25T13:00:00Z,2926.64,2934.32,2918.59,2930,12416.29
2025-12-25T14:00:00Z,2930,2937.92,2921.37,2931.78,14508.53
2025-12-25T15:00:00Z,2931.78,2969.86,2930.32,2959.52,65747.72
2025-12-25T16:00:00Z,2959.52,2966,2942,2946.86,29083.77
2025-12-25T17:00:00Z,2946.86,2953,2942.13,2951.31,12308.17
2025-12-25T18:00:00Z,2951.31,2964,2949,2958,18026.54
2025-12-25T19:00:00Z,2958,2958.37,2948,2954.72,4934.58
2025-12-25T20:00:00Z,2954.72,2955.26,2942.65,2948.57,8755.38
2025-12-25T21:00:00Z,2948.57,2951.87,2943.13,2945.55,5642.07
2025-12-25T22:00:00Z,2945.55,2946.8,2903.92,2920.15,43427.5
2025-12-25T23:00:00Z,2920.15,2925.45,2889.34,2902.48,55564.06
2025-12-26T00:00:00Z,2902.48,2910.68,2892.88,2902.85,26386.05
2025-12-26T01:00:00Z,2902.85,2921.97,2901.12,2916.75,17571.52
2025-12-26T02:00:00Z,2916.75,2993.32,2916.4,2971.74,156461.1
2025-12-26T03:00:00Z,2971.74,2974.86,2955.69,2963.37,43019.68
2025-12-26T04:00:00Z,2963.37,2973.73,2950.78,2970.12,20642.68
2025-12-26T05:00:00Z,2970.12,2973.52,2965.77,2971.7,13460.63
2025-12-26T06:00:00Z,2971.7,2981.05,2970.56,2974.66,21518.04
2025-12-26T07:00:00Z,2974.66,2991.38,2951.49,2955.26,49939.31
2025-12-26T08:00:00Z,2955.26,2971.89,2953.28,2963.39,27226.93
2025-12-26T09:00:00Z,2963.39,2975.19,2962,2971.44,21503.12
2025-12-26T10:00:00Z,2971.44,2973,2965.29,2969.99,11029.79
2025-12-26T11:00:00Z,2969.99,2970,2961.16,2963.47,9380.12
2025-12-26T12:00:00Z,2963.47,2972.62,2963,2971.55,10385.99
2025-12-26T13:00:00Z,2971.55,2984.81,2970.04,2982.89,23706.75
2025-12-26T14:00:00Z,2982.89,2984.1,2908.61,2916.04,108479.69
2025-12-26T15:00:00Z,2916.04,2928.45,2893.27,2922.24,91407.21
2025-12-26T16:00:00Z,2922.24,2928.88,2905.74,2908.85,27180.1
2025-12-26T17:00:00Z,2908.85,2934.48,2906.38,2921.39,52079.91
2025-12-26T18:00:00Z,2921.39,2927.59,2918.77,2922.1,12251.82
2025-12-26T19:00:00Z,2922.1,2929.23,2917.4,2924.87,4617.89
2025-12-26T20:00:00Z,2924.87,2937.85,2921.07,2930.37,10740.51
2025-12-26T21:00:00Z,2930.37,2934.47,2923.2,2923.72,10963.99
2025-12-26T22:00:00Z,2923.72,2930.37,2920.37,2930.07,6360.53
2025-12-26T23:00:00Z,2930.07,2932.97,2924.75,2926.65,6991.38
2025-12-27T00:00:00Z,2926.65,2930,2921.92,2926.33,5963.24
2025-12-27T01:00:00Z,2926.33,2927.73,2921.05,2926.62,7319.69
2025-12-27T02:00:00Z,2926.62,2929,2922.8,2926.83,3842.8
2025-12-27T03:00:00Z,2926.83,2932.28,2923.84,2931.92,4818.21
2025-12-27T04:00:00Z,2931.92,2932.6,2926.52,2929.03,6975.44
2025-12-27T05:00:00Z,2929.03,2930.44,2927.01,2929.52,1590.96
2025-12-27T06:00:00Z,2929.52,2929.8,2926.55,2928.64,2418.95
2025-12-27T07:00:00Z,2928.64,2936.5,2928.64,2931.37,8809.22
2025-12-27T08:00:00Z,2931.37,2935.35,2931.37,2932.48,4828.61
2025-12-27T09:00:00Z,2932.48,2939.08,2930.27,2933.58,8201.24
2025-12-27T10:00:00Z,2933.58,2933.73,2916.52,2925.39,23231.11
2025-12-27T11:00:00Z,2925.39,2932.5,2921.63,2929.52,16203.11
2025-12-27T12:00:00Z,2929.52,2932.49,2927.7,2930.38,6156.48
2025-12-27T13:00:00Z,2930.38,2931.74,2924,2928.5,7207.85
2025-12-27T14:00:00Z,2928.5,2930,2924.62,2928.46,4939.95
2025-12-27T15:00:00Z,2928.46,2929.42,2925.25,2925.64,4978.73
2025-12-27T16:00:00Z,2925.64,2927.58,2916,2919.58,10237.14
2025-12-27T17:00:00Z,2919.58,2928,2918.6,2927.07,6128.16
2025-12-27T18:00:00Z,2927.07,2927.18,2924.02,2925.24,2054.56
2025-12-27T19:00:00Z,2925.24,2929.69,2924.55,2929.69,2581.57
2025-12-27T20:00:00Z,2929.69,2934.45,2927.77,2927.89,4773.68
2025-12-27T21:00:00Z,2927.89,2933.63,2927.03,2933.62,3140.7
2025-12-27T22:00:00Z,2933.62,2952.51,2928.28,2932,29715.15
2025-12-27T23:00:00Z,2932,2960.11,2931.05,2947.38,24653.14
2025-12-28T00:00:00Z,2947.38,2950.63,2941.65,2944.25,10445.82
2025-12-28T01:00:00Z,2944.25,2948.85,2939.41,2942.88,7694.61
2025-12-28T02:00:00Z,2942.88,2948.85,2941.45,2946,3364.99
2025-12-28T03:00:00Z,2946,2947.14,2940.12,2942.2,4486.96
2025-12-28T04:00:00Z,2942.2,2945.91,2937.27,2937.71,4885.84
2025-12-28T05:00:00Z,2937.71,2939.56,2928.3,2933.69,24175.59
2025-12-28T06:00:00Z,2933.69,2942.87,2933.12,2941.3,13800.5
2025-12-28T07:00:00Z,2941.3,2941.56,2935.39,2937.88,4929.17
2025-12-28T08:00:00Z,2937.88,2946.41,2936.65,2938.16,6382.4
2025-12-28T09:00:00Z,2938.16,2942.9,2930,2936.97,14571.63
2025-12-28T10:00:00Z,2936.97,2943.23,2935.76,2942.08,13887.78
2025-12-28T11:00:00Z,2942.08,2945.81,2938.48,2942.99,8642.1
2025-12-28T12:00:00Z,2942.99,2943.95,2935.37,2937.42,25324.35
2025-12-28T13:00:00Z,2937.42,2943.25,2936.65,2938.47,14166.79
2025-12-28T14:00:00Z,2938.47,2953.83,2938.16,2943.68,23787.68
2025-12-28T15:00:00Z,2943.68,2959.18,2943.62,2947.74,22991.21
2025-12-28T16:00:00Z,2947.74,2953.18,2938.25,2941.3,15230.7
2025-12-28T17:00:00Z,2941.3,2949.98,2941.08,2944.17,6083.6
2025-12-28T18:00:00Z,2944.17,2945.28,2923.34,2929.89,48234.73
2025-12-28T19:00:00Z,2929.89,2938.88,2925,2932.01,18178.21
2025-12-28T20:00:00Z,2932.01,2936.41,2928.61,2931,12535.31
2025-12-28T21:00:00Z,2931,2938.4,2927.32,2936.96,23373.68
2025-12-28T22:00:00Z,2936.96,2954.52,2934.17,2949.3,15901.53
2025-12-28T23:00:00Z,2949.3,2953.32,2939.23,2949.83,12985.34
2025-12-29T00:00:00Z,2949.83,2976.67,2943.27,2965.32,35999.19
2025-12-29T01:00:00Z,2965.32,2985.59,2951.51,2979.79,34055.41
2025-12-29T02:00:00Z,2979.79,3017.92,2979.79,3002.35,83514.33
2025-12-29T03:00:00Z,3002.35,3047.81,3001.25,3041.86,72715.31
2025-12-29T04:00:00Z,3041.86,3055.99,3037.53,3037.73,45650.8
2025-12-29T05:00:00Z,3037.73,3043.6,3030.14,3035.13,26056.1
2025-12-29T06:00:00Z,3035.13,3042.1,3030.01,3034.16,17814.53
2025-12-29T07:00:00Z,3034.16,3036.69,3008,3018.16,94932.35
2025-12-29T08:00:00Z,3018.16,3024.93,3010.06,3012.71,30858.17
2025-12-29T09:00:00Z,3012.71,3014.55,2955.81,2975.71,119435.35
2025-12-29T10:00:00Z,2975.71,2982.99,2961.01,2965.45,40281.54
2025-12-29T11:00:00Z,2965.45,2966.9,2957.05,2958.99,26577.9
2025-12-29T12:00:00Z,2958.99,2958.99,2908.64,2929.91,144932.47
2025-12-29T13:00:00Z,2929.91,2937.15,2918.33,2926.4,23144.31
2025-12-29T14:00:00Z,2926.4,2965.66,2916.01,2927.57,99515.18
2025-12-29T15:00:00Z,2927.57,2950.34,2918.09,2933.98,72555.16
2025-12-29T16:00:00Z,2933.98,2941.89,2923.33,2935.09,23042.68
2025-12-29T17:00:00Z,2935.09,2942.71,2925.15,2942.39,16518.78
2025-12-29T18:00:00Z,2942.39,2944.98,2911.69,2918.32,51358.84
2025-12-29T19:00:00Z,2918.32,2940.44,2916.48,2930.97,26706.83
2025-12-29T20:00:00Z,2930.97,2941.5,2924.6,2928.53,11345.68
2025-12-29T21:00:00Z,2928.53,2938.07,2927.69,2936.4,9158.61
2025-12-29T22:00:00Z,2936.4,2942.91,2929.51,2936.71,9384.52
2025-12-29T23:00:00Z,2936.71,2943.01,2931,2936.56,8906.67
2025-12-30T00:00:00Z,2936.56,2940.92,2930.09,2936.7,10047.47
2025-12-30T01:00:00Z,2936.7,2937.96,2923.45,2935,13336.48
2025-12-30T02:00:00Z,2935,2938.58,2922,2926.84,17578.69
2025-12-30T03:00:00Z,2926.84,2954.67,2918,2950.56,39757
2025-12-30T04:00:00Z,2950.56,2957.79,2944.5,2944.51,26879.27
2025-12-30T05:00:00Z,2944.51,2946.98,2935.65,2940.22,18060.86
2025-12-30T06:00:00Z,2940.22,2950.63,2939,2944.88,13012.57
2025-12-30T07:00:00Z,2944.88,2954.92,2944.13,2949.56,11991.58
2025-12-30T08:00:00Z,2949.56,3002.8,2949.05,2976.03,142081.11
2025-12-30T09:00:00Z,2976.03,2986.76,2969.24,2983.97,30297
2025-12-30T10:00:00Z,2983.97,2986.66,2972.6,2976.04,20531.9
2025-12-30T11:00:00Z,2976.04,2983.25,2972.74,2977.72,17681.8
2025-12-30T12:00:00Z,2977.72,2984.86,2975.46,2979.48,10961.74
2025-12-30T13:00:00Z,2979.48,2990.73,2977.67,2985.28,35526.75
2025-12-30T14:00:00Z,2985.28,3009.23,2957.58,2995.35,172611.25
2025-12-30T15:00:00Z,2995.35,3001.76,2968.88,2988.37,94024.35
2025-12-30T16:00:00Z,2988.37,2993.5,2973.6,2981.41,48699.3
2025-12-30T17:00:00Z,2981.41,2985,2964,2975.51,43007.8
2025-12-30T18:00:00Z,2975.51,2977.77,2958.47,2970.4,32900.19
2025-12-30T19:00:00Z,2970.4,2973.14,2942.46,2969.83,93361.37
2025-12-30T20:00:00Z,2969.83,2972.1,2954.24,2956.78,17364.35
2025-12-30T21:00:00Z,2956.78,2968.44,2952.67,2967.19,16593.4
2025-12-30T22:00:00Z,2967.19,2970.66,2963.77,2968.48,11003.49
2025-12-30T23:00:00Z,2968.48,2974.83,2966.26,2972.67,10517.81
2025-12-31T00:00:00Z,2972.67,2972.67,2961.5,2965.34,18109.61
2025-12-31T01:00:00Z,2965.34,2984.37,2961,2978.71,23796.09
2025-12-31T02:00:00Z,2978.71,2982.57,2973.13,2980.25,13145.57
2025-12-31T03:00:00Z,2980.25,2983.15,2965,2969.86,16796.62
2025-12-31T04:00:00Z,2969.86,2974.55,2967.6,2968.15,9380.48
2025-12-31T05:00:00Z,2968.15,2978.71,2968.15,2973.97,15234.75
2025-12-31T06:00:00Z,2973.97,2977.66,2973.17,2974.37,5404.67
2025-12-31T07:00:00Z,2974.37,2976.2,2968.95,2975.69,10432.85
2025-12-31T08:00:00Z,2975.69,2978.95,2962.56,2968.7,22432.72
2025-12-31T09:00:00Z,2968.7,2977.07,2968.37,2975.73,11135.63
2025-12-31T10:00:00Z,2975.73,2982.49,2974.18,2979.82,17136.55
2025-12-31T11:00:00Z,2979.82,3002.38,2978.41,3000.3,52465.4
2025-12-31T12:00:00Z,3000.3,3000.97,2982,2985.66,28626.22
2025-12-31T13:00:00Z,2985.66,2998.68,2984.67,2995.27,19283.17
2025-12-31T14:00:00Z,2995.27,3027.55,2980,2992.49,82631.45
2025-12-31T15:00:00Z,2992.49,2993.17,2965.96,2984.1,77647.57
2025-12-31T16:00:00Z,2984.1,2996.79,2957.11,2974.97,88963.14
2025-12-31T17:00:00Z,2974.97,2979.77,2966.54,2974.63,25036.22
2025-12-31T18:00:00Z,2974.63,2984.64,2970.23,2973.11,18724.4
2025-12-31T19:00:00Z,2973.11,2980.47,2969.09,2970.21,5026.93
2025-12-31T20:00:00Z,2970.21,2979,2962.18,2974.75,22486.33
2025-12-31T22:00:00Z,2981.22,2983.49,2973.14,2976.27,6914.81
2025-12-31T23:00:00Z,2976.27,2976.27,2968.8,2970.6,8121.57
2026-01-01T00:00:00Z,2970.6,2982.09,2970.33,2978.6,10471.35
2026-01-01T01:00:00Z,2978.6,2988,2978,2982.99,11060.16
2026-01-01T02:00:00Z,2982.99,2986.65,2979.43,2981.19,6064.5
2026-01-01T03:00:00Z,2981.19,2985.43,2978.27,2978.99,5154.81
2026-01-01T04:00:00Z,2978.99,2980.01,2972.1,2974.74,10651.48
2026-01-01T05:00:00Z,2974.74,2982.92,2974.74,2980.86,6364.43
2026-01-01T06:00:00Z,2980.86,2980.87,2975.26,2975.44,2785.44
2026-01-01T07:00:00Z,2975.44,2980.55,2975.43,2977.62,3131.05
2026-01-01T08:00:00Z,2977.62,2982.3,2976.99,2981.69,3312.61
2026-01-01T09:00:00Z,2981.69,2986.55,2980.71,2982.58,7766.92
2026-01-01T10:00:00Z,2982.58,2984.86,2980.81,2984.15,8834.01
2026-01-01T11:00:00Z,2984.15,2992.12,2984,2988.5,16411.12
2026-01-01T12:00:00Z,2988.5,2989.29,2981.88,2986.14,10779.5
2026-01-01T13:00:00Z,2986.14,2988.77,2980.73,2981.95,13947.53
2026-01-01T14:00:00Z,2981.95,2985.8,2976.5,2984.24,16637.95
2026-01-01T15:00:00Z,2984.24,2994.24,2979.9,2988.98,16244.74
2026-01-01T16:00:00Z,2988.98,2990,2979.68,2981.77,12955.33
2026-01-01T17:00:00Z,2981.77,3004.99,2980.48,2989.66,35638.54
2026-01-01T18:00:00Z,2989.66,2991.54,2983.76,2989.2,9338.35
2026-01-01T19:00:00Z,2989.2,2996.79,2986.04,2993.87,5161.2
2026-01-01T20:00:00Z,2993.87,2995.71,2986.03,2988,7702.68
2026-01-01T21:00:00Z,2988,2992.14,2986.35,2988.31,2228.44
2026-01-01T22:00:00Z,2988.31,2999.34,2986.27,2998,9563.24
2026-01-01T23:00:00Z,2998,3008.54,2990.1,3002.82,24923.24
2026-01-02T00:00:00Z,3002.82,3007.05,2994.1,3004.57,16397.36
2026-01-02T01:00:00Z,3004.57,3006.63,2996.72,3001.49,9163.93
2026-01-02T02:00:00Z,3001.49,3002,2990.63,3000.56,17465.26
2026-01-02T03:00:00Z,3000.56,3034,2998.21,3020.51,64803.8
2026-01-02T04:00:00Z,3020.51,3022.81,3008.64,3010.06,18105.54
2026-01-02T05:00:00Z,3010.06,3017.25,3007.3,3014.86,11881.71
2026-01-02T06:00:00Z,3014.86,3037.42,3012.57,3024.96,31142.55
2026-01-02T07:00:00Z,3024.96,3030.68,3015.01,3016.75,16643.88
2026-01-02T08:00:00Z,3016.75,3032,3014.04,3030.22,20788.77
2026-01-02T09:00:00Z,3030.22,3052.99,3027.9,3045.87,55371.98
2026-01-02T10:00:00Z,3045.87,3066.9,3043.53,3054.99,70671.16
2026-01-02T11:00:00Z,3054.99,3055.65,3038.43,3046.1,32286.01
2026-01-02T12:00:00Z,3046.1,3056.46,3041.62,3046.77,14912.87
2026-01-02T13:00:00Z,3046.77,3057.14,3044.77,3048.54,14725.28
2026-01-02T14:00:00Z,3048.54,3109,3018,3080.8,186072.52
2026-01-02T15:00:00Z,3080.8,3095.37,3052.67,3084.54,99158.45
2026-01-02T16:00:00Z,3084.54,3144.48,3076.91,3129.99,124934.44
2026-01-02T17:00:00Z,3129.99,3148.21,3108.32,3120.86,62861.07
2026-01-02T18:00:00Z,3120.86,3130.47,3095,3108.8,38632.24
2026-01-02T19:00:00Z,3108.8,3126.59,3105.73,3121.73,22507.94
2026-01-02T20:00:00Z,3121.73,3128.26,3109.32,3115.81,19605.51
2026-01-02T21:00:00Z,3115.81,3133.01,3114.34,3128.73,11501.87
2026-01-02T22:00:00Z,3128.73,3144.67,3125.92,3131.92,37062.19
2026-01-02T23:00:00Z,3131.92,3134,3118.34,3123.58,28418.75
2026-01-03T00:00:00Z,3123.58,3134.76,3120.28,3128.93,10976.68
2026-01-03T01:00:00Z,3128.93,3130,3121.54,3128.95,7565.41
2026-01-03T02:00:00Z,3128.95,3129.06,3118.27,3124.27,8513.63
2026-01-03T03:00:00Z,3124.27,3125.71,3117.17,3123.7,8895.98
2026-01-03T04:00:00Z,3123.7,3126,3112.94,3114.86,13946.56
2026-01-03T05:00:00Z,3114.86,3117.19,3102.53,3110.63,20514.35
2026-01-03T06:00:00Z,3110.63,3116.3,3096.49,3096.49,17992.55
2026-01-03T07:00:00Z,3096.49,3104.42,3074.39,3089.67,74202.77
2026-01-03T08:00:00Z,3089.67,3106.07,3082.61,3094.23,33636.35
2026-01-03T09:00:00Z,3094.23,3109.83,3091.03,3099.58,17048.14
2026-01-03T10:00:00Z,3099.58,3104.62,3095.54,3096.24,10832.97
2026-01-03T11:00:00Z,3096.24,3099.06,3090.72,3097.66,10024.53
2026-01-03T12:00:00Z,3097.66,3104.46,3092.29,3103.62,16534.12
2026-01-03T13:00:00Z,3103.62,3106.56,3099.25,3101.58,7878.43
2026-01-03T14:00:00Z,3101.58,3113.32,3100,3104.77,14755.97
2026-01-03T15:00:00Z,3104.77,3106.34,3098.8,3100.35,15206.44
2026-01-03T16:00:00Z,3100.35,3110.8,3096.16,3105.5,10991.85
2026-01-03T17:00:00Z,3105.5,3108.85,3103.84,3106.98,3797.27
2026-01-03T18:00:00Z,3106.98,3117.35,3103.38,3114.7,8132.76
2026-01-03T19:00:00Z,3114.7,3114.7,3108.63,3111.79,4676.86
2026-01-03T20:00:00Z,3111.79,3115.52,3105.71,3113.79,5377.11
2026-01-03T21:00:00Z,3113.79,3127.99,3111.55,3119.4,13204.44
2026-01-03T22:00:00Z,3119.4,3124.58,3112.09,3121.22,6636.63
2026-01-03T23:00:00Z,3121.22,3129.82,3119.03,3125.41,10538.96
2026-01-04T00:00:00Z,3125.41,3166,3124.42,3155.92,74135.47
2026-01-04T01:00:00Z,3155.92,3160.72,3139.68,3148.28,23714.96
2026-01-04T02:00:00Z,3148.28,3149.63,3135.7,3139.68,15922.55
2026-01-04T03:00:00Z,3139.68,3149.3,3138.32,3145.65,17214.06
2026-01-04T04:00:00Z,3145.65,3155.06,3143.02,3146.65,16995.64
2026-01-04T05:00:00Z,3146.65,3150.71,3143.44,3149.61,19323.01
2026-01-04T06:00:00Z,3149.61,3160.87,3137.53,3138.39,40021.46
2026-01-04T07:00:00Z,3138.39,3144.44,3132.13,3139.63,17733.58
2026-01-04T08:00:00Z,3139.63,3140.74,3124,3137.3,29077.99
2026-01-04T09:00:00Z,3137.3,3147.56,3133.59,3142.57,17080.51
2026-01-04T10:00:00Z,3142.57,3147.5,3140.39,3145,10823.52
2026-01-04T11:00:00Z,3145,3145.04,3133.81,3138.7,11435.6
2026-01-04T12:00:00Z,3138.7,3145.99,3132.21,3135.92,14456.79
2026-01-04T13:00:00Z,3135.92,3140.43,3130.01,3139.47,8789.51
2026-01-04T14:00:00Z,3139.47,3142.18,3130.84,3136.1,11686.74
2026-01-04T15:00:00Z,3136.1,3138.76,3117.38,3134.48,21417.51
2026-01-04T16:00:00Z,3134.48,3139.32,3130.1,3138.23,13542.82
2026-01-04T17:00:00Z,3138.23,3143.01,3134.72,3136.43,10921.27
2026-01-04T18:00:00Z,3136.43,3137.21,3121.69,3134.28,13791.95
2026-01-04T19:00:00Z,3134.28,3134.39,3118,3131.72,15206.77
2026-01-04T20:00:00Z,3131.72,3142,3129.67,3141.02,10068.9
2026-01-04T21:00:00Z,3141.02,3154.66,3136.53,3144.55,26997.36
2026-01-04T22:00:00Z,3144.55,3149.58,3135.06,3138.19,13208.16
2026-01-04T23:00:00Z,3138.19,3152.94,3133.36,3143.57,26957.99
2026-01-05T00:00:00Z,3143.57,3174.24,3141.84,3166.82,68761.57
2026-01-05T01:00:00Z,3166.82,3219.85,3162.36,3196.62,119162.44
2026-01-05T02:00:00Z,3196.62,3203.35,3181.66,3191.75,38710.08
2026-01-05T03:00:00Z,3191.75,3196.28,3182.82,3184.29,12373.34
2026-01-05T04:00:00Z,3184.29,3186.83,3156.08,3165.81,42768.6
2026-01-05T05:00:00Z,3165.81,3168.22,3146.38,3148.33,25163.72
2026-01-05T06:00:00Z,3148.33,3157.84,3134,3156.29,37304.05
2026-01-05T07:00:00Z,3156.29,3161.8,3153.58,3156.26,14044.07
2026-01-05T08:00:00Z,3156.26,3170.98,3154.55,3162.24,21258.61
2026-01-05T09:00:00Z,3162.24,3174.5,3151.77,3167.06,25916.38
2026-01-05T10:00:00Z,3167.06,3177.96,3161.08,3171.51,27366.35
2026-01-05T11:00:00Z,3171.51,3182.18,3166.63,3178.9,17855.98
2026-01-05T12:00:00Z,3178.9,3182.2,3164.51,3169.28,20119.03
2026-01-05T13:00:00Z,3169.28,3174.16,3141.43,3153.01,48462.09
2026-01-05T14:00:00Z,3153.01,3177,3133.91,3165.28,76357.75
2026-01-05T15:00:00Z,3165.28,3204.32,3151,3194.27,88224.76
2026-01-05T16:00:00Z,3194.27,3201.42,3171.16,3182.35,40683.05
2026-01-05T17:00:00Z,3182.35,3227.36,3157.53,3211.64,76873.46
2026-01-05T18:00:00Z,3211.64,3227.69,3185.5,3226.49,62168.52
2026-01-05T19:00:00Z,3226.49,3227,3212.65,3221.47,30088.79
2026-01-05T20:00:00Z,3221.47,3264.59,3218.05,3239.9,84740.65
2026-01-05T21:00:00Z,3239.9,3246.19,3229.3,3236.34,16972.57
2026-01-05T22:00:00Z,3236.34,3248,3228.14,3238.22,18367.16
2026-01-05T23:00:00Z,3238.22,3239.49,3223.17,3223.33,15081.37
2026-01-06T00:00:00Z,3223.33,3229.4,3201.42,3214.9,32017.98
2026-01-06T01:00:00Z,3214.9,3245.69,3214.08,3216.77,38261.71
2026-01-06T02:00:00Z,3216.77,3223.01,3207.31,3215.7,17805.02
2026-01-06T03:00:00Z,3215.7,3232,3212.21,3223.54,17871.18
2026-01-06T04:00:00Z,3223.54,3232,3220.94,3221,10352.38
2026-01-06T05:00:00Z,3221,3227.63,3215.2,3217.04,14059.64
2026-01-06T06:00:00Z,3217.04,3252.53,3216.19,3239.04,46966.24
2026-01-06T07:00:00Z,3239.04,3240.86,3208.8,3217.55,38704.7
2026-01-06T08:00:00Z,3217.55,3226.87,3212.51,3218.41,16047.69
2026-01-06T09:00:00Z,3218.41,3227.79,3215.54,3221.67,15764.61
2026-01-06T10:00:00Z,3221.67,3230.34,3219.73,3227.02,12219.41
2026-01-06T11:00:00Z,3227.02,3241.3,3225.18,3235.78,27286.54
2026-01-06T12:00:00Z,3235.78,3243.7,3233.91,3236.49,12471.67
2026-01-06T13:00:00Z,3236.49,3237.93,3227.17,3236.01,16157.25
2026-01-06T14:00:00Z,3236.01,3307.43,3236.01,3276.8,242349.19
2026-01-06T15:00:00Z,3276.8,3300.69,3259.2,3271.39,83861.67
2026-01-06T16:00:00Z,3271.39,3278,3233,3251.19,81719.54
2026-01-06T17:00:00Z,3251.19,3259.07,3188.5,3195.31,100655.67
2026-01-06T18:00:00Z,3195.31,3232,3181.28,3218.01,70961.61
2026-01-06T19:00:00Z,3218.01,3229.96,3212.05,3222.66,21407.83
2026-01-06T20:00:00Z,3222.66,3249.73,3222.26,3240.7,23293.29
2026-01-06T21:00:00Z,3240.7,3301.31,3237.12,3274.92,70655.26
2026-01-06T22:00:00Z,3274.92,3289.82,3263.72,3276.79,28385.33
2026-01-06T23:00:00Z,3276.79,3301.3,3275.06,3295.6,26215.57
2026-01-07T00:00:00Z,3295.6,3295.61,3253.74,3256.32,45079
2026-01-07T01:00:00Z,3256.32,3271.7,3238.3,3244.31,44712.04
2026-01-07T02:00:00Z,3244.31,3273.22,3238.87,3269.09,32828.88
2026-01-07T03:00:00Z,3269.09,3281.74,3263.48,3265.48,26813.14
2026-01-07T04:00:00Z,3265.48,3270.65,3251.53,3255.31,17865.24
2026-01-07T05:00:00Z,3255.31,3261.6,3245.35,3247.41,28773.16
2026-01-07T06:00:00Z,3247.41,3259,3247,3249.97,9331.18
2026-01-07T07:00:00Z,3249.97,3261.79,3249.79,3253.98,11391.99
2026-01-07T08:00:00Z,3253.98,3262.48,3251.57,3253.46,11161.31
2026-01-07T09:00:00Z,3253.46,3253.79,3197.36,3199.08,106928.59
2026-01-07T10:00:00Z,3199.08,3221.22,3194.01,3217.13,41146.4
2026-01-07T11:00:00Z,3217.13,3226.73,3215.53,3219.04,18615.97
2026-01-07T12:00:00Z,3219.04,3221.5,3209.27,3212.15,20551.61
2026-01-07T13:00:00Z,3212.15,3228.18,3201,3210.87,25367.02
2026-01-07T14:00:00Z,3210.87,3210.88,3166.75,3191.24,130474.05
2026-01-07T15:00:00Z,3191.24,3192.69,3143.08,3163.97,136670.8
2026-01-07T16:00:00Z,3163.97,3179.41,3148.65,3156.47,43370.71
2026-01-07T17:00:00Z,3156.47,3170.36,3145.01,3151,26307.85
2026-01-07T18:00:00Z,3151,3164.54,3132.66,3145.51,73653.15
2026-01-07T19:00:00Z,3145.51,3154.89,3124,3144.79,60527.04
2026-01-07T20:00:00Z,3144.79,3150.61,3126.55,3138.05,21944.24
2026-01-07T21:00:00Z,3138.05,3152.27,3137.51,3149.07,13447
2026-01-07T22:00:00Z,3149.07,3165.94,3142.57,3152.26,17484.41
2026-01-07T23:00:00Z,3152.26,3180.66,3142.3,3167.77,45675.05
2026-01-08T00:00:00Z,3167.77,3174.59,3153.55,3169.54,17218.21
2026-01-08T01:00:00Z,3169.54,3180,3167.02,3174.22,11187.27
2026-01-08T02:00:00Z,3174.22,3183.68,3147.01,3158.33,32335.54
2026-01-08T03:00:00Z,3158.33,3165.91,3132,3141.87,24681.24
2026-01-08T04:00:00Z,3141.87,3158,3137.77,3153.29,19704.75
2026-01-08T05:00:00Z,3153.29,3160.63,3140.85,3142.56,19515.46
2026-01-08T06:00:00Z,3142.56,3145.5,3103.41,3104.31,102715.51
2026-01-08T07:00:00Z,3104.31,3131.97,3088.87,3126.57,85724.71
2026-01-08T08:00:00Z,3126.57,3136.41,3112.4,3115.84,27328.7
2026-01-08T09:00:00Z,3115.84,3123.51,3103.97,3111.06,36626.92
2026-01-08T10:00:00Z,3111.06,3132.38,3095.47,3127.34,62033.62
2026-01-08T11:00:00Z,3127.34,3130.93,3111.24,3119.89,38439.33
2026-01-08T12:00:00Z,3119.89,3120.25,3084.68,3094.29,59066.95
2026-01-08T13:00:00Z,3094.29,3102.1,3089.39,3095.85,22068
2026-01-08T14:00:00Z,3095.85,3095.85,3053.16,3076.04,186032.64
2026-01-08T15:00:00Z,3076.04,3111.75,3065.47,3103.74,91574.86
2026-01-08T16:00:00Z,3103.74,3122.72,3089,3120.83,51905.27
2026-01-08T17:00:00Z,3120.83,3137.83,3109.1,3133.58,44972.29
2026-01-08T18:00:00Z,3133.58,3134.26,3113.31,3119.35,28189.1
2026-01-08T19:00:00Z,3119.35,3127.96,3102.49,3110.39,33324.48
2026-01-08T20:00:00Z,3110.39,3110.39,3087.61,3106.56,34555.2
2026-01-08T21:00:00Z,3106.56,3122.71,3105.94,3117.71,18517.23
2026-01-08T22:00:00Z,3117.71,3129.72,3106.08,3118.3,13747.88
2026-01-08T23:00:00Z,3118.3,3120.98,3104.69,3105.47,10190.49
2026-01-09T00:00:00Z,3105.47,3116.66,3103,3114.71,9291.06
2026-01-09T01:00:00Z,3114.71,3146.43,3080,3104.49,113153.53
2026-01-09T02:00:00Z,3104.49,3124.99,3102.36,3108.26,28945.16
2026-01-09T03:00:00Z,3108.26,3120.46,3101.99,3118.75,11446.25
2026-01-09T04:00:00Z,3118.75,3123.58,3111.43,3115.39,9418.08
2026-01-09T05:00:00Z,3115.39,3120.39,3112.65,3117.93,6056.44
2026-01-09T07:00:00Z,3122.24,3122.59,3109.64,3109.91,13238.3
2026-01-09T08:00:00Z,3109.91,3114.94,3065.84,3081.95,83259.2
2026-01-09T09:00:00Z,3081.95,3100.25,3081.06,3091.36,35159.5
2026-01-09T10:00:00Z,3091.36,3098,3086.94,3095.54,10550.65
2026-01-09T11:00:00Z,3095.54,3103.89,3087.35,3089.29,19386.51
2026-01-09T12:00:00Z,3089.29,3095.67,3080.72,3083.5,20007.25
2026-01-09T13:00:00Z,3083.5,3111.2,3082.35,3097.39,73313.34
2026-01-09T14:00:00Z,3097.39,3097.99,3060.13,3078.42,64147.04
2026-01-09T15:00:00Z,3078.42,3141.89,3057.19,3111.12,162732.54
2026-01-09T16:00:00Z,3111.12,3144.21,3109.62,3131.85,59804.65
2026-01-09T17:00:00Z,3131.85,3133.76,3102.77,3112.83,35560.08
2026-01-09T18:00:00Z,3112.83,3117.55,3072,3093.37,46581.12
2026-01-09T19:00:00Z,3093.37,3093.37,3067.06,3079.2,33966.02
2026-01-09T20:00:00Z,3079.2,3091.05,3070,3071.94,35485.28
2026-01-09T21:00:00Z,3071.94,3092.17,3064,3084.49,28835.91
2026-01-09T22:00:00Z,3084.49,3087.61,3073.06,3084.43,10740.06
2026-01-09T23:00:00Z,3084.43,3091.65,3082.17,3086.96,6028.79
2026-01-10T00:00:00Z,3086.96,3088.48,3080.33,3082.16,5641.36
2026-01-10T01:00:00Z,3082.16,3090.36,3082.16,3088.7,3683.46
2026-01-10T02:00:00Z,3088.7,3093.42,3082.04,3086.85,6591.59
2026-01-10T03:00:00Z,3086.85,3087.71,3078.43,3085.39,6718.89
2026-01-10T04:00:00Z,3085.39,3086.49,3076.63,3078.82,8525.2
2026-01-10T05:00:00Z,3078.82,3086.5,3078.58,3085.3,5553.28
2026-01-10T06:00:00Z,3085.3,3087.5,3081.94,3086.26,4641.92
2026-01-10T07:00:00Z,3086.26,3092.13,3086.25,3091.19,10909.15
2026-01-10T08:00:00Z,3091.19,3091.5,3086,3089.08,6753.23
2026-01-10T09:00:00Z,3089.08,3098.66,3088.07,3094.35,11430.97
2026-01-10T10:00:00Z,3094.35,3102.75,3092.53,3101.33,13981.58
2026-01-10T11:00:00Z,3101.33,3101.61,3093.08,3095.48,11272.83
2026-01-10T12:00:00Z,3095.48,3102.09,3092.03,3097.85,10187.87
2026-01-10T13:00:00Z,3097.85,3097.86,3091.31,3093.32,7352.79
2026-01-10T14:00:00Z,3093.32,3095.47,3086.32,3090.44,11952.59
2026-01-10T15:00:00Z,3090.44,3095.41,3090.44,3094.05,6319.86
2026-01-10T16:00:00Z,3094.05,3096.47,3090.36,3093.99,3586.86
2026-01-10T17:00:00Z,3093.99,3097.86,3090.68,3091.55,5026.24
2026-01-10T18:00:00Z,3091.55,3092.85,3089,3091.44,3043.09
2026-01-10T19:00:00Z,3091.44,3092.62,3088.68,3090.99,2716.27
2026-01-10T20:00:00Z,3090.99,3092.23,3087.38,3088.66,4081.75
2026-01-10T21:00:00Z,3088.66,3088.94,3083.59,3085,5356.67
2026-01-10T22:00:00Z,3085,3088.65,3077.18,3079.24,11000.51
2026-01-10T23:00:00Z,3079.24,3088.42,3078.67,3085.66,5642
2026-01-11T00:00:00Z,3085.66,3091.92,3083.7,3091.09,6855.68
2026-01-11T01:00:00Z,3091.09,3094.27,3088.35,3094.26,4071.64
2026-01-11T02:00:00Z,3094.26,3095.98,3090.6,3091.51,4476.7
2026-01-11T03:00:00Z,3091.51,3096.26,3090.77,3095.53,3062.27
2026-01-11T04:00:00Z,3095.53,3097.63,3093.37,3096.62,3711.98
2026-01-11T05:00:00Z,3096.62,3101.41,3094.65,3098.08,4622.71
2026-01-11T06:00:00Z,3098.08,3099.43,3088.29,3096.07,8411.31
2026-01-11T07:00:00Z,3096.07,3097.12,3091.18,3094,3110.65
2026-01-11T08:00:00Z,3094,3107,3091.6,3102.01,11644.79
2026-01-11T09:00:00Z,3102.01,3108.65,3099.15,3102.9,8473.09
2026-01-11T10:00:00Z,3102.9,3106.88,3101.17,3106.19,6256.08
2026-01-11T11:00:00Z,3106.19,3106.19,3101.57,3103.83,4672.78
2026-01-11T12:00:00Z,3103.83,3115.56,3103.35,3112.36,15556.36
2026-01-11T13:00:00Z,3112.36,3114.78,3105.12,3108.17,11610.02
2026-01-11T14:00:00Z,3108.17,3128.21,3107.98,3124.19,17990.36
2026-01-11T15:00:00Z,3124.19,3129.5,3108.13,3116.68,35669.49
2026-01-11T16:00:00Z,3116.68,3145.99,3114.2,3128.17,52848.73
2026-01-11T17:00:00Z,3128.17,3132.96,3116.89,3125.88,15842.64
2026-01-11T18:00:00Z,3125.88,3132.79,3118.96,3128.14,8842.45
2026-01-11T19:00:00Z,3128.14,3131.77,3117.39,3123.39,6172.47
2026-01-11T20:00:00Z,3123.39,3123.39,3100.15,3113.57,34218.39
2026-01-11T21:00:00Z,3113.57,3125,3106,3119.53,12425.68
2026-01-11T22:00:00Z,3119.53,3119.53,3105.01,3108.27,9075.71
2026-01-11T23:00:00Z,3108.27,3124.41,3091,3122.81,37211.57
2026-01-12T00:00:00Z,3122.81,3126.9,3095.32,3118.73,36436.95
2026-01-12T01:00:00Z,3118.73,3136.3,3112.44,3123.44,31582.27
2026-01-12T02:00:00Z,3123.44,3167.42,3121.08,3156.42,64664.7
2026-01-12T03:00:00Z,3156.42,3170.95,3150.12,3150.96,38318.33
2026-01-12T04:00:00Z,3150.96,3162.19,3147.27,3157.76,14054.83
2026-01-12T05:00:00Z,3157.76,3165.6,3153.77,3157.33,13639.2
2026-01-12T06:00:00Z,3157.33,3164.99,3151.1,3153.25,16792.44
2026-01-12T07:00:00Z,3153.25,3160,3131.29,3134.02,38661.68
2026-01-12T08:00:00Z,3134.02,3146.52,3100.21,3114.5,84602.72
2026-01-12T09:00:00Z,3114.5,3123.99,3110,3115.33,30237.69
2026-01-12T10:00:00Z,3115.33,3118.93,3102.87,3105.51,31538.98
2026-01-12T11:00:00Z,3105.51,3120.6,3105.25,3114.44,13699.69
2026-01-12T12:00:00Z,3114.44,3121.78,3111.08,3116.09,11524.72
2026-01-12T13:00:00Z,3116.09,3119,3104.45,3108.01,15121.96
2026-01-12T14:00:00Z,3108.01,3117.34,3063.75,3103.71,158864.97
2026-01-12T15:00:00Z,3103.71,3133.11,3091.41,3128.9,72276.37
2026-01-12T16:00:00Z,3128.9,3145,3119.14,3129.18,69295.88
2026-01-12T17:00:00Z,3129.18,3135.71,3082.63,3103.41,68815.45
2026-01-12T18:00:00Z,3103.41,3118.2,3093.76,3107.09,41300.92
2026-01-12T19:00:00Z,3107.09,3120.85,3095.29,3120.08,26036.24
2026-01-12T20:00:00Z,3120.08,3126.35,3098.5,3101.66,22207.6
2026-01-12T21:00:00Z,3101.66,3105.84,3082.83,3090.84,23254.37
2026-01-12T22:00:00Z,3090.84,3106.42,3090.77,3094.28,16193.06
2026-01-12T23:00:00Z,3094.28,3098.06,3087.08,3094.11,11744.15
2026-01-13T00:00:00Z,3094.11,3108.56,3092.07,3107.23,18677.17
2026-01-13T01:00:00Z,3107.23,3113.7,3090.27,3096.47,18084.89
2026-01-13T02:00:00Z,3096.47,3107.1,3096.47,3100.18,8662.33
2026-01-13T03:00:00Z,3100.18,3117.91,3100.1,3114.97,20932.41
2026-01-13T04:00:00Z,3114.97,3122.2,3110.65,3120.81,16238.44
2026-01-13T05:00:00Z,3120.81,3145.13,3120.11,3130.37,45833.03
2026-01-13T06:00:00Z,3130.37,3136.49,3121.88,3132.94,23941.11
2026-01-13T07:00:00Z,3132.94,3133.87,3120.49,3120.61,13432.78
2026-01-13T08:00:00Z,3120.61,3136.73,3120.6,3134.38,16466.76
2026-01-13T09:00:00Z,3134.38,3146.97,3127.18,3137.34,38573.24
2026-01-13T10:00:00Z,3137.34,3140.7,3128.13,3133.34,9802.2
2026-01-13T11:00:00Z,3133.34,3137.63,3129.34,3132.06,10171.98
2026-01-13T12:00:00Z,3132.06,3136.61,3128.27,3133.74,9046.54
2026-01-13T13:00:00Z,3133.74,3159.62,3128.6,3140.91,104334.12
2026-01-13T14:00:00Z,3140.91,3164,3128.76,3143.51,82062.91
2026-01-13T15:00:00Z,3143.51,3187.3,3131.01,3182.63,90598.22
2026-01-13T16:00:00Z,3182.63,3195,3170,3178.93,85913.45
2026-01-13T17:00:00Z,3178.93,3186,3171.04,3177.82,31015.22
2026-01-13T18:00:00Z,3177.82,3212.92,3176,3199.39,50041.88
2026-01-13T19:00:00Z,3199.39,3217.3,3189.12,3214.39,35475.06
2026-01-13T20:00:00Z,3214.39,3218.89,3188.89,3202.5,52387.5
2026-01-13T21:00:00Z,3202.5,3215.67,3199.69,3208.18,24631.48
2026-01-13T22:00:00Z,3208.18,3380.5,3208.18,3329.95,330246.59
2026-01-13T23:00:00Z,3329.95,3347.19,3312.06,3324.25,55646.58
2026-01-14T00:00:00Z,3324.25,3335.6,3312.45,3323.25,33961.8
2026-01-14T01:00:00Z,3323.25,3344.04,3320.44,3334.83,43748.98
2026-01-14T02:00:00Z,3334.83,3358,3318.77,3325.56,56288.66
2026-01-14T03:00:00Z,3325.56,3351.95,3319.88,3350.71,39506.89
2026-01-14T04:00:00Z,3350.71,3364.1,3335.01,3338.01,61826.56
2026-01-14T05:00:00Z,3338.01,3338.99,3324.55,3329.75,23423.18
2026-01-14T06:00:00Z,3329.75,3336.19,3320.78,3333.81,25128.5
2026-01-14T07:00:00Z,3333.81,3342.07,3326.63,3335,20623.4
2026-01-14T08:00:00Z,3335,3342.09,3326.16,3326.47,14862
2026-01-14T09:00:00Z,3326.47,3334.54,3321.71,3327.17,20499.15
2026-01-14T10:00:00Z,3327.17,3332.12,3303.44,3311.74,43482.24
2026-01-14T11:00:00Z,3311.74,3312.44,3281.68,3285.48,51515.51
2026-01-14T12:00:00Z,3285.48,3299.19,3278.17,3295.85,38090.91
2026-01-14T13:00:00Z,3295.85,3307,3288.38,3301.86,39227.85
2026-01-14T14:00:00Z,3301.86,3357.16,3301.15,3347.12,147515.17
2026-01-14T15:00:00Z,3347.12,3361.06,3326,3343.9,116815.37
2026-01-14T16:00:00Z,3343.9,3402.36,3343.31,3368.46,155156.99
2026-01-14T17:00:00Z,3368.46,3379.71,3336.37,3340.92,81957.66
2026-01-14T18:00:00Z,3340.92,3352.88,3313.65,3338.2,93494.6
2026-01-14T19:00:00Z,3338.2,3399.76,3330.34,3366.08,129961.3
2026-01-14T20:00:00Z,3366.08,3391.93,3360.1,3381.46,40464.45
2026-01-14T21:00:00Z,3381.46,3381.46,3354.53,3370.87,29898.67
2026-01-14T22:00:00Z,3370.87,3372.68,3345.44,3347.1,34448.66
2026-01-14T23:00:00Z,3347.1,3367.9,3347.02,3352.89,17118.36
2026-01-15T00:00:00Z,3352.89,3354.25,3323.6,3329.75,34267.98
2026-01-15T01:00:00Z,3329.75,3341.66,3315.01,3323.34,25946.52
2026-01-15T02:00:00Z,3323.34,3330.99,3303.55,3312.66,30874.36
2026-01-15T03:00:00Z,3312.66,3320.42,3276,3285.11,60670.28
2026-01-15T04:00:00Z,3285.11,3307.41,3283.21,3303.88,26243.15
2026-01-15T05:00:00Z,3303.88,3314.54,3301.13,3309.8,17402.11
2026-01-15T06:00:00Z,3309.8,3323.34,3308.4,3314.67,33294.05
2026-01-15T07:00:00Z,3314.67,3334.29,3313.35,3328.99,28682.81
2026-01-15T08:00:00Z,3328.99,3337.51,3318.68,3335.62,16561.22
2026-01-15T09:00:00Z,3335.62,3373.57,3328.63,3364.83,60186.41
2026-01-15T10:00:00Z,3364.83,3377.95,3356.33,3362.85,30938.68
2026-01-15T11:00:00Z,3362.85,3364.7,3345.43,3348.12,27075.68
2026-01-15T12:00:00Z,3348.12,3369.88,3342.59,3367.98,29610.39
2026-01-15T13:00:00Z,3367.98,3383.24,3355.17,3369.46,36147.97
2026-01-15T14:00:00Z,3369.46,3381.2,3320.37,3340.38,117429.82
2026-01-15T15:00:00Z,3340.38,3356.66,3284,3329.71,120887
2026-01-15T16:00:00Z,3329.71,3334.54,3308.55,3328.81,41774.8
2026-01-15T17:00:00Z,3328.81,3336.55,3295.49,3299.82,51301.58
2026-01-15T18:00:00Z,3299.82,3306.72,3272.5,3287.96,73552.73
2026-01-15T19:00:00Z,3287.96,3301.65,3276.16,3294.51,37324.05
2026-01-15T20:00:00Z,3294.51,3306.59,3274.79,3286.94,54755.1
2026-01-15T21:00:00Z,3286.94,3305.36,3283.23,3297.85,41188.98
2026-01-15T22:00:00Z,3297.85,3318.83,3294.64,3307.59,25334.42
2026-01-15T23:00:00Z,3307.59,3322,3300.75,3317.55,19002.4
2026-01-16T00:00:00Z,3317.55,3326.62,3314.53,3315.57,12451.75
2026-01-16T01:00:00Z,3315.57,3320.69,3300.5,3312.64,17757.89
2026-01-16T02:00:00Z,3312.64,3312.64,3290.09,3302.35,31897.77
2026-01-16T03:00:00Z,3302.35,3306.82,3293.72,3293.82,11833.26
2026-01-16T04:00:00Z,3293.82,3303.7,3275.04,3286.67,42141.46
2026-01-16T05:00:00Z,3286.67,3315.26,3282.57,3307.51,37945.68
2026-01-16T06:00:00Z,3307.51,3316.32,3300.28,3312.72,17145.36
2026-01-16T07:00:00Z,3312.72,3314.74,3300.35,3308.75,20666.67
2026-01-16T08:00:00Z,3308.75,3319.28,3307.19,3311.88,35942.88
2026-01-16T09:00:00Z,3311.88,3315.66,3305.77,3306.39,8006.61
2026-01-16T10:00:00Z,3306.39,3307.54,3293.08,3296.41,20782.13
2026-01-16T11:00:00Z,3296.41,3306.12,3292.21,3300.66,32666.51
2026-01-16T12:00:00Z,3300.66,3313.19,3299.01,3307.68,27838.44
2026-01-16T13:00:00Z,3307.68,3309.34,3293.7,3306.48,34674.79
2026-01-16T14:00:00Z,3306.48,3317.27,3288.59,3293.16,85842.36
2026-01-16T15:00:00Z,3293.16,3310.33,3252,3263.57,167630.35
2026-01-16T16:00:00Z,3263.57,3287.53,3258.81,3277.58,68211.67
2026-01-16T17:00:00Z,3277.58,3285.62,3264.66,3282.95,23696.37
2026-01-16T18:00:00Z,3282.95,3287.49,3276.05,3277.48,12592.99
2026-01-16T19:00:00Z,3277.48,3278.2,3267.36,3275.9,14212.94
2026-01-16T20:00:00Z,3275.9,3292.56,3263.4,3291.65,26831.51
2026-01-16T21:00:00Z,3291.65,3297.94,3287.05,3293,20483.6
2026-01-16T22:00:00Z,3293,3294.26,3281.47,3292.74,14951.01
2026-01-16T23:00:00Z,3292.74,3298.47,3290.57,3294.46,11544.02
2026-01-17T00:00:00Z,3294.46,3295.9,3288.01,3291.12,7112.88
2026-01-17T01:00:00Z,3291.12,3294,3286.41,3289.07,6487.53
2026-01-17T02:00:00Z,3289.07,3291.43,3282.31,3291.04,8672.39
2026-01-17T03:00:00Z,3291.04,3291.16,3286.01,3287.65,3729.49
2026-01-17T04:00:00Z,3287.65,3291.12,3284.62,3290.49,5674.22
2026-01-17T05:00:00Z,3290.49,3293.82,3287.81,3290,7258.54
2026-01-17T06:00:00Z,3290,3292.16,3286,3289.55,5705.89
2026-01-17T07:00:00Z,3289.55,3291.06,3285.8,3289.64,5885.82
2026-01-17T08:00:00Z,3289.64,3295.37,3287.23,3295.02,8673.04
2026-01-17T09:00:00Z,3295.02,3302.7,3292,3296.56,56855.75
2026-01-17T10:00:00Z,3296.56,3299.18,3293.01,3294.54,7844.72
2026-01-17T11:00:00Z,3294.54,3303.12,3290.43,3300.71,12254.64
2026-01-17T12:00:00Z,3300.71,3304.42,3298.13,3300.56,6898.77
2026-01-17T13:00:00Z,3300.56,3302.55,3297.36,3301.95,5814.7
2026-01-17T14:00:00Z,3301.95,3310,3299.6,3308.31,16669.99
2026-01-17T16:00:00Z,3327.41,3327.67,3309.92,3317.02,28808.57
2026-01-17T17:00:00Z,3317.02,3326.05,3315.32,3317.72,11443.5
2026-01-17T18:00:00Z,3317.72,3319,3312.4,3316.13,7831.32
2026-01-17T19:00:00Z,3316.13,3319.54,3312.6,3314.58,3668.7
2026-01-17T20:00:00Z,3314.58,3318.32,3313.34,3315.61,2063.58
2026-01-17T21:00:00Z,3315.61,3315.87,3305.6,3311.09,9402.49
2026-01-17T22:00:00Z,3311.09,3311.09,3295.42,3300.13,22677.63
2026-01-17T23:00:00Z,3300.13,3308.7,3299.34,3308.53,5885.52
2026-01-18T00:00:00Z,3308.53,3312.57,3300.89,3302.58,7952.22
2026-01-18T01:00:00Z,3302.58,3305.48,3293.72,3299.62,17019.27
2026-01-18T02:00:00Z,3299.62,3304.5,3295,3301.72,10574.56
2026-01-18T03:00:00Z,3301.72,3318.1,3301.72,3314.27,10873.09
2026-01-18T04:00:00Z,3314.27,3316.08,3307.5,3310.51,8351.03
2026-01-18T05:00:00Z,3310.51,3316.6,3309,3314.07,6596.36
2026-01-18T06:00:00Z,3314.07,3316.1,3310.05,3314.15,7304.98
2026-01-18T07:00:00Z,3314.15,3314.16,3304.18,3305.6,6586.08
2026-01-18T08:00:00Z,3305.6,3314.94,3301.46,3313.34,9285.78
2026-01-18T09:00:00Z,3313.34,3324.01,3312.14,3321.17,20508.7
2026-01-18T10:00:00Z,3321.17,3324.2,3316.58,3323.7,11598.55
2026-01-18T11:00:00Z,3323.7,3323.7,3317.08,3320.7,8504.66
2026-01-18T12:00:00Z,3320.7,3325.91,3317,3320.35,10485.04
2026-01-18T13:00:00Z,3320.35,3328.66,3312.59,3324.42,24841.07
2026-01-18T14:00:00Z,3324.42,3346.75,3320.32,3323.18,72312.29
2026-01-18T15:00:00Z,3323.18,3334,3317.1,3332.05,17523.7
2026-01-18T16:00:00Z,3332.05,3336.42,3328,3331.49,12527.17
2026-01-18T17:00:00Z,3331.49,3344.27,3330.02,3343.11,12409.36
2026-01-18T18:00:00Z,3343.11,3368.22,3335,3360.33,56239.78
2026-01-18T19:00:00Z,3360.33,3364.27,3341.98,3345.16,17697.66
2026-01-18T20:00:00Z,3345.16,3351.07,3336.06,3339.48,12254.12
2026-01-18T21:00:00Z,3339.48,3344.14,3335.01,3340.09,7981.69
2026-01-18T22:00:00Z,3340.09,3354.9,3338.39,3349.35,9376.05
2026-01-18T23:00:00Z,3349.35,3349.35,3277.18,3282.54,132610.4
2026-01-19T00:00:00Z,3282.54,3283.65,3176,3211.01,326758.37
2026-01-19T01:00:00Z,3211.01,3220,3193.23,3205.23,62482.11
2026-01-19T02:00:00Z,3205.23,3215.9,3192.25,3203.23,51123.29
2026-01-19T03:00:00Z,3203.23,3212.24,3194.33,3211,37678.79
2026-01-19T04:00:00Z,3211,3216.45,3204.62,3211.62,22152.35
2026-01-19T05:00:00Z,3211.62,3214.3,3195.17,3201.38,32118.35
2026-01-19T06:00:00Z,3201.38,3203.55,3186.12,3194.76,38894.02
2026-01-19T07:00:00Z,3194.76,3207.99,3194.76,3206.02,11204
2026-01-19T08:00:00Z,3206.02,3220.83,3195.47,3212.49,70061.49
2026-01-19T09:00:00Z,3212.49,3213.23,3203.6,3208.09,13054.77
2026-01-19T10:00:00Z,3208.09,3215,3204.32,3213.87,14001.3
2026-01-19T11:00:00Z,3213.87,3229.5,3211.56,3222.11,36278.22
2026-01-19T12:00:00Z,3222.11,3234.53,3217.16,3223.59,29794.8
2026-01-19T13:00:00Z,3223.59,3223.59,3210.49,3216.77,18064.98
2026-01-19T14:00:00Z,3216.77,3218,3200.5,3211.26,21843.58
2026-01-19T15:00:00Z,3211.26,3219.52,3208.33,3214.24,14909.35
2026-01-19T16:00:00Z,3214.24,3226.27,3211.04,3221.59,9895.41
2026-01-19T17:00:00Z,3221.59,3224.63,3215,3218.56,9381.69
2026-01-19T18:00:00Z,3218.56,3219.47,3205.8,3212.94,12274.72
2026-01-19T19:00:00Z,3212.94,3223.07,3212.94,3218.22,5636.7
2026-01-19T20:00:00Z,3218.22,3223.8,3210.59,3212.66,12361.38
2026-01-19T21:00:00Z,3212.66,3220,3208.7,3211.3,9731.89
2026-01-19T22:00:00Z,3211.3,3213.04,3185,3187.05,45135.32
2026-01-19T23:00:00Z,3187.05,3196.49,3163.98,3187.92,91316.39
2026-01-20T00:00:00Z,3187.92,3199.24,3174.36,3182.4,33214.26
2026-01-20T01:00:00Z,3182.4,3198,3174.07,3191.99,37847.08
2026-01-20T02:00:00Z,3191.99,3199,3177.69,3191.65,25733.72
2026-01-20T03:00:00Z,3191.65,3193.98,3182.54,3187.79,12164.79
2026-01-20T04:00:00Z,3187.79,3188.34,3167.6,3172.17,29989.29
2026-01-20T05:00:00Z,3172.17,3173.73,3150.16,3170.23,95085.25
2026-01-20T06:00:00Z,3170.23,3171.05,3107.65,3115.65,170560.75
2026-01-20T07:00:00Z,3115.65,3130.14,3110.81,3121.86,39696.94
2026-01-20T08:00:00Z,3121.86,3122.4,3084.21,3105.47,125921.2
2026-01-20T09:00:00Z,3105.47,3107.97,3086.32,3093.24,31564.67
2026-01-20T10:00:00Z,3093.24,3107.77,3090.06,3101.6,17340.94
2026-01-20T11:00:00Z,3101.6,3111.86,3101.6,3108.32,20469.82
2026-01-20T12:00:00Z,3108.32,3113.6,3100.61,3109.92,15656.54
2026-01-20T13:00:00Z,3109.92,3111.75,3071.4,3077.85,77480.61
2026-01-20T14:00:00Z,3077.85,3087.98,3031.46,3046.16,179094.57
2026-01-20T15:00:00Z,3046.16,3048.66,2992.86,3031.08,166361.87
2026-01-20T16:00:00Z,3031.08,3041.65,2996.89,3008.21,61062.99
2026-01-20T17:00:00Z,3008.21,3022.76,2982.65,2998.69,75590.03
2026-01-20T18:00:00Z,2998.69,3007.88,2986.3,2991.01,36719.37
2026-01-20T19:00:00Z,2991.01,3002.39,2978.65,2995.34,32968.04
2026-01-20T20:00:00Z,2995.34,3007,2985.24,3005.88,35041.95
2026-01-20T21:00:00Z,3005.88,3006.63,2987.99,2992.46,16138.68
2026-01-20T22:00:00Z,2992.46,2997.99,2911.69,2949.67,136375.06
2026-01-20T23:00:00Z,2949.67,2951.04,2928.34,2938.5,50789.82
2026-01-21T00:00:00Z,2938.5,2968.24,2920.11,2958.58,58368.59
2026-01-21T01:00:00Z,2958.58,2972.7,2953.65,2963.43,30903.81
2026-01-21T02:00:00Z,2963.43,2973.69,2956.24,2960.48,20362.86
2026-01-21T03:00:00Z,2960.48,2983.3,2959.64,2980.33,38350.26
2026-01-21T04:00:00Z,2980.33,2984.63,2973.2,2977.91,9590.49
2026-01-21T05:00:00Z,2977.91,3001,2976.53,2991.69,22808.06
2026-01-21T06:00:00Z,2991.69,2992.4,2973.87,2978.97,16172.94
2026-01-21T07:00:00Z,2978.97,2984.15,2964.14,2968.77,23052.19
2026-01-21T08:00:00Z,2968.77,2973.12,2953.96,2963.81,26818.62
2026-01-21T09:00:00Z,2963.81,2973.5,2948,2952.19,18592.5
2026-01-21T10:00:00Z,2952.19,2968.96,2950.19,2962.13,15168.16
2026-01-21T11:00:00Z,2962.13,2970.41,2936.55,2941.84,46604.03
2026-01-21T12:00:00Z,2941.84,2945.16,2900.48,2930.14,130206.83
2026-01-21T13:00:00Z,2930.14,2944.2,2918.62,2926.68,51833.29
2026-01-21T14:00:00Z,2926.68,2994.1,2923.08,2979.54,149619.81
2026-01-21T15:00:00Z,2979.54,3025.33,2973.29,3000.69,152316.66
2026-01-21T16:00:00Z,3000.69,3003.6,2883.8,2889.99,195893.04
2026-01-21T17:00:00Z,2889.99,2913,2864.14,2902.14,134304.01
2026-01-21T18:00:00Z,2902.14,2932.91,2886.01,2926.06,73414.28
2026-01-21T19:00:00Z,2926.06,3068.35,2915.11,3053.84,208411.95
2026-01-21T20:00:00Z,3053.84,3056.41,3001.8,3030.4,79863.24
2026-01-21T21:00:00Z,3030.4,3043.06,3019.53,3029.63,23248.85
2026-01-21T22:00:00Z,3029.63,3044.1,3007.12,3008.79,21208.61
2026-01-21T23:00:00Z,3008.79,3023.97,2970.52,2980.49,61680.56
2026-01-22T00:00:00Z,2980.49,3009.78,2978.4,3003.88,43187.77
2026-01-22T01:00:00Z,3003.88,3033.66,3000.71,3026.77,25567.57
2026-01-22T02:00:00Z,3026.77,3037.39,3013.47,3016.25,26991.38
2026-01-22T03:00:00Z,3016.25,3029.74,2997.78,3012.15,29720.99
2026-01-22T04:00:00Z,3012.15,3024.75,3009.55,3021.9,18618.24
2026-01-22T05:00:00Z,3021.9,3026.94,3013.37,3018.9,10806.29
2026-01-22T06:00:00Z,3018.9,3026.5,3007.35,3017.81,16437.9
2026-01-22T07:00:00Z,3017.81,3021.18,2999.09,2999.95,23072.53
2026-01-22T08:00:00Z,2999.95,3006.99,2990.5,3004.48,30999.46
2026-01-22T09:00:00Z,3004.48,3015.49,3002,3012.45,18610.57
2026-01-22T10:00:00Z,3012.45,3013.94,2998.71,3001.51,26784.89
2026-01-22T11:00:00Z,3001.51,3006.74,2976.3,2985.41,39023.86
2026-01-22T12:00:00Z,2985.41,2997.59,2977.22,2989.94,22933.58
2026-01-22T13:00:00Z,2989.94,3009.39,2960.51,2971.57,67426.31
2026-01-22T14:00:00Z,2971.57,2981.4,2934,2939.85,116630.07
2026-01-22T15:00:00Z,2939.85,2966.88,2903.81,2940.77,160666.11
2026-01-22T16:00:00Z,2940.77,2957.41,2921.86,2944.78,80043.39
2026-01-22T17:00:00Z,2944.78,2963.85,2933.06,2960.55,37978.56
2026-01-22T18:00:00Z,2960.55,2972,2936.86,2938.41,50527.86
2026-01-22T19:00:00Z,2938.41,2962.2,2926.52,2952.6,51527.3
2026-01-22T20:00:00Z,2952.6,2956.67,2928.99,2937.56,35405.11
2026-01-22T21:00:00Z,2937.56,2950.39,2932.07,2945.49,21907.19
2026-01-22T22:00:00Z,2945.49,2958,2941.89,2950.2,17477.73
2026-01-22T23:00:00Z,2950.2,2954.98,2939.15,2951.36,11042.86
2026-01-23T00:00:00Z,2951.36,2956.24,2944.6,2952.28,8387.23
2026-01-23T01:00:00Z,2952.28,2969.37,2952,2968,21327.26
2026-01-23T02:00:00Z,2968,2971.27,2951.12,2951.28,21854.86
2026-01-23T03:00:00Z,2951.28,2964.31,2950.37,2963.33,7602.12
2026-01-23T04:00:00Z,2963.33,2984,2961.7,2976.56,35647.68
2026-01-23T05:00:00Z,2976.56,2976.94,2962.5,2967.01,17656.51
2026-01-23T06:00:00Z,2967.01,2974.18,2936,2938.57,53869.96
2026-01-23T07:00:00Z,2938.57,2949.5,2933.43,2946.66,25511.35
2026-01-23T08:00:00Z,2946.66,2949.5,2920.45,2926.25,50827.06
2026-01-23T09:00:00Z,2926.25,2934,2912.77,2919.81,34397.34
2026-01-23T10:00:00Z,2919.81,2933.57,2913.42,2930,22832.39
2026-01-23T11:00:00Z,2930,2945.63,2926.54,2939.47,26111.54
2026-01-23T12:00:00Z,2939.47,2939.48,2927.04,2933.63,12613.3
2026-01-23T13:00:00Z,2933.63,2943,2925.6,2929.66,14804.47
2026-01-23T14:00:00Z,2929.66,2940.8,2890.81,2915.01,98350.22
2026-01-23T15:00:00Z,2915.01,2963.71,2897.72,2951.01,92816.71
2026-01-23T16:00:00Z,2951.01,2979.31,2937.02,2966.21,75548.98
2026-01-23T17:00:00Z,2966.21,3017.76,2958.08,2985.9,126614.62
2026-01-23T18:00:00Z,2985.9,3008.02,2976.31,2986.94,51093.79
2026-01-23T19:00:00Z,2986.94,2987.14,2944.74,2958.4,76574.42
2026-01-23T20:00:00Z,2958.4,2962.26,2928.42,2938.85,41362.95
2026-01-23T21:00:00Z,2938.85,2951.84,2936.68,2942.6,10001.96
2026-01-23T22:00:00Z,2942.6,2961.64,2942.01,2958.44,16909.47
2026-01-23T23:00:00Z,2958.44,2958.45,2949.6,2954.85,6309.58
2026-01-24T00:00:00Z,2954.85,2957.51,2947.97,2949.87,6970.6
2026-01-24T01:00:00Z,2949.87,2957.96,2948.38,2954.86,7678.56
2026-01-24T02:00:00Z,2954.86,2960.84,2953.01,2958.04,3650.09
2026-01-24T03:00:00Z,2958.04,2968.61,2955.42,2961.05,9813.45
2026-01-24T04:00:00Z,2961.05,2965,2957.51,2961.78,6363.78
2026-01-24T05:00:00Z,2961.78,2963.99,2955.45,2959.71,8829.79
2026-01-24T06:00:00Z,2959.71,2962.37,2957.08,2960.1,8311.38
2026-01-24T07:00:00Z,2960.1,2960.85,2952.57,2955.73,9129.37
2026-01-24T08:00:00Z,2955.73,2962,2953.57,2961.61,5082.66
2026-01-24T09:00:00Z,2961.61,2963.28,2958.15,2959.2,6814.45
2026-01-24T10:00:00Z,2959.2,2961.3,2957.3,2960.43,4145.36
2026-01-24T11:00:00Z,2960.43,2963.25,2959.03,2959.92,5967.67
2026-01-24T12:00:00Z,2959.92,2963.53,2958.05,2961.39,4703.74
2026-01-24T13:00:00Z,2961.39,2962.34,2946.36,2947.31,8667.2
2026-01-24T14:00:00Z,2947.31,2958.45,2942,2958.04,19955.72
2026-01-24T15:00:00Z,2958.04,2966.68,2953.77,2955.34,16019.92
2026-01-24T16:00:00Z,2955.34,2960.34,2950.2,2957.53,10178.82
2026-01-24T17:00:00Z,2957.53,2964.86,2956.2,2962.93,6662.35
2026-01-24T18:00:00Z,2962.93,2967,2960.33,2961.96,3990.32
2026-01-24T19:00:00Z,2961.96,2962.75,2951.04,2952.69,6872.23
2026-01-24T20:00:00Z,2952.69,2957.81,2952.57,2955.23,2058.7
2026-01-24T21:00:00Z,2955.23,2956.95,2947.86,2956.91,9336.28
2026-01-24T22:00:00Z,2956.91,2963.15,2956.91,2961.77,3849.7
2026-01-24T23:00:00Z,2961.77,2963.15,2951.21,2952.08,5426.7
2026-01-25T00:00:00Z,2952.08,2957.59,2951.2,2957.59,2395.34
2026-01-25T01:00:00Z,2957.59,2959.34,2949,2953.94,8882.78
2026-01-25T02:00:00Z,2953.94,2956.65,2951.55,2952.07,2514.62
2026-01-25T03:00:00Z,2952.07,2953.02,2935.27,2941.69,27403.62
2026-01-25T04:00:00Z,2941.69,2948.7,2939.07,2944.25,7620.67
2026-01-25T05:00:00Z,2944.25,2947.72,2941,2946.01,3446.95
2026-01-25T06:00:00Z,2946.01,2946.5,2933.49,2942.92,18150.23
2026-01-25T07:00:00Z,2942.92,2942.92,2937.03,2938.31,4639
2026-01-25T08:00:00Z,2938.31,2943.75,2919.68,2928.07,35224.35
2026-01-25T09:00:00Z,2928.07,2938.58,2925.33,2934.66,13499.96
2026-01-25T10:00:00Z,2934.66,2946.82,2934.5,2944.13,18323.62
2026-01-25T11:00:00Z,2944.13,2945.3,2931.23,2936.96,10933.05
2026-01-25T12:00:00Z,2936.96,2944.46,2931.66,2941.76,27238.37
2026-01-25T13:00:00Z,2941.76,2944.98,2934.31,2940.85,10962.76
2026-01-25T14:00:00Z,2940.85,2941.84,2923.56,2931.47,27008.28
2026-01-25T15:00:00Z,2931.47,2935,2920.65,2925.98,10821.42
2026-01-25T16:00:00Z,2925.98,2926.73,2873.94,2895.87,177678.28
2026-01-25T17:00:00Z,2895.87,2897.7,2877.19,2883.53,32380.07
2026-01-25T18:00:00Z,2883.53,2888,2826.12,2846.18,205528.58
2026-01-25T19:00:00Z,2846.18,2852.56,2795,2811.24,149147.41
2026-01-25T20:00:00Z,2811.24,2822.21,2784.33,2808.45,105575.06
2026-01-25T21:00:00Z,2808.45,2824.5,2800.23,2817.55,67058.3
2026-01-25T22:00:00Z,2817.55,2817.89,2788.19,2805.98,55693.03
2026-01-25T23:00:00Z,2805.98,2820.74,2785.59,2816.41,54562.34
2026-01-26T01:00:00Z,2840.84,2898,2837.33,2881.36,118336.63
2026-01-26T02:00:00Z,2881.36,2884.91,2862.21,2864.92,44327.17
2026-01-26T03:00:00Z,2864.92,2871.68,2839.37,2850.15,35381.11
2026-01-26T04:00:00Z,2850.15,2874.88,2848.92,2864.95,33175.47
2026-01-26T05:00:00Z,2864.95,2872.24,2858.89,2868.37,9845.36
2026-01-26T06:00:00Z,2868.37,2890.95,2865.01,2890.55,28538.9
2026-01-26T07:00:00Z,2890.55,2910.14,2884.43,2902.75,48438.15
2026-01-26T08:00:00Z,2902.75,2932.81,2895.9,2910.97,85682.45
2026-01-26T09:00:00Z,2910.97,2912.44,2879,2884.46,48352.44
2026-01-26T10:00:00Z,2884.46,2900.61,2883.52,2894.93,19218.2
2026-01-26T11:00:00Z,2894.93,2899.79,2886.69,2890.56,13153.1
2026-01-26T12:00:00Z,2890.56,2914.19,2890.56,2901.11,28410.81
2026-01-26T13:00:00Z,2901.11,2910.29,2895.25,2908.29,21404.15
2026-01-26T14:00:00Z,2908.29,2933.3,2873,2921.22,161432.86
2026-01-26T15:00:00Z,2921.22,2949.86,2885.68,2897.82,133412.39
2026-01-26T16:00:00Z,2897.82,2916.5,2890.03,2900.31,74985.13
2026-01-26T17:00:00Z,2900.31,2915,2884.46,2908.22,48637.61
2026-01-26T18:00:00Z,2908.22,2931.77,2906.67,2930.84,58341.47
2026-01-26T19:00:00Z,2930.84,2935.07,2916.88,2921.99,27968.58
2026-01-26T20:00:00Z,2921.99,2928.36,2896.78,2900.51,42019.62
2026-01-26T21:00:00Z,2900.51,2942.45,2893.75,2927.38,75048.91
2026-01-26T22:00:00Z,2927.38,2936.86,2918.34,2925.62,41771.64
2026-01-26T23:00:00Z,2925.62,2943.96,2916.15,2928.61,24880.7
2026-01-27T00:00:00Z,2928.61,2929.7,2916,2919.36,10918.77
2026-01-27T01:00:00Z,2919.36,2938.84,2910.38,2931.19,28170.49
2026-01-27T02:00:00Z,2931.19,2946.66,2931.18,2943.78,22180.65
2026-01-27T03:00:00Z,2943.78,2947.73,2935,2939.59,16850.28
2026-01-27T04:00:00Z,2939.59,2955.7,2935.1,2939.36,25933.42
2026-01-27T05:00:00Z,2939.36,2941,2932.13,2938,9539.92
2026-01-27T06:00:00Z,2938,2941.32,2923.14,2927.98,14396.77
2026-01-27T07:00:00Z,2927.98,2936.25,2925.56,2927.77,13219.21
2026-01-27T08:00:00Z,2927.77,2931.34,2918.08,2922,14300.57
2026-01-27T09:00:00Z,2922,2922.01,2905.64,2906.38,22697.65
2026-01-27T10:00:00Z,2906.38,2914.09,2900.32,2901.98,16306.9
2026-01-27T11:00:00Z,2901.98,2921.09,2898.28,2915.7,27339.36
2026-01-27T12:00:00Z,2915.7,2927.01,2914.13,2916.88,23309.23
2026-01-27T13:00:00Z,2916.88,2917.99,2904.3,2911.1,16125.73
2026-01-27T14:00:00Z,2911.1,2942.54,2905.11,2917.35,90178.1
2026-01-27T15:00:00Z,2917.35,2940.85,2911.23,2936.01,51746.97
2026-01-27T16:00:00Z,2936.01,2997.14,2933.1,2989.24,134968.77
2026-01-27T17:00:00Z,2989.24,2992.82,2916.43,2928.94,131517.91
2026-01-27T18:00:00Z,2928.94,2988.75,2925,2976.66,86762.88
2026-01-27T19:00:00Z,2976.66,2990.9,2964.01,2978.83,42302.13
2026-01-27T20:00:00Z,2978.83,3026.77,2977.04,3019.21,102917.33
2026-01-27T21:00:00Z,3019.21,3029,3003.6,3013.72,45715.65
2026-01-27T22:00:00Z,3013.72,3021.99,3002.45,3017.65,22134.8
2026-01-27T23:00:00Z,3017.65,3033.75,3008.83,3024.53,39438.5
2026-01-28T00:00:00Z,3024.53,3028.22,3013.79,3022.34,18079.79
2026-01-28T01:00:00Z,3022.34,3025.5,3005,3016.51,17437.76
2026-01-28T02:00:00Z,3016.51,3016.8,3004,3009.46,13994.78
2026-01-28T03:00:00Z,3009.46,3011,2995.08,3003.8,23246.06
2026-01-28T04:00:00Z,3003.8,3005.55,2990.62,2998.19,19062.88
2026-01-28T05:00:00Z,2998.19,3007.5,2995,3002.94,17974.07
2026-01-28T06:00:00Z,3002.94,3017.47,3001.74,3012.73,34772.29
2026-01-28T07:00:00Z,3012.73,3013.82,3000.28,3003.76,15004.72
2026-01-28T08:00:00Z,3003.76,3005.51,2986.67,2988.97,28614.5
2026-01-28T09:00:00Z,2988.97,3016.44,2984.65,3016.14,33392.37
2026-01-28T10:00:00Z,3016.14,3038.51,3011.71,3023.99,64898.22
2026-01-28T11:00:00Z,3023.99,3044.25,3013,3038.08,53601.62
2026-01-28T12:00:00Z,3038.08,3039.02,3022.12,3029.78,45530.6
2026-01-28T13:00:00Z,3029.78,3044.2,3027.81,3033,26424.26
2026-01-28T14:00:00Z,3033,3033,3004.94,3011.26,48112.61
2026-01-28T15:00:00Z,3011.26,3019.76,2981.36,3006,80156.7
2026-01-28T16:00:00Z,3006,3016.78,2994.25,2998.1,34337.45
2026-01-28T17:00:00Z,2998.1,3030.95,2987.11,3013.38,56841.46
2026-01-28T18:00:00Z,3013.38,3023.26,2998.51,3014.07,51838.38
2026-01-28T19:00:00Z,3014.07,3023.17,2995.32,3014.76,75234.85
2026-01-28T20:00:00Z,3014.76,3036.92,3006.78,3010.46,52162.54
2026-01-28T21:00:00Z,3010.46,3022.12,2995,3020.04,32234.26
2026-01-28T22:00:00Z,3020.04,3025.98,3007.04,3017.08,22284.32
2026-01-28T23:00:00Z,3017.08,3021.75,3006.52,3009.12,10369.47
2026-01-29T00:00:00Z,3009.12,3012.14,2995,3007.86,16709.05
2026-01-29T01:00:00Z,3007.86,3010,2985.24,2991.28,21122.52
2026-01-29T02:00:00Z,2991.28,2997.82,2943,2958.24,77391
2026-01-29T03:00:00Z,2958.24,2971.5,2946,2951.66,42532.76
2026-01-29T04:00:00Z,2951.66,2959.49,2936.3,2958.22,43089.77
2026-01-29T05:00:00Z,2958.22,2964.53,2946.57,2950.49,22449.3
2026-01-29T06:00:00Z,2950.49,2958.35,2948.79,2954.85,15793.74
2026-01-29T07:00:00Z,2954.85,2963.57,2954.05,2960.17,12938.85
2026-01-29T08:00:00Z,2960.17,2969.28,2942,2951.24,57823.09
2026-01-29T09:00:00Z,2951.24,2954.05,2940.8,2940.94,13269.83
2026-01-29T10:00:00Z,2940.94,2948.92,2939.97,2944.33,35846.96
2026-01-29T11:00:00Z,2944.33,2944.7,2922.56,2928.52,69869.76
2026-01-29T12:00:00Z,2928.52,2938.25,2924.41,2935.36,18512.88
2026-01-29T13:00:00Z,2935.36,2938.46,2930.23,2935.19,12636.4
2026-01-29T14:00:00Z,2935.19,2936.01,2874.39,2875.56,158201.09
2026-01-29T15:00:00Z,2875.56,2876.74,2795.24,2822.94,390600.25
2026-01-29T16:00:00Z,2822.94,2835.92,2800.43,2834.23,120895.3
2026-01-29T17:00:00Z,2834.23,2859.54,2817.34,2823.35,124877.26
2026-01-29T18:00:00Z,2823.35,2833.46,2752.4,2762.65,277455.6
2026-01-29T19:00:00Z,2762.65,2810.23,2756.31,2796.11,120358.96
2026-01-29T20:00:00Z,2796.11,2811.61,2787.59,2804.16,50502.23
2026-01-29T21:00:00Z,2804.16,2824.31,2804.04,2818.76,30471.76
2026-01-29T22:00:00Z,2818.76,2824.31,2808.9,2818.8,12584.59
2026-01-29T23:00:00Z,2818.8,2826.91,2811.04,2820.81,12196.61
2026-01-30T00:00:00Z,2820.81,2827.46,2800.97,2803.58,26417.65
2026-01-30T01:00:00Z,2803.58,2812,2682.47,2745.91,307190.38
2026-01-30T02:00:00Z,2745.91,2749.95,2697.34,2735.37,151289.02
2026-01-30T03:00:00Z,2735.37,2746.75,2732.33,2739.54,26795.25
2026-01-30T04:00:00Z,2739.54,2773.72,2736.73,2751.78,56916.9
2026-01-30T05:00:00Z,2751.78,2759.37,2745.12,2745.72,21996.75
2026-01-30T06:00:00Z,2745.72,2747.36,2695,2717.25,79290.87
2026-01-30T07:00:00Z,2717.25,2750,2717,2738.37,61157.45
2026-01-30T08:00:00Z,2738.37,2747.24,2721.18,2736.31,33312.32
2026-01-30T09:00:00Z,2736.31,2742.88,2708.71,2720.77,56749.68
2026-01-30T10:00:00Z,2720.77,2735.99,2709.67,2735.17,37147.38
2026-01-30T11:00:00Z,2735.17,2767.82,2733.17,2758.37,55021.55
2026-01-30T12:00:00Z,2758.37,2765.3,2736.23,2739.15,42554.02
2026-01-30T13:00:00Z,2739.15,2750.24,2717.27,2728.88,70200.4
2026-01-30T14:00:00Z,2728.88,2763.4,2722.3,2736,96590.58
2026-01-30T15:00:00Z,2736,2751.69,2691.57,2727.88,141936.36
2026-01-30T16:00:00Z,2727.88,2742.91,2704.25,2725.4,115562.73
2026-01-30T17:00:00Z,2725.4,2739.59,2704.98,2711.27,91147.24
2026-01-30T18:00:00Z,2711.27,2749.03,2634.23,2738.71,243676.66
2026-01-30T19:00:00Z,2738.71,2759.99,2733,2741.19,86404.54
2026-01-30T20:00:00Z,2741.19,2741.44,2663.4,2679.05,167343.67
2026-01-30T21:00:00Z,2679.05,2714.18,2675.86,2703.4,95089.39
2026-01-30T22:00:00Z,2703.4,2708.68,2691.2,2708.67,28155.5
2026-01-30T23:00:00Z,2708.67,2710.34,2692.6,2705.71,34732.66
2026-01-31T00:00:00Z,2705.71,2713.52,2701.44,2704.99,15314.94
2026-01-31T01:00:00Z,2704.99,2713.33,2697.24,2698.44,12792.85
2026-01-31T02:00:00Z,2698.44,2707.37,2682.72,2700.49,26208.33
2026-01-31T03:00:00Z,2700.49,2705.37,2693.23,2694.57,11018.89
2026-01-31T04:00:00Z,2694.57,2703.67,2692,2694.43,15431.36
2026-01-31T05:00:00Z,2694.43,2702,2688.62,2696.67,25452.58
2026-01-31T06:00:00Z,2696.67,2699.67,2682.41,2691.58,43230.42
2026-01-31T07:00:00Z,2691.58,2692.78,2666.54,2679,44026.95
2026-01-31T08:00:00Z,2679,2682.92,2607.9,2642.29,254425.17
2026-01-31T09:00:00Z,2642.29,2658.54,2632.01,2646.99,62853.93
2026-01-31T10:00:00Z,2646.99,2654.3,2634.71,2650.4,26318.03
2026-01-31T11:00:00Z,2650.4,2650.41,2633.03,2639.15,28810.49
2026-01-31T12:00:00Z,2639.15,2643.1,2627.07,2632.21,94981.13
2026-01-31T13:00:00Z,2632.21,2635.88,2616.56,2627.81,68750.92
2026-01-31T14:00:00Z,2627.81,2634.95,2508.19,2537.1,445825.66
2026-01-31T15:00:00Z,2537.1,2553.6,2524.12,2532.54,99269.93
2026-01-31T16:00:00Z,2532.54,2549.84,2466.88,2481.04,318764.2
2026-01-31T17:00:00Z,2481.04,2493.9,2358.45,2401.8,499618.79
2026-01-31T18:00:00Z,2401.8,2415.8,2238.5,2378.2,444836.76
2026-01-31T19:00:00Z,2378.2,2431.96,2370.11,2381.36,186235.86
2026-01-31T20:00:00Z,2381.36,2405.77,2352.65,2380.95,164255.96
2026-01-31T21:00:00Z,2380.95,2422.77,2371.26,2418.35,119090.36
2026-01-31T22:00:00Z,2418.35,2423.76,2404.31,2417.77,45307.46
2026-01-31T23:00:00Z,2417.77,2472.62,2415.06,2450.2,131173.88
2026-02-01T00:00:00Z,2450.2,2474.5,2444.26,2450.53,63583.16
2026-02-01T01:00:00Z,2450.53,2454.28,2427.79,2443.19,50455.72
2026-02-01T02:00:00Z,2443.19,2460.38,2438.67,2450.92,26882.21
2026-02-01T03:00:00Z,2450.92,2455,2435.74,2443.93,25474.17
2026-02-01T04:00:00Z,2443.93,2453.7,2440,2446.75,12507.14
2026-02-01T05:00:00Z,2446.75,2448.23,2422.72,2429.42,46151.48
2026-02-01T06:00:00Z,2429.42,2438.78,2405.77,2417.44,43026.25
2026-02-01T07:00:00Z,2417.44,2437.4,2392.07,2409.9,89949.62
2026-02-01T08:00:00Z,2409.9,2427.14,2395.08,2411.59,63280.22
2026-02-01T09:00:00Z,2411.59,2436.6,2405.4,2431.13,32530.84
2026-02-01T10:00:00Z,2431.13,2438.04,2375,2379.66,119206
2026-02-01T11:00:00Z,2379.66,2422.65,2379.66,2410.65,76519.91
2026-02-01T12:00:00Z,2410.65,2411.35,2382.72,2394.9,98549.73
2026-02-01T13:00:00Z,2394.9,2409.42,2368.44,2379.93,81457.54
2026-02-01T14:00:00Z,2379.93,2388.3,2325.76,2371.64,218405.9
2026-02-01T15:00:00Z,2371.64,2371.9,2285,2314.67,252006.26
2026-02-01T16:00:00Z,2314.67,2332.11,2282.3,2303.1,163918.45
2026-02-01T17:00:00Z,2303.1,2320.94,2295.69,2313.2,74846.94
2026-02-01T18:00:00Z,2313.2,2376.71,2312.4,2349.82,144846.95
2026-02-01T19:00:00Z,2349.82,2355.88,2305.25,2319.21,95415.36
2026-02-01T20:00:00Z,2319.21,2348.76,2297.21,2314.92,121054
2026-02-01T21:00:00Z,2314.92,2318.39,2278,2289.15,79384.51
2026-02-01T22:00:00Z,2289.15,2333.67,2285.61,2317.87,144947.29
2026-02-01T23:00:00Z,2317.87,2320.1,2218.71,2269.19,297799.69
2026-02-02T00:00:00Z,2269.19,2322.65,2240.92,2291.27,144149.87
2026-02-02T01:00:00Z,2291.27,2317,2247.96,2289.6,130979.71
2026-02-02T02:00:00Z,2289.6,2298.88,2257.54,2260.7,79423.66
2026-02-02T03:00:00Z,2260.7,2266.25,2163.04,2237.39,298748.94
2026-02-02T04:00:00Z,2237.39,2267.1,2205.28,2239.38,132212.14
2026-02-02T05:00:00Z,2239.38,2241.8,2183.17,2196.85,140752.23
2026-02-02T06:00:00Z,2196.85,2239.97,2156.43,2226.2,257196.34
2026-02-02T07:00:00Z,2226.2,2252.41,2216.23,2227.14,142545.43
2026-02-02T08:00:00Z,2227.14,2257.23,2227.14,2247.72,91632.97
2026-02-02T09:00:00Z,2247.72,2317.38,2236.43,2289.96,215296.94
2026-02-02T10:00:00Z,2289.96,2298.23,2272.11,2276.81,80692.14
2026-02-02T11:00:00Z,2276.81,2297.15,2272.38,2281.3,120773.18
2026-02-02T12:00:00Z,2281.3,2317.14,2280.89,2310.22,110581.92
2026-02-02T13:00:00Z,2310.22,2334.46,2300.38,2325.89,97330.63
2026-02-02T14:00:00Z,2325.89,2367.23,2297.04,2327.66,219366.91
2026-02-02T15:00:00Z,2327.66,2395.59,2318.27,2370.74,179264.67
2026-02-02T16:00:00Z,2370.74,2386.05,2347.77,2356.6,97961.16
2026-02-02T17:00:00Z,2356.6,2379.75,2343.59,2354.87,75747.01
2026-02-02T18:00:00Z,2354.87,2358.44,2331.28,2342.93,90018.46
2026-02-02T19:00:00Z,2342.93,2349.13,2325.66,2329.67,45120.74
2026-02-02T20:00:00Z,2329.67,2339.54,2311.55,2320.56,82504.42
2026-02-02T21:00:00Z,2320.56,2344.81,2317.73,2340.7,54379.25
2026-02-02T22:00:00Z,2340.7,2354.15,2334.13,2349.95,26354.43
2026-02-02T23:00:00Z,2349.95,2353.95,2338.15,2345.63,31823.27
2026-02-03T00:00:00Z,2345.63,2354.57,2323.65,2352.51,36247.14
2026-02-03T01:00:00Z,2352.51,2358.62,2336.05,2353.34,20882.39
2026-02-03T02:00:00Z,2353.34,2353.61,2295.38,2297.02,74741.99
2026-02-03T03:00:00Z,2297.02,2344,2281.72,2342.52,119034.57
2026-02-03T04:00:00Z,2342.52,2353.88,2332,2344.53,45360.98
2026-02-03T05:00:00Z,2344.53,2344.83,2313.59,2315.23,58797.66
2026-02-03T06:00:00Z,2315.23,2327.95,2297.29,2319.49,66030.7
2026-02-03T07:00:00Z,2319.49,2332.63,2311.63,2321.87,55077.97
2026-02-03T08:00:00Z,2321.87,2331.74,2308.21,2314.71,77614.4
2026-02-03T10:00:00Z,2290.99,2298.6,2274.51,2280.45,37999.55
2026-02-03T11:00:00Z,2280.45,2287.56,2269.21,2275.46,77377.81
2026-02-03T12:00:00Z,2275.46,2304.56,2271,2300.28,93548.88
2026-02-03T13:00:00Z,2300.28,2316.42,2294.74,2310.87,63061.46
2026-02-03T14:00:00Z,2310.87,2315.91,2253.47,2255.88,163581.96
2026-02-03T15:00:00Z,2255.88,2312.99,2250.52,2302.13,204305.57
2026-02-03T16:00:00Z,2302.13,2302.33,2234.07,2239.97,222565.43
2026-02-03T17:00:00Z,2239.97,2243.88,2192.77,2194.79,247290.1
2026-02-03T18:00:00Z,2194.79,2206.53,2106.48,2119.16,484796.17
2026-02-03T19:00:00Z,2119.16,2217.7,2110.62,2203.72,280181.94
2026-02-03T20:00:00Z,2203.72,2343.9,2186.65,2298.23,335658.1
2026-02-03T21:00:00Z,2298.23,2337.52,2278.18,2282.49,117332.99
2026-02-03T22:00:00Z,2282.49,2284.82,2227.7,2235.43,108858.9
2026-02-03T23:00:00Z,2235.43,2248.19,2210.76,2232.43,138831.68
2026-02-04T00:00:00Z,2232.43,2256.22,2222.74,2240.13,54281.74
2026-02-04T01:00:00Z,2240.13,2281,2240.13,2267.48,67178.51
2026-02-04T02:00:00Z,2267.48,2276.27,2241.25,2250.7,44018.55
2026-02-04T03:00:00Z,2250.7,2294.68,2247.65,2282.4,64510.89
2026-02-04T04:00:00Z,2282.4,2288.99,2268.95,2272.6,23531.9
2026-02-04T05:00:00Z,2272.6,2279.21,2253.69,2264.05,26301.83
2026-02-04T06:00:00Z,2264.05,2284,2256.98,2276.33,40951.72
2026-02-04T07:00:00Z,2276.33,2292.64,2261.34,2282.47,84489.79
2026-02-04T08:00:00Z,2282.47,2285.1,2265.51,2278.76,40758.72
2026-02-04T09:00:00Z,2278.76,2278.99,2249.89,2259.29,42861.98
2026-02-04T10:00:00Z,2259.29,2263.51,2249.24,2259.6,24180.04
2026-02-04T11:00:00Z,2259.6,2267.14,2225.33,2253.75,143112.31
2026-02-04T12:00:00Z,2253.75,2262.37,2230.75,2243.08,63665.4
2026-02-04T13:00:00Z,2243.08,2245.33,2195.51,2197.74,146530.09
2026-02-04T14:00:00Z,2197.74,2225.83,2167.26,2170.91,215662.98
2026-02-04T15:00:00Z,2170.91,2196.87,2134.62,2150.72,266838.35
2026-02-04T16:00:00Z,2150.72,2159.98,2104.29,2134.51,262041.51
2026-02-04T17:00:00Z,2134.51,2154.9,2092.09,2125.58,224933.22
2026-02-04T18:00:00Z,2125.58,2185.18,2075.46,2146.8,283106.25
2026-02-04T19:00:00Z,2146.8,2194.28,2132.56,2187.64,150574.89
2026-02-04T20:00:00Z,2187.64,2192.18,2160.83,2170.9,81943.84
2026-02-04T21:00:00Z,2170.9,2180.36,2106.79,2128.53,96059.37
2026-02-04T22:00:00Z,2128.53,2168.32,2086.34,2119.1,129813.63
2026-02-04T23:00:00Z,2119.1,2164.86,2114.28,2146.97,59602.05
2026-02-05T00:00:00Z,2146.97,2163,2135.17,2149.46,33776.03
2026-02-05T01:00:00Z,2149.46,2172.88,2121.68,2147.48,86292.26
2026-02-05T02:00:00Z,2147.48,2162.88,2111.5,2123.09,125596.19
2026-02-05T03:00:00Z,2123.09,2135.79,2097.4,2109.01,109538.1
2026-02-05T04:00:00Z,2109.01,2124.77,2076.14,2103.17,145280
2026-02-05T05:00:00Z,2103.17,2123.82,2076.59,2100.47,167045.15
2026-02-05T06:00:00Z,2100.47,2106.91,2065,2086.56,150244.49
2026-02-05T07:00:00Z,2086.56,2123.51,2084.5,2090.67,92280.1
2026-02-05T08:00:00Z,2090.67,2120.16,2090.3,2111.02,61066.03
2026-02-05T09:00:00Z,2111.02,2149.42,2110.01,2132.7,91613.16
2026-02-05T10:00:00Z,2132.7,2139.4,2085.02,2096.47,93927.11
2026-02-05T11:00:00Z,2096.47,2104.16,2060.26,2078.74,155792.23
2026-02-05T12:00:00Z,2078.74,2092.32,2040.96,2062.97,179362.41
2026-02-05T13:00:00Z,2062.97,2080,2047.43,2057.67,93193.15
2026-02-05T14:00:00Z,2057.67,2105.79,2040.87,2045.34,197901
2026-02-05T15:00:00Z,2045.34,2053.01,1925.64,1959.55,433674.98
2026-02-05T16:00:00Z,1959.55,2017.56,1942.69,1997.41,194356.03
2026-02-05T17:00:00Z,1997.41,2000.44,1941.34,1953.59,144131.9
2026-02-05T18:00:00Z,1953.59,1967.66,1911.61,1949.02,159658.95
2026-02-05T19:00:00Z,1949.02,1952.23,1916.33,1927.58,68002.11
2026-02-05T20:00:00Z,1927.58,1942,1823.31,1868.62,309336.53
2026-02-05T21:00:00Z,1868.62,1912.53,1838.33,1849.05,183884.97
2026-02-05T22:00:00Z,1849.05,1889.5,1815.16,1869.65,139282.11
2026-02-05T23:00:00Z,1869.65,1906.67,1818.59,1825.45,127122.01
2026-02-06T00:00:00Z,1825.45,1891.62,1737.6,1869.31,467037.73
2026-02-06T01:00:00Z,1869.31,1939.4,1868.58,1930.62,162840.73
2026-02-06T02:00:00Z,1930.62,1946.99,1889.22,1906.25,84057.77
2026-02-06T03:00:00Z,1906.25,1916.66,1878,1890.92,61887.36
2026-02-06T04:00:00Z,1890.92,1916.99,1884.87,1908,47038.64
2026-02-06T05:00:00Z,1908,1974.84,1905.44,1957.68,97643.67
2026-02-06T06:00:00Z,1957.68,1966.01,1906.41,1907.55,99592.6
2026-02-06T07:00:00Z,1907.55,1914.67,1886.45,1898.54,91056.19
2026-02-06T08:00:00Z,1898.54,1906.61,1865.25,1873.86,108451.34
2026-02-06T09:00:00Z,1873.86,1928.6,1870.37,1918.16,111729.98
2026-02-06T10:00:00Z,1918.16,1935.66,1908.62,1926.19,80897.43
2026-02-06T11:00:00Z,1926.19,1939.41,1919.08,1931.94,60282.4
2026-02-06T12:00:00Z,1931.94,1931.94,1913.63,1920,49954.7
2026-02-06T13:00:00Z,1920,1961.55,1918.35,1948.76,94988.97
2026-02-06T14:00:00Z,1948.76,2001.93,1932,1977.68,188728.52
2026-02-06T15:00:00Z,1977.68,1996.48,1959.35,1979.36,103744.93
2026-02-06T16:00:00Z,1979.36,2046.54,1969.18,2034.83,171419.2
2026-02-06T17:00:00Z,2034.83,2089.4,2026.35,2066.12,172429.06
2026-02-06T18:00:00Z,2066.12,2069.32,2028.97,2043.36,103899.6
2026-02-06T19:00:00Z,2043.36,2071.61,2032.24,2064.58,51273.72
2026-02-06T20:00:00Z,2064.58,2093,2042.15,2052.69,65299.11
2026-02-06T21:00:00Z,2052.69,2060.8,2039.7,2052.48,23527.41
2026-02-06T22:00:00Z,2052.48,2084.99,2044.7,2074.04,51375
2026-02-06T23:00:00Z,2074.04,2086.96,2048.35,2062.48,51199.66
2026-02-07T00:00:00Z,2062.48,2063.27,2035.01,2042.33,45536.31
2026-02-07T01:00:00Z,2042.33,2065.9,2031,2060.56,28019.87
2026-02-07T02:00:00Z,2060.56,2064.19,2047.02,2058.29,22394.01
2026-02-07T03:00:00Z,2058.29,2084.8,2056.92,2079.43,56047.36
2026-02-07T04:00:00Z,2079.43,2118,2076.9,2086.03,103375.06
2026-02-07T05:00:00Z,2086.03,2102.83,2076.6,2082.79,43812.17
2026-02-07T06:00:00Z,2082.79,2092.64,2046.22,2046.74,56515.92
2026-02-07T07:00:00Z,2046.74,2055.21,1993.39,2026.22,153407.53
2026-02-07T08:00:00Z,2026.22,2031.61,2014.11,2018.09,49359.91
2026-02-07T09:00:00Z,2018.09,2028.91,2004,2013.61,40425.4
2026-02-07T10:00:00Z,2013.61,2018.77,1998.4,2009.78,33960.11
2026-02-07T11:00:00Z,2009.78,2021.4,2005.6,2017.78,25329.12
2026-02-07T12:00:00Z,2017.78,2074.82,2015.8,2040.49,157047.95
2026-02-07T13:00:00Z,2040.49,2049.83,2027.29,2040.7,55971.8
2026-02-07T14:00:00Z,2040.7,2048.53,2008,2019.56,84143.31
2026-02-07T15:00:00Z,2019.56,2063.46,2013.36,2051.49,81467.82
2026-02-07T16:00:00Z,2051.49,2127.88,2005.4,2049.41,672442.25
2026-02-07T17:00:00Z,2049.41,2072.6,2030.94,2060.31,46020.87
2026-02-07T18:00:00Z,2060.31,2109.72,2057.77,2096.03,68236.64
2026-02-07T19:00:00Z,2096.03,2100.55,2082.48,2090.35,20470.66
2026-02-07T20:00:00Z,2090.35,2114,2083.62,2104.08,35299.78
2026-02-07T21:00:00Z,2104.08,2109.88,2096,2099.59,35348.92
2026-02-07T22:00:00Z,2099.59,2107.14,2086.41,2087.12,11782.62
2026-02-07T23:00:00Z,2087.12,2094.92,2071.5,2085.96,21235.54
2026-02-08T00:00:00Z,2085.96,2093.33,2075.41,2083.32,14668.74
2026-02-08T01:00:00Z,2083.32,2096.85,2081.03,2094.94,15687.25
2026-02-08T02:00:00Z,2094.94,2106.39,2081.08,2087.99,18515.95
2026-02-08T03:00:00Z,2087.99,2092.47,2075.27,2077.92,14568.8
2026-02-08T04:00:00Z,2077.92,2088.16,2065.01,2086.39,28915.48
2026-02-08T05:00:00Z,2086.39,2087.39,2077.43,2083.51,11701.09
2026-02-08T06:00:00Z,2083.51,2088,2076.17,2078.41,10968.95
2026-02-08T07:00:00Z,2078.41,2083.9,2067.45,2083.55,28163.56
2026-02-08T08:00:00Z,2083.55,2123.79,2076.77,2114.47,83661.96
2026-02-08T09:00:00Z,2114.47,2122.08,2094.1,2099.27,44707.55
2026-02-08T10:00:00Z,2099.27,2113.32,2082.13,2094.78,46506.87
2026-02-08T11:00:00Z,2094.78,2137.1,2093,2130.85,79563.6
2026-02-08T12:00:00Z,2130.85,2144.78,2124.26,2130.04,66825.15
2026-02-08T13:00:00Z,2130.04,2139.99,2116.88,2125.56,80451.55
2026-02-08T14:00:00Z,2125.56,2128.45,2114.64,2127.88,21773.82
2026-02-08T15:00:00Z,2127.88,2130.31,2096.27,2107.55,50733.11
2026-02-08T16:00:00Z,2107.55,2115,2071.44,2079.71,47131.41
2026-02-08T17:00:00Z,2079.71,2098.83,2078.96,2091.28,29603.48
2026-02-08T18:00:00Z,2091.28,2121.25,2089.53,2108,36920.78
2026-02-08T19:00:00Z,2108,2128.59,2106.24,2125.61,17137.63
2026-02-08T20:00:00Z,2125.61,2126.29,2098.7,2103.6,18763.42
2026-02-08T21:00:00Z,2103.6,2113.96,2088.19,2092.72,21908.15
2026-02-08T22:00:00Z,2092.72,2111.81,2092.56,2107.55,18663.04
2026-02-08T23:00:00Z,2107.55,2151.95,2070.01,2088.48,116830.42
2026-02-09T00:00:00Z,2088.48,2096.32,2075.02,2083.41,54917.06
2026-02-09T01:00:00Z,2083.41,2100.62,2053.6,2069.91,81956.38
2026-02-09T02:00:00Z,2069.91,2094.6,2064.65,2080.48,26832.3
2026-02-09T03:00:00Z,2080.48,2102.29,2080.2,2098.88,24726.13
2026-02-09T04:00:00Z,2098.88,2101.08,2085.28,2089.52,12737.54
2026-02-09T05:00:00Z,2089.52,2096.19,2082.75,2094.64,13710.15
2026-02-09T06:00:00Z,2094.64,2094.8,2071.13,2080.58,25909.22
2026-02-09T07:00:00Z,2080.58,2086.89,2063.47,2064.65,31785.38
2026-02-09T08:00:00Z,2064.65,2069.56,2033.47,2048.73,83134.27
2026-02-09T09:00:00Z,2048.73,2056,2033.35,2041.21,34332.71
2026-02-09T10:00:00Z,2041.21,2046.26,2012.24,2021.61,71158.14
2026-02-09T11:00:00Z,2021.61,2035.94,2019.11,2027.4,33393.27
2026-02-09T12:00:00Z,2027.4,2038.43,2026.22,2034.77,25679.76
2026-02-09T13:00:00Z,2034.77,2049.71,2020.96,2021.54,45504.09
2026-02-09T14:00:00Z,2021.54,2049.1,2007.38,2042.48,98419.14
2026-02-09T15:00:00Z,2042.48,2072.6,2031.07,2060.15,92730.17
2026-02-09T16:00:00Z,2060.15,2108.72,2046.05,2089.93,78182.48
2026-02-09T17:00:00Z,2089.93,2136.67,2076.7,2126.39,93083.73
2026-02-09T18:00:00Z,2126.39,2142.42,2107.96,2129.63,67401.45
2026-02-09T19:00:00Z,2129.63,2137.49,2117.92,2130.32,26787
2026-02-09T20:00:00Z,2130.32,2147,2116.78,2123.47,39898
2026-02-09T21:00:00Z,2123.47,2129.43,2087.52,2120.82,61274.16
2026-02-09T22:00:00Z,2120.82,2125,2110.06,2113.99,20209.63
2026-02-09T23:00:00Z,2113.99,2121.31,2100,2103.67,19570.94
2026-02-10T00:00:00Z,2103.67,2112,2095.15,2095.57,12169.62
2026-02-10T01:00:00Z,2095.57,2123.68,2094.58,2116.16,18888.7
2026-02-10T02:00:00Z,2116.16,2120.64,2101.1,2106.8,14135.25
2026-02-10T03:00:00Z,2106.8,2109.79,2051.73,2063.87,108935
2026-02-10T04:00:00Z,2063.87,2073.4,2061.61,2069.59,42746.52
2026-02-10T05:00:00Z,2069.59,2071.25,2043.92,2052.1,53686.39
2026-02-10T06:00:00Z,2052.1,2056.96,1996.79,2008.11,181407.31
2026-02-10T07:00:00Z,2008.11,2019,1998.9,2006.47,56219.7
2026-02-10T08:00:00Z,2006.47,2016.92,1994.09,2013.85,70391.11
2026-02-10T09:00:00Z,2013.85,2029,2009.14,2015.97,59975.95
2026-02-10T10:00:00Z,2015.97,2021.35,2007.97,2012.86,21266.15
2026-02-10T11:00:00Z,2012.86,2021.79,2000,2002.01,58787.31
2026-02-10T12:00:00Z,2002.01,2016.86,2001.06,2006.87,32972.74
2026-02-10T13:00:00Z,2006.87,2026.75,1996.5,2021.24,78268.3
2026-02-10T14:00:00Z,2021.24,2039.57,1987.71,2008.56,136611.48
2026-02-10T15:00:00Z,2008.56,2029,2002.44,2021.68,76176.22
2026-02-10T16:00:00Z,2021.68,2036.9,2011.15,2025.03,48188.11
2026-02-10T17:00:00Z,2025.03,2045.9,2018.46,2039.29,40167.08
2026-02-10T18:00:00Z,2039.29,2041.69,1995,2008.32,62402.02
2026-02-10T19:00:00Z,2008.32,2025,2002.48,2017.17,28273.11
2026-02-10T20:00:00Z,2017.17,2020.52,2003.62,2010.81,17432.6
2026-02-10T21:00:00Z,2010.81,2017.25,1996,2007.77,21377.97
2026-02-10T22:00:00Z,2007.77,2019.82,2006.09,2017.2,13534.86
2026-02-10T23:00:00Z,2017.2,2022,2011.5,2021.83,13761.31
2026-02-11T00:00:00Z,2021.83,2028.82,2018.17,2024.48,17048.33
2026-02-11T01:00:00Z,2024.48,2030.3,2015.53,2023.35,15490.9
2026-02-11T02:00:00Z,2023.35,2031.8,2013.29,2016.68,19109.9
2026-02-11T03:00:00Z,2016.68,2020.6,1997,2008.44,48351.73
2026-02-11T04:00:00Z,2008.44,2010.36,1962.41,1970.82,127109.54
2026-02-11T05:00:00Z,1970.82,1980.57,1970.61,1973.81,29932.79
2026-02-11T06:00:00Z,1973.81,1976.72,1938.23,1948.11,132544.84
2026-02-11T07:00:00Z,1948.11,1958.1,1944.5,1949.82,34638.31
2026-02-11T08:00:00Z,1949.82,1953.13,1935.61,1949.26,44474.63
2026-02-11T09:00:00Z,1949.26,1953.63,1942.16,1946.16,17337.32
2026-02-11T10:00:00Z,1946.16,1946.2,1931,1938.5,42670.71
2026-02-11T11:00:00Z,1938.5,1955.96,1935.69,1952.93,33180.48
2026-02-11T12:00:00Z,1952.93,1966.4,1947.28,1951.4,56748.98
2026-02-11T13:00:00Z,1951.4,1968.4,1941.54,1959.92,75217.99
2026-02-11T14:00:00Z,1959.92,2015.54,1936,1942.31,219032.21
2026-02-11T15:00:00Z,1942.31,1949.65,1901.46,1928.31,165724.22
2026-02-11T16:00:00Z,1928.31,1955.92,1909,1914.4,90147.45
2026-02-11T17:00:00Z,1914.4,1941.72,1907.46,1928.76,61479.02
2026-02-11T19:00:00Z,1942.82,1958.6,1936.97,1951.21,42526.85
2026-02-11T20:00:00Z,1951.21,1957.91,1939.02,1953.19,28138.38
2026-02-11T21:00:00Z,1953.19,1987.5,1949.26,1969.37,53571.92
2026-02-11T22:00:00Z,1969.37,1972.16,1947.01,1950.43,30655.93
2026-02-11T23:00:00Z,1950.43,1955.94,1930.93,1939.73,37821.13
2026-02-12T00:00:00Z,1939.73,1962.4,1939.73,1957.78,23250.96
2026-02-12T01:00:00Z,1957.78,1976.72,1957.66,1964.59,33121.88
2026-02-12T02:00:00Z,1964.59,1970.78,1954.3,1957.9,28109.1
2026-02-12T03:00:00Z,1957.9,1968.23,1955.82,1967.57,14532.35
2026-02-12T04:00:00Z,1967.57,1974.56,1959.18,1964.65,30983.21
2026-02-12T05:00:00Z,1964.65,1971.01,1952.12,1969.46,28719.89
2026-02-12T06:00:00Z,1969.46,1982.18,1964.5,1974.14,27637.25
2026-02-12T07:00:00Z,1974.14,1977.32,1965.26,1967.12,23560.66
2026-02-12T08:00:00Z,1967.12,1973.4,1956.1,1964.35,30764.19
2026-02-12T09:00:00Z,1964.35,1988.82,1962.48,1981.35,55931.04
2026-02-12T10:00:00Z,1981.35,1994.73,1976.39,1993.33,39138.76
2026-02-12T11:00:00Z,1993.33,2001,1982.76,1988.15,42229.86
2026-02-12T12:00:00Z,1988.15,1989.64,1973.7,1979.95,42610.56
2026-02-12T13:00:00Z,1979.95,1995.7,1974.56,1994.13,42704.45
2026-02-12T14:00:00Z,1994.13,1995.27,1971.77,1977.54,63037.77
2026-02-12T15:00:00Z,1977.54,1983.99,1943.68,1947.53,120181.22
2026-02-12T16:00:00Z,1947.53,1949.2,1895.31,1908.1,172130.63
2026-02-12T17:00:00Z,1908.1,1926.53,1901.28,1909.51,68909.2
2026-02-12T18:00:00Z,1909.51,1924.14,1900.6,1917.56,51333.97
2026-02-12T19:00:00Z,1917.56,1940.09,1910.62,1924.66,52361.25
2026-02-12T20:00:00Z,1924.66,1931.5,1908.29,1914.73,23161.03
2026-02-12T21:00:00Z,1914.73,1926.9,1913.49,1922.69,21988.45
2026-02-12T22:00:00Z,1922.69,1945.06,1919.68,1942.07,29149.47
2026-02-12T23:00:00Z,1942.07,1952.1,1938.19,1947.06,23956.44
2026-02-13T00:00:00Z,1947.06,1954.16,1926.4,1932.32,41688.42
2026-02-13T01:00:00Z,1932.32,1949.19,1932.32,1942.86,34480.85
2026-02-13T02:00:00Z,1942.86,1951.44,1940.17,1947.34,22368.29
2026-02-13T03:00:00Z,1947.34,1957.6,1943.5,1952.64,22426.32
2026-02-13T04:00:00Z,1952.64,1954.97,1942.5,1943.99,19284.46
2026-02-13T05:00:00Z,1943.99,1946.14,1932.27,1933.29,21455.83
2026-02-13T06:00:00Z,1933.29,1938.74,1923.64,1935.92,27436.08
2026-02-13T07:00:00Z,1935.92,1947.98,1931.74,1935.06,26739.28
2026-02-13T08:00:00Z,1935.06,1963.55,1933,1958.38,32344.16
2026-02-13T09:00:00Z,1958.38,1966.53,1952.33,1961.08,25600.74
2026-02-13T10:00:00Z,1961.08,1969.14,1955.48,1958.44,25432.21
2026-02-13T11:00:00Z,1958.44,1961.8,1943.21,1959.52,35015.74
2026-02-13T12:00:00Z,1959.52,1964.33,1951.57,1960.21,19099.23
2026-02-13T13:00:00Z,1960.21,1980.44,1955.17,1969.53,74660.13
2026-02-13T14:00:00Z,1969.53,2001.3,1962.11,1989.51,123710.76
2026-02-13T15:00:00Z,1989.51,2049.59,1986,2033.83,182056.4
2026-02-13T16:00:00Z,2033.83,2072,2030.08,2060.1,87421.58
2026-02-13T17:00:00Z,2060.1,2066.79,2048.13,2058.09,37531.89
2026-02-13T18:00:00Z,2058.09,2063.59,2049.34,2056.32,25524.57
2026-02-13T19:00:00Z,2056.32,2060.55,2050.7,2056.24,17007.47
2026-02-13T20:00:00Z,2056.24,2058.45,2037.51,2044.65,25058.55
2026-02-13T21:00:00Z,2044.65,2057.86,2043.78,2052.59,15731.31
2026-02-13T22:00:00Z,2052.59,2058.32,2044,2053,16902.19
2026-02-13T23:00:00Z,2053,2053,2045.3,2047.52,9478.22
2026-02-14T00:00:00Z,2047.52,2054.79,2041,2054.04,13025.31
2026-02-14T01:00:00Z,2054.04,2056.4,2049.02,2053.26,8595.92
2026-02-14T02:00:00Z,2053.26,2053.26,2047,2048.94,9098.5
2026-02-14T03:00:00Z,2048.94,2054.9,2047.5,2052.99,9208.05
2026-02-14T04:00:00Z,2052.99,2057.18,2051.5,2052.16,11330.95
2026-02-14T05:00:00Z,2052.16,2055,2049.6,2049.88,9506.76
2026-02-14T06:00:00Z,2049.88,2053.41,2047.06,2052.11,8405.04
2026-02-14T07:00:00Z,2052.11,2059.93,2049.18,2055.96,15121.1
2026-02-14T08:00:00Z,2055.96,2090.31,2055.82,2080.76,96687.26
2026-02-14T09:00:00Z,2080.76,2087.47,2074.2,2076.99,25438.71
2026-02-14T10:00:00Z,2076.99,2076.99,2071.2,2076.17,11593.93
2026-02-14T11:00:00Z,2076.17,2107.11,2076.12,2098.3,77508.81
2026-02-14T12:00:00Z,2098.3,2098.99,2067,2069.84,71406.87
2026-02-14T13:00:00Z,2069.84,2075.53,2063.64,2070.62,39578.23
2026-02-14T14:00:00Z,2070.62,2088,2068.29,2084.2,43852.63
2026-02-14T15:00:00Z,2084.2,2093.18,2079,2086.3,32433.27
2026-02-14T16:00:00Z,2086.3,2087.19,2066.49,2081.41,37760.35
2026-02-14T17:00:00Z,2081.41,2088.37,2076.33,2079.02,21723
2026-02-14T18:00:00Z,2079.02,2085.55,2077.9,2084.15,8535.84
2026-02-14T19:00:00Z,2084.15,2089.83,2077.11,2087.45,15729.43
2026-02-14T20:00:00Z,2087.45,2092,2080.05,2088.72,10850.29
2026-02-14T21:00:00Z,2088.72,2098.24,2077.38,2084.86,27869.91
2026-02-14T22:00:00Z,2084.86,2093.7,2082.31,2089.15,11536.81
2026-02-14T23:00:00Z,2089.15,2091.99,2082.59,2085.47,8711.97
2026-02-15T00:00:00Z,2085.47,2089.47,2071.33,2079.21,24596.6
2026-02-15T01:00:00Z,2079.21,2084.05,2051.9,2063.01,67006.01
2026-02-15T02:00:00Z,2063.01,2072.09,2044.13,2059.19,73537.95
2026-02-15T03:00:00Z,2059.19,2062.61,2035.56,2058.29,77773.13
2026-02-15T04:00:00Z,2058.29,2086.84,2058.29,2075.4,75410.23
2026-02-15T05:00:00Z,2075.4,2095.47,2074.22,2087.57,28645.06
2026-02-15T06:00:00Z,2087.57,2093.54,2081.03,2084.93,17635.08
2026-02-15T07:00:00Z,2084.93,2102.7,2082,2090.59,30257.11
2026-02-15T08:00:00Z,2090.59,2096.21,2054.42,2068.34,53969.98
2026-02-15T09:00:00Z,2068.34,2078.05,2065.2,2067.65,17833.76
2026-02-15T10:00:00Z,2067.65,2069.38,2053.01,2060.56,28019.26
2026-02-15T11:00:00Z,2060.56,2066,2057.28,2061.16,9657.07
2026-02-15T12:00:00Z,2061.16,2067.95,2010,2010,95690.75
2026-02-15T13:00:00Z,2010,2027.63,1992.65,2001.61,147702.82
2026-02-15T14:00:00Z,2001.61,2011.91,1992,2009.65,65955.49
2026-02-15T15:00:00Z,2009.65,2014.7,2001.06,2010.62,44000.12
2026-02-15T16:00:00Z,2010.62,2010.62,1993.03,2005.89,52668.13
2026-02-15T17:00:00Z,2005.89,2008.49,1956.6,1970.46,131369.29
2026-02-15T18:00:00Z,1970.46,1980.95,1952.46,1959.1,78674.16
2026-02-15T19:00:00Z,1959.1,1961.2,1926.8,1941.39,120609.4
2026-02-15T20:00:00Z,1941.39,1958.22,1933.69,1949.5,53357.85
2026-02-15T21:00:00Z,1949.5,1966.1,1949.43,1957.74,33830.82
2026-02-15T22:00:00Z,1957.74,1974.03,1955.8,1969.69,27718.54
2026-02-15T23:00:00Z,1969.69,1970.23,1943.04,1965.61,41253.15
2026-02-16T00:00:00Z,1965.61,1978.66,1962.43,1968.74,30918.18
2026-02-16T01:00:00Z,1968.74,1980.59,1955.95,1962.29,34028.94
2026-02-16T02:00:00Z,1962.29,1966.29,1951.61,1956.2,31134.82
2026-02-16T03:00:00Z,1956.2,1958.95,1947.5,1957.97,21195.04
2026-02-16T04:00:00Z,1957.97,1972.71,1957.74,1972.42,44022.18
2026-02-16T05:00:00Z,1972.42,1973.6,1952.09,1957.43,24286.04
2026-02-16T06:00:00Z,1957.43,1967,1955.01,1966.05,11845.1
2026-02-16T07:00:00Z,1966.05,1978.71,1963.46,1970.42,38107.52
2026-02-16T08:00:00Z,1970.42,1978.31,1969.09,1976.51,14333.66
2026-02-16T09:00:00Z,1976.51,1992.81,1975.41,1986.71,45279.23
2026-02-16T10:00:00Z,1986.71,1988.11,1976.67,1978.08,17497.98
2026-02-16T11:00:00Z,1978.08,1984.06,1956.09,1975.4,82024.37
2026-02-16T12:00:00Z,1975.4,2009,1971.48,2005.6,80132.48
2026-02-16T13:00:00Z,2005.6,2023.1,1960.11,1966.58,133450.85
2026-02-16T14:00:00Z,1966.58,1982.39,1953.2,1972,63186.35
2026-02-16T15:00:00Z,1972,1985.17,1936.28,1955.41,113252.37
2026-02-16T16:00:00Z,1955.41,1979.24,1955.22,1972.83,48968.04
2026-02-16T17:00:00Z,1972.83,1987.5,1963.3,1978,35122.05
2026-02-16T18:00:00Z,1978,1984.96,1966.43,1967.97,22820.77
2026-02-16T19:00:00Z,1967.97,1979,1964.9,1973.09,13669.45
2026-02-16T20:00:00Z,1973.09,1995,1970.09,1992.28,39540.13
2026-02-16T21:00:00Z,1992.28,2003.15,1985.27,1998.15,27822.92
2026-02-16T22:00:00Z,1998.15,2001.79,1983.48,1989,33683.15
2026-02-16T23:00:00Z,1989,2001.81,1987.84,1997.35,20767.09
2026-02-17T00:00:00Z,1997.35,2005,1992.22,1997.43,16087.34
2026-02-17T01:00:00Z,1997.43,2007,1989.4,1990.49,30249.44
2026-02-17T02:00:00Z,1990.49,2008,1978.31,1997.61,43516.99
2026-02-17T03:00:00Z,1997.61,1998.14,1983.44,1984.76,23221.76
2026-02-17T04:00:00Z,1984.76,1997.96,1981.2,1988.43,21531.9
2026-02-17T05:00:00Z,1988.43,1990.03,1963.4,1974.72,40247.06
2026-02-17T06:00:00Z,1974.72,1983.71,1974.38,1980.01,15628.09
2026-02-17T07:00:00Z,1980.01,1987.5,1972.23,1984.89,21481.95
2026-02-17T08:00:00Z,1984.89,1990.02,1972.72,1975.72,31395.44
2026-02-17T09:00:00Z,1975.72,1979,1968.57,1974.96,20135.96
2026-02-17T10:00:00Z,1974.96,1976.93,1960.26,1966.13,23319.92
2026-02-17T11:00:00Z,1966.13,1971.65,1962.78,1967.63,18270.32
2026-02-17T12:00:00Z,1967.63,1976.01,1966,1968.64,18757.95
2026-02-17T13:00:00Z,1968.64,1998.89,1963.32,1989.38,56193.87
2026-02-17T14:00:00Z,1989.38,2001.78,1942.92,1947.51,138355.25
2026-02-17T15:00:00Z,1947.51,1968.88,1940.13,1967.61,110264.11
2026-02-17T16:00:00Z,1967.61,2009.91,1966.62,1979.56,124583.92
2026-02-17T17:00:00Z,1979.56,1983.49,1952.46,1965.19,69675.74
2026-02-17T18:00:00Z,1965.19,2006.4,1960.61,1997.53,74111.75
2026-02-17T19:00:00Z,1997.53,2014.75,1994.12,1997.13,47190.57
2026-02-17T20:00:00Z,1997.13,2001.08,1986.15,1993.63,27284.16
2026-02-17T21:00:00Z,1993.63,2002,1991.25,1998.75,10497.66
2026-02-17T22:00:00Z,1998.75,2003.31,1991.75,1993,17432.78
2026-02-17T23:00:00Z,1993,1997.52,1988.6,1990.83,13307.85
2026-02-18T00:00:00Z,1990.83,1997,1980.07,1980.52,27413.22
2026-02-18T01:00:00Z,1980.52,1983.4,1967.32,1977.05,32420.25
2026-02-18T02:00:00Z,1977.05,1991.9,1976.33,1986.41,29251.03
2026-02-18T03:00:00Z,1986.41,1999.02,1985.44,1995.66,26295.8
2026-02-18T04:00:00Z,1995.66,2001.77,1992.26,1997.97,27700.29
2026-02-18T05:00:00Z,1997.97,2001.77,1995.03,1995.21,27083.65
2026-02-18T06:00:00Z,1995.21,2007.59,1994.44,2001.19,20058.81
2026-02-18T07:00:00Z,2001.19,2022.55,1995.3,2016.86,55123.42
2026-02-18T08:00:00Z,2016.86,2038.78,2016,2019.24,58281.12
2026-02-18T09:00:00Z,2019.24,2021.8,2014.21,2015.49,21596.45
2026-02-18T10:00:00Z,2015.49,2017.41,1994.08,1996.33,44827.15
2026-02-18T11:00:00Z,1996.33,1997,1975.45,1980.35,52275.07
2026-02-18T12:00:00Z,1980.35,1988.76,1970.64,1981.56,40327.37
2026-02-18T13:00:00Z,1981.56,1991.35,1959.97,1969.9,52785.02
2026-02-18T14:00:00Z,1969.9,1975.99,1953.27,1973.77,88742.47
2026-02-18T15:00:00Z,1973.77,2009.38,1972.64,1984.42,115379.61
2026-02-18T16:00:00Z,1984.42,1984.75,1964,1970.8,60520.18
2026-02-18T17:00:00Z,1970.8,1987.25,1969.8,1973.42,28335.27
2026-02-18T18:00:00Z,1973.42,1976.79,1948,1951.6,78406.07
2026-02-18T19:00:00Z,1951.6,1961.16,1922.11,1940.34,95386.64
2026-02-18T20:00:00Z,1940.34,1965,1934.64,1938.82,44786.19
2026-02-18T21:00:00Z,1938.82,1947.82,1934.69,1941.01,14494.48
2026-02-18T22:00:00Z,1941.01,1949.39,1938.8,1947.64,8408.49
2026-02-18T23:00:00Z,1947.64,1956.4,1943.5,1955.24,21977.36
2026-02-19T00:00:00Z,1955.24,1960.8,1949.5,1955.71,13628.28
2026-02-19T01:00:00Z,1955.71,1973.84,1955.52,1966.19,37697.21
2026-02-19T02:00:00Z,1966.19,1972.45,1961.61,1967.21,31044.22
2026-02-19T03:00:00Z,1967.21,1972.94,1962.34,1971.68,13256.07
2026-02-19T04:00:00Z,1971.68,1979.05,1968.27,1968.52,21301.71
2026-02-19T05:00:00Z,1968.52,1971.96,1963.34,1969.6,15163.49
2026-02-19T06:00:00Z,1969.6,1984.42,1969.4,1982.15,34112.36
2026-02-19T07:00:00Z,1982.15,1986.88,1978.13,1980.95,21377.86
2026-02-19T08:00:00Z,1980.95,1981.86,1965.54,1970,26791.88
2026-02-19T09:00:00Z,1970,1980.19,1960.9,1963.23,26684.75
2026-02-19T10:00:00Z,1963.23,1968.2,1957.01,1958.96,32034.8
2026-02-19T11:00:00Z,1958.96,1963.99,1947.38,1949.04,28821.07
2026-02-19T12:00:00Z,1949.04,1955.7,1944.14,1946.98,39685.45
2026-02-19T13:00:00Z,1946.98,1947.87,1911.41,1920.72,107897.73
2026-02-19T14:00:00Z,1920.72,1947.95,1911.41,1936.47,95168.77
2026-02-19T15:00:00Z,1936.47,1947.2,1912.41,1925.6,115847.34
2026-02-19T16:00:00Z,1925.6,1929.48,1906.71,1921.32,95840.65
2026-02-19T17:00:00Z,1921.32,1943.97,1909.61,1919.8,72997.46
2026-02-19T18:00:00Z,1919.8,1944.1,1915.5,1938.97,53294.02
2026-02-19T19:00:00Z,1938.97,1946.96,1926.81,1940.33,27664.48
2026-02-19T20:00:00Z,1940.33,1951,1933.7,1949.24,21039.05
2026-02-19T21:00:00Z,1949.24,1951,1944.65,1947.5,16552.33
2026-02-19T22:00:00Z,1947.5,1948,1935.75,1943.01,15343.78
2026-02-19T23:00:00Z,1943.01,1950.51,1941.3,1948.15,10538.27
2026-02-20T00:00:00Z,1948.15,1963.71,1946.07,1956.6,41790.72
2026-02-20T01:00:00Z,1956.6,1960.7,1948.8,1952.63,13317.03
2026-02-20T02:00:00Z,1952.63,1955.57,1946.89,1948.48,13373.41
2026-02-20T04:00:00Z,1953.89,1955.19,1930,1938.18,51243.2
2026-02-20T05:00:00Z,1938.18,1965,1935.15,1954.24,46818.06
2026-02-20T06:00:00Z,1954.24,1959.6,1948.26,1957.21,18156.24
2026-02-20T07:00:00Z,1957.21,1967.51,1955.79,1959.7,24034.79
2026-02-20T08:00:00Z,1959.7,1965.42,1955.52,1958.72,20123.32
2026-02-20T09:00:00Z,1958.72,1970.98,1958.71,1966.61,32091.91
2026-02-20T10:00:00Z,1966.61,1972.92,1954.97,1956.33,33808.24
2026-02-20T11:00:00Z,1956.33,1956.34,1939.27,1942.93,51370.02
2026-02-20T12:00:00Z,1942.93,1950.89,1941.09,1948.81,24877.68
2026-02-20T13:00:00Z,1948.81,1949,1921.81,1932.89,85579.99
2026-02-20T14:00:00Z,1932.89,1953.52,1932,1942.7,62725.04
2026-02-20T15:00:00Z,1942.7,1980,1934.08,1963.03,201604.59
2026-02-20T16:00:00Z,1963.03,1972.69,1952.19,1967.66,73844.08
2026-02-20T17:00:00Z,1967.66,1970.46,1938.07,1965.46,96963.73
2026-02-20T18:00:00Z,1965.46,1980.72,1958.71,1974.51,72018.81
2026-02-20T19:00:00Z,1974.51,1977.13,1960.59,1962.82,28575.57
2026-02-20T20:00:00Z,1962.82,1970.65,1960.57,1970.12,14116.61
2026-02-20T21:00:00Z,1970.12,1974.33,1966.01,1973.35,16309.23
2026-02-20T22:00:00Z,1973.35,1973.35,1963.5,1970.2,20608.33
2026-02-20T23:00:00Z,1970.2,1972.3,1962.08,1967.84,16819.74
2026-02-21T00:00:00Z,1967.84,1968.31,1960.36,1962.34,11903.04
2026-02-21T01:00:00Z,1962.34,1968.22,1962.01,1965.07,7996.15
2026-02-21T02:00:00Z,1965.07,1969.78,1963.68,1964.73,7761.97
2026-02-21T03:00:00Z,1964.73,1965.09,1955.01,1958.29,24584.81
2026-02-21T04:00:00Z,1958.29,1962.6,1955.52,1961.67,7612.14
2026-02-21T05:00:00Z,1961.67,1963.65,1960.26,1961.97,8690.61
2026-02-21T06:00:00Z,1961.97,1965.49,1959.51,1960.66,15118.22
2026-02-21T07:00:00Z,1960.66,1964.4,1959.09,1961.95,6728.7
2026-02-21T08:00:00Z,1961.95,1970.57,1961.22,1968.11,12214.91
2026-02-21T09:00:00Z,1968.11,1977.62,1966.33,1969.24,31396.46
2026-02-21T10:00:00Z,1969.24,1974.18,1969.11,1973.21,6789.02
2026-02-21T11:00:00Z,1973.21,1987.92,1972.99,1976.35,34638.54
2026-02-21T12:00:00Z,1976.35,1977.41,1968.11,1975.19,19719.2
2026-02-21T13:00:00Z,1975.19,1980.79,1971.59,1980.37,10130.51
2026-02-21T14:00:00Z,1980.37,1995.23,1977.55,1986.46,48400.55
2026-02-21T15:00:00Z,1986.46,1992,1982.78,1987.07,21428.67
2026-02-21T16:00:00Z,1987.07,1988.85,1975.02,1985.24,26767.02
2026-02-21T17:00:00Z,1985.24,1991.53,1983.24,1987.8,10437.36
2026-02-21T18:00:00Z,1987.8,1994.61,1986.6,1991,13051.88
2026-02-21T19:00:00Z,1991,1993.78,1986.67,1987.25,5930.82
2026-02-21T20:00:00Z,1987.25,1989.72,1972.01,1973.18,23424.63
2026-02-21T21:00:00Z,1973.18,1981.96,1968.38,1981.18,22028.58
2026-02-21T22:00:00Z,1981.18,1981.9,1971.06,1973.66,10583.04
2026-02-21T23:00:00Z,1973.66,1977,1970.28,1972.55,8360.18
2026-02-22T00:00:00Z,1972.55,1974.66,1966.62,1972.28,15313.32
2026-02-22T01:00:00Z,1972.28,1978.88,1971.79,1976.45,18629.46
2026-02-22T02:00:00Z,1976.45,1982.59,1971.25,1971.56,18046.84
2026-02-22T03:00:00Z,1971.56,1975.59,1966.08,1973.86,19306.78
2026-02-22T04:00:00Z,1973.86,1975.33,1970.06,1972.9,10061.26
2026-02-22T05:00:00Z,1972.9,1974.33,1970.24,1974.2,5044.1
2026-02-22T06:00:00Z,1974.2,1978.78,1973.3,1975.06,16058.08
2026-02-22T07:00:00Z,1975.06,1977.99,1973.39,1974.79,8795.36
2026-02-22T08:00:00Z,1974.79,1976.52,1969.03,1972.42,12483.37
2026-02-22T09:00:00Z,1972.42,1975.48,1970.9,1974.93,5663.71
2026-02-22T10:00:00Z,1974.93,1979.5,1973.89,1976.62,16040.63
2026-02-22T11:00:00Z,1976.62,1982,1976.62,1979.78,17495.67
2026-02-22T12:00:00Z,1979.78,1980.55,1960.01,1965.31,40700.24
2026-02-22T13:00:00Z,1965.31,1967.88,1943.42,1950.18,71194.35
2026-02-22T14:00:00Z,1950.18,1953.89,1942.2,1949.87,44574.02
2026-02-22T15:00:00Z,1949.87,1958.41,1945.06,1953.06,34975.26
2026-02-22T16:00:00Z,1953.06,1955,1947,1952.03,17556.99
2026-02-22T17:00:00Z,1952.03,1953.18,1933.37,1939.65,41780.75
2026-02-22T18:00:00Z,1939.65,1943.63,1937.76,1942.44,13893.05
2026-02-22T19:00:00Z,1942.44,1945.47,1939.76,1943.4,8074.82
2026-02-22T20:00:00Z,1943.4,1945.37,1938.87,1940.35,7881.88
2026-02-22T21:00:00Z,1940.35,1952,1940.32,1949.99,9705.23
2026-02-22T22:00:00Z,1949.99,1960.78,1946.01,1957.65,32578.13
2026-02-22T23:00:00Z,1957.65,1960.5,1947.56,1957.32,30370.61
2026-02-23T00:00:00Z,1957.32,1957.66,1927.28,1928.45,38258.89
2026-02-23T01:00:00Z,1928.45,1928.45,1845.13,1855.52,301153.35
2026-02-23T02:00:00Z,1855.52,1867.96,1850.05,1862.08,66260.05
2026-02-23T03:00:00Z,1862.08,1871.07,1855,1861.73,38006.05
2026-02-23T04:00:00Z,1861.73,1864.1,1852.55,1859.11,23713.07
2026-02-23T05:00:00Z,1859.11,1869.69,1859,1864.84,31844.24
2026-02-23T06:00:00Z,1864.84,1882.09,1863.08,1878.41,40701.6
2026-02-23T07:00:00Z,1878.41,1888.47,1876,1884.28,44848.16
2026-02-23T08:00:00Z,1884.28,1889.18,1876.01,1879.51,23257.38
2026-02-23T09:00:00Z,1879.51,1918,1879.51,1917.16,87563.81
2026-02-23T10:00:00Z,1917.16,1927.61,1911.37,1913.27,42707.99
2026-02-23T11:00:00Z,1913.27,1919.96,1909.81,1914.33,24222.76
2026-02-23T12:00:00Z,1914.33,1925.99,1905,1919.35,45067.16
2026-02-23T13:00:00Z,1919.35,1934.85,1918.02,1920.97,42665.46
2026-02-23T14:00:00Z,1920.97,1924.73,1894.21,1906.19,115285.77
2026-02-23T15:00:00Z,1906.19,1912.72,1891.99,1895,55405.17
2026-02-23T16:00:00Z,1895,1899.64,1880.21,1884.33,86482.36
2026-02-23T17:00:00Z,1884.33,1887.62,1836.29,1863.21,165306.85
2026-02-23T18:00:00Z,1863.21,1873.76,1853.55,1856.83,62523.01
2026-02-23T19:00:00Z,1856.83,1863.91,1845.9,1856.32,40359.83
2026-02-23T20:00:00Z,1856.32,1862.03,1845.99,1860.12,37246.52
2026-02-23T21:00:00Z,1860.12,1868.75,1857.79,1862.77,35681.52
2026-02-23T22:00:00Z,1862.77,1869.4,1858.85,1859.27,19868.72
2026-02-23T23:00:00Z,1859.27,1866.29,1850.04,1855.57,13463.77
2026-02-24T00:00:00Z,1855.57,1868.95,1854.5,1867.12,15956.14
2026-02-24T01:00:00Z,1867.12,1867.28,1810.26,1839.82,144513.64
2026-02-24T02:00:00Z,1839.82,1853.74,1836.33,1842.72,35797.3
2026-02-24T03:00:00Z,1842.72,1842.72,1822,1830.92,52227.31
2026-02-24T04:00:00Z,1830.92,1833.21,1812.85,1829.83,51349.72
2026-02-24T05:00:00Z,1829.83,1839.99,1813,1825.34,47318.46
2026-02-24T06:00:00Z,1825.34,1830.78,1817.1,1820.11,27085.03
2026-02-24T07:00:00Z,1820.11,1831.65,1814.25,1825.07,40328.97
2026-02-24T08:00:00Z,1825.07,1835.55,1817.5,1830.81,32161.51
2026-02-24T09:00:00Z,1830.81,1833.84,1814.03,1826.61,46367.37
2026-02-24T10:00:00Z,1826.61,1829.05,1819.63,1825.11,18706.52
2026-02-24T11:00:00Z,1825.11,1826.75,1817.52,1825.89,20737.35
2026-02-24T12:00:00Z,1825.89,1830,1820.15,1823.35,29161.74
2026-02-24T13:00:00Z,1823.35,1827.03,1798.08,1814.69,106867.86
2026-02-24T14:00:00Z,1814.69,1847.01,1802.78,1833.59,112612.69
2026-02-24T15:00:00Z,1833.59,1849,1827.18,1846.26,70207.48
2026-02-24T16:00:00Z,1846.26,1862.47,1837.03,1857.63,96878.81
2026-02-24T17:00:00Z,1857.63,1864.32,1848.37,1854.36,58477.3
2026-02-24T18:00:00Z,1854.36,1859.38,1844.16,1853.82,18657.39
2026-02-24T19:00:00Z,1853.82,1861.83,1845.69,1851.47,20826.04
2026-02-24T20:00:00Z,1851.47,1861.33,1848.24,1857.45,13754.39
2026-02-24T21:00:00Z,1857.45,1857.45,1844.05,1852.91,25030.48
2026-02-24T22:00:00Z,1852.91,1863.46,1851.64,1859.52,16210.77
2026-02-24T23:00:00Z,1859.52,1859.59,1850.52,1851.01,13845.48
2026-02-25T00:00:00Z,1851.01,1855.83,1845.36,1850.86,12464.82
2026-02-25T01:00:00Z,1850.86,1924.07,1849.58,1917.45,207181.66
2026-02-25T02:00:00Z,1917.45,1944.69,1917.02,1919.85,79867.57
2026-02-25T03:00:00Z,1919.85,1921.98,1903,1905.47,53159.06
2026-02-25T04:00:00Z,1905.47,1913.6,1893.6,1905.46,63426.78
2026-02-25T05:00:00Z,1905.46,1907.68,1876.9,1886.94,58887.63
2026-02-25T06:00:00Z,1886.94,1895.42,1883.81,1884.17,20824.95
2026-02-25T07:00:00Z,1884.17,1894.6,1881.25,1892.43,20080.27
2026-02-25T08:00:00Z,1892.43,1913.23,1889.17,1909.49,77038.31
2026-02-25T09:00:00Z,1909.49,1917,1906.73,1914.24,31788.26
2026-02-25T10:00:00Z,1914.24,1922.84,1909.43,1911.7,26591.38
2026-02-25T11:00:00Z,1911.7,1927.74,1906.43,1925.55,34772.33
2026-02-25T12:00:00Z,1925.55,1956.15,1921.05,1952.6,104730.42
2026-02-25T13:00:00Z,1952.6,1976,1951.21,1963.48,102969.9
2026-02-25T14:00:00Z,1963.48,2001.1,1961.2,1996.49,138211.41
2026-02-25T15:00:00Z,1996.49,2027.86,1985.42,2012.5,172401.27
2026-02-25T16:00:00Z,2012.5,2048.76,2012.16,2045.22,111630.35
2026-02-25T17:00:00Z,2045.22,2085.99,2043.12,2072.68,138187.91
2026-02-25T18:00:00Z,2072.68,2080.34,2055.71,2072.8,98274.16
2026-02-25T19:00:00Z,2072.8,2073.85,2058.56,2069.82,36762.58
2026-02-25T20:00:00Z,2069.82,2082,2057,2073.33,56321.95
2026-02-25T21:00:00Z,2073.33,2148,2065,2099.23,173625.47
2026-02-25T22:00:00Z,2099.23,2114.63,2072.03,2081.8,64761.42
2026-02-25T23:00:00Z,2081.8,2085.7,2032.74,2056.38,120913.51
2026-02-26T00:00:00Z,2056.38,2075.95,2046.59,2061.1,73248.96
2026-02-26T01:00:00Z,2061.1,2066,2048.19,2057.33,40710.13
2026-02-26T02:00:00Z,2057.33,2058.08,2037.76,2052,45574.76
2026-02-26T03:00:00Z,2052,2058.75,2046.05,2053.14,25524.17
2026-02-26T04:00:00Z,2053.14,2081.81,2050.59,2073.71,49873.9
2026-02-26T05:00:00Z,2073.71,2074.15,2055.3,2064.83,36593.94
2026-02-26T06:00:00Z,2064.83,2075.67,2058.36,2061.43,29564.53
2026-02-26T07:00:00Z,2061.43,2067.49,2050.56,2052.32,18335.69
2026-02-26T08:00:00Z,2052.32,2058.16,2043.4,2053.46,37158.32
2026-02-26T09:00:00Z,2053.46,2076.64,2051.6,2073.9,43326
2026-02-26T10:00:00Z,2073.9,2082,2061,2064.28,35967.65
2026-02-26T11:00:00Z,2064.28,2066.32,2052.32,2056.51,20158.77
2026-02-26T12:00:00Z,2056.51,2071,2054.39,2069.01,22884.29
2026-02-26T13:00:00Z,2069.01,2072.9,2060,2064.11,24999.57
2026-02-26T14:00:00Z,2064.11,2077,2033.56,2050.12,124032.9
2026-02-26T15:00:00Z,2050.12,2052.38,2010.2,2032.59,155048.02
2026-02-26T16:00:00Z,2032.59,2037.47,1977.6,1983.03,150800.52
2026-02-26T17:00:00Z,1983.03,1998.33,1981.24,1987.37,50923.72
2026-02-26T18:00:00Z,1987.37,2008.52,1974.18,2003.1,95179.05
2026-02-26T19:00:00Z,2003.1,2033.52,2002.41,2029.14,94635.66
2026-02-26T20:00:00Z,2029.14,2041.72,2020.51,2022.6,50302.76
2026-02-26T21:00:00Z,2022.6,2034,2016.88,2029.39,25691.6
2026-02-26T22:00:00Z,2029.39,2037.03,2026.32,2032.18,18608.21
2026-02-26T23:00:00Z,2032.18,2032.62,2023.39,2026.79,19701.91
2026-02-27T00:00:00Z,2026.79,2029.86,2006.9,2013.58,36947.73
2026-02-27T01:00:00Z,2013.58,2021.58,1999.37,2020.74,57023.75
2026-02-27T02:00:00Z,2020.74,2033.8,2018.1,2025.04,36965.15
2026-02-27T03:00:00Z,2025.04,2048.85,2018.45,2044.14,47498.33
2026-02-27T04:00:00Z,2044.14,2063,2038,2041.91,79095.57
2026-02-27T05:00:00Z,2041.91,2048.41,2037.61,2040.71,18272.78
2026-02-27T06:00:00Z,2040.71,2042,2027.2,2035,29770.12
2026-02-27T07:00:00Z,2035,2040.61,2021.17,2031.56,30941.77
2026-02-27T08:00:00Z,2031.56,2045.25,2027.28,2032.73,38928.35
2026-02-27T09:00:00Z,2032.73,2041.54,2007.48,2009.01,51274.4
2026-02-27T10:00:00Z,2009.01,2012.8,1977.77,1979.98,111993.63
2026-02-27T11:00:00Z,1979.98,1983.31,1951.75,1961.05,106324.65
2026-02-27T12:00:00Z,1961.05,1968.31,1947.79,1959.03,60716.17
2026-02-27T13:00:00Z,1959.03,1966.92,1938,1962.45,129668.63
2026-02-27T14:00:00Z,1962.45,1963.6,1939.14,1942.12,91790.57
2026-02-27T15:00:00Z,1942.12,1958.5,1939.68,1947.71,65264.25
2026-02-27T16:00:00Z,1947.71,1948.13,1923.54,1926.48,110982.31
2026-02-27T17:00:00Z,1926.48,1934.3,1906.5,1931.43,94003.12
2026-02-27T18:00:00Z,1931.43,1932.46,1914.7,1917.29,30957.02
2026-02-27T19:00:00Z,1917.29,1922.91,1911.27,1920.4,19621.98
2026-02-27T20:00:00Z,1920.4,1926,1919.38,1922.18,18319.88
2026-02-27T21:00:00Z,1922.18,1932.9,1916.07,1920.56,37058.51
2026-02-27T22:00:00Z,1920.56,1926.19,1886.04,1920.33,88627.23
2026-02-27T23:00:00Z,1920.33,1931.9,1919,1928.53,32723.63
2026-02-28T00:00:00Z,1928.53,1936.25,1923.23,1931.11,27519.81
2026-02-28T01:00:00Z,1931.11,1935.44,1918.34,1923.25,25668.94
2026-02-28T02:00:00Z,1923.25,1931.69,1921.44,1929.21,14395.08
2026-02-28T03:00:00Z,1929.21,1930.3,1920,1923.51,27335.77
2026-02-28T04:00:00Z,1923.51,1930.71,1913.37,1924.32,21428.84
2026-02-28T05:00:00Z,1924.32,1927.27,1913.3,1919.28,20863.2
2026-02-28T06:00:00Z,1919.28,1919.61,1833.79,1841.57,308139.23
2026-02-28T07:00:00Z,1841.57,1883.6,1834.24,1865.38,155869.67
2026-02-28T08:00:00Z,1865.38,1867.84,1847.05,1851.38,82979.5
2026-02-28T09:00:00Z,1851.38,1861.59,1843.41,1853.84,48426.35
2026-02-28T10:00:00Z,1853.84,1867.14,1848,1864,37864.48
2026-02-28T11:00:00Z,1864,1879.95,1860.28,1862.11,65577.53
2026-02-28T13:00:00Z,1867.52,1909.42,1863.98,1904.46,173120.57
2026-02-28T14:00:00Z,1904.46,1914.88,1881.69,1886.65,138792.87
2026-02-28T15:00:00Z,1886.65,1902.46,1872.09,1897.74,79689.14
2026-02-28T16:00:00Z,1897.74,1908.99,1890.5,1902.81,33925.01
2026-02-28T17:00:00Z,1902.81,1910.8,1884.57,1905.59,46953.81
2026-02-28T18:00:00Z,1905.59,1946.28,1900.08,1934.77,110812.56
2026-02-28T19:00:00Z,1934.77,1954.61,1918.85,1946.02,80835.59
2026-02-28T20:00:00Z,1946.02,1971.6,1937.51,1964.74,86383.01
2026-02-28T21:00:00Z,1964.74,1966.79,1944.28,1956.67,58527.81
2026-02-28T22:00:00Z,1956.67,1984.29,1954.43,1964.55,64664.08
2026-02-28T23:00:00Z,1964.55,1968.94,1955.4,1963.34,26156.85
2026-03-01T00:00:00Z,1963.34,1968.35,1953.42,1961.53,18095.5
2026-03-01T01:00:00Z,1961.53,2022.37,1942.27,2011.46,131659.82
2026-03-01T02:00:00Z,2011.46,2054,2007.69,2031.73,167154.59
2026-03-01T03:00:00Z,2031.73,2038.38,2015.4,2022,38433.92
2026-03-01T04:00:00Z,2022,2029.53,1998.19,2014.79,77629.55
2026-03-01T05:00:00Z,2014.79,2022.33,2008.54,2010.23,28805.11
2026-03-01T06:00:00Z,2010.23,2011.86,1988.36,1997.5,71290.67
2026-03-01T07:00:00Z,1997.5,2009.14,1992.06,2006.33,29575.48
2026-03-01T08:00:00Z,2006.33,2009.54,1980,1985.16,54340.25
2026-03-01T09:00:00Z,1985.16,1995,1973.75,1979.91,61254.23
2026-03-01T10:00:00Z,1979.91,1992.23,1971.26,1983.87,37988.89
2026-03-01T11:00:00Z,1983.87,1988.63,1981.02,1982.38,11800.16
2026-03-01T12:00:00Z,1982.38,1987.36,1975.2,1977.2,25127.34
2026-03-01T13:00:00Z,1977.2,2024.34,1967.86,2005.78,111271.95
2026-03-01T14:00:00Z,2005.78,2027.79,1992.26,1999.2,81213.01
2026-03-01T15:00:00Z,1999.2,2015.81,1990.51,1992.4,46491.69
2026-03-01T16:00:00Z,1992.4,2008.74,1959.33,1973,104715.14
2026-03-01T17:00:00Z,1973,1975,1952.06,1960.14,67157.92
2026-03-01T18:00:00Z,1960.14,1996.15,1959.65,1974.75,76789.33
2026-03-01T19:00:00Z,1974.75,1975.58,1945.86,1952.89,58833.17
2026-03-01T20:00:00Z,1952.89,1954.25,1906.48,1913.11,119228.35
2026-03-01T21:00:00Z,1913.11,1931.6,1911.6,1927.85,36535.93
2026-03-01T22:00:00Z,1927.85,1969.48,1913.04,1923.82,89833.9
2026-03-01T23:00:00Z,1923.82,1947.18,1917.63,1938.78,38850.47
2026-03-02T00:00:00Z,1938.78,1966.66,1936.44,1959.81,43342.64
2026-03-02T01:00:00Z,1959.81,1988.6,1958.64,1962.88,64786.64
2026-03-02T02:00:00Z,1962.88,1965.86,1938.19,1954.53,53511.1
2026-03-02T03:00:00Z,1954.53,1978.95,1947.19,1971.28,44229.59
2026-03-02T04:00:00Z,1971.28,1979.62,1967.29,1972.28,30032
2026-03-02T05:00:00Z,1972.28,1982.63,1960.82,1969.99,28969.55
2026-03-02T06:00:00Z,1969.99,1970.4,1935.99,1942.51,57013.45
2026-03-02T07:00:00Z,1942.51,1944,1924.23,1940.28,43268.91
2026-03-02T08:00:00Z,1940.28,1950.27,1918.03,1948.24,73039.22
2026-03-02T09:00:00Z,1948.24,1966.85,1945.8,1946.63,70292.27
2026-03-02T10:00:00Z,1946.63,1955.44,1942.45,1951.14,29671.33
2026-03-02T11:00:00Z,1951.14,1954.1,1934.43,1946.79,46155.01
2026-03-02T12:00:00Z,1946.79,1948.13,1929.39,1936.8,27645.27
2026-03-02T13:00:00Z,1936.8,1943.91,1921.37,1926.69,53401.09
2026-03-02T14:00:00Z,1926.69,1984.71,1920,1978.79,159067.66
2026-03-02T15:00:00Z,1978.79,2064.82,1973.13,2046.39,284248.86
2026-03-02T16:00:00Z,2046.39,2089,2042.04,2063.26,146396.42
2026-03-02T17:00:00Z,2063.26,2065.29,2024.49,2040,88836.43
2026-03-02T18:00:00Z,2040,2040.16,2023.05,2028.22,43078.36
2026-03-02T19:00:00Z,2028.22,2048.79,2016.51,2042.69,54031.79
2026-03-02T20:00:00Z,2042.69,2057.28,2023.62,2034.4,56822.28
2026-03-02T21:00:00Z,2034.4,2046.94,2028,2041.78,24091.72
2026-03-02T22:00:00Z,2041.78,2057.73,2040.22,2052.94,27230.5
2026-03-02T23:00:00Z,2052.94,2054.6,2023.41,2026.49,33376.76
2026-03-03T00:00:00Z,2026.49,2038.11,2017.06,2034.44,38760.93
2026-03-03T01:00:00Z,2034.44,2041.2,2018.18,2018.95,32035.36
2026-03-03T02:00:00Z,2018.95,2021.72,1996.16,2012.72,66705.32
2026-03-03T03:00:00Z,2012.72,2014.6,2004.43,2007.85,26520.06
2026-03-03T04:00:00Z,2007.85,2012.79,1997.46,1998.82,20499.5
2026-03-03T05:00:00Z,1998.82,2018.64,1986.58,1992.66,55478.78
2026-03-03T06:00:00Z,1992.66,2001.45,1987.07,1998.44,30181.41
2026-03-03T07:00:00Z,1998.44,2002.94,1992.5,1995.79,21757.97
2026-03-03T08:00:00Z,1995.79,1999.88,1946.52,1952.21,125855.81
2026-03-03T09:00:00Z,1952.21,1967.96,1937.75,1950.65,109393.28
2026-03-03T10:00:00Z,1950.65,1963.2,1944.05,1957.2,38863.48
2026-03-03T11:00:00Z,1957.2,1966.2,1950.91,1960.36,31249.53
2026-03-03T12:00:00Z,1960.36,1989.46,1959.99,1966.59,74712
2026-03-03T13:00:00Z,1966.59,1967.8,1942.53,1951.26,61704.98
2026-03-03T14:00:00Z,1951.26,1976.73,1928,1942.02,151710.72
2026-03-03T15:00:00Z,1942.02,1972,1930.49,1968.31,97173.17
2026-03-03T16:00:00Z,1968.31,2013,1957.56,1983.07,176307.18
2026-03-03T17:00:00Z,1983.07,1984.64,1958.04,1979.67,63733.39
2026-03-03T18:00:00Z,1979.67,1999.37,1968.2,1987.27,45449.89
2026-03-03T19:00:00Z,1987.27,1993.78,1975.49,1985.1,35129.78
2026-03-03T20:00:00Z,1985.1,1989.16,1968.75,1977.49,23527.08
2026-03-03T21:00:00Z,1977.49,1977.49,1958.04,1967.38,30624.74
2026-03-03T22:00:00Z,1967.38,1986.9,1967.12,1982.33,20420.94
2026-03-03T23:00:00Z,1982.33,2000.86,1979.95,1981.75,32888.45
2026-03-04T00:00:00Z,1981.75,1985.81,1960.69,1975.78,38393.71
2026-03-04T01:00:00Z,1975.78,1997.78,1968.8,1980.52,35925.92
2026-03-04T02:00:00Z,1980.52,1981.9,1967.64,1978.14,22400.53
2026-03-04T03:00:00Z,1978.14,1979.55,1943.68,1959.75,109417.43
2026-03-04T04:00:00Z,1959.75,1963.79,1949.33,1959.26,24401.23
2026-03-04T05:00:00Z,1959.26,1976.7,1954.6,1970.41,26939.67
2026-03-04T06:00:00Z,1970.41,1985.75,1962.42,1979.33,27199.61
2026-03-04T07:00:00Z,1979.33,2009.48,1973.73,2005.69,57723.3
2026-03-04T08:00:00Z,2005.69,2066.13,1999.09,2062.99,157144.46
2026-03-04T09:00:00Z,2062.99,2088.8,2053.97,2074.49,156202.12
2026-03-04T10:00:00Z,2074.49,2091.95,2066.19,2071.52,90467.1
2026-03-04T11:00:00Z,2071.52,2077.49,2045.6,2053.78,69107.46
2026-03-04T12:00:00Z,2053.78,2058.93,2035.5,2053.41,65065.45
2026-03-04T13:00:00Z,2053.41,2067.69,2052.01,2063.33,50818.62
2026-03-04T14:00:00Z,2063.33,2109.9,2061.68,2078.88,185625.85
2026-03-04T15:00:00Z,2078.88,2156.94,2077.88,2149.2,274002.43
2026-03-04T16:00:00Z,2149.2,2165.37,2128.01,2141,113282.29
2026-03-04T17:00:00Z,2141,2156.05,2130,2144.6,70166.86
2026-03-04T18:00:00Z,2144.6,2163.57,2136.71,2161.99,48723.97
2026-03-04T19:00:00Z,2161.99,2198.98,2159.75,2176.2,148288.02
2026-03-04T20:00:00Z,2176.2,2178.76,2148,2148.94,51889.55
2026-03-04T21:00:00Z,2148.94,2154.68,2141,2148.64,35138.93
2026-03-04T22:00:00Z,2148.64,2162.99,2126,2130.89,64319.45
2026-03-04T23:00:00Z,2130.89,2135.81,2115.49,2126.02,53618
2026-03-05T00:00:00Z,2126.02,2134.53,2120.26,2127.05,35681.94
2026-03-05T01:00:00Z,2127.05,2141,2106.25,2112.58,47795.35
2026-03-05T02:00:00Z,2112.58,2133.36,2111.64,2120.71,28414.34
2026-03-05T03:00:00Z,2120.71,2125.33,2106.13,2119.04,31129.02
2026-03-05T04:00:00Z,2119.04,2143.94,2117.5,2136.08,56552.46
2026-03-05T05:00:00Z,2136.08,2138.13,2112.55,2118.69,34555.19
2026-03-05T06:00:00Z,2118.69,2130,2109.03,2127.15,31987.74
2026-03-05T07:00:00Z,2127.15,2131.82,2094.68,2104.12,60428.05
2026-03-05T08:00:00Z,2104.12,2117.99,2092.22,2116.79,53370.93
2026-03-05T09:00:00Z,2116.79,2137.41,2115.63,2124.4,64652.92
2026-03-05T10:00:00Z,2124.4,2163.35,2119,2155.22,83783.4
2026-03-05T11:00:00Z,2155.22,2158.51,2132.88,2137.09,46122.39
2026-03-05T12:00:00Z,2137.09,2142.29,2122.38,2137.39,44149.02
2026-03-05T13:00:00Z,2137.39,2139,2107.85,2116.51,70599.52
2026-03-05T14:00:00Z,2116.51,2130.9,2095.52,2118.24,98399.98
2026-03-05T15:00:00Z,2118.24,2121.06,2066.47,2086.31,149435
2026-03-05T16:00:00Z,2086.31,2086.77,2055.54,2079.44,99872.17
2026-03-05T17:00:00Z,2079.44,2093.22,2053.66,2058.93,73384.87
2026-03-05T18:00:00Z,2058.93,2077.76,2056.46,2076.03,22795.77
2026-03-05T19:00:00Z,2076.03,2092.38,2071.4,2073.88,34302.32
2026-03-05T20:00:00Z,2073.88,2097.9,2069.19,2091.6,30890.35
2026-03-05T21:00:00Z,2091.6,2099,2074.75,2079.82,31950.87
2026-03-05T22:00:00Z,2079.82,2084.61,2076.66,2079.44,8980.57
2026-03-05T23:00:00Z,2079.44,2083.94,2068.08,2072.15,11341.37
2026-03-06T00:00:00Z,2072.15,2079.8,2066.5,2074.31,14221.13
2026-03-06T01:00:00Z,2074.31,2090.92,2061.07,2087.23,35281.21
2026-03-06T02:00:00Z,2087.23,2092.65,2079.59,2083.05,21219.78
2026-03-06T03:00:00Z,2083.05,2088.42,2074.4,2083.12,17723.21
2026-03-06T04:00:00Z,2083.12,2085.36,2058.52,2070.14,33174.04
2026-03-06T05:00:00Z,2070.14,2073.75,2058.63,2068,29185.69
2026-03-06T06:00:00Z,2068,2079.98,2062.62,2073.5,20613.71
2026-03-06T07:00:00Z,2073.5,2087.41,2067.87,2082,22621.98
2026-03-06T08:00:00Z,2082,2082.14,2073.55,2075.13,19455.85
2026-03-06T09:00:00Z,2075.13,2076.55,2044.68,2059.22,60258.65
2026-03-06T10:00:00Z,2059.22,2069,2057.69,2062.43,23850.71
2026-03-06T11:00:00Z,2062.43,2066.72,2049,2050.2,28677.69
2026-03-06T12:00:00Z,2050.2,2054.31,2037,2047.82,57537.16
2026-03-06T13:00:00Z,2047.82,2061.74,2018,2018.71,130469.75
2026-03-06T14:00:00Z,2018.71,2023.6,1970.72,1980.68,156654.58
2026-03-06T15:00:00Z,1980.68,1997.2,1965,1976.83,86969.09
2026-03-06T16:00:00Z,1976.83,1984.62,1965.53,1970.79,45835.84
2026-03-06T17:00:00Z,1970.79,1982.1,1955,1966.06,56816.89
2026-03-06T18:00:00Z,1966.06,1982.92,1965.65,1973.6,60270.31
2026-03-06T19:00:00Z,1973.6,1992.49,1973.6,1983.14,26676
2026-03-06T20:00:00Z,1983.14,1988.28,1968.67,1978.2,31874.53
2026-03-06T21:00:00Z,1978.2,1984.2,1970.66,1983.23,26652.18
2026-03-06T22:00:00Z,1983.23,1989.88,1980.59,1986.76,16066.57
2026-03-06T23:00:00Z,1986.76,1987.2,1975.91,1977.99,10265.92
2026-03-07T00:00:00Z,1977.99,1982.9,1976,1980.57,8255.94
2026-03-07T01:00:00Z,1980.57,1983.1,1975.56,1979.8,12804.9
2026-03-07T02:00:00Z,1979.8,1984,1971.58,1982.7,19254.96
2026-03-07T03:00:00Z,1982.7,1995.38,1979.01,1979.35,33850.65
2026-03-07T04:00:00Z,1979.35,1979.54,1962.56,1974.56,39729.49
2026-03-07T05:00:00Z,1974.56,1979.59,1971.85,1977.9,13466.03
2026-03-07T06:00:00Z,1977.9,1977.9,1967.97,1971.04,18099.01
2026-03-07T07:00:00Z,1971.04,1983.72,1966.16,1982.38,25253.4
2026-03-07T08:00:00Z,1982.38,1986.99,1974.31,1976.81,26117.1
2026-03-07T09:00:00Z,1976.81,1988.9,1974.1,1985.46,19392.45
2026-03-07T10:00:00Z,1985.46,1987.97,1982.09,1983.22,9779.08
2026-03-07T11:00:00Z,1983.22,1993.85,1980.97,1987.84,22287.87
2026-03-07T12:00:00Z,1987.84,1990,1978.49,1981.63,14366.75
2026-03-07T13:00:00Z,1981.63,1983.21,1976.68,1980.83,11596.01
2026-03-07T14:00:00Z,1980.83,1989.5,1968.69,1985.99,35004.23
2026-03-07T15:00:00Z,1985.99,1986.86,1975.19,1980.24,28307.44
2026-03-07T16:00:00Z,1980.24,1980.24,1973.62,1976.28,12065.1
2026-03-07T17:00:00Z,1976.28,1983.01,1975.22,1976.56,25344.65
2026-03-07T18:00:00Z,1976.56,1976.56,1964.85,1970.39,40302.16
2026-03-07T19:00:00Z,1970.39,1970.39,1946.36,1954.13,61209.83
2026-03-07T20:00:00Z,1954.13,1967.71,1953.78,1965.51,18989.41
2026-03-07T21:00:00Z,1965.51,1970.87,1962.6,1969.6,12870.57
2026-03-07T22:00:00Z,1969.6,1970.09,1957.26,1965.59,10075.61
2026-03-07T23:00:00Z,1965.59,1973.57,1964.42,1968.65,18082.82
2026-03-08T00:00:00Z,1968.65,1976.37,1965.19,1967.81,25333.53
2026-03-08T01:00:00Z,1967.81,1970.83,1962.48,1968,13521.84
2026-03-08T02:00:00Z,1968,1969.13,1934.44,1941.38,63585.67
2026-03-08T03:00:00Z,1941.38,1950.8,1940.2,1946.56,23051.39
2026-03-08T04:00:00Z,1946.56,1952.52,1928.5,1937.28,40252.89
2026-03-08T05:00:00Z,1937.28,1951.47,1937,1947.82,21368.45
2026-03-08T06:00:00Z,1947.82,1951.47,1941.83,1946.72,12893.99
2026-03-08T07:00:00Z,1946.72,1959.5,1946.18,1954.43,28275.63
2026-03-08T08:00:00Z,1954.43,1959.81,1948.04,1958.8,18259.35
2026-03-08T09:00:00Z,1958.8,1969.5,1955.6,1962.68,27239.83
2026-03-08T10:00:00Z,1962.68,1979.81,1962.48,1973.21,35406.27
2026-03-08T11:00:00Z,1973.21,1973.7,1943.24,1950.41,47020.19
2026-03-08T12:00:00Z,1950.41,1953.78,1924.34,1945.22,80095.55
2026-03-08T13:00:00Z,1945.22,1946.97,1923.33,1943.34,60228.67
2026-03-08T14:00:00Z,1943.34,1949.9,1936.09,1944.4,23493.35
2026-03-08T15:00:00Z,1944.4,1946.9,1936.2,1942,19474.87
2026-03-08T16:00:00Z,1942,1943.88,1933.01,1935.77,22620.91
2026-03-08T17:00:00Z,1935.77,1945.69,1931.9,1934.7,23535.47
2026-03-08T18:00:00Z,1934.7,1935.98,1926.26,1928.96,18254.31
2026-03-08T19:00:00Z,1928.96,1968.8,1926.66,1963.31,81392.74
2026-03-08T20:00:00Z,1963.31,1970.5,1952.07,1957.44,32256.73
2026-03-08T22:00:00Z,1952.53,1952.53,1908.68,1941.79,164471.76
2026-03-08T23:00:00Z,1941.79,1954,1934.03,1935.89,73274
2026-03-09T00:00:00Z,1935.89,1965.38,1928.26,1949.84,82691.77
2026-03-09T01:00:00Z,1949.84,1962.4,1941.43,1944.66,50781.54
2026-03-09T02:00:00Z,1944.66,1962.42,1937.09,1958.7,41336.94
2026-03-09T03:00:00Z,1958.7,2004.91,1958.01,1976.64,141336.06
2026-03-09T04:00:00Z,1976.64,1988.71,1972.23,1976.46,31959.53
2026-03-09T05:00:00Z,1976.46,2013.8,1975.2,2009.9,108863.3
2026-03-09T06:00:00Z,2009.9,2011.99,1982.39,1984.15,46134.12
2026-03-09T07:00:00Z,1984.15,1984.98,1962.1,1982.9,55183.55
2026-03-09T08:00:00Z,1982.9,1999,1977.29,1995.68,48865.78
2026-03-09T09:00:00Z,1995.68,2021.44,1985.36,2003.3,68510.71
2026-03-09T10:00:00Z,2003.3,2005.91,1991.43,1994.24,38399.16
2026-03-09T11:00:00Z,1994.24,1999,1979.5,1991.35,34500.19
2026-03-09T12:00:00Z,1991.35,2013.44,1991.35,2001.44,46630.78
2026-03-09T13:00:00Z,2001.44,2029.21,1999.85,2017.13,107601.93
2026-03-09T14:00:00Z,2017.13,2032.35,2006.36,2021.1,77298.12
2026-03-09T15:00:00Z,2021.1,2028.37,2012.11,2021.46,38857.78
2026-03-09T16:00:00Z,2021.46,2037.74,2017.37,2026.31,63305.34
2026-03-09T17:00:00Z,2026.31,2031.53,2003.78,2015.59,49395.27
2026-03-09T18:00:00Z,2015.59,2021.85,2005,2010.88,32899.6
2026-03-09T19:00:00Z,2010.88,2052.5,2008.75,2032.6,82824.78
2026-03-09T20:00:00Z,2032.6,2036.56,2016.99,2024.29,23586.99
2026-03-09T21:00:00Z,2024.29,2034.73,2020.8,2027.03,19752.42
2026-03-09T22:00:00Z,2027.03,2030.52,1998,2001.77,48057.09
2026-03-09T23:00:00Z,2001.77,2006.98,1988.04,1992.1,41309.38
2026-03-10T00:00:00Z,1992.1,2021.85,1990.01,2014.42,47948.87
2026-03-10T01:00:00Z,2014.42,2024.49,2005.56,2017.96,36795.4
2026-03-10T02:00:00Z,2017.96,2053.7,2012.95,2041.31,90462.34
2026-03-10T03:00:00Z,2041.31,2047.01,2021.22,2025.6,37090.45
2026-03-10T04:00:00Z,2025.6,2046.64,2025.2,2044.56,24500.49
2026-03-10T05:00:00Z,2044.56,2053.5,2038.59,2043.06,34442.43
2026-03-10T06:00:00Z,2043.06,2048.48,2035.07,2042.64,21091.51
2026-03-10T07:00:00Z,2042.64,2058.64,2039.45,2049.86,37742.3
2026-03-10T08:00:00Z,2049.86,2069.48,2049.86,2055.92,67132.05
2026-03-10T09:00:00Z,2055.92,2073.31,2054.31,2066.22,33247.19
2026-03-10T10:00:00Z,2066.22,2067.99,2054.47,2061.68,27091.82
2026-03-10T11:00:00Z,2061.68,2066.95,2048.66,2060.68,46696.61
2026-03-10T12:00:00Z,2060.68,2061.2,2046.03,2048.97,41451.96
2026-03-10T13:00:00Z,2048.97,2059.63,2023.14,2032.41,100690.4
2026-03-10T14:00:00Z,2032.41,2080,2007.46,2074.34,153200.38
2026-03-10T15:00:00Z,2074.34,2085,2057.52,2078.56,108775
2026-03-10T16:00:00Z,2078.56,2087.31,2068.09,2079.6,61024.3
2026-03-10T17:00:00Z,2079.6,2084.45,2057.01,2070.56,59094.6
2026-03-10T18:00:00Z,2070.56,2072.25,2034.4,2038.8,88976.75
2026-03-10T19:00:00Z,2038.8,2043.31,2025.6,2035.86,41914.54
2026-03-10T20:00:00Z,2035.86,2046.44,2034.31,2041.46,18903.48
2026-03-10T21:00:00Z,2041.46,2047.1,2017.44,2028.11,36832.94
2026-03-10T22:00:00Z,2028.11,2032,2020.01,2026.49,23506.79
2026-03-10T23:00:00Z,2026.49,2036.57,2026.16,2035.74,16428.91
2026-03-11T00:00:00Z,2035.74,2041,2027.45,2037.09,28376.46
2026-03-11T01:00:00Z,2037.09,2040,2027.56,2035.26,23219.92
2026-03-11T02:00:00Z,2035.26,2038.3,2017.68,2025.77,31281.07
2026-03-11T03:00:00Z,2025.77,2028.46,2016.72,2020.08,14121.23
2026-03-11T04:00:00Z,2020.08,2040.62,2017.12,2038,38478.55
2026-03-11T05:00:00Z,2038,2040.39,2010.42,2013.44,49674.94
2026-03-11T06:00:00Z,2013.44,2025.35,2012.92,2023.21,16921.02
2026-03-11T07:00:00Z,2023.21,2024.88,2006,2011.59,28057.29
2026-03-11T08:00:00Z,2011.59,2024.96,2008.5,2023,32924.32
2026-03-11T09:00:00Z,2023,2027.01,2013.55,2017.11,20739.86
2026-03-11T10:00:00Z,2017.11,2031.02,2016.25,2028,24252.21
2026-03-11T11:00:00Z,2028,2033.44,2014.49,2016.96,33027.99
2026-03-11T12:00:00Z,2016.96,2035,2011.43,2022.02,58812.83
2026-03-11T13:00:00Z,2022.02,2081.87,2020.91,2049.89,166678.6
2026-03-11T14:00:00Z,2049.89,2076.77,2042.22,2061.86,96535.57
2026-03-11T15:00:00Z,2061.86,2064.78,2028.6,2049.11,90909.02
2026-03-11T16:00:00Z,2049.11,2071.79,2045.29,2065.99,45401.8
2026-03-11T17:00:00Z,2065.99,2085,2056.63,2067.28,66228.4
2026-03-11T18:00:00Z,2067.28,2078.9,2063,2075.44,25260.68
2026-03-11T19:00:00Z,2075.44,2076.7,2067.24,2074.94,20103.2
2026-03-11T20:00:00Z,2074.94,2075.19,2064.47,2067.4,15104.79
2026-03-11T21:00:00Z,2067.4,2073.9,2062.27,2072.1,19418.85
2026-03-11T22:00:00Z,2072.1,2083.32,2057.54,2060.56,35942.72
2026-03-11T23:00:00Z,2060.56,2063.95,2043.83,2050.91,41260.08
2026-03-12T00:00:00Z,2050.91,2057.29,2047,2054.48,18702.38
2026-03-12T01:00:00Z,2054.48,2055.3,2041.65,2045.39,26752.51
2026-03-12T02:00:00Z,2045.39,2046.8,2020.75,2023.61,54654.11
2026-03-12T03:00:00Z,2023.61,2034,2016.29,2022.32,36986.18
2026-03-12T04:00:00Z,2022.32,2029,2020.25,2022.27,13045.26
2026-03-12T05:00:00Z,2022.27,2027.36,2018.37,2026.1,12568.35
2026-03-12T06:00:00Z,2026.1,2030.8,2023.6,2029.53,20778.2
2026-03-12T07:00:00Z,2029.53,2041.43,2024.67,2039.81,49519.47
2026-03-12T08:00:00Z,2039.81,2051.86,2037.51,2046.93,40140.92
2026-03-12T09:00:00Z,2046.93,2064.9,2038.1,2054.67,42904.97
2026-03-12T10:00:00Z,2054.67,2074.56,2051.29,2068.99,47959.91
2026-03-12T11:00:00Z,2068.99,2076.31,2057.47,2061.77,41850.99
2026-03-12T12:00:00Z,2061.77,2069.99,2056.77,2064.46,40279.64
2026-03-12T13:00:00Z,2064.46,2079.77,2050.11,2064.35,88101.98
2026-03-12T14:00:00Z,2064.35,2094.61,2036.25,2044.32,148567.44
2026-03-12T15:00:00Z,2044.32,2081.36,2037.69,2071.29,66486.97
2026-03-12T16:00:00Z,2071.29,2077.21,2055,2068.67,50109.02
2026-03-12T17:00:00Z,2068.67,2074.4,2054.04,2057.41,29697.93
2026-03-12T18:00:00Z,2057.41,2060.91,2045.32,2047.89,18477.91
2026-03-12T19:00:00Z,2047.89,2072.59,2044.09,2068.23,32058.91
2026-03-12T20:00:00Z,2068.23,2072.78,2059.23,2061.59,15735.65
2026-03-12T21:00:00Z,2061.59,2068.74,2056.43,2062.08,12242.79
2026-03-12T22:00:00Z,2062.08,2066.88,2054.5,2064.49,23164.54
2026-03-12T23:00:00Z,2064.49,2092.34,2063.9,2072.51,69254.88
2026-03-13T00:00:00Z,2072.51,2150.12,2069.13,2118.16,207722.34
2026-03-13T01:00:00Z,2118.16,2129.43,2110.39,2123.89,43313.71
2026-03-13T02:00:00Z,2123.89,2126.28,2101.17,2105.03,49403.02
2026-03-13T03:00:00Z,2105.03,2122.86,2101.28,2117.86,33098.69
2026-03-13T04:00:00Z,2117.86,2119.4,2108.71,2110.73,21532.3
2026-03-13T05:00:00Z,2110.73,2114.5,2102.32,2109.7,25911.73
2026-03-13T06:00:00Z,2109.7,2112.02,2089.05,2095.22,56080.94
2026-03-13T07:00:00Z,2095.22,2104,2091.71,2098.75,29701.12
2026-03-13T08:00:00Z,2098.75,2116.58,2090.39,2099.21,47366.47
2026-03-13T09:00:00Z,2099.21,2116.1,2095.2,2112.87,27837.04
2026-03-13T10:00:00Z,2112.87,2132.24,2111.85,2125.83,68916.57
2026-03-13T11:00:00Z,2125.83,2129.36,2116.82,2120,23672.86
2026-03-13T12:00:00Z,2120,2152.39,2119.28,2145.41,58031.1
2026-03-13T13:00:00Z,2145.41,2199.72,2140.62,2184.35,173389.9
2026-03-13T14:00:00Z,2184.35,2208.85,2144.64,2150.4,194343.76
2026-03-13T15:00:00Z,2150.4,2165,2124.03,2127.1,113472.9
2026-03-13T16:00:00Z,2127.1,2143.24,2110.37,2132.98,74955.4
2026-03-13T17:00:00Z,2132.98,2140.53,2089.5,2101.83,77874.3
2026-03-13T18:00:00Z,2101.83,2107.87,2089.77,2099.88,37523.2
2026-03-13T19:00:00Z,2099.88,2105.18,2095.5,2101.87,21352.8
2026-03-13T20:00:00Z,2101.87,2113.44,2100.08,2110.49,15286.69
2026-03-13T21:00:00Z,2110.49,2115.97,2100.36,2102.03,17348.88
2026-03-13T22:00:00Z,2102.03,2103.97,2077.48,2088.18,52235.46
2026-03-13T23:00:00Z,2088.18,2093.15,2084.44,2091.11,13332.02
2026-03-14T00:00:00Z,2091.11,2094.2,2082.01,2084.69,19362.21
2026-03-14T01:00:00Z,2084.69,2094.6,2080.46,2091.69,16966.85
2026-03-14T02:00:00Z,2091.69,2094.95,2088.51,2091.6,10731.52
2026-03-14T03:00:00Z,2091.6,2103.36,2091.55,2100.28,21382.04
2026-03-14T04:00:00Z,2100.28,2104.89,2087,2089.62,34282.2
2026-03-14T05:00:00Z,2089.62,2093.75,2084.72,2091.44,25668.4
2026-03-14T06:00:00Z,2091.44,2091.45,2067.16,2077.28,49570.7
2026-03-14T07:00:00Z,2077.28,2079.6,2074.5,2076.47,18083.58
2026-03-14T08:00:00Z,2076.47,2082.03,2071.66,2073.37,16578.14
2026-03-14T09:00:00Z,2073.37,2077.2,2062.5,2066.2,24538.57
2026-03-14T10:00:00Z,2066.2,2067.99,2060.2,2065.21,18541.8
2026-03-14T11:00:00Z,2065.21,2075.76,2064.81,2072.69,16494.61
2026-03-14T12:00:00Z,2072.69,2076.76,2068.94,2074.5,19014.1
2026-03-14T13:00:00Z,2074.5,2079.84,2072.01,2077.46,12673.47
2026-03-14T14:00:00Z,2077.46,2079.7,2068.34,2070.09,18274.98
2026-03-14T15:00:00Z,2070.09,2076.88,2069,2073.77,16393.01
2026-03-14T16:00:00Z,2073.77,2077.64,2067.6,2076.56,9893.2
2026-03-14T17:00:00Z,2076.56,2077.24,2072.16,2074.24,7965.02
2026-03-14T18:00:00Z,2074.24,2077.15,2071.5,2076.01,4760.28
2026-03-14T19:00:00Z,2076.01,2078.31,2074,2076.4,3360.2
2026-03-14T20:00:00Z,2076.4,2087.46,2074.95,2084.72,16817.93
2026-03-14T21:00:00Z,2084.72,2087.87,2080.47,2085.82,10782.24
2026-03-14T22:00:00Z,2085.82,2087.4,2081.21,2083.35,10351.38
2026-03-14T23:00:00Z,2083.35,2099,2082.99,2095.5,37127.35
2026-03-15T00:00:00Z,2095.5,2095.92,2085.31,2087.09,14859.78
2026-03-15T01:00:00Z,2087.09,2090.77,2082.41,2087.34,14367.61
2026-03-15T02:00:00Z,2087.34,2107.52,2087.34,2100.85,39798.98
2026-03-15T03:00:00Z,2100.85,2104.18,2092.6,2095.52,19812.95
2026-03-15T04:00:00Z,2095.52,2103.6,2095.21,2103.6,14078.64
2026-03-15T05:00:00Z,2103.6,2115.97,2101.22,2106.96,39139.33
2026-03-15T06:00:00Z,2106.96,2110.58,2102.2,2107,10615.44
2026-03-15T07:00:00Z,2107,2112.8,2102.6,2105,12843.89
2026-03-15T08:00:00Z,2105,2112.46,2104.99,2111.93,11870.89
2026-03-15T09:00:00Z,2111.93,2122.74,2111.73,2116.25,37198.53
2026-03-15T10:00:00Z,2116.25,2120.67,2113.22,2118.11,10296.85
2026-03-15T11:00:00Z,2118.11,2120.27,2113.84,2118.76,10420.3
2026-03-15T12:00:00Z,2118.76,2119.02,2106.9,2108.48,20146.3
2026-03-15T13:00:00Z,2108.48,2111.65,2085.46,2096.26,67115.21
2026-03-15T14:00:00Z,2096.26,2097.95,2085.4,2096,20192.32
2026-03-15T15:00:00Z,2096,2096,2089.19,2092.83,12317.96
2026-03-15T16:00:00Z,2092.83,2097.99,2087.39,2090.64,17564.77
2026-03-15T17:00:00Z,2090.64,2117.7,2090,2109.8,29202.66
2026-03-15T18:00:00Z,2109.8,2112.4,2093.21,2097.92,22647.17
2026-03-15T19:00:00Z,2097.92,2113.37,2095.4,2112.33,16754.57
2026-03-15T20:00:00Z,2112.33,2138.12,2108.82,2128.01,49698.75
2026-03-15T21:00:00Z,2128.01,2143.93,2122.56,2138.22,38856.05
2026-03-15T22:00:00Z,2138.22,2191.68,2124.51,2183.57,164800.06
2026-03-15T23:00:00Z,2183.57,2201.94,2165,2177.23,147486.61
2026-03-16T00:00:00Z,2177.23,2186.39,2163.5,2170.25,38329.24
2026-03-16T01:00:00Z,2170.25,2189.55,2163.8,2184.89,52467.96
2026-03-16T02:00:00Z,2184.89,2188.33,2168.89,2179.48,43618.35
2026-03-16T03:00:00Z,2179.48,2252.57,2176.11,2234.6,190385.28
2026-03-16T04:00:00Z,2234.6,2277.27,2234.6,2261.79,121259.89
2026-03-16T05:00:00Z,2261.79,2287.68,2255.71,2278.99,92020.15
2026-03-16T06:00:00Z,2278.99,2280.06,2259.63,2260.33,39092.32
2026-03-16T07:00:00Z,2260.33,2268.04,2244.52,2247.96,45078.99
2026-03-16T08:00:00Z,2247.96,2257.75,2233,2242.24,58366.76
2026-03-16T09:00:00Z,2242.24,2265.33,2238.52,2259.27,40391.93
2026-03-16T10:00:00Z,2259.27,2277.55,2254.9,2276.77,52941.34
2026-03-16T11:00:00Z,2276.77,2278.46,2264.26,2268.4,39502.98
2026-03-16T12:00:00Z,2268.4,2302.27,2268.27,2277.77,137773.37
2026-03-16T13:00:00Z,2277.77,2307,2270.63,2287.13,120351.89
2026-03-16T14:00:00Z,2287.13,2303.46,2253.12,2286.57,134488.78
2026-03-16T15:00:00Z,2286.57,2297.94,2268.26,2272.08,61243.06
2026-03-16T16:00:00Z,2272.08,2299.2,2268.27,2295.48,58873.01
2026-03-16T17:00:00Z,2295.48,2322,2291.88,2313.34,87873.27
2026-03-16T18:00:00Z,2313.34,2345,2312.51,2320.55,120258.03
2026-03-16T19:00:00Z,2320.55,2347,2317.03,2329.36,56310.31
2026-03-16T20:00:00Z,2329.36,2346.68,2322.2,2343.87,27666.64
2026-03-16T21:00:00Z,2343.87,2376,2342.34,2359.39,93991.78
2026-03-16T22:00:00Z,2359.39,2385,2353.55,2356.54,62045.81
2026-03-16T23:00:00Z,2356.54,2360.1,2329.01,2351.6,81712.55
2026-03-17T00:00:00Z,2351.6,2375.48,2338.94,2356.24,120887.63
2026-03-17T01:00:00Z,2356.24,2376.6,2345.07,2359.63,80564.79
2026-03-17T02:00:00Z,2359.63,2360.45,2343.4,2349.8,34128.04
2026-03-17T03:00:00Z,2349.8,2354.72,2306.86,2319.07,115152.37
2026-03-17T04:00:00Z,2319.07,2328.81,2294.57,2310.45,103059.17
2026-03-17T05:00:00Z,2310.45,2317.44,2296.82,2306.5,40464.53
2026-03-17T07:00:00Z,2314.33,2337.06,2314.29,2326.82,46517.44
2026-03-17T08:00:00Z,2326.82,2334.53,2314.27,2319.81,39064.82
2026-03-17T09:00:00Z,2319.81,2328.47,2306.01,2314.77,60380.99
2026-03-17T10:00:00Z,2314.77,2316.18,2302.96,2312.07,31561.78
2026-03-17T11:00:00Z,2312.07,2332.15,2310.62,2325.89,37146.93
2026-03-17T12:00:00Z,2325.89,2334.37,2311.77,2314.64,37040.05
2026-03-17T13:00:00Z,2314.64,2346.29,2312.11,2327.73,79043.09
2026-03-17T14:00:00Z,2327.73,2347.7,2317.62,2342.52,55531.36
2026-03-17T15:00:00Z,2342.52,2357.04,2303.17,2314.78,98819.34
2026-03-17T16:00:00Z,2314.78,2335.69,2311.2,2325.78,43382.45
2026-03-17T17:00:00Z,2325.78,2341.4,2319.28,2338.91,33272.34
2026-03-17T18:00:00Z,2338.91,2341.67,2326.81,2331.81,15896.4
2026-03-17T19:00:00Z,2331.81,2338.74,2315.71,2318.94,20516.45
2026-03-17T20:00:00Z,2318.94,2329.2,2316.31,2326.68,11260.06
2026-03-17T21:00:00Z,2326.68,2343.57,2326.6,2337.08,19519.67
2026-03-17T22:00:00Z,2337.08,2340.99,2316.77,2328.49,16159.51
2026-03-17T23:00:00Z,2328.49,2332.22,2315.31,2316.23,17065.04
2026-03-18T00:00:00Z,2316.23,2324.65,2305.93,2323.19,31767.86
2026-03-18T01:00:00Z,2323.19,2334,2321.73,2323.92,27639.93
2026-03-18T02:00:00Z,2323.92,2340,2323.3,2329.99,30278.25
2026-03-18T03:00:00Z,2329.99,2349.18,2327.16,2339.19,32237.92
2026-03-18T04:00:00Z,2339.19,2340.54,2325,2326.24,21801.12
2026-03-18T05:00:00Z,2326.24,2329.59,2312.1,2317.14,49023.78
2026-03-18T06:00:00Z,2317.14,2330.49,2316.9,2321.51,40666.82
2026-03-18T07:00:00Z,2321.51,2322.03,2310.5,2316.5,24996.06
2026-03-18T08:00:00Z,2316.5,2324.51,2316.11,2321.38,18443.63
2026-03-18T09:00:00Z,2321.38,2333.01,2320.29,2327.96,26963.27
2026-03-18T10:00:00Z,2327.96,2330.7,2305.51,2311.65,48663.83
2026-03-18T11:00:00Z,2311.65,2318.23,2262.04,2268.16,163181.9
2026-03-18T12:00:00Z,2268.16,2269.9,2234.07,2236.58,113703.03
2026-03-18T13:00:00Z,2236.58,2244.27,2222,2234.68,83099.28
2026-03-18T14:00:00Z,2234.68,2236.46,2186,2189.33,132436.15
2026-03-18T15:00:00Z,2189.33,2195.64,2168.5,2186.48,132718.51
2026-03-18T16:00:00Z,2186.48,2190.64,2165.01,2180.38,64079.64
2026-03-18T17:00:00Z,2180.38,2210.97,2176.14,2203.11,94880.89
2026-03-18T18:00:00Z,2203.11,2219.55,2175.14,2180.41,138994.46
2026-03-18T19:00:00Z,2180.41,2196.2,2177,2184.98,44711.73
2026-03-18T20:00:00Z,2184.98,2193.84,2152.11,2186.68,101848.63
2026-03-18T21:00:00Z,2186.68,2206.37,2184.75,2201.67,26342.23
2026-03-18T22:00:00Z,2201.67,2202.75,2186.23,2193.59,20124.72
2026-03-18T23:00:00Z,2193.59,2205.85,2187.95,2202.22,32220.37
2026-03-19T00:00:00Z,2202.22,2207.22,2189.61,2192.1,41998.61
2026-03-19T01:00:00Z,2192.1,2200.97,2186.29,2195.65,34604.36
2026-03-19T02:00:00Z,2195.65,2204.31,2187.75,2195.69,18391.02
2026-03-19T03:00:00Z,2195.69,2233.1,2195.69,2211.01,97950.85
2026-03-19T04:00:00Z,2211.01,2212.18,2189.64,2192.46,40346.25
2026-03-19T05:00:00Z,2192.46,2197.82,2185.5,2188.22,20701.44
2026-03-19T06:00:00Z,2188.22,2194.6,2176.29,2179.69,48400.93
2026-03-19T07:00:00Z,2179.69,2181,2141.72,2165.35,176538.93
2026-03-19T08:00:00Z,2165.35,2170.18,2156.76,2159.75,45093.57
2026-03-19T09:00:00Z,2159.75,2189.91,2159,2188.28,87965.83
2026-03-19T10:00:00Z,2188.28,2191.86,2171.28,2171.57,37865.09
2026-03-19T11:00:00Z,2171.57,2176.89,2164.53,2165.68,36122.06
2026-03-19T12:00:00Z,2165.68,2166.48,2128.42,2131.38,104858.89
2026-03-19T13:00:00Z,2131.38,2142.8,2108.57,2136.73,189059.31
2026-03-19T14:00:00Z,2136.73,2146.85,2101.41,2120.59,125992.82
2026-03-19T15:00:00Z,2120.59,2136.4,2096.91,2117.85,101958.35
2026-03-19T16:00:00Z,2117.85,2121.47,2105.51,2114.63,73553.5
2026-03-19T17:00:00Z,2114.63,2130.97,2103.51,2126.4,42128.96
2026-03-19T18:00:00Z,2126.4,2128.96,2113.01,2124.17,28731.82
2026-03-19T19:00:00Z,2124.17,2156.16,2123.97,2140.22,86900.55
2026-03-19T20:00:00Z,2140.22,2152.34,2138.4,2145.3,23490.42
2026-03-19T21:00:00Z,2145.3,2154.75,2144.11,2148.82,21367.22
2026-03-19T22:00:00Z,2148.82,2151.33,2131.46,2139,27146.85
2026-03-19T23:00:00Z,2139,2146.56,2129.17,2136.74,19717.12
2026-03-20T00:00:00Z,2136.74,2148,2133.85,2144.43,19738.93
2026-03-20T01:00:00Z,2144.43,2159.84,2143.99,2149.99,34223.62
2026-03-20T02:00:00Z,2149.99,2150.8,2131.24,2143.38,39233.48
2026-03-20T03:00:00Z,2143.38,2156.44,2142.5,2150.29,31165.75
2026-03-20T04:00:00Z,2150.29,2158.59,2138.45,2147.31,31248.91
2026-03-20T05:00:00Z,2147.31,2151.1,2136.67,2139.46,21202.45
2026-03-20T06:00:00Z,2139.46,2141.06,2131,2135.85,18502.28
2026-03-20T07:00:00Z,2135.85,2152.5,2120.44,2149.41,54626.39
2026-03-20T08:00:00Z,2149.41,2176.19,2145.5,2162.86,85282.48
2026-03-20T09:00:00Z,2162.86,2163.02,2133.57,2140.45,51911.79
2026-03-20T10:00:00Z,2140.45,2150.98,2130.34,2147.2,34739.59
2026-03-20T11:00:00Z,2147.2,2157.98,2133.67,2140.53,38985.11
2026-03-20T12:00:00Z,2140.53,2151.99,2134.15,2140.1,26523.45
2026-03-20T13:00:00Z,2140.1,2151.78,2122.01,2126.45,85429.19
2026-03-20T14:00:00Z,2126.45,2147.19,2115.42,2128.06,89399.92
2026-03-20T15:00:00Z,2128.06,2137.96,2119.14,2132.97,38782.48
2026-03-20T16:00:00Z,2132.97,2143.96,2129.45,2136.27,27816.18
2026-03-20T17:00:00Z,2136.27,2140.16,2118.4,2135.82,30312.18
2026-03-20T18:00:00Z,2135.82,2136.75,2116.2,2122.43,41005.98
2026-03-20T19:00:00Z,2122.43,2134.02,2116.4,2132.24,25607.52
2026-03-20T20:00:00Z,2132.24,2136.06,2122.77,2132.12,22189.84
2026-03-20T21:00:00Z,2132.12,2157.58,2129.43,2146.43,33977.87
2026-03-20T22:00:00Z,2146.43,2167.53,2146.43,2153.55,25462.31
2026-03-20T23:00:00Z,2153.55,2154.36,2142.02,2145.08,12319.13
2026-03-21T00:00:00Z,2145.08,2155.74,2143.06,2152.49,14656.55
2026-03-21T01:00:00Z,2152.49,2158.94,2146.03,2146.54,15656.36
2026-03-21T02:00:00Z,2146.54,2155.67,2145.09,2153.94,10654.2
2026-03-21T03:00:00Z,2153.94,2155.18,2150.01,2152.4,5226.66
2026-03-21T04:00:00Z,2152.4,2157.44,2149.27,2150.71,9956.53
2026-03-21T05:00:00Z,2150.71,2156.82,2150.71,2152.15,9116.55
2026-03-21T06:00:00Z,2152.15,2155.39,2151.11,2154.55,4491.21
2026-03-21T07:00:00Z,2154.55,2160.47,2152.41,2154.39,13598.43
2026-03-21T08:00:00Z,2154.39,2156.48,2148.35,2152.98,11681.5
2026-03-21T09:00:00Z,2152.98,2158.3,2152.7,2157.63,8251.04
2026-03-21T10:00:00Z,2157.63,2158.56,2151.8,2153,13301.38
2026-03-21T11:00:00Z,2153,2156.66,2151.7,2156.38,4672.9
2026-03-21T12:00:00Z,2156.38,2159.6,2155.64,2156.65,7457.3
2026-03-21T13:00:00Z,2156.65,2158.79,2153.66,2154.69,7006.59
2026-03-21T14:00:00Z,2154.69,2167.58,2149.24,2151.05,33070.67
2026-03-21T15:00:00Z,2151.05,2156.55,2145.1,2154.19,24167.95
2026-03-21T16:00:00Z,2154.19,2154.57,2143.27,2145.62,18097.14
2026-03-21T17:00:00Z,2145.62,2149.65,2140.68,2147.25,10875.11
2026-03-21T18:00:00Z,2147.25,2154.73,2146.43,2150.17,10307.19
2026-03-21T19:00:00Z,2150.17,2151.97,2147.87,2151.16,3180.75
2026-03-21T20:00:00Z,2151.16,2155.75,2149.22,2154.57,9004.29
2026-03-21T21:00:00Z,2154.57,2156,2151.1,2152.61,5564.44
2026-03-21T22:00:00Z,2152.61,2152.71,2148.21,2149,4446.55
2026-03-21T23:00:00Z,2149,2149.1,2068.89,2083.44,137039.42
2026-03-22T00:00:00Z,2083.44,2094.34,2048.09,2086.21,153839.75
2026-03-22T01:00:00Z,2086.21,2093.23,2080.83,2090.2,27489.43
2026-03-22T02:00:00Z,2090.2,2108.33,2086.7,2101.25,34844.29
2026-03-22T03:00:00Z,2101.25,2126.41,2097.07,2112.94,56507.68
2026-03-22T04:00:00Z,2112.94,2122,2105.25,2118.21,40878.22
2026-03-22T05:00:00Z,2118.21,2119.46,2111.38,2111.84,17526.2
2026-03-22T06:00:00Z,2111.84,2112.63,2106.27,2107.43,15985.14
2026-03-22T07:00:00Z,2107.43,2111.41,2091.76,2092.8,34556.88
2026-03-22T08:00:00Z,2092.8,2095,2073,2085.64,74974.99
2026-03-22T09:00:00Z,2085.64,2096.1,2078.39,2084.03,39412.05
2026-03-22T10:00:00Z,2084.03,2085.99,2076.15,2080.26,14317.29
2026-03-22T11:00:00Z,2080.26,2083,2065.64,2068.89,41489.3
2026-03-22T12:00:00Z,2068.89,2087.81,2067.2,2081.48,29511.67
2026-03-22T13:00:00Z,2081.48,2091.92,2071.6,2077.54,32242.2
2026-03-22T14:00:00Z,2077.54,2084.49,2070.66,2077.09,19049.57
2026-03-22T15:00:00Z,2077.09,2083.73,2074.8,2082.11,17528.21
2026-03-22T16:00:00Z,2082.11,2083.73,2077.01,2081.31,11042.04
2026-03-22T17:00:00Z,2081.31,2083.5,2076.15,2078.55,15324.23
2026-03-22T18:00:00Z,2078.55,2079.64,2055.94,2071,38916.1
2026-03-22T19:00:00Z,2071,2071.79,2052.2,2062.14,37188.19
2026-03-22T20:00:00Z,2062.14,2071.18,2055.22,2057.73,23558.74
2026-03-22T21:00:00Z,2057.73,2059.7,2024.5,2045.08,96706.37
2026-03-22T22:00:00Z,2045.08,2064.73,2031.04,2061.72,48270.87
2026-03-22T23:00:00Z,2061.72,2074,2050.01,2052.82,27224.52
2026-03-23T00:00:00Z,2052.82,2062.34,2034.58,2042.58,43385.23
2026-03-23T01:00:00Z,2042.58,2061.8,2038.44,2046.7,34385.31
2026-03-23T02:00:00Z,2046.7,2069.87,2045.73,2062.4,40123.8
2026-03-23T03:00:00Z,2062.4,2071.64,2050.8,2051.6,27400.09
2026-03-23T04:00:00Z,2051.6,2065.63,2049.3,2064.61,19182.91
2026-03-23T05:00:00Z,2064.61,2071.3,2059.76,2068.24,28847.58
2026-03-23T06:00:00Z,2068.24,2068.24,2027.07,2036.4,63734.87
2026-03-23T07:00:00Z,2036.4,2048.96,2022,2043.71,62904.92
2026-03-23T08:00:00Z,2043.71,2058.22,2042.56,2046.76,31554.08
2026-03-23T09:00:00Z,2046.76,2047.97,2028,2042.69,35165.94
2026-03-23T10:00:00Z,2042.69,2053.43,2039.06,2048.13,28911
2026-03-23T11:00:00Z,2048.13,2199.92,2048.13,2133.73,466793.86
2026-03-23T12:00:00Z,2133.73,2146.89,2106.49,2143.19,117721.44
2026-03-23T13:00:00Z,2143.19,2187.96,2139,2184.49,96895.82
2026-03-23T14:00:00Z,2184.49,2191.56,2167.62,2180,66603.43
2026-03-23T15:00:00Z,2180,2187.26,2123.22,2127.4,145417.28
2026-03-23T16:00:00Z,2127.4,2141.72,2116.36,2134.85,131234.38
2026-03-23T17:00:00Z,2134.85,2159.07,2123.05,2151.53,99957.8
2026-03-23T18:00:00Z,2151.53,2171,2144.14,2167.53,36430.12
2026-03-23T19:00:00Z,2167.53,2178.21,2148.8,2153.21,54443.22
2026-03-23T20:00:00Z,2153.21,2166.39,2149.24,2160.48,24217.34
2026-03-23T21:00:00Z,2160.48,2162.71,2153.21,2156.73,11604.35
2026-03-23T22:00:00Z,2156.73,2158.57,2142.39,2151.71,17253.67
2026-03-23T23:00:00Z,2151.71,2154.4,2139.26,2150.85,21240.61
2026-03-24T00:00:00Z,2150.85,2155.23,2128.38,2142,41093.29
2026-03-24T01:00:00Z,2142,2148.8,2123.09,2136.31,39441.85
2026-03-24T02:00:00Z,2136.31,2144.51,2131.03,2134.65,30004.01
2026-03-24T03:00:00Z,2134.65,2142.33,2129.35,2140.6,23755.43
2026-03-24T04:00:00Z,2140.6,2151.54,2130.45,2135.2,33093.9
2026-03-24T05:00:00Z,2135.2,2137.74,2127.64,2132.59,27466.46
2026-03-24T06:00:00Z,2132.59,2145.44,2130.7,2144.2,22212.57
2026-03-24T07:00:00Z,2144.2,2169.87,2142.99,2164.75,73592.14
2026-03-24T08:00:00Z,2164.75,2167.4,2151.03,2154.03,37706.94
2026-03-24T09:00:00Z,2154.03,2166.42,2146.18,2163.76,34345.56
2026-03-24T10:00:00Z,2163.76,2163.96,2154.25,2160.5,18194.72
2026-03-24T11:00:00Z,2160.5,2174.61,2150.64,2164.71,52424.04
2026-03-24T12:00:00Z,2164.71,2169.47,2157.5,2161.5,20880.03
2026-03-24T13:00:00Z,2161.5,2164.91,2129.3,2137.54,88375.32
2026-03-24T14:00:00Z,2137.54,2147.63,2117.89,2133.25,105910.44
2026-03-24T15:00:00Z,2133.25,2147.1,2130.33,2134.31,45930.12
2026-03-24T16:00:00Z,2134.31,2139.96,2119.59,2126.54,44899.83
2026-03-24T17:00:00Z,2126.54,2128.09,2102.06,2108.23,76185.73
2026-03-24T18:00:00Z,2108.23,2126.92,2104.21,2118.22,41704.25
2026-03-24T19:00:00Z,2118.22,2127,2113.14,2115.94,30434.66
2026-03-24T20:00:00Z,2115.94,2153.8,2114.55,2147.65,74910.58
2026-03-24T21:00:00Z,2147.65,2150.96,2139.15,2147.74,24268.08
2026-03-24T22:00:00Z,2147.74,2154.94,2139.6,2144.43,24888.29
2026-03-24T23:00:00Z,2144.43,2163,2141.81,2155.1,28438.74
2026-03-25T00:00:00Z,2155.1,2167.99,2145,2160.54,36502.5
2026-03-25T01:00:00Z,2160.54,2166.35,2155.18,2155.47,43208.49
2026-03-25T02:00:00Z,2155.47,2160.57,2152.47,2154.46,25113.98
2026-03-25T03:00:00Z,2154.46,2159.56,2145.23,2157.44,27031.1
2026-03-25T04:00:00Z,2157.44,2166.97,2155.44,2165.32,19868.89
2026-03-25T05:00:00Z,2165.32,2178.78,2163.14,2167.67,53426.31
2026-03-25T06:00:00Z,2167.67,2171.95,2161.44,2162.5,26952.02
2026-03-25T07:00:00Z,2162.5,2176.69,2158.45,2163.61,32013.39
2026-03-25T08:00:00Z,2163.61,2189.5,2163.28,2175.36,63494.91
2026-03-25T09:00:00Z,2175.36,2187.71,2173.69,2185.33,28790.72
2026-03-25T10:00:00Z,2185.33,2187.47,2179.93,2184.03,29111.29
2026-03-25T11:00:00Z,2184.03,2197.77,2177.87,2184.89,72019.33
2026-03-25T12:00:00Z,2184.89,2194,2162.99,2182.19,96318.02
2026-03-25T13:00:00Z,2182.19,2197.24,2178.35,2183.08,61449.41
2026-03-25T14:00:00Z,2183.08,2187,2172.01,2173.09,56602.78
2026-03-25T16:00:00Z,2161.39,2185.59,2154.73,2172.68,83151.68
2026-03-25T17:00:00Z,2172.68,2175.22,2158.42,2163.15,46039.16
2026-03-25T18:00:00Z,2163.15,2172.64,2156.65,2161.39,26698.34
2026-03-25T19:00:00Z,2161.39,2175.66,2158.24,2171.63,27080.61
2026-03-25T20:00:00Z,2171.63,2172,2158,2165.56,18503.43
2026-03-25T21:00:00Z,2165.56,2169.05,2160.4,2162.97,12491.77
2026-03-25T22:00:00Z,2162.97,2182.36,2160.58,2173.41,33020.16
2026-03-25T23:00:00Z,2173.41,2176.32,2163.56,2168.11,15159.53
2026-03-26T00:00:00Z,2168.11,2171.35,2161.35,2165.36,12690.04
2026-03-26T01:00:00Z,2165.36,2168.18,2158.88,2163.84,30289.37
2026-03-26T02:00:00Z,2163.84,2164.9,2143,2148.8,48712.98
2026-03-26T03:00:00Z,2148.8,2154.83,2143.53,2152.14,43348.35
2026-03-26T04:00:00Z,2152.14,2153.5,2146.82,2148.6,25650.26
2026-03-26T05:00:00Z,2148.6,2150,2112.35,2118.76,87528.13
2026-03-26T06:00:00Z,2118.76,2124,2111,2120.96,35234.46
2026-03-26T07:00:00Z,2120.96,2123.77,2112,2122.4,43809.96
2026-03-26T08:00:00Z,2122.4,2125.86,2113.19,2118.77,25259.76
2026-03-26T09:00:00Z,2118.77,2121.21,2073.74,2081.55,133576.42
2026-03-26T10:00:00Z,2081.55,2082.87,2071.87,2077.66,44004.22
2026-03-26T11:00:00Z,2077.66,2080.5,2061.11,2067.46,66749.6
2026-03-26T12:00:00Z,2067.46,2074.72,2064.61,2072.66,28542.52
2026-03-26T13:00:00Z,2072.66,2093.07,2068.47,2080.12,78476.74
2026-03-26T14:00:00Z,2080.12,2085,2066.1,2075.31,50402.38
2026-03-26T15:00:00Z,2075.31,2075.98,2050.85,2069.57,71200.39
2026-03-26T16:00:00Z,2069.57,2070.32,2059.06,2060.22,22463.43
2026-03-26T17:00:00Z,2060.22,2070.07,2043.63,2048.32,48433.5
2026-03-26T18:00:00Z,2048.32,2055.21,2033.17,2046.3,66600.29
2026-03-26T19:00:00Z,2046.3,2053.28,2038.59,2048.11,32960.58
2026-03-26T20:00:00Z,2048.11,2079.75,2045.46,2064.08,76088.37
2026-03-26T21:00:00Z,2064.08,2076.58,2059.23,2067.45,23192
2026-03-26T22:00:00Z,2067.45,2072.22,2054,2064.92,21947.69
2026-03-26T23:00:00Z,2064.92,2069.38,2055.36,2059.59,15480.47
2026-03-27T00:00:00Z,2059.59,2067,2056,2064.25,15404.3
2026-03-27T01:00:00Z,2064.25,2074.45,2062.58,2073.25,19068.01
2026-03-27T02:00:00Z,2073.25,2076.22,2066.3,2067.48,17599.44
2026-03-27T03:00:00Z,2067.48,2068.4,2058.2,2060.65,17003.83
2026-03-27T04:00:00Z,2060.65,2061.18,2042,2052.28,44815.93
2026-03-27T05:00:00Z,2052.28,2065.88,2051.27,2060.45,22482.24
2026-03-27T06:00:00Z,2060.45,2067.25,2057.63,2061.82,20025.6
2026-03-27T07:00:00Z,2061.82,2071,2058.41,2064.78,44716.4
2026-03-27T08:00:00Z,2064.78,2068.63,2033.43,2046.71,95557.78
2026-03-27T09:00:00Z,2046.71,2051.03,2035.02,2040.19,27431.66
2026-03-27T10:00:00Z,2040.19,2043.85,1981.4,1990.3,169809.4
2026-03-27T11:00:00Z,1990.3,1997.36,1980.7,1990.57,56137.4
2026-03-27T12:00:00Z,1990.57,1992.4,1980.43,1988.11,39333.33
2026-03-27T13:00:00Z,1988.11,1996.1,1966.1,1977.97,76974.74
2026-03-27T14:00:00Z,1977.97,1989.19,1970.67,1988.47,70218.88
2026-03-27T15:00:00Z,1988.47,2009.58,1982.4,1990.43,101389.06
2026-03-27T16:00:00Z,1990.43,1992.07,1979.41,1985.98,53129.67
2026-03-27T17:00:00Z,1985.98,1997.5,1973.89,1976.46,54551.57
2026-03-27T18:00:00Z,1976.46,1985.74,1973.61,1983.39,38092.55
2026-03-27T19:00:00Z,1983.39,1996.82,1977.75,1990.56,56046.58
2026-03-27T20:00:00Z,1990.56,1995.51,1977.96,1985.3,31065.66
2026-03-27T21:00:00Z,1985.3,1990.38,1983.39,1984.84,10854.67
2026-03-27T22:00:00Z,1984.84,1986.34,1980.94,1984.51,7953.12
2026-03-27T23:00:00Z,1984.51,1993.61,1979.57,1992,19097.5
2026-03-28T00:00:00Z,1992,1994.49,1988.66,1991.56,12987.56
2026-03-28T01:00:00Z,1991.56,1991.82,1983.7,1989.29,13048.68
2026-03-28T02:00:00Z,1989.29,1992.68,1981.51,1986.27,16784.21
2026-03-28T03:00:00Z,1986.27,1990.14,1986,1988.14,6815.96
2026-03-28T04:00:00Z,1988.14,1991.5,1986.11,1989.88,18008.9
2026-03-28T05:00:00Z,1989.88,1993.92,1987.25,1993.14,11389.93
2026-03-28T06:00:00Z,1993.14,2006.43,1992.15,1999.86,33158.35
2026-03-28T07:00:00Z,1999.86,2007.43,1999.61,2006.1,17320.97
2026-03-28T08:00:00Z,2006.1,2007.34,1997,1998.24,37510.09
2026-03-28T09:00:00Z,1998.24,1999,1994.03,1998.57,17678.32
2026-03-28T10:00:00Z,1998.57,2003.91,1991.6,1995.75,29331.49
2026-03-28T11:00:00Z,1995.75,1999.89,1994.75,1996.41,8522.26
2026-03-28T12:00:00Z,1996.41,2004.53,1990.88,1998.54,29325.46
2026-03-28T13:00:00Z,1998.54,2046.6,1998.17,2025.49,130841.16
2026-03-28T14:00:00Z,2025.49,2028.32,2014.87,2019.72,43047.49
2026-03-28T15:00:00Z,2019.72,2038.85,2017.16,2025.85,52932.7
2026-03-28T16:00:00Z,2025.85,2029.28,2020.31,2023.5,14505.19
2026-03-28T17:00:00Z,2023.5,2026,2015.29,2019.94,16061.29
2026-03-28T18:00:00Z,2019.94,2023.75,2019.31,2020.58,4334.78
2026-03-28T19:00:00Z,2020.58,2021.84,2016.06,2019.67,5468.84
2026-03-28T20:00:00Z,2019.67,2025.8,2019.66,2023.48,7472.44
2026-03-28T21:00:00Z,2023.48,2024.65,2004.99,2008.66,20115.54
2026-03-28T22:00:00Z,2008.66,2012.32,2004.23,2010.94,13755.02
2026-03-28T23:00:00Z,2010.94,2010.94,1988.05,1993.51,47917.94
2026-03-29T00:00:00Z,1993.51,1999.11,1990.16,1998.2,17015.39
2026-03-29T01:00:00Z,1998.2,2007,1996.54,2003.99,31130.4
2026-03-29T02:00:00Z,2003.99,2009.66,2001.31,2008.1,21597.07
2026-03-29T03:00:00Z,2008.1,2018.76,2005.9,2010.11,37898.75
2026-03-29T04:00:00Z,2010.11,2011.92,2002.71,2004.9,13673.78
2026-03-29T05:00:00Z,2004.9,2006.7,1996.24,2004.39,24352.51
2026-03-29T06:00:00Z,2004.39,2007.44,1999.11,2003.81,8000.43
2026-03-29T07:00:00Z,2003.81,2008.96,1999.1,2004.94,15338.39
2026-03-29T08:00:00Z,2004.94,2006.51,2001.38,2003.21,5268.3
2026-03-29T09:00:00Z,2003.21,2004.5,1993.24,1998,17689.97
2026-03-29T10:00:00Z,1998,1998.02,1990.57,1994.94,24330.7
2026-03-29T11:00:00Z,1994.94,2007.91,1994.25,2002.63,24985.16
2026-03-29T12:00:00Z,2002.63,2004.11,1996.5,2000.94,12959.03
2026-03-29T13:00:00Z,2000.94,2001.3,1982.66,1986.38,60963.31
2026-03-29T14:00:00Z,1986.38,2001.81,1982.68,1993.24,37782.12
2026-03-29T15:00:00Z,1993.24,1998.6,1985.56,1991.99,31763.73
2026-03-29T16:00:00Z,1991.99,2004.02,1990.82,1996.8,32398.75
2026-03-29T17:00:00Z,1996.8,1999.5,1986.62,1994.29,31492.23
2026-03-29T18:00:00Z,1994.29,2001.08,1990.54,1996.34,19954.17
2026-03-29T19:00:00Z,1996.34,1999.35,1993.06,1995.01,8793.94
2026-03-29T20:00:00Z,1995.01,2008.79,1994.73,2001.66,34330.08
2026-03-29T21:00:00Z,2001.66,2006.57,2000.51,2005.34,14664.62
2026-03-29T22:00:00Z,2005.34,2005.54,1936.67,1972.59,156503.14
2026-03-29T23:00:00Z,1972.59,1993.7,1972.35,1983.59,117367.74
2026-03-30T00:00:00Z,1983.59,2023.3,1978.69,1996.19,140387.67
2026-03-30T01:00:00Z,1996.19,2015.44,1996.02,2009.48,59217.41
2026-03-30T02:00:00Z,2009.48,2042.93,2006.29,2028.85,109912.84
2026-03-30T03:00:00Z,2028.85,2041.63,2026.55,2035.22,30476.36
2026-03-30T04:00:00Z,2035.22,2052,2035.02,2047.49,50449.52
2026-03-30T05:00:00Z,2047.49,2058.44,2044.22,2046.81,54660.49
2026-03-30T06:00:00Z,2046.81,2051.32,2039.3,2041.34,37115.53
2026-03-30T07:00:00Z,2041.34,2067,2040.43,2058.55,58583.64
2026-03-30T08:00:00Z,2058.55,2074.02,2057.11,2061.08,49431.03
2026-03-30T09:00:00Z,2061.08,2062.06,2052.6,2053.95,23900.16
2026-03-30T10:00:00Z,2053.95,2057.57,2046.83,2056.84,20386.14
2026-03-30T11:00:00Z,2056.84,2080.76,2056.53,2069.99,70558
2026-03-30T12:00:00Z,2069.99,2077.73,2067.53,2073.46,23003.82
2026-03-30T13:00:00Z,2073.46,2084.61,2056.84,2059.65,72130.48
2026-03-30T14:00:00Z,2059.65,2075,2040.99,2070.56,90993.06
2026-03-30T15:00:00Z,2070.56,2078.69,2060.42,2073.36,42170.84
2026-03-30T16:00:00Z,2073.36,2073.86,2057.41,2065.31,32645.56
2026-03-30T17:00:00Z,2065.31,2071.49,2030.2,2040.59,60031.57
2026-03-30T18:00:00Z,2040.59,2043.08,2026.95,2031.65,47431.9
2026-03-30T19:00:00Z,2031.65,2031.79,2012.19,2022.8,65195.68
2026-03-30T20:00:00Z,2022.8,2027.16,2020.25,2022.45,24868.93
2026-03-30T21:00:00Z,2022.45,2048.6,2020.16,2034.98,47087.94
2026-03-30T22:00:00Z,2034.98,2043.53,2028.45,2032.21,17854.04
2026-03-30T23:00:00Z,2032.21,2032.22,2013,2025.9,32459.04
2026-03-31T00:00:00Z,2025.9,2040.53,2015.11,2035.9,44076.52
2026-03-31T01:00:00Z,2035.9,2092,2031.23,2072.31,157765.26
2026-03-31T02:00:00Z,2072.31,2082.2,2066.24,2072.35,26337.42
2026-03-31T03:00:00Z,2072.35,2075.94,2060.85,2066.11,24850.95
2026-03-31T04:00:00Z,2066.11,2071.63,2056.2,2059.83,30099.97
2026-03-31T05:00:00Z,2059.83,2068.37,2053.96,2063.51,26822.53
2026-03-31T06:00:00Z,2063.51,2064,2054.25,2061.33,18943.77
2026-03-31T07:00:00Z,2061.33,2061.76,2041,2054.94,48335.59
2026-03-31T08:00:00Z,2054.94,2058.3,2034.68,2038.89,45586.23
2026-03-31T09:00:00Z,2038.89,2043.35,2011.55,2017.6,105313.39
2026-03-31T10:00:00Z,2017.6,2029.3,2016.07,2025.75,30908.31
2026-03-31T11:00:00Z,2025.75,2043.58,2022.1,2040.34,80398.33
2026-03-31T12:00:00Z,2040.34,2057.31,2034.22,2046.79,57755.93
2026-03-31T13:00:00Z,2046.79,2078.9,2046.79,2073.96,84371.59
2026-03-31T14:00:00Z,2073.96,2091.37,2036,2044.99,162108.06
2026-03-31T15:00:00Z,2044.99,2077.36,2044.2,2053.76,86142.75
2026-03-31T16:00:00Z,2053.76,2107.91,2053.35,2090.69,155637.63
2026-03-31T17:00:00Z,2090.69,2123,2087.49,2092.36,157065.13
2026-03-31T18:00:00Z,2092.36,2114.25,2092.36,2098.71,46034.94
2026-03-31T19:00:00Z,2098.71,2102.88,2090.68,2095.33,32877.56
2026-03-31T20:00:00Z,2095.33,2109.04,2094.94,2106.52,20468.46
2026-03-31T21:00:00Z,2106.52,2108.45,2092.24,2101.12,22872.02
2026-03-31T22:00:00Z,2101.12,2103,2086.32,2095.39,24306.79
2026-03-31T23:00:00Z,2095.39,2107.32,2091.59,2104.35,26902.85
2026-04-01T00:00:00Z,2104.35,2117.32,2095.5,2113.77,33215.03
2026-04-01T01:00:00Z,2113.77,2114.85,2090,2091.7,46300.7
2026-04-01T02:00:00Z,2091.7,2095.3,2080.69,2087.33,36397.27
2026-04-01T03:00:00Z,2087.33,2105.9,2087.32,2101.55,34693.06
2026-04-01T04:00:00Z,2101.55,2115,2099.02,2109.95,32474.01
2026-04-01T05:00:00Z,2109.95,2135.71,2105.01,2121.31,80377.86
2026-04-01T06:00:00Z,2121.31,2155.85,2121.24,2149.85,116044.85
2026-04-01T07:00:00Z,2149.85,2157.13,2128.53,2129.75,66325.83
2026-04-01T08:00:00Z,2129.75,2141.78,2123.51,2135.62,47261.21
2026-04-01T09:00:00Z,2135.62,2139.03,2126.73,2135.17,30936.9
2026-04-01T10:00:00Z,2135.17,2136.64,2125.04,2131.29,28582.54
2026-04-01T11:00:00Z,2131.29,2138.75,2129.42,2134.15,15641.32
2026-04-01T12:00:00Z,2134.15,2148.79,2120.56,2129.81,78146.21
2026-04-01T13:00:00Z,2129.81,2134.11,2107.07,2118.02,107801.1
2026-04-01T14:00:00Z,2118.02,2129.89,2112.6,2125.83,59256.83
2026-04-01T15:00:00Z,2125.83,2137.02,2121.02,2133.69,53957.4
2026-04-01T16:00:00Z,2133.69,2153.14,2123.75,2144.63,88804.81
2026-04-01T17:00:00Z,2144.63,2166.94,2132.43,2135.54,126010.48
2026-04-01T18:00:00Z,2135.54,2136.4,2122.21,2127.88,61463.92
2026-04-01T19:00:00Z,2127.88,2143.75,2126.52,2139.96,42539.21
2026-04-01T20:00:00Z,2139.96,2146.8,2129.32,2142.21,32697.35
2026-04-01T21:00:00Z,2142.21,2164,2141.71,2155.22,48913.46
2026-04-01T22:00:00Z,2155.22,2157.16,2135.84,2138.57,40699.93
2026-04-01T23:00:00Z,2138.57,2144.5,2133.76,2138.65,25866.08
2026-04-02T00:00:00Z,2138.65,2157.88,2133.9,2154.35,40814.01
2026-04-02T01:00:00Z,2154.35,2154.35,2087.12,2098.35,187964.24
2026-04-02T02:00:00Z,2098.35,2098.35,2063.14,2072.73,105652.03
2026-04-02T03:00:00Z,2072.73,2075.61,2044.81,2054.82,74800.92
2026-04-02T04:00:00Z,2054.82,2057.43,2040.43,2043.81,58421.58
2026-04-02T05:00:00Z,2043.81,2050.78,2036.8,2049.36,44881.12
2026-04-02T06:00:00Z,2049.36,2052.97,2044.24,2049.07,24913.89
2026-04-02T07:00:00Z,2049.07,2055.83,2043.02,2054.84,20600.24
2026-04-02T08:00:00Z,2054.84,2054.84,2044.6,2045.37,29080.84
2026-04-02T09:00:00Z,2045.37,2047.27,2038.01,2043.06,22941.82
2026-04-02T10:00:00Z,2043.06,2044.2,2031.36,2037.84,36357.13
2026-04-02T11:00:00Z,2037.84,2039.47,2023.31,2032.18,50130.53
2026-04-02T12:00:00Z,2032.18,2032.57,2023.3,2026.1,41039.15
2026-04-02T13:00:00Z,2026.1,2041.91,2015.58,2038.25,113828.3
2026-04-02T14:00:00Z,2038.25,2071.46,2032.03,2062.55,143743.41
2026-04-02T15:00:00Z,2062.55,2067.06,2047.08,2058.56,74446.91
2026-04-02T16:00:00Z,2058.56,2075.6,2051.11,2062.1,45921.53
2026-04-02T17:00:00Z,2062.1,2071.21,2042.64,2046.06,48882.49
2026-04-02T18:00:00Z,2046.06,2061.7,2042.5,2057.35,40172.36
2026-04-02T19:00:00Z,2057.35,2065.74,2053.62,2064.3,20789.27
2026-04-02T20:00:00Z,2064.3,2073.28,2059.51,2067.27,42848.53
2026-04-02T21:00:00Z,2067.27,2069.49,2054.53,2062.09,17496.38
2026-04-02T22:00:00Z,2062.09,2064.27,2052.17,2058.82,26276.34
2026-04-02T23:00:00Z,2058.82,2060.72,2052.75,2055.9,12100.06
2026-04-03T01:00:00Z,2051.91,2061.64,2043.55,2049.22,22498.54
2026-04-03T02:00:00Z,2049.22,2058.87,2039.08,2051.34,39698.92
2026-04-03T03:00:00Z,2051.34,2056.42,2049.11,2053,16380.22
2026-04-03T04:00:00Z,2053,2056.96,2047.89,2053.38,10824.16
2026-04-03T05:00:00Z,2053.38,2063.63,2046.31,2056.09,22618.92
2026-04-03T06:00:00Z,2056.09,2066.39,2053.65,2062.49,78529.84
2026-04-03T07:00:00Z,2062.49,2074.88,2060.79,2064.97,60667.7
2026-04-03T08:00:00Z,2064.97,2070.9,2057.44,2059.7,28801.23
2026-04-03T09:00:00Z,2059.7,2062.97,2055.65,2060.01,11681.19
2026-04-03T10:00:00Z,2060.01,2060.01,2051.96,2058.61,17047.02
2026-04-03T11:00:00Z,2058.61,2063.94,2056.51,2061.8,10475.34
2026-04-03T12:00:00Z,2061.8,2080.1,2044.06,2049.02,83258.17
2026-04-03T13:00:00Z,2049.02,2050.38,2040.36,2047.11,50392.85
2026-04-03T14:00:00Z,2047.11,2056.49,2044.16,2053.26,42029.77
2026-04-03T15:00:00Z,2053.26,2056.76,2048.2,2050.22,13555.28
2026-04-03T16:00:00Z,2050.22,2055.64,2048.56,2053.65,9032.57
2026-04-03T17:00:00Z,2053.65,2054.35,2042.59,2049.13,18753.09
2026-04-03T18:00:00Z,2049.13,2052.25,2046.67,2048.26,6711.07
2026-04-03T19:00:00Z,2048.26,2053.75,2044.5,2051.68,25695.79
2026-04-03T20:00:00Z,2051.68,2054.11,2050.83,2051.84,3911.8
2026-04-03T21:00:00Z,2051.84,2060.42,2051.57,2057.74,15736.09
2026-04-03T22:00:00Z,2057.74,2059.15,2048.39,2051.05,7698.36
2026-04-03T23:00:00Z,2051.05,2053.62,2048.5,2053.04,7089.06
2026-04-04T00:00:00Z,2053.04,2053.19,2050.51,2051.4,3521.46
2026-04-04T01:00:00Z,2051.4,2053,2048.77,2050.69,7626.31
2026-04-04T02:00:00Z,2050.69,2052.83,2047.1,2049.52,6827
2026-04-04T03:00:00Z,2049.52,2051.44,2048.91,2049.4,3662.64
2026-04-04T04:00:00Z,2049.4,2050.93,2047.78,2050.31,2902.83
2026-04-04T05:00:00Z,2050.31,2054.3,2049.6,2053.01,6804.35
2026-04-04T06:00:00Z,2053.01,2057.35,2052,2055.59,11225.38
2026-04-04T07:00:00Z,2055.59,2056.29,2050.51,2053.04,8931
2026-04-04T08:00:00Z,2053.04,2054.55,2048.34,2049.94,11359.27
2026-04-04T09:00:00Z,2049.94,2051.33,2048.5,2049.73,7386.31
2026-04-04T10:00:00Z,2049.73,2054.56,2046.75,2053.6,19359.32
2026-04-04T11:00:00Z,2053.6,2054.45,2050.36,2051.17,9932.37
2026-04-04T12:00:00Z,2051.17,2052.6,2046.9,2049.15,21186.65
2026-04-04T13:00:00Z,2049.15,2053.99,2048.85,2052.36,15951.24
2026-04-04T14:00:00Z,2052.36,2053.88,2043.09,2052.35,21340.25
2026-04-04T15:00:00Z,2052.35,2061.38,2051.35,2055.11,38999.41
2026-04-04T16:00:00Z,2055.11,2061.32,2052.3,2054.75,21120.35
2026-04-04T17:00:00Z,2054.75,2057.26,2051.63,2055.95,19083.04
2026-04-04T18:00:00Z,2055.95,2057.52,2053.97,2054.31,2987.22
2026-04-04T19:00:00Z,2054.31,2083.73,2054.16,2064.04,90628.51
2026-04-04T20:00:00Z,2064.04,2064.24,2059.04,2062.22,11712.9
2026-04-04T21:00:00Z,2062.22,2071.71,2061.95,2068.06,14039.86
2026-04-04T22:00:00Z,2068.06,2071.45,2067.33,2068.25,8399.2
2026-04-04T23:00:00Z,2068.25,2068.38,2061.69,2064.78,10861.16
2026-04-05T00:00:00Z,2064.78,2065.02,2058.86,2061.45,9907.53
2026-04-05T01:00:00Z,2061.45,2061.7,2056.22,2056.47,10816.94
2026-04-05T02:00:00Z,2056.47,2059.34,2052.67,2059.1,14843.46
2026-04-05T03:00:00Z,2059.1,2059.82,2054.41,2055.96,4712.19
2026-04-05T04:00:00Z,2055.96,2057.4,2053.18,2054.33,11553.23
2026-04-05T05:00:00Z,2054.33,2056.17,2046.08,2047.89,21308.34
2026-04-05T06:00:00Z,2047.89,2048.28,2026.06,2037.25,71705.07
2026-04-05T07:00:00Z,2037.25,2041.7,2032.99,2036.25,21513.15
2026-04-05T08:00:00Z,2036.25,2039.08,2034.75,2038.21,6038.41
2026-04-05T09:00:00Z,2038.21,2045.23,2037.87,2043.4,10897.7
2026-04-05T10:00:00Z,2043.4,2052.44,2041.25,2043.64,19092.84
2026-04-05T11:00:00Z,2043.64,2045,2039.36,2041.11,12499.49
2026-04-05T12:00:00Z,2041.11,2041.11,2020.14,2027.22,53976.59
2026-04-05T13:00:00Z,2027.22,2036.9,2024.44,2035.65,41947.76
2026-04-05T14:00:00Z,2035.65,2042.89,2034.14,2037.63,28294.98
2026-04-05T15:00:00Z,2037.63,2069.6,2033.39,2053.16,94978.06
2026-04-05T16:00:00Z,2053.16,2058.78,2049.1,2051.25,21041.22
2026-04-05T17:00:00Z,2051.25,2062.33,2047.42,2061.58,18987.6
2026-04-05T18:00:00Z,2061.58,2066.78,2055.98,2062.18,17730.95
2026-04-05T19:00:00Z,2062.18,2069.13,2056.9,2061.14,31886.04
2026-04-05T20:00:00Z,2061.14,2074.69,2060.76,2067.96,34527.98
2026-04-05T21:00:00Z,2067.96,2068.15,2055.55,2059.19,27612.75
2026-04-05T22:00:00Z,2059.19,2087.41,2048.86,2084.89,93646.2
2026-04-05T23:00:00Z,2084.89,2122.5,2081.18,2109.29,137148.55
2026-04-06T00:00:00Z,2109.29,2134.59,2109.29,2120.85,126654.67
2026-04-06T01:00:00Z,2120.85,2123.8,2111.3,2114.15,48647.94
2026-04-06T02:00:00Z,2114.15,2146.5,2113.45,2132.6,62499.62
2026-04-06T03:00:00Z,2132.6,2136.45,2125.2,2128.37,32039.14
2026-04-06T04:00:00Z,2128.37,2134.15,2124.06,2130.06,24003.95
2026-04-06T05:00:00Z,2130.06,2133.82,2127.27,2130.41,11805.96
2026-04-06T06:00:00Z,2130.41,2138.14,2119.05,2126.45,43045.5
2026-04-06T07:00:00Z,2126.45,2140.35,2121.8,2134.13,30427.44
2026-04-06T08:00:00Z,2134.13,2147.35,2132.42,2137.41,43053.99
2026-04-06T09:00:00Z,2137.41,2173.75,2137.4,2149.89,115297.95
2026-04-06T10:00:00Z,2149.89,2156.49,2148,2152.24,25096.43
2026-04-06T11:00:00Z,2152.24,2152.69,2145.14,2150.42,17322.28
2026-04-06T12:00:00Z,2150.42,2153.65,2140.9,2142.25,29716.79
2026-04-06T13:00:00Z,2142.25,2148.34,2136.45,2144.92,45692.81
2026-04-06T14:00:00Z,2144.92,2165.98,2136,2155.21,119231.67
2026-04-06T15:00:00Z,2155.21,2168.89,2153.96,2163.41,60100.57
2026-04-06T16:00:00Z,2163.41,2167.36,2138.79,2139.01,48180.77
2026-04-06T17:00:00Z,2139.01,2139.58,2122.23,2133.78,74852.29
2026-04-06T18:00:00Z,2133.78,2147.7,2130.45,2143.64,33512.54
2026-04-06T19:00:00Z,2143.64,2144.78,2134.41,2142.93,22726.45
2026-04-06T20:00:00Z,2142.93,2153.88,2138.94,2147.54,20377.97
2026-04-06T21:00:00Z,2147.54,2147.54,2136.16,2138.18,17623.72
2026-04-06T22:00:00Z,2138.18,2139.72,2104,2104.01,60277.42
2026-04-06T23:00:00Z,2104.01,2109.4,2086.48,2105.89,113889.04
2026-04-07T00:00:00Z,2105.89,2119.48,2104.19,2111.48,46493.33
2026-04-07T01:00:00Z,2111.48,2118.97,2096.26,2098.09,49748.53
2026-04-07T02:00:00Z,2098.09,2110.79,2092.09,2105.5,33105.32
2026-04-07T03:00:00Z,2105.5,2108.76,2102.5,2107.21,15923.96
2026-04-07T04:00:00Z,2107.21,2118.25,2102.48,2113.15,22497.13
2026-04-07T05:00:00Z,2113.15,2113.6,2102.65,2104.42,15988.1
2026-04-07T06:00:00Z,2104.42,2105.79,2095.5,2103.09,25183.2
2026-04-07T07:00:00Z,2103.09,2105.6,2097.94,2103.25,17684.34
2026-04-07T08:00:00Z,2103.25,2116.61,2102.42,2113.91,32892.52
2026-04-07T09:00:00Z,2113.91,2133.06,2113.16,2127.36,54634.12
2026-04-07T10:00:00Z,2127.36,2130.39,2084.21,2088.21,93323.32
2026-04-07T11:00:00Z,2088.21,2092.99,2081,2088.52,46274.5
2026-04-07T12:00:00Z,2088.52,2092.62,2072.55,2085.87,82378.41
2026-04-07T13:00:00Z,2085.87,2092.56,2073.5,2073.94,47547.28
2026-04-07T14:00:00Z,2073.94,2080.69,2058.49,2068.5,102098.54
2026-04-07T15:00:00Z,2068.5,2083,2063.72,2079.39,47999.32
2026-04-07T16:00:00Z,2079.39,2090,2076.5,2082.78,41651.39
2026-04-07T17:00:00Z,2082.78,2114.11,2078.56,2098.51,66814.99
2026-04-07T18:00:00Z,2098.51,2100.72,2081.23,2085.35,32354.48
2026-04-07T19:00:00Z,2085.35,2116.63,2083.27,2112.66,64292.06
2026-04-07T20:00:00Z,2112.66,2125,2109.71,2114.76,45489.74
2026-04-07T21:00:00Z,2114.76,2152.81,2114.68,2144.49,158794
2026-04-07T22:00:00Z,2144.49,2219.61,2144.49,2219.26,208263.46
2026-04-07T23:00:00Z,2219.26,2273.2,2214.6,2239.21,205458.27
2026-04-08T00:00:00Z,2239.21,2250.06,2226.68,2235.27,66404.58
2026-04-08T01:00:00Z,2235.27,2241.82,2229.21,2233.06,30999.22
2026-04-08T02:00:00Z,2233.06,2246.92,2229.58,2236.22,50579.43
2026-04-08T03:00:00Z,2236.22,2238.87,2231.01,2233.54,14687.94
2026-04-08T04:00:00Z,2233.54,2251.91,2233.54,2239.39,50645.36
2026-04-08T05:00:00Z,2239.39,2244.68,2237.17,2239.67,20432.4
2026-04-08T06:00:00Z,2239.67,2253.58,2234.41,2244.63,32719.47
2026-04-08T07:00:00Z,2244.63,2260,2243.21,2252.43,40378.44
2026-04-08T08:00:00Z,2252.43,2258.18,2248.87,2255.14,26513.04
2026-04-08T09:00:00Z,2255.14,2263.29,2245,2248.46,33113.87
2026-04-08T10:00:00Z,2248.46,2252.71,2241,2241.57,24125.95
2026-04-08T11:00:00Z,2241.57,2254.37,2236.64,2246.12,40415.84
2026-04-08T12:00:00Z,2246.12,2258.8,2241.11,2254.57,45592.19
2026-04-08T13:00:00Z,2254.57,2270.25,2230.25,2234.59,144120.38
2026-04-08T14:00:00Z,2234.59,2239.76,2186.47,2194.48,174392.61
2026-04-08T15:00:00Z,2194.48,2217.32,2192.21,2214.5,82941.34
2026-04-08T16:00:00Z,2214.5,2224.46,2210.17,2219.78,47280.73
2026-04-08T17:00:00Z,2219.78,2239,2212.18,2230.96,71925.4
2026-04-08T18:00:00Z,2230.96,2231.81,2197.95,2200.75,57912.17
2026-04-08T19:00:00Z,2200.75,2211.21,2196.91,2210.26,41278.37
2026-04-08T20:00:00Z,2210.26,2215.9,2205,2209.17,11255.28
2026-04-08T21:00:00Z,2209.17,2222.67,2207.15,2214.31,19999.38
2026-04-08T22:00:00Z,2214.31,2214.7,2185.58,2189.1,43338.46
2026-04-08T23:00:00Z,2189.1,2193.33,2178.54,2189.15,46403.11
2026-04-09T00:00:00Z,2189.15,2193.48,2178.58,2182.25,26324.68
2026-04-09T01:00:00Z,2182.25,2184.62,2161,2178.34,57943.63
2026-04-09T02:00:00Z,2178.34,2184.99,2173.37,2180.85,24287.19
2026-04-09T03:00:00Z,2180.85,2183.37,2174.72,2181.66,16996.29
2026-04-09T04:00:00Z,2181.66,2181.86,2175.66,2177.08,10342.07
2026-04-09T05:00:00Z,2177.08,2188.56,2174.75,2181.7,24713.75
2026-04-09T06:00:00Z,2181.7,2185.67,2174.75,2180.96,14208.92
2026-04-09T07:00:00Z,2180.96,2185.64,2178.31,2179.96,17575.52
2026-04-09T08:00:00Z,2179.96,2193.59,2175.02,2185.71,33895.21
2026-04-09T09:00:00Z,2185.71,2197.59,2178.17,2193.34,31755.33
2026-04-09T10:00:00Z,2193.34,2195.41,2187.2,2189.91,19683.09
2026-04-09T11:00:00Z,2189.91,2192.41,2177.15,2179.37,40954.91
2026-04-09T12:00:00Z,2179.37,2187.14,2173.4,2182.84,35667.28
2026-04-09T13:00:00Z,2182.84,2186,2157.71,2164.77,70543.14
2026-04-09T14:00:00Z,2164.77,2181.99,2156.28,2177.05,74530.56
2026-04-09T15:00:00Z,2177.05,2224.86,2168.83,2217.3,169664.96
2026-04-09T16:00:00Z,2217.3,2229,2192.06,2207.7,83417.88
2026-04-09T17:00:00Z,2207.7,2225.28,2205.51,2222.06,75542.61
2026-04-09T18:00:00Z,2222.06,2222.89,2199.34,2206.14,68915.63
2026-04-09T19:00:00Z,2206.14,2224.52,2203.24,2215.5,53320.11
2026-04-09T20:00:00Z,2215.5,2221.41,2209.64,2212.15,19899.16
2026-04-09T21:00:00Z,2212.15,2225.82,2206.8,2209.74,27486.62
2026-04-09T22:00:00Z,2209.74,2245.99,2196.27,2196.6,64064.74
2026-04-09T23:00:00Z,2196.6,2200,2182.01,2188.91,39734.46
2026-04-10T00:00:00Z,2188.91,2196.7,2180.19,2194.17,32117.92
2026-04-10T01:00:00Z,2194.17,2204.17,2175.31,2193.57,45463.23
2026-04-10T02:00:00Z,2193.57,2197.75,2186,2188.14,16479.43
2026-04-10T03:00:00Z,2188.14,2191.47,2181.28,2185.26,19196.57
2026-04-10T04:00:00Z,2185.26,2199.23,2184.82,2194.95,21169.95
2026-04-10T05:00:00Z,2194.95,2202.54,2191.46,2195.98,29557.57
2026-04-10T06:00:00Z,2195.98,2197.43,2183,2185.44,19955.47
2026-04-10T07:00:00Z,2185.44,2187.64,2175.19,2178.65,29950.48
2026-04-10T08:00:00Z,2178.65,2189.57,2176.21,2184.95,35271.74
2026-04-10T09:00:00Z,2184.95,2196.95,2184.75,2195.05,32626.09
2026-04-10T10:00:00Z,2195.05,2197.3,2189.49,2196.14,17980.87
2026-04-10T11:00:00Z,2196.14,2223.48,2195.84,2214.56,65092.46
2026-04-10T12:00:00Z,2214.56,2228.95,2206.8,2217.79,74075.55
2026-04-10T13:00:00Z,2217.79,2224.48,2207.11,2221.61,56658.61
2026-04-10T14:00:00Z,2221.61,2252,2219.53,2241.1,126266.22
2026-04-10T15:00:00Z,2241.1,2256.93,2218.1,2223.1,91483.2
2026-04-10T16:00:00Z,2223.1,2246.5,2220,2243.99,62342.93
2026-04-10T17:00:00Z,2243.99,2248.09,2237.5,2247.16,31075.04
2026-04-10T18:00:00Z,2247.16,2250.97,2237.27,2247.79,25245.63
2026-04-10T19:00:00Z,2247.79,2254.55,2241.8,2251.64,24533.77
2026-04-10T20:00:00Z,2251.64,2256.98,2241.4,2254,29075.34
2026-04-10T21:00:00Z,2254,2254.56,2241.14,2253.52,16749.22
2026-04-10T22:00:00Z,2253.52,2254.17,2233.4,2241.25,25369.57
2026-04-10T23:00:00Z,2241.25,2244.64,2237.86,2244.11,11917.68
2026-04-11T00:00:00Z,2244.11,2244.11,2234.71,2237.7,8623.43
2026-04-11T01:00:00Z,2237.7,2245.5,2233.48,2243.2,10574.52
2026-04-11T02:00:00Z,2243.2,2251.16,2240.87,2247,14769.3
2026-04-11T03:00:00Z,2247,2249.5,2234.39,2236.1,15373.61
2026-04-11T04:00:00Z,2236.1,2241.92,2234.4,2239.91,11273.57
2026-04-11T05:00:00Z,2239.91,2240.66,2227.62,2231.67,23436.25
2026-04-11T06:00:00Z,2231.67,2235.74,2228.5,2234.87,12565.9
2026-04-11T07:00:00Z,2234.87,2235.5,2229.82,2231.88,11866.49
2026-04-11T08:00:00Z,2231.88,2234.47,2230.67,2231.68,9544.75
2026-04-11T10:00:00Z,2242.5,2244,2236.36,2239.33,12760.04
2026-04-11T11:00:00Z,2239.33,2245.99,2237.41,2244.84,17275.95
2026-04-11T12:00:00Z,2244.84,2245.77,2239.74,2244,11823.02
2026-04-11T13:00:00Z,2244,2244.07,2232.2,2238.37,26631.21
2026-04-11T14:00:00Z,2238.37,2243.22,2237.07,2241.05,12871.26
2026-04-11T15:00:00Z,2241.05,2255.69,2240.21,2248.43,34904.93
2026-04-11T16:00:00Z,2248.43,2274.26,2245.39,2257.72,55871.64
2026-04-11T17:00:00Z,2257.72,2264.6,2252.22,2258.64,36339.95
2026-04-11T18:00:00Z,2258.64,2311.31,2255.77,2304.1,149558.44
2026-04-11T19:00:00Z,2304.1,2329.32,2304.1,2314.95,82937.75
2026-04-11T20:00:00Z,2314.95,2316.09,2287,2297.16,59975.54
2026-04-11T21:00:00Z,2297.16,2302.99,2290.79,2298.18,20118.47
2026-04-11T22:00:00Z,2298.18,2306.99,2287.43,2295.73,38520.03
2026-04-11T23:00:00Z,2295.73,2295.73,2275.31,2283.94,29345.74
2026-04-12T00:00:00Z,2283.94,2287.37,2276,2284.64,22776.2
2026-04-12T01:00:00Z,2284.64,2287.47,2207.63,2218.01,163382.69
2026-04-12T02:00:00Z,2218.01,2233.32,2205.68,2222.61,61768.77
2026-04-12T03:00:00Z,2222.61,2226.29,2211.66,2212.9,31563.57
2026-04-12T04:00:00Z,2212.9,2215.72,2208.75,2211.22,17337.84
2026-04-12T05:00:00Z,2211.22,2219.08,2207.47,2216.17,26371.21
2026-04-12T06:00:00Z,2216.17,2219.9,2213.41,2215.14,14241.86
2026-04-12T07:00:00Z,2215.14,2219.67,2211.58,2217.3,19813.82
2026-04-12T08:00:00Z,2217.3,2218.32,2210.86,2213.26,11821.13
2026-04-12T09:00:00Z,2213.26,2215.4,2210.23,2213.23,12143.95
2026-04-12T10:00:00Z,2213.23,2216.83,2191.81,2200.86,51990.32
2026-04-12T11:00:00Z,2200.86,2206.66,2196.64,2203.46,20511.47
2026-04-12T12:00:00Z,2203.46,2207.21,2187.62,2193.46,54765.74
2026-04-12T13:00:00Z,2193.46,2198,2183.46,2185.99,52202.54
2026-04-12T14:00:00Z,2185.99,2192.71,2177.13,2179.81,45770.23
2026-04-12T15:00:00Z,2179.81,2187.95,2173.1,2185.58,29780.94
2026-04-12T16:00:00Z,2185.58,2189.57,2181.79,2186.35,12943.56
2026-04-12T17:00:00Z,2186.35,2204.27,2186.35,2202.11,33599.75
2026-04-12T18:00:00Z,2202.11,2206.2,2198.21,2199.44,18451.81
2026-04-12T19:00:00Z,2199.44,2204.4,2196.35,2197.26,9074.04
2026-04-12T20:00:00Z,2197.26,2217.99,2192.08,2212.8,52879.77
2026-04-12T21:00:00Z,2212.8,2217.22,2203.9,2210.6,16487.27
2026-04-12T22:00:00Z,2210.6,2210.6,2182.05,2198.69,61521.58
2026-04-12T23:00:00Z,2198.69,2198.74,2185.3,2190.81,14075.12
2026-04-13T00:00:00Z,2190.81,2207.67,2186.25,2204.41,27806.95
2026-04-13T01:00:00Z,2204.41,2208.76,2199.56,2202.75,11198.8
2026-04-13T02:00:00Z,2202.75,2205.18,2191.5,2193.39,14229.77
2026-04-13T03:00:00Z,2193.39,2195.82,2189.46,2193.5,9199.77
2026-04-13T04:00:00Z,2193.5,2198.93,2187,2189.52,15238.55
2026-04-13T05:00:00Z,2189.52,2190.84,2181,2190.78,22042.42
2026-04-13T06:00:00Z,2190.78,2201.3,2189.97,2197.77,23773.57
2026-04-13T07:00:00Z,2197.77,2199.58,2182.39,2185.95,24939.61
2026-04-13T08:00:00Z,2185.95,2189,2178.15,2184.56,24086.4
2026-04-13T09:00:00Z,2184.56,2195,2184.56,2187.36,16444.1
2026-04-13T10:00:00Z,2187.36,2188.34,2177.88,2183.04,19145.39
2026-04-13T11:00:00Z,2183.04,2190.74,2181.83,2186.64,17430.76
2026-04-13T12:00:00Z,2186.64,2198.15,2175,2191.69,46146.5
2026-04-13T13:00:00Z,2191.69,2214.72,2180.16,2214.12,113745.12
2026-04-13T14:00:00Z,2214.12,2234.05,2201.94,2232.46,90033.75
2026-04-13T15:00:00Z,2232.46,2235.45,2197.94,2208.06,71048.29
2026-04-13T16:00:00Z,2208.06,2233.44,2198.49,2224.7,66701.53
2026-04-13T17:00:00Z,2224.7,2241.99,2221.25,2224.08,49135.9
2026-04-13T18:00:00Z,2224.08,2232.88,2217.42,2231.21,27492.83
2026-04-13T19:00:00Z,2231.21,2268,2226.69,2260.97,111851.83
2026-04-13T20:00:00Z,2260.97,2262.54,2246.22,2251.35,40392.63
2026-04-13T21:00:00Z,2251.35,2265.24,2248.64,2258.75,31138.09
2026-04-13T22:00:00Z,2258.75,2362.3,2258.4,2351.53,235584.28
2026-04-13T23:00:00Z,2351.53,2393,2340.2,2367.46,196995.75
2026-04-14T00:00:00Z,2367.46,2373.4,2358.24,2359.34,37052.5
2026-04-14T01:00:00Z,2359.34,2371.95,2352.05,2367.02,32000.47
2026-04-14T02:00:00Z,2367.02,2376.91,2364.6,2365.92,23737.32
2026-04-14T03:00:00Z,2365.92,2368.94,2360.25,2363.88,19782.08
2026-04-14T04:00:00Z,2363.88,2366.75,2360.32,2362.67,13218.36
2026-04-14T05:00:00Z,2362.67,2368,2353.15,2354.13,21524.92
2026-04-14T06:00:00Z,2354.13,2375.28,2354.13,2371.14,23629.43
2026-04-14T07:00:00Z,2371.14,2388,2368.65,2375.89,52958.18
2026-04-14T08:00:00Z,2375.89,2395,2372.25,2385.98,49018.65
2026-04-14T09:00:00Z,2385.98,2392.88,2380.83,2385.48,51330.06
2026-04-14T10:00:00Z,2385.48,2386.22,2371.38,2373.72,27913.23
2026-04-14T11:00:00Z,2373.72,2376.59,2365.72,2372.68,32957.43
2026-04-14T12:00:00Z,2372.68,2376.8,2367.33,2372.31,33406.75
2026-04-14T13:00:00Z,2372.31,2394.6,2370.79,2389.77,85758.46
2026-04-14T14:00:00Z,2389.77,2415,2350.84,2351.59,197655.05
2026-04-14T15:00:00Z,2351.59,2370.44,2331.45,2362.83,147324.38
2026-04-14T16:00:00Z,2362.83,2370,2328,2332.28,99831.28
2026-04-14T17:00:00Z,2332.28,2344.1,2322.09,2336.94,65262.76
2026-04-14T18:00:00Z,2336.94,2343.1,2307.58,2312.41,58600.99
2026-04-14T19:00:00Z,2312.41,2321.34,2301.58,2312.15,45196.42
2026-04-14T20:00:00Z,2312.15,2321.48,2307.36,2313.82,21266.69
2026-04-14T21:00:00Z,2313.82,2325.38,2313.49,2322.14,16596.97
2026-04-14T22:00:00Z,2322.14,2331.39,2310.2,2313.7,27471.85
2026-04-14T23:00:00Z,2313.7,2325.75,2313.09,2321.22,23492.77
2026-04-15T00:00:00Z,2321.22,2344.97,2320.5,2333.02,93482.88
2026-04-15T01:00:00Z,2333.02,2342.24,2330.55,2335,29190.8
2026-04-15T02:00:00Z,2335,2337.61,2316.74,2323.96,23181.36
2026-04-15T03:00:00Z,2323.96,2328.73,2319.48,2327.93,14493.9
2026-04-15T04:00:00Z,2327.93,2333.46,2327.18,2332.31,18852.14
2026-04-15T05:00:00Z,2332.31,2337.36,2312.88,2318.6,35387.79
2026-04-15T06:00:00Z,2318.6,2320.36,2314.39,2316.51,11506.94
2026-04-15T07:00:00Z,2316.51,2322.99,2306.77,2315.76,34667.92
2026-04-15T08:00:00Z,2315.76,2332.3,2312.99,2326.56,30500.72
2026-04-15T09:00:00Z,2326.56,2328.84,2317.44,2319.3,14771.19
2026-04-15T10:00:00Z,2319.3,2327.74,2311.05,2315.92,37857.95
2026-04-15T11:00:00Z,2315.92,2338.79,2315.77,2336.21,47207.97
2026-04-15T12:00:00Z,2336.21,2338.88,2328.57,2331.56,23602.44
2026-04-15T13:00:00Z,2331.56,2333.82,2316.35,2326,55204.97
2026-04-15T14:00:00Z,2326,2344,2320.55,2337.3,51578.42
2026-04-15T15:00:00Z,2337.3,2349.7,2319.31,2330.77,60525.86
2026-04-15T16:00:00Z,2330.77,2348.91,2327.9,2340.49,43020.11
2026-04-15T17:00:00Z,2340.49,2357,2338.32,2347.61,43152.12
2026-04-15T18:00:00Z,2347.61,2358.82,2345.11,2357.2,30385.15
2026-04-15T19:00:00Z,2357.2,2384.66,2356,2373.63,76962.53
2026-04-15T20:00:00Z,2373.63,2374.89,2352.49,2361.61,36253.64
2026-04-15T21:00:00Z,2361.61,2362.46,2347.09,2360.11,21692.25
2026-04-15T22:00:00Z,2360.11,2379.59,2359,2362.04,36469.54
2026-04-15T23:00:00Z,2362.04,2362.28,2348.12,2358.76,28884.29
2026-04-16T00:00:00Z,2358.76,2362.45,2348.55,2359.39,13648.39
2026-04-16T01:00:00Z,2359.39,2359.39,2343.28,2350.81,21882.84
2026-04-16T02:00:00Z,2350.81,2368.47,2348.75,2355.24,26433.26
2026-04-16T03:00:00Z,2355.24,2364.49,2354.25,2356.35,11270.22
2026-04-16T04:00:00Z,2356.35,2362.5,2346.66,2352.67,20212.83
2026-04-16T05:00:00Z,2352.67,2360.5,2348.61,2355.83,13490.51
2026-04-16T06:00:00Z,2355.83,2359.2,2348.21,2354.81,16037.82
2026-04-16T07:00:00Z,2354.81,2356.23,2334,2340.52,34192.21
2026-04-16T08:00:00Z,2340.52,2344.66,2333.33,2338.1,43070.26
2026-04-16T09:00:00Z,2338.1,2347.19,2336.5,2337.16,18200.31
2026-04-16T10:00:00Z,2337.16,2339.46,2327.03,2331.2,44129.3
2026-04-16T11:00:00Z,2331.2,2335.5,2328.49,2334.69,22635.45
2026-04-16T12:00:00Z,2334.69,2348.16,2333.7,2339.05,28194.22
2026-04-16T13:00:00Z,2339.05,2351.79,2288.52,2307.01,133146.6
2026-04-16T14:00:00Z,2307.01,2315.19,2283.25,2308.7,152465.03
2026-04-16T15:00:00Z,2308.7,2349.04,2307.2,2337.87,94198.16
2026-04-16T16:00:00Z,2337.87,2347.86,2308.59,2315.7,61478.87
2026-04-16T17:00:00Z,2315.7,2328.61,2309,2324.75,33541.47
2026-04-16T18:00:00Z,2324.75,2346.07,2319.24,2342.44,47664.44
2026-04-16T19:00:00Z,2342.44,2361.27,2333.49,2358.72,47827.51
2026-04-16T20:00:00Z,2358.72,2364.15,2340.3,2349.1,33575.87
2026-04-16T21:00:00Z,2349.1,2355.55,2334.78,2340.17,18771.14
2026-04-16T22:00:00Z,2340.17,2350,2337.76,2341.37,14582.07
2026-04-16T23:00:00Z,2341.37,2354.28,2340.31,2346.91,11206.94
2026-04-17T00:00:00Z,2346.91,2349.89,2339.64,2343.09,13491.52
2026-04-17T01:00:00Z,2343.09,2347.91,2325.66,2333.83,46120.49
2026-04-17T02:00:00Z,2333.83,2337.75,2323.75,2330.82,21993.63
2026-04-17T03:00:00Z,2330.82,2330.82,2322.1,2324.59,12634.51
2026-04-17T04:00:00Z,2324.59,2332.8,2323,2327.82,10479.49
2026-04-17T05:00:00Z,2327.82,2328.2,2314.89,2318.16,28922.06
2026-04-17T06:00:00Z,2318.16,2331.46,2316.44,2330.15,17287.23
2026-04-17T07:00:00Z,2330.15,2341,2328.88,2333.38,27905.82
2026-04-17T08:00:00Z,2333.38,2358.55,2331.89,2353.76,54571.09
2026-04-17T09:00:00Z,2353.76,2376.47,2346.67,2357.79,73995.02
2026-04-17T10:00:00Z,2357.79,2359.86,2334.83,2342.69,61881.46
2026-04-17T11:00:00Z,2342.69,2355.8,2342,2353.83,25420.92
2026-04-17T12:00:00Z,2353.83,2380.88,2348,2370.28,138503.34
2026-04-17T13:00:00Z,2370.28,2439.25,2364.86,2434.93,316215.1
2026-04-17T14:00:00Z,2434.93,2455.62,2422.4,2444.67,143732.13
2026-04-17T15:00:00Z,2444.67,2447.98,2430.33,2439.99,78573.63
2026-04-17T16:00:00Z,2439.99,2463,2439.47,2449.56,71200.37
2026-04-17T17:00:00Z,2449.56,2450.62,2419.29,2438.12,58044.77
2026-04-17T18:00:00Z,2438.12,2440.7,2413.4,2418.1,44825.76
2026-04-17T19:00:00Z,2418.1,2430.93,2415.44,2425.95,24554.93
2026-04-17T20:00:00Z,2425.95,2433.55,2414.61,2424.49,21058.64
2026-04-17T21:00:00Z,2424.49,2431.6,2417,2427.51,20704.21
2026-04-17T22:00:00Z,2427.51,2440.61,2420.47,2430.94,32379.57
2026-04-17T23:00:00Z,2430.94,2431.12,2413.4,2416.93,24409.76
2026-04-18T00:00:00Z,2416.93,2421.71,2407.44,2419.29,20672.86
2026-04-18T01:00:00Z,2419.29,2425.9,2414.62,2419.19,12262.28
2026-04-18T02:00:00Z,2419.19,2423.16,2415,2417.66,7759.49
2026-04-18T03:00:00Z,2417.66,2418.3,2396.91,2403.52,28241.57
2026-04-18T04:00:00Z,2403.52,2408.5,2397.73,2406,25731.9
2026-04-18T05:00:00Z,2406,2411.99,2404,2406.99,10581.95
2026-04-18T06:00:00Z,2406.99,2410.24,2403.41,2407.96,8495.46
2026-04-18T07:00:00Z,2407.96,2409.22,2400.12,2402.07,11643.9
2026-04-18T08:00:00Z,2402.07,2403.5,2366.02,2379.4,90636.69
2026-04-18T09:00:00Z,2379.4,2379.45,2367.75,2374.41,31034.19
2026-04-18T10:00:00Z,2374.41,2374.73,2352.57,2358,46953.9
2026-04-18T11:00:00Z,2358,2359,2342.01,2351.61,65980.68
2026-04-18T12:00:00Z,2351.61,2361.99,2350.2,2356.67,23438.1
2026-04-18T13:00:00Z,2356.67,2358.88,2344.02,2354.09,29385.25
2026-04-18T14:00:00Z,2354.09,2364.05,2348,2363.51,31206.54
2026-04-18T15:00:00Z,2363.51,2368,2356.65,2361.87,15191.33
2026-04-18T16:00:00Z,2361.87,2373.43,2352.61,2359.09,38242.81
2026-04-18T17:00:00Z,2359.09,2363.47,2351.03,2359.86,13767.71
2026-04-18T18:00:00Z,2359.86,2361.93,2335.86,2345.85,45434.51
2026-04-18T19:00:00Z,2345.85,2354.26,2344.87,2346.86,15339.56
2026-04-18T20:00:00Z,2346.86,2353.45,2343.25,2351.04,8985.98
2026-04-18T21:00:00Z,2351.04,2353.92,2345.89,2353.92,6580.72
2026-04-18T22:00:00Z,2353.92,2358.2,2347.08,2354.99,10688.95
2026-04-18T23:00:00Z,2354.99,2358.52,2348.24,2349.07,7112.55
2026-04-19T00:00:00Z,2349.07,2354.1,2343,2347.81,9268.29
2026-04-19T01:00:00Z,2347.81,2351.78,2340.25,2346.48,9141.46
2026-04-19T02:00:00Z,2346.48,2348.12,2331.6,2336.79,28449.99
2026-04-19T03:00:00Z,2336.79,2342.88,2330.37,2338.42,12149.51
2026-04-19T04:00:00Z,2338.42,2344.92,2319.91,2331.9,34088.91
2026-04-19T05:00:00Z,2331.9,2337.24,2327.28,2331.41,11417.84
2026-04-19T06:00:00Z,2331.41,2331.94,2320.26,2326.02,58337.13
2026-04-19T07:00:00Z,2326.02,2326.13,2295.68,2314.46,103106.4
2026-04-19T08:00:00Z,2314.46,2319.92,2309.66,2317.35,19426.77
2026-04-19T09:00:00Z,2317.35,2318.15,2304.71,2308.85,22449.43
2026-04-19T10:00:00Z,2308.85,2318.85,2305.13,2316.7,19444.42
2026-04-19T11:00:00Z,2316.7,2330,2316,2327.91,30067.68
2026-04-19T12:00:00Z,2327.91,2336.14,2322.75,2329.62,39677.42
2026-04-19T13:00:00Z,2329.62,2348.5,2328.72,2336.99,52190.21
2026-04-19T14:00:00Z,2336.99,2341.78,2325.41,2336.5,28300.77
2026-04-19T15:00:00Z,2336.5,2340.35,2313.51,2329.58,32068.38
2026-04-19T16:00:00Z,2329.58,2330.3,2303.03,2310.49,61762.41
2026-04-19T17:00:00Z,2310.49,2316.58,2293,2295.34,83681.25
2026-04-19T19:00:00Z,2295,2304.32,2293.29,2299.02,19622.92
2026-04-19T20:00:00Z,2299.02,2299.41,2271.32,2279.37,53271.78
2026-04-19T21:00:00Z,2279.37,2289.22,2273.55,2274.81,25634.36
2026-04-19T22:00:00Z,2274.81,2274.96,2251,2268.72,100316.31
2026-04-19T23:00:00Z,2268.72,2269.66,2255.94,2262.51,39051.92
2026-04-20T00:00:00Z,2262.51,2282.23,2258.81,2278.77,29769.8
2026-04-20T01:00:00Z,2278.77,2293.54,2276.88,2284.93,33654.1
2026-04-20T02:00:00Z,2284.93,2286,2270.78,2276.6,25538.75
2026-04-20T03:00:00Z,2276.6,2288.28,2274.87,2285.35,15356.26
2026-04-20T04:00:00Z,2285.35,2285.35,2277.52,2282.05,13323.98
2026-04-20T05:00:00Z,2282.05,2282.26,2261.6,2269.12,26726.35
2026-04-20T06:00:00Z,2269.12,2288.5,2267.46,2285.01,28047.75
2026-04-20T07:00:00Z,2285.01,2331.74,2281.51,2297.06,101467.05
2026-04-20T08:00:00Z,2297.06,2306.99,2288.4,2292.83,30785.32
2026-04-20T09:00:00Z,2292.83,2312.6,2291.98,2307.88,34086
2026-04-20T10:00:00Z,2307.88,2319,2302,2302.16,26146.18
2026-04-20T11:00:00Z,2302.16,2311.62,2298.6,2307.21,22209.64
2026-04-20T12:00:00Z,2307.21,2322.46,2303.14,2317.73,43946.06
2026-04-20T13:00:00Z,2317.73,2325.73,2300.29,2309.56,59961.97
2026-04-20T14:00:00Z,2309.56,2321.26,2281.44,2289.52,96607.92
2026-04-20T15:00:00Z,2289.52,2318.18,2277.06,2312.5,74356.01
2026-04-20T16:00:00Z,2312.5,2313.42,2297,2298.86,29129.67
2026-04-20T17:00:00Z,2298.86,2321.44,2296.26,2315.83,40856.25
2026-04-20T18:00:00Z,2315.83,2342.72,2315.83,2332.78,123189.66
2026-04-20T19:00:00Z,2332.78,2334.8,2324.89,2330.18,25176.74
2026-04-20T20:00:00Z,2330.18,2338.54,2323.57,2335.68,25842.32
2026-04-20T21:00:00Z,2335.68,2345.35,2313.33,2319.85,44250.37
2026-04-20T22:00:00Z,2319.85,2327.17,2314.96,2317.79,13607.92
2026-04-20T23:00:00Z,2317.79,2317.79,2305.22,2312.32,23314.01
2026-04-21T00:00:00Z,2312.32,2323.18,2309.77,2320.42,20711.51
2026-04-21T01:00:00Z,2320.42,2324.96,2310.56,2313.34,19573.07
2026-04-21T02:00:00Z,2313.34,2313.99,2304.23,2306.71,15763.86
2026-04-21T03:00:00Z,2306.71,2311.73,2298.08,2310.01,23586.31
2026-04-21T04:00:00Z,2310.01,2314.36,2302.59,2312.9,15659.73
2026-04-21T05:00:00Z,2312.9,2319.39,2311.11,2312.59,19593.36
2026-04-21T06:00:00Z,2312.59,2326.71,2306.25,2315.74,19442.74
2026-04-21T07:00:00Z,2315.74,2323.39,2309.4,2316.65,25644.87
2026-04-21T08:00:00Z,2316.65,2337.45,2312.05,2321.9,45451.49
2026-04-21T09:00:00Z,2321.9,2326.18,2316.55,2324.12,21014.5
2026-04-21T10:00:00Z,2324.12,2335.94,2323.36,2329.37,31726.98
2026-04-21T11:00:00Z,2329.37,2330.15,2313.83,2319.09,64041.23
2026-04-21T12:00:00Z,2319.09,2323.35,2293.06,2307.21,61610.52
2026-04-21T13:00:00Z,2307.21,2316.44,2299.29,2311.73,38346.9
2026-04-21T14:00:00Z,2311.73,2326.56,2294.04,2298.06,62630.06
2026-04-21T15:00:00Z,2298.06,2310.32,2289,2309.37,67060.94
2026-04-21T16:00:00Z,2309.37,2324.57,2305.19,2306.53,82946.46
2026-04-21T17:00:00Z,2306.53,2319.84,2283,2305.52,112213.95
2026-04-21T18:00:00Z,2305.52,2313.03,2299.57,2312.27,31679.91
2026-04-21T19:00:00Z,2312.27,2332,2286.53,2297.95,85448.9
2026-04-21T20:00:00Z,2297.95,2325.89,2295.3,2314.06,75011.6
2026-04-21T21:00:00Z,2314.06,2317.55,2308.57,2311.81,12315.14
2026-04-21T22:00:00Z,2311.81,2316.41,2301.08,2310.62,15354.04
2026-04-21T23:00:00Z,2310.62,2329.83,2310.23,2326.54,24931.35
2026-04-22T00:00:00Z,2326.54,2329.96,2321.42,2324.63,13854.41
2026-04-22T01:00:00Z,2324.63,2327.83,2312.02,2321.76,24278
2026-04-22T02:00:00Z,2321.76,2374.6,2319.27,2369.49,131657.53
2026-04-22T03:00:00Z,2369.49,2378.23,2357.11,2362.57,76043.34
2026-04-22T04:00:00Z,2362.57,2368.35,2357.11,2362.88,17429.73
2026-04-22T05:00:00Z,2362.88,2411.57,2360.72,2395,173014.87
2026-04-22T06:00:00Z,2395,2395.16,2387.31,2391.53,34533.28
2026-04-22T07:00:00Z,2391.53,2396.43,2382.22,2388.51,37768.65
2026-04-22T08:00:00Z,2388.51,2392.19,2381.22,2386.53,25751.55
2026-04-22T09:00:00Z,2386.53,2392.75,2383.45,2386.11,17944.16
2026-04-22T10:00:00Z,2386.11,2392,2383.39,2388.66,11153.47
2026-04-22T11:00:00Z,2388.66,2399.25,2385.13,2397.22,25293.63
2026-04-22T12:00:00Z,2397.22,2405.76,2394.46,2403.4,44281.28
2026-04-22T13:00:00Z,2403.4,2421.88,2399.62,2415.88,90205.98
2026-04-22T14:00:00Z,2415.88,2422,2390.21,2401.44,69196.24
2026-04-22T15:00:00Z,2401.44,2412.7,2389.16,2402.63,67982.32
2026-04-22T16:00:00Z,2402.63,2412.49,2382.63,2385.12,57615.76
2026-04-22T17:00:00Z,2385.12,2401.76,2385.12,2398.07,38449.39
2026-04-22T18:00:00Z,2398.07,2403.62,2394,2395.76,23960.02
2026-04-22T19:00:00Z,2395.76,2406.4,2387.77,2396.61,34067.51
2026-04-22T20:00:00Z,2396.61,2401.47,2389.52,2390.43,25008.72
2026-04-22T21:00:00Z,2390.43,2405,2390.43,2401.36,13645.14
2026-04-22T22:00:00Z,2401.36,2404,2392.76,2398.69,15978.02
2026-04-22T23:00:00Z,2398.69,2399.56,2372.42,2372.91,40022.9
2026-04-23T00:00:00Z,2372.91,2382.1,2342.17,2371.93,110393.62
2026-04-23T01:00:00Z,2371.93,2371.99,2360,2366.15,28528.72
2026-04-23T02:00:00Z,2366.15,2366.4,2342.74,2351.07,61973.55
2026-04-23T03:00:00Z,2351.07,2352.81,2330.5,2340.01,79542.65
2026-04-23T04:00:00Z,2340.01,2347.95,2336.24,2346.68,27126.78
2026-04-23T05:00:00Z,2346.68,2351.9,2339.34,2347.98,32248.01
2026-04-23T06:00:00Z,2347.98,2358.25,2347.98,2353.24,23938.27
2026-04-23T07:00:00Z,2353.24,2355.77,2339.3,2343.16,25312.62
2026-04-23T08:00:00Z,2343.16,2343.79,2333.97,2338.91,25155.22
2026-04-23T09:00:00Z,2338.91,2338.91,2312.54,2315.79,105595.42
2026-04-23T10:00:00Z,2315.79,2318.67,2305.45,2313.48,59871.72
2026-04-23T11:00:00Z,2313.48,2331.4,2313.48,2328.47,53414.36
2026-04-23T12:00:00Z,2328.47,2335.03,2319.9,2328.2,36148.85
2026-04-23T13:00:00Z,2328.2,2331.86,2314.18,2318.68,34168.93
2026-04-23T14:00:00Z,2318.68,2334,2315,2333.13,44112.39
2026-04-23T15:00:00Z,2333.13,2342.69,2322.84,2331.95,67696.39
2026-04-23T16:00:00Z,2331.95,2334.36,2321.7,2324.72,25379.28
2026-04-23T17:00:00Z,2324.72,2327.98,2283.52,2308.9,142682.93
2026-04-23T18:00:00Z,2308.9,2318.02,2303,2303.73,67194.22
2026-04-23T19:00:00Z,2303.73,2317.9,2298.86,2311.82,42677.49
2026-04-23T20:00:00Z,2311.82,2328.36,2311.56,2324.08,26031.3
2026-04-23T21:00:00Z,2324.08,2327.87,2319.58,2320.3,10552.62
2026-04-23T22:00:00Z,2320.3,2338.19,2320.3,2330.55,25814.06
2026-04-23T23:00:00Z,2330.55,2332.06,2322.65,2329.26,12007.14
2026-04-24T00:00:00Z,2329.26,2336.65,2325.72,2331.35,20892.09
2026-04-24T01:00:00Z,2331.35,2333.65,2317.46,2331.72,25780.14
2026-04-24T02:00:00Z,2331.72,2334.86,2313.88,2318.85,24331.32
2026-04-24T03:00:00Z,2318.85,2321.4,2300.02,2307.6,36185.05
2026-04-24T04:00:00Z,2307.6,2311.13,2297.97,2305.14,29369.67
2026-04-24T05:00:00Z,2305.14,2316.9,2298.93,2314.11,28272.31
2026-04-24T06:00:00Z,2314.11,2316.1,2307.5,2308.19,14376.92
2026-04-24T07:00:00Z,2308.19,2315.65,2307.6,2311.03,25901.99
2026-04-24T08:00:00Z,2311.03,2322.42,2306.5,2314.49,31337.04
2026-04-24T09:00:00Z,2314.49,2315.24,2303.01,2309.34,51425.6
2026-04-24T10:00:00Z,2309.34,2319.21,2304.96,2315.28,20928.55
2026-04-24T11:00:00Z,2315.28,2331.11,2315.15,2327,82849.6
2026-04-24T12:00:00Z,2327,2330.1,2316.72,2323.81,31476.23
2026-04-24T13:00:00Z,2323.81,2330.1,2309.35,2315.8,40575.33
2026-04-24T14:00:00Z,2315.8,2317.5,2302.67,2312.64,84734.5
2026-04-24T15:00:00Z,2312.64,2329,2300.53,2323.29,59488.27
2026-04-24T16:00:00Z,2323.29,2323.67,2309.24,2316.01,36810.02
2026-04-24T17:00:00Z,2316.01,2322.06,2307.93,2319.18,25394.87
2026-04-24T18:00:00Z,2319.18,2321.08,2309.22,2319.19,19303.15
2026-04-24T19:00:00Z,2319.19,2324.66,2318.4,2320.77,11533.1
2026-04-24T20:00:00Z,2320.77,2327,2314.32,2325.37,50187.58
2026-04-24T21:00:00Z,2325.37,2326.62,2310.82,2313.91,35031.36
2026-04-24T22:00:00Z,2313.91,2315.05,2305.8,2310.89,14068.01
2026-04-24T23:00:00Z,2310.89,2315.02,2310.89,2313.87,7424.3
2026-04-25T00:00:00Z,2313.87,2315.04,2310.21,2314.81,5958.27
2026-04-25T01:00:00Z,2314.81,2320,2314.32,2316.8,9126.17
2026-04-25T02:00:00Z,2316.8,2318.18,2313,2316.41,8714.61
2026-04-25T03:00:00Z,2316.41,2319.72,2314.3,2317.67,4081.19
2026-04-25T04:00:00Z,2317.67,2317.95,2314.99,2315.55,3935.29
2026-04-25T05:00:00Z,2315.55,2315.55,2311.93,2314.99,6192.15
2026-04-25T06:00:00Z,2314.99,2316.73,2313.26,2314.86,7432.24
2026-04-25T07:00:00Z,2314.86,2317.87,2312.88,2315.2,5432.43
2026-04-25T08:00:00Z,2315.2,2319.8,2314.63,2318.39,8130.23
2026-04-25T09:00:00Z,2318.39,2322.11,2315.7,2317.88,9773.92
2026-04-25T10:00:00Z,2317.88,2321.6,2317.45,2319.13,8093.07
2026-04-25T11:00:00Z,2319.13,2319.13,2310,2312.95,14506.23
2026-04-25T12:00:00Z,2312.95,2317.97,2310.75,2312.61,26085.26
2026-04-25T13:00:00Z,2312.61,2317.25,2312.61,2315.3,6402.1
2026-04-25T14:00:00Z,2315.3,2317.97,2314.04,2315.07,12053.82
2026-04-25T15:00:00Z,2315.07,2317.49,2300.68,2307.21,43112.44
2026-04-25T16:00:00Z,2307.21,2310.52,2299.03,2309.04,36055.1
2026-04-25T17:00:00Z,2309.04,2313.41,2306.43,2308.83,16152.94
2026-04-25T18:00:00Z,2308.83,2313.82,2307.86,2311.19,14133.92
2026-04-25T19:00:00Z,2311.19,2312.05,2306.63,2309.54,7987.91
2026-04-25T20:00:00Z,2309.54,2312.95,2308.34,2312.66,6015.88
2026-04-25T21:00:00Z,2312.66,2317.29,2312.33,2315.49,9334.37
2026-04-25T22:00:00Z,2315.49,2320.52,2314.63,2317.76,12581.99
2026-04-25T23:00:00Z,2317.76,2319.47,2316.65,2319.29,5707.91
2026-04-26T00:00:00Z,2319.29,2319.47,2311.22,2314.98,10832.23
2026-04-26T01:00:00Z,2314.98,2317.77,2313.15,2313.59,7128.9
2026-04-26T02:00:00Z,2313.59,2318.29,2313.19,2315.1,5107.88
2026-04-26T03:00:00Z,2315.1,2316.39,2306.15,2309.82,10898.17
2026-04-26T04:00:00Z,2309.82,2319.85,2308.77,2317.31,15552.3
2026-04-26T05:00:00Z,2317.31,2336.58,2317.11,2327.56,79968.8
2026-04-26T06:00:00Z,2327.56,2333,2327.05,2329.51,17295.17
2026-04-26T07:00:00Z,2329.51,2331.5,2327.85,2330.74,11487.51
2026-04-26T08:00:00Z,2330.74,2337.47,2329.39,2331.47,12807.28
2026-04-26T09:00:00Z,2331.47,2334.57,2328.5,2333.53,19885.13
2026-04-26T10:00:00Z,2333.53,2335.57,2330.73,2332.06,7433.82
2026-04-26T11:00:00Z,2332.06,2336.59,2331.62,2335.29,10920.38
2026-04-26T12:00:00Z,2335.29,2335.58,2323.44,2328,26839.82
2026-04-26T13:00:00Z,2328,2334.99,2327,2333.99,12539.28
2026-04-26T14:00:00Z,2333.99,2351.74,2332.32,2345.08,47938.98
2026-04-26T15:00:00Z,2345.08,2347.7,2342.51,2347.2,14361.76
2026-04-26T16:00:00Z,2347.2,2348.62,2341.6,2341.6,12606.21
2026-04-26T17:00:00Z,2341.6,2348.89,2339.23,2348.22,9241.56
2026-04-26T18:00:00Z,2348.22,2367.69,2346.2,2360.72,73455.71
2026-04-26T19:00:00Z,2360.72,2375.58,2358.3,2366.52,42662.72
2026-04-26T20:00:00Z,2366.52,2372.1,2360.63,2360.96,12487.14
2026-04-26T21:00:00Z,2360.96,2370.06,2346.32,2363.37,39981.07
2026-04-26T22:00:00Z,2363.37,2379.4,2352,2360.45,38344.12
2026-04-26T23:00:00Z,2360.45,2378,2355.57,2368.6,35480.3
2026-04-27T00:00:00Z,2368.6,2390.64,2358.03,2389.84,73145.88
2026-04-27T01:00:00Z,2389.84,2404,2376.25,2393.65,82142.19
2026-04-27T02:00:00Z,2393.65,2396.16,2386,2390.76,19929.22
2026-04-27T03:00:00Z,2390.76,2399.71,2389.25,2393.6,19297.43
2026-04-27T04:00:00Z,2393.6,2394.99,2379.08,2382,34230.23
2026-04-27T05:00:00Z,2382,2382.51,2317.29,2322.05,238083.44
2026-04-27T06:00:00Z,2322.05,2327.86,2311.5,2319.81,49666.63
2026-04-27T07:00:00Z,2319.81,2322.64,2314,2315.01,41074.21
2026-04-27T08:00:00Z,2315.01,2319.23,2308.11,2319.04,40684.2
2026-04-27T09:00:00Z,2319.04,2325,2314.6,2321.44,28906.46
2026-04-27T10:00:00Z,2321.44,2323.35,2317.69,2319.4,13248.74
2026-04-27T11:00:00Z,2319.4,2322.15,2316.04,2319.31,9928.53
2026-04-27T12:00:00Z,2319.31,2320.54,2311.58,2313.41,30977.34
2026-04-27T13:00:00Z,2313.41,2319.8,2302.38,2311.29,56866.61
2026-04-27T14:00:00Z,2311.29,2328.83,2307.49,2313.84,45180.04
2026-04-27T15:00:00Z,2313.84,2314.23,2264.24,2273.87,160369.95
2026-04-27T16:00:00Z,2273.87,2279.84,2268.77,2276.95,25428.8
2026-04-27T17:00:00Z,2276.95,2291.44,2276.81,2285.69,26088.06
2026-04-27T18:00:00Z,2285.69,2290.9,2283.25,2287.44,10391.03
2026-04-27T19:00:00Z,2287.44,2290.86,2273.73,2288.17,19252.61
2026-04-27T20:00:00Z,2288.17,2295.53,2287.92,2290.34,13797.25
2026-04-27T21:00:00Z,2290.34,2291.37,2285.61,2286.1,6522.45
2026-04-27T22:00:00Z,2286.1,2294.75,2283.3,2293.45,10668.36
2026-04-27T23:00:00Z,2293.45,2307.66,2290.01,2302.68,24319.94
2026-04-28T00:00:00Z,2302.68,2311.3,2298.22,2305.58,31671.47
2026-04-28T01:00:00Z,2305.58,2307.63,2296.2,2297.68,21699.79
2026-04-28T02:00:00Z,2297.68,2299.8,2278.84,2287.79,33407.56
2026-04-28T04:00:00Z,2289.65,2293.6,2282.01,2287.72,17382.04
2026-04-28T05:00:00Z,2287.72,2296.41,2285.32,2286.89,16924.79
2026-04-28T06:00:00Z,2286.89,2289.98,2268,2276.7,29486.03
2026-04-28T07:00:00Z,2276.7,2287.89,2268.93,2286.76,29909.16
2026-04-28T08:00:00Z,2286.76,2291.14,2282.42,2286.22,19670.12
2026-04-28T09:00:00Z,2286.22,2287.97,2275.78,2281.49,19409.1
2026-04-28T10:00:00Z,2281.49,2286.5,2279.85,2283.49,11152.85
2026-04-28T11:00:00Z,2283.49,2284.47,2269.5,2274.69,34508.51
2026-04-28T12:00:00Z,2274.69,2280.22,2270.73,2277.39,27375.27
2026-04-28T13:00:00Z,2277.39,2284.99,2256,2275.15,86854.16
2026-04-28T14:00:00Z,2275.15,2275.66,2259.84,2272.64,56073.7
2026-04-28T15:00:00Z,2272.64,2279.75,2268.2,2278.77,27878.74
2026-04-28T16:00:00Z,2278.77,2287.88,2273.4,2285.17,31146.36
2026-04-28T17:00:00Z,2285.17,2292.75,2277.77,2289.55,30499.33
2026-04-28T18:00:00Z,2289.55,2298,2286.62,2296.18,28955.71
2026-04-28T19:00:00Z,2296.18,2304.55,2288.26,2300.9,45869.85
2026-04-28T20:00:00Z,2300.9,2304.99,2294.33,2294.39,9292.09
2026-04-28T21:00:00Z,2294.39,2296.37,2284.59,2289.27,19135.93
2026-04-28T22:00:00Z,2289.27,2293.71,2284.13,2285.25,8206.08
2026-04-28T23:00:00Z,2285.25,2289.32,2282.74,2288.33,6930.25
2026-04-29T00:00:00Z,2288.33,2293.83,2284.7,2291.76,15966.59
2026-04-29T01:00:00Z,2291.76,2296.67,2278.09,2291.89,36047.35
2026-04-29T02:00:00Z,2291.89,2294.95,2283.57,2288.05,13853.46
2026-04-29T03:00:00Z,2288.05,2315.64,2287,2310.59,64840.98
2026-04-29T04:00:00Z,2310.59,2341.81,2308.3,2325.85,102595.12
2026-04-29T05:00:00Z,2325.85,2331.24,2321.45,2327.77,28169.3
2026-04-29T06:00:00Z,2327.77,2335.42,2319.22,2323.48,36190.73
2026-04-29T07:00:00Z,2323.48,2329.36,2320.6,2322.75,21208.49
2026-04-29T08:00:00Z,2322.75,2328,2319.8,2324.3,16901.94
2026-04-29T09:00:00Z,2324.3,2345.5,2321.76,2338.39,73585.06
2026-04-29T10:00:00Z,2338.39,2345.54,2328.36,2332.07,49918.1
2026-04-29T11:00:00Z,2332.07,2334.73,2327.15,2330.43,23757.84
2026-04-29T12:00:00Z,2330.43,2330.84,2306.03,2315.34,89887.55
2026-04-29T13:00:00Z,2315.34,2317.8,2289,2302.25,88128.77
2026-04-29T14:00:00Z,2302.25,2307.55,2292.97,2298.9,39384.02
2026-04-29T15:00:00Z,2298.9,2300.51,2262.39,2272.09,115186.12
2026-04-29T16:00:00Z,2272.09,2278.72,2262.46,2266.84,48652.89
2026-04-29T17:00:00Z,2266.84,2283,2265.53,2282.51,32534.21
2026-04-29T18:00:00Z,2282.51,2285.52,2219.22,2238.45,210252.35
2026-04-29T19:00:00Z,2238.45,2241.93,2223.99,2232.68,47247.28
2026-04-29T20:00:00Z,2232.68,2248.01,2229.56,2239.82,40357.4
2026-04-29T21:00:00Z,2239.82,2264.62,2237.34,2251.93,33512.35
2026-04-29T22:00:00Z,2251.93,2258.25,2249.02,2256.75,13276.05
2026-04-29T23:00:00Z,2256.75,2259.84,2249.32,2252.04,12492.89
2026-04-30T00:00:00Z,2252.04,2274.67,2248.6,2271.33,37754.51
2026-04-30T01:00:00Z,2271.33,2278.55,2266.05,2268.37,27439.04
2026-04-30T02:00:00Z,2268.37,2272.64,2234.24,2243.84,48884.22
2026-04-30T03:00:00Z,2243.84,2255.83,2242.55,2252,24164.61
2026-04-30T04:00:00Z,2252,2253.15,2235.19,2238.17,34517.11
2026-04-30T05:00:00Z,2238.17,2247.8,2230.2,2241.92,24900.34
2026-04-30T06:00:00Z,2241.92,2251.77,2240.89,2247.05,17389.64
2026-04-30T07:00:00Z,2247.05,2261.29,2242.56,2259.06,29661.1
2026-04-30T08:00:00Z,2259.06,2261.26,2253.6,2255.27,18954.23
2026-04-30T09:00:00Z,2255.27,2270,2254.47,2260.78,30924.27
2026-04-30T10:00:00Z,2260.78,2264.82,2255.46,2260.6,16748.25
2026-04-30T11:00:00Z,2260.6,2273.45,2251.1,2257.29,41084.64
2026-04-30T12:00:00Z,2257.29,2269.94,2256.47,2264.43,22188.76
2026-04-30T13:00:00Z,2264.43,2271.72,2253.18,2262.59,36810.67
2026-04-30T14:00:00Z,2262.59,2269.88,2244.99,2261.02,51395.05
2026-04-30T15:00:00Z,2261.02,2274.88,2256.09,2264.57,29883.08
2026-04-30T16:00:00Z,2264.57,2266.29,2254.2,2255.96,20531.35
2026-04-30T17:00:00Z,2255.96,2259.63,2250.29,2257,16316.88
2026-04-30T18:00:00Z,2257,2264.4,2253.33,2258.63,16499.04
2026-04-30T19:00:00Z,2258.63,2265.97,2256.58,2260.73,12864.59
2026-04-30T20:00:00Z,2260.73,2266.35,2259.31,2262.93,10321.24
2026-04-30T21:00:00Z,2262.93,2263.73,2253.04,2255.15,11800.38
2026-04-30T22:00:00Z,2255.15,2260.48,2251.22,2253.33,4773.45
2026-04-30T23:00:00Z,2253.33,2258.24,2252.71,2256.61,5644.35
2026-05-01T00:00:00Z,2256.61,2265,2256.18,2259.09,14252.94
2026-05-01T01:00:00Z,2259.09,2269.62,2258.6,2266.6,12659.05
2026-05-01T02:00:00Z,2266.6,2268.89,2263.5,2265.91,9090.85
2026-05-01T03:00:00Z,2265.91,2294.67,2264.96,2281.79,71197.7
2026-05-01T04:00:00Z,2281.79,2284.54,2276.24,2278.75,23031.79
2026-05-01T05:00:00Z,2278.75,2285.73,2276.89,2282.34,16003.57
2026-05-01T06:00:00Z,2282.34,2285.41,2271,2276.04,21178.44
2026-05-01T07:00:00Z,2276.04,2280.14,2272.01,2278.65,21261.82
2026-05-01T08:00:00Z,2278.65,2287.99,2276.12,2285.92,20239.4
2026-05-01T09:00:00Z,2285.92,2286,2278.6,2280.74,12450.75
2026-05-01T10:00:00Z,2280.74,2285.17,2275.72,2281.24,13981.17
2026-05-01T11:00:00Z,2281.24,2292.4,2280.52,2285.34,21077.58
2026-05-01T12:00:00Z,2285.34,2311.5,2282.66,2299.89,114681.8
2026-05-01T13:00:00Z,2299.89,2322.78,2299.89,2316.56,113947.65
2026-05-01T14:00:00Z,2316.56,2324.3,2299.6,2306.6,57238.97
2026-05-01T15:00:00Z,2306.6,2315.38,2297,2306.5,39391.11
2026-05-01T16:00:00Z,2306.5,2313.24,2296.89,2300.59,41279.65
2026-05-01T17:00:00Z,2300.59,2312.5,2297.49,2310.5,18616.15
2026-05-01T18:00:00Z,2310.5,2311.21,2301.89,2303.28,12433.45
2026-05-01T19:00:00Z,2303.28,2306.79,2300.89,2303.7,9987.96
2026-05-01T20:00:00Z,2303.7,2304.83,2277.61,2283.73,47629.1
2026-05-01T21:00:00Z,2283.73,2293.18,2282.29,2291.56,16344.99
2026-05-01T22:00:00Z,2291.56,2298.31,2289.44,2292.16,11429.82
2026-05-01T23:00:00Z,2292.16,2295.64,2287.8,2294.6,11170.87
2026-05-02T00:00:00Z,2294.6,2298.65,2291.7,2296.87,10206.74
2026-05-02T01:00:00Z,2296.87,2299.63,2295,2297.75,9621.52
2026-05-02T02:00:00Z,2297.75,2307.87,2294.38,2302.41,24844.2
2026-05-02T03:00:00Z,2302.41,2308.09,2300.01,2303.3,17420.26
2026-05-02T04:00:00Z,2303.3,2304.17,2298.59,2300.28,14015.69
2026-05-02T05:00:00Z,2300.28,2300.68,2295.51,2298.48,11636.27
2026-05-02T06:00:00Z,2298.48,2305.4,2296.17,2304.38,8633.88
2026-05-02T07:00:00Z,2304.38,2305.28,2299.98,2299.98,9298.6
2026-05-02T08:00:00Z,2299.98,2303.48,2297.84,2302.41,8557.63
2026-05-02T09:00:00Z,2302.41,2306.95,2302.2,2304.29,6123.48
2026-05-02T10:00:00Z,2304.29,2305.35,2301.01,2302.37,12675.83
2026-05-02T11:00:00Z,2302.37,2304.12,2299.07,2301.19,12800.13
2026-05-02T12:00:00Z,2301.19,2304.7,2300,2302.63,6676.77
2026-05-02T13:00:00Z,2302.63,2311.71,2302.63,2307.23,14080.12
2026-05-02T14:00:00Z,2307.23,2307.73,2304.09,2305.31,4831.89
2026-05-02T15:00:00Z,2305.31,2308.82,2304.2,2307.88,5400.84
2026-05-02T16:00:00Z,2307.88,2312.84,2306.57,2308.14,15623.24
2026-05-02T17:00:00Z,2308.14,2309.14,2304.24,2304.71,13313.86
2026-05-02T18:00:00Z,2304.71,2310.52,2302.33,2308.9,7577.61
2026-05-02T19:00:00Z,2308.9,2311.8,2307.82,2310.12,4776.52
2026-05-02T20:00:00Z,2310.12,2310.84,2308.35,2310.5,3903.99
2026-05-02T21:00:00Z,2310.5,2341.9,2309.73,2325,65190.39
2026-05-02T22:00:00Z,2325,2327.5,2316.75,2325.89,24210.04
2026-05-02T23:00:00Z,2325.89,2325.89,2312.44,2316.08,21240.54
2026-05-03T00:00:00Z,2316.08,2316.97,2307.26,2313.11,19237.21
2026-05-03T01:00:00Z,2313.11,2313.65,2302.5,2303.3,24635.48
2026-05-03T02:00:00Z,2303.3,2306.09,2299,2302.55,42290.88
2026-05-03T03:00:00Z,2302.55,2303.3,2299,2301.14,12385.9
2026-05-03T04:00:00Z,2301.14,2303.6,2296.18,2300.76,16657.24
2026-05-03T05:00:00Z,2300.76,2304.38,2300.41,2303.1,5424.67
2026-05-03T06:00:00Z,2303.1,2305.5,2298.7,2303.52,9078.27
2026-05-03T07:00:00Z,2303.52,2313.12,2303.26,2308.15,23380.49
2026-05-03T08:00:00Z,2308.15,2311.75,2306.41,2307.27,7332.98
2026-05-03T09:00:00Z,2307.27,2322.5,2306.43,2315.5,27389.28
2026-05-03T10:00:00Z,2315.5,2315.8,2310.06,2310.5,8722.77
2026-05-03T11:00:00Z,2310.5,2326.54,2309.19,2318.84,34599.52
2026-05-03T12:00:00Z,2318.84,2332.21,2318.84,2324.5,35887.76
2026-05-03T13:00:00Z,2324.5,2327.56,2319.41,2321.01,12558.28
2026-05-03T14:00:00Z,2321.01,2328.48,2320.13,2327.2,13018.25
2026-05-03T15:00:00Z,2327.2,2332.85,2323.08,2327.21,19729.8
2026-05-03T16:00:00Z,2327.21,2334.37,2320.48,2327.1,28254.84
2026-05-03T17:00:00Z,2327.1,2334.48,2322.6,2330.56,14508.13
2026-05-03T18:00:00Z,2330.56,2332.32,2326.79,2329.79,6685.79
2026-05-03T19:00:00Z,2329.79,2336.58,2327.01,2334.39,9235.46
2026-05-03T20:00:00Z,2334.39,2343.74,2326.75,2328.45,36445.4
2026-05-03T21:00:00Z,2328.45,2333.53,2313.33,2322.89,27741.58
2026-05-03T22:00:00Z,2322.89,2355.84,2322.88,2342.86,79890.62
2026-05-03T23:00:00Z,2342.86,2346.55,2318.38,2321.84,44218.8
2026-05-04T00:00:00Z,2321.84,2321.84,2308.06,2318.4,44708.79
2026-05-04T01:00:00Z,2318.4,2354.01,2312.09,2350.2,86652.4
2026-05-04T02:00:00Z,2350.2,2387.53,2344,2373.64,150266.34
2026-05-04T03:00:00Z,2373.64,2390.74,2370.54,2383.84,52985.95
2026-05-04T04:00:00Z,2383.84,2399.37,2383.02,2389.01,54715.88
2026-05-04T05:00:00Z,2389.01,2390,2374,2374.89,37060.48
2026-05-04T06:00:00Z,2374.89,2377.17,2352.36,2367.2,62713.59
2026-05-04T07:00:00Z,2367.2,2372.57,2361.47,2361.92,19269.62
2026-05-04T08:00:00Z,2361.92,2364.26,2355.89,2359.16,25829.58
2026-05-04T09:00:00Z,2359.16,2370.55,2357.01,2367.61,17996.69
2026-05-04T10:00:00Z,2367.61,2368.99,2313.12,2337.18,207881.88
2026-05-04T11:00:00Z,2337.18,2342.6,2331.6,2336.32,27163.47
2026-05-04T12:00:00Z,2336.32,2342.93,2332.02,2334.25,15693.38
2026-05-04T13:00:00Z,2334.25,2343.94,2324.48,2335.4,53798.47
2026-05-04T14:00:00Z,2335.4,2380.92,2326.23,2369.7,135192.91
2026-05-04T15:00:00Z,2369.7,2372.87,2334.22,2348.47,124940.8
2026-05-04T16:00:00Z,2348.47,2363.88,2334.76,2353.71,79303.76
2026-05-04T17:00:00Z,2353.71,2378.85,2352.14,2368.73,45751.39
2026-05-04T18:00:00Z,2368.73,2373.79,2355.45,2360.16,33844.49
2026-05-04T19:00:00Z,2360.16,2363.07,2352.44,2355.39,19933.92
2026-05-04T20:00:00Z,2355.39,2358.21,2346.08,2348.59,15782.27
2026-05-04T21:00:00Z,2348.59,2363.55,2348.58,2359.58,8078.15
2026-05-04T22:00:00Z,2359.58,2364.9,2352.67,2353.17,9636.68
2026-05-04T23:00:00Z,2353.17,2353.17,2343.44,2346.19,12266.68
2026-05-05T00:00:00Z,2346.19,2358.14,2343.81,2357.79,13539.08
2026-05-05T01:00:00Z,2357.79,2363.52,2354.04,2360.83,12274.26
2026-05-05T02:00:00Z,2360.83,2376.6,2358.03,2366.61,43132.4
2026-05-05T03:00:00Z,2366.61,2388.5,2363.4,2380.77,47427.45
2026-05-05T04:00:00Z,2380.77,2384.44,2374.59,2379.55,21333.52
2026-05-05T05:00:00Z,2379.55,2389.92,2375.84,2378.77,31393.87
2026-05-05T06:00:00Z,2378.77,2380.26,2365.56,2377.5,35623.29
2026-05-05T07:00:00Z,2377.5,2387.52,2374.46,2378.99,32102.49
2026-05-05T08:00:00Z,2378.99,2383.12,2371.43,2375.52,24965.92
2026-05-05T09:00:00Z,2375.52,2375.66,2365.57,2368.7,17222.55
2026-05-05T10:00:00Z,2368.7,2378.54,2366.13,2377.4,18186.54
2026-05-05T11:00:00Z,2377.4,2382.69,2371.67,2378.45,28819.67
2026-05-05T12:00:00Z,2378.45,2388.88,2374.66,2386.71,33737.99
2026-05-05T13:00:00Z,2386.71,2399.4,2381.7,2387.03,78366.53
2026-05-05T14:00:00Z,2387.03,2391.1,2367.72,2377.49,69751.65
2026-05-05T15:00:00Z,2377.49,2386.87,2373.96,2379.96,28858.82
2026-05-05T16:00:00Z,2379.96,2382.21,2359.47,2364.77,42826.66
2026-05-05T17:00:00Z,2364.77,2369.09,2358.33,2361.85,21460.55
2026-05-05T18:00:00Z,2361.85,2373.84,2361.85,2370.93,16730.6
2026-05-05T19:00:00Z,2370.93,2375.86,2368.01,2370.64,11083.88
2026-05-05T20:00:00Z,2370.64,2386.19,2370.03,2381.1,35968.35
2026-05-05T21:00:00Z,2381.1,2387.77,2367.37,2374.42,17070.9
2026-05-05T22:00:00Z,2374.42,2380.79,2352.67,2366.36,57026.95
2026-05-05T23:00:00Z,2366.36,2368.87,2353.04,2359.66,25792.25
2026-05-06T00:00:00Z,2359.66,2366.77,2352.7,2363.36,28000.36
2026-05-06T01:00:00Z,2363.36,2375.86,2361.46,2371.93,22044.1
2026-05-06T02:00:00Z,2371.93,2372.42,2358.8,2368.33,21255.72
2026-05-06T03:00:00Z,2368.33,2380.73,2366.42,2375.42,37933.17
2026-05-06T04:00:00Z,2375.42,2378.22,2360,2365.01,18520.77
2026-05-06T05:00:00Z,2365.01,2365.86,2352.37,2364.1,25980.4
2026-05-06T06:00:00Z,2364.1,2370.54,2359.76,2369.65,25260.56
2026-05-06T07:00:00Z,2369.65,2374.2,2367.62,2370.57,15523.06
2026-05-06T08:00:00Z,2370.57,2395.5,2368.24,2393.29,70780.44
2026-05-06T09:00:00Z,2393.29,2416.92,2383.24,2411.39,128827.7
2026-05-06T10:00:00Z,2411.39,2413.13,2404.24,2408.81,49472.23
2026-05-06T11:00:00Z,2408.81,2422.91,2406.43,2409.35,74670.52
