timestamp,open,high,low,close,volume
2022-01-01T00:00:00Z,46210.57,46944.56,46210.55,46789.56,24921.419
2022-01-01T04:00:00Z,46789.55,47566.66,46605.00,47186.83,34840.019
2022-01-01T08:00:00Z,47186.83,47338.00,46700.09,46755.01,29421.287
2022-01-01T12:00:00Z,46755.01,47488.64,46755.01,47194.78,28293.730
2022-01-01T16:00:00Z,47194.77,47943.77,47157.59,47326.98,38466.496
2022-01-01T20:00:00Z,47326.99,47813.43,47202.47,47704.35,23490.633
2022-01-02T00:00:00Z,47704.35,47745.61,47263.28,47330.75,20840.181
2022-01-02T04:00:00Z,47330.76,47418.65,46749.99,47171.04,31316.560
2022-01-02T08:00:00Z,47171.39,47500.00,46963.66,47231.30,22208.407
2022-01-02T12:00:00Z,47231.29,47453.05,47002.47,47329.68,26792.140
2022-01-02T16:00:00Z,47329.68,48000.00,46605.68,46908.29,63863.450
2022-01-02T20:00:00Z,46908.66,47469.46,46815.75,47280.00,19774.355
2022-01-03T00:00:00Z,47280.01,47288.28,46717.26,46802.86,26291.881
2022-01-03T04:00:00Z,46802.86,47217.37,46750.00,47041.11,21333.244
2022-01-03T08:00:00Z,47042.77,47436.26,46777.00,47364.11,33235.580
2022-01-03T12:00:00Z,47364.11,47575.22,46560.00,46689.99,57712.063
2022-01-03T16:00:00Z,46689.99,46800.00,46260.40,46364.55,49363.789
2022-01-03T20:00:00Z,46364.56,46579.28,45665.40,46445.81,56845.236
2022-01-04T00:00:00Z,46445.80,46550.00,45931.61,46313.95,30816.389
2022-01-04T04:00:00Z,46313.95,46550.89,46020.50,46521.68,28851.557
2022-01-04T08:00:00Z,46521.69,46750.00,46270.54,46709.98,37737.680
2022-01-04T12:00:00Z,46709.97,47524.36,46390.84,46925.28,68631.828
2022-01-04T16:00:00Z,46925.28,46986.54,45445.57,46058.09,92895.654
2022-01-04T20:00:00Z,46058.09,46430.38,45750.00,45833.42,33216.642
2022-01-05T00:00:00Z,45833.41,46580.00,45710.23,46409.76,28814.127
2022-01-05T04:00:00Z,46412.87,46537.00,46243.10,46399.33,18289.792
2022-01-05T08:00:00Z,46399.34,47075.29,46095.40,46271.93,54891.578
2022-01-05T12:00:00Z,46271.93,46820.83,45900.00,46611.46,81299.270
2022-01-05T16:00:00Z,46611.47,46670.00,44128.22,44673.22,128210.848
2022-01-05T20:00:00Z,44671.93,44835.00,42270.00,43421.69,173971.954
2022-01-06T00:00:00Z,43421.70,43766.00,42801.00,42817.38,56177.064
2022-01-06T04:00:00Z,42821.05,43258.82,42566.73,43222.22,53675.887
2022-01-06T08:00:00Z,43222.22,43253.23,42385.83,42865.15,59278.161
2022-01-06T12:00:00Z,42865.14,43228.73,42629.75,42947.79,61959.766
2022-01-06T16:00:00Z,42947.78,43488.48,42742.00,43409.03,42221.222
2022-01-06T20:00:00Z,43409.03,43564.78,43000.00,43080.01,26197.751
2022-01-07T00:00:00Z,43080.01,43135.00,41500.00,41789.97,72499.775
2022-01-07T04:00:00Z,41789.97,41931.00,40900.00,41691.61,96980.039
2022-01-07T08:00:00Z,41699.41,42960.00,41601.96,42249.99,61787.693
2022-01-07T12:00:00Z,42250.00,42791.45,40456.56,41297.41,131096.797
2022-01-07T16:00:00Z,41297.14,42345.81,40900.00,41764.32,79067.223
2022-01-07T20:00:00Z,41763.67,42056.36,41300.00,41553.86,31783.322
2022-01-08T00:00:00Z,41553.87,42247.36,41553.86,41796.03,33066.323
2022-01-08T04:00:00Z,41796.03,41988.67,41711.35,41902.21,16857.004
2022-01-08T08:00:00Z,41902.21,42191.84,41747.64,41918.02,32638.282
2022-01-08T12:00:00Z,41918.02,42040.23,41300.00,41600.72,39542.944
2022-01-08T16:00:00Z,41600.72,41729.60,40500.00,40837.51,100299.812
2022-01-08T20:00:00Z,40837.50,42335.00,40722.22,41688.05,61332.859
2022-01-09T00:00:00Z,41688.05,42168.00,41380.00,41835.60,36586.352
2022-01-09T04:00:00Z,41835.60,42092.95,41666.00,41784.63,22050.977
2022-01-09T08:00:00Z,41784.62,42000.00,41400.00,41854.25,34959.754
2022-01-09T12:00:00Z,41854.26,41918.00,41170.00,41611.09,40736.574
2022-01-09T16:00:00Z,41611.09,42735.00,41550.00,42678.95,54244.795
2022-01-09T20:00:00Z,42678.96,42773.85,41755.00,41851.22,34556.500
2022-01-10T00:00:00Z,41851.22,42025.00,41572.00,41946.05,29063.854
2022-01-10T04:00:00Z,41946.05,42219.84,41801.63,42034.99,27296.153
2022-01-10T08:00:00Z,42035.00,42098.52,41422.00,41564.26,38659.985
2022-01-10T12:00:00Z,41564.26,41612.00,39610.00,40973.56,191731.906
2022-01-10T16:00:00Z,40973.56,42140.28,40502.10,41280.45,129699.635
2022-01-10T20:00:00Z,41280.45,41990.00,41144.14,41801.55,37192.583
2022-01-11T00:00:00Z,41801.55,42369.99,41537.00,42251.59,38923.481
2022-01-11T04:00:00Z,42251.60,42350.00,41950.00,42191.79,28211.101
2022-01-11T08:00:00Z,42191.81,42698.34,41561.25,41800.95,54600.484
2022-01-11T12:00:00Z,41800.07,42200.00,41255.00,41716.42,70410.719
2022-01-11T16:00:00Z,41716.41,43118.00,41662.16,42938.55,105655.963
2022-01-11T20:00:00Z,42938.55,43080.52,42586.58,42700.68,25958.943
2022-01-12T00:00:00Z,42700.69,42949.97,42415.00,42592.92,25398.301
2022-01-12T04:00:00Z,42592.91,42864.00,42450.00,42550.09,24257.707
2022-01-12T08:00:00Z,42550.10,43444.00,42487.74,42906.98,55508.866
2022-01-12T12:00:00Z,42906.98,44091.93,42848.38,43549.99,103073.726
2022-01-12T16:00:00Z,43550.00,43870.00,43300.00,43707.20,38298.922
2022-01-12T20:00:00Z,43708.98,44300.00,43604.00,43880.72,34801.772
2022-01-13T00:00:00Z,43880.72,44034.98,43419.11,43501.19,25184.537
2022-01-13T04:00:00Z,43501.18,43777.00,43480.37,43682.70,18454.877
2022-01-13T08:00:00Z,43682.70,43998.00,43466.76,43592.10,35161.982
2022-01-13T12:00:00Z,43592.10,44396.68,42847.86,43170.00,101156.462
2022-01-13T16:00:00Z,43170.00,43500.00,42511.49,42690.02,72060.145
2022-01-13T20:00:00Z,42690.01,42862.05,42301.16,42534.32,37271.177
2022-01-14T00:00:00Z,42538.72,42764.51,42350.00,42611.77,26118.078
2022-01-14T04:00:00Z,42611.04,42950.70,42557.83,42635.62,25171.362
2022-01-14T08:00:00Z,42635.64,42687.35,41807.22,41983.12,61165.784
2022-01-14T12:00:00Z,41983.12,43350.00,41666.00,43082.57,94050.754
2022-01-14T16:00:00Z,43082.58,43388.00,42758.46,43055.09,41991.268
2022-01-14T20:00:00Z,43055.10,43450.00,42976.94,43042.40,24019.831
2022-01-15T00:00:00Z,43042.40,43161.54,42846.58,42918.27,18172.760
2022-01-15T04:00:00Z,42918.27,43091.24,42676.19,43073.99,21502.380
2022-01-15T08:00:00Z,43073.99,43279.93,42856.31,42995.23,24779.190
2022-01-15T12:00:00Z,42998.20,43389.66,42530.64,43370.01,53299.809
2022-01-15T16:00:00Z,43370.00,43570.00,43200.34,43496.85,30500.863
2022-01-15T20:00:00Z,43496.85,43800.00,43058.57,43070.51,36394.155
2022-01-16T00:00:00Z,43070.51,43136.68,42816.00,42966.51,21680.661
2022-01-16T04:00:00Z,42966.51,43229.83,42835.00,43173.02,19685.639
2022-01-16T08:00:00Z,43173.02,43274.82,42750.00,42960.00,26377.981
2022-01-16T12:00:00Z,42960.00,43409.42,42531.69,43207.81,57634.189
2022-01-16T16:00:00Z,43208.01,43464.71,42768.87,42817.01,29378.379
2022-01-16T20:00:00Z,42817.01,43250.00,42731.07,43060.66,22693.626
2022-01-17T00:00:00Z,43060.66,43159.32,42606.00,42635.91,27198.485
2022-01-17T04:00:00Z,42636.30,42951.92,42222.00,42639.51,38889.007
2022-01-17T08:00:00Z,42638.10,42887.63,42555.01,42656.61,26231.901
2022-01-17T12:00:00Z,42656.61,42768.95,42345.78,42467.49,37730.884
2022-01-17T16:00:00Z,42467.49,42527.00,41826.00,42221.15,57281.534
2022-01-17T20:00:00Z,42221.14,42368.00,41523.68,42176.34,45416.534
2022-01-18T00:00:00Z,42176.34,42413.00,41953.90,42027.18,26401.352
2022-01-18T04:00:00Z,42027.18,42321.40,41855.00,42040.00,28273.791
2022-01-18T08:00:00Z,42040.00,42040.00,41379.39,41842.40,53114.385
2022-01-18T12:00:00Z,41842.40,41937.49,41260.00,41574.09,74084.757
2022-01-18T16:00:00Z,41574.09,41777.99,41370.64,41680.93,39393.236
2022-01-18T20:00:00Z,41680.94,42680.00,41486.00,42337.58,46204.944
2022-01-19T00:00:00Z,42337.58,42498.87,41550.00,41690.59,45861.101
2022-01-19T04:00:00Z,41690.61,41835.97,41133.73,41271.21,44726.027
2022-01-19T08:00:00Z,41271.21,42154.99,41115.64,42023.15,70232.904
2022-01-19T12:00:00Z,42023.97,42545.00,41828.00,41971.31,81370.997
2022-01-19T16:00:00Z,41971.31,42366.95,41683.33,41864.47,61136.253
2022-01-19T20:00:00Z,41864.46,41986.76,41557.00,41657.89,30624.813
2022-01-20T00:00:00Z,41656.90,42068.12,41631.30,41915.36,24616.155
2022-01-20T04:00:00Z,41915.35,42145.71,41756.64,42039.99,21627.880
2022-01-20T08:00:00Z,42040.00,42217.91,41803.00,42117.31,32685.076
2022-01-20T12:00:00Z,42117.32,43440.00,41923.00,43275.74,112378.669
2022-01-20T16:00:00Z,43275.75,43495.00,42810.00,42909.99,62557.723
2022-01-20T20:00:00Z,42909.99,42975.30,40550.00,40661.69,145952.549
2022-01-21T00:00:00Z,40662.06,41095.76,38200.00,38447.91,190332.367
2022-01-21T04:00:00Z,38447.92,39157.25,38419.12,39106.42,68697.007
2022-01-21T08:00:00Z,39106.43,39272.13,38645.16,38878.71,51331.454
2022-01-21T12:00:00Z,38878.72,39029.55,37648.16,38831.88,164801.884
2022-01-21T16:00:00Z,38831.88,39045.00,37805.00,37967.04,88881.025
2022-01-21T20:00:00Z,37967.04,38471.92,35380.92,36425.98,226277.172
2022-01-22T00:00:00Z,36426.46,36817.74,35947.20,36319.99,81267.516
2022-01-22T04:00:00Z,36319.99,36411.75,35101.00,35374.14,100575.875
2022-01-22T08:00:00Z,35377.17,35930.16,33950.00,35385.59,188021.304
2022-01-22T12:00:00Z,35383.04,36181.08,34800.00,34829.93,106490.777
2022-01-22T16:00:00Z,34829.93,35488.00,34211.50,34506.47,118674.765
2022-01-22T20:00:00Z,34506.48,35756.00,34404.63,35043.73,81242.667
2022-01-23T00:00:00Z,35043.73,35502.00,34800.00,35032.09,43478.667
2022-01-23T04:00:00Z,35032.08,35742.00,34920.64,35553.20,52786.990
2022-01-23T08:00:00Z,35552.00,36118.05,35315.84,35671.57,73916.856
2022-01-23T12:00:00Z,35671.56,36055.00,35021.12,35265.33,65186.126
2022-01-23T16:00:00Z,35265.32,35443.83,34588.80,34763.65,57028.697
2022-01-23T20:00:00Z,34763.65,36496.92,34687.13,36230.01,76975.567
2022-01-24T00:00:00Z,36230.00,36249.53,35144.67,35315.02,54944.390
2022-01-24T04:00:00Z,35315.03,35448.00,34798.20,34875.53,53335.384
2022-01-24T08:00:00Z,34875.54,35580.00,33005.33,33690.01,213651.211
2022-01-24T12:00:00Z,33690.00,34345.00,32853.83,34217.72,218066.539
2022-01-24T16:00:00Z,34218.81,36424.00,33758.49,36050.48,189038.451
2022-01-24T20:00:00Z,36050.46,37528.00,35936.65,36648.31,93964.727
2022-01-25T00:00:00Z,36648.30,36667.62,35942.59,36405.01,42911.754
2022-01-25T04:00:00Z,36402.55,36480.00,35693.00,36035.00,46686.852
2022-01-25T08:00:00Z,36033.41,36793.85,35993.84,36385.00,64687.349
2022-01-25T12:00:00Z,36384.99,37161.33,35950.41,36522.01,113892.414
2022-01-25T16:00:00Z,36526.33,37561.03,36480.52,37039.99,86729.467
2022-01-25T20:00:00Z,37039.99,37081.53,36404.17,36934.26,54627.681
2022-01-26T00:00:00Z,36934.26,37480.00,36536.00,37363.81,44102.324
2022-01-26T04:00:00Z,37363.81,37973.78,37125.00,37321.95,59484.763
2022-01-26T08:00:00Z,37321.96,38239.99,37311.81,38045.91,70811.350
2022-01-26T12:00:00Z,38045.92,38485.39,37566.00,37962.11,90755.824
2022-01-26T16:00:00Z,37962.11,38886.58,37363.22,37548.79,174483.135
2022-01-26T20:00:00Z,37548.79,37548.79,36232.42,36787.43,114819.988
2022-01-27T00:00:00Z,36787.42,37067.62,35471.53,35730.42,80090.886
2022-01-27T04:00:00Z,35730.42,36277.13,35673.67,36150.76,45168.023
2022-01-27T08:00:00Z,36151.81,36776.99,35788.02,36670.15,57824.352
2022-01-27T12:00:00Z,36670.14,37200.00,36451.61,36625.30,77370.159
2022-01-27T16:00:00Z,36625.29,36774.40,35850.00,36194.34,73057.779
2022-01-27T20:00:00Z,36194.33,37200.00,35513.13,37131.00,88495.723
2022-01-28T00:00:00Z,37131.00,37451.00,36601.16,37341.84,55618.483
2022-01-28T04:00:00Z,37342.54,37488.99,36766.00,36788.86,49705.575
2022-01-28T08:00:00Z,36788.86,36884.88,36309.00,36433.29,56963.316
2022-01-28T12:00:00Z,36433.29,37293.22,36149.02,37169.99,100314.742
2022-01-28T16:00:00Z,37169.99,37359.00,36750.00,37205.88,54635.766
2022-01-28T20:00:00Z,37205.88,38000.00,37118.98,37696.21,50271.261
2022-01-29T00:00:00Z,37696.22,37979.00,37431.10,37715.00,30569.454
2022-01-29T04:00:00Z,37715.00,37939.00,37575.06,37822.15,26772.493
2022-01-29T08:00:00Z,37822.15,37925.00,37550.00,37723.57,23928.858
2022-01-29T12:00:00Z,37723.57,38211.05,37252.00,37543.79,64654.344
2022-01-29T16:00:00Z,37543.79,37938.88,37297.34,37831.00,36527.600
2022-01-29T20:00:00Z,37832.37,38750.94,37807.90,38150.01,56205.015
2022-01-30T00:00:00Z,38150.00,38280.73,37716.38,37899.99,26640.056
2022-01-30T04:00:00Z,37900.00,38283.55,37880.06,38228.00,22596.856
2022-01-30T08:00:00Z,38228.00,38420.30,37800.00,38095.46,34747.003
2022-01-30T12:00:00Z,38095.46,38146.53,37706.10,37962.13,35624.410
2022-01-30T16:00:00Z,37962.61,38082.15,37419.90,37505.73,34844.098
2022-01-30T20:00:00Z,37505.73,38240.00,37334.83,37870.01,40576.702
2022-01-31T00:00:00Z,37870.00,37938.00,36620.00,36998.67,59198.630
2022-01-31T04:00:00Z,36998.67,37174.61,36794.81,37098.68,25195.949
2022-01-31T08:00:00Z,37098.68,37338.33,36880.00,37245.00,33956.838
2022-01-31T12:00:00Z,37245.00,37880.00,36800.00,37694.46,78767.952
2022-01-31T16:00:00Z,37694.46,38741.73,37650.17,38400.00,90238.499
2022-01-31T20:00:00Z,38400.01,38725.60,38220.00,38439.04,31082.524
2022-02-01T00:00:00Z,38439.04,38630.00,38145.00,38570.11,30282.319
2022-02-01T04:00:00Z,38570.10,38625.00,38220.08,38420.65,27168.881
2022-02-01T08:00:00Z,38420.65,39100.00,37969.00,38402.86,83908.211
2022-02-01T12:00:00Z,38402.86,39049.43,38170.89,38604.97,101041.918
2022-02-01T16:00:00Z,38605.26,39260.26,38322.00,38356.04,79037.464
2022-02-01T20:00:00Z,38356.04,38884.60,38345.00,38680.51,31915.328
2022-02-02T00:00:00Z,38680.51,38834.18,38350.00,38540.29,25995.784
2022-02-02T04:00:00Z,38540.28,38540.29,38173.30,38268.32,32967.668
2022-02-02T08:00:00Z,38269.00,38580.00,38205.38,38473.75,26550.353
2022-02-02T12:00:00Z,38473.74,38725.50,37338.14,37419.51,111614.839
2022-02-02T16:00:00Z,37419.53,37646.09,37052.00,37538.91,70061.154
2022-02-02T20:00:00Z,37538.90,37630.00,36529.81,36892.03,70381.136
2022-02-03T00:00:00Z,36892.05,37040.00,36700.00,36801.12,31557.404
2022-02-03T04:00:00Z,36801.12,37074.00,36764.00,36995.50,26381.127
2022-02-03T08:00:00Z,36995.50,37084.63,36250.00,36754.99,73514.476
2022-02-03T12:00:00Z,36754.99,36963.00,36204.30,36876.56,86926.339
2022-02-03T16:00:00Z,36876.56,37100.00,36431.79,36538.76,46202.179
2022-02-03T20:00:00Z,36538.76,37395.00,36256.00,37289.86,54074.703
2022-02-04T00:00:00Z,37287.33,37435.54,37011.00,37282.81,29031.865
2022-02-04T04:00:00Z,37282.80,38198.00,37226.41,37858.99,62919.964
2022-02-04T08:00:00Z,37859.00,38239.00,37778.88,37800.02,50036.920
2022-02-04T12:00:00Z,37800.02,39863.27,37278.93,39481.72,192162.067
2022-02-04T16:00:00Z,39481.72,40875.00,39426.91,40701.71,123507.677
2022-02-04T20:00:00Z,40703.33,41741.76,40357.04,41550.00,62447.277
2022-02-05T00:00:00Z,41550.00,41922.00,41155.45,41428.66,50762.567
2022-02-05T04:00:00Z,41428.67,41752.46,41352.85,41368.14,30117.916
2022-02-05T08:00:00Z,41367.74,41666.00,41194.62,41427.85,33173.440
2022-02-05T12:00:00Z,41427.85,41875.43,41300.00,41731.74,47248.057
2022-02-05T16:00:00Z,41731.74,41837.98,40920.00,41532.76,56042.460
2022-02-05T20:00:00Z,41532.76,41765.00,41316.72,41374.69,24839.630
2022-02-06T00:00:00Z,41374.68,41633.08,41313.01,41429.06,15577.328
2022-02-06T04:00:00Z,41429.06,41700.00,41300.00,41588.00,20909.245
2022-02-06T08:00:00Z,41586.94,41685.00,41438.81,41510.72,19093.225
2022-02-06T12:00:00Z,41510.71,42400.00,41100.00,41494.99,82359.264
2022-02-06T16:00:00Z,41494.99,41734.11,41385.56,41692.80,25959.495
2022-02-06T20:00:00Z,41692.80,42656.80,41458.15,42361.35,51425.393
2022-02-07T00:00:00Z,42361.34,42933.82,41609.76,42784.68,75383.810
2022-02-07T04:00:00Z,42784.68,43092.00,42540.65,42712.80,36380.325
2022-02-07T08:00:00Z,42712.79,42757.12,42201.68,42692.25,42599.829
2022-02-07T12:00:00Z,42692.25,43887.81,42450.64,43805.26,104841.085
2022-02-07T16:00:00Z,43805.26,44541.16,43470.09,44243.00,114083.185
2022-02-07T20:00:00Z,44243.00,44438.39,43725.00,43829.99,44765.540
2022-02-08T00:00:00Z,43829.99,44171.30,43550.00,44162.22,32645.437
2022-02-08T04:00:00Z,44162.22,45600.00,44063.38,44842.26,85672.728
2022-02-08T08:00:00Z,44842.27,44910.00,43520.00,43978.64,97055.673
2022-02-08T12:00:00Z,43978.64,43978.64,42822.00,43406.53,101164.232
2022-02-08T16:00:00Z,43406.53,43690.00,42641.00,42985.41,85265.726
2022-02-08T20:00:00Z,42985.41,44395.00,42929.35,44021.57,66211.625
2022-02-09T00:00:00Z,44021.58,44325.52,43089.08,43321.58,46646.688
2022-02-09T04:00:00Z,43321.57,43910.00,43111.00,43798.90,38291.094
2022-02-09T08:00:00Z,43798.90,43934.00,43164.79,43686.65,51492.680
2022-02-09T12:00:00Z,43685.62,44436.44,43600.00,43855.17,72521.238
2022-02-09T16:00:00Z,43855.18,44704.00,43600.00,44455.07,56171.968
2022-02-09T20:00:00Z,44455.13,44826.00,44200.00,44358.08,35146.394
2022-02-10T00:00:00Z,44358.09,44386.48,43550.00,43748.78,38691.373
2022-02-10T04:00:00Z,43748.77,44106.45,43531.10,44066.19,32297.560
2022-02-10T08:00:00Z,44066.19,45172.65,44030.00,44815.74,70518.552
2022-02-10T12:00:00Z,44815.73,45700.00,43136.96,44936.02,228288.504
2022-02-10T16:00:00Z,44936.81,45847.50,44311.39,44355.73,118729.233
2022-02-10T20:00:00Z,44355.72,44579.91,43288.36,43471.29,75396.853
2022-02-11T00:00:00Z,43471.30,43739.89,42555.00,43310.87,76810.946
2022-02-11T04:00:00Z,43310.87,43399.00,42777.00,43330.46,34134.604
2022-02-11T08:00:00Z,43329.87,43607.10,42811.42,43332.95,53524.527
2022-02-11T12:00:00Z,43332.94,43900.00,43226.21,43648.87,75153.488
2022-02-11T16:00:00Z,43648.86,43746.52,42046.11,42725.35,109487.572
2022-02-11T20:00:00Z,42727.97,42859.36,41914.23,42366.00,65535.056
2022-02-12T00:00:00Z,42365.99,42491.19,42150.00,42279.98,22443.791
2022-02-12T04:00:00Z,42279.99,42418.00,41711.00,42090.76,36733.607
2022-02-12T08:00:00Z,42090.75,42440.73,41838.68,42385.66,44270.171
2022-02-12T12:00:00Z,42386.01,42424.79,41756.57,42115.60,48108.457
2022-02-12T16:00:00Z,42115.61,42980.00,41981.72,42644.67,58651.074
2022-02-12T20:00:00Z,42644.66,42739.18,41540.00,42199.87,46062.225
2022-02-13T00:00:00Z,42199.88,42491.85,42035.60,42214.65,23847.546
2022-02-13T04:00:00Z,42214.65,42438.00,42101.83,42385.69,17997.913
2022-02-13T08:00:00Z,42385.69,42647.25,42222.00,42462.00,26909.072
2022-02-13T12:00:00Z,42462.00,42755.97,42158.01,42548.47,42536.442
2022-02-13T16:00:00Z,42549.59,42570.00,41850.00,42015.27,50126.475
2022-02-13T20:00:00Z,42015.26,42477.00,41922.53,42041.13,30650.564
2022-02-14T00:00:00Z,42041.12,42169.02,41526.00,41892.95,43798.733
2022-02-14T04:00:00Z,41892.94,42357.91,41720.23,42290.41,31531.644
2022-02-14T08:00:00Z,42290.41,42400.00,41906.44,42107.81,39708.867
2022-02-14T12:00:00Z,42107.81,42846.84,41950.00,42565.00,82094.764
2022-02-14T16:00:00Z,42565.00,42888.00,41783.11,42102.29,71326.145
2022-02-14T20:00:00Z,42102.28,42784.10,41971.57,42525.14,35530.780
2022-02-15T00:00:00Z,42525.14,43679.71,42406.23,43535.10,53247.791
2022-02-15T04:00:00Z,43535.10,43777.00,43368.10,43665.70,27010.686
2022-02-15T08:00:00Z,43665.80,44442.30,43579.40,44214.40,66566.243
2022-02-15T12:00:00Z,44214.30,44489.00,44000.10,44190.30,56126.270
2022-02-15T16:00:00Z,44190.30,44249.00,43850.00,43989.60,38558.184
2022-02-15T20:00:00Z,43989.70,44777.00,43939.20,44529.60,35226.247
2022-02-16T00:00:00Z,44529.70,44536.80,43885.00,43970.90,31320.914
2022-02-16T04:00:00Z,43970.90,44183.60,43650.40,44165.50,33867.667
2022-02-16T08:00:00Z,44165.60,44313.10,43860.00,44160.60,32542.713
2022-02-16T12:00:00Z,44160.70,44205.00,43277.80,43588.50,71318.908
2022-02-16T16:00:00Z,43591.60,44330.00,43336.50,44202.20,58647.276
2022-02-16T20:00:00Z,44202.10,44377.00,43820.00,43860.70,28092.809
2022-02-17T00:00:00Z,43860.80,44150.00,43555.70,43574.30,31513.320
2022-02-17T04:00:00Z,43574.30,43941.00,43320.10,43902.40,36810.479
2022-02-17T08:00:00Z,43902.30,44020.00,42890.00,43158.20,66102.146
2022-02-17T12:00:00Z,43158.30,43347.80,41664.00,41907.70,116895.344
2022-02-17T16:00:00Z,41907.80,42089.80,40711.00,41177.10,106116.646
2022-02-17T20:00:00Z,41177.10,41177.10,40020.10,40491.70,76521.049
2022-02-18T00:00:00Z,40491.80,40944.10,40273.00,40677.00,39384.765
2022-02-18T04:00:00Z,40677.00,40759.00,40467.00,40637.00,22165.491
2022-02-18T08:00:00Z,40637.10,40938.00,40073.10,40167.20,48186.807
2022-02-18T12:00:00Z,40167.20,40782.90,39605.80,39805.10,135316.386
2022-02-18T16:00:00Z,39805.20,40429.70,39422.00,40196.20,100326.422
2022-02-18T20:00:00Z,40196.20,40269.20,39712.70,39966.80,32299.911
2022-02-19T00:00:00Z,39966.80,40295.20,39896.80,40107.60,20450.295
2022-02-19T04:00:00Z,40107.70,40438.70,40053.00,40245.80,20114.636
2022-02-19T08:00:00Z,40246.10,40278.80,39620.30,39822.80,44978.130
2022-02-19T12:00:00Z,39822.80,40050.00,39610.30,39950.10,41785.860
2022-02-19T16:00:00Z,39950.10,40341.50,39811.20,39959.00,39707.420
2022-02-19T20:00:00Z,39957.90,40119.00,39777.00,40052.60,18588.334
2022-02-20T00:00:00Z,40052.60,40100.10,39660.30,39778.10,23054.423
2022-02-20T04:00:00Z,39778.10,39828.50,38553.50,38770.40,87319.496
2022-02-20T08:00:00Z,38770.30,38830.00,37905.00,38316.00,80018.535
2022-02-20T12:00:00Z,38316.00,38594.00,38000.00,38308.90,56242.356
2022-02-20T16:00:00Z,38309.00,38479.90,38162.00,38379.10,29253.352
2022-02-20T20:00:00Z,38379.20,38958.20,38026.20,38368.10,53852.282
2022-02-21T00:00:00Z,38367.90,39385.00,38177.00,38900.10,68441.788
2022-02-21T04:00:00Z,38900.00,39510.00,38883.60,39266.20,39550.103
2022-02-21T08:00:00Z,39266.00,39335.00,37314.50,37549.90,101600.800
2022-02-21T12:00:00Z,37550.00,39300.00,37171.20,38804.50,181683.274
2022-02-21T16:00:00Z,38804.50,39138.00,37530.00,38114.50,138733.605
2022-02-21T20:00:00Z,38114.50,38450.00,36762.00,36986.40,116382.245
2022-02-22T00:00:00Z,36986.40,37449.40,36310.10,36580.00,85764.986
2022-02-22T04:00:00Z,36580.10,37250.00,36500.00,36748.60,66126.344
2022-02-22T08:00:00Z,36748.70,37868.00,36727.10,37504.70,75416.597
2022-02-22T12:00:00Z,37504.70,38318.00,37260.00,37744.70,107726.302
2022-02-22T16:00:00Z,37744.60,38142.30,37350.00,38039.60,81747.993
2022-02-22T20:00:00Z,38039.70,38450.00,37736.00,38212.00,48531.275
2022-02-23T00:00:00Z,38212.10,38335.20,37500.40,37730.40,47089.349
2022-02-23T04:00:00Z,37730.40,38190.00,37687.70,38121.60,38072.803
2022-02-23T08:00:00Z,38121.50,39148.00,38052.80,38757.20,80640.954
2022-02-23T12:00:00Z,38757.30,39250.00,38433.00,38504.90,77306.212
2022-02-23T16:00:00Z,38505.00,38770.00,37522.00,37602.80,94397.828
2022-02-23T20:00:00Z,37600.90,37775.00,36963.20,37227.80,70549.109
2022-02-24T00:00:00Z,37227.90,37400.00,34673.10,34907.80,162571.113
2022-02-24T04:00:00Z,34907.80,35569.90,34303.70,35282.30,173189.378
2022-02-24T08:00:00Z,35282.30,35870.00,34763.20,35425.40,132369.489
2022-02-24T12:00:00Z,35425.40,36126.10,35036.70,35892.20,144996.937
2022-02-24T16:00:00Z,35892.20,37365.10,35700.10,37272.30,149591.851
2022-02-24T20:00:00Z,37272.30,40376.10,37252.80,38315.10,157102.139
2022-02-25T00:00:00Z,38316.20,39000.00,38116.30,38899.40,61487.741
2022-02-25T04:00:00Z,38899.00,38912.70,38260.00,38462.50,43619.074
2022-02-25T08:00:00Z,38462.50,38878.50,37999.20,38730.00,67379.295
2022-02-25T12:00:00Z,38730.00,39750.00,38669.60,39388.50,127808.421
2022-02-25T16:00:00Z,39388.50,39584.20,38519.20,38667.30,69050.423
2022-02-25T20:00:00Z,38667.30,39594.60,38585.00,39205.40,46971.412
2022-02-26T00:00:00Z,39205.40,40441.10,39053.40,39380.00,55893.631
2022-02-26T04:00:00Z,39380.00,39467.50,38935.60,39199.80,30895.399
2022-02-26T08:00:00Z,39199.80,39577.00,38561.70,38921.00,57873.226
2022-02-26T12:00:00Z,38921.00,39409.70,38757.20,39192.00,37963.774
2022-02-26T16:00:00Z,39192.00,39447.40,38800.00,39238.40,34047.193
2022-02-26T20:00:00Z,39238.40,39700.00,38888.00,39099.30,35218.978
2022-02-27T00:00:00Z,39099.30,39244.00,38162.00,38584.10,47846.479
2022-02-27T04:00:00Z,38584.20,38864.50,38434.60,38770.30,25455.641
2022-02-27T08:00:00Z,38769.80,39549.90,38605.00,39463.40,55589.691
2022-02-27T12:00:00Z,39463.40,39868.60,38500.00,39329.10,115539.758
2022-02-27T16:00:00Z,39330.10,39447.70,37460.30,37574.70,71921.082
2022-02-27T20:00:00Z,37574.70,38300.00,36934.60,37672.00,106844.596
2022-02-28T00:00:00Z,37672.10,38400.00,37414.40,37771.70,61394.924
2022-02-28T04:00:00Z,37773.50,38460.00,37418.20,38317.10,62198.277
2022-02-28T08:00:00Z,38317.40,38666.60,38052.70,38310.40,54388.305
2022-02-28T12:00:00Z,38310.40,40900.00,37891.00,40792.80,178721.525
2022-02-28T16:00:00Z,40792.80,41489.00,40674.60,41306.40,118561.524
2022-02-28T20:00:00Z,41306.50,44341.00,41220.70,43155.00,140126.606
2022-03-01T00:00:00Z,43155.00,43790.00,42850.00,43140.80,60518.915
2022-03-01T04:00:00Z,43140.90,43555.00,43023.20,43471.70,37006.847
2022-03-01T08:00:00Z,43471.70,44000.00,42765.40,43599.90,74110.717
2022-03-01T12:00:00Z,43600.00,44935.00,43324.80,43625.90,163585.943
2022-03-01T16:00:00Z,43626.00,44120.50,43202.10,43693.70,70038.141
2022-03-01T20:00:00Z,43693.80,44500.00,43666.00,44394.10,43223.083
2022-03-02T00:00:00Z,44393.60,44744.00,43817.00,44319.00,53499.181
2022-03-02T04:00:00Z,44320.30,44525.00,43646.00,43963.00,41657.857
2022-03-02T08:00:00Z,43962.80,44344.50,43728.80,44099.80,53375.749
2022-03-02T12:00:00Z,44099.90,45350.00,43321.00,44116.10,167740.842
2022-03-02T16:00:00Z,44116.10,44487.70,43412.00,43690.30,59121.346
2022-03-02T20:00:00Z,43690.40,44345.00,43661.80,43885.70,32208.746
2022-03-03T00:00:00Z,43885.80,44048.70,43165.10,43312.70,36168.687
2022-03-03T04:00:00Z,43312.80,43700.00,42858.00,43468.00,44952.237
2022-03-03T08:00:00Z,43468.00,43616.00,43056.20,43377.20,40145.830
2022-03-03T12:00:00Z,43377.30,44080.00,42333.00,42549.50,102603.821
2022-03-03T16:00:00Z,42549.50,42761.40,42051.00,42220.60,84431.570
2022-03-03T20:00:00Z,42220.60,42700.00,41831.00,42449.50,57263.687
2022-03-04T00:00:00Z,42449.60,42525.30,41050.00,41441.10,74477.161
2022-03-04T04:00:00Z,41441.10,41489.80,41069.70,41427.60,32946.002
2022-03-04T08:00:00Z,41427.70,41887.50,40800.00,41639.60,74542.746
2022-03-04T12:00:00Z,41643.40,41825.80,40540.00,40694.60,112845.938
2022-03-04T16:00:00Z,40694.60,40954.60,39650.00,39785.40,80557.285
2022-03-04T20:00:00Z,39785.30,39888.70,38521.00,39127.70,93769.242
2022-03-05T00:00:00Z,39127.70,39176.30,38547.60,39029.10,38296.958
2022-03-05T04:00:00Z,39029.10,39124.70,38702.20,39003.90,27670.341
2022-03-05T08:00:00Z,39004.00,39282.00,38754.50,39106.10,38882.501
2022-03-05T12:00:00Z,39106.50,39350.00,38866.10,39133.80,32945.096
2022-03-05T16:00:00Z,39133.80,39580.00,39104.10,39416.60,37526.047
2022-03-05T20:00:00Z,39416.70,39578.90,39267.00,39375.10,23426.950
2022-03-06T00:00:00Z,39375.00,39690.00,39250.20,39281.90,23293.051
2022-03-06T04:00:00Z,39282.00,39645.90,38766.00,39369.60,45556.074
2022-03-06T08:00:00Z,39369.70,39369.70,38056.00,38330.90,80127.946
2022-03-06T12:00:00Z,38329.10,39038.00,38266.00,38845.00,66448.930
2022-03-06T16:00:00Z,38845.00,39340.00,38474.60,38649.40,48289.587
2022-03-06T20:00:00Z,38649.40,39250.00,38111.00,38401.10,47989.672
2022-03-07T00:00:00Z,38401.10,38547.60,37529.90,37848.80,74983.678
2022-03-07T04:00:00Z,37848.90,38222.20,37738.10,37878.20,37339.642
2022-03-07T08:00:00Z,37878.20,38392.00,37630.60,38314.10,56249.761
2022-03-07T12:00:00Z,38314.30,39267.00,38314.30,39062.30,104505.192
2022-03-07T16:00:00Z,39062.30,39550.00,37150.80,37288.70,128966.328
2022-03-07T20:00:00Z,37290.00,38529.10,37134.00,37963.80,88209.915
2022-03-08T00:00:00Z,37963.70,38931.10,37853.00,38678.50,52210.899
2022-03-08T04:00:00Z,38678.60,38805.10,38000.00,38530.40,54181.591
2022-03-08T08:00:00Z,38530.40,39185.50,38450.00,38967.80,65088.915
2022-03-08T12:00:00Z,38967.80,39200.00,38259.00,38648.90,102811.627
2022-03-08T16:00:00Z,38649.80,39340.50,38117.90,38741.50,115241.489
2022-03-08T20:00:00Z,38741.40,38888.00,38358.70,38709.90,31927.846
2022-03-09T00:00:00Z,38709.90,41440.60,38638.70,41198.50,108319.652
2022-03-09T04:00:00Z,41198.40,41893.50,41194.90,41773.80,82800.208
2022-03-09T08:00:00Z,41770.60,42450.00,41605.00,42150.10,83163.060
2022-03-09T12:00:00Z,42150.00,42647.50,41642.90,42509.00,96730.457
2022-03-09T16:00:00Z,42508.90,42552.00,41760.00,42200.20,56088.316
2022-03-09T20:00:00Z,42200.20,42326.00,41671.10,41937.50,34958.118
2022-03-10T00:00:00Z,41939.50,42034.30,40500.00,40765.40,72554.240
2022-03-10T04:00:00Z,40765.40,40839.30,38652.90,39219.90,119058.249
2022-03-10T08:00:00Z,39220.00,39300.00,38740.10,39055.40,63543.300
2022-03-10T12:00:00Z,39055.30,40288.70,38512.00,39155.70,168079.602
2022-03-10T16:00:00Z,39154.30,39580.00,38869.20,39405.50,62782.382
2022-03-10T20:00:00Z,39405.60,39662.50,39000.00,39407.20,34627.413
2022-03-11T00:00:00Z,39407.10,39426.20,38200.10,38703.10,69355.961
2022-03-11T04:00:00Z,38703.10,39344.30,38310.80,39111.80,61525.339
2022-03-11T08:00:00Z,39111.60,40200.00,38780.00,39878.40,103949.336
2022-03-11T12:00:00Z,39878.30,40242.00,38888.00,39070.00,129527.860
2022-03-11T16:00:00Z,39070.00,39085.90,38500.10,38776.10,56629.129
2022-03-11T20:00:00Z,38776.00,39167.10,38287.00,38713.00,46091.267
2022-03-12T00:00:00Z,38713.10,39289.60,38630.00,39073.50,28631.993
2022-03-12T04:00:00Z,39073.60,39245.70,38909.50,39092.80,21680.147
2022-03-12T08:00:00Z,39092.70,39274.40,38929.90,39054.10,27209.838
2022-03-12T12:00:00Z,39054.10,39248.30,38637.90,39018.30,44094.489
2022-03-12T16:00:00Z,39019.60,39578.40,38900.00,39006.70,33925.401
2022-03-12T20:00:00Z,39006.80,39195.40,38700.00,38792.60,16952.957
2022-03-13T00:00:00Z,38792.70,39300.00,38667.50,39170.90,29586.864
2022-03-13T04:00:00Z,39170.50,39300.00,39051.60,39075.40,14572.880
2022-03-13T08:00:00Z,39075.40,39120.00,38511.80,38727.40,37774.363
2022-03-13T12:00:00Z,38727.30,39053.30,38333.00,38913.70,66028.279
2022-03-13T16:00:00Z,38913.30,39050.00,38828.70,38843.40,23770.682
2022-03-13T20:00:00Z,38843.40,38843.40,37500.00,37743.70,64890.626
2022-03-14T00:00:00Z,37743.00,38338.00,37522.10,38121.80,43254.049
2022-03-14T04:00:00Z,38121.70,39176.80,38100.90,39062.20,70825.957
2022-03-14T08:00:00Z,39062.20,39287.40,38816.20,38885.10,48663.799
2022-03-14T12:00:00Z,38885.00,39160.50,38602.90,38940.90,72733.719
2022-03-14T16:00:00Z,38939.30,39035.00,38400.00,38795.00,57145.711
2022-03-14T20:00:00Z,38795.00,39989.00,38579.90,39653.80,67435.123
2022-03-15T00:00:00Z,39651.60,39800.00,38597.90,38746.50,60136.865
2022-03-15T04:00:00Z,38746.40,39000.00,38073.80,38428.00,43326.982
2022-03-15T08:00:00Z,38428.10,38788.00,38236.60,38630.50,42225.669
2022-03-15T12:00:00Z,38630.50,39250.00,38437.00,39000.80,79937.193
2022-03-15T16:00:00Z,39000.80,39799.90,38910.00,39730.70,65332.605
2022-03-15T20:00:00Z,39730.70,39901.80,39209.80,39271.00,54059.929
2022-03-16T00:00:00Z,39270.90,41804.00,38700.00,39137.90,163761.876
2022-03-16T04:00:00Z,39137.90,39659.90,38900.20,39561.00,57419.128
2022-03-16T08:00:00Z,39560.90,40760.00,39538.00,40492.80,93404.937
2022-03-16T12:00:00Z,40492.90,41188.00,40232.30,40609.00,88466.478
2022-03-16T16:00:00Z,40609.00,40951.40,39270.00,40868.30,187248.971
2022-03-16T20:00:00Z,40868.40,41473.60,40750.00,41105.80,60288.271
2022-03-17T00:00:00Z,41105.90,41389.00,40807.30,40999.00,33109.184
2022-03-17T04:00:00Z,40999.00,41498.40,40540.10,40720.60,54705.057
2022-03-17T08:00:00Z,40720.60,40900.00,40442.80,40743.40,36224.686
2022-03-17T12:00:00Z,40743.40,41250.00,40700.00,40788.00,67124.294
2022-03-17T16:00:00Z,40788.30,40887.60,40530.00,40859.20,32809.091
2022-03-17T20:00:00Z,40859.30,41071.50,40618.60,40898.10,20016.482
2022-03-18T00:00:00Z,40898.00,40914.00,40170.10,40500.60,37338.343
2022-03-18T04:00:00Z,40500.50,40900.00,40411.00,40560.70,27054.174
2022-03-18T08:00:00Z,40562.10,40750.00,40084.20,40380.70,44095.082
2022-03-18T12:00:00Z,40380.70,41086.00,40265.30,40902.20,69200.849
2022-03-18T16:00:00Z,40902.20,42091.80,40874.20,42020.30,80635.529
2022-03-18T20:00:00Z,42020.30,42322.80,41622.00,41751.50,40810.466
2022-03-19T00:00:00Z,41751.60,41988.00,41500.00,41785.00,27757.307
2022-03-19T04:00:00Z,41785.10,41938.50,41519.30,41605.10,22803.948
2022-03-19T08:00:00Z,41605.00,41791.80,41563.50,41718.60,19320.905
2022-03-19T12:00:00Z,41718.60,42086.70,41627.90,41909.00,38527.754
2022-03-19T16:00:00Z,41909.00,42150.00,41780.00,42008.40,30786.280
2022-03-19T20:00:00Z,42008.50,42446.60,41702.80,42188.20,47263.760
2022-03-20T00:00:00Z,42188.20,42269.30,41755.50,41922.20,32053.556
2022-03-20T04:00:00Z,41922.20,41998.00,41728.80,41848.70,20874.541
2022-03-20T08:00:00Z,41848.70,41928.00,41555.00,41587.90,34169.603
2022-03-20T12:00:00Z,41587.90,41688.00,41200.00,41334.20,57048.566
2022-03-20T16:00:00Z,41334.20,41490.90,40900.00,41364.50,52616.638
2022-03-20T20:00:00Z,41364.50,41666.00,41065.00,41261.00,39011.225
2022-03-21T00:00:00Z,41261.00,41443.80,40430.00,40811.30,54067.529
2022-03-21T04:00:00Z,40811.70,41129.90,40676.94,41076.40,37195.035
2022-03-21T08:00:00Z,41076.50,41481.10,41055.80,41218.70,38733.020
2022-03-21T12:00:00Z,41218.80,41544.40,40727.70,41198.30,90353.677
2022-03-21T16:00:00Z,41198.30,41213.90,40730.10,41168.00,58618.963
2022-03-21T20:00:00Z,41168.10,41350.00,40933.00,40982.00,29428.236
2022-03-22T00:00:00Z,40982.00,42500.00,40852.00,42230.00,81952.561
2022-03-22T04:00:00Z,42230.00,43517.70,41995.30,42197.90,102801.768
2022-03-22T08:00:00Z,42198.00,43027.90,42063.30,42977.00,57475.719
2022-03-22T12:00:00Z,42976.90,43188.00,42552.00,42567.20,63496.691
2022-03-22T16:00:00Z,42567.10,42710.00,42200.00,42268.20,33967.114
2022-03-22T20:00:00Z,42268.30,42870.00,42224.30,42349.80,34603.821
2022-03-23T00:00:00Z,42349.90,42518.00,41842.40,42058.70,42605.861
2022-03-23T04:00:00Z,42058.70,42240.00,41731.30,42094.10,42770.231
2022-03-23T08:00:00Z,42094.20,42341.20,41852.00,42028.80,37988.761
2022-03-23T12:00:00Z,42028.70,42724.00,41860.90,42588.70,74521.475
2022-03-23T16:00:00Z,42588.70,42754.80,42025.00,42192.80,52088.877
2022-03-23T20:00:00Z,42192.90,43051.00,42160.50,42867.90,32656.535
2022-03-24T00:00:00Z,42867.80,43296.00,42622.20,42696.40,50478.932
2022-03-24T04:00:00Z,42696.30,43500.00,42696.30,43061.00,50125.651
2022-03-24T08:00:00Z,43060.90,43206.70,42800.00,42949.50,39573.169
2022-03-24T12:00:00Z,42949.50,44020.00,42525.00,43967.00,113201.493
2022-03-24T16:00:00Z,43970.70,44200.00,43741.80,43891.10,55798.968
2022-03-24T20:00:00Z,43891.00,44087.50,43782.30,43973.40,22261.844
2022-03-25T00:00:00Z,43973.20,44444.00,43831.40,43961.80,39722.817
2022-03-25T04:00:00Z,43961.80,44195.00,43880.00,43902.40,29589.881
2022-03-25T08:00:00Z,43902.40,44644.00,43575.10,44554.50,71018.436
2022-03-25T12:00:00Z,44554.50,45142.00,44188.00,44320.20,118133.222
2022-03-25T16:00:00Z,44320.20,44580.00,44000.00,44428.80,68740.177
2022-03-25T20:00:00Z,44428.70,44600.00,44210.70,44290.60,21415.589
2022-03-26T00:00:00Z,44290.60,44438.00,44041.00,44374.00,23277.021
2022-03-26T04:00:00Z,44374.00,44529.70,44322.20,44482.80,17136.754
2022-03-26T08:00:00Z,44482.80,44569.70,44300.10,44323.60,15494.729
2022-03-26T12:00:00Z,44323.60,44393.90,44118.30,44193.60,27731.177
2022-03-26T16:00:00Z,44193.60,44443.80,44128.00,44340.90,20238.357
2022-03-26T20:00:00Z,44340.90,44785.00,44210.10,44489.20,36834.549
2022-03-27T00:00:00Z,44489.30,44987.40,44456.50,44691.00,29609.910
2022-03-27T04:00:00Z,44691.00,44746.10,44509.90,44719.90,13597.896
2022-03-27T08:00:00Z,44719.90,44729.90,44470.00,44556.50,15735.677
2022-03-27T12:00:00Z,44556.40,44922.00,44416.00,44836.10,41931.347
2022-03-27T16:00:00Z,44836.10,45100.00,44653.10,44813.60,37088.116
2022-03-27T20:00:00Z,44813.50,47047.00,44700.00,46820.80,131317.282
2022-03-28T00:00:00Z,46820.90,47731.20,46651.20,47042.80,60037.976
2022-03-28T04:00:00Z,47042.90,47400.00,46755.20,46984.50,36122.177
2022-03-28T08:00:00Z,46984.50,47417.00,46834.80,47250.00,33601.066
2022-03-28T12:00:00Z,47249.90,47948.00,47100.10,47410.90,73893.933
2022-03-28T16:00:00Z,47410.90,48200.00,47292.50,47923.00,60928.768
2022-03-28T20:00:00Z,47922.50,48085.20,46855.00,47121.90,52981.862
2022-03-29T00:00:00Z,47121.80,47605.00,47042.50,47328.00,31100.595
2022-03-29T04:00:00Z,47328.00,47752.20,47309.80,47330.10,25680.250
2022-03-29T08:00:00Z,47330.00,47972.20,47320.00,47873.30,37411.748
2022-03-29T12:00:00Z,47873.40,48100.00,47312.00,47424.00,69202.800
2022-03-29T16:00:00Z,47424.00,47880.00,47112.00,47704.00,59925.539
2022-03-29T20:00:00Z,47704.70,47721.10,46911.00,47418.50,35719.903
2022-03-30T00:00:00Z,47418.50,47444.00,46535.00,47408.10,48241.089
2022-03-30T04:00:00Z,47408.10,47585.40,47125.40,47371.60,25926.861
2022-03-30T08:00:00Z,47371.50,47506.40,47048.00,47318.10,34206.870
2022-03-30T12:00:00Z,47318.00,47345.50,46850.00,47153.70,44306.798
2022-03-30T16:00:00Z,47151.00,47688.60,46819.90,47061.20,56866.462
2022-03-30T20:00:00Z,47061.10,47283.60,46826.40,47053.20,25461.812
2022-03-31T00:00:00Z,47053.10,47408.70,46950.00,47088.40,19812.873
2022-03-31T04:00:00Z,47088.30,47160.00,46890.00,47140.00,20626.002
2022-03-31T08:00:00Z,47140.00,47385.50,47066.50,47146.50,25693.015
2022-03-31T12:00:00Z,47146.50,47619.40,46200.00,46450.00,110215.774
2022-03-31T16:00:00Z,46450.10,46495.60,45469.30,45578.10,89155.681
2022-03-31T20:00:00Z,45578.10,45852.20,45185.00,45506.00,34334.265
2022-04-01T00:00:00Z,45505.90,45638.90,44206.20,44585.00,89363.390
2022-04-01T04:00:00Z,44584.90,45084.20,44530.80,44993.80,38742.921
2022-04-01T08:00:00Z,44993.70,45307.90,44965.00,45045.20,40632.630
2022-04-01T12:00:00Z,45045.10,46700.00,44680.90,46523.50,118137.026
2022-04-01T16:00:00Z,46523.60,46585.30,45883.90,46349.40,53206.891
2022-04-01T20:00:00Z,46349.50,46427.40,46056.60,46266.20,20651.695
2022-04-02T00:00:00Z,46266.20,47236.80,46056.80,46587.50,52165.385
2022-04-02T04:00:00Z,46587.40,46655.90,46395.70,46578.00,15133.621
2022-04-02T08:00:00Z,46577.90,46745.10,46469.10,46534.50,17724.764
2022-04-02T12:00:00Z,46534.40,46947.80,46112.50,46284.10,59272.368
2022-04-02T16:00:00Z,46284.00,46499.00,45600.00,46099.00,51207.088
2022-04-02T20:00:00Z,46099.10,46400.00,45720.00,45794.60,30910.131
2022-04-03T00:00:00Z,45792.30,46058.00,45501.00,45930.20,30873.693
2022-04-03T04:00:00Z,45930.20,46586.10,45911.10,46363.70,26302.141
2022-04-03T08:00:00Z,46363.70,46448.30,46068.50,46237.10,23653.506
2022-04-03T12:00:00Z,46237.10,46715.00,46169.60,46397.90,35409.566
2022-04-03T16:00:00Z,46398.00,46771.00,46192.20,46388.00,28698.181
2022-04-03T20:00:00Z,46388.00,47448.00,46222.00,46392.40,67651.926
2022-04-04T00:00:00Z,46392.30,46445.60,45735.00,45990.20,42374.023
2022-04-04T04:00:00Z,45990.30,46288.00,45800.00,46158.30,23490.619
2022-04-04T08:00:00Z,46158.30,46280.00,45780.00,46149.90,36542.874
2022-04-04T12:00:00Z,46149.90,46350.00,45532.00,45627.00,55233.473
2022-04-04T16:00:00Z,45627.00,45936.00,45094.00,45905.60,51616.296
2022-04-04T20:00:00Z,45905.70,46895.50,45700.00,46580.90,63539.256
2022-04-05T00:00:00Z,46580.90,46771.90,46404.80,46630.00,21984.062
2022-04-05T04:00:00Z,46630.10,46878.00,46533.90,46705.40,19602.092
2022-04-05T08:00:00Z,46705.40,46736.70,46501.00,46673.40,18116.502
2022-04-05T12:00:00Z,46673.30,47188.00,45622.00,45740.50,110629.437
2022-04-05T16:00:00Z,45740.50,46180.00,45422.00,46019.50,52387.947
2022-04-05T20:00:00Z,46019.50,46099.90,45300.00,45477.40,34804.599
2022-04-06T00:00:00Z,45477.50,45494.20,44349.70,45200.00,64058.744
2022-04-06T04:00:00Z,45199.90,45485.80,45100.30,45255.00,23516.974
2022-04-06T08:00:00Z,45254.90,45449.30,44630.00,44802.50,50709.741
2022-04-06T12:00:00Z,44802.50,44977.00,43666.00,44159.40,100038.925
2022-04-06T16:00:00Z,44159.40,44297.60,43100.00,43751.20,113075.044
2022-04-06T20:00:00Z,43751.20,44040.70,43110.00,43159.70,32959.947
2022-04-07T00:00:00Z,43159.80,43550.50,42685.00,43292.00,52924.039
2022-04-07T04:00:00Z,43292.50,43523.00,43200.00,43416.60,22854.326
2022-04-07T08:00:00Z,43416.60,43824.40,43250.00,43739.90,34927.552
2022-04-07T12:00:00Z,43739.90,43888.00,42996.00,43305.00,58847.550
2022-04-07T16:00:00Z,43305.00,43816.30,43251.20,43367.50,37113.879
2022-04-07T20:00:00Z,43370.90,43724.90,43173.00,43417.10,22900.634
2022-04-08T00:00:00Z,43417.10,43677.80,43279.50,43582.20,19156.890
2022-04-08T04:00:00Z,43582.20,43765.10,43392.00,43742.50,22954.279
2022-04-08T08:00:00Z,43742.40,43968.10,43238.30,43289.80,43587.431
2022-04-08T12:00:00Z,43289.90,43956.00,42728.00,43636.30,95764.621
2022-04-08T16:00:00Z,43636.30,43707.20,42298.20,42722.10,86392.167
2022-04-08T20:00:00Z,42722.00,42860.90,42074.00,42229.20,42240.441
2022-04-09T00:00:00Z,42229.10,42449.10,42100.30,42357.90,27424.741
2022-04-09T04:00:00Z,42357.90,42630.00,42319.10,42466.50,17040.358
2022-04-09T08:00:00Z,42466.40,42534.80,42300.00,42435.50,12745.498
2022-04-09T12:00:00Z,42435.50,42509.10,42150.00,42243.90,21128.220
2022-04-09T16:00:00Z,42243.90,42629.00,42164.00,42490.40,21970.226
2022-04-09T20:00:00Z,42490.30,42796.70,42365.00,42727.70,19413.611
2022-04-10T00:00:00Z,42727.80,42888.20,42562.20,42761.20,15094.614
2022-04-10T04:00:00Z,42761.20,42778.70,42555.00,42610.10,12944.429
2022-04-10T08:00:00Z,42610.10,42710.00,42419.90,42666.10,18217.850
2022-04-10T12:00:00Z,42666.10,42850.00,42500.10,42722.60,25651.329
2022-04-10T16:00:00Z,42722.50,43338.00,42650.00,43217.20,36181.119
2022-04-10T20:00:00Z,43217.20,43399.40,41838.00,42140.40,73815.129
2022-04-11T00:00:00Z,42140.30,42399.90,41650.00,42105.10,53350.521
2022-04-11T04:00:00Z,42105.10,42337.30,42072.70,42282.60,19804.084
2022-04-11T08:00:00Z,42282.50,42338.50,40933.60,41055.10,94103.342
2022-04-11T12:00:00Z,41055.10,41245.90,40536.00,40575.70,74701.844
2022-04-11T16:00:00Z,40575.60,40892.07,39730.20,39961.70,95324.570
2022-04-11T20:00:00Z,39961.00,40251.50,39136.70,39505.60,102245.659
2022-04-12T00:00:00Z,39505.60,39826.50,39250.00,39719.80,47188.903
2022-04-12T04:00:00Z,39719.70,40174.40,39600.00,40154.90,43312.372
2022-04-12T08:00:00Z,40154.90,40447.90,40017.60,40354.50,40962.827
2022-04-12T12:00:00Z,40356.00,40700.00,39761.30,40163.90,107357.185
2022-04-12T16:00:00Z,40163.90,40366.50,39231.10,39281.10,59002.292
2022-04-12T20:00:00Z,39286.10,40410.00,39224.00,40060.70,52060.052
2022-04-13T00:00:00Z,40060.70,40272.00,39569.80,40059.30,37966.028
2022-04-13T04:00:00Z,40059.20,40211.00,39831.10,40112.00,26879.019
2022-04-13T08:00:00Z,40112.00,40200.00,39657.00,39697.70,40381.975
2022-04-13T12:00:00Z,39697.60,41400.00,39600.60,41134.50,128150.718
2022-04-13T16:00:00Z,41134.40,41580.00,40800.00,41041.50,61932.082
2022-04-13T20:00:00Z,41041.40,41388.00,40960.50,41129.80,29601.109
2022-04-14T00:00:00Z,41129.80,41474.80,41041.90,41303.90,25206.638
2022-04-14T04:00:00Z,41303.90,41393.60,41130.00,41245.00,20750.631
2022-04-14T08:00:00Z,41244.90,41310.00,40822.70,40913.50,36339.161
2022-04-14T12:00:00Z,40913.50,41288.00,39908.00,39943.20,99058.056
2022-04-14T16:00:00Z,39943.20,40054.50,39522.00,39752.60,57564.378
2022-04-14T20:00:00Z,39752.70,39994.40,39633.90,39915.90,23047.527
2022-04-15T00:00:00Z,39915.90,40250.00,39734.20,40180.00,27216.985
2022-04-15T04:00:00Z,40180.00,40465.90,39930.90,40225.60,32665.577
2022-04-15T08:00:00Z,40225.60,40400.00,40005.60,40207.60,32665.676
2022-04-15T12:00:00Z,40207.60,40888.00,39849.20,40397.90,59353.456
2022-04-15T16:00:00Z,40397.90,40631.00,40188.00,40296.60,29936.593
2022-04-15T20:00:00Z,40296.50,40586.80,40260.90,40529.50,12842.384
2022-04-16T00:00:00Z,40529.60,40700.00,40384.20,40417.20,17329.861
2022-04-16T04:00:00Z,40417.10,40544.10,40350.00,40376.00,13496.445
2022-04-16T08:00:00Z,40376.00,40496.50,40263.00,40403.30,17934.880
2022-04-16T12:00:00Z,40403.20,40569.00,39944.90,40039.80,37601.945
2022-04-16T16:00:00Z,40039.70,40250.00,39981.90,40189.50,18062.646
2022-04-16T20:00:00Z,40189.40,40697.30,40162.70,40361.00,23279.280
2022-04-17T00:00:00Z,40360.90,40409.70,40094.30,40215.80,17963.213
2022-04-17T04:00:00Z,40215.70,40428.50,40207.40,40271.90,11893.997
2022-04-17T08:00:00Z,40271.90,40520.00,40262.10,40454.60,16004.743
2022-04-17T12:00:00Z,40454.60,40574.10,40164.00,40430.70,31384.873
2022-04-17T16:00:00Z,40430.60,40461.80,39768.00,40357.80,44606.041
2022-04-17T20:00:00Z,40357.90,40437.30,39510.00,39649.10,48478.957
2022-04-18T00:00:00Z,39649.10,39870.00,39550.00,39788.40,24145.388
2022-04-18T04:00:00Z,39788.30,39826.70,38465.70,38902.10,78716.662
2022-04-18T08:00:00Z,38902.20,39099.00,38780.00,38975.30,31897.029
2022-04-18T12:00:00Z,38975.40,39600.00,38975.30,39239.20,67980.812
2022-04-18T16:00:00Z,39239.20,41310.00,39022.10,40670.40,120338.235
2022-04-18T20:00:00Z,40670.40,41094.00,40607.10,40785.60,39357.193
2022-04-19T00:00:00Z,40785.70,41306.00,40575.00,40683.20,37223.733
2022-04-19T04:00:00Z,40683.20,40873.70,40543.70,40671.60,19436.105
2022-04-19T08:00:00Z,40671.60,41044.00,40550.00,40661.50,28292.543
2022-04-19T12:00:00Z,40661.50,41788.00,40629.60,41433.30,81780.723
2022-04-19T16:00:00Z,41432.10,41530.60,41143.70,41400.10,28934.136
2022-04-19T20:00:00Z,41400.00,41524.50,41187.30,41472.90,18737.031
2022-04-20T00:00:00Z,41472.90,41528.70,41211.60,41372.60,15643.503
2022-04-20T04:00:00Z,41372.50,41639.90,41250.00,41325.60,22115.177
2022-04-20T08:00:00Z,41325.60,42166.80,41281.70,42070.80,56941.934
2022-04-20T12:00:00Z,42070.70,42160.00,41037.30,41247.10,84586.898
2022-04-20T16:00:00Z,41247.00,41444.00,40800.00,41177.60,51498.554
2022-04-20T20:00:00Z,41177.50,41660.00,41118.20,41327.70,26596.361
2022-04-21T00:00:00Z,41326.00,41768.00,41292.00,41673.90,22093.892
2022-04-21T04:00:00Z,41673.90,41940.00,41398.00,41833.70,26747.921
2022-04-21T08:00:00Z,41833.70,42700.00,41716.40,42418.00,80675.975
2022-04-21T12:00:00Z,42418.00,42966.00,42100.00,42129.20,88503.323
2022-04-21T16:00:00Z,42129.20,42171.90,41204.00,41209.90,83638.792
2022-04-21T20:00:00Z,41208.60,41306.80,39630.00,40449.80,91490.053
2022-04-22T00:00:00Z,40449.70,40647.20,40200.70,40470.40,37718.237
2022-04-22T04:00:00Z,40470.50,40786.10,40264.60,40687.10,38209.330
2022-04-22T08:00:00Z,40687.10,40760.00,40111.00,40558.00,42201.250
2022-04-22T12:00:00Z,40558.10,40631.40,39300.10,39414.60,105294.481
2022-04-22T16:00:00Z,39414.50,39760.80,39133.00,39482.60,64193.064
2022-04-22T20:00:00Z,39482.60,39799.00,39377.80,39674.20,27319.391
2022-04-23T00:00:00Z,39674.30,39845.00,39371.30,39438.70,20340.094
2022-04-23T04:00:00Z,39439.80,39656.70,39259.00,39578.20,19881.618
2022-04-23T08:00:00Z,39578.20,39667.60,39469.60,39583.20,15741.460
2022-04-23T12:00:00Z,39583.30,39797.90,39506.20,39759.90,23388.862
2022-04-23T16:00:00Z,39759.90,40000.00,39630.00,39734.90,22873.032
2022-04-23T20:00:00Z,39734.80,39937.30,39275.50,39415.10,22821.751
2022-04-24T00:00:00Z,39413.80,39800.00,39384.40,39750.10,21686.005
2022-04-24T04:00:00Z,39750.10,39789.80,39602.80,39725.70,12268.867
2022-04-24T08:00:00Z,39725.70,39777.00,39524.10,39591.20,15957.447
2022-04-24T12:00:00Z,39591.30,39930.60,39320.00,39640.00,46663.580
2022-04-24T16:00:00Z,39639.90,39786.00,38884.10,39675.90,60310.872
2022-04-24T20:00:00Z,39675.90,39750.00,39401.70,39433.40,23484.991
2022-04-25T00:00:00Z,39433.40,39488.80,38620.00,39226.20,62235.335
2022-04-25T04:00:00Z,39226.10,39231.00,38111.00,38437.20,70508.172
2022-04-25T08:00:00Z,38437.20,38940.00,38170.00,38810.60,63612.890
2022-04-25T12:00:00Z,38810.60,39429.70,38604.10,38967.40,110655.760
2022-04-25T16:00:00Z,38967.40,40390.00,38900.00,40204.00,105046.140
2022-04-25T20:00:00Z,40204.00,40650.00,40026.80,40411.00,36819.596
2022-04-26T00:00:00Z,40411.00,40800.00,40366.10,40520.00,31726.344
2022-04-26T04:00:00Z,40520.00,40687.90,40354.20,40573.20,26866.442
2022-04-26T08:00:00Z,40573.10,40799.00,40200.00,40452.20,36332.152
2022-04-26T12:00:00Z,40452.30,40628.60,38530.20,38546.90,144252.423
2022-04-26T16:00:00Z,38547.00,38855.00,37782.20,38250.80,144520.941
2022-04-26T20:00:00Z,38250.60,38439.00,37671.80,38093.70,69433.896
2022-04-27T00:00:00Z,38093.70,38460.80,37844.50,38324.90,32985.371
2022-04-27T04:00:00Z,38324.80,39070.00,38282.20,39064.80,39998.148
2022-04-27T08:00:00Z,39070.00,39215.70,38614.30,38998.50,81545.943
2022-04-27T12:00:00Z,38998.50,39470.00,38402.00,38990.30,135632.996
2022-04-27T16:00:00Z,38990.30,39296.00,38650.00,38836.80,62748.903
2022-04-27T20:00:00Z,38837.80,39393.90,38810.10,39209.00,32734.004
2022-04-28T00:00:00Z,39209.00,39690.00,39127.00,39332.90,43229.672
2022-04-28T04:00:00Z,39333.00,39646.00,39200.50,39365.00,28178.268
2022-04-28T08:00:00Z,39365.00,39878.00,39340.00,39666.70,46692.623
2022-04-28T12:00:00Z,39666.60,40334.00,38861.80,39428.20,170791.947
2022-04-28T16:00:00Z,39428.10,40376.60,39301.10,39973.20,83320.484
2022-04-28T20:00:00Z,39974.70,40215.60,39597.40,39732.50,41330.414
2022-04-29T00:00:00Z,39732.50,39924.80,39249.60,39528.20,33566.822
2022-04-29T04:00:00Z,39528.20,39646.60,39360.00,39583.90,25990.175
2022-04-29T08:00:00Z,39584.00,39619.50,38586.70,38737.70,63221.924
2022-04-29T12:00:00Z,38737.80,39388.00,38612.00,38988.10,84207.712
2022-04-29T16:00:00Z,38988.00,39073.50,38160.00,38314.20,77897.928
2022-04-29T20:00:00Z,38315.20,38645.50,38284.00,38572.20,23231.814
2022-04-30T00:00:00Z,38572.20,38782.60,38530.00,38641.50,21437.764
2022-04-30T04:00:00Z,38641.40,38765.00,38471.60,38634.90,15931.255
2022-04-30T08:00:00Z,38634.90,38678.80,38514.00,38564.90,17060.919
2022-04-30T12:00:00Z,38564.90,38625.00,38135.00,38439.90,45274.679
2022-04-30T16:00:00Z,38439.80,38587.40,38180.00,38447.70,29622.994
2022-04-30T20:00:00Z,38447.80,38447.80,37550.00,37614.50,52482.771
2022-05-01T00:00:00Z,37614.40,38057.10,37350.00,38021.20,53051.764
2022-05-01T04:00:00Z,38021.30,38159.00,37868.80,37944.10,21135.285
2022-05-01T08:00:00Z,37944.00,38084.90,37834.20,37922.10,18692.953
2022-05-01T12:00:00Z,37922.00,38680.60,37812.00,38470.20,43973.391
2022-05-01T16:00:00Z,38470.40,38666.00,37713.80,37790.00,54591.569
2022-05-01T20:00:00Z,37789.90,38600.00,37625.00,38440.50,45104.500
2022-05-02T00:00:00Z,38440.20,38809.00,38340.00,38653.70,35971.297
2022-05-02T04:00:00Z,38653.60,39155.00,38572.80,38869.60,43496.716
2022-05-02T08:00:00Z,38869.60,39073.00,38460.00,38516.00,45329.458
2022-05-02T12:00:00Z,38515.90,39222.00,38218.00,38692.10,105912.341
2022-05-02T16:00:00Z,38692.20,38877.00,38032.20,38551.90,72610.928
2022-05-02T20:00:00Z,38552.00,38911.60,38267.30,38525.60,33524.625
2022-05-03T00:00:00Z,38525.50,38674.70,38315.10,38522.70,27785.974
2022-05-03T04:00:00Z,38522.60,38577.00,38386.60,38553.10,19824.995
2022-05-03T08:00:00Z,38553.00,38659.70,38250.00,38561.90,31656.970
2022-05-03T12:00:00Z,38561.90,38612.90,38126.00,38327.30,55595.245
2022-05-03T16:00:00Z,38327.20,38397.00,37500.10,37707.30,77026.729
2022-05-03T20:00:00Z,37707.30,38040.00,37515.10,37712.90,37096.309
2022-05-04T00:00:00Z,37713.00,38100.00,37655.20,37996.20,25725.367
2022-05-04T04:00:00Z,37996.30,38770.00,37923.70,38673.10,49227.772
2022-05-04T08:00:00Z,38673.10,39091.10,38643.80,38987.50,70896.667
2022-05-04T12:00:00Z,38987.50,39200.00,38650.00,38969.00,73704.545
2022-05-04T16:00:00Z,38969.10,40071.70,38600.00,39855.20,175250.153
2022-05-04T20:00:00Z,39855.20,39937.90,39608.10,39684.00,29694.314
2022-05-05T00:00:00Z,39684.10,39794.00,39550.30,39731.40,22124.848
2022-05-05T04:00:00Z,39731.30,39845.00,39515.80,39585.40,22147.530
2022-05-05T08:00:00Z,39585.40,39636.00,39410.00,39499.00,25671.699
2022-05-05T12:00:00Z,39499.00,39550.00,35535.10,36886.40,242107.223
2022-05-05T16:00:00Z,36886.50,37332.30,35388.00,36284.00,186123.835
2022-05-05T20:00:00Z,36281.30,36589.50,36107.10,36534.70,49033.865
2022-05-06T00:00:00Z,36533.70,36679.30,36128.80,36441.40,33726.308
2022-05-06T04:00:00Z,36442.50,36535.90,35800.00,36359.30,48495.881
2022-05-06T08:00:00Z,36359.30,36510.80,35550.00,35766.00,78237.250
2022-05-06T12:00:00Z,35765.90,36426.40,35200.00,35989.10,187779.732
2022-05-06T16:00:00Z,35989.10,36234.60,35800.00,35980.30,61135.759
2022-05-06T20:00:00Z,35981.50,36099.00,35843.80,35995.30,22604.310
2022-05-07T00:00:00Z,35995.20,36044.70,35730.00,35796.10,19443.036
2022-05-07T04:00:00Z,35796.10,35937.00,35702.90,35900.00,21211.600
2022-05-07T08:00:00Z,35900.00,36138.00,35860.60,36042.30,21843.962
2022-05-07T12:00:00Z,36042.30,36079.20,35840.20,35947.10,21134.147
2022-05-07T16:00:00Z,35947.10,35986.90,35831.60,35858.40,13519.464
2022-05-07T20:00:00Z,35858.30,35858.30,34700.00,35466.70,103112.624
2022-05-08T00:00:00Z,35466.70,35504.00,34150.00,34475.70,117058.276
2022-05-08T04:00:00Z,34475.70,34957.60,34316.90,34593.00,49870.222
2022-05-08T08:00:00Z,34592.90,34872.80,34500.00,34781.20,33011.382
2022-05-08T12:00:00Z,34780.50,34842.70,34256.50,34360.60,56965.243
2022-05-08T16:00:00Z,34360.60,34765.00,33665.00,34585.50,122422.882
2022-05-08T20:00:00Z,34585.50,34636.50,33870.00,34032.00,47544.579
2022-05-09T00:00:00Z,34032.10,34243.30,33255.00,33567.00,82584.636
2022-05-09T04:00:00Z,33567.00,33842.90,33327.70,33509.70,51110.977
2022-05-09T08:00:00Z,33509.70,33789.20,32620.00,33107.90,157966.313
2022-05-09T12:00:00Z,33108.00,33435.30,32044.00,32339.90,205646.254
2022-05-09T16:00:00Z,32340.00,32599.30,30300.00,30923.80,370990.762
2022-05-09T20:00:00Z,30930.20,31888.50,30003.60,30056.60,210480.770
2022-05-10T00:00:00Z,30056.00,31488.00,29701.40,30640.90,193239.648
2022-05-10T04:00:00Z,30640.80,32650.00,30591.80,31603.10,160984.632
2022-05-10T08:00:00Z,31602.80,32035.10,31231.00,31623.10,111076.978
2022-05-10T12:00:00Z,31623.10,32387.40,30828.10,31314.30,188046.309
2022-05-10T16:00:00Z,31314.30,31788.00,30949.80,31318.00,89761.771
2022-05-10T20:00:00Z,31318.00,31346.40,30129.60,31002.10,120069.623
2022-05-11T00:00:00Z,31002.10,31682.00,30612.20,31190.00,74659.367
2022-05-11T04:00:00Z,31190.00,31908.80,30188.00,30598.90,120154.604
2022-05-11T08:00:00Z,30598.90,32197.60,30366.50,31517.10,143866.722
2022-05-11T12:00:00Z,31517.10,32067.90,29000.00,30971.30,384537.729
2022-05-11T16:00:00Z,30971.40,31129.90,29156.50,29360.50,178618.810
2022-05-11T20:00:00Z,29360.50,29655.00,27651.00,29074.70,200038.740
2022-05-12T00:00:00Z,29077.90,30257.00,28333.00,28380.90,129993.771
2022-05-12T04:00:00Z,28380.80,28600.00,26631.00,28151.90,277899.131
2022-05-12T08:00:00Z,28151.40,29269.00,27450.00,28460.50,156759.380
2022-05-12T12:00:00Z,28460.50,29799.00,27888.80,29015.10,190330.787
2022-05-12T16:00:00Z,29015.00,29959.80,28161.30,28622.70,140723.741
2022-05-12T20:00:00Z,28622.20,29299.80,27968.60,29020.70,68768.779
2022-05-13T00:00:00Z,29020.80,30796.00,28730.40,30564.30,110267.016
2022-05-13T04:00:00Z,30564.40,31072.60,30153.00,30172.30,76486.077
2022-05-13T08:00:00Z,30172.40,30755.10,30160.60,30650.50,67835.381
2022-05-13T12:00:00Z,30652.10,31020.00,30200.00,30327.40,95355.476
2022-05-13T16:00:00Z,30327.50,30516.30,29369.70,30076.00,108752.998
2022-05-13T20:00:00Z,30076.00,30132.70,29180.10,29274.30,48923.157
2022-05-14T00:00:00Z,29274.20,29799.90,29209.80,29563.40,40050.660
2022-05-14T04:00:00Z,29563.40,29600.00,29203.30,29414.10,31048.855
2022-05-14T08:00:00Z,29414.00,29589.00,28812.40,29065.00,52594.926
2022-05-14T12:00:00Z,29065.30,29249.90,28644.00,28812.60,57131.969
2022-05-14T16:00:00Z,28812.50,29934.70,28602.30,29325.80,84282.613
2022-05-14T20:00:00Z,29325.80,30352.20,29271.20,30079.80,50647.872
2022-05-15T00:00:00Z,30079.50,30262.70,29533.10,29715.90,38849.805
2022-05-15T04:00:00Z,29716.00,30050.00,29448.00,29811.60,37827.052
2022-05-15T08:00:00Z,29811.50,30321.90,29525.10,30224.80,51358.098
2022-05-15T12:00:00Z,30225.90,30555.00,29747.60,30003.50,76900.440
2022-05-15T16:00:00Z,30003.40,30500.00,29919.50,30452.20,48951.780
2022-05-15T20:00:00Z,30452.10,31462.00,30346.40,31324.40,82885.964
2022-05-16T00:00:00Z,31324.30,31327.40,30201.00,30315.00,55931.697
2022-05-16T04:00:00Z,30314.90,30461.30,29280.00,29572.80,90895.415
2022-05-16T08:00:00Z,29572.70,30196.10,29417.30,29937.50,81539.021
2022-05-16T12:00:00Z,29939.60,30288.00,29309.50,29663.10,133342.385
2022-05-16T16:00:00Z,29663.10,29980.30,29052.30,29564.30,93245.148
2022-05-16T20:00:00Z,29564.30,30257.00,29530.00,29866.70,52289.500
2022-05-17T00:00:00Z,29866.40,30500.00,29750.10,30341.60,53785.837
2022-05-17T04:00:00Z,30341.60,30576.40,30223.00,30394.30,41165.689
2022-05-17T08:00:00Z,30394.20,30794.00,30258.30,30302.00,57387.036
2022-05-17T12:00:00Z,30302.00,30739.30,29928.00,30130.70,97153.144
2022-05-17T16:00:00Z,30130.70,30300.00,29420.00,30081.20,107114.574
2022-05-17T20:00:00Z,30081.20,30684.80,30027.00,30437.00,42018.239
2022-05-18T00:00:00Z,30437.00,30700.00,29700.00,29815.20,55307.323
2022-05-18T04:00:00Z,29815.30,30080.70,29633.40,29893.70,49436.063
2022-05-18T08:00:00Z,29893.70,30038.20,29724.00,29818.10,43024.315
2022-05-18T12:00:00Z,29818.10,29890.00,28850.00,28971.90,121263.956
2022-05-18T16:00:00Z,28971.90,29534.40,28726.70,29257.60,97700.501
2022-05-18T20:00:00Z,29257.50,29395.20,28629.60,28700.60,59968.299
2022-05-19T00:00:00Z,28700.60,29339.50,28670.50,29179.60,61412.793
2022-05-19T04:00:00Z,29179.50,29438.00,29014.20,29181.90,40690.292
2022-05-19T08:00:00Z,29182.00,29525.10,28838.80,29482.20,67650.277
2022-05-19T12:00:00Z,29482.20,30550.00,29345.00,30386.40,154452.064
2022-05-19T16:00:00Z,30386.40,30446.50,29953.20,29959.20,83371.963
2022-05-19T20:00:00Z,29959.30,30492.00,29932.00,30319.90,41279.335
2022-05-20T00:00:00Z,30319.90,30784.40,30121.40,30172.60,58522.199
2022-05-20T04:00:00Z,30172.50,30360.00,29839.30,30251.50,53881.596
2022-05-20T08:00:00Z,30251.60,30540.00,30105.80,30412.50,56094.454
2022-05-20T12:00:00Z,30412.40,30448.90,29058.50,29142.00,153032.453
2022-05-20T16:00:00Z,29141.40,29338.00,28702.00,29271.70,125748.866
2022-05-20T20:00:00Z,29269.50,29380.00,29110.00,29188.90,38159.603
2022-05-21T00:00:00Z,29188.90,29331.70,28927.00,29246.80,31974.304
2022-05-21T04:00:00Z,29246.70,29555.00,29187.40,29411.10,30205.379
2022-05-21T08:00:00Z,29411.10,29466.40,29131.80,29272.00,35202.230
2022-05-21T12:00:00Z,29271.90,29650.00,29167.10,29531.50,50185.967
2022-05-21T16:00:00Z,29531.40,29646.00,29375.90,29452.20,34685.962
2022-05-21T20:00:00Z,29452.20,29515.00,29295.50,29427.40,20550.247
2022-05-22T00:00:00Z,29427.40,29537.50,29308.30,29343.90,19324.922
2022-05-22T04:00:00Z,29343.80,29446.60,29223.60,29430.10,18871.105
2022-05-22T08:00:00Z,29430.10,30330.00,29400.00,29891.10,106993.651
2022-05-22T12:00:00Z,29891.10,30236.00,29664.60,29834.80,65218.648
2022-05-22T16:00:00Z,29834.80,30181.60,29730.60,29932.70,41970.625
2022-05-22T20:00:00Z,29932.70,30500.00,29900.00,30284.00,44737.489
2022-05-23T00:00:00Z,30284.00,30450.00,30040.10,30165.30,33480.228
2022-05-23T04:00:00Z,30165.20,30658.00,30100.00,30446.70,53478.268
2022-05-23T08:00:00Z,30446.80,30620.00,30271.20,30393.80,55361.212
2022-05-23T12:00:00Z,30393.80,30624.90,29907.20,30358.80,119952.262
2022-05-23T16:00:00Z,30358.80,30531.80,29050.00,29062.80,127047.223
2022-05-23T20:00:00Z,29062.60,29470.00,28840.70,29097.70,86401.557
2022-05-24T00:00:00Z,29097.80,29318.50,29040.00,29288.20,32491.136
2022-05-24T04:00:00Z,29288.10,29431.60,29229.40,29387.30,32242.468
2022-05-24T08:00:00Z,29387.30,29420.00,29100.80,29280.40,44269.441
2022-05-24T12:00:00Z,29280.30,29672.00,28637.60,29373.90,148995.370
2022-05-24T16:00:00Z,29374.00,29581.90,29080.00,29378.80,78913.332
2022-05-24T20:00:00Z,29378.80,29887.30,29250.00,29643.10,45212.702
2022-05-25T00:00:00Z,29643.00,30246.70,29539.30,30188.90,63679.270
2022-05-25T04:00:00Z,30189.00,30209.30,29658.40,29695.60,58500.166
2022-05-25T08:00:00Z,29695.70,29949.20,29338.30,29403.50,71565.846
2022-05-25T12:00:00Z,29403.50,29900.00,29330.00,29616.10,92207.869
2022-05-25T16:00:00Z,29616.00,30046.00,29415.70,29584.00,94318.170
2022-05-25T20:00:00Z,29584.00,29867.20,29525.50,29536.70,33188.163
2022-05-26T00:00:00Z,29536.70,29877.00,29480.10,29826.30,40614.383
2022-05-26T04:00:00Z,29826.40,29872.50,29505.10,29714.90,48790.439
2022-05-26T08:00:00Z,29715.00,29729.80,28840.00,28992.80,119624.382
2022-05-26T12:00:00Z,28992.90,29519.00,27952.10,29374.40,254144.426
2022-05-26T16:00:00Z,29374.50,29788.00,29351.50,29374.80,89840.999
2022-05-26T20:00:00Z,29374.80,29680.70,29164.10,29194.00,49122.457
2022-05-27T00:00:00Z,29194.00,29387.00,28825.60,29004.70,73459.257
2022-05-27T04:00:00Z,29004.80,29236.50,28617.80,28977.00,93288.844
2022-05-27T08:00:00Z,28977.90,29137.60,28750.50,28902.10,59463.605
2022-05-27T12:00:00Z,28902.00,29369.80,28621.90,28835.50,126052.469
2022-05-27T16:00:00Z,28835.60,29043.50,28259.60,28870.00,110110.565
2022-05-27T20:00:00Z,28869.90,29009.00,28512.40,28623.20,44264.144
2022-05-28T00:00:00Z,28623.30,28830.00,28520.00,28805.20,40358.153
2022-05-28T04:00:00Z,28805.30,28937.50,28735.50,28870.90,29003.677
2022-05-28T08:00:00Z,28871.00,28919.90,28755.00,28817.80,26175.284
2022-05-28T12:00:00Z,28817.80,29265.70,28782.80,28974.70,53265.841
2022-05-28T16:00:00Z,28974.70,29060.80,28800.00,29013.50,26281.861
2022-05-28T20:00:00Z,29013.40,29150.00,28942.00,29018.80,18559.467
2022-05-29T00:00:00Z,29018.80,29034.90,28825.00,28969.90,24536.361
2022-05-29T04:00:00Z,28969.90,29058.60,28905.20,29000.40,17880.090
2022-05-29T08:00:00Z,29000.40,29228.90,28941.00,29204.00,50680.288
2022-05-29T12:00:00Z,29204.00,29500.00,29150.00,29210.50,56149.723
2022-05-29T16:00:00Z,29210.60,29351.70,29067.90,29119.40,28222.679
2022-05-29T20:00:00Z,29119.40,29595.20,29073.40,29452.80,37670.793
2022-05-30T00:00:00Z,29452.60,30448.00,29301.10,30345.60,87554.686
2022-05-30T04:00:00Z,30345.60,30983.00,30225.40,30625.30,83838.223
2022-05-30T08:00:00Z,30625.30,30761.50,30557.50,30659.10,51045.518
2022-05-30T12:00:00Z,30659.00,30964.60,30255.00,30617.90,92312.094
2022-05-30T16:00:00Z,30618.00,30892.10,30555.60,30629.40,39023.889
2022-05-30T20:00:00Z,30629.50,32307.60,30533.00,31726.50,148937.766
2022-05-31T00:00:00Z,31726.50,31848.70,31425.10,31763.30,49490.258
2022-05-31T04:00:00Z,31763.30,31799.00,31431.60,31570.40,33402.420
2022-05-31T08:00:00Z,31570.50,31832.50,31494.90,31756.00,43761.927
2022-05-31T12:00:00Z,31755.50,32189.90,31222.00,32045.90,124764.281
2022-05-31T16:00:00Z,32045.90,32427.50,31562.00,31618.90,103291.937
2022-05-31T20:00:00Z,31618.50,31932.30,31586.20,31797.80,28977.442
2022-06-01T00:00:00Z,31797.90,31986.10,31610.10,31624.00,37326.652
2022-06-01T04:00:00Z,31624.00,31666.00,31358.00,31479.60,43663.505
2022-06-01T08:00:00Z,31479.60,31700.00,31427.50,31596.00,44477.213
2022-06-01T12:00:00Z,31596.00,31888.00,30710.10,30733.70,146447.073
2022-06-01T16:00:00Z,30733.60,30745.00,29874.40,30116.50,181741.873
2022-06-01T20:00:00Z,30116.50,30151.20,29300.00,29796.90,103336.440
2022-06-02T00:00:00Z,29796.90,29899.90,29566.10,29718.40,41282.867
2022-06-02T04:00:00Z,29718.50,30113.50,29633.20,29952.80,37033.707
2022-06-02T08:00:00Z,29952.80,30197.00,29845.20,30157.80,45168.227
2022-06-02T12:00:00Z,30157.80,30380.00,29579.90,30194.40,145003.095
2022-06-02T16:00:00Z,30194.40,30399.80,29948.60,30272.20,56471.275
2022-06-02T20:00:00Z,30272.20,30750.00,30215.00,30437.10,45965.516
2022-06-03T00:00:00Z,30437.10,30693.20,30330.40,30510.50,37266.905
2022-06-03T04:00:00Z,30510.40,30545.10,30256.90,30424.30,31337.681
2022-06-03T08:00:00Z,30424.20,30520.00,29653.40,29744.00,89532.065
2022-06-03T12:00:00Z,29744.00,29880.00,29220.00,29486.70,123783.417
2022-06-03T16:00:00Z,29486.80,29677.00,29381.60,29560.50,41404.948
2022-06-03T20:00:00Z,29560.40,29878.10,29545.40,29682.80,33785.361
2022-06-04T00:00:00Z,29682.80,29750.90,29465.00,29543.20,28745.555
2022-06-04T04:00:00Z,29543.30,29732.10,29529.70,29690.50,21037.706
2022-06-04T08:00:00Z,29690.40,29794.10,29575.00,29669.70,24996.716
2022-06-04T12:00:00Z,29669.80,29988.00,29456.00,29839.90,59768.926
2022-06-04T16:00:00Z,29839.90,29844.90,29592.40,29642.60,28069.119
2022-06-04T20:00:00Z,29642.60,29968.70,29615.40,29848.40,24902.512
2022-06-05T00:00:00Z,29848.50,29884.90,29663.00,29756.20,20643.090
2022-06-05T04:00:00Z,29755.80,29809.70,29630.30,29630.60,20043.255
2022-06-05T08:00:00Z,29630.60,29733.10,29524.00,29700.70,30390.842
2022-06-05T12:00:00Z,29700.70,29975.00,29611.30,29958.30,39272.629
2022-06-05T16:00:00Z,29958.40,30250.00,29746.40,30036.30,59603.340
2022-06-05T20:00:00Z,30036.30,30123.80,29794.60,29909.90,35432.675
2022-06-06T00:00:00Z,29910.00,31292.00,29876.20,31235.00,107749.284
2022-06-06T04:00:00Z,31235.00,31473.90,31130.70,31277.90,54711.469
2022-06-06T08:00:00Z,31277.80,31594.60,31261.20,31392.00,55046.401
2022-06-06T12:00:00Z,31392.10,31780.00,31138.40,31529.80,111901.784
2022-06-06T16:00:00Z,31529.70,31548.70,31053.00,31466.90,70328.152
2022-06-06T20:00:00Z,31466.90,31596.00,31269.80,31361.20,36785.784
2022-06-07T00:00:00Z,31361.20,31373.90,29190.00,29547.50,207983.991
2022-06-07T04:00:00Z,29547.50,29615.80,29370.60,29569.00,44895.538
2022-06-07T08:00:00Z,29569.10,29720.00,29320.00,29504.50,53380.304
2022-06-07T12:00:00Z,29504.60,30050.00,29384.50,29876.00,96227.315
2022-06-07T16:00:00Z,29876.00,31428.80,29730.00,31050.50,110428.800
2022-06-07T20:00:00Z,31050.40,31599.00,30303.30,31118.10,178799.037
2022-06-08T00:00:00Z,31118.00,31325.00,29825.00,30006.00,134352.178
2022-06-08T04:00:00Z,30006.00,30689.50,29856.10,30547.90,81896.542
2022-06-08T08:00:00Z,30547.90,30604.30,30321.00,30399.20,40885.219
2022-06-08T12:00:00Z,30399.20,30888.00,30031.60,30458.00,107853.755
2022-06-08T16:00:00Z,30461.00,30536.60,29900.00,30127.60,62697.668
2022-06-08T20:00:00Z,30126.20,30515.80,30090.00,30192.50,28001.275
2022-06-09T00:00:00Z,30192.60,30312.60,30055.30,30283.00,30853.227
2022-06-09T04:00:00Z,30283.00,30479.70,30217.20,30477.30,28021.800
2022-06-09T08:00:00Z,30477.40,30691.90,30256.70,30286.70,56673.429
2022-06-09T12:00:00Z,30286.70,30386.20,29914.50,30285.80,106526.459
2022-06-09T16:00:00Z,30285.90,30456.20,29956.00,30003.80,47315.057
2022-06-09T20:00:00Z,30003.80,30244.20,29952.60,30093.30,37922.203
2022-06-10T00:00:00Z,30093.40,30374.10,29470.50,30102.00,75329.617
2022-06-10T04:00:00Z,30102.00,30240.00,30025.30,30041.60,27697.396
2022-06-10T08:00:00Z,30041.60,30105.70,29853.20,30005.50,43915.463
2022-06-10T12:00:00Z,30005.40,30177.40,29200.00,29438.20,167438.993
2022-06-10T16:00:00Z,29438.20,29470.20,28805.00,28970.50,95878.044
2022-06-10T20:00:00Z,28970.60,29398.80,28953.10,29077.70,35669.146
2022-06-11T00:00:00Z,29077.70,29300.00,29033.70,29258.40,22825.746
2022-06-11T04:00:00Z,29258.50,29427.90,29234.10,29309.00,22706.213
2022-06-11T08:00:00Z,29309.00,29329.80,28550.00,28723.90,103243.737
2022-06-11T12:00:00Z,28723.90,28865.40,28227.70,28392.30,129264.554
2022-06-11T16:00:00Z,28392.60,28786.90,28080.00,28581.00,76696.495
2022-06-11T20:00:00Z,28581.10,28684.60,28238.00,28416.70,36631.069
2022-06-12T00:00:00Z,28416.60,28530.30,27244.90,27538.20,112863.926
2022-06-12T04:00:00Z,27538.20,27673.40,27162.70,27629.40,69180.569
2022-06-12T08:00:00Z,27629.50,27698.00,27324.50,27443.80,50142.276
2022-06-12T12:00:00Z,27443.90,28337.70,26850.00,28077.80,152771.167
2022-06-12T16:00:00Z,28077.80,28234.40,27404.00,27410.00,75610.280
2022-06-12T20:00:00Z,27410.00,27545.40,26538.70,26564.70,100265.913
2022-06-13T00:00:00Z,26564.70,26877.00,24864.20,25500.00,287621.507
2022-06-13T04:00:00Z,25499.90,26241.50,24552.00,24801.20,223032.813
2022-06-13T08:00:00Z,24801.10,24934.30,23464.30,23718.30,345225.993
2022-06-13T12:00:00Z,23718.20,24357.60,22559.70,23253.10,375411.507
2022-06-13T16:00:00Z,23255.30,24193.70,23094.00,23200.10,213129.615
2022-06-13T20:00:00Z,23200.10,23780.00,21900.00,22471.50,178100.125
2022-06-14T00:00:00Z,22471.40,22785.50,20823.00,22106.50,339820.328
2022-06-14T04:00:00Z,22106.50,23424.20,21755.40,22863.20,278050.561
2022-06-14T08:00:00Z,22863.30,22980.00,21712.00,21980.00,150177.780
2022-06-14T12:00:00Z,21980.00,22793.00,21797.70,22672.60,231421.003
2022-06-14T16:00:00Z,22672.60,22770.00,22111.00,22182.00,113788.647
2022-06-14T20:00:00Z,22182.00,22350.00,21350.00,22122.70,134351.477
2022-06-15T00:00:00Z,22122.70,22290.00,21400.00,21442.30,107872.735
2022-06-15T04:00:00Z,21442.30,21481.70,20617.20,20707.50,247622.016
2022-06-15T08:00:00Z,20707.50,21275.90,20100.20,21163.80,305479.509
2022-06-15T12:00:00Z,21163.80,21794.70,21030.40,21408.80,230516.134
2022-06-15T16:00:00Z,21408.80,22440.00,20179.90,21617.30,467297.892
2022-06-15T20:00:00Z,21616.80,22800.00,21428.80,22567.50,150512.883
2022-06-16T00:00:00Z,22567.50,23000.00,22152.50,22197.50,104620.331
2022-06-16T04:00:00Z,22197.50,22353.50,21635.30,21748.90,93075.521
2022-06-16T08:00:00Z,21748.90,21883.70,20852.00,21028.10,195883.211
2022-06-16T12:00:00Z,21028.20,21490.00,20739.00,21067.00,213956.492
2022-06-16T16:00:00Z,21067.70,21483.00,20800.00,20862.20,144247.827
2022-06-16T20:00:00Z,20862.20,21040.00,20222.00,20387.40,130850.838
2022-06-17T00:00:00Z,20387.40,21052.50,20228.00,20369.00,161879.595
2022-06-17T04:00:00Z,20369.10,21288.00,20305.60,21087.50,147586.025
2022-06-17T08:00:00Z,21087.90,21388.00,20833.00,20963.90,136853.278
2022-06-17T12:00:00Z,20963.90,21036.60,20375.50,20656.00,186987.444
2022-06-17T16:00:00Z,20656.00,20785.50,20430.30,20506.60,83908.202
2022-06-17T20:00:00Z,20506.60,20721.70,20350.00,20457.30,58938.713
2022-06-18T00:00:00Z,20457.30,20768.40,20300.80,20450.00,81381.337
2022-06-18T04:00:00Z,20449.90,20532.50,19000.00,19244.90,213559.941
2022-06-18T08:00:00Z,19245.00,19529.50,18690.00,19237.00,242483.135
2022-06-18T12:00:00Z,19237.00,19278.30,18904.00,18946.60,101852.568
2022-06-18T16:00:00Z,18946.70,19090.00,18020.90,18059.40,251644.647
2022-06-18T20:00:00Z,18059.50,19500.00,17593.20,18959.70,377669.760
2022-06-19T00:00:00Z,18959.70,19189.90,18215.80,18299.80,164915.866
2022-06-19T04:00:00Z,18299.80,18615.40,17935.90,18297.20,148750.988
2022-06-19T08:00:00Z,18297.10,20100.00,18255.50,19685.40,268577.781
2022-06-19T12:00:00Z,19685.40,19937.70,19111.00,19816.30,188811.137
2022-06-19T16:00:00Z,19816.30,20348.40,19363.80,20111.20,159055.026
2022-06-19T20:00:00Z,20111.10,20821.00,20036.80,20564.20,159164.876
2022-06-20T00:00:00Z,20564.30,20653.70,19630.00,19966.70,153679.430
2022-06-20T04:00:00Z,19966.70,20276.00,19763.00,20076.70,102586.475
2022-06-20T08:00:00Z,20076.70,21050.00,20010.00,20791.00,220888.310
2022-06-20T12:00:00Z,20790.90,21099.90,20352.00,20815.40,180288.243
2022-06-20T16:00:00Z,20815.40,20817.70,19814.80,20064.30,165811.225
2022-06-20T20:00:00Z,20064.40,20780.00,19996.50,20570.10,112562.447
2022-06-21T00:00:00Z,20570.00,20780.00,20337.80,20604.40,100187.917
2022-06-21T04:00:00Z,20604.40,21354.00,20466.10,21107.70,156957.323
2022-06-21T08:00:00Z,21107.80,21466.80,20905.00,20953.20,139170.758
2022-06-21T12:00:00Z,20953.30,21740.00,20841.30,21382.80,194948.424
2022-06-21T16:00:00Z,21382.90,21540.00,20863.60,20879.50,99932.540
2022-06-21T20:00:00Z,20879.60,21056.70,20535.20,20713.10,95976.974
2022-06-22T00:00:00Z,20713.10,20729.70,20246.50,20309.00,92584.065
2022-06-22T04:00:00Z,20309.00,20592.50,19920.00,20091.60,125554.155
2022-06-22T08:00:00Z,20091.60,20680.00,20032.70,20497.50,107119.530
2022-06-22T12:00:00Z,20497.60,20888.00,20023.10,20075.40,216205.137
2022-06-22T16:00:00Z,20075.40,20373.80,19830.00,20103.00,168382.161
2022-06-22T20:00:00Z,20103.00,20234.90,19745.70,19977.40,102339.145
2022-06-23T00:00:00Z,19977.50,20600.00,19874.00,20202.90,108125.938
2022-06-23T04:00:00Z,20202.90,20666.00,20152.00,20446.20,86741.862
2022-06-23T08:00:00Z,20446.20,20806.90,20433.80,20629.50,112454.988
2022-06-23T12:00:00Z,20629.50,20855.00,20264.70,20339.90,140045.442
2022-06-23T16:00:00Z,20339.90,20950.00,20158.10,20900.50,117339.124
2022-06-23T20:00:00Z,20900.40,21250.00,20655.00,21096.60,134045.686
2022-06-24T00:00:00Z,21096.60,21379.20,20963.00,21066.30,83233.608
2022-06-24T04:00:00Z,21066.40,21168.90,20732.50,20903.90,86212.667
2022-06-24T08:00:00Z,20903.80,21325.00,20736.00,21165.00,110412.275
2022-06-24T12:00:00Z,21165.00,21491.40,20807.00,20875.40,164350.516
2022-06-24T16:00:00Z,20875.50,21259.70,20771.50,21241.90,111113.727
2022-06-24T20:00:00Z,21241.80,21563.50,21130.20,21231.20,90127.985
2022-06-25T00:00:00Z,21231.20,21369.30,21110.00,21295.00,71447.042
2022-06-25T04:00:00Z,21295.00,21627.60,21170.00,21495.50,74474.740
2022-06-25T08:00:00Z,21495.50,21549.80,21308.00,21329.10,52891.918
2022-06-25T12:00:00Z,21329.20,21366.90,20894.00,20958.90,108646.855
2022-06-25T16:00:00Z,20959.00,21280.00,20907.50,21195.50,60691.493
2022-06-25T20:00:00Z,21195.40,21600.00,21130.00,21481.90,65965.399
2022-06-26T00:00:00Z,21481.90,21539.70,21263.70,21415.10,49149.297
2022-06-26T04:00:00Z,21415.10,21520.00,21324.50,21390.10,45236.458
2022-06-26T08:00:00Z,21390.10,21816.00,21355.00,21699.50,66665.057
2022-06-26T12:00:00Z,21699.40,21888.00,21180.00,21314.20,139640.053
2022-06-26T16:00:00Z,21314.20,21431.20,21116.50,21273.60,62348.234
2022-06-26T20:00:00Z,21273.60,21420.10,20952.00,21029.10,79748.637
2022-06-27T00:00:00Z,21029.10,21180.00,20908.80,21160.90,59311.202
2022-06-27T04:00:00Z,21160.90,21387.00,21127.20,21354.90,58748.254
2022-06-27T08:00:00Z,21354.90,21560.00,21277.00,21298.20,75321.574
2022-06-27T12:00:00Z,21298.10,21338.00,20575.00,20744.00,188997.844
2022-06-27T16:00:00Z,20744.00,20950.00,20500.00,20845.80,96729.392
2022-06-27T20:00:00Z,20845.80,20966.00,20666.00,20730.00,60226.743
2022-06-28T00:00:00Z,20730.00,20868.20,20510.00,20722.60,74327.842
2022-06-28T04:00:00Z,20722.60,20920.00,20691.90,20868.20,60006.808
2022-06-28T08:00:00Z,20868.30,21198.00,20855.80,20987.90,112085.876
2022-06-28T12:00:00Z,20987.80,21138.70,20575.20,20595.40,134940.377
2022-06-28T16:00:00Z,20595.70,20757.90,20209.10,20246.60,129503.779
2022-06-28T20:00:00Z,20246.70,20450.00,20188.00,20268.60,72051.426
2022-06-29T00:00:00Z,20268.70,20385.10,20140.50,20275.90,62400.474
2022-06-29T04:00:00Z,20275.90,20366.00,19887.10,20080.60,128029.977
2022-06-29T08:00:00Z,20080.50,20235.60,19817.20,20096.90,116544.781
2022-06-29T12:00:00Z,20096.90,20180.00,19882.60,20076.30,141521.865
2022-06-29T16:00:00Z,20076.30,20270.10,19920.00,20214.10,74336.735
2022-06-29T20:00:00Z,20212.80,20430.00,20037.70,20109.90,86072.158
2022-06-30T00:00:00Z,20109.90,20165.00,19932.40,20062.60,58234.411
2022-06-30T04:00:00Z,20062.50,20077.00,19300.00,19423.50,135409.211
2022-06-30T08:00:00Z,19423.10,19429.90,18902.00,19088.70,180156.683
2022-06-30T12:00:00Z,19088.70,19338.00,18702.00,19133.50,193562.819
2022-06-30T16:00:00Z,19133.40,19300.00,18843.00,18921.30,102335.838
2022-06-30T20:00:00Z,18921.30,19965.60,18563.00,19923.50,190282.453
2022-07-01T00:00:00Z,19923.30,20926.40,19649.50,19720.10,256703.703
2022-07-01T04:00:00Z,19720.60,19748.50,19303.00,19566.10,165563.996
2022-07-01T08:00:00Z,19566.10,19794.80,18948.80,19180.00,157457.563
2022-07-01T12:00:00Z,19179.90,19666.00,19115.10,19279.50,169455.629
2022-07-01T16:00:00Z,19279.40,19535.00,19237.60,19380.10,86300.974
2022-07-01T20:00:00Z,19379.30,19686.80,19207.60,19272.00,79917.498
2022-07-02T00:00:00Z,19272.00,19383.20,19043.60,19121.70,71071.844
2022-07-02T04:00:00Z,19121.80,19296.20,19096.70,19119.90,51960.677
2022-07-02T08:00:00Z,19120.00,19280.30,18959.00,19188.60,75303.773
2022-07-02T12:00:00Z,19188.70,19456.00,19136.20,19219.90,88740.018
2022-07-02T16:00:00Z,19219.90,19400.00,19181.60,19263.60,55461.923
2022-07-02T20:00:00Z,19263.60,19375.30,19183.40,19240.90,40313.290
2022-07-03T00:00:00Z,19241.00,19300.00,19150.10,19254.60,36842.209
2022-07-03T04:00:00Z,19254.60,19392.60,18780.10,19127.80,129678.976
2022-07-03T08:00:00Z,19127.70,19147.00,18921.90,19080.00,64058.229
2022-07-03T12:00:00Z,19080.10,19114.00,18955.00,19035.30,57015.023
2022-07-03T16:00:00Z,19035.30,19562.20,19008.70,19483.30,76212.840
2022-07-03T20:00:00Z,19483.50,19645.40,19200.00,19305.90,85701.054
2022-07-04T00:00:00Z,19306.00,19333.10,19046.30,19094.00,59479.086
2022-07-04T04:00:00Z,19094.00,19179.40,19071.60,19115.20,38446.371
2022-07-04T08:00:00Z,19115.10,19838.00,19102.30,19794.20,149700.773
2022-07-04T12:00:00Z,19794.20,20123.00,19494.40,19792.40,181557.409
2022-07-04T16:00:00Z,19792.40,20061.90,19666.30,19823.90,101114.027
2022-07-04T20:00:00Z,19824.00,20350.00,19719.50,20226.60,103012.521
2022-07-05T00:00:00Z,20226.30,20474.00,20150.00,20302.80,86131.787
2022-07-05T04:00:00Z,20302.80,20448.60,20159.00,20207.70,77724.731
2022-07-05T08:00:00Z,20207.80,20209.20,19461.90,19514.30,166940.042
2022-07-05T12:00:00Z,19514.30,19585.70,19291.60,19507.00,173192.649
2022-07-05T16:00:00Z,19507.00,20525.40,19478.00,20392.80,192925.414
2022-07-05T20:00:00Z,20392.90,20749.20,20102.00,20170.00,157324.244
2022-07-06T00:00:00Z,20170.10,20396.70,19753.00,19940.40,115695.634
2022-07-06T04:00:00Z,19940.40,20316.30,19850.00,20150.90,132223.451
2022-07-06T08:00:00Z,20151.00,20295.00,20033.80,20098.70,92750.207
2022-07-06T12:00:00Z,20098.70,20372.10,19950.00,20140.10,135567.596
2022-07-06T16:00:00Z,20140.10,20477.00,20125.30,20319.80,125018.559
2022-07-06T20:00:00Z,20319.80,20667.60,20259.20,20554.10,80821.011
2022-07-07T00:00:00Z,20554.20,20588.00,20373.60,20474.00,52230.802
2022-07-07T04:00:00Z,20474.00,20487.50,20244.90,20432.80,59811.020
2022-07-07T08:00:00Z,20432.80,20619.10,20384.50,20504.30,74776.458
2022-07-07T12:00:00Z,20504.30,21050.00,20367.90,20881.90,171393.624
2022-07-07T16:00:00Z,20882.00,21830.00,20816.20,21797.80,230249.691
2022-07-07T20:00:00Z,21797.90,21821.10,21515.00,21613.40,111380.021
2022-07-08T00:00:00Z,21614.50,22579.90,21570.40,22119.70,148760.804
2022-07-08T04:00:00Z,22119.70,22243.70,21707.00,21791.30,95950.181
2022-07-08T08:00:00Z,21791.30,21814.10,21309.00,21577.70,152079.958
2022-07-08T12:00:00Z,21577.80,22127.70,21175.20,21947.30,254130.850
2022-07-08T16:00:00Z,21947.40,21961.60,21515.00,21805.60,122365.576
2022-07-08T20:00:00Z,21805.50,22048.00,21568.00,21587.90,74857.126
2022-07-09T00:00:00Z,21587.80,21687.30,21400.00,21605.90,73341.006
2022-07-09T04:00:00Z,21606.00,21740.40,21477.40,21644.70,54604.242
2022-07-09T08:00:00Z,21644.70,21785.00,21309.60,21437.40,66473.796
2022-07-09T12:00:00Z,21437.40,21721.70,21373.20,21538.70,71625.682
2022-07-09T16:00:00Z,21538.60,22000.00,21503.10,21613.30,86821.469
2022-07-09T20:00:00Z,21613.20,21746.40,21530.00,21580.00,40506.171
2022-07-10T00:00:00Z,21580.00,21594.20,21095.40,21288.60,82344.671
2022-07-10T04:00:00Z,21288.60,21365.60,21152.80,21329.90,51200.937
2022-07-10T08:00:00Z,21329.90,21433.30,21161.60,21296.10,52095.251
2022-07-10T12:00:00Z,21294.60,21339.80,20808.20,20892.50,113767.568
2022-07-10T16:00:00Z,20892.50,21046.60,20600.00,20913.10,90635.921
2022-07-10T20:00:00Z,20913.00,21170.00,20670.70,20853.80,78132.191
2022-07-11T00:00:00Z,20853.80,20853.90,20449.30,20540.00,93710.541
2022-07-11T04:00:00Z,20540.00,20597.90,20345.80,20429.30,70535.804
2022-07-11T08:00:00Z,20429.30,20625.00,20405.80,20465.00,69976.612
2022-07-11T12:00:00Z,20465.10,20778.10,20260.00,20430.10,132353.603
2022-07-11T16:00:00Z,20430.20,20733.80,20384.00,20499.80,81859.339
2022-07-11T20:00:00Z,20499.90,20550.00,19870.00,19954.30,112810.088
2022-07-12T00:00:00Z,19954.30,19994.80,19780.00,19934.30,75346.940
2022-07-12T04:00:00Z,19934.20,20048.90,19618.20,19722.90,105992.070
2022-07-12T08:00:00Z,19722.90,19843.00,19552.40,19765.10,106267.951
2022-07-12T12:00:00Z,19765.00,19999.50,19680.80,19876.90,132675.241
2022-07-12T16:00:00Z,19876.90,19993.00,19252.50,19383.60,132420.341
2022-07-12T20:00:00Z,19383.70,19544.30,19228.30,19322.90,87858.180
2022-07-13T00:00:00Z,19322.90,19578.10,19260.00,19462.70,61122.080
2022-07-13T04:00:00Z,19462.70,19890.00,19410.30,19699.50,77968.177
2022-07-13T08:00:00Z,19699.80,19928.00,19660.00,19833.00,98019.460
2022-07-13T12:00:00Z,19833.00,20150.00,18901.00,19445.10,425365.258
2022-07-13T16:00:00Z,19445.10,20106.60,19228.10,19644.70,190623.822
2022-07-13T20:00:00Z,19644.70,20401.60,19575.50,20220.10,122839.368
2022-07-14T00:00:00Z,20220.10,20436.60,20153.30,20215.30,94239.348
2022-07-14T04:00:00Z,20215.30,20270.40,19894.00,19981.30,88149.619
2022-07-14T08:00:00Z,19981.30,20047.00,19617.40,19728.00,109721.677
2022-07-14T12:00:00Z,19728.10,20463.30,19600.00,20379.30,212665.816
2022-07-14T16:00:00Z,20379.40,20900.00,20130.00,20602.90,195480.497
2022-07-14T20:00:00Z,20603.00,20713.20,20425.60,20578.60,65732.573
2022-07-15T00:00:00Z,20578.60,20825.00,20364.30,20601.40,99723.286
2022-07-15T04:00:00Z,20601.40,20940.00,20481.20,20823.40,95645.304
2022-07-15T08:00:00Z,20823.30,21054.00,20711.30,20764.20,113397.671
2022-07-15T12:00:00Z,20764.30,21090.00,20754.10,20785.10,131185.242
2022-07-15T16:00:00Z,20785.10,21197.00,20622.00,21156.70,116440.097
2022-07-15T20:00:00Z,21156.70,21200.00,20755.00,20823.10,70372.092
2022-07-16T00:00:00Z,20823.10,20854.20,20600.00,20727.30,52241.851
2022-07-16T04:00:00Z,20727.40,20750.80,20471.00,20541.00,62235.670
2022-07-16T08:00:00Z,20541.00,20680.00,20534.30,20604.60,40441.410
2022-07-16T12:00:00Z,20604.70,20950.00,20583.60,20935.00,90829.260
2022-07-16T16:00:00Z,20934.90,21580.00,20919.10,21184.30,207108.221
2022-07-16T20:00:00Z,21184.30,21343.40,20900.00,21183.50,86350.458
2022-07-17T00:00:00Z,21183.60,21449.10,21071.70,21314.10,64744.701
2022-07-17T04:00:00Z,21314.10,21674.10,21222.00,21460.00,82656.016
2022-07-17T08:00:00Z,21460.00,21545.70,21210.10,21450.70,92398.545
2022-07-17T12:00:00Z,21450.70,21495.00,21070.00,21158.00,95511.282
2022-07-17T16:00:00Z,21158.00,21349.20,20810.40,21020.90,98795.304
2022-07-17T20:00:00Z,21020.90,21070.00,20742.00,20794.40,51431.880
2022-07-18T00:00:00Z,20794.40,21371.90,20764.40,21274.00,87705.945
2022-07-18T04:00:00Z,21274.10,22401.40,21158.70,22243.40,212697.006
2022-07-18T08:00:00Z,22243.30,22524.30,21972.00,22130.00,157527.528
2022-07-18T12:00:00Z,22129.90,22800.00,21900.70,22674.20,187389.400
2022-07-18T16:00:00Z,22673.60,22706.70,21385.70,21614.80,197850.704
2022-07-18T20:00:00Z,21614.90,22650.00,21420.00,22423.90,139697.151
2022-07-19T00:00:00Z,22423.50,22950.00,21800.00,21897.90,192530.541
2022-07-19T04:00:00Z,21898.00,22124.60,21575.00,21761.00,120021.377
2022-07-19T08:00:00Z,21760.90,22237.60,21686.30,21967.60,106687.834
2022-07-19T12:00:00Z,21967.60,23200.00,21967.50,23116.20,320286.054
2022-07-19T16:00:00Z,23117.10,23739.00,22942.40,23391.50,252335.512
2022-07-19T20:00:00Z,23390.60,23817.90,23146.50,23385.90,132167.764
2022-07-20T00:00:00Z,23385.90,23517.00,22922.00,23433.80,115584.304
2022-07-20T04:00:00Z,23433.90,23861.00,23300.00,23376.70,111668.484
2022-07-20T08:00:00Z,23377.00,23888.00,23298.50,23720.00,143898.221
2022-07-20T12:00:00Z,23720.10,24277.00,23556.90,24153.40,216817.447
2022-07-20T16:00:00Z,24153.50,24182.90,23420.00,23650.60,169500.029
2022-07-20T20:00:00Z,23650.60,23799.00,22912.40,23221.50,189179.330
2022-07-21T00:00:00Z,23221.50,23441.10,22662.80,22774.40,117420.420
2022-07-21T04:00:00Z,22774.40,23088.00,22636.00,22926.70,99143.866
2022-07-21T08:00:00Z,22926.60,23069.00,22444.00,22605.40,115941.577
2022-07-21T12:00:00Z,22605.50,22842.70,22340.20,22633.70,157575.770
2022-07-21T16:00:00Z,22633.70,23196.00,22625.30,23193.00,154628.552
2022-07-21T20:00:00Z,23193.00,23295.50,22930.30,23144.50,78833.281
2022-07-22T00:00:00Z,23144.50,23342.20,22850.00,22903.50,61593.966
2022-07-22T04:00:00Z,22903.50,23318.40,22803.00,23109.20,79589.288
2022-07-22T08:00:00Z,23109.30,23623.60,23060.00,23600.80,112893.693
2022-07-22T12:00:00Z,23600.70,23750.00,23217.00,23286.70,169406.621
2022-07-22T16:00:00Z,23286.70,23335.00,22531.90,22578.90,147305.314
2022-07-22T20:00:00Z,22579.00,22775.00,22500.00,22675.10,63119.052
2022-07-23T00:00:00Z,22675.00,22890.00,22540.10,22796.40,47116.600
2022-07-23T04:00:00Z,22796.40,22990.00,22654.70,22764.20,69690.110
2022-07-23T08:00:00Z,22764.20,22871.00,22204.20,22226.30,131399.986
2022-07-23T12:00:00Z,22226.80,22381.00,22032.00,22209.90,96487.398
2022-07-23T16:00:00Z,22209.90,22325.00,21933.50,22268.80,101377.464
2022-07-23T20:00:00Z,22266.50,22548.00,22210.00,22440.20,59816.115
2022-07-24T00:00:00Z,22440.10,22663.10,22286.00,22326.50,60618.983
2022-07-24T04:00:00Z,22326.40,22828.80,22256.40,22692.40,88436.062
2022-07-24T08:00:00Z,22692.40,22812.00,22470.00,22648.20,79453.307
2022-07-24T12:00:00Z,22648.10,22935.00,22428.10,22837.00,96659.445
2022-07-24T16:00:00Z,22837.00,22868.90,22626.00,22695.10,59302.403
2022-07-24T20:00:00Z,22695.10,22999.00,22503.00,22570.60,78488.753
2022-07-25T00:00:00Z,22570.60,22656.80,21763.30,21858.00,132346.300
2022-07-25T04:00:00Z,21858.10,21988.40,21734.10,21951.30,75898.142
2022-07-25T08:00:00Z,21951.20,22095.00,21860.20,21931.50,69946.378
2022-07-25T12:00:00Z,21931.60,21996.10,21650.00,21884.30,140631.397
2022-07-25T16:00:00Z,21884.40,22000.00,21544.50,21879.50,105432.332
2022-07-25T20:00:00Z,21879.60,22252.60,21232.00,21300.00,171516.106
2022-07-26T00:00:00Z,21300.00,21334.40,20820.80,21130.20,130755.612
2022-07-26T04:00:00Z,21130.20,21250.00,21000.00,21053.70,52267.748
2022-07-26T08:00:00Z,21053.70,21147.70,20922.50,21078.90,51550.794
2022-07-26T12:00:00Z,21078.90,21181.60,20689.60,20737.60,135871.682
2022-07-26T16:00:00Z,20737.60,21073.00,20730.30,20907.90,87956.232
2022-07-26T20:00:00Z,20907.80,21294.00,20803.60,21241.00,94096.835
2022-07-27T00:00:00Z,21241.00,21268.10,21031.00,21065.10,55115.866
2022-07-27T04:00:00Z,21065.20,21442.00,21054.40,21335.00,73775.917
2022-07-27T08:00:00Z,21335.00,21431.60,21102.50,21193.20,64188.633
2022-07-27T12:00:00Z,21193.20,21531.80,21151.90,21516.40,86649.905
2022-07-27T16:00:00Z,21516.50,23100.00,21431.00,22763.80,371373.751
2022-07-27T20:00:00Z,22763.80,22996.20,22570.70,22941.10,102266.231
2022-07-28T00:00:00Z,22941.10,23480.00,22691.00,23126.70,101139.632
2022-07-28T04:00:00Z,23126.80,23260.00,22880.00,22916.90,70065.109
2022-07-28T08:00:00Z,22916.40,23150.90,22809.80,23106.00,69181.001
2022-07-28T12:00:00Z,23106.00,23999.60,22583.10,23739.40,285080.094
2022-07-28T16:00:00Z,23739.40,24094.50,23661.70,23790.40,132080.804
2022-07-28T20:00:00Z,23790.40,24194.60,23720.00,23836.20,99195.196
2022-07-29T00:00:00Z,23836.20,23947.80,23700.00,23905.80,58752.193
2022-07-29T04:00:00Z,23905.60,24500.00,23818.20,23938.00,105626.491
2022-07-29T08:00:00Z,23938.00,24135.00,23548.00,23717.20,101928.680
2022-07-29T12:00:00Z,23717.20,24220.00,23426.30,24003.00,184078.363
2022-07-29T16:00:00Z,24003.00,24038.00,23600.00,23889.90,114250.442
2022-07-29T20:00:00Z,23891.20,24129.90,23691.10,23771.10,77700.882
2022-07-30T00:00:00Z,23771.00,23965.00,23667.80,23800.70,59039.607
2022-07-30T04:00:00Z,23800.70,23900.00,23621.80,23869.80,39139.129
2022-07-30T08:00:00Z,23869.80,24073.00,23726.00,23956.30,58671.975
2022-07-30T12:00:00Z,23956.40,24700.00,23911.00,24522.80,156601.767
2022-07-30T16:00:00Z,24522.80,24585.00,23841.60,23915.00,79980.578
2022-07-30T20:00:00Z,23914.90,24065.90,23505.00,23629.90,100391.760
2022-07-31T00:00:00Z,23630.00,23890.00,23511.30,23732.50,48508.909
2022-07-31T04:00:00Z,23732.50,23838.40,23656.20,23704.90,30995.465
2022-07-31T08:00:00Z,23704.90,23850.00,23555.00,23788.40,49464.809
2022-07-31T12:00:00Z,23788.40,23856.40,23598.40,23764.20,48333.793
2022-07-31T16:00:00Z,23764.20,24187.30,23340.00,23832.80,126974.999
2022-07-31T20:00:00Z,23832.80,23887.00,23222.00,23290.10,81691.875
2022-08-01T00:00:00Z,23290.10,23458.30,23251.00,23366.30,39170.981
2022-08-01T04:00:00Z,23366.20,23408.70,23100.00,23313.40,57129.944
2022-08-01T08:00:00Z,23313.30,23376.00,22933.50,23216.20,92024.390
2022-08-01T12:00:00Z,23216.20,23497.00,22955.00,23315.10,137584.923
2022-08-01T16:00:00Z,23315.10,23339.00,22836.20,22944.90,102738.543
2022-08-01T20:00:00Z,22945.00,23407.00,22900.00,23257.60,69729.511
2022-08-02T00:00:00Z,23257.60,23436.30,22777.00,22845.30,90849.368
2022-08-02T04:00:00Z,22845.30,22923.00,22700.00,22875.50,60603.986
2022-08-02T08:00:00Z,22875.50,22965.60,22603.00,22872.00,79906.674
2022-08-02T12:00:00Z,22872.00,23140.00,22657.00,22962.90,174906.063
2022-08-02T16:00:00Z,22962.80,23448.70,22846.30,22935.60,161782.725
2022-08-02T20:00:00Z,22935.70,23141.10,22897.30,22975.10,57179.096
2022-08-03T00:00:00Z,22975.10,23057.00,22665.30,22852.90,73558.518
2022-08-03T04:00:00Z,22852.90,23065.30,22793.00,22979.50,51680.698
2022-08-03T08:00:00Z,22979.60,23471.80,22979.20,23390.90,120689.258
2022-08-03T12:00:00Z,23391.00,23650.00,23200.00,23346.00,139399.872
2022-08-03T16:00:00Z,23345.90,23566.70,23246.00,23449.10,81547.670
2022-08-03T20:00:00Z,23450.20,23475.90,22707.00,22801.50,102385.752
2022-08-04T00:00:00Z,22801.50,23211.30,22780.80,23083.70,82489.427
2022-08-04T04:00:00Z,23083.70,23175.60,22810.00,22935.00,74751.639
2022-08-04T08:00:00Z,22934.90,22946.70,22750.00,22872.30,72066.733
2022-08-04T12:00:00Z,22872.30,23133.00,22728.50,22914.30,140599.183
2022-08-04T16:00:00Z,22914.20,22966.00,22370.00,22439.10,133919.196
2022-08-04T20:00:00Z,22439.10,22658.00,22435.00,22608.90,44442.638
2022-08-05T00:00:00Z,22608.90,23188.60,22580.60,23158.50,86942.109
2022-08-05T04:00:00Z,23158.50,23430.30,23055.00,23176.90,88102.335
2022-08-05T08:00:00Z,23176.90,23436.50,23087.00,23393.00,75731.757
2022-08-05T12:00:00Z,23393.10,23450.00,22867.80,22979.10,191943.613
2022-08-05T16:00:00Z,22979.10,23098.60,22746.90,22922.70,83267.463
2022-08-05T20:00:00Z,22922.60,23318.80,22831.60,23298.10,68004.853
2022-08-06T00:00:00Z,23298.00,23341.80,23140.80,23161.80,46526.815
2022-08-06T04:00:00Z,23161.80,23230.00,23130.80,23196.50,27369.113
2022-08-06T08:00:00Z,23196.40,23249.60,23083.20,23148.10,33006.319
2022-08-06T12:00:00Z,23148.20,23227.40,23146.10,23191.20,25400.597
2022-08-06T16:00:00Z,23191.20,23250.00,22975.00,23175.10,54899.805
2022-08-06T20:00:00Z,23175.10,23215.80,22883.60,22943.30,40456.745
2022-08-07T00:00:00Z,22943.20,23034.60,22830.90,22979.70,48262.022
2022-08-07T04:00:00Z,22979.80,23015.70,22930.00,23000.00,22310.995
2022-08-07T08:00:00Z,23000.00,23043.80,22878.10,23026.10,33873.876
2022-08-07T12:00:00Z,23026.20,23180.00,23000.00,23012.10,55373.037
2022-08-07T16:00:00Z,23012.20,23328.00,22984.00,23154.90,57978.263
2022-08-07T20:00:00Z,23155.00,23400.00,23042.20,23167.80,53713.869
2022-08-08T00:00:00Z,23167.90,23341.00,23153.10,23294.50,43076.056
2022-08-08T04:00:00Z,23294.50,23848.00,23267.70,23796.80,112409.014
2022-08-08T08:00:00Z,23796.80,24180.00,23757.40,24160.00,131696.120
2022-08-08T12:00:00Z,24159.90,24243.00,23880.00,23986.90,131317.203
2022-08-08T16:00:00Z,23986.80,24003.50,23775.20,23918.70,72218.514
2022-08-08T20:00:00Z,23918.90,24097.50,23666.00,23804.40,74367.312
2022-08-09T00:00:00Z,23804.30,23859.90,23617.60,23819.00,45588.240
2022-08-09T04:00:00Z,23819.00,23913.40,23744.50,23866.20,45536.396
2022-08-09T08:00:00Z,23866.20,23878.10,23165.00,23257.80,158171.309
2022-08-09T12:00:00Z,23257.70,23323.10,22850.00,23061.70,145926.846
2022-08-09T16:00:00Z,23061.60,23121.10,22963.00,23048.30,57483.095
2022-08-09T20:00:00Z,23048.30,23248.00,23042.10,23140.20,45581.057
2022-08-10T00:00:00Z,23140.10,23140.20,22608.00,22850.20,102497.551
2022-08-10T04:00:00Z,22850.20,22997.00,22819.90,22951.20,48937.392
2022-08-10T08:00:00Z,22951.20,23190.00,22951.20,23108.30,69457.088
2022-08-10T12:00:00Z,23108.30,24179.00,22993.70,23983.60,319236.099
2022-08-10T16:00:00Z,23983.60,24079.00,23454.00,23626.30,116105.454
2022-08-10T20:00:00Z,23626.30,24235.20,23612.00,23940.90,104504.620
2022-08-11T00:00:00Z,23941.00,24480.70,23907.60,24313.70,135180.805
2022-08-11T04:00:00Z,24313.60,24760.00,24277.10,24429.50,131739.622
2022-08-11T08:00:00Z,24429.40,24668.00,24344.60,24547.30,75880.827
2022-08-11T12:00:00Z,24547.20,24972.00,24261.80,24336.60,228432.712
2022-08-11T16:00:00Z,24336.40,24413.70,24069.70,24213.70,103530.295
2022-08-11T20:00:00Z,24214.20,24325.00,23840.60,23917.20,85690.984
2022-08-12T00:00:00Z,23917.30,24088.00,23750.00,23997.70,77511.681
2022-08-12T04:00:00Z,23997.70,24053.00,23864.80,23949.20,40532.479
2022-08-12T08:00:00Z,23949.20,24149.50,23560.00,23663.20,103313.015
2022-08-12T12:00:00Z,23663.20,23995.00,23642.40,23966.70,104057.733
2022-08-12T16:00:00Z,23966.70,24260.00,23938.50,24162.00,77550.579
2022-08-12T20:00:00Z,24162.00,24438.80,24031.00,24387.50,74768.558
2022-08-13T00:00:00Z,24387.50,24800.00,24319.30,24786.40,97910.910
2022-08-13T04:00:00Z,24786.50,24879.00,24540.80,24566.10,85905.954
2022-08-13T08:00:00Z,24566.10,24647.70,24267.50,24426.00,105318.070
2022-08-13T12:00:00Z,24425.90,24592.80,24282.00,24501.80,61755.172
2022-08-13T16:00:00Z,24501.80,24584.50,24321.60,24389.20,46937.126
2022-08-13T20:00:00Z,24389.20,24536.40,24309.70,24429.00,33266.427
2022-08-14T00:00:00Z,24429.00,24632.60,24332.10,24554.30,51331.577
2022-08-14T04:00:00Z,24554.30,25065.00,24484.40,24867.10,94220.309
2022-08-14T08:00:00Z,24867.20,24872.60,24511.00,24554.20,94591.205
2022-08-14T12:00:00Z,24554.30,24579.50,24379.30,24512.10,61061.029
2022-08-14T16:00:00Z,24512.00,24548.80,24138.00,24273.80,87399.410
2022-08-14T20:00:00Z,24273.90,24420.00,24162.00,24294.10,48710.790
2022-08-15T00:00:00Z,24294.10,25200.00,24150.00,24856.10,176947.900
2022-08-15T04:00:00Z,24856.20,24975.70,23916.70,24010.80,197596.855
2022-08-15T08:00:00Z,24010.70,24296.80,23860.20,24037.10,114243.758
2022-08-15T12:00:00Z,24037.20,24246.30,23890.10,24211.80,102011.544
2022-08-15T16:00:00Z,24211.80,24272.20,23951.00,23972.20,69416.497
2022-08-15T20:00:00Z,23972.20,24178.70,23762.00,24085.20,79174.167
2022-08-16T00:00:00Z,24085.20,24234.00,23843.80,24072.70,81978.074
2022-08-16T04:00:00Z,24072.60,24134.00,23788.00,24054.10,66146.749
2022-08-16T08:00:00Z,24054.40,24138.00,23954.60,24027.10,50490.746
2022-08-16T12:00:00Z,24026.40,24079.00,23650.00,23886.30,127827.332
2022-08-16T16:00:00Z,23886.20,24050.00,23676.50,23919.60,98598.382
2022-08-16T20:00:00Z,23919.70,23978.00,23795.50,23843.00,35878.711
2022-08-17T00:00:00Z,23843.00,24071.40,23815.80,23996.90,65927.449
2022-08-17T04:00:00Z,23997.00,24437.00,23754.00,23774.20,153483.068
2022-08-17T08:00:00Z,23774.20,23908.20,23672.00,23737.20,90827.839
2022-08-17T12:00:00Z,23737.10,23748.70,23312.90,23385.70,161103.310
2022-08-17T16:00:00Z,23385.70,23619.70,23231.90,23268.50,112692.329
2022-08-17T20:00:00Z,23268.50,23399.00,23170.00,23333.10,56566.908
2022-08-18T00:00:00Z,23333.10,23505.20,23280.00,23423.80,45094.727
2022-08-18T04:00:00Z,23423.80,23458.60,23318.90,23402.50,39849.461
2022-08-18T08:00:00Z,23402.50,23567.80,23336.10,23521.30,53349.177
2022-08-18T12:00:00Z,23521.20,23595.00,23340.90,23439.40,82442.819
2022-08-18T16:00:00Z,23439.50,23458.60,23220.70,23340.00,74187.967
2022-08-18T20:00:00Z,23339.90,23441.40,23101.00,23185.10,52774.855
2022-08-19T00:00:00Z,23185.00,23200.00,22702.00,22759.00,123098.889
2022-08-19T04:00:00Z,22759.00,22826.80,21220.00,21892.80,186167.069
2022-08-19T08:00:00Z,21892.90,21906.00,21235.80,21453.70,182850.917
2022-08-19T12:00:00Z,21453.70,21581.20,21250.00,21431.10,141320.365
2022-08-19T16:00:00Z,21431.00,21646.10,21133.00,21319.40,117009.421
2022-08-19T20:00:00Z,21319.40,21370.90,20760.00,20824.90,156163.164
2022-08-20T00:00:00Z,20825.00,21180.00,20783.80,21128.50,86261.961
2022-08-20T04:00:00Z,21128.60,21368.90,21069.50,21295.10,77169.341
2022-08-20T08:00:00Z,21295.20,21301.10,21107.20,21220.10,56741.418
2022-08-20T12:00:00Z,21220.10,21328.80,21191.50,21291.70,57119.721
2022-08-20T16:00:00Z,21291.80,21350.00,20933.20,20981.70,98537.711
2022-08-20T20:00:00Z,20981.70,21249.00,20742.90,21127.80,114676.890
2022-08-21T00:00:00Z,21127.70,21320.40,21111.10,21198.30,47577.880
2022-08-21T04:00:00Z,21198.20,21271.20,21055.00,21241.70,48520.543
2022-08-21T08:00:00Z,21241.70,21580.10,21217.00,21514.30,98932.948
2022-08-21T12:00:00Z,21514.40,21573.00,21300.00,21407.70,63268.934
2022-08-21T16:00:00Z,21407.70,21545.70,21318.50,21498.80,49791.753
2022-08-21T20:00:00Z,21498.90,21804.60,21259.70,21505.60,116190.366
2022-08-22T00:00:00Z,21505.60,21520.50,21355.00,21406.50,46954.726
2022-08-22T04:00:00Z,21406.50,21477.90,21038.60,21089.10,83216.917
2022-08-22T08:00:00Z,21089.20,21331.50,20858.60,21238.60,147398.793
2022-08-22T12:00:00Z,21238.60,21439.20,21071.50,21388.00,138339.680
2022-08-22T16:00:00Z,21388.00,21550.00,20950.00,21047.10,103772.069
2022-08-22T20:00:00Z,21047.10,21417.00,21030.00,21387.00,69082.412
2022-08-23T00:00:00Z,21387.00,21460.00,21213.10,21228.50,64213.857
2022-08-23T04:00:00Z,21228.50,21304.70,20874.80,21297.30,125701.499
2022-08-23T08:00:00Z,21297.20,21546.50,21279.00,21444.40,148075.530
2022-08-23T12:00:00Z,21444.40,21667.20,21319.60,21460.60,144902.651
2022-08-23T16:00:00Z,21460.70,21590.70,21350.00,21512.50,73618.116
2022-08-23T20:00:00Z,21512.60,21662.00,21418.90,21518.20,53233.617
2022-08-24T00:00:00Z,21518.20,21541.20,21132.30,21253.20,89527.788
2022-08-24T04:00:00Z,21253.10,21495.60,21224.10,21305.60,74717.861
2022-08-24T08:00:00Z,21305.60,21465.70,21254.20,21426.10,61558.392
2022-08-24T12:00:00Z,21426.10,21635.00,21364.60,21605.60,100064.737
2022-08-24T16:00:00Z,21605.60,21925.60,21596.10,21695.80,107029.148
2022-08-24T20:00:00Z,21695.90,21750.00,21350.00,21354.90,69830.272
2022-08-25T00:00:00Z,21355.00,21622.90,21295.30,21460.80,72236.763
2022-08-25T04:00:00Z,21460.80,21750.00,21455.40,21732.20,65842.252
2022-08-25T08:00:00Z,21732.20,21810.90,21601.00,21713.10,61377.230
2022-08-25T12:00:00Z,21713.20,21771.20,21475.00,21557.00,102528.866
2022-08-25T16:00:00Z,21557.00,21636.20,21385.50,21594.30,75917.003
2022-08-25T20:00:00Z,21594.40,21677.00,21504.00,21548.30,37855.878
2022-08-26T00:00:00Z,21548.30,21603.70,21421.00,21542.00,44411.779
2022-08-26T04:00:00Z,21541.90,21554.30,21311.00,21438.40,69239.787
2022-08-26T08:00:00Z,21438.30,21459.10,21000.00,21179.70,86131.281
2022-08-26T12:00:00Z,21179.60,21867.60,20560.00,20770.10,448846.774
2022-08-26T16:00:00Z,20769.60,20822.00,20518.00,20635.50,135342.449
2022-08-26T20:00:00Z,20635.50,20740.60,20100.00,20228.70,112502.286
2022-08-27T00:00:00Z,20228.70,20367.70,20125.00,20189.90,75409.491
2022-08-27T04:00:00Z,20189.90,20263.00,19901.00,20255.00,104997.504
2022-08-27T08:00:00Z,20255.00,20263.70,20126.20,20198.60,47373.908
2022-08-27T12:00:00Z,20198.50,20230.00,19744.00,19966.10,112671.730
2022-08-27T16:00:00Z,19966.00,20088.10,19825.70,20007.10,75584.485
2022-08-27T20:00:00Z,20007.00,20088.90,19845.00,20023.90,53560.906
2022-08-28T00:00:00Z,20024.00,20155.00,19918.00,19978.70,52157.138
2022-08-28T04:00:00Z,19978.80,20075.40,19923.00,20045.00,34450.319
2022-08-28T08:00:00Z,20045.00,20098.00,19926.00,20021.90,42814.641
2022-08-28T12:00:00Z,20021.90,20048.40,19793.80,20007.50,87656.315
2022-08-28T16:00:00Z,20007.60,20140.00,19942.00,19962.50,66919.213
2022-08-28T20:00:00Z,19962.60,20035.00,19508.00,19547.50,102407.569
2022-08-29T00:00:00Z,19547.50,19945.00,19539.40,19854.60,104276.439
2022-08-29T04:00:00Z,19854.10,19928.00,19732.00,19885.30,64282.310
2022-08-29T08:00:00Z,19885.30,19914.60,19754.10,19812.00,55771.540
2022-08-29T12:00:00Z,19812.00,20365.60,19795.10,20249.10,214173.514
2022-08-29T16:00:00Z,20249.10,20440.00,20070.40,20090.50,102318.652
2022-08-29T20:00:00Z,20090.50,20335.00,20069.30,20275.50,57254.214
2022-08-30T00:00:00Z,20275.50,20282.40,20100.00,20261.30,53863.635
2022-08-30T04:00:00Z,20261.40,20574.00,20246.20,20423.30,108222.156
2022-08-30T08:00:00Z,20423.30,20496.60,20321.20,20395.80,66014.745
2022-08-30T12:00:00Z,20395.90,20440.00,19634.40,19743.80,252515.418
2022-08-30T16:00:00Z,19743.70,20085.00,19524.40,19937.10,201304.400
2022-08-30T20:00:00Z,19937.20,20046.80,19739.00,19803.10,85794.639
2022-08-31T00:00:00Z,19803.20,20449.00,19787.90,20392.60,131758.873
2022-08-31T04:00:00Z,20392.70,20496.00,20178.90,20247.50,85524.668
2022-08-31T08:00:00Z,20247.50,20397.10,20121.00,20308.00,95848.894
2022-08-31T12:00:00Z,20307.90,20419.00,19850.00,20130.50,199733.768
2022-08-31T16:00:00Z,20130.60,20329.00,19870.20,20217.70,130762.014
2022-08-31T20:00:00Z,20217.70,20288.70,19959.80,20041.50,68011.122
2022-09-01T00:00:00Z,20041.40,20198.30,19910.00,20016.90,87773.133
2022-09-01T04:00:00Z,20017.00,20127.90,19790.40,19885.70,84579.416
2022-09-01T08:00:00Z,19885.60,20115.10,19810.10,20060.90,90974.072
2022-09-01T12:00:00Z,20061.00,20084.10,19644.70,19775.80,179308.754
2022-09-01T16:00:00Z,19775.70,19930.00,19555.00,19857.40,156176.105
2022-09-01T20:00:00Z,19857.50,20171.00,19830.40,20122.50,92783.241
2022-09-02T00:00:00Z,20122.60,20264.80,19947.90,20145.10,72954.770
2022-09-02T04:00:00Z,20145.10,20290.00,20023.20,20100.50,59237.022
2022-09-02T08:00:00Z,20100.40,20168.80,19978.00,20082.40,58803.402
2022-09-02T12:00:00Z,20082.40,20434.30,20013.00,20344.80,205092.145
2022-09-02T16:00:00Z,20344.80,20368.00,19736.00,19899.30,222614.135
2022-09-02T20:00:00Z,19899.30,20018.70,19850.90,19941.00,50346.342
2022-09-03T00:00:00Z,19941.00,20050.00,19854.30,19890.30,43419.740
2022-09-03T04:00:00Z,19890.30,19957.50,19740.10,19808.20,46872.789
2022-09-03T08:00:00Z,19808.10,19862.10,19700.60,19790.00,59778.967
2022-09-03T12:00:00Z,19789.90,19894.00,19740.10,19764.30,45476.908
2022-09-03T16:00:00Z,19764.30,19826.40,19628.70,19702.90,59876.323
2022-09-03T20:00:00Z,19702.90,19840.00,19666.60,19820.70,29816.262
2022-09-04T00:00:00Z,19820.70,19847.90,19728.10,19766.00,27815.422
2022-09-04T04:00:00Z,19766.00,19801.70,19600.00,19618.50,41328.581
2022-09-04T08:00:00Z,19618.40,19850.40,19570.00,19843.00,83434.724
2022-09-04T12:00:00Z,19843.00,19930.00,19631.20,19781.60,103116.685
2022-09-04T16:00:00Z,19781.60,19947.60,19713.00,19872.70,84354.991
2022-09-04T20:00:00Z,19872.80,20022.40,19809.00,19992.70,56747.781
2022-09-05T00:00:00Z,19992.70,20046.70,19801.00,19871.90,63827.839
2022-09-05T04:00:00Z,19871.90,19900.00,19668.00,19740.00,75269.707
2022-09-05T08:00:00Z,19739.90,19794.70,19620.20,19692.90,68683.695
2022-09-05T12:00:00Z,19692.90,19944.00,19659.50,19848.10,105263.916
2022-09-05T16:00:00Z,19848.10,19904.50,19660.00,19700.90,80856.224
2022-09-05T20:00:00Z,19700.90,19850.00,19686.90,19784.90,52805.029
2022-09-06T00:00:00Z,19784.90,20174.70,19665.00,19780.20,186484.465
2022-09-06T04:00:00Z,19780.30,19940.00,19724.00,19900.70,79991.334
2022-09-06T08:00:00Z,19900.70,20023.20,19850.00,19909.20,90226.747
2022-09-06T12:00:00Z,19909.20,19987.50,19650.40,19810.10,160616.009
2022-09-06T16:00:00Z,19810.20,19847.10,18700.00,18813.00,317000.757
2022-09-06T20:00:00Z,18813.10,19066.60,18600.00,18781.50,111169.830
2022-09-07T00:00:00Z,18781.40,18861.90,18500.00,18736.30,110548.940
2022-09-07T04:00:00Z,18736.20,18833.00,18664.20,18791.50,58734.217
2022-09-07T08:00:00Z,18791.40,18848.00,18679.90,18729.50,48997.764
2022-09-07T12:00:00Z,18729.40,18960.00,18663.60,18863.30,117302.112
2022-09-07T16:00:00Z,18863.30,19188.00,18844.80,18982.10,118730.560
2022-09-07T20:00:00Z,18982.10,19455.00,18980.00,19287.00,141323.100
2022-09-08T00:00:00Z,19287.00,19373.80,19139.40,19209.10,57668.302
2022-09-08T04:00:00Z,19209.10,19370.00,19047.90,19164.00,81988.462
2022-09-08T08:00:00Z,19164.00,19400.00,19133.60,19303.10,72229.691
2022-09-08T12:00:00Z,19303.10,19370.60,19003.80,19240.40,192764.562
2022-09-08T16:00:00Z,19240.50,19342.40,19080.00,19341.70,84694.505
2022-09-08T20:00:00Z,19341.70,19450.00,19245.50,19309.30,47923.122
2022-09-09T00:00:00Z,19309.30,19965.80,19283.00,19936.00,113228.819
2022-09-09T04:00:00Z,19936.00,20804.90,19916.50,20623.60,272891.074
2022-09-09T08:00:00Z,20623.60,21188.00,20618.50,20931.70,199066.741
2022-09-09T12:00:00Z,20931.70,21345.00,20912.20,21258.50,177041.840
2022-09-09T16:00:00Z,21258.50,21438.00,21117.00,21280.00,135340.194
2022-09-09T20:00:00Z,21280.10,21666.00,21178.00,21352.00,94928.432
2022-09-10T00:00:00Z,21352.00,21382.30,21153.60,21294.50,56809.384
2022-09-10T04:00:00Z,21294.40,21670.00,21240.00,21274.90,101079.462
2022-09-10T08:00:00Z,21275.00,21384.00,21246.00,21279.00,44186.616
2022-09-10T12:00:00Z,21278.90,21355.60,21112.20,21213.30,74767.461
2022-09-10T16:00:00Z,21213.30,21637.70,21166.50,21569.40,96842.059
2022-09-10T20:00:00Z,21569.40,21825.00,21349.90,21639.50,117858.224
2022-09-11T00:00:00Z,21639.50,21673.00,21436.80,21537.40,55267.276
2022-09-11T04:00:00Z,21537.40,21632.00,21336.00,21599.90,62358.688
2022-09-11T08:00:00Z,21600.00,21726.00,21550.00,21601.90,58186.856
2022-09-11T12:00:00Z,21601.90,21761.50,21450.10,21633.90,72608.410
2022-09-11T16:00:00Z,21634.00,21883.40,21518.20,21610.50,77800.344
2022-09-11T20:00:00Z,21610.50,21848.80,21438.50,21820.30,94757.752
2022-09-12T00:00:00Z,21820.30,22388.00,21540.00,21649.20,231080.904
2022-09-12T04:00:00Z,21649.20,22222.00,21617.10,22180.90,101572.197
2022-09-12T08:00:00Z,22180.80,22450.00,21961.10,22301.00,166535.267
2022-09-12T12:00:00Z,22301.00,22471.00,22003.90,22106.00,154970.820
2022-09-12T16:00:00Z,22105.90,22446.00,22010.00,22415.00,99333.273
2022-09-12T20:00:00Z,22414.90,22474.00,22244.00,22386.00,65109.471
2022-09-13T00:00:00Z,22386.00,22440.00,22048.40,22225.70,84001.661
2022-09-13T04:00:00Z,22225.70,22659.90,22172.80,22267.80,113936.313
2022-09-13T08:00:00Z,22267.90,22706.00,22181.50,22516.30,128969.522
2022-09-13T12:00:00Z,22516.20,22850.00,20729.00,20823.90,492978.934
2022-09-13T16:00:00Z,20823.90,20920.60,20030.50,20272.00,269096.890
2022-09-13T20:00:00Z,20272.00,20408.40,19840.00,20162.50,129786.607
2022-09-14T00:00:00Z,20162.60,20528.50,20031.10,20313.20,108109.350
2022-09-14T04:00:00Z,20313.20,20395.20,20124.60,20235.30,57924.968
2022-09-14T08:00:00Z,20235.40,20413.10,20050.00,20219.80,79529.920
2022-09-14T12:00:00Z,20219.90,20380.30,20061.80,20165.60,142764.284
2022-09-14T16:00:00Z,20165.60,20228.90,19600.00,19935.10,187325.632
2022-09-14T20:00:00Z,19935.10,20384.40,19843.90,20217.00,86148.443
2022-09-15T00:00:00Z,20217.00,20258.70,19903.50,20015.90,81335.875
2022-09-15T04:00:00Z,20015.90,20315.00,19947.40,20195.20,117038.725
2022-09-15T08:00:00Z,20195.10,20213.30,20010.20,20140.90,72756.597
2022-09-15T12:00:00Z,20140.90,20188.70,19453.00,19728.80,233718.455
2022-09-15T16:00:00Z,19728.80,19936.30,19640.00,19774.90,99238.016
2022-09-15T20:00:00Z,19774.90,19880.80,19561.50,19690.80,61774.399
2022-09-16T00:00:00Z,19690.80,19810.00,19573.10,19738.40,56205.319
2022-09-16T04:00:00Z,19738.30,19849.60,19715.10,19730.50,40737.357
2022-09-16T08:00:00Z,19730.40,19878.00,19603.00,19856.00,72924.908
2022-09-16T12:00:00Z,19856.10,19863.10,19385.20,19653.30,178152.124
2022-09-16T16:00:00Z,19653.30,19653.30,19300.00,19605.90,139063.128
2022-09-16T20:00:00Z,19605.90,19819.50,19602.80,19792.50,57525.968
2022-09-17T00:00:00Z,19792.40,20068.80,19757.60,19875.00,77056.764
2022-09-17T04:00:00Z,19875.10,19985.00,19775.00,19834.00,46289.950
2022-09-17T08:00:00Z,19834.10,19907.50,19800.00,19800.80,30845.150
2022-09-17T12:00:00Z,19800.80,20019.00,19739.40,19951.60,59023.908
2022-09-17T16:00:00Z,19951.70,20182.60,19926.00,20001.20,79403.517
2022-09-17T20:00:00Z,20001.10,20137.00,19930.00,20102.00,42059.269
2022-09-18T00:00:00Z,20102.00,20105.30,19938.40,19990.90,42846.441
2022-09-18T04:00:00Z,19991.00,20087.60,19941.60,20041.20,26556.607
2022-09-18T08:00:00Z,20041.30,20093.90,19750.10,19915.20,98907.568
2022-09-18T12:00:00Z,19915.20,20019.00,19707.00,19804.50,91600.816
2022-09-18T16:00:00Z,19804.40,19869.90,19556.70,19715.60,125781.740
2022-09-18T20:00:00Z,19715.50,19742.50,19325.80,19404.50,114223.302
2022-09-19T00:00:00Z,19404.50,19507.00,18655.00,18766.20,163689.789
2022-09-19T04:00:00Z,18766.20,18863.90,18215.00,18459.60,175552.280
2022-09-19T08:00:00Z,18459.70,18788.00,18360.00,18672.60,120769.619
2022-09-19T12:00:00Z,18672.60,19424.40,18665.00,19071.10,257844.368
2022-09-19T16:00:00Z,19071.10,19572.10,18868.20,19504.70,169575.881
2022-09-19T20:00:00Z,19504.70,19686.30,19408.00,19528.60,106344.415
2022-09-20T00:00:00Z,19528.60,19625.00,19148.40,19353.70,92307.733
2022-09-20T04:00:00Z,19353.80,19581.50,19223.00,19349.90,93723.273
2022-09-20T08:00:00Z,19349.90,19417.60,19148.20,19209.60,95198.489
2022-09-20T12:00:00Z,19209.60,19256.90,18759.70,19225.60,250377.906
2022-09-20T16:00:00Z,19225.70,19316.70,18690.10,18985.20,195711.780
2022-09-20T20:00:00Z,18985.30,19087.50,18777.60,18866.80,67304.751
2022-09-21T00:00:00Z,18866.70,19050.00,18824.90,19011.80,51612.643
2022-09-21T04:00:00Z,19011.70,19123.00,18784.20,18938.80,89008.670
2022-09-21T08:00:00Z,18938.70,19198.00,18811.40,19155.60,92042.006
2022-09-21T12:00:00Z,19155.50,19476.20,19077.00,19182.50,191477.797
2022-09-21T16:00:00Z,19182.60,20154.10,18343.00,18990.30,519529.590
2022-09-21T20:00:00Z,18990.30,19063.90,18084.30,18447.50,224398.273
2022-09-22T00:00:00Z,18447.50,18777.60,18345.20,18677.60,111993.338
2022-09-22T04:00:00Z,18677.70,18962.10,18610.10,18923.80,107802.202
2022-09-22T08:00:00Z,18923.80,19279.20,18897.30,19220.10,173819.785
2022-09-22T12:00:00Z,19220.00,19310.00,18782.70,18975.50,212238.703
2022-09-22T16:00:00Z,18975.50,19483.10,18767.60,19304.20,161690.371
2022-09-22T20:00:00Z,19304.20,19504.80,19150.00,19392.50,85353.992
2022-09-23T00:00:00Z,19392.50,19459.60,19218.00,19384.00,65865.255
2022-09-23T04:00:00Z,19384.00,19492.00,19191.10,19216.40,67577.698
2022-09-23T08:00:00Z,19216.50,19265.40,18828.00,18854.50,141674.976
2022-09-23T12:00:00Z,18854.40,19063.20,18518.50,18704.40,250866.281
2022-09-23T16:00:00Z,18704.40,18840.70,18561.10,18798.70,172798.304
2022-09-23T20:00:00Z,18798.30,19398.00,18791.20,19280.70,139711.232
2022-09-24T00:00:00Z,19280.70,19304.50,19020.00,19113.30,76246.033
2022-09-24T04:00:00Z,19113.40,19177.00,18914.40,18985.60,56593.805
2022-09-24T08:00:00Z,18985.60,19113.00,18931.80,19044.70,56140.750
2022-09-24T12:00:00Z,19044.80,19217.00,19000.90,19115.20,71862.120
2022-09-24T16:00:00Z,19115.20,19187.80,19042.50,19093.00,40480.895
2022-09-24T20:00:00Z,19093.00,19140.80,18798.00,18911.00,75834.612
2022-09-25T00:00:00Z,18910.90,19052.00,18902.10,19044.50,38381.521
2022-09-25T04:00:00Z,19044.40,19121.90,18929.20,19089.20,41130.612
2022-09-25T08:00:00Z,19089.10,19196.00,18973.50,19108.00,47830.036
2022-09-25T12:00:00Z,19108.10,19135.00,18834.00,18978.30,93704.479
2022-09-25T16:00:00Z,18978.40,19115.90,18856.00,18906.50,93131.352
2022-09-25T20:00:00Z,18906.60,18943.00,18621.00,18799.70,96283.603
2022-09-26T00:00:00Z,18799.70,18939.70,18711.90,18862.70,82968.714
2022-09-26T04:00:00Z,18862.70,18924.10,18671.00,18902.30,96944.908
2022-09-26T08:00:00Z,18902.30,19311.50,18795.70,18864.70,220632.771
2022-09-26T12:00:00Z,18864.70,19273.10,18808.00,19103.90,206037.034
2022-09-26T16:00:00Z,19103.80,19255.00,18958.60,19191.00,113652.801
2022-09-26T20:00:00Z,19190.90,19245.50,19061.80,19216.30,57571.290
2022-09-27T00:00:00Z,19216.30,20296.10,19182.00,20091.90,270740.855
2022-09-27T04:00:00Z,20092.00,20368.00,19951.10,20174.20,145136.381
2022-09-27T08:00:00Z,20174.20,20332.00,20084.00,20221.10,105721.859
2022-09-27T12:00:00Z,20221.00,20375.00,19860.40,19885.30,224079.253
2022-09-27T16:00:00Z,19885.30,19948.10,18801.50,19068.70,467957.321
2022-09-27T20:00:00Z,19068.70,19159.20,18911.70,19070.10,86930.489
2022-09-28T00:00:00Z,19070.10,19228.30,18460.00,18736.00,201932.428
2022-09-28T04:00:00Z,18736.00,18870.80,18610.30,18770.60,104608.563
2022-09-28T08:00:00Z,18770.50,19140.00,18558.60,18947.60,232626.610
2022-09-28T12:00:00Z,18947.60,19496.60,18929.60,19477.90,273882.698
2022-09-28T16:00:00Z,19477.90,19667.00,19250.00,19534.70,221849.648
2022-09-28T20:00:00Z,19534.70,19787.60,19380.50,19407.30,106322.825
2022-09-29T00:00:00Z,19407.40,19596.00,19271.00,19497.30,97147.935
2022-09-29T04:00:00Z,19497.40,19620.00,19259.40,19353.10,111116.926
2022-09-29T08:00:00Z,19353.20,19537.00,19294.00,19454.30,104599.328
2022-09-29T12:00:00Z,19454.20,19467.10,18827.20,19280.70,365642.863
2022-09-29T16:00:00Z,19280.70,19648.80,19114.20,19399.30,245462.904
2022-09-29T20:00:00Z,19399.30,19620.00,19373.50,19582.50,67708.268
2022-09-30T00:00:00Z,19582.50,19698.60,19305.00,19394.00,104286.782
2022-09-30T04:00:00Z,19394.00,19633.60,19381.80,19560.80,78385.946
2022-09-30T08:00:00Z,19560.80,19625.00,19383.90,19430.30,83071.687
2022-09-30T12:00:00Z,19430.30,20172.70,19066.00,19749.40,448282.047
2022-09-30T16:00:00Z,19749.50,19865.20,19457.00,19467.00,229282.837
2022-09-30T20:00:00Z,19466.80,19531.40,19222.90,19411.70,128153.635
2022-10-01T00:00:00Z,19411.60,19474.00,19338.00,19408.00,41953.673
2022-10-01T04:00:00Z,19408.00,19412.60,19254.90,19305.50,53323.626
2022-10-01T08:00:00Z,19305.50,19358.60,19140.00,19304.20,61805.766
2022-10-01T12:00:00Z,19304.30,19396.50,19230.30,19322.80,54809.529
2022-10-01T16:00:00Z,19322.90,19345.00,19200.00,19257.00,52287.761
2022-10-01T20:00:00Z,19257.00,19332.00,19190.40,19304.00,30276.654
2022-10-02T00:00:00Z,19304.00,19338.80,19225.80,19301.20,29989.242
2022-10-02T04:00:00Z,19301.20,19389.00,19213.60,19276.50,53818.320
2022-10-02T08:00:00Z,19276.50,19292.90,19025.00,19180.90,97677.512
2022-10-02T12:00:00Z,19181.00,19239.60,19060.00,19137.50,60035.509
2022-10-02T16:00:00Z,19137.10,19339.20,19121.90,19253.60,60304.973
2022-10-02T20:00:00Z,19253.60,19292.70,18896.00,19049.40,113144.895
2022-10-03T00:00:00Z,19049.30,19250.00,18950.80,19159.40,75723.076
2022-10-03T04:00:00Z,19159.40,19309.90,19054.10,19190.00,77211.692
2022-10-03T08:00:00Z,19190.00,19250.00,19116.30,19240.50,52350.240
2022-10-03T12:00:00Z,19240.50,19489.90,19126.80,19329.90,199685.964
2022-10-03T16:00:00Z,19330.00,19646.80,19300.10,19537.70,154201.700
2022-10-03T20:00:00Z,19537.80,19723.70,19503.70,19622.00,62643.657
2022-10-04T00:00:00Z,19621.90,19719.70,19480.10,19588.10,58416.008
2022-10-04T04:00:00Z,19588.00,19969.50,19546.40,19957.00,134730.279
2022-10-04T08:00:00Z,19957.00,20159.30,19805.40,19930.00,172341.010
2022-10-04T12:00:00Z,19930.00,20300.00,19899.10,20092.20,180082.997
2022-10-04T16:00:00Z,20092.20,20272.00,19871.00,20213.50,128713.939
2022-10-04T20:00:00Z,20213.60,20500.00,20142.30,20333.00,122394.529
2022-10-05T00:00:00Z,20332.90,20356.10,20136.60,20184.90,58837.835
2022-10-05T04:00:00Z,20185.00,20290.00,20071.10,20218.90,70202.850
2022-10-05T08:00:00Z,20218.80,20236.90,19953.00,20026.10,108903.501
2022-10-05T12:00:00Z,20026.10,20066.00,19707.00,19994.60,218781.293
2022-10-05T16:00:00Z,19994.60,20350.00,19946.00,20112.50,184262.388
2022-10-05T20:00:00Z,20112.50,20205.80,19964.30,20150.00,78589.282
2022-10-06T00:00:00Z,20149.90,20436.00,20134.60,20346.60,121380.742
2022-10-06T04:00:00Z,20346.60,20443.90,20154.00,20214.70,103246.762
2022-10-06T08:00:00Z,20214.70,20252.40,20077.10,20238.00,91881.924
2022-10-06T12:00:00Z,20238.00,20322.00,19867.50,20004.40,278377.510
2022-10-06T16:00:00Z,20004.30,20264.10,19934.00,20005.90,117930.634
2022-10-06T20:00:00Z,20005.90,20069.00,19843.30,19954.00,69217.097
2022-10-07T00:00:00Z,19954.00,20046.00,19936.90,19976.00,41357.938
2022-10-07T04:00:00Z,19976.10,20004.30,19800.00,19916.80,70255.047
2022-10-07T08:00:00Z,19916.70,20017.70,19905.60,19990.30,56677.553
2022-10-07T12:00:00Z,19990.30,20067.00,19454.20,19574.10,322420.732
2022-10-07T16:00:00Z,19574.10,19599.70,19304.40,19453.00,127856.845
2022-10-07T20:00:00Z,19453.10,19635.70,19433.70,19520.90,54838.987
2022-10-08T00:00:00Z,19520.90,19619.60,19478.00,19494.50,35208.781
2022-10-08T04:00:00Z,19494.50,19537.20,19416.30,19489.80,37563.653
2022-10-08T08:00:00Z,19489.80,19539.30,19441.10,19526.30,32793.206
2022-10-08T12:00:00Z,19526.40,19532.60,19411.00,19480.00,38154.428
2022-10-08T16:00:00Z,19479.90,19522.80,19430.00,19460.10,31323.042
2022-10-08T20:00:00Z,19460.00,19473.90,19200.00,19406.20,78214.091
2022-10-09T00:00:00Z,19406.30,19444.20,19320.40,19357.90,33291.778
2022-10-09T04:00:00Z,19358.00,19429.00,19310.00,19398.20,33760.768
2022-10-09T08:00:00Z,19398.30,19550.00,19365.00,19461.00,60965.687
2022-10-09T12:00:00Z,19460.90,19538.30,19452.70,19524.50,43892.201
2022-10-09T16:00:00Z,19524.50,19543.00,19333.00,19459.80,52917.495
2022-10-09T20:00:00Z,19459.90,19493.90,19359.30,19430.00,42350.866
2022-10-10T00:00:00Z,19430.00,19513.00,19390.00,19441.20,44385.314
2022-10-10T04:00:00Z,19441.10,19467.30,19361.00,19401.30,41189.061
2022-10-10T08:00:00Z,19401.30,19409.00,19113.70,19323.20,148874.515
2022-10-10T12:00:00Z,19323.30,19430.00,19214.00,19261.70,125651.743
2022-10-10T16:00:00Z,19261.70,19355.50,19100.00,19204.90,133824.422
2022-10-10T20:00:00Z,19205.00,19279.90,19000.00,19124.00,66995.849
2022-10-11T00:00:00Z,19124.10,19125.70,18935.70,19039.70,107038.240
2022-10-11T04:00:00Z,19039.60,19114.60,19005.00,19075.10,62329.442
2022-10-11T08:00:00Z,19075.10,19157.30,19025.00,19149.90,63209.053
2022-10-11T12:00:00Z,19149.90,19260.00,18850.00,19137.60,229953.540
2022-10-11T16:00:00Z,19137.60,19175.70,18910.30,18991.30,106552.116
2022-10-11T20:00:00Z,18991.30,19059.50,18982.30,19055.00,34275.933
2022-10-12T00:00:00Z,19055.00,19122.40,19019.80,19041.50,46045.411
2022-10-12T04:00:00Z,19041.50,19193.90,19037.60,19103.40,63730.827
2022-10-12T08:00:00Z,19103.40,19190.00,19081.30,19107.20,52907.926
2022-10-12T12:00:00Z,19107.20,19179.90,18924.30,19130.50,141098.260
2022-10-12T16:00:00Z,19130.60,19170.00,19030.60,19132.30,64084.028
2022-10-12T20:00:00Z,19132.30,19240.00,19122.40,19148.00,38903.836
2022-10-13T00:00:00Z,19148.10,19166.70,19010.00,19080.70,47757.577
2022-10-13T04:00:00Z,19080.70,19105.00,18945.00,19000.10,66592.964
2022-10-13T08:00:00Z,19000.00,19034.80,18550.00,18744.90,189234.962
2022-10-13T12:00:00Z,18745.00,19043.70,17917.80,18947.70,478454.750
2022-10-13T16:00:00Z,18947.70,19498.60,18892.80,19360.90,250946.963
2022-10-13T20:00:00Z,19360.90,19488.00,19320.00,19365.50,71627.785
2022-10-14T00:00:00Z,19365.40,19947.90,19330.10,19806.30,174440.622
2022-10-14T04:00:00Z,19806.20,19843.30,19560.50,19633.20,102892.090
2022-10-14T08:00:00Z,19633.20,19738.80,19520.00,19588.30,109831.582
2022-10-14T12:00:00Z,19588.40,19843.50,19300.00,19352.90,270952.058
2022-10-14T16:00:00Z,19352.90,19395.00,19096.50,19160.00,152580.485
2022-10-14T20:00:00Z,19160.10,19209.70,19059.60,19164.60,50756.373
2022-10-15T00:00:00Z,19164.60,19218.80,19125.90,19190.70,30928.603
2022-10-15T04:00:00Z,19190.70,19199.60,19120.20,19159.00,22708.939
2022-10-15T08:00:00Z,19159.10,19176.90,19027.30,19160.80,61591.647
2022-10-15T12:00:00Z,19160.80,19188.00,19080.70,19119.50,45159.734
2022-10-15T16:00:00Z,19119.50,19154.90,19045.00,19091.90,30572.858
2022-10-15T20:00:00Z,19091.90,19122.30,18966.00,19060.40,50558.404
2022-10-16T00:00:00Z,19060.40,19159.70,19058.00,19111.40,27654.674
2022-10-16T04:00:00Z,19111.40,19150.00,19101.00,19124.20,19381.039
2022-10-16T08:00:00Z,19124.10,19188.00,19080.00,19136.70,38237.868
2022-10-16T12:00:00Z,19136.70,19168.60,19095.50,19148.60,28377.813
2022-10-16T16:00:00Z,19148.70,19376.80,19108.40,19369.90,55795.802
2022-10-16T20:00:00Z,19369.80,19415.90,19092.00,19251.90,98473.996
2022-10-17T00:00:00Z,19251.80,19296.60,19148.00,19178.40,38443.768
2022-10-17T04:00:00Z,19178.30,19311.60,19156.00,19285.00,47855.009
2022-10-17T08:00:00Z,19285.00,19541.10,19237.00,19452.80,112876.410
2022-10-17T12:00:00Z,19452.80,19666.00,19414.50,19524.50,181721.274
2022-10-17T16:00:00Z,19524.40,19580.00,19430.40,19519.30,69640.272
2022-10-17T20:00:00Z,19519.30,19618.90,19463.00,19540.60,51783.026
2022-10-18T00:00:00Z,19540.70,19613.00,19475.90,19539.90,51391.637
2022-10-18T04:00:00Z,19539.90,19706.40,19524.50,19655.80,81734.350
2022-10-18T08:00:00Z,19655.80,19663.00,19457.50,19555.80,88688.122
2022-10-18T12:00:00Z,19555.70,19674.00,19275.00,19364.10,187486.665
2022-10-18T16:00:00Z,19364.10,19434.40,19081.00,19209.60,137666.952
2022-10-18T20:00:00Z,19209.60,19425.90,19190.00,19320.90,87375.428
2022-10-19T00:00:00Z,19320.90,19349.80,19210.00,19276.00,41315.246
2022-10-19T04:00:00Z,19276.00,19300.00,19136.00,19210.00,58989.958
2022-10-19T08:00:00Z,19210.00,19274.80,19133.40,19193.20,65403.305
2022-10-19T12:00:00Z,19193.20,19300.00,19050.00,19259.80,124872.491
2022-10-19T16:00:00Z,19259.80,19271.30,19082.00,19223.60,67703.251
2022-10-19T20:00:00Z,19223.70,19239.40,19070.80,19116.70,46086.207
2022-10-20T00:00:00Z,19116.60,19158.80,18882.40,19033.20,85056.904
2022-10-20T04:00:00Z,19033.20,19199.60,19031.70,19138.00,68876.025
2022-10-20T08:00:00Z,19138.00,19249.20,19098.00,19199.00,59101.242
2022-10-20T12:00:00Z,19198.90,19350.00,19120.00,19244.30,126988.352
2022-10-20T16:00:00Z,19244.20,19244.30,18954.70,19055.80,138535.695
2022-10-20T20:00:00Z,19055.80,19092.00,18912.40,19034.70,59068.830
2022-10-21T00:00:00Z,19034.80,19126.80,18991.70,19044.00,42920.968
2022-10-21T04:00:00Z,19044.00,19075.10,18982.20,19019.40,38347.648
2022-10-21T08:00:00Z,19019.40,19033.00,18885.30,18934.30,76281.011
2022-10-21T12:00:00Z,18934.20,19170.00,18600.00,19158.70,275533.924
2022-10-21T16:00:00Z,19158.60,19238.70,19080.00,19178.80,115282.479
2022-10-21T20:00:00Z,19178.80,19240.00,19128.00,19150.90,33512.875
2022-10-22T00:00:00Z,19151.00,19175.60,19103.50,19142.00,25684.772
2022-10-22T04:00:00Z,19142.00,19167.90,19124.70,19155.30,17041.655
2022-10-22T08:00:00Z,19155.20,19178.60,19128.40,19168.90,20976.902
2022-10-22T12:00:00Z,19168.90,19250.00,19143.30,19223.70,52378.099
2022-10-22T16:00:00Z,19223.80,19236.80,19122.00,19175.10,38570.393
2022-10-22T20:00:00Z,19175.00,19217.10,19164.10,19195.10,19403.221
2022-10-23T00:00:00Z,19195.10,19211.10,19155.00,19188.90,18722.742
2022-10-23T04:00:00Z,19188.80,19214.00,19136.00,19151.60,29127.474
2022-10-23T08:00:00Z,19151.60,19177.10,19118.00,19142.00,27340.008
2022-10-23T12:00:00Z,19142.10,19204.90,19050.00,19180.60,48995.342
2022-10-23T16:00:00Z,19180.60,19527.00,19160.30,19492.20,125087.405
2022-10-23T20:00:00Z,19492.30,19690.00,19436.10,19560.70,109338.571
2022-10-24T00:00:00Z,19560.60,19593.30,19333.00,19384.00,86135.596
2022-10-24T04:00:00Z,19384.00,19384.00,19235.40,19318.40,80527.069
2022-10-24T08:00:00Z,19318.40,19435.80,19287.40,19412.60,65383.115
2022-10-24T12:00:00Z,19412.50,19439.80,19146.00,19291.70,148518.765
2022-10-24T16:00:00Z,19291.80,19415.20,19215.40,19335.90,60405.461
2022-10-24T20:00:00Z,19335.90,19406.90,19289.40,19318.10,35706.530
2022-10-25T00:00:00Z,19318.10,19356.00,19242.20,19332.70,39756.935
2022-10-25T04:00:00Z,19332.70,19369.00,19264.00,19296.90,33635.521
2022-10-25T08:00:00Z,19296.90,19315.00,19228.00,19291.00,45608.097
2022-10-25T12:00:00Z,19291.00,19799.90,19250.00,19740.30,219375.722
2022-10-25T16:00:00Z,19740.30,20415.00,19711.90,20266.80,317676.364
2022-10-25T20:00:00Z,20266.70,20289.60,19970.60,20068.30,121253.895
2022-10-26T00:00:00Z,20068.30,20297.70,20041.10,20238.60,73247.237
2022-10-26T04:00:00Z,20238.60,20368.30,20126.00,20333.70,77757.055
2022-10-26T08:00:00Z,20333.60,20800.00,20270.00,20595.90,184513.166
2022-10-26T12:00:00Z,20596.00,21030.00,20329.10,20835.70,302453.835
2022-10-26T16:00:00Z,20835.60,20985.40,20631.70,20754.40,130454.115
2022-10-26T20:00:00Z,20754.50,20897.40,20688.60,20758.30,73439.574
2022-10-27T00:00:00Z,20758.40,20837.80,20561.50,20744.30,59498.206
2022-10-27T04:00:00Z,20744.30,20863.70,20670.00,20703.60,54132.429
2022-10-27T08:00:00Z,20703.60,20742.90,20450.00,20613.10,100770.956
2022-10-27T12:00:00Z,20613.10,20773.10,20420.00,20554.00,186001.906
2022-10-27T16:00:00Z,20554.10,20670.00,20488.30,20620.00,53178.772
2022-10-27T20:00:00Z,20620.00,20625.60,20170.00,20285.50,161327.776
2022-10-28T00:00:00Z,20285.60,20326.90,20150.00,20284.30,70996.898
2022-10-28T04:00:00Z,20284.30,20299.80,20050.10,20069.90,73550.107
2022-10-28T08:00:00Z,20069.90,20238.00,20010.10,20163.40,83028.849
2022-10-28T12:00:00Z,20163.40,20585.00,19951.00,20473.20,214309.059
2022-10-28T16:00:00Z,20473.20,20740.00,20438.80,20597.30,114299.051
2022-10-28T20:00:00Z,20597.30,20725.00,20557.00,20582.80,39354.918
2022-10-29T00:00:00Z,20582.70,20822.60,20547.80,20745.20,56988.576
2022-10-29T04:00:00Z,20745.20,20768.30,20608.90,20765.70,50548.165
2022-10-29T08:00:00Z,20765.80,21088.00,20637.00,20688.70,158669.605
2022-10-29T12:00:00Z,20688.60,20939.00,20669.30,20913.20,103487.031
2022-10-29T16:00:00Z,20913.20,20974.90,20743.20,20827.10,75043.026
2022-10-29T20:00:00Z,20827.10,20890.90,20696.00,20796.70,37480.767
2022-10-30T00:00:00Z,20796.70,20828.00,20694.60,20767.70,27297.637
2022-10-30T04:00:00Z,20767.70,20925.20,20731.50,20842.50,43880.541
2022-10-30T08:00:00Z,20841.80,20876.00,20622.10,20760.20,72025.485
2022-10-30T12:00:00Z,20760.20,20771.00,20607.10,20667.60,58713.584
2022-10-30T16:00:00Z,20667.70,20693.40,20520.40,20637.30,51795.481
2022-10-30T20:00:00Z,20637.20,20739.40,20503.00,20615.60,41676.962
2022-10-31T00:00:00Z,20615.50,20664.30,20416.00,20507.90,55164.521
2022-10-31T04:00:00Z,20507.80,20582.80,20445.20,20537.20,40321.312
2022-10-31T08:00:00Z,20537.20,20838.70,20441.40,20722.10,100156.625
2022-10-31T12:00:00Z,20722.10,20746.30,20225.40,20390.40,178190.073
2022-10-31T16:00:00Z,20390.50,20523.50,20318.50,20358.80,71420.368
2022-10-31T20:00:00Z,20358.80,20514.10,20343.60,20482.00,33544.367
2022-11-01T00:00:00Z,20482.10,20578.00,20429.60,20471.30,41397.455
2022-11-01T04:00:00Z,20471.30,20649.00,20455.80,20590.20,48087.000
2022-11-01T08:00:00Z,20590.20,20687.00,20477.50,20511.70,63102.765
2022-11-01T12:00:00Z,20511.80,20558.40,20320.00,20435.60,99511.246
2022-11-01T16:00:00Z,20435.60,20511.00,20366.80,20438.60,42827.185
2022-11-01T20:00:00Z,20438.60,20494.40,20419.40,20472.10,19750.536
2022-11-02T00:00:00Z,20472.10,20549.90,20400.00,20511.00,35407.129
2022-11-02T04:00:00Z,20511.00,20550.00,20343.40,20414.20,49841.428
2022-11-02T08:00:00Z,20414.20,20529.90,20323.00,20423.00,60009.619
2022-11-02T12:00:00Z,20423.00,20450.00,20352.30,20400.20,45694.925
2022-11-02T16:00:00Z,20400.20,20796.00,20100.00,20241.10,376975.578
2022-11-02T20:00:00Z,20241.20,20273.60,20050.00,20140.10,83607.082
2022-11-03T00:00:00Z,20140.20,20334.00,20111.00,20299.40,55383.428
2022-11-03T04:00:00Z,20299.30,20400.00,20270.80,20293.80,51958.954
2022-11-03T08:00:00Z,20293.70,20329.90,20038.60,20124.30,71215.533
2022-11-03T12:00:00Z,20124.30,20327.60,20026.00,20241.00,128488.783
2022-11-03T16:00:00Z,20241.10,20304.80,20169.20,20253.70,34370.149
2022-11-03T20:00:00Z,20253.60,20260.70,20149.20,20199.70,30704.214
2022-11-04T00:00:00Z,20199.80,20316.00,20171.60,20309.20,35410.810
2022-11-04T04:00:00Z,20309.30,20677.00,20296.00,20603.30,106949.307
2022-11-04T08:00:00Z,20603.30,20665.00,20533.20,20547.00,60734.001
2022-11-04T12:00:00Z,20547.10,21297.00,20350.00,20829.30,386297.687
2022-11-04T16:00:00Z,20829.20,21100.00,20660.00,21097.30,177529.745
2022-11-04T20:00:00Z,21097.20,21200.00,21040.60,21137.60,57593.665
2022-11-05T00:00:00Z,21137.60,21473.70,21071.10,21436.50,93221.318
2022-11-05T04:00:00Z,21436.40,21455.70,21352.60,21374.40,35559.701
2022-11-05T08:00:00Z,21374.40,21426.00,21226.80,21395.50,64262.119
2022-11-05T12:00:00Z,21395.50,21412.00,21202.80,21289.70,57249.357
2022-11-05T16:00:00Z,21289.70,21339.00,21250.10,21321.50,29400.799
2022-11-05T20:00:00Z,21321.60,21373.10,21227.00,21289.90,24290.078
2022-11-06T00:00:00Z,21289.80,21355.80,21162.20,21226.90,40699.165
2022-11-06T04:00:00Z,21226.90,21243.20,21133.80,21185.30,29802.221
2022-11-06T08:00:00Z,21185.20,21301.00,21166.10,21247.10,42651.174
2022-11-06T12:00:00Z,21247.10,21278.90,21180.00,21233.70,35361.461
2022-11-06T16:00:00Z,21233.80,21272.30,21144.80,21186.70,44654.264
2022-11-06T20:00:00Z,21186.60,21202.00,20863.30,20900.00,83980.361
2022-11-07T00:00:00Z,20900.00,21062.60,20811.00,20907.60,99825.860
2022-11-07T04:00:00Z,20907.60,20913.80,20606.00,20628.10,109342.628
2022-11-07T08:00:00Z,20628.10,20808.40,20563.20,20724.40,94293.748
2022-11-07T12:00:00Z,20724.40,20793.20,20620.00,20756.20,85160.521
2022-11-07T16:00:00Z,20756.30,20885.60,20641.60,20836.40,68633.777
2022-11-07T20:00:00Z,20836.40,20878.40,20374.00,20578.60,97151.782
2022-11-08T00:00:00Z,20578.50,20664.40,20111.10,20140.60,134243.871
2022-11-08T04:00:00Z,20140.60,20235.00,19335.00,19785.60,294507.597
2022-11-08T08:00:00Z,19785.60,19787.70,19560.00,19689.00,85159.375
2022-11-08T12:00:00Z,19688.90,19737.50,19200.00,19513.80,208044.958
2022-11-08T16:00:00Z,19513.80,20685.00,16830.00,18238.00,996111.854
2022-11-08T20:00:00Z,18238.00,18722.00,17798.80,18534.00,328408.658
2022-11-09T00:00:00Z,18533.90,18574.90,17976.40,18303.30,157362.162
2022-11-09T04:00:00Z,18303.30,18498.50,18163.00,18224.90,112780.527
2022-11-09T08:00:00Z,18225.00,18245.20,17229.30,17800.40,385550.428
2022-11-09T12:00:00Z,17800.30,18008.00,16884.00,17098.40,471835.520
2022-11-09T16:00:00Z,17096.80,17308.00,16403.00,16764.50,435847.028
2022-11-09T20:00:00Z,16764.50,16885.10,15462.60,15905.00,502230.747
2022-11-10T00:00:00Z,15905.00,16556.70,15730.00,16351.70,227863.407
2022-11-10T04:00:00Z,16351.70,16891.00,16184.70,16739.50,195621.803
2022-11-10T08:00:00Z,16739.50,16940.00,16250.20,16388.10,202280.240
2022-11-10T12:00:00Z,16388.10,17947.50,16375.50,17541.60,444259.472
2022-11-10T16:00:00Z,17541.60,17987.00,17101.00,17438.60,247600.192
2022-11-10T20:00:00Z,17438.60,18230.00,17360.10,17588.00,179468.488
2022-11-11T00:00:00Z,17588.00,17678.00,16880.00,17052.30,153660.874
2022-11-11T04:00:00Z,17052.40,17479.20,16994.90,17397.30,125301.566
2022-11-11T08:00:00Z,17397.30,17524.90,17208.70,17339.90,93569.549
2022-11-11T12:00:00Z,17340.00,17550.00,16343.00,16864.80,339327.713
2022-11-11T16:00:00Z,16864.70,17037.80,16528.10,16842.60,143530.861
2022-11-11T20:00:00Z,16842.60,17145.00,16538.00,17058.30,99954.039
2022-11-12T00:00:00Z,17058.40,17110.80,16765.00,16899.00,54367.460
2022-11-12T04:00:00Z,16899.10,16930.00,16623.80,16811.30,72323.720
2022-11-12T08:00:00Z,16811.40,16975.00,16716.60,16859.60,60387.186
2022-11-12T12:00:00Z,16859.60,16996.00,16746.70,16925.40,58486.175
2022-11-12T16:00:00Z,16925.50,16957.90,16820.00,16885.40,31243.027
2022-11-12T20:00:00Z,16885.30,16889.30,16752.30,16806.90,27648.149
2022-11-13T00:00:00Z,16806.90,16950.00,16771.00,16906.10,28927.034
2022-11-13T04:00:00Z,16905.80,16914.10,16550.00,16765.50,60272.220
2022-11-13T08:00:00Z,16765.40,16786.20,16413.80,16651.80,83564.901
2022-11-13T12:00:00Z,16651.80,16710.20,16512.60,16568.40,52082.694
2022-11-13T16:00:00Z,16568.40,16616.10,16455.20,16547.60,46374.694
2022-11-13T20:00:00Z,16547.60,16578.80,16210.30,16321.20,78521.293
2022-11-14T00:00:00Z,16321.30,16399.50,15900.00,16130.00,122618.564
2022-11-14T04:00:00Z,16130.00,16894.50,15805.50,16813.00,234671.573
2022-11-14T08:00:00Z,16813.10,16921.60,16635.00,16740.80,108402.937
2022-11-14T12:00:00Z,16740.90,17188.00,16405.20,16582.70,246261.155
2022-11-14T16:00:00Z,16582.60,16666.00,16165.60,16245.00,124077.126
2022-11-14T20:00:00Z,16245.10,16760.10,16182.30,16605.20,98361.129
2022-11-15T00:00:00Z,16605.30,16882.10,16516.70,16808.80,73860.468
2022-11-15T04:00:00Z,16809.00,16931.80,16628.00,16834.90,77504.200
2022-11-15T08:00:00Z,16834.90,16992.00,16695.00,16774.50,112941.806
2022-11-15T12:00:00Z,16774.60,17127.20,16720.00,16978.00,173648.811
2022-11-15T16:00:00Z,16977.70,17060.80,16606.00,16847.40,144387.389
2022-11-15T20:00:00Z,16847.40,16931.10,16728.20,16888.30,67006.784
2022-11-16T00:00:00Z,16888.30,17007.40,16756.70,16959.80,55775.350
2022-11-16T04:00:00Z,16959.70,16969.00,16786.80,16814.00,53884.306
2022-11-16T08:00:00Z,16814.10,16840.60,16634.70,16695.20,95645.149
2022-11-16T12:00:00Z,16695.20,16709.20,16358.00,16424.10,194031.471
2022-11-16T16:00:00Z,16424.40,16636.80,16391.70,16548.00,77760.102
2022-11-16T20:00:00Z,16548.00,16770.60,16486.20,16650.60,60145.267
2022-11-17T00:00:00Z,16650.70,16741.70,16499.00,16517.40,49584.823
2022-11-17T04:00:00Z,16517.30,16613.50,16403.30,16602.00,60401.824
2022-11-17T08:00:00Z,16602.00,16624.70,16456.00,16587.80,54522.159
2022-11-17T12:00:00Z,16587.80,16710.00,16420.20,16526.80,121811.053
2022-11-17T16:00:00Z,16526.70,16740.00,16508.80,16614.70,80453.463
2022-11-17T20:00:00Z,16614.70,16738.00,16603.30,16682.10,42215.963
2022-11-18T00:00:00Z,16682.10,16984.40,16672.00,16845.60,97882.789
2022-11-18T04:00:00Z,16845.70,16856.30,16716.60,16739.80,49781.490
2022-11-18T08:00:00Z,16739.70,16844.90,16666.70,16744.00,66225.104
2022-11-18T12:00:00Z,16744.00,16813.70,16600.00,16686.80,74694.988
2022-11-18T16:00:00Z,16686.70,16725.90,16541.10,16648.00,66313.304
2022-11-18T20:00:00Z,16648.00,16719.70,16611.10,16689.70,33715.167
2022-11-19T00:00:00Z,16689.70,16696.80,16566.80,16622.20,26049.832
2022-11-19T04:00:00Z,16622.30,16641.70,16543.80,16592.20,27752.994
2022-11-19T08:00:00Z,16592.20,16675.20,16574.10,16669.30,24934.679
2022-11-19T12:00:00Z,16669.30,16677.70,16624.10,16648.50,23585.962
2022-11-19T16:00:00Z,16648.50,16655.00,16600.10,16619.70,19717.221
2022-11-19T20:00:00Z,16619.60,16814.50,16619.00,16692.90,49782.227
2022-11-20T00:00:00Z,16693.00,16743.90,16658.80,16672.80,26084.956
2022-11-20T04:00:00Z,16672.90,16733.30,16660.80,16710.20,19753.533
2022-11-20T08:00:00Z,16710.10,16725.90,16458.10,16517.50,87151.423
2022-11-20T12:00:00Z,16517.60,16624.90,16454.20,16570.30,55584.194
2022-11-20T16:00:00Z,16570.40,16604.00,16520.80,16582.00,23789.303
2022-11-20T20:00:00Z,16581.90,16587.70,16167.10,16272.60,115235.805
2022-11-21T00:00:00Z,16272.70,16284.30,15888.00,16067.20,135182.528
2022-11-21T04:00:00Z,16067.30,16304.30,15947.70,16032.20,105132.269
2022-11-21T08:00:00Z,16032.10,16150.00,15955.20,16077.60,80262.718
2022-11-21T12:00:00Z,16077.60,16273.00,16020.90,16122.70,94795.644
2022-11-21T16:00:00Z,16122.60,16131.70,15555.00,15712.80,200749.225
2022-11-21T20:00:00Z,15712.80,15884.10,15443.20,15773.00,174096.981
2022-11-22T00:00:00Z,15772.90,15960.00,15740.00,15841.00,80874.678
2022-11-22T04:00:00Z,15841.10,15874.40,15610.30,15754.90,80806.481
2022-11-22T08:00:00Z,15754.90,15818.60,15653.80,15742.30,73356.371
2022-11-22T12:00:00Z,15742.30,16309.00,15680.00,16232.80,212388.676
2022-11-22T16:00:00Z,16232.80,16282.40,16040.00,16160.50,85462.525
2022-11-22T20:00:00Z,16160.60,16250.00,16080.00,16220.60,46444.913
2022-11-23T00:00:00Z,16220.50,16583.40,16155.50,16577.90,123123.200
2022-11-23T04:00:00Z,16577.90,16659.10,16439.20,16572.90,65044.727
2022-11-23T08:00:00Z,16572.90,16694.00,16489.50,16577.00,75552.908
2022-11-23T12:00:00Z,16577.00,16593.50,16338.00,16415.90,104850.367
2022-11-23T16:00:00Z,16415.90,16703.40,16313.10,16466.90,117943.540
2022-11-23T20:00:00Z,16466.80,16670.00,16415.60,16595.80,60200.168
2022-11-24T00:00:00Z,16595.80,16800.00,16528.00,16703.20,82625.707
2022-11-24T04:00:00Z,16702.80,16728.60,16605.00,16613.80,49644.644
2022-11-24T08:00:00Z,16613.80,16631.10,16481.60,16567.10,65330.769
2022-11-24T12:00:00Z,16567.10,16598.00,16450.00,16549.00,57970.098
2022-11-24T16:00:00Z,16548.90,16669.60,16506.70,16569.00,67214.977
2022-11-24T20:00:00Z,16568.90,16628.00,16527.20,16592.40,28238.223
2022-11-25T00:00:00Z,16592.50,16610.00,16460.10,16480.30,42900.709
2022-11-25T04:00:00Z,16480.20,16493.40,16331.70,16453.80,67404.034
2022-11-25T08:00:00Z,16453.70,16583.90,16400.00,16523.50,58204.124
2022-11-25T12:00:00Z,16523.50,16577.90,16432.00,16505.40,63964.805
2022-11-25T16:00:00Z,16505.30,16545.60,16451.00,16516.00,34984.583
2022-11-25T20:00:00Z,16515.90,16639.90,16471.60,16516.10,39101.861
2022-11-26T00:00:00Z,16516.20,16699.10,16505.20,16615.00,51126.185
2022-11-26T04:00:00Z,16614.90,16644.30,16522.60,16576.90,37107.204
2022-11-26T08:00:00Z,16576.90,16631.50,16549.70,16572.80,32673.180
2022-11-26T12:00:00Z,16572.70,16680.00,16471.50,16506.40,60167.627
2022-11-26T16:00:00Z,16506.40,16526.00,16413.70,16480.70,34854.190
2022-11-26T20:00:00Z,16480.60,16539.90,16369.10,16449.20,37473.273
2022-11-27T00:00:00Z,16449.20,16576.10,16441.00,16520.00,29565.552
2022-11-27T04:00:00Z,16520.10,16594.20,16519.40,16553.90,27615.709
2022-11-27T08:00:00Z,16553.90,16589.00,16505.50,16544.40,31288.273
2022-11-27T12:00:00Z,16544.30,16578.40,16510.20,16566.20,27072.493
2022-11-27T16:00:00Z,16566.30,16573.50,16513.00,16546.90,21824.618
2022-11-27T20:00:00Z,16546.90,16588.00,16396.00,16422.60,52003.700
2022-11-28T00:00:00Z,16422.50,16475.00,16040.00,16168.90,147621.712
2022-11-28T04:00:00Z,16169.00,16239.10,16131.50,16215.10,41682.953
2022-11-28T08:00:00Z,16215.10,16262.70,16170.00,16205.00,41043.245
2022-11-28T12:00:00Z,16205.00,16300.00,16101.60,16136.70,87235.407
2022-11-28T16:00:00Z,16136.70,16390.40,15984.10,16215.10,154227.497
2022-11-28T20:00:00Z,16215.20,16266.90,16181.10,16204.50,25327.055
2022-11-29T00:00:00Z,16204.60,16299.90,16088.00,16279.10,52867.266
2022-11-29T04:00:00Z,16279.10,16535.00,16272.10,16455.90,94383.908
2022-11-29T08:00:00Z,16456.00,16543.00,16422.40,16488.00,58215.199
2022-11-29T12:00:00Z,16488.00,16502.80,16312.60,16384.80,95079.754
2022-11-29T16:00:00Z,16384.90,16471.50,16335.10,16418.20,53114.858
2022-11-29T20:00:00Z,16418.10,16521.90,16415.80,16433.20,37749.869
2022-11-30T00:00:00Z,16433.30,17082.20,16421.50,16836.70,191179.202
2022-11-30T04:00:00Z,16836.80,16916.30,16811.90,16874.10,51969.614
2022-11-30T08:00:00Z,16874.10,16926.20,16830.00,16871.40,37015.750
2022-11-30T12:00:00Z,16871.30,16888.50,16750.80,16856.80,83414.941
2022-11-30T16:00:00Z,16856.80,17138.70,16700.00,17051.50,169808.829
2022-11-30T20:00:00Z,17051.50,17248.30,17018.00,17153.30,86936.614
2022-12-01T00:00:00Z,17153.40,17222.10,17080.00,17143.80,57460.869
2022-12-01T04:00:00Z,17143.80,17161.10,17054.00,17062.60,38761.809
2022-12-01T08:00:00Z,17062.50,17132.90,17030.00,17096.90,42965.272
2022-12-01T12:00:00Z,17096.90,17348.50,16887.10,16970.50,186470.492
2022-12-01T16:00:00Z,16970.50,16991.70,16893.10,16945.40,49083.591
2022-12-01T20:00:00Z,16945.50,16982.40,16851.20,16970.50,36309.276
2022-12-02T00:00:00Z,16970.50,17038.00,16852.40,16893.90,50361.076
2022-12-02T04:00:00Z,16893.90,16967.20,16874.00,16947.10,26262.365
2022-12-02T08:00:00Z,16947.00,17042.20,16925.30,16987.10,41920.501
2022-12-02T12:00:00Z,16987.00,17096.30,16760.00,16928.90,142491.482
2022-12-02T16:00:00Z,16928.90,16989.20,16894.00,16979.30,34314.667
2022-12-02T20:00:00Z,16979.20,17088.40,16971.80,17083.00,39689.124
2022-12-03T00:00:00Z,17083.00,17160.00,17002.50,17012.30,35341.121
2022-12-03T04:00:00Z,17012.30,17024.70,16915.70,16954.70,33256.132
2022-12-03T08:00:00Z,16954.70,16978.00,16881.40,16938.50,35412.513
2022-12-03T12:00:00Z,16938.60,16972.80,16912.00,16953.80,25135.471
2022-12-03T16:00:00Z,16953.90,16975.00,16930.10,16945.30,18122.143
2022-12-03T20:00:00Z,16945.40,16949.00,16850.10,16879.50,37989.862
2022-12-04T00:00:00Z,16879.50,17046.00,16874.10,16951.80,38304.993
2022-12-04T04:00:00Z,16951.90,17075.90,16951.80,16987.90,37125.211
2022-12-04T08:00:00Z,16987.90,17044.90,16892.00,16938.40,41377.136
2022-12-04T12:00:00Z,16938.40,17061.60,16908.00,17022.20,52514.795
2022-12-04T16:00:00Z,17022.20,17150.00,16965.10,17077.60,84837.954
2022-12-04T20:00:00Z,17077.60,17206.20,17061.60,17099.50,37930.779
2022-12-05T00:00:00Z,17099.50,17340.00,17068.00,17190.10,86288.459
2022-12-05T04:00:00Z,17190.10,17430.00,17185.20,17303.70,113444.676
2022-12-05T08:00:00Z,17303.70,17378.30,17270.10,17302.20,54258.229
2022-12-05T12:00:00Z,17302.20,17302.20,17010.00,17073.80,117815.961
2022-12-05T16:00:00Z,17073.80,17124.60,16860.60,16919.50,107798.877
2022-12-05T20:00:00Z,16919.50,16981.10,16892.20,16958.30,40355.188
2022-12-06T00:00:00Z,16958.20,17094.60,16957.80,16995.40,53853.208
2022-12-06T04:00:00Z,16995.40,17013.60,16949.10,16993.60,33273.403
2022-12-06T08:00:00Z,16993.70,17034.70,16899.90,16974.60,57639.535
2022-12-06T12:00:00Z,16974.60,17023.30,16920.00,16974.90,69024.422
2022-12-06T16:00:00Z,16974.90,17010.00,16901.60,16964.10,56413.953
2022-12-06T20:00:00Z,16964.10,17100.00,16946.30,17078.60,51126.092
2022-12-07T00:00:00Z,17078.70,17130.00,17011.00,17017.40,42347.692
2022-12-07T04:00:00Z,17017.40,17036.60,16719.10,16755.40,97331.109
2022-12-07T08:00:00Z,16755.40,16826.00,16655.00,16787.10,68360.933
2022-12-07T12:00:00Z,16787.20,16886.50,16754.60,16829.10,70617.018
2022-12-07T16:00:00Z,16829.10,16839.70,16768.50,16807.50,34665.520
2022-12-07T20:00:00Z,16807.40,16856.80,16783.80,16828.00,24456.653
2022-12-08T00:00:00Z,16828.00,16880.00,16772.50,16825.60,38479.412
2022-12-08T04:00:00Z,16825.60,16837.70,16776.90,16816.70,28765.766
2022-12-08T08:00:00Z,16816.80,16855.10,16710.40,16842.00,44048.422
2022-12-08T12:00:00Z,16842.00,16948.70,16792.80,16907.70,88430.300
2022-12-08T16:00:00Z,16907.70,17294.90,16901.00,17241.90,143901.415
2022-12-08T20:00:00Z,17241.90,17289.00,17144.60,17216.00,58532.020
2022-12-09T00:00:00Z,17216.00,17288.70,17179.10,17194.00,42568.695
2022-12-09T04:00:00Z,17194.00,17227.10,17180.50,17203.70,23222.115
2022-12-09T08:00:00Z,17203.70,17260.60,17190.50,17231.90,34072.588
2022-12-09T12:00:00Z,17231.80,17365.40,17060.00,17170.40,130055.394
2022-12-09T16:00:00Z,17170.30,17178.50,17112.00,17134.90,28838.384
2022-12-09T20:00:00Z,17135.00,17149.00,17052.00,17122.00,31474.007
2022-12-10T00:00:00Z,17122.00,17159.90,17106.50,17140.00,19761.717
2022-12-10T04:00:00Z,17140.00,17170.20,17122.00,17144.60,17751.416
2022-12-10T08:00:00Z,17144.50,17165.00,17105.00,17159.90,20902.227
2022-12-10T12:00:00Z,17159.90,17228.60,17132.00,17200.30,36351.612
2022-12-10T16:00:00Z,17200.30,17220.00,17151.00,17166.30,20946.808
2022-12-10T20:00:00Z,17166.30,17175.60,17081.00,17120.00,26181.427
2022-12-11T00:00:00Z,17120.10,17163.40,17114.00,17147.70,16510.061
2022-12-11T04:00:00Z,17147.60,17189.00,17144.70,17173.40,18948.471
2022-12-11T08:00:00Z,17173.40,17175.60,17132.40,17160.80,16708.791
2022-12-11T12:00:00Z,17160.80,17161.10,17121.00,17145.50,19880.891
2022-12-11T16:00:00Z,17145.50,17265.00,17124.90,17169.50,46356.060
2022-12-11T20:00:00Z,17169.60,17169.70,17060.00,17077.30,52599.837
2022-12-12T00:00:00Z,17077.30,17078.60,16865.00,16909.00,93215.464
2022-12-12T04:00:00Z,16909.00,16939.00,16894.30,16916.20,27433.055
2022-12-12T08:00:00Z,16916.20,16998.90,16895.50,16977.80,36001.638
2022-12-12T12:00:00Z,16977.80,17050.00,16912.80,16999.90,71821.147
2022-12-12T16:00:00Z,17000.00,17038.40,16973.90,17035.70,25169.941
2022-12-12T20:00:00Z,17035.60,17237.90,17035.60,17200.00,82215.013
2022-12-13T00:00:00Z,17200.00,17229.00,17114.60,17143.20,36929.287
2022-12-13T04:00:00Z,17143.10,17197.90,17076.00,17157.00,55625.343
2022-12-13T08:00:00Z,17156.90,17512.90,17146.70,17436.80,122406.120
2022-12-13T12:00:00Z,17436.90,18100.00,17390.30,17749.60,263224.252
2022-12-13T16:00:00Z,17749.50,17836.80,17617.90,17740.60,85131.142
2022-12-13T20:00:00Z,17740.50,17818.00,17704.50,17777.10,33535.147
2022-12-14T00:00:00Z,17777.10,17844.90,17749.50,17782.40,30721.609
2022-12-14T04:00:00Z,17782.40,17816.70,17734.80,17807.10,22263.983
2022-12-14T08:00:00Z,17807.10,17880.00,17784.00,17823.80,37760.719
2022-12-14T12:00:00Z,17823.90,18111.50,17814.00,18054.80,137064.630
2022-12-14T16:00:00Z,18054.80,18400.00,17704.30,17789.50,301024.945
2022-12-14T20:00:00Z,17789.50,17944.40,17659.40,17803.90,98675.813
2022-12-15T00:00:00Z,17804.00,17849.50,17560.00,17724.90,74507.679
2022-12-15T04:00:00Z,17724.90,17744.30,17675.90,17686.00,27803.765
2022-12-15T08:00:00Z,17685.90,17716.60,17608.00,17712.10,52699.528
2022-12-15T12:00:00Z,17712.10,17714.60,17355.00,17424.00,146628.881
2022-12-15T16:00:00Z,17424.00,17467.70,17310.00,17435.10,78980.398
2022-12-15T20:00:00Z,17435.00,17449.70,17258.00,17351.80,56663.786
2022-12-16T00:00:00Z,17351.90,17419.90,17338.30,17418.90,35550.559
2022-12-16T04:00:00Z,17418.80,17528.00,17365.40,17496.60,41640.970
2022-12-16T08:00:00Z,17496.60,17510.50,16910.00,17018.60,188849.287
2022-12-16T12:00:00Z,17018.70,17076.90,16870.60,16961.80,107277.504
2022-12-16T16:00:00Z,16961.80,16969.50,16700.00,16856.50,114774.620
2022-12-16T20:00:00Z,16856.60,16945.60,16521.10,16624.10,134057.305
2022-12-17T00:00:00Z,16624.10,16720.20,16571.80,16667.50,66363.998
2022-12-17T04:00:00Z,16667.50,16764.00,16647.70,16738.00,45722.670
2022-12-17T08:00:00Z,16737.90,16750.00,16652.30,16700.60,37850.073
2022-12-17T12:00:00Z,16700.60,16719.40,16633.10,16692.40,40974.804
2022-12-17T16:00:00Z,16692.30,16713.40,16639.00,16684.20,23775.354
2022-12-17T20:00:00Z,16684.10,16790.00,16677.40,16768.00,33778.374
2022-12-18T00:00:00Z,16768.10,16775.00,16695.70,16736.50,19014.025
2022-12-18T04:00:00Z,16736.50,16795.00,16709.50,16739.90,26928.603
2022-12-18T08:00:00Z,16739.90,16758.70,16656.00,16702.20,35341.455
2022-12-18T12:00:00Z,16702.20,16727.90,16663.30,16676.40,25280.386
2022-12-18T16:00:00Z,16676.40,16790.00,16670.00,16745.60,41996.189
2022-12-18T20:00:00Z,16745.70,16872.00,16715.10,16730.30,37337.555
2022-12-19T00:00:00Z,16730.40,16809.60,16620.40,16673.60,49601.728
2022-12-19T04:00:00Z,16673.50,16744.00,16664.00,16714.40,28214.603
2022-12-19T08:00:00Z,16714.50,16776.60,16702.70,16725.30,27329.823
2022-12-19T12:00:00Z,16725.20,16757.70,16656.40,16660.20,54277.784
2022-12-19T16:00:00Z,16660.30,16694.90,16511.90,16549.30,97414.221
2022-12-19T20:00:00Z,16549.30,16642.10,16210.00,16429.20,87890.393
2022-12-20T00:00:00Z,16429.20,16880.20,16390.30,16718.00,109994.556
2022-12-20T04:00:00Z,16717.90,16870.00,16682.30,16796.10,69915.337
2022-12-20T08:00:00Z,16796.20,16853.00,16755.20,16805.10,47552.517
2022-12-20T12:00:00Z,16805.20,17049.60,16684.00,16910.90,131483.196
2022-12-20T16:00:00Z,16910.80,16927.50,16763.60,16894.70,81655.657
2022-12-20T20:00:00Z,16894.60,16918.70,16825.20,16887.20,35569.835
2022-12-21T00:00:00Z,16887.30,16918.20,16776.00,16829.80,33529.575
2022-12-21T04:00:00Z,16829.90,16848.20,16761.20,16809.20,27534.062
2022-12-21T08:00:00Z,16809.10,16889.20,16788.00,16872.40,31352.995
2022-12-21T12:00:00Z,16872.40,16924.20,16694.20,16854.60,72649.874
2022-12-21T16:00:00Z,16854.60,16858.60,16717.00,16746.80,36319.230
2022-12-21T20:00:00Z,16746.90,16830.70,16721.00,16819.60,26366.599
2022-12-22T00:00:00Z,16819.70,16852.80,16802.30,16844.50,19470.669
2022-12-22T04:00:00Z,16844.50,16850.00,16778.00,16820.00,20542.365
2022-12-22T08:00:00Z,16820.00,16861.90,16794.20,16827.60,27422.832
2022-12-22T12:00:00Z,16827.60,16837.60,16600.00,16631.50,98813.975
2022-12-22T16:00:00Z,16631.50,16662.80,16556.10,16658.30,63297.216
2022-12-22T20:00:00Z,16658.30,16849.40,16643.60,16815.50,77063.904
2022-12-23T00:00:00Z,16815.50,16895.00,16764.00,16823.50,40208.220
2022-12-23T04:00:00Z,16823.50,16849.00,16801.00,16842.00,24893.707
2022-12-23T08:00:00Z,16842.00,16887.80,16805.20,16837.40,30513.335
2022-12-23T12:00:00Z,16837.30,16960.00,16690.00,16825.90,123959.289
2022-12-23T16:00:00Z,16826.00,16852.50,16806.60,16838.50,18874.204
2022-12-23T20:00:00Z,16838.50,16843.00,16762.50,16776.40,26104.665
2022-12-24T00:00:00Z,16776.30,16834.70,16774.40,16833.30,15312.893
2022-12-24T04:00:00Z,16833.30,16850.00,16797.00,16840.30,15980.866
2022-12-24T08:00:00Z,16840.20,16841.00,16814.00,16819.20,12975.412
2022-12-24T12:00:00Z,16819.30,16832.10,16807.70,16830.20,12508.365
2022-12-24T16:00:00Z,16830.30,16859.90,16815.20,16834.60,12443.844
2022-12-24T20:00:00Z,16834.60,16847.10,16803.60,16828.90,13189.410
2022-12-25T00:00:00Z,16829.00,16844.00,16815.30,16824.00,8339.966
2022-12-25T04:00:00Z,16824.10,16826.20,16788.00,16816.80,13041.858
2022-12-25T08:00:00Z,16816.70,16828.10,16808.00,16814.90,10124.306
2022-12-25T12:00:00Z,16815.00,16850.00,16700.00,16784.10,58570.279
2022-12-25T16:00:00Z,16784.20,16811.30,16723.60,16786.70,29179.355
2022-12-25T20:00:00Z,16786.60,16840.20,16746.00,16824.40,24820.079
2022-12-26T00:00:00Z,16824.50,16892.00,16813.20,16887.10,28620.905
2022-12-26T04:00:00Z,16887.20,16919.80,16830.00,16836.60,24738.987
2022-12-26T08:00:00Z,16836.70,16863.00,16811.00,16854.00,20279.232
2022-12-26T12:00:00Z,16854.10,16858.90,16781.10,16801.20,26504.163
2022-12-26T16:00:00Z,16801.10,16856.50,16792.00,16834.90,21061.266
2022-12-26T20:00:00Z,16834.90,16936.80,16810.20,16912.90,26924.146
2022-12-27T00:00:00Z,16912.80,16968.00,16830.00,16868.10,42682.907
2022-12-27T04:00:00Z,16868.10,16888.00,16843.00,16859.60,15232.900
2022-12-27T08:00:00Z,16859.60,16874.80,16800.60,16823.70,30792.726
2022-12-27T12:00:00Z,16823.60,16833.40,16723.20,16790.70,66673.069
2022-12-27T16:00:00Z,16790.70,16795.40,16580.00,16681.30,78151.443
2022-12-27T20:00:00Z,16681.30,16714.10,16646.30,16698.20,29295.519
2022-12-28T00:00:00Z,16698.20,16745.00,16541.00,16643.30,58603.691
2022-12-28T04:00:00Z,16643.20,16672.30,16580.60,16639.00,40102.069
2022-12-28T08:00:00Z,16639.10,16683.90,16623.30,16672.00,27228.635
2022-12-28T12:00:00Z,16672.00,16778.30,16560.70,16571.30,96232.220
2022-12-28T16:00:00Z,16571.30,16660.00,16555.80,16589.60,48646.397
2022-12-28T20:00:00Z,16589.70,16607.30,16455.60,16539.00,73836.846
2022-12-29T00:00:00Z,16538.90,16588.60,16485.10,16553.20,34024.879
2022-12-29T04:00:00Z,16553.10,16575.30,16529.50,16553.00,22366.398
2022-12-29T08:00:00Z,16553.00,16628.60,16514.60,16593.80,40553.131
2022-12-29T12:00:00Z,16593.80,16659.00,16584.00,16610.10,52351.625
2022-12-29T16:00:00Z,16610.10,16647.80,16589.00,16608.10,26803.582
2022-12-29T20:00:00Z,16608.00,16649.00,16551.00,16630.30,32491.916
2022-12-30T00:00:00Z,16630.30,16641.10,16576.30,16593.90,19882.213
2022-12-30T04:00:00Z,16593.90,16608.50,16410.00,16467.50,62732.710
2022-12-30T08:00:00Z,16467.60,16524.90,16453.00,16489.50,38916.057
2022-12-30T12:00:00Z,16489.60,16568.50,16320.00,16547.70,104487.149
2022-12-30T16:00:00Z,16547.70,16569.80,16510.00,16520.80,34830.474
2022-12-30T20:00:00Z,16520.80,16666.60,16520.50,16601.20,34781.887
2022-12-31T00:00:00Z,16601.20,16611.50,16546.50,16549.10,15952.362
2022-12-31T04:00:00Z,16549.00,16565.60,16530.00,16564.40,15304.144
2022-12-31T08:00:00Z,16564.40,16581.80,16538.00,16565.60,18890.316
2022-12-31T12:00:00Z,16565.50,16640.00,16546.20,16586.00,37418.928
2022-12-31T16:00:00Z,16586.10,16609.30,16562.00,16564.30,15398.520
2022-12-31T20:00:00Z,16564.30,16569.70,16461.80,16537.60,31497.886
2023-01-01T00:00:00Z,16537.50,16557.10,16504.00,16529.30,14206.373
2023-01-01T04:00:00Z,16529.20,16545.70,16488.00,16519.60,17998.501
2023-01-01T08:00:00Z,16519.50,16549.80,16496.80,16549.80,15117.276
2023-01-01T12:00:00Z,16549.80,16565.90,16524.60,16553.10,15542.884
2023-01-01T16:00:00Z,16553.00,16615.80,16552.60,16596.10,25971.416
2023-01-01T20:00:00Z,16596.10,16618.80,16579.10,16610.30,16666.515
2023-01-02T00:00:00Z,16610.40,16700.70,16541.20,16654.60,36641.746
2023-01-02T04:00:00Z,16654.70,16767.80,16612.80,16712.50,53335.472
2023-01-02T08:00:00Z,16712.60,16764.00,16696.00,16728.50,37550.631
2023-01-02T12:00:00Z,16728.40,16744.80,16665.00,16729.20,35861.236
2023-01-02T16:00:00Z,16729.20,16732.90,16702.60,16730.50,16549.997
2023-01-02T20:00:00Z,16730.50,16799.00,16650.00,16666.00,35222.094
2023-01-03T00:00:00Z,16665.90,16699.70,16639.50,16684.50,22052.463
2023-01-03T04:00:00Z,16684.40,16774.00,16675.20,16723.10,29397.355
2023-01-03T08:00:00Z,16723.10,16750.50,16691.70,16714.20,22008.402
2023-01-03T12:00:00Z,16714.20,16764.90,16610.00,16670.80,73811.270
2023-01-03T16:00:00Z,16670.90,16680.10,16600.30,16637.70,35119.476
2023-01-03T20:00:00Z,16637.60,16688.20,16636.00,16667.20,20681.239
2023-01-04T00:00:00Z,16667.30,16870.00,16645.70,16855.90,70080.094
2023-01-04T04:00:00Z,16855.90,16904.40,16832.30,16862.50,44883.714
2023-01-04T08:00:00Z,16862.50,16913.60,16824.50,16826.80,34682.195
2023-01-04T12:00:00Z,16826.70,16852.10,16759.30,16846.50,60474.144
2023-01-04T16:00:00Z,16846.50,16984.60,16777.70,16835.90,109451.837
2023-01-04T20:00:00Z,16835.90,16860.90,16766.00,16842.10,30175.854
2023-01-05T00:00:00Z,16842.20,16869.00,16800.00,16819.00,19519.003
2023-01-05T04:00:00Z,16819.00,16840.70,16782.40,16816.10,16536.812
2023-01-05T08:00:00Z,16816.10,16830.00,16775.10,16827.00,23157.987
2023-01-05T12:00:00Z,16827.00,16872.80,16740.40,16836.60,68886.546
2023-01-05T16:00:00Z,16836.70,16867.80,16794.00,16856.40,29189.477
2023-01-05T20:00:00Z,16856.30,16863.40,16810.00,16823.80,19079.522
2023-01-06T00:00:00Z,16823.80,16865.00,16795.60,16825.10,21068.091
2023-01-06T04:00:00Z,16825.00,16828.00,16773.00,16785.60,23858.147
2023-01-06T08:00:00Z,16785.60,16805.30,16685.20,16731.40,43531.809
2023-01-06T12:00:00Z,16731.50,16843.00,16664.80,16834.20,102292.922
2023-01-06T16:00:00Z,16834.10,16960.00,16801.60,16932.60,57987.086
2023-01-06T20:00:00Z,16932.70,17030.00,16881.00,16943.80,68235.574
2023-01-07T00:00:00Z,16943.90,16973.60,16924.80,16944.40,18044.048
2023-01-07T04:00:00Z,16944.30,16945.00,16915.80,16939.80,10556.131
2023-01-07T08:00:00Z,16939.80,16946.40,16903.00,16912.30,13458.257
2023-01-07T12:00:00Z,16912.30,16944.00,16900.10,16934.50,16729.551
2023-01-07T16:00:00Z,16934.50,16939.60,16910.40,16937.30,9360.224
2023-01-07T20:00:00Z,16937.30,16945.80,16922.90,16936.50,9824.894
2023-01-08T00:00:00Z,16936.50,16949.30,16905.00,16939.00,15067.481
2023-01-08T04:00:00Z,16938.90,16947.50,16927.50,16945.50,7997.895
2023-01-08T08:00:00Z,16945.50,16960.00,16917.80,16918.60,15529.951
2023-01-08T12:00:00Z,16918.50,17015.60,16912.70,16991.00,27054.754
2023-01-08T16:00:00Z,16990.90,17015.10,16910.20,16920.30,31184.044
2023-01-08T20:00:00Z,16920.30,17181.10,16916.50,17124.70,60883.193
2023-01-09T00:00:00Z,17124.60,17245.10,17098.20,17188.10,85195.766
2023-01-09T04:00:00Z,17188.10,17248.00,17171.70,17189.70,35863.212
2023-01-09T08:00:00Z,17189.80,17277.70,17180.00,17232.20,50754.112
2023-01-09T12:00:00Z,17232.20,17325.00,17181.90,17260.40,80374.648
2023-01-09T16:00:00Z,17260.40,17387.80,17259.60,17285.70,77463.239
2023-01-09T20:00:00Z,17285.60,17302.30,17118.30,17169.70,70626.832
2023-01-10T00:00:00Z,17169.60,17227.70,17140.40,17199.90,27484.953
2023-01-10T04:00:00Z,17199.90,17228.00,17181.80,17194.70,18254.506
2023-01-10T08:00:00Z,17194.60,17278.00,17181.20,17244.40,37043.974
2023-01-10T12:00:00Z,17244.30,17368.70,17204.40,17317.50,92804.006
2023-01-10T16:00:00Z,17317.60,17448.00,17273.30,17424.10,73564.943
2023-01-10T20:00:00Z,17424.10,17485.40,17393.30,17428.80,48167.989
2023-01-11T00:00:00Z,17428.80,17500.00,17360.00,17407.70,42391.318
2023-01-11T04:00:00Z,17407.70,17456.00,17380.00,17437.10,25910.734
2023-01-11T08:00:00Z,17437.10,17464.00,17399.50,17428.70,24797.868
2023-01-11T12:00:00Z,17428.60,17429.70,17306.40,17325.30,62512.096
2023-01-11T16:00:00Z,17325.20,17550.90,17320.30,17540.60,86222.612
2023-01-11T20:00:00Z,17540.70,18013.20,17501.40,17935.70,144442.478
2023-01-12T00:00:00Z,17935.60,18400.00,17902.40,18217.20,167796.474
2023-01-12T04:00:00Z,18217.10,18233.00,18070.00,18129.30,51547.124
2023-01-12T08:00:00Z,18129.20,18220.00,18062.00,18194.50,45869.521
2023-01-12T12:00:00Z,18194.40,18377.40,17907.30,18077.70,322077.479
2023-01-12T16:00:00Z,18077.60,19062.50,18045.70,18877.20,328471.599
2023-01-12T20:00:00Z,18877.30,19120.00,18758.50,18838.00,124572.563
2023-01-13T00:00:00Z,18838.10,18881.70,18711.00,18871.60,48452.132
2023-01-13T04:00:00Z,18871.50,18875.40,18770.50,18817.70,30968.560
2023-01-13T08:00:00Z,18817.70,19050.00,18803.90,18911.70,102429.252
2023-01-13T12:00:00Z,18911.70,19299.20,18801.40,19252.50,200754.386
2023-01-13T16:00:00Z,19252.60,19398.00,19053.00,19354.20,170550.150
2023-01-13T20:00:00Z,19354.10,19997.80,19307.40,19924.20,253653.352
2023-01-14T00:00:00Z,19924.30,21544.00,19882.60,20996.30,400698.970
2023-01-14T04:00:00Z,20996.20,21060.00,20801.30,20913.10,75865.279
2023-01-14T08:00:00Z,20913.00,21045.00,20257.30,20733.40,208916.952
2023-01-14T12:00:00Z,20733.30,21240.00,20544.00,20796.90,186889.050
2023-01-14T16:00:00Z,20796.90,20930.50,20670.70,20796.80,78649.063
2023-01-14T20:00:00Z,20796.80,21092.00,20773.90,20962.80,59647.369
2023-01-15T00:00:00Z,20962.80,21012.00,20556.00,20736.50,96644.108
2023-01-15T04:00:00Z,20736.50,20798.00,20673.90,20750.00,34775.593
2023-01-15T08:00:00Z,20750.10,20780.00,20581.40,20737.40,63521.557
2023-01-15T12:00:00Z,20737.40,21028.00,20661.10,20925.00,82803.419
2023-01-15T16:00:00Z,20925.00,21073.80,20670.00,20877.20,106046.834
2023-01-15T20:00:00Z,20877.30,20970.00,20750.00,20882.70,44695.048
2023-01-16T00:00:00Z,20882.70,21449.30,20780.20,21084.30,175273.721
2023-01-16T04:00:00Z,21084.30,21276.00,21048.00,21116.00,55958.607
2023-01-16T08:00:00Z,21116.00,21121.70,20619.00,20821.70,101732.641
2023-01-16T12:00:00Z,20821.80,21079.90,20606.60,21000.60,114395.111
2023-01-16T16:00:00Z,21000.60,21431.00,20921.00,21314.40,133530.799
2023-01-16T20:00:00Z,21314.50,21498.00,21056.00,21188.30,85257.322
2023-01-17T00:00:00Z,21188.20,21308.90,20827.80,21129.60,81669.204
2023-01-17T04:00:00Z,21129.60,21237.00,21062.10,21134.70,40393.627
2023-01-17T08:00:00Z,21134.80,21252.00,21077.70,21218.60,49711.091
2023-01-17T12:00:00Z,21218.60,21640.00,21024.30,21175.60,233119.434
2023-01-17T16:00:00Z,21175.70,21426.00,21080.30,21337.20,86362.443
2023-01-17T20:00:00Z,21337.30,21410.80,21123.10,21130.90,56134.794
2023-01-18T00:00:00Z,21130.80,21376.30,21103.60,21254.10,58477.632
2023-01-18T04:00:00Z,21254.10,21317.90,21226.60,21307.70,26297.724
2023-01-18T08:00:00Z,21307.80,21318.10,21132.10,21201.60,45098.726
2023-01-18T12:00:00Z,21201.70,21672.00,20810.00,21035.50,269472.012
2023-01-18T16:00:00Z,21035.50,21138.00,20386.00,20905.10,320910.719
2023-01-18T20:00:00Z,20905.00,20937.80,20621.10,20680.00,93528.704
2023-01-19T00:00:00Z,20680.10,20822.00,20659.90,20748.90,43011.055
2023-01-19T04:00:00Z,20748.90,20882.00,20745.10,20818.20,31250.694
2023-01-19T08:00:00Z,20818.20,20848.00,20707.40,20741.30,39443.519
2023-01-19T12:00:00Z,20741.30,20962.70,20661.00,20870.70,108038.963
2023-01-19T16:00:00Z,20870.80,21140.00,20786.80,21090.00,86336.685
2023-01-19T20:00:00Z,21090.10,21183.90,20913.40,21068.30,66652.701
2023-01-20T00:00:00Z,21068.30,21223.20,21011.40,21086.20,49417.658
2023-01-20T04:00:00Z,21086.20,21125.00,20856.40,20954.20,54029.169
2023-01-20T08:00:00Z,20954.10,20991.90,20895.40,20957.60,33135.271
2023-01-20T12:00:00Z,20957.50,21250.00,20952.20,21139.70,103649.424
2023-01-20T16:00:00Z,21139.70,21535.00,21136.10,21494.20,157224.305
2023-01-20T20:00:00Z,21494.10,22750.00,21493.80,22661.10,326189.373
2023-01-21T00:00:00Z,22661.00,22812.40,22422.00,22541.70,91102.531
2023-01-21T04:00:00Z,22541.80,22678.60,22511.20,22631.50,32823.977
2023-01-21T08:00:00Z,22631.60,23330.00,22555.00,22903.50,266330.182
2023-01-21T12:00:00Z,22903.50,23288.00,22847.80,22996.20,145710.162
2023-01-21T16:00:00Z,22996.20,23390.00,22980.00,23271.90,130707.129
2023-01-21T20:00:00Z,23271.90,23298.20,22670.00,22781.90,98007.119
2023-01-22T00:00:00Z,22781.80,22974.30,22600.20,22766.10,77074.223
2023-01-22T04:00:00Z,22766.00,22967.00,22720.00,22893.20,41651.721
2023-01-22T08:00:00Z,22893.20,22934.10,22733.00,22785.50,45038.944
2023-01-22T12:00:00Z,22785.60,23080.20,22631.10,22792.90,106358.408
2023-01-22T16:00:00Z,22793.00,22962.80,22681.00,22720.00,72710.666
2023-01-22T20:00:00Z,22720.00,22770.00,22287.00,22704.60,139695.849
2023-01-23T00:00:00Z,22704.70,22825.90,22645.60,22657.60,47573.102
2023-01-23T04:00:00Z,22657.60,22793.30,22596.80,22692.40,36713.329
2023-01-23T08:00:00Z,22692.40,22960.00,22661.90,22906.50,68826.107
2023-01-23T12:00:00Z,22906.40,23160.00,22500.00,22852.00,183939.268
2023-01-23T16:00:00Z,22852.10,23193.10,22653.00,22789.60,135640.765
2023-01-23T20:00:00Z,22789.60,23043.90,22756.10,22913.10,53110.269
2023-01-24T00:00:00Z,22913.30,23142.00,22863.30,23078.20,51857.971
2023-01-24T04:00:00Z,23078.20,23158.70,23000.00,23052.30,37575.800
2023-01-24T08:00:00Z,23052.30,23086.40,22760.00,22912.00,80599.104
2023-01-24T12:00:00Z,22912.10,23036.00,22677.90,22924.00,126440.595
2023-01-24T16:00:00Z,22924.00,23085.10,22782.00,23015.00,67270.843
2023-01-24T20:00:00Z,23015.10,23073.60,22450.00,22627.40,141871.503
2023-01-25T00:00:00Z,22627.50,22699.00,22310.50,22641.00,97898.966
2023-01-25T04:00:00Z,22641.10,22766.70,22600.00,22703.90,34838.121
2023-01-25T08:00:00Z,22703.90,22730.00,22460.80,22595.90,57559.621
2023-01-25T12:00:00Z,22595.80,22747.10,22327.20,22573.30,127913.984
2023-01-25T16:00:00Z,22573.40,22757.00,22508.10,22743.40,64912.438
2023-01-25T20:00:00Z,22743.40,23837.40,22743.40,23060.60,309663.477
2023-01-26T00:00:00Z,23060.60,23278.70,23040.10,23129.40,61160.895
2023-01-26T04:00:00Z,23129.50,23189.30,22885.70,22961.30,50565.793
2023-01-26T08:00:00Z,22961.30,23041.10,22843.80,22985.40,54116.524
2023-01-26T12:00:00Z,22985.40,23241.90,22856.00,22947.30,155481.049
2023-01-26T16:00:00Z,22947.20,23099.10,22850.00,23063.40,64169.464
2023-01-26T20:00:00Z,23063.40,23161.00,22955.00,23001.90,42267.061
2023-01-27T00:00:00Z,23001.90,23068.70,22516.60,22762.20,86055.897
2023-01-27T04:00:00Z,22762.20,23098.00,22750.00,23068.10,58836.674
2023-01-27T08:00:00Z,23068.10,23080.00,22900.10,22964.50,38844.896
2023-01-27T12:00:00Z,22964.40,23145.30,22830.00,22928.80,121070.961
2023-01-27T16:00:00Z,22928.80,23280.20,22919.00,23246.70,84096.917
2023-01-27T20:00:00Z,23246.80,23500.00,22940.00,23068.00,121014.962
2023-01-28T00:00:00Z,23068.10,23185.00,23033.90,23109.00,30607.076
2023-01-28T04:00:00Z,23108.90,23124.30,22942.90,22984.30,29492.397
2023-01-28T08:00:00Z,22984.30,23011.40,22880.00,22973.40,36651.176
2023-01-28T12:00:00Z,22973.40,23038.00,22870.80,23004.70,49477.228
2023-01-28T16:00:00Z,23004.60,23050.60,22968.10,23033.10,19771.548
2023-01-28T20:00:00Z,23033.20,23036.20,22935.10,23015.90,20401.518
2023-01-29T00:00:00Z,23016.00,23520.00,22961.50,23190.00,125541.185
2023-01-29T04:00:00Z,23190.00,23266.00,23143.10,23200.40,26823.648
2023-01-29T08:00:00Z,23200.40,23680.00,23151.00,23430.00,114678.629
2023-01-29T12:00:00Z,23430.00,23675.80,23351.60,23522.70,88615.332
2023-01-29T16:00:00Z,23522.70,23962.70,23473.70,23896.60,134522.960
2023-01-29T20:00:00Z,23896.50,23910.10,23600.00,23740.30,71846.477
2023-01-30T00:00:00Z,23740.20,23804.60,23568.00,23700.80,50623.845
2023-01-30T04:00:00Z,23700.80,23767.00,23600.00,23648.10,35817.696
2023-01-30T08:00:00Z,23648.00,23678.60,23001.00,23075.20,178463.464
2023-01-30T12:00:00Z,23075.20,23295.80,22930.00,23178.60,114367.727
2023-01-30T16:00:00Z,23178.60,23247.00,22600.00,22783.70,110669.265
2023-01-30T20:00:00Z,22783.60,22837.00,22484.20,22819.90,82595.410
2023-01-31T00:00:00Z,22819.90,22913.60,22715.30,22826.70,45917.886
2023-01-31T04:00:00Z,22826.60,22980.00,22735.50,22967.70,43431.989
2023-01-31T08:00:00Z,22967.70,22986.80,22803.00,22856.90,46060.100
2023-01-31T12:00:00Z,22857.00,23200.00,22843.40,23113.90,113354.585
2023-01-31T16:00:00Z,23114.00,23221.60,23072.80,23154.60,49408.861
2023-01-31T20:00:00Z,23154.60,23330.00,22804.00,23119.40,105553.545
2023-02-01T00:00:00Z,23119.50,23177.70,22988.00,23127.30,41016.975
2023-02-01T04:00:00Z,23127.40,23160.40,23011.50,23071.00,33068.509
2023-02-01T08:00:00Z,23070.90,23100.00,22911.30,23076.10,50557.370
2023-02-01T12:00:00Z,23076.10,23143.60,22935.30,22975.70,71259.336
2023-02-01T16:00:00Z,22975.60,23495.00,22747.00,23379.90,215468.368
2023-02-01T20:00:00Z,23379.80,23852.40,23320.00,23730.00,160059.153
2023-02-02T00:00:00Z,23730.10,24281.40,23694.50,23852.20,136849.095
2023-02-02T04:00:00Z,23852.10,23927.50,23660.00,23787.00,48942.495
2023-02-02T08:00:00Z,23787.00,23860.00,23750.40,23827.00,34286.886
2023-02-02T12:00:00Z,23827.00,23950.00,23520.00,23843.30,152792.644
2023-02-02T16:00:00Z,23843.40,24149.00,23723.50,23804.90,131579.732
2023-02-02T20:00:00Z,23804.80,23933.50,23365.00,23493.10,111289.486
2023-02-03T00:00:00Z,23493.00,23592.00,23412.00,23534.90,53873.247
2023-02-03T04:00:00Z,23535.00,23568.50,23450.00,23457.10,25571.080
2023-02-03T08:00:00Z,23457.10,23540.00,23328.80,23532.90,57784.896
2023-02-03T12:00:00Z,23532.90,23712.70,23222.00,23601.10,189870.022
2023-02-03T16:00:00Z,23601.10,23719.90,23296.40,23308.20,91933.801
2023-02-03T20:00:00Z,23308.20,23465.40,23201.00,23424.70,51798.392
2023-02-04T00:00:00Z,23424.70,23464.00,23330.10,23340.80,26184.717
2023-02-04T04:00:00Z,23340.80,23358.20,23250.00,23322.40,28301.188
2023-02-04T08:00:00Z,23322.40,23376.80,23288.30,23359.20,19759.758
2023-02-04T12:00:00Z,23359.20,23591.40,23335.40,23420.10,70032.864
2023-02-04T16:00:00Z,23420.10,23474.40,23355.00,23427.30,25724.048
2023-02-04T20:00:00Z,23427.40,23450.00,23258.00,23322.60,27115.818
2023-02-05T00:00:00Z,23322.60,23367.50,23211.00,23343.40,34347.877
2023-02-05T04:00:00Z,23343.30,23436.00,23327.50,23377.00,20096.361
2023-02-05T08:00:00Z,23377.00,23418.70,23344.60,23354.10,20554.304
2023-02-05T12:00:00Z,23354.20,23373.60,23000.00,23094.20,103064.491
2023-02-05T16:00:00Z,23094.20,23155.50,22741.00,22889.50,131414.742
2023-02-05T20:00:00Z,22889.60,23025.00,22787.80,22929.20,47187.259
2023-02-06T00:00:00Z,22929.30,23094.00,22817.10,22891.90,41294.353
2023-02-06T04:00:00Z,22892.00,22924.00,22600.00,22873.00,59449.417
2023-02-06T08:00:00Z,22873.10,22935.00,22733.90,22876.10,48625.312
2023-02-06T12:00:00Z,22876.10,23054.90,22735.00,23040.50,94677.280
2023-02-06T16:00:00Z,23040.50,23159.40,22922.20,23026.20,105678.626
2023-02-06T20:00:00Z,23026.30,23026.30,22622.10,22757.70,67435.155
2023-02-07T00:00:00Z,22757.80,22897.20,22742.40,22870.90,36711.889
2023-02-07T04:00:00Z,22870.90,22977.80,22854.80,22905.60,30656.926
2023-02-07T08:00:00Z,22905.50,23061.00,22854.80,22970.40,48655.029
2023-02-07T12:00:00Z,22970.40,23032.10,22869.00,22898.80,52655.275
2023-02-07T16:00:00Z,22898.90,23368.60,22762.00,23086.10,209739.145
2023-02-07T20:00:00Z,23086.10,23300.00,23024.30,23234.10,68855.230
2023-02-08T00:00:00Z,23234.10,23450.00,23220.30,23250.60,49143.645
2023-02-08T04:00:00Z,23250.50,23283.50,23173.70,23226.90,24682.484
2023-02-08T08:00:00Z,23227.00,23232.20,23123.10,23152.80,32606.039
2023-02-08T12:00:00Z,23152.80,23194.30,22849.90,22862.40,103077.568
2023-02-08T16:00:00Z,22862.40,23029.90,22662.90,22867.30,131915.737
2023-02-08T20:00:00Z,22867.40,22977.00,22766.40,22955.90,42040.008
2023-02-09T00:00:00Z,22955.90,23007.80,22407.50,22511.60,114802.191
2023-02-09T04:00:00Z,22511.60,22731.80,22341.10,22668.70,83990.713
2023-02-09T08:00:00Z,22668.80,22766.00,22648.10,22677.40,42168.627
2023-02-09T12:00:00Z,22677.50,22840.00,22550.00,22603.80,112744.024
2023-02-09T16:00:00Z,22603.80,22614.70,21862.10,22027.30,212791.892
2023-02-09T20:00:00Z,22027.30,22074.50,21684.70,21793.40,165797.903
2023-02-10T00:00:00Z,21793.30,21933.80,21751.10,21817.50,45873.626
2023-02-10T04:00:00Z,21817.50,21914.00,21595.80,21901.90,68530.266
2023-02-10T08:00:00Z,21902.00,21917.80,21707.20,21726.60,48382.894
2023-02-10T12:00:00Z,21726.70,21897.00,21484.00,21649.00,120581.027
2023-02-10T16:00:00Z,21648.90,21794.40,21550.10,21764.00,86735.680
2023-02-10T20:00:00Z,21764.00,21785.40,21405.00,21618.60,69883.004
2023-02-11T00:00:00Z,21618.60,21718.80,21594.40,21668.80,34549.115
2023-02-11T04:00:00Z,21668.80,21704.90,21630.60,21681.90,17658.503
2023-02-11T08:00:00Z,21681.90,21696.20,21646.60,21689.20,16676.368
2023-02-11T12:00:00Z,21689.20,21770.00,21651.10,21727.00,37452.033
2023-02-11T16:00:00Z,21726.90,21728.70,21600.00,21652.60,34876.801
2023-02-11T20:00:00Z,21652.60,21891.90,21635.50,21851.30,48036.847
2023-02-12T00:00:00Z,21851.20,21874.70,21752.90,21772.10,23886.521
2023-02-12T04:00:00Z,21772.10,21806.90,21754.00,21788.20,13809.719
2023-02-12T08:00:00Z,21788.20,21959.00,21788.10,21877.60,38816.768
2023-02-12T12:00:00Z,21877.60,22000.50,21750.00,21931.40,66423.472
2023-02-12T16:00:00Z,21931.40,22080.90,21901.00,21983.10,57543.929
2023-02-12T20:00:00Z,21983.10,22018.50,21618.00,21771.10,76306.684
2023-02-13T00:00:00Z,21771.00,21865.40,21606.00,21800.90,67134.107
2023-02-13T04:00:00Z,21800.90,21888.00,21781.50,21857.20,37460.868
2023-02-13T08:00:00Z,21857.10,21865.10,21410.00,21595.90,140932.155
2023-02-13T12:00:00Z,21595.90,21688.00,21544.80,21553.30,76257.797
2023-02-13T16:00:00Z,21553.30,21668.00,21338.00,21597.80,134846.671
2023-02-13T20:00:00Z,21597.90,21840.00,21552.50,21766.20,54964.095
2023-02-14T00:00:00Z,21766.10,21806.50,21670.80,21691.80,31405.193
2023-02-14T04:00:00Z,21691.80,21780.00,21676.50,21759.90,24174.292
2023-02-14T08:00:00Z,21760.00,21880.00,21659.10,21798.90,47434.581
2023-02-14T12:00:00Z,21798.90,22320.00,21485.20,22033.30,325421.325
2023-02-14T16:00:00Z,22033.40,22230.80,21910.20,22196.70,121281.491
2023-02-14T20:00:00Z,22196.80,22275.00,22110.40,22187.40,49074.627
2023-02-15T00:00:00Z,22187.40,22190.80,22038.50,22088.90,35580.160
2023-02-15T04:00:00Z,22088.90,22164.40,22061.20,22097.50,23896.173
2023-02-15T08:00:00Z,22097.40,22500.00,22075.90,22433.00,86066.327
2023-02-15T12:00:00Z,22433.00,22924.90,22432.90,22798.10,207159.107
2023-02-15T16:00:00Z,22798.00,23345.70,22730.10,23310.60,165039.216
2023-02-15T20:00:00Z,23310.60,24420.00,23285.90,24332.60,306935.488
2023-02-16T00:00:00Z,24332.70,24934.10,24287.00,24741.00,149506.526
2023-02-16T04:00:00Z,24741.00,24764.60,24427.00,24630.80,85116.457
2023-02-16T08:00:00Z,24630.80,24678.00,24520.90,24580.00,48543.148
2023-02-16T12:00:00Z,24580.00,25104.80,24312.00,25090.20,214278.319
2023-02-16T16:00:00Z,25090.20,25290.00,24620.00,24879.00,224316.013
2023-02-16T20:00:00Z,24879.10,24884.10,23518.00,23526.60,237702.696
2023-02-17T00:00:00Z,23526.60,23924.70,23350.00,23839.10,125666.630
2023-02-17T04:00:00Z,23839.00,23885.70,23612.00,23636.00,59676.035
2023-02-17T08:00:00Z,23635.90,23870.00,23520.00,23792.60,80667.332
2023-02-17T12:00:00Z,23792.60,24293.60,23701.10,24131.40,225818.466
2023-02-17T16:00:00Z,24131.30,24562.90,23916.00,24526.70,205070.186
2023-02-17T20:00:00Z,24526.80,25043.20,24031.10,24581.50,225818.499
2023-02-18T00:00:00Z,24581.30,24799.20,24502.60,24619.90,50759.107
2023-02-18T04:00:00Z,24619.90,24684.80,24430.60,24522.80,34345.925
2023-02-18T08:00:00Z,24522.70,24614.00,24436.40,24525.60,36886.129
2023-02-18T12:00:00Z,24525.70,24750.00,24494.40,24670.00,55534.135
2023-02-18T16:00:00Z,24670.00,24887.50,24564.00,24610.10,61293.542
2023-02-18T20:00:00Z,24610.00,24673.40,24516.70,24636.90,22736.718
2023-02-19T00:00:00Z,24636.80,24777.00,24626.50,24687.00,29006.051
2023-02-19T04:00:00Z,24687.00,24867.60,24553.60,24576.70,59061.967
2023-02-19T08:00:00Z,24576.60,24710.40,24556.90,24665.40,34964.341
2023-02-19T12:00:00Z,24665.30,25073.50,24655.70,24929.70,103284.266
2023-02-19T16:00:00Z,24929.70,25200.00,24259.20,24512.50,235530.475
2023-02-19T20:00:00Z,24512.50,24578.40,24179.40,24265.90,81659.528
2023-02-20T00:00:00Z,24265.90,24471.10,23827.00,24414.90,127984.816
2023-02-20T04:00:00Z,24414.90,24555.50,24398.70,24500.10,50498.564
2023-02-20T08:00:00Z,24500.10,24990.00,24361.20,24895.90,159438.885
2023-02-20T12:00:00Z,24896.00,25140.00,24720.20,24944.60,167345.352
2023-02-20T16:00:00Z,24944.70,24955.10,24585.10,24878.50,102254.274
2023-02-20T20:00:00Z,24878.40,24891.50,24651.20,24849.90,38879.181
2023-02-21T00:00:00Z,24849.90,25120.00,24787.20,24926.20,76679.867
2023-02-21T04:00:00Z,24926.20,25053.90,24855.20,25004.60,46758.131
2023-02-21T08:00:00Z,25004.60,25347.60,24525.00,24572.60,217844.464
2023-02-21T12:00:00Z,24572.60,24786.60,24388.00,24554.00,141571.537
2023-02-21T16:00:00Z,24554.00,24745.00,24267.20,24607.70,140748.886
2023-02-21T20:00:00Z,24607.70,24640.20,24150.00,24443.40,105687.690
2023-02-22T00:00:00Z,24443.30,24468.50,23851.50,24198.80,128324.856
2023-02-22T04:00:00Z,24198.70,24220.20,23925.50,24059.60,84541.648
2023-02-22T08:00:00Z,24059.50,24215.90,23855.30,24156.40,93248.828
2023-02-22T12:00:00Z,24156.40,24231.70,23621.00,23707.80,185032.015
2023-02-22T16:00:00Z,23707.50,23970.00,23572.00,23781.70,157258.798
2023-02-22T20:00:00Z,23781.70,24209.60,23730.00,24171.30,82007.956
2023-02-23T00:00:00Z,24171.30,24588.00,24115.00,24444.30,105146.844
2023-02-23T04:00:00Z,24444.30,24516.00,24301.10,24365.30,53133.370
2023-02-23T08:00:00Z,24365.20,24483.00,23630.00,23767.60,159754.629
2023-02-23T12:00:00Z,23767.60,24215.00,23590.00,23940.00,246653.668
2023-02-23T16:00:00Z,23940.00,24047.40,23711.50,23962.20,126451.880
2023-02-23T20:00:00Z,23962.30,24061.60,23750.00,23928.80,60199.023
2023-02-24T00:00:00Z,23928.70,24138.60,23879.00,23945.10,59502.415
2023-02-24T04:00:00Z,23945.10,23974.60,23754.00,23821.50,55400.746
2023-02-24T08:00:00Z,23821.60,23970.00,23741.50,23876.40,60283.249
2023-02-24T12:00:00Z,23876.30,24029.30,23310.50,23337.20,231721.267
2023-02-24T16:00:00Z,23337.10,23339.30,22800.00,23172.30,235087.972
2023-02-24T20:00:00Z,23172.30,23333.00,22966.00,23175.60,89582.293
2023-02-25T00:00:00Z,23175.50,23210.50,23032.00,23064.90,32612.850
2023-02-25T04:00:00Z,23064.90,23119.10,23010.10,23108.70,26914.175
2023-02-25T08:00:00Z,23108.70,23147.60,22897.40,22974.00,59947.250
2023-02-25T12:00:00Z,22973.90,23075.00,22845.60,22996.40,61274.986
2023-02-25T16:00:00Z,22996.40,23078.70,22905.00,22975.70,46659.541
2023-02-25T20:00:00Z,22975.70,23176.10,22700.00,23146.20,83386.846
2023-02-26T00:00:00Z,23146.20,23243.20,23050.00,23201.80,38352.322
2023-02-26T04:00:00Z,23201.80,23217.80,23077.20,23142.70,31491.179
2023-02-26T08:00:00Z,23142.80,23286.50,23102.80,23244.20,42192.201
2023-02-26T12:00:00Z,23244.20,23332.40,23115.40,23239.70,63502.842
2023-02-26T16:00:00Z,23239.80,23533.00,23130.00,23491.00,93742.282
2023-02-26T20:00:00Z,23491.00,23675.00,23310.00,23545.30,102114.230
2023-02-27T00:00:00Z,23545.20,23634.90,23424.40,23541.00,47678.291
2023-02-27T04:00:00Z,23541.00,23547.00,23331.00,23411.10,53778.498
2023-02-27T08:00:00Z,23411.10,23445.90,23320.00,23420.00,46822.503
2023-02-27T12:00:00Z,23419.90,23888.00,23369.10,23546.50,184987.748
2023-02-27T16:00:00Z,23546.50,23603.90,23140.00,23262.50,166667.763
2023-02-27T20:00:00Z,23262.50,23580.00,23088.00,23480.00,76820.163
2023-02-28T00:00:00Z,23480.00,23539.00,23336.00,23454.30,44084.232
2023-02-28T04:00:00Z,23454.30,23456.20,23210.00,23223.30,44074.367
2023-02-28T08:00:00Z,23223.40,23420.00,23190.20,23381.60,51908.370
2023-02-28T12:00:00Z,23381.50,23571.10,23300.50,23511.20,126298.911
2023-02-28T16:00:00Z,23511.10,23592.80,23195.10,23251.00,90462.656
2023-02-28T20:00:00Z,23251.10,23333.40,23010.00,23129.60,100091.302
2023-03-01T00:00:00Z,23129.70,23488.20,23008.40,23431.60,94869.432
2023-03-01T04:00:00Z,23431.60,23852.60,23414.80,23709.60,119744.837
2023-03-01T08:00:00Z,23709.60,24022.70,23670.30,23736.80,87997.318
2023-03-01T12:00:00Z,23736.90,23880.00,23558.00,23702.80,137452.515
2023-03-01T16:00:00Z,23702.90,23739.00,23316.30,23342.90,97637.359
2023-03-01T20:00:00Z,23342.80,23667.50,23281.60,23619.80,79548.850
2023-03-02T00:00:00Z,23619.80,23790.50,23414.10,23487.10,66503.537
2023-03-02T04:00:00Z,23487.10,23535.90,23325.00,23381.90,49671.496
2023-03-02T08:00:00Z,23381.80,23460.00,23326.30,23405.60,48950.758
2023-03-02T12:00:00Z,23405.70,23422.80,23183.00,23350.30,124403.213
2023-03-02T16:00:00Z,23350.30,23497.00,23222.10,23456.60,77176.896
2023-03-02T20:00:00Z,23456.70,23560.00,23372.20,23457.10,52550.701
2023-03-03T00:00:00Z,23457.10,23468.50,21883.20,22306.30,265796.815
2023-03-03T04:00:00Z,22306.40,22399.00,22234.00,22347.80,58370.469
2023-03-03T08:00:00Z,22347.80,22474.00,22300.00,22333.90,48913.566
2023-03-03T12:00:00Z,22333.90,22495.20,22120.10,22323.90,111464.429
2023-03-03T16:00:00Z,22324.00,22437.90,22217.20,22348.30,64926.046
2023-03-03T20:00:00Z,22348.30,22366.00,22126.00,22342.80,59046.812
2023-03-04T00:00:00Z,22342.80,22379.20,22312.10,22339.40,24078.215
2023-03-04T04:00:00Z,22339.40,22400.00,22262.20,22346.60,29930.134
2023-03-04T08:00:00Z,22346.60,22367.40,22311.00,22338.10,17632.287
2023-03-04T12:00:00Z,22338.00,22390.00,22292.90,22306.30,22528.758
2023-03-04T16:00:00Z,22306.20,22335.50,22204.00,22238.70,29511.608
2023-03-04T20:00:00Z,22238.70,22358.50,22147.50,22335.70,51628.209
2023-03-05T00:00:00Z,22335.80,22650.00,22174.90,22374.20,113479.717
2023-03-05T04:00:00Z,22374.20,22461.80,22354.20,22365.20,30140.514
2023-03-05T08:00:00Z,22365.20,22439.60,22302.00,22380.10,31592.000
2023-03-05T12:00:00Z,22380.10,22480.00,22380.10,22424.40,32097.491
2023-03-05T16:00:00Z,22424.50,22450.60,22357.00,22394.00,21185.383
2023-03-05T20:00:00Z,22394.00,22555.00,22310.00,22419.40,53766.640
2023-03-06T00:00:00Z,22419.30,22499.40,22240.10,22378.00,65552.847
2023-03-06T04:00:00Z,22378.00,22429.60,22306.00,22380.90,27604.231
2023-03-06T08:00:00Z,22380.90,22443.90,22345.30,22370.00,29029.706
2023-03-06T12:00:00Z,22369.90,22594.50,22348.00,22543.60,69925.596
2023-03-06T16:00:00Z,22543.60,22576.10,22350.00,22382.80,72720.927
2023-03-06T20:00:00Z,22382.90,22437.50,22307.90,22397.10,34143.090
2023-03-07T00:00:00Z,22397.10,22550.00,22364.20,22449.10,38691.872
2023-03-07T04:00:00Z,22449.10,22467.80,22402.50,22408.40,18027.854
2023-03-07T08:00:00Z,22408.50,22419.70,22303.30,22339.80,42943.905
2023-03-07T12:00:00Z,22339.80,22482.60,21908.00,22307.50,241400.376
2023-03-07T16:00:00Z,22307.60,22387.60,22039.00,22118.60,111947.459
2023-03-07T20:00:00Z,22118.50,22223.40,21929.00,22187.10,95482.633
2023-03-08T00:00:00Z,22187.10,22276.40,22073.30,22141.80,51149.471
2023-03-08T04:00:00Z,22141.80,22155.50,21800.00,21962.20,89535.711
2023-03-08T08:00:00Z,21962.20,22135.00,21932.80,22061.20,56848.317
2023-03-08T12:00:00Z,22061.10,22222.00,21880.00,22129.50,148584.459
2023-03-08T16:00:00Z,22129.60,22209.20,21936.00,21993.70,77456.277
2023-03-08T20:00:00Z,21993.80,22127.40,21540.50,21695.40,124293.732
2023-03-09T00:00:00Z,21695.30,21798.00,21616.50,21762.60,53609.885
2023-03-09T04:00:00Z,21762.60,21766.00,21660.00,21680.90,30228.746
2023-03-09T08:00:00Z,21680.90,21694.50,21511.10,21664.40,84936.590
2023-03-09T12:00:00Z,21664.40,21823.00,21550.00,21637.40,128925.274
2023-03-09T16:00:00Z,21637.40,21666.40,20750.00,20845.60,317672.041
2023-03-09T20:00:00Z,20845.60,20858.40,20003.50,20348.30,336530.824
2023-03-10T00:00:00Z,20348.40,20351.80,19752.00,20042.10,228402.264
2023-03-10T04:00:00Z,20042.10,20052.00,19757.00,19942.90,144189.872
2023-03-10T08:00:00Z,19943.00,19967.60,19521.60,19750.00,189712.340
2023-03-10T12:00:00Z,19749.90,20293.00,19650.00,19995.00,377610.370
2023-03-10T16:00:00Z,19995.00,20298.00,19815.60,20015.30,193622.340
2023-03-10T20:00:00Z,20014.50,20232.50,19835.00,20140.30,104598.079
2023-03-11T00:00:00Z,20140.30,20674.50,20124.80,20381.20,207973.491
2023-03-11T04:00:00Z,20381.30,20424.70,19812.20,19844.30,139732.217
2023-03-11T08:00:00Z,19844.40,20200.00,19752.50,20077.60,150200.028
2023-03-11T12:00:00Z,20077.50,20195.00,20017.30,20052.30,70208.550
2023-03-11T16:00:00Z,20052.30,20348.30,19968.30,20210.00,96711.737
2023-03-11T20:00:00Z,20209.90,20531.00,20206.70,20447.30,88653.535
2023-03-12T00:00:00Z,20447.30,20490.00,20298.30,20367.40,69581.272
2023-03-12T04:00:00Z,20367.70,20429.70,20262.20,20335.60,39349.368
2023-03-12T08:00:00Z,20335.60,20488.50,20326.80,20435.00,51563.089
2023-03-12T12:00:00Z,20434.90,20452.30,20270.00,20347.90,73260.469
2023-03-12T16:00:00Z,20347.80,21350.00,20332.50,20770.50,320423.397
2023-03-12T20:00:00Z,20770.60,22184.00,20750.80,21986.20,327344.807
2023-03-13T00:00:00Z,21986.20,22598.00,21856.00,22221.70,220127.800
2023-03-13T04:00:00Z,22221.80,22500.00,22213.80,22451.60,107550.891
2023-03-13T08:00:00Z,22451.50,22542.00,21804.00,22092.60,212765.433
2023-03-13T12:00:00Z,22092.60,24517.20,21945.00,24009.00,677353.141
2023-03-13T16:00:00Z,24009.00,24437.90,23777.00,24314.60,228551.466
2023-03-13T20:00:00Z,24314.60,24350.00,23935.70,24119.50,88633.445
2023-03-14T00:00:00Z,24119.50,24507.00,23990.00,24379.90,103809.190
2023-03-14T04:00:00Z,24379.90,24850.00,24148.00,24251.90,154883.625
2023-03-14T08:00:00Z,24252.30,24844.40,24121.70,24747.30,156510.376
2023-03-14T12:00:00Z,24747.40,26489.90,24405.00,25911.30,572682.237
2023-03-14T16:00:00Z,25911.30,26025.70,24222.00,25065.50,344601.197
2023-03-14T20:00:00Z,25066.40,25184.00,23951.00,24682.50,240076.010
2023-03-15T00:00:00Z,24682.50,25088.00,24318.00,24741.60,126773.008
2023-03-15T04:00:00Z,24741.60,24940.00,24609.40,24892.00,66779.179
2023-03-15T08:00:00Z,24892.00,24937.70,24266.00,24782.60,173691.809
2023-03-15T12:00:00Z,24782.60,25200.00,24364.70,24480.10,376951.657
2023-03-15T16:00:00Z,24480.00,24534.40,23888.00,24379.80,279276.742
2023-03-15T20:00:00Z,24379.80,24645.40,24222.60,24288.00,78584.034
2023-03-16T00:00:00Z,24287.90,24440.00,24120.50,24271.90,68553.169
2023-03-16T04:00:00Z,24271.90,24694.90,24178.00,24614.50,88010.463
2023-03-16T08:00:00Z,24614.50,25060.00,24370.00,24821.40,175784.630
2023-03-16T12:00:00Z,24821.40,25030.00,24516.00,24880.60,182794.492
2023-03-16T16:00:00Z,24880.70,25167.90,24590.90,24945.90,128630.721
2023-03-16T20:00:00Z,24945.90,25097.80,24602.50,24990.40,91673.471
2023-03-17T00:00:00Z,24990.50,25896.50,24875.30,25769.90,202957.831
2023-03-17T04:00:00Z,25769.90,26200.00,25638.80,26046.90,159158.385
2023-03-17T08:00:00Z,26046.90,26980.00,25912.50,26914.10,276537.249
2023-03-17T12:00:00Z,26914.10,26930.00,26120.00,26412.60,264742.761
2023-03-17T16:00:00Z,26412.70,26850.00,26250.00,26830.00,166531.946
2023-03-17T20:00:00Z,26830.00,27763.40,26571.20,27384.00,271230.892
2023-03-18T00:00:00Z,27383.90,27726.40,27050.00,27293.30,145608.554
2023-03-18T04:00:00Z,27293.40,27600.00,27205.00,27351.90,67348.421
2023-03-18T08:00:00Z,27351.90,27500.00,27050.00,27440.00,87883.227
2023-03-18T12:00:00Z,27439.90,27658.40,27037.00,27218.90,147089.406
2023-03-18T16:00:00Z,27218.90,27490.00,26555.50,27322.90,196552.142
2023-03-18T20:00:00Z,27322.80,27453.30,26790.00,26907.00,95750.566
2023-03-19T00:00:00Z,26907.00,27269.10,26901.60,27194.70,54712.469
2023-03-19T04:00:00Z,27194.80,27282.70,26815.90,26963.40,62219.778
2023-03-19T08:00:00Z,26963.40,27192.00,26868.70,27152.20,69530.397
2023-03-19T12:00:00Z,27152.20,27799.90,27090.00,27534.30,164948.133
2023-03-19T16:00:00Z,27533.70,28383.60,27456.00,28245.30,261335.865
2023-03-19T20:00:00Z,28245.40,28397.00,27722.40,27955.70,146620.436
2023-03-20T00:00:00Z,27955.80,28048.00,27120.60,27264.30,154695.612
2023-03-20T04:00:00Z,27264.30,28261.90,27140.00,28168.50,139390.542
2023-03-20T08:00:00Z,28168.50,28483.20,27881.20,28176.80,202307.208
2023-03-20T12:00:00Z,28176.80,28254.30,27570.00,27679.70,185779.965
2023-03-20T16:00:00Z,27679.70,28031.00,27445.00,27769.50,159678.784
2023-03-20T20:00:00Z,27769.60,28180.80,27566.80,27704.10,95371.337
2023-03-21T00:00:00Z,27704.10,27940.00,27653.70,27773.00,53957.050
2023-03-21T04:00:00Z,27773.10,27960.70,27288.00,27490.90,105693.226
2023-03-21T08:00:00Z,27490.90,28172.50,27382.50,28026.10,143510.008
2023-03-21T12:00:00Z,28026.10,28252.50,27706.00,28028.70,166353.668
2023-03-21T16:00:00Z,28028.70,28460.00,27921.50,28111.30,165393.834
2023-03-21T20:00:00Z,28111.20,28200.00,27902.00,28091.10,50579.928
2023-03-22T00:00:00Z,28091.10,28286.30,27930.00,28137.70,62536.552
2023-03-22T04:00:00Z,28137.60,28280.00,28002.60,28088.20,54361.466
2023-03-22T08:00:00Z,28088.20,28213.70,27962.10,28113.50,61658.449
2023-03-22T12:00:00Z,28113.50,28758.10,28090.40,28586.20,220961.586
2023-03-22T16:00:00Z,28586.10,28881.00,26620.00,26654.10,512273.440
2023-03-22T20:00:00Z,26653.30,27425.30,26590.00,27233.80,168601.777
2023-03-23T00:00:00Z,27233.80,27421.80,27101.00,27343.70,63845.694
2023-03-23T04:00:00Z,27343.70,27680.00,27231.30,27616.40,84538.137
2023-03-23T08:00:00Z,27616.30,27735.00,27420.00,27573.40,67047.240
2023-03-23T12:00:00Z,27573.50,28777.00,27267.00,28574.50,280955.401
2023-03-23T16:00:00Z,28574.60,28645.20,27757.10,28362.50,222300.561
2023-03-23T20:00:00Z,28362.50,28439.00,27945.80,28284.10,89487.014
2023-03-24T00:00:00Z,28284.00,28369.10,28120.00,28211.30,44984.892
2023-03-24T04:00:00Z,28211.30,28334.00,28078.40,28269.90,45073.281
2023-03-24T08:00:00Z,28270.00,28289.10,27312.50,27558.40,144031.611
2023-03-24T12:00:00Z,27558.40,28260.00,27523.00,27997.20,208669.320
2023-03-24T16:00:00Z,27997.20,28040.00,27501.00,27811.30,128438.580
2023-03-24T20:00:00Z,27811.40,27854.40,26960.00,27438.90,124877.686
2023-03-25T00:00:00Z,27439.00,27648.40,27400.00,27568.60,42513.558
2023-03-25T04:00:00Z,27568.60,27598.00,27360.00,27473.50,39018.021
2023-03-25T08:00:00Z,27473.50,27524.70,27302.00,27445.60,49158.275
2023-03-25T12:00:00Z,27445.70,27788.00,27340.00,27631.40,74902.160
2023-03-25T16:00:00Z,27631.40,27721.00,27131.80,27179.50,83903.179
2023-03-25T20:00:00Z,27179.40,27522.00,27139.70,27447.30,46178.862
2023-03-26T00:00:00Z,27447.20,27640.00,27400.00,27517.30,38527.410
2023-03-26T04:00:00Z,27517.20,27560.00,27444.70,27492.40,25075.949
2023-03-26T08:00:00Z,27492.40,27991.50,27460.90,27852.10,73218.713
2023-03-26T12:00:00Z,27852.00,28186.90,27677.30,27790.10,146722.281
2023-03-26T16:00:00Z,27790.10,27934.70,27590.60,27814.10,49048.115
2023-03-26T20:00:00Z,27814.00,28138.30,27655.70,27954.30,67164.517
2023-03-27T00:00:00Z,27954.30,28019.40,27757.40,27878.40,44345.130
2023-03-27T04:00:00Z,27878.40,27929.20,27650.00,27794.50,50007.614
2023-03-27T08:00:00Z,27794.50,27986.80,27760.10,27879.90,51239.037
2023-03-27T12:00:00Z,27879.90,27917.40,26480.00,26887.30,308699.095
2023-03-27T16:00:00Z,26887.30,27300.00,26838.80,26956.80,134145.374
2023-03-27T20:00:00Z,26956.90,27246.90,26860.00,27112.00,53998.572
2023-03-28T00:00:00Z,27112.00,27162.50,26800.00,26955.50,65014.849
2023-03-28T04:00:00Z,26955.60,27132.00,26864.00,26947.20,58412.238
2023-03-28T08:00:00Z,26947.30,27150.00,26610.00,27046.70,128644.691
2023-03-28T12:00:00Z,27046.80,27200.00,26820.10,26984.90,123639.089
2023-03-28T16:00:00Z,26984.80,27500.00,26720.30,27412.10,151133.821
2023-03-28T20:00:00Z,27412.10,27482.50,27080.00,27249.70,58236.084
2023-03-29T00:00:00Z,27249.70,27465.70,27223.60,27354.10,46690.555
2023-03-29T04:00:00Z,27354.10,28210.70,27333.70,28077.70,154440.639
2023-03-29T08:00:00Z,28077.80,28649.90,28025.50,28347.50,170742.766
2023-03-29T12:00:00Z,28347.50,28589.50,28211.50,28426.30,132706.077
2023-03-29T16:00:00Z,28426.40,28444.00,28119.50,28406.10,91922.458
2023-03-29T20:00:00Z,28406.20,28500.00,28200.00,28338.50,59350.476
2023-03-30T00:00:00Z,28338.60,29184.80,28066.00,28470.50,244943.146
2023-03-30T04:00:00Z,28470.40,28760.00,28425.00,28706.60,79859.667
2023-03-30T08:00:00Z,28706.50,28734.20,28469.00,28630.10,63603.014
2023-03-30T12:00:00Z,28630.00,28683.50,28146.40,28282.80,132433.793
2023-03-30T16:00:00Z,28282.80,28285.10,27654.10,27971.30,176918.772
2023-03-30T20:00:00Z,27971.40,28187.70,27762.30,28015.00,73207.708
2023-03-31T00:00:00Z,28015.00,28367.90,27900.00,28152.30,82802.246
2023-03-31T04:00:00Z,28152.20,28214.80,27500.00,27733.30,101966.835
2023-03-31T08:00:00Z,27733.30,27978.30,27670.00,27916.00,76287.669
2023-03-31T12:00:00Z,27916.00,28675.30,27860.20,28488.50,217230.739
2023-03-31T16:00:00Z,28488.60,28533.90,28250.10,28459.00,81771.513
2023-03-31T20:00:00Z,28458.90,28632.50,28322.00,28454.90,51498.288
2023-04-01T00:00:00Z,28454.80,28845.30,28400.00,28532.00,65781.338
2023-04-01T04:00:00Z,28532.10,28617.80,28328.00,28416.10,46755.745
2023-04-01T08:00:00Z,28416.10,28476.90,28350.00,28365.50,28874.662
2023-04-01T12:00:00Z,28365.40,28430.00,28180.00,28387.20,49661.974
2023-04-01T16:00:00Z,28387.20,28430.00,28259.20,28368.30,28679.320
2023-04-01T20:00:00Z,28368.40,28575.00,28365.00,28443.80,36734.183
2023-04-02T00:00:00Z,28443.70,28516.50,28340.00,28463.00,28921.926
2023-04-02T04:00:00Z,28463.00,28483.70,28366.00,28401.30,21969.846
2023-04-02T08:00:00Z,28401.30,28432.90,28287.00,28344.90,30770.077
2023-04-02T12:00:00Z,28344.90,28352.50,28022.00,28110.20,92591.724
2023-04-02T16:00:00Z,28110.10,28218.20,27820.00,27933.70,83183.919
2023-04-02T20:00:00Z,27933.70,28197.60,27825.20,28161.20,59221.178
2023-04-03T00:00:00Z,28161.30,28171.30,27552.40,27738.10,92246.758
2023-04-03T04:00:00Z,27738.10,27951.90,27559.20,27946.50,59558.174
2023-04-03T08:00:00Z,27946.50,28540.00,27944.00,28243.40,169915.848
2023-04-03T12:00:00Z,28243.30,28370.00,27933.00,28032.50,141711.342
2023-04-03T16:00:00Z,28034.10,28230.00,27863.00,28071.80,99518.632
2023-04-03T20:00:00Z,28071.80,28084.00,27166.00,27786.10,178714.809
2023-04-04T00:00:00Z,27786.10,27950.00,27650.20,27843.70,57048.555
2023-04-04T04:00:00Z,27843.60,28141.60,27753.20,28013.20,58199.402
2023-04-04T08:00:00Z,28013.20,28450.00,27909.30,28274.60,106225.317
2023-04-04T12:00:00Z,28274.70,28392.50,27935.20,28011.70,113740.258
2023-04-04T16:00:00Z,28011.70,28250.00,27952.80,28171.10,56580.848
2023-04-04T20:00:00Z,28171.00,28300.00,28061.50,28155.20,40576.232
2023-04-05T00:00:00Z,28155.10,28800.00,28085.80,28536.10,125905.052
2023-04-05T04:00:00Z,28536.10,28615.00,28433.40,28515.70,38202.006
2023-04-05T08:00:00Z,28515.70,28593.00,28432.40,28544.00,37263.294
2023-04-05T12:00:00Z,28543.90,28741.00,27830.10,28014.90,208759.520
2023-04-05T16:00:00Z,28015.00,28300.00,27775.00,28229.10,99424.748
2023-04-05T20:00:00Z,28229.20,28290.00,28110.00,28154.00,34158.218
2023-04-06T00:00:00Z,28154.00,28166.70,27855.00,28117.40,57949.765
2023-04-06T04:00:00Z,28117.40,28117.50,27889.00,27896.80,36721.731
2023-04-06T08:00:00Z,27896.70,28024.60,27684.20,27934.90,78981.475
2023-04-06T12:00:00Z,27935.00,28175.00,27724.00,28079.30,102413.306
2023-04-06T16:00:00Z,28079.30,28156.20,27931.30,28005.00,45472.386
2023-04-06T20:00:00Z,28005.00,28112.00,27873.50,28022.80,34378.119
2023-04-07T00:00:00Z,28022.90,28096.00,27911.00,28022.20,27954.246
2023-04-07T04:00:00Z,28022.20,28052.20,27755.00,27822.00,43965.699
2023-04-07T08:00:00Z,27822.10,27954.00,27772.60,27830.00,47983.634
2023-04-07T12:00:00Z,27829.90,27981.10,27776.50,27930.20,58901.765
2023-04-07T16:00:00Z,27930.20,27940.60,27842.20,27886.40,18629.237
2023-04-07T20:00:00Z,27886.30,27975.00,27822.90,27890.70,21815.597
2023-04-08T00:00:00Z,27890.70,28069.90,27850.10,28005.90,26709.114
2023-04-08T04:00:00Z,28005.90,28153.60,27954.00,28073.80,38189.946
2023-04-08T08:00:00Z,28073.80,28107.70,27975.50,27997.70,22421.507
2023-04-08T12:00:00Z,27997.70,28047.90,27925.10,28004.30,23432.443
2023-04-08T16:00:00Z,28004.30,28010.50,27855.00,27909.10,29141.062
2023-04-08T20:00:00Z,27909.20,27977.10,27866.40,27924.90,19235.488
2023-04-09T00:00:00Z,27924.90,28078.10,27907.70,28012.00,30081.571
2023-04-09T04:00:00Z,28011.90,28055.00,27820.00,27888.20,47649.419
2023-04-09T08:00:00Z,27888.20,27927.00,27762.80,27919.30,31551.572
2023-04-09T12:00:00Z,27919.30,27960.00,27777.00,27873.60,35449.263
2023-04-09T16:00:00Z,27873.60,28290.60,27860.30,28132.40,69130.263
2023-04-09T20:00:00Z,28132.40,28539.10,28077.10,28309.40,91999.792
2023-04-10T00:00:00Z,28309.40,28420.00,28230.00,28269.80,39158.156
2023-04-10T04:00:00Z,28269.80,28308.00,28180.00,28278.20,32457.910
2023-04-10T08:00:00Z,28278.30,28383.00,28258.70,28294.30,33714.023
2023-04-10T12:00:00Z,28294.30,28590.00,28153.60,28427.70,91957.051
2023-04-10T16:00:00Z,28427.70,29300.00,28368.90,29164.90,244253.752
2023-04-10T20:00:00Z,29164.90,29840.00,29058.00,29623.10,138521.033
2023-04-11T00:00:00Z,29623.10,30491.00,29573.90,30105.80,202989.715
2023-04-11T04:00:00Z,30105.70,30160.00,29752.10,30095.30,75212.768
2023-04-11T08:00:00Z,30095.30,30140.00,29966.00,30045.00,53203.501
2023-04-11T12:00:00Z,30045.10,30280.00,29938.90,30179.40,117522.262
2023-04-11T16:00:00Z,30179.50,30564.00,30017.80,30121.90,112939.472
2023-04-11T20:00:00Z,30122.00,30269.90,29896.00,30185.10,67110.773
2023-04-12T00:00:00Z,30185.10,30350.00,29811.00,29914.80,93503.580
2023-04-12T04:00:00Z,29914.80,30063.00,29829.50,29979.40,47788.578
2023-04-12T08:00:00Z,29979.50,30041.20,29881.40,30003.70,37903.678
2023-04-12T12:00:00Z,30003.70,30480.00,29620.00,29948.00,266359.400
2023-04-12T16:00:00Z,29948.00,30087.70,29736.00,29789.50,77609.156
2023-04-12T20:00:00Z,29789.50,29970.00,29761.90,29875.00,40504.038
2023-04-13T00:00:00Z,29874.90,30270.00,29836.70,30057.30,52435.953
2023-04-13T04:00:00Z,30057.20,30120.00,29980.10,30054.10,28862.315
2023-04-13T08:00:00Z,30054.00,30369.00,30025.70,30149.20,92038.937
2023-04-13T12:00:00Z,30149.10,30648.90,30116.50,30422.50,147335.344
2023-04-13T16:00:00Z,30422.60,30539.70,30242.10,30323.10,76467.563
2023-04-13T20:00:00Z,30323.00,30385.20,30185.00,30362.70,39042.382
2023-04-14T00:00:00Z,30362.70,30950.00,30293.00,30684.60,143783.626
2023-04-14T04:00:00Z,30684.50,31059.00,30665.90,30739.90,95052.482
2023-04-14T08:00:00Z,30739.90,30819.30,30647.00,30790.00,51819.143
2023-04-14T12:00:00Z,30789.90,30840.00,30080.10,30226.70,173876.177
2023-04-14T16:00:00Z,30226.70,30340.80,29925.00,30311.20,102233.968
2023-04-14T20:00:00Z,30311.10,30500.00,30260.00,30453.10,48626.219
2023-04-15T00:00:00Z,30453.00,30599.90,30270.00,30367.10,41220.216
2023-04-15T04:00:00Z,30367.00,30464.00,30327.40,30416.60,20229.732
2023-04-15T08:00:00Z,30416.60,30460.00,30340.60,30371.00,24960.612
2023-04-15T12:00:00Z,30370.90,30432.10,30270.70,30319.90,32820.069
2023-04-15T16:00:00Z,30319.90,30333.00,30186.00,30318.80,38861.655
2023-04-15T20:00:00Z,30318.90,30350.00,30220.40,30280.40,22141.798
2023-04-16T00:00:00Z,30280.40,30311.00,30102.00,30249.00,26508.945
2023-04-16T04:00:00Z,30249.00,30397.40,30240.50,30330.80,21303.215
2023-04-16T08:00:00Z,30330.80,30345.10,30210.00,30220.10,23037.583
2023-04-16T12:00:00Z,30220.10,30363.20,30142.50,30324.70,40131.078
2023-04-16T16:00:00Z,30324.70,30560.00,30252.30,30306.00,57612.650
2023-04-16T20:00:00Z,30306.00,30399.90,30170.90,30286.60,41632.548
2023-04-17T00:00:00Z,30286.60,30307.40,29714.10,29966.50,111581.657
2023-04-17T04:00:00Z,29966.50,29994.60,29822.00,29831.10,33276.831
2023-04-17T08:00:00Z,29831.20,29913.60,29283.80,29558.10,93915.974
2023-04-17T12:00:00Z,29558.10,29589.40,29219.90,29346.50,131855.384
2023-04-17T16:00:00Z,29346.50,29565.00,29316.30,29459.60,55047.782
2023-04-17T20:00:00Z,29459.60,29524.00,29370.00,29420.00,29840.920
2023-04-18T00:00:00Z,29420.10,29485.00,29078.10,29431.70,65673.969
2023-04-18T04:00:00Z,29431.60,29790.00,29426.60,29756.80,59863.930
2023-04-18T08:00:00Z,29756.80,30378.00,29678.20,30369.70,120369.892
2023-04-18T12:00:00Z,30369.70,30480.00,30082.80,30170.20,143790.876
2023-04-18T16:00:00Z,30170.10,30269.70,29927.60,30205.80,89098.270
2023-04-18T20:00:00Z,30205.80,30450.00,30132.90,30365.80,54392.333
2023-04-19T00:00:00Z,30365.80,30410.00,30107.20,30199.90,42292.844
2023-04-19T04:00:00Z,30199.90,30326.90,29960.00,30064.80,57670.911
2023-04-19T08:00:00Z,30064.70,30067.10,28800.00,29299.90,224711.531
2023-04-19T12:00:00Z,29300.00,29490.00,29015.00,29247.90,98329.930
2023-04-19T16:00:00Z,29248.00,29357.20,29033.00,29210.60,61620.315
2023-04-19T20:00:00Z,29210.50,29309.70,28557.30,28795.10,159240.579
2023-04-20T00:00:00Z,28795.00,28994.40,28520.20,28850.10,91900.129
2023-04-20T04:00:00Z,28850.00,29078.00,28803.50,28857.70,58960.584
2023-04-20T08:00:00Z,28857.70,28938.00,28575.60,28601.60,68189.911
2023-04-20T12:00:00Z,28601.50,28940.00,28300.00,28492.30,164293.111
2023-04-20T16:00:00Z,28492.40,28650.00,27983.00,28091.20,186202.872
2023-04-20T20:00:00Z,28091.20,28358.40,27995.10,28229.90,69632.679
2023-04-21T00:00:00Z,28229.90,28368.90,28076.10,28309.10,58395.542
2023-04-21T04:00:00Z,28309.20,28332.30,27800.00,28142.30,119795.709
2023-04-21T08:00:00Z,28142.40,28225.80,27904.40,28054.50,80831.360
2023-04-21T12:00:00Z,28054.50,28300.00,27954.40,28032.80,126677.763
2023-04-21T16:00:00Z,28032.80,28086.40,27188.00,27273.60,211114.733
2023-04-21T20:00:00Z,27273.60,27400.00,27100.00,27252.50,91017.726
2023-04-22T00:00:00Z,27252.60,27360.00,27126.00,27309.90,45729.471
2023-04-22T04:00:00Z,27309.90,27387.80,27204.50,27268.40,36075.068
2023-04-22T08:00:00Z,27268.40,27310.00,27166.00,27276.10,42889.652
2023-04-22T12:00:00Z,27276.10,27556.10,27219.50,27477.10,82203.755
2023-04-22T16:00:00Z,27477.10,27780.00,27470.50,27604.70,86509.805
2023-04-22T20:00:00Z,27604.60,27888.00,27554.60,27807.20,52141.270
2023-04-23T00:00:00Z,27807.20,27807.30,27390.30,27545.20,66658.757
2023-04-23T04:00:00Z,27545.20,27738.50,27519.20,27704.60,32611.861
2023-04-23T08:00:00Z,27704.70,27760.00,27463.40,27632.80,49943.657
2023-04-23T12:00:00Z,27632.80,27729.00,27279.70,27460.20,70478.522
2023-04-23T16:00:00Z,27460.20,27679.60,27307.00,27453.30,74820.167
2023-04-23T20:00:00Z,27453.30,27642.60,27388.30,27576.00,37569.391
2023-04-24T00:00:00Z,27575.90,28000.00,27410.00,27780.00,99571.446
2023-04-24T04:00:00Z,27780.10,27782.30,27331.00,27440.80,65884.391
2023-04-24T08:00:00Z,27440.90,27544.00,27140.00,27540.00,101737.772
2023-04-24T12:00:00Z,27539.90,27700.00,27208.00,27256.00,135196.378
2023-04-24T16:00:00Z,27255.90,27577.00,26919.30,27373.80,141565.215
2023-04-24T20:00:00Z,27373.80,27547.10,27305.20,27497.50,37313.066
2023-04-25T00:00:00Z,27497.40,27583.60,27305.30,27337.60,43907.361
2023-04-25T04:00:00Z,27337.60,27452.80,27222.70,27252.30,45282.567
2023-04-25T08:00:00Z,27252.40,27430.00,27176.60,27382.10,66538.637
2023-04-25T12:00:00Z,27382.20,27466.00,27200.00,27329.50,74964.782
2023-04-25T16:00:00Z,27329.50,27787.50,27302.40,27596.10,115386.167
2023-04-25T20:00:00Z,27596.20,28379.90,27596.20,28286.70,162175.001
2023-04-26T00:00:00Z,28286.70,28473.00,28232.80,28296.20,71407.185
2023-04-26T04:00:00Z,28296.10,28588.00,28285.90,28365.00,62803.722
2023-04-26T08:00:00Z,28364.90,29146.40,28357.10,28940.70,213528.425
2023-04-26T12:00:00Z,28940.70,30048.20,28940.60,29803.00,306318.812
2023-04-26T16:00:00Z,29803.10,29899.00,27644.20,27871.90,297334.630
2023-04-26T20:00:00Z,27871.90,28729.10,27200.00,28395.90,333531.894
2023-04-27T00:00:00Z,28396.00,29480.00,28365.30,28876.60,231823.014
2023-04-27T04:00:00Z,28876.60,29272.60,28612.70,28880.00,112459.212
2023-04-27T08:00:00Z,28880.10,29139.20,28768.00,28921.20,98201.412
2023-04-27T12:00:00Z,28921.20,29600.00,28650.00,29136.70,206699.481
2023-04-27T16:00:00Z,29136.60,29898.00,29001.00,29659.90,204824.129
2023-04-27T20:00:00Z,29659.90,29781.70,29239.20,29459.00,98577.491
2023-04-28T00:00:00Z,29459.00,29591.10,29314.90,29412.80,78696.354
2023-04-28T04:00:00Z,29412.80,29560.90,29382.90,29473.90,49552.737
2023-04-28T08:00:00Z,29473.80,29493.70,29110.40,29226.00,86710.553
2023-04-28T12:00:00Z,29225.90,29463.30,28870.00,29133.90,170065.295
2023-04-28T16:00:00Z,29134.00,29433.40,29080.30,29317.60,89994.009
2023-04-28T20:00:00Z,29317.60,29417.90,29250.00,29300.00,33331.207
2023-04-29T00:00:00Z,29300.00,29387.70,29180.00,29328.80,39776.622
2023-04-29T04:00:00Z,29328.80,29443.90,29275.00,29333.90,36929.533
2023-04-29T08:00:00Z,29333.80,29349.90,29225.00,29323.40,35064.791
2023-04-29T12:00:00Z,29323.40,29385.00,29200.20,29258.10,38754.353
2023-04-29T16:00:00Z,29258.00,29300.00,29000.40,29222.00,47665.322
2023-04-29T20:00:00Z,29222.10,29258.60,29115.60,29212.70,19822.623
2023-04-30T00:00:00Z,29212.70,29217.70,29067.40,29168.00,25444.574
2023-04-30T04:00:00Z,29168.00,29287.50,29158.60,29252.00,24448.044
2023-04-30T08:00:00Z,29251.90,29349.90,29150.00,29184.60,33318.971
2023-04-30T12:00:00Z,29184.60,29950.00,29169.90,29644.20,142401.479
2023-04-30T16:00:00Z,29644.40,29860.00,29200.00,29346.00,117019.249
2023-04-30T20:00:00Z,29346.00,29471.00,29145.30,29223.00,75166.529
2023-05-01T00:00:00Z,29223.00,29325.50,28333.00,28545.60,143426.630
2023-05-01T04:00:00Z,28545.60,28700.00,28200.00,28610.00,77991.238
2023-05-01T08:00:00Z,28609.90,28659.20,28464.60,28510.60,39461.984
2023-05-01T12:00:00Z,28510.60,28618.00,28052.10,28158.30,130179.626
2023-05-01T16:00:00Z,28158.50,28402.30,27780.00,27833.90,148882.200
2023-05-01T20:00:00Z,27833.90,28143.00,27650.00,28054.40,85032.810
2023-05-02T00:00:00Z,28054.50,28131.90,27899.70,28031.90,44341.090
2023-05-02T04:00:00Z,28031.90,28158.00,27854.00,28045.00,39868.257
2023-05-02T08:00:00Z,28045.10,28121.80,27921.60,28076.10,39176.734
2023-05-02T12:00:00Z,28076.20,28778.00,27900.00,28521.10,231570.662
2023-05-02T16:00:00Z,28521.00,28888.00,28412.00,28676.40,110133.821
2023-05-02T20:00:00Z,28676.50,28820.00,28600.60,28656.50,48455.705
2023-05-03T00:00:00Z,28656.40,28682.10,28324.40,28505.40,58108.623
2023-05-03T04:00:00Z,28505.50,28674.00,28407.30,28638.30,44177.432
2023-05-03T08:00:00Z,28638.40,28758.90,28515.00,28535.10,52281.205
2023-05-03T12:00:00Z,28535.00,28567.00,28080.00,28292.70,135071.937
2023-05-03T16:00:00Z,28292.60,28800.00,28200.00,28308.80,229709.193
2023-05-03T20:00:00Z,28308.80,29258.40,28267.30,29018.40,157117.840
2023-05-04T00:00:00Z,29018.40,29176.60,28938.50,29084.70,48827.682
2023-05-04T04:00:00Z,29084.70,29228.10,29022.40,29048.60,50341.471
2023-05-04T08:00:00Z,29048.70,29380.00,28967.40,29145.00,78089.723
2023-05-04T12:00:00Z,29145.00,29221.50,28660.00,28850.00,145934.750
2023-05-04T16:00:00Z,28850.00,28966.00,28660.00,28883.20,73790.969
2023-05-04T20:00:00Z,28883.20,28913.30,28731.20,28826.00,29440.989
2023-05-05T00:00:00Z,28826.00,29551.00,28802.80,29187.00,115027.039
2023-05-05T04:00:00Z,29187.00,29264.30,29025.00,29059.00,52721.949
2023-05-05T08:00:00Z,29058.90,29185.60,29010.00,29137.50,44105.557
2023-05-05T12:00:00Z,29137.60,29437.50,28618.30,29347.40,192645.919
2023-05-05T16:00:00Z,29347.50,29693.00,29304.00,29548.70,133203.275
2023-05-05T20:00:00Z,29548.70,29650.00,29440.00,29491.50,40781.438
2023-05-06T00:00:00Z,29491.50,29840.00,29335.00,29360.10,76988.632
2023-05-06T04:00:00Z,29360.00,29430.00,29225.30,29350.20,42728.114
2023-05-06T08:00:00Z,29350.20,29359.20,29108.00,29264.50,58055.462
2023-05-06T12:00:00Z,29264.50,29266.70,28333.00,28557.90,181672.364
2023-05-06T16:00:00Z,28557.90,28963.90,28519.40,28831.90,77210.531
2023-05-06T20:00:00Z,28831.90,28869.90,28620.20,28837.80,38973.798
2023-05-07T00:00:00Z,28837.90,29137.00,28730.20,28790.80,63343.561
2023-05-07T04:00:00Z,28790.80,28943.00,28771.90,28891.90,27761.690
2023-05-07T08:00:00Z,28891.80,28950.00,28691.20,28826.50,44539.548
2023-05-07T12:00:00Z,28826.50,29088.30,28825.00,28933.10,58996.190
2023-05-07T16:00:00Z,28933.10,29019.90,28753.60,28894.00,46812.975
2023-05-07T20:00:00Z,28894.00,28947.70,28370.00,28419.40,66956.679
2023-05-08T00:00:00Z,28419.50,28624.60,28000.00,28188.00,142837.352
2023-05-08T04:00:00Z,28188.10,28249.00,27800.00,27957.80,82354.151
2023-05-08T08:00:00Z,27957.70,27977.60,27550.00,27922.20,108980.277
2023-05-08T12:00:00Z,27922.20,28074.90,27651.50,27874.10,110121.512
2023-05-08T16:00:00Z,27874.20,27918.00,27260.90,27329.10,148637.520
2023-05-08T20:00:00Z,27329.00,27686.50,27250.00,27659.80,65257.965
2023-05-09T00:00:00Z,27659.80,27747.90,27528.20,27612.50,46056.079
2023-05-09T04:00:00Z,27612.40,27661.70,27423.90,27649.30,47560.102
2023-05-09T08:00:00Z,27649.30,27719.00,27502.30,27663.90,42312.157
2023-05-09T12:00:00Z,27663.90,27815.60,27316.80,27385.80,119288.926
2023-05-09T16:00:00Z,27385.80,27739.60,27334.60,27704.70,78744.119
2023-05-09T20:00:00Z,27704.70,27769.40,27501.30,27610.20,33703.303
2023-05-10T00:00:00Z,27610.20,27848.70,27605.00,27668.80,47318.156
2023-05-10T04:00:00Z,27668.90,27712.00,27507.00,27532.40,32310.414
2023-05-10T08:00:00Z,27532.30,27669.80,27457.80,27660.70,39879.662
2023-05-10T12:00:00Z,27660.60,28297.00,27623.40,28141.20,213950.080
2023-05-10T16:00:00Z,28141.20,28290.00,26666.60,27683.60,289613.920
2023-05-10T20:00:00Z,27683.60,27979.80,27177.00,27582.90,99430.444
2023-05-11T00:00:00Z,27583.00,27611.50,27352.30,27435.10,56879.457
2023-05-11T04:00:00Z,27435.10,27544.10,27382.40,27437.50,39192.274
2023-05-11T08:00:00Z,27437.50,27478.60,27220.00,27393.20,55275.014
2023-05-11T12:00:00Z,27393.20,27630.00,26924.00,27166.30,187266.555
2023-05-11T16:00:00Z,27166.30,27214.40,26688.80,26831.40,146708.743
2023-05-11T20:00:00Z,26831.50,27050.80,26787.30,26956.40,53500.320
2023-05-12T00:00:00Z,26956.40,27090.00,26515.00,26574.80,90812.315
2023-05-12T04:00:00Z,26574.70,26699.20,26100.10,26294.10,131694.685
2023-05-12T08:00:00Z,26294.00,26425.80,26220.00,26333.00,54978.691
2023-05-12T12:00:00Z,26332.90,26599.40,26254.20,26307.70,98862.763
2023-05-12T16:00:00Z,26307.60,26480.00,25751.00,26445.20,132224.157
2023-05-12T20:00:00Z,26445.10,26882.80,26347.50,26785.10,107072.897
2023-05-13T00:00:00Z,26785.20,26974.10,26678.50,26794.60,56653.067
2023-05-13T04:00:00Z,26794.60,26862.90,26674.90,26759.30,32070.296
2023-05-13T08:00:00Z,26759.20,26864.80,26727.30,26814.30,27857.048
2023-05-13T12:00:00Z,26814.40,26897.00,26722.80,26802.00,40717.301
2023-05-13T16:00:00Z,26802.00,27051.50,26755.00,26822.60,54284.517
2023-05-13T20:00:00Z,26822.60,26928.60,26730.00,26762.70,31112.700
2023-05-14T00:00:00Z,26762.80,26865.40,26557.00,26853.60,47551.697
2023-05-14T04:00:00Z,26853.60,26888.70,26778.20,26839.90,20315.573
2023-05-14T08:00:00Z,26839.90,26879.20,26780.00,26794.80,18182.978
2023-05-14T12:00:00Z,26794.80,27200.00,26730.00,27071.40,86298.935
2023-05-14T16:00:00Z,27071.40,27115.10,26809.00,26865.00,53779.117
2023-05-14T20:00:00Z,26865.00,26947.20,26826.60,26901.90,21451.127
2023-05-15T00:00:00Z,26901.90,27279.00,26694.40,27216.30,100134.610
2023-05-15T04:00:00Z,27216.40,27550.00,27165.10,27398.60,93928.690
2023-05-15T08:00:00Z,27398.60,27472.50,27288.00,27323.20,39961.711
2023-05-15T12:00:00Z,27323.20,27525.00,27200.00,27383.00,79836.823
2023-05-15T16:00:00Z,27383.00,27650.00,27300.60,27410.10,97469.170
2023-05-15T20:00:00Z,27410.10,27410.10,27100.00,27152.50,38932.072
2023-05-16T00:00:00Z,27152.50,27284.70,26832.00,27118.70,90185.098
2023-05-16T04:00:00Z,27118.70,27243.60,26971.00,27240.60,49329.282
2023-05-16T08:00:00Z,27240.60,27274.20,26978.60,27049.30,62608.697
2023-05-16T12:00:00Z,27049.30,27127.40,26880.10,27027.90,89162.317
2023-05-16T16:00:00Z,27027.90,27144.00,26862.00,26917.90,53087.558
2023-05-16T20:00:00Z,26917.90,27046.20,26881.20,27024.80,28799.999
2023-05-17T00:00:00Z,27024.70,27238.50,26969.70,27052.10,48161.970
2023-05-17T04:00:00Z,27052.10,27092.40,26700.00,26831.90,53789.861
2023-05-17T08:00:00Z,26831.80,26907.50,26558.00,26626.50,84616.009
2023-05-17T12:00:00Z,26626.40,26830.00,26527.50,26788.00,106131.008
2023-05-17T16:00:00Z,26788.10,27441.70,26730.00,27377.10,129947.055
2023-05-17T20:00:00Z,27377.00,27500.00,27259.50,27395.80,67419.315
2023-05-18T00:00:00Z,27395.70,27482.70,27280.00,27357.30,35846.271
2023-05-18T04:00:00Z,27357.20,27445.90,27139.00,27375.10,61937.260
2023-05-18T08:00:00Z,27375.10,27429.20,27320.30,27391.90,42133.547
2023-05-18T12:00:00Z,27391.80,27471.50,27007.10,27075.20,145244.456
2023-05-18T16:00:00Z,27075.20,27100.00,26335.30,26719.30,200861.276
2023-05-18T20:00:00Z,26719.30,27060.00,26671.10,26809.30,58949.169
2023-05-19T00:00:00Z,26809.40,26922.50,26733.40,26825.00,37542.604
2023-05-19T04:00:00Z,26825.00,26950.00,26801.50,26841.90,28781.823
2023-05-19T08:00:00Z,26842.00,26918.60,26773.00,26843.80,32361.524
2023-05-19T12:00:00Z,26843.80,27180.00,26611.20,26869.90,157634.157
2023-05-19T16:00:00Z,26870.00,26966.80,26763.20,26826.40,50110.954
2023-05-19T20:00:00Z,26826.50,26913.70,26791.00,26870.10,17666.894
2023-05-20T00:00:00Z,26870.10,26902.00,26813.50,26849.20,13932.879
2023-05-20T04:00:00Z,26849.20,26862.10,26824.80,26841.80,9537.697
2023-05-20T08:00:00Z,26841.90,26911.00,26841.80,26868.60,15215.481
2023-05-20T12:00:00Z,26868.50,26969.80,26857.10,26936.00,25544.438
2023-05-20T16:00:00Z,26936.00,27144.40,26900.10,27054.30,52033.700
2023-05-20T20:00:00Z,27054.30,27129.90,26952.80,27089.50,21251.159
2023-05-21T00:00:00Z,27089.60,27288.00,27050.00,27166.50,38117.636
2023-05-21T04:00:00Z,27166.40,27166.50,27031.00,27044.50,23955.740
2023-05-21T08:00:00Z,27044.60,27077.70,26750.00,26818.10,59909.536
2023-05-21T12:00:00Z,26818.00,26969.60,26788.00,26885.00,50401.693
2023-05-21T16:00:00Z,26885.10,26928.00,26817.00,26889.20,24421.545
2023-05-21T20:00:00Z,26889.10,26915.00,26642.00,26732.80,41970.275
2023-05-22T00:00:00Z,26732.80,26772.40,26500.00,26637.70,60333.993
2023-05-22T04:00:00Z,26637.70,26898.90,26630.40,26830.70,46118.467
2023-05-22T08:00:00Z,26830.80,26892.40,26750.00,26819.90,31113.301
2023-05-22T12:00:00Z,26819.90,27097.80,26690.00,26863.20,129893.083
2023-05-22T16:00:00Z,26863.30,26927.60,26765.00,26857.00,41038.257
2023-05-22T20:00:00Z,26857.00,26955.90,26818.00,26840.20,19533.419
2023-05-23T00:00:00Z,26840.20,27430.00,26782.60,27354.60,112108.995
2023-05-23T04:00:00Z,27354.70,27527.50,27202.20,27295.80,83809.328
2023-05-23T08:00:00Z,27295.80,27344.00,27243.20,27326.90,32695.377
2023-05-23T12:00:00Z,27327.00,27383.00,27159.30,27310.70,63502.505
2023-05-23T16:00:00Z,27310.80,27319.40,27080.00,27171.60,55692.994
2023-05-23T20:00:00Z,27171.70,27244.00,27139.00,27209.90,21367.419
2023-05-24T00:00:00Z,27209.90,27212.90,26644.20,26770.00,105289.512
2023-05-24T04:00:00Z,26770.00,26810.00,26566.50,26664.20,72171.252
2023-05-24T08:00:00Z,26664.20,26834.00,26650.00,26731.70,47356.312
2023-05-24T12:00:00Z,26731.70,26731.70,26060.00,26306.90,189840.762
2023-05-24T16:00:00Z,26306.90,26387.30,26145.40,26241.60,69968.498
2023-05-24T20:00:00Z,26241.60,26476.00,26228.20,26313.80,50565.341
2023-05-25T00:00:00Z,26313.90,26384.50,25850.00,26171.00,94944.153
2023-05-25T04:00:00Z,26171.10,26289.00,26111.00,26118.90,40575.044
2023-05-25T08:00:00Z,26118.90,26345.30,26107.80,26282.50,40284.053
2023-05-25T12:00:00Z,26282.50,26489.50,26151.40,26216.90,110196.106
2023-05-25T16:00:00Z,26216.90,26644.00,26193.50,26457.90,80074.610
2023-05-25T20:00:00Z,26458.00,26545.80,26420.60,26461.80,28461.259
2023-05-26T00:00:00Z,26461.70,26532.00,26324.20,26425.70,38579.969
2023-05-26T04:00:00Z,26425.70,26527.80,26313.90,26491.30,34980.918
2023-05-26T08:00:00Z,26491.20,26547.30,26411.00,26451.90,32939.619
2023-05-26T12:00:00Z,26451.80,26925.00,26342.90,26737.50,137774.569
2023-05-26T16:00:00Z,26737.50,26829.00,26601.00,26755.20,61511.083
2023-05-26T20:00:00Z,26755.30,26796.60,26670.00,26689.90,18689.388
2023-05-27T00:00:00Z,26689.80,26775.80,26621.00,26739.50,21434.056
2023-05-27T04:00:00Z,26739.60,26776.40,26695.20,26715.30,15097.708
2023-05-27T08:00:00Z,26715.20,26726.20,26655.10,26687.70,19863.179
2023-05-27T12:00:00Z,26687.60,26774.90,26528.60,26682.10,47080.958
2023-05-27T16:00:00Z,26682.20,26845.80,26605.00,26721.60,38259.082
2023-05-27T20:00:00Z,26721.70,26890.00,26714.50,26841.60,21946.952
2023-05-28T00:00:00Z,26841.60,27240.50,26746.00,27174.40,89784.520
2023-05-28T04:00:00Z,27174.50,27279.00,27113.40,27218.90,40838.873
2023-05-28T08:00:00Z,27219.00,27387.00,27127.80,27146.00,42170.252
2023-05-28T12:00:00Z,27145.90,27266.00,27081.70,27264.10,37547.894
2023-05-28T16:00:00Z,27264.10,27780.00,27200.10,27518.40,113292.894
2023-05-28T20:00:00Z,27518.50,28252.80,27515.10,28055.70,116480.961
2023-05-29T00:00:00Z,28055.80,28442.00,27904.00,27947.90,103587.637
2023-05-29T04:00:00Z,27948.00,28040.00,27822.70,27895.00,60707.279
2023-05-29T08:00:00Z,27895.00,27966.70,27730.00,27908.10,48976.302
2023-05-29T12:00:00Z,27908.10,27945.40,27570.60,27622.10,81226.571
2023-05-29T16:00:00Z,27622.00,27734.40,27513.50,27624.00,75215.644
2023-05-29T20:00:00Z,27624.10,27803.50,27533.80,27722.00,41577.116
2023-05-30T00:00:00Z,27722.10,27933.00,27569.30,27815.00,45946.311
2023-05-30T04:00:00Z,27815.00,27839.30,27659.30,27721.00,36391.136
2023-05-30T08:00:00Z,27721.10,28038.60,27697.10,28005.90,63354.986
2023-05-30T12:00:00Z,28005.80,28014.90,27602.00,27665.00,102527.366
2023-05-30T16:00:00Z,27665.00,27849.80,27530.00,27836.40,56925.601
2023-05-30T20:00:00Z,27836.40,27846.00,27636.00,27680.10,29233.913
2023-05-31T00:00:00Z,27680.00,27825.00,27550.00,27646.50,39039.737
2023-05-31T04:00:00Z,27646.50,27668.70,26942.00,27150.40,156776.303
2023-05-31T08:00:00Z,27150.40,27198.00,26980.00,27087.90,56728.662
2023-05-31T12:00:00Z,27087.90,27219.60,26835.50,26900.10,119487.274
2023-05-31T16:00:00Z,26900.00,27121.10,26826.00,26999.50,58703.953
2023-05-31T20:00:00Z,26999.50,27290.00,26992.00,27201.10,40645.961
2023-06-01T00:00:00Z,27201.10,27347.90,26600.00,26768.60,121061.589
2023-06-01T04:00:00Z,26768.60,26876.60,26742.00,26790.20,39307.686
2023-06-01T08:00:00Z,26790.10,26945.40,26776.70,26881.70,36263.422
2023-06-01T12:00:00Z,26881.60,26974.00,26773.20,26884.20,59027.621
2023-06-01T16:00:00Z,26884.20,27180.00,26635.00,26851.60,111799.742
2023-06-01T20:00:00Z,26851.60,26934.00,26697.10,26805.30,37327.512
2023-06-02T00:00:00Z,26805.30,27015.50,26477.60,26985.10,85456.975
2023-06-02T04:00:00Z,26985.20,27200.00,26937.30,27038.30,61632.613
2023-06-02T08:00:00Z,27038.30,27181.10,27038.30,27118.50,36192.900
2023-06-02T12:00:00Z,27118.50,27249.30,26840.50,27081.30,120542.039
2023-06-02T16:00:00Z,27081.30,27279.00,26985.10,27231.60,57272.534
2023-06-02T20:00:00Z,27231.50,27290.00,27132.00,27227.80,30013.032
2023-06-03T00:00:00Z,27227.80,27230.40,27077.00,27130.90,25058.623
2023-06-03T04:00:00Z,27130.90,27209.20,27098.00,27161.30,17689.692
2023-06-03T08:00:00Z,27161.40,27173.80,27100.00,27121.00,16660.540
2023-06-03T12:00:00Z,27121.00,27340.20,27110.00,27292.70,35777.121
2023-06-03T16:00:00Z,27292.80,27312.00,27000.00,27084.90,50814.584
2023-06-03T20:00:00Z,27084.90,27119.50,26900.00,27054.90,36463.540
2023-06-04T00:00:00Z,27054.90,27098.70,26935.30,27048.40,25275.090
2023-06-04T04:00:00Z,27048.30,27154.00,27015.00,27141.00,23617.719
2023-06-04T08:00:00Z,27141.00,27245.00,27110.00,27190.90,29667.465
2023-06-04T12:00:00Z,27190.80,27290.00,27150.00,27166.90,38245.649
2023-06-04T16:00:00Z,27167.00,27218.00,27150.00,27205.00,17756.474
2023-06-04T20:00:00Z,27205.00,27460.00,27026.00,27102.40,83709.147
2023-06-05T00:00:00Z,27102.40,27125.00,26755.00,26835.90,80451.139
2023-06-05T04:00:00Z,26835.80,26861.40,26719.90,26819.20,52410.386
2023-06-05T08:00:00Z,26819.20,26831.20,26647.00,26760.10,48150.374
2023-06-05T12:00:00Z,26760.20,26809.90,25971.00,25991.90,190153.229
2023-06-05T16:00:00Z,25991.90,26072.20,25360.10,25618.50,269202.748
2023-06-05T20:00:00Z,25618.40,25850.00,25496.20,25714.70,60134.672
2023-06-06T00:00:00Z,25714.60,25783.20,25585.40,25719.80,45585.085
2023-06-06T04:00:00Z,25719.80,25809.90,25685.30,25706.40,32812.859
2023-06-06T08:00:00Z,25706.30,25786.30,25624.10,25676.00,37440.876
2023-06-06T12:00:00Z,25676.00,26139.00,25321.60,26051.20,252404.577
2023-06-06T16:00:00Z,26051.20,27238.90,26051.20,27073.20,249451.290
2023-06-06T20:00:00Z,27073.30,27358.10,26884.00,27221.50,113750.962
2023-06-07T00:00:00Z,27221.50,27394.40,26714.30,26897.00,114373.103
2023-06-07T04:00:00Z,26896.90,26973.90,26741.00,26786.70,47010.017
2023-06-07T08:00:00Z,26786.80,26968.00,26330.80,26888.30,151149.929
2023-06-07T12:00:00Z,26888.40,26900.00,26230.00,26333.90,202615.316
2023-06-07T16:00:00Z,26333.90,26548.00,26220.00,26469.20,80719.705
2023-06-07T20:00:00Z,26469.20,26483.50,26111.00,26325.90,64176.467
2023-06-08T00:00:00Z,26325.90,26459.50,26195.40,26332.00,45884.902
2023-06-08T04:00:00Z,26332.00,26516.30,26270.60,26431.50,44715.213
2023-06-08T08:00:00Z,26431.60,26494.10,26352.30,26421.40,31664.967
2023-06-08T12:00:00Z,26421.50,26800.00,26283.40,26705.90,127003.344
2023-06-08T16:00:00Z,26705.80,26720.70,26387.90,26526.30,56835.377
2023-06-08T20:00:00Z,26526.30,26645.70,26472.10,26485.90,27001.036
2023-06-09T00:00:00Z,26486.00,26589.90,26236.00,26469.50,59149.513
2023-06-09T04:00:00Z,26469.60,26575.50,26411.40,26482.70,33723.828
2023-06-09T08:00:00Z,26482.70,26679.50,26476.80,26599.80,49448.532
2023-06-09T12:00:00Z,26599.90,26775.00,26436.80,26465.10,78006.116
2023-06-09T16:00:00Z,26465.20,26521.10,26371.00,26400.00,45711.815
2023-06-09T20:00:00Z,26399.90,26490.00,26385.00,26468.10,17679.394
2023-06-10T00:00:00Z,26468.20,26525.00,26250.00,26312.60,53812.515
2023-06-10T04:00:00Z,26312.60,26340.10,25445.00,25637.20,239103.411
2023-06-10T08:00:00Z,25637.30,25743.90,25556.40,25718.70,45062.365
2023-06-10T12:00:00Z,25718.70,25718.70,25559.50,25620.00,36077.085
2023-06-10T16:00:00Z,25619.90,26144.00,25300.00,25738.20,188175.676
2023-06-10T20:00:00Z,25738.20,25919.50,25666.70,25826.60,46686.517
2023-06-11T00:00:00Z,25826.60,25850.00,25674.30,25714.70,33043.104
2023-06-11T04:00:00Z,25714.70,25820.10,25621.30,25728.00,31162.773
2023-06-11T08:00:00Z,25728.00,25839.00,25682.70,25784.90,25758.698
2023-06-11T12:00:00Z,25784.90,25795.40,25661.00,25741.20,28819.212
2023-06-11T16:00:00Z,25741.10,26100.00,25726.70,26021.00,85800.036
2023-06-11T20:00:00Z,26021.10,26199.00,25726.20,25909.90,74781.740
2023-06-12T00:00:00Z,25910.00,26025.10,25600.00,25779.60,67095.778
2023-06-12T04:00:00Z,25779.60,25896.00,25729.90,25793.30,30361.002
2023-06-12T08:00:00Z,25793.20,26097.70,25768.80,25975.70,60565.670
2023-06-12T12:00:00Z,25975.70,25983.20,25722.00,25809.30,55282.739
2023-06-12T16:00:00Z,25809.30,25962.50,25640.00,25816.80,60408.850
2023-06-12T20:00:00Z,25816.70,25961.00,25795.10,25894.80,25186.429
2023-06-13T00:00:00Z,25894.80,26155.50,25806.00,26054.60,70391.032
2023-06-13T04:00:00Z,26054.70,26125.00,25963.70,26060.20,34095.200
2023-06-13T08:00:00Z,26060.30,26284.70,26044.90,26178.10,67198.597
2023-06-13T12:00:00Z,26178.10,26430.50,25708.00,25750.90,185012.596
2023-06-13T16:00:00Z,25750.90,25973.00,25727.00,25891.20,49220.461
2023-06-13T20:00:00Z,25891.20,25949.70,25790.60,25918.00,28618.868
2023-06-14T00:00:00Z,25918.00,26045.80,25897.60,25970.70,33269.028
2023-06-14T04:00:00Z,25970.70,25996.40,25820.00,25884.10,30116.376
2023-06-14T08:00:00Z,25884.10,26022.00,25872.50,25967.20,28960.713
2023-06-14T12:00:00Z,25967.30,26077.00,25915.60,25976.40,41580.783
2023-06-14T16:00:00Z,25976.40,26099.30,25750.00,25860.50,105003.697
2023-06-14T20:00:00Z,25860.50,25872.90,24796.80,25115.90,225751.005
2023-06-15T00:00:00Z,25115.90,25198.80,25015.20,25054.80,41759.388
2023-06-15T04:00:00Z,25054.80,25063.40,24856.00,24974.60,67274.456
2023-06-15T08:00:00Z,24974.60,25042.50,24777.00,25007.00,68636.788
2023-06-15T12:00:00Z,25007.00,25100.00,24910.90,24948.40,70290.723
2023-06-15T16:00:00Z,24948.40,25516.40,24918.20,25443.00,112855.954
2023-06-15T20:00:00Z,25443.10,25750.00,25205.00,25586.10,113154.066
2023-06-16T00:00:00Z,25586.00,25596.00,25420.10,25545.70,43049.905
2023-06-16T04:00:00Z,25545.70,25620.00,25461.00,25526.10,40458.494
2023-06-16T08:00:00Z,25526.10,25610.00,25453.00,25462.80,43200.142
2023-06-16T12:00:00Z,25462.90,25896.00,25142.10,25832.40,151837.917
2023-06-16T16:00:00Z,25832.40,26526.90,25756.00,26371.20,216937.577
2023-06-16T20:00:00Z,26371.10,26450.00,26273.70,26336.00,37660.921
2023-06-17T00:00:00Z,26335.90,26362.20,26170.80,26253.40,36661.055
2023-06-17T04:00:00Z,26253.40,26900.00,26230.00,26587.60,107938.264
2023-06-17T08:00:00Z,26587.70,26649.00,26455.00,26497.50,43152.994
2023-06-17T12:00:00Z,26497.50,26579.10,26288.50,26399.90,64566.845
2023-06-17T16:00:00Z,26399.90,26528.40,26364.30,26466.20,31768.742
2023-06-17T20:00:00Z,26466.10,26590.00,26452.20,26508.90,21650.496
2023-06-18T00:00:00Z,26508.80,26540.80,26367.80,26538.40,27032.825
2023-06-18T04:00:00Z,26538.40,26675.10,26457.20,26572.00,40704.717
2023-06-18T08:00:00Z,26572.00,26587.90,26443.50,26488.50,27593.456
2023-06-18T12:00:00Z,26488.50,26566.00,26425.80,26547.50,33224.650
2023-06-18T16:00:00Z,26547.50,26649.60,26511.20,26641.60,32518.414
2023-06-18T20:00:00Z,26641.60,26709.40,26230.90,26329.70,80903.422
2023-06-19T00:00:00Z,26329.60,26459.00,26241.20,26393.50,32200.784
2023-06-19T04:00:00Z,26393.40,26468.50,26354.80,26415.30,19572.100
2023-06-19T08:00:00Z,26415.20,26448.70,26350.20,26438.60,24996.502
2023-06-19T12:00:00Z,26438.50,26569.70,26328.00,26431.10,65548.161
2023-06-19T16:00:00Z,26431.10,27077.00,26290.30,26672.80,200219.917
2023-06-19T20:00:00Z,26672.80,26852.80,26638.90,26828.50,57996.294
2023-06-20T00:00:00Z,26828.60,27177.30,26782.60,26880.70,79486.167
2023-06-20T04:00:00Z,26880.70,27024.20,26733.60,26820.40,58297.568
2023-06-20T08:00:00Z,26820.50,26898.60,26688.20,26895.20,41628.652
2023-06-20T12:00:00Z,26895.20,27125.50,26633.90,27054.20,114387.910
2023-06-20T16:00:00Z,27054.30,28145.00,26983.30,27973.80,340072.600
2023-06-20T20:00:00Z,27973.70,28397.80,27855.60,28290.60,124303.400
2023-06-21T00:00:00Z,28290.70,29086.60,28236.40,28704.60,169807.166
2023-06-21T04:00:00Z,28704.60,29000.00,28668.50,28860.40,75606.358
2023-06-21T08:00:00Z,28860.40,29223.60,28783.00,28913.50,108461.131
2023-06-21T12:00:00Z,28913.50,30018.30,28858.20,29837.00,322373.018
2023-06-21T16:00:00Z,29836.90,30822.00,29745.50,30105.50,365241.928
2023-06-21T20:00:00Z,30105.60,30195.80,29766.00,29988.50,81984.826
2023-06-22T00:00:00Z,29988.50,30488.00,29880.00,30283.70,84397.757
2023-06-22T04:00:00Z,30283.70,30341.50,30000.00,30094.50,59869.993
2023-06-22T08:00:00Z,30094.50,30244.50,29800.00,29919.30,92709.438
2023-06-22T12:00:00Z,29919.40,30353.90,29500.10,29837.30,177543.354
2023-06-22T16:00:00Z,29837.30,30236.00,29811.90,30208.80,101073.409
2023-06-22T20:00:00Z,30208.70,30260.00,29858.40,29875.00,45457.791
2023-06-23T00:00:00Z,29875.00,30049.00,29792.00,30002.40,46051.180
2023-06-23T04:00:00Z,30002.40,30079.90,29910.00,29927.00,29527.682
2023-06-23T08:00:00Z,29926.90,30195.70,29899.90,30125.30,57808.102
2023-06-23T12:00:00Z,30125.20,31500.00,29901.10,31232.90,269771.237
2023-06-23T16:00:00Z,31232.90,31440.50,30601.00,30873.70,228949.781
2023-06-23T20:00:00Z,30873.70,30943.40,30441.10,30673.40,66965.089
2023-06-24T00:00:00Z,30673.50,30790.00,30388.60,30719.50,57323.090
2023-06-24T04:00:00Z,30719.50,30750.00,30550.00,30563.40,29137.580
2023-06-24T08:00:00Z,30563.30,30739.60,30542.40,30674.90,30744.164
2023-06-24T12:00:00Z,30674.80,30796.50,30262.00,30390.90,72309.098
2023-06-24T16:00:00Z,30390.80,30688.90,30222.00,30622.20,58691.368
2023-06-24T20:00:00Z,30622.20,30622.30,30395.00,30524.20,31333.988
2023-06-25T00:00:00Z,30524.20,30780.00,30456.90,30742.00,36315.838
2023-06-25T04:00:00Z,30742.00,31053.20,30652.80,30714.00,79266.773
2023-06-25T08:00:00Z,30714.00,30754.20,30565.20,30710.00,36842.297
2023-06-25T12:00:00Z,30710.00,30732.90,30425.00,30574.10,60922.334
2023-06-25T16:00:00Z,30574.10,30649.60,30311.00,30420.00,49478.271
2023-06-25T20:00:00Z,30420.00,30564.00,30252.60,30458.00,38707.641
2023-06-26T00:00:00Z,30458.00,30542.40,29920.00,30285.00,87301.166
2023-06-26T04:00:00Z,30284.90,30580.00,30153.60,30395.60,60412.330
2023-06-26T08:00:00Z,30395.50,30420.60,30115.10,30315.10,45961.531
2023-06-26T12:00:00Z,30315.10,30667.30,30241.30,30400.50,86040.677
2023-06-26T16:00:00Z,30400.70,30425.70,29890.10,30233.90,106775.619
2023-06-26T20:00:00Z,30233.90,30283.80,30086.10,30260.10,28608.033
2023-06-27T00:00:00Z,30260.10,30488.00,30213.00,30360.00,41157.089
2023-06-27T04:00:00Z,30360.00,30470.00,30222.50,30404.50,36501.042
2023-06-27T08:00:00Z,30404.50,30800.00,30322.20,30720.10,81853.383
2023-06-27T12:00:00Z,30720.10,30998.50,30351.00,30487.40,147090.862
2023-06-27T16:00:00Z,30487.40,30762.40,30435.90,30638.40,57462.807
2023-06-27T20:00:00Z,30638.40,30738.80,30533.10,30683.20,42008.165
2023-06-28T00:00:00Z,30683.20,30701.80,30306.40,30441.80,52611.527
2023-06-28T04:00:00Z,30441.80,30479.50,30127.00,30176.00,53845.270
2023-06-28T08:00:00Z,30176.00,30377.00,30126.60,30294.30,42990.331
2023-06-28T12:00:00Z,30294.40,30485.00,29992.50,30399.80,125197.930
2023-06-28T16:00:00Z,30399.80,30457.00,29804.60,30080.40,101722.691
2023-06-28T20:00:00Z,30080.50,30209.60,29929.20,30066.30,40288.685
2023-06-29T00:00:00Z,30066.30,30234.80,30036.10,30162.30,34206.224
2023-06-29T04:00:00Z,30162.30,30420.00,30125.40,30333.90,37925.711
2023-06-29T08:00:00Z,30333.90,30744.40,30320.30,30660.60,98223.357
2023-06-29T12:00:00Z,30660.70,30837.00,30380.00,30468.30,113767.956
2023-06-29T16:00:00Z,30468.20,30661.90,30405.60,30571.50,54373.149
2023-06-29T20:00:00Z,30571.50,30630.00,30222.00,30439.90,43576.449
2023-06-30T00:00:00Z,30439.90,30876.40,30337.40,30734.30,74469.724
2023-06-30T04:00:00Z,30734.40,31300.00,30604.00,30759.10,144771.236
2023-06-30T08:00:00Z,30759.20,30940.00,30709.90,30897.70,52591.102
2023-06-30T12:00:00Z,30897.70,31127.30,29500.00,30052.00,346709.184
2023-06-30T16:00:00Z,30052.00,30729.50,29908.30,30360.30,155211.239
2023-06-30T20:00:00Z,30360.20,30537.30,30324.40,30460.20,35578.820
2023-07-01T00:00:00Z,30460.20,30527.20,30362.00,30391.20,29778.267
2023-07-01T04:00:00Z,30391.20,30462.80,30311.30,30448.10,23531.509
2023-07-01T08:00:00Z,30448.10,30589.80,30405.00,30508.50,23695.114
2023-07-01T12:00:00Z,30508.50,30668.20,30490.80,30561.50,32888.967
2023-07-01T16:00:00Z,30561.50,30626.00,30533.80,30600.50,16091.915
2023-07-01T20:00:00Z,30600.50,30605.10,30534.30,30573.60,9534.474
2023-07-02T00:00:00Z,30573.60,30650.00,30458.00,30505.20,27111.655
2023-07-02T04:00:00Z,30505.30,30553.20,30462.10,30504.70,16551.148
2023-07-02T08:00:00Z,30504.70,30553.90,30477.00,30537.20,13555.813
2023-07-02T12:00:00Z,30537.20,30626.20,30149.90,30491.40,61816.405
2023-07-02T16:00:00Z,30491.40,30709.20,30358.30,30552.80,47231.098
2023-07-02T20:00:00Z,30552.70,30800.00,30425.00,30612.70,65600.069
2023-07-03T00:00:00Z,30612.70,30798.30,30575.30,30747.90,35710.620
2023-07-03T04:00:00Z,30748.00,30785.30,30601.70,30662.80,33689.441
2023-07-03T08:00:00Z,30662.90,30693.70,30577.50,30619.60,24118.202
2023-07-03T12:00:00Z,30619.70,31179.00,30559.40,31068.00,104391.150
2023-07-03T16:00:00Z,31068.00,31395.20,30810.20,31254.10,115662.573
2023-07-03T20:00:00Z,31254.00,31300.50,30875.20,31149.00,56721.250
2023-07-04T00:00:00Z,31149.00,31319.40,31083.60,31189.80,43191.597
2023-07-04T04:00:00Z,31189.80,31210.70,30860.00,30902.30,53472.779
2023-07-04T08:00:00Z,30902.20,31078.50,30856.00,31056.50,45148.630
2023-07-04T12:00:00Z,31056.40,31080.00,30869.10,30959.30,38716.425
2023-07-04T16:00:00Z,30959.30,31145.00,30600.00,30685.30,94152.133
2023-07-04T20:00:00Z,30685.20,30840.00,30655.70,30756.10,26150.696
2023-07-05T00:00:00Z,30756.10,30875.20,30737.80,30857.30,18763.350
2023-07-05T04:00:00Z,30857.30,30862.60,30742.90,30765.90,19242.008
2023-07-05T08:00:00Z,30765.90,30797.40,30326.00,30395.00,90362.983
2023-07-05T12:00:00Z,30395.00,30438.10,30175.80,30345.00,93102.565
2023-07-05T16:00:00Z,30345.10,30579.60,30321.20,30420.00,47167.111
2023-07-05T20:00:00Z,30420.00,30525.10,30369.60,30488.40,26258.561
2023-07-06T00:00:00Z,30488.40,30555.60,30305.00,30477.70,27525.436
2023-07-06T04:00:00Z,30477.60,30846.80,30420.60,30792.30,59327.661
2023-07-06T08:00:00Z,30792.20,31568.00,30686.00,30833.00,227988.566
2023-07-06T12:00:00Z,30833.00,30866.40,29865.00,30390.30,270998.539
2023-07-06T16:00:00Z,30390.30,30450.70,30140.00,30294.60,65824.698
2023-07-06T20:00:00Z,30294.60,30336.30,29818.00,29874.40,69602.319
2023-07-07T00:00:00Z,29874.30,30154.90,29680.00,30122.10,73967.626
2023-07-07T04:00:00Z,30122.10,30297.30,29904.40,29992.90,54680.044
2023-07-07T08:00:00Z,29992.90,30188.80,29957.60,30104.00,37803.361
2023-07-07T12:00:00Z,30103.90,30430.00,30012.10,30375.40,105396.246
2023-07-07T16:00:00Z,30375.50,30443.60,30100.00,30227.90,46214.504
2023-07-07T20:00:00Z,30227.80,30337.00,30197.10,30327.90,19739.873
2023-07-08T00:00:00Z,30328.00,30380.00,30240.00,30260.00,20274.344
2023-07-08T04:00:00Z,30260.00,30269.20,30122.00,30174.80,26594.583
2023-07-08T08:00:00Z,30174.80,30315.00,30135.30,30185.30,25385.741
2023-07-08T12:00:00Z,30185.30,30224.50,30132.50,30196.70,15361.803
2023-07-08T16:00:00Z,30196.80,30313.00,30026.80,30100.00,31842.636
2023-07-08T20:00:00Z,30100.00,30280.00,30037.50,30269.30,19275.386
2023-07-09T00:00:00Z,30269.20,30397.00,30232.10,30277.60,29538.533
2023-07-09T04:00:00Z,30277.60,30289.10,30218.20,30250.00,12970.718
2023-07-09T08:00:00Z,30250.00,30300.00,30219.10,30257.30,13831.500
2023-07-09T12:00:00Z,30257.20,30443.40,30163.60,30336.80,52366.130
2023-07-09T16:00:00Z,30336.90,30336.90,30180.00,30227.70,20913.947
2023-07-09T20:00:00Z,30227.70,30238.30,30042.00,30147.80,32675.435
2023-07-10T00:00:00Z,30147.80,30235.00,29928.80,30144.90,57315.967
2023-07-10T04:00:00Z,30145.00,30151.00,30034.20,30100.00,22884.999
2023-07-10T08:00:00Z,30100.00,30233.10,29966.60,30221.50,37764.713
2023-07-10T12:00:00Z,30221.60,30359.70,30131.00,30297.60,62189.014
2023-07-10T16:00:00Z,30297.50,30830.00,30223.50,30824.50,91867.895
2023-07-10T20:00:00Z,30824.50,31040.00,30100.00,30396.90,157092.949
2023-07-11T00:00:00Z,30396.90,30599.00,30348.70,30461.00,45182.060
2023-07-11T04:00:00Z,30460.90,30660.00,30416.40,30528.50,37039.062
2023-07-11T08:00:00Z,30528.60,30557.80,30325.00,30391.30,38953.602
2023-07-11T12:00:00Z,30391.40,30804.90,30261.40,30585.50,98194.832
2023-07-11T16:00:00Z,30585.50,30684.60,30383.90,30565.50,52691.726
2023-07-11T20:00:00Z,30565.50,30640.00,30492.80,30608.40,26843.465
2023-07-12T00:00:00Z,30608.30,30672.00,30485.00,30581.30,28484.393
2023-07-12T04:00:00Z,30581.30,30849.20,30555.00,30730.80,50264.091
2023-07-12T08:00:00Z,30730.70,30807.50,30639.10,30765.30,33657.850
2023-07-12T12:00:00Z,30765.40,30980.50,30447.00,30510.20,198943.496
2023-07-12T16:00:00Z,30510.10,30529.00,30186.00,30268.10,84461.464
2023-07-12T20:00:00Z,30268.10,30408.80,30220.50,30368.90,29246.963
2023-07-13T00:00:00Z,30368.90,30423.00,30257.10,30283.70,25819.244
2023-07-13T04:00:00Z,30283.60,30414.00,30233.00,30355.10,29140.813
2023-07-13T08:00:00Z,30355.10,30624.00,30328.20,30530.60,59604.531
2023-07-13T12:00:00Z,30530.60,31205.30,30446.40,30915.40,176453.536
2023-07-13T16:00:00Z,30915.50,31850.00,30700.00,31600.60,291866.546
2023-07-13T20:00:00Z,31600.50,31693.70,30993.80,31441.70,113138.840
2023-07-14T00:00:00Z,31441.60,31640.00,31321.40,31445.40,60468.943
2023-07-14T04:00:00Z,31445.40,31457.70,31068.50,31096.00,47214.511
2023-07-14T08:00:00Z,31095.90,31284.90,31076.50,31206.40,43894.191
2023-07-14T12:00:00Z,31206.40,31364.90,31037.40,31236.50,60181.765
2023-07-14T16:00:00Z,31236.60,31272.70,29876.60,30099.90,267411.025
2023-07-14T20:00:00Z,30099.90,30299.90,29965.00,30293.30,59521.811
2023-07-15T00:00:00Z,30293.30,30380.00,30220.20,30276.00,29471.378
2023-07-15T04:00:00Z,30276.00,30349.70,30241.00,30317.60,18539.329
2023-07-15T08:00:00Z,30317.70,30360.00,30258.90,30298.50,17263.000
2023-07-15T12:00:00Z,30298.50,30348.40,30237.00,30290.50,19740.322
2023-07-15T16:00:00Z,30290.40,30341.50,30238.10,30309.70,16143.855
2023-07-15T20:00:00Z,30309.70,30309.80,30251.00,30276.40,10464.590
2023-07-16T00:00:00Z,30276.50,30325.00,30050.00,30174.10,43029.584
2023-07-16T04:00:00Z,30174.10,30300.90,30120.00,30253.00,20092.465
2023-07-16T08:00:00Z,30253.00,30338.50,30250.00,30293.60,19595.425
2023-07-16T12:00:00Z,30293.60,30441.60,30254.10,30366.00,36284.911
2023-07-16T16:00:00Z,30365.90,30391.80,30179.00,30239.50,29423.897
2023-07-16T20:00:00Z,30239.60,30349.60,30110.60,30216.80,25379.658
2023-07-17T00:00:00Z,30216.90,30329.70,30161.00,30295.90,22700.198
2023-07-17T04:00:00Z,30295.90,30313.90,30220.20,30265.30,13248.650
2023-07-17T08:00:00Z,30265.20,30309.40,29910.00,30145.00,67733.832
2023-07-17T12:00:00Z,30145.00,30300.00,30015.90,30163.40,66486.808
2023-07-17T16:00:00Z,30163.40,30224.40,29630.00,29870.00,122153.882
2023-07-17T20:00:00Z,29869.90,30282.90,29864.60,30126.10,51790.057
2023-07-18T00:00:00Z,30126.00,30227.50,30061.30,30063.80,23756.585
2023-07-18T04:00:00Z,30063.80,30110.90,29908.10,29951.90,38504.713
2023-07-18T08:00:00Z,29952.00,30098.50,29784.00,29871.90,60543.637
2023-07-18T12:00:00Z,29872.00,30028.60,29657.10,29895.10,98912.984
2023-07-18T16:00:00Z,29895.10,29954.30,29400.00,29708.10,88550.243
2023-07-18T20:00:00Z,29708.20,29859.00,29678.00,29845.60,27128.255
2023-07-19T00:00:00Z,29845.70,30067.70,29826.70,30048.00,46282.264
2023-07-19T04:00:00Z,30048.00,30178.50,29950.10,29984.00,41398.750
2023-07-19T08:00:00Z,29984.10,30038.40,29852.20,30004.70,36932.397
2023-07-19T12:00:00Z,30004.70,30130.00,29745.00,29939.80,89658.235
2023-07-19T16:00:00Z,29939.70,30088.10,29855.50,30032.40,50777.186
2023-07-19T20:00:00Z,30032.40,30042.00,29811.00,29895.50,33370.022
2023-07-20T00:00:00Z,29895.50,30037.90,29866.00,29937.00,23383.135
2023-07-20T04:00:00Z,29937.00,30240.20,29912.10,30195.50,54428.409
2023-07-20T08:00:00Z,30195.60,30420.00,30151.60,30274.00,79217.962
2023-07-20T12:00:00Z,30274.00,30302.90,29600.00,29792.80,146334.281
2023-07-20T16:00:00Z,29792.90,29863.00,29468.80,29744.40,78409.883
2023-07-20T20:00:00Z,29744.50,29880.20,29652.70,29791.00,28490.094
2023-07-21T00:00:00Z,29791.00,29949.50,29705.90,29884.30,38621.219
2023-07-21T04:00:00Z,29884.30,29893.30,29729.60,29757.80,26891.176
2023-07-21T08:00:00Z,29757.80,29838.80,29710.30,29764.80,28024.428
2023-07-21T12:00:00Z,29764.80,29904.70,29764.70,29852.00,46739.642
2023-07-21T16:00:00Z,29852.00,30056.20,29762.00,29865.10,63156.101
2023-07-21T20:00:00Z,29865.10,29942.70,29819.40,29891.40,17712.508
2023-07-22T00:00:00Z,29891.50,29985.30,29873.60,29886.60,18181.062
2023-07-22T04:00:00Z,29886.70,29986.00,29822.00,29933.00,26673.540
2023-07-22T08:00:00Z,29932.90,29969.60,29847.90,29874.10,22981.220
2023-07-22T12:00:00Z,29874.10,29895.00,29806.60,29883.90,24285.778
2023-07-22T16:00:00Z,29883.90,29892.50,29783.60,29820.60,17262.524
2023-07-22T20:00:00Z,29820.50,29831.30,29602.20,29783.50,33991.832
2023-07-23T00:00:00Z,29783.50,29884.00,29718.90,29832.50,29826.520
2023-07-23T04:00:00Z,29832.50,29974.60,29832.50,29900.90,34347.504
2023-07-23T08:00:00Z,29900.90,29950.00,29870.90,29881.50,15675.657
2023-07-23T12:00:00Z,29881.50,29922.70,29836.20,29886.00,14726.508
2023-07-23T16:00:00Z,29885.90,30368.20,29885.90,30083.10,92494.175
2023-07-23T20:00:00Z,30083.10,30135.00,29909.00,30070.80,37643.482
2023-07-24T00:00:00Z,30070.90,30091.70,29650.20,29705.60,70284.057
2023-07-24T04:00:00Z,29705.70,29862.90,29639.70,29816.40,41874.076
2023-07-24T08:00:00Z,29816.40,29820.90,28904.40,29259.60,137130.388
2023-07-24T12:00:00Z,29259.70,29262.60,28830.00,29085.80,124595.259
2023-07-24T16:00:00Z,29085.90,29147.00,28982.50,29106.90,41486.808
2023-07-24T20:00:00Z,29106.80,29200.00,29075.50,29163.80,18811.829
2023-07-25T00:00:00Z,29163.80,29174.50,29033.00,29099.60,27479.779
2023-07-25T04:00:00Z,29099.60,29155.40,29060.00,29132.30,17709.951
2023-07-25T08:00:00Z,29132.30,29277.60,29106.30,29117.60,35393.284
2023-07-25T12:00:00Z,29117.60,29333.00,29058.00,29167.00,65595.464
2023-07-25T16:00:00Z,29167.00,29379.50,29165.50,29189.00,36685.898
2023-07-25T20:00:00Z,29189.00,29247.90,29171.30,29216.30,13574.242
2023-07-26T00:00:00Z,29216.20,29414.60,29083.00,29228.00,47519.046
2023-07-26T04:00:00Z,29228.10,29315.00,29100.00,29205.30,27037.859
2023-07-26T08:00:00Z,29205.40,29229.30,29145.20,29163.90,16394.134
2023-07-26T12:00:00Z,29163.90,29349.30,29152.40,29307.20,42475.796
2023-07-26T16:00:00Z,29307.30,29500.00,29172.00,29390.30,94415.230
2023-07-26T20:00:00Z,29390.30,29670.50,29260.00,29336.00,90685.517
2023-07-27T00:00:00Z,29336.00,29436.70,29286.20,29388.10,22249.763
2023-07-27T04:00:00Z,29388.10,29485.90,29366.00,29396.90,27656.693
2023-07-27T08:00:00Z,29396.90,29558.40,29380.00,29493.90,34054.531
2023-07-27T12:00:00Z,29494.00,29495.10,29218.10,29278.00,55284.049
2023-07-27T16:00:00Z,29278.00,29324.50,29065.50,29152.60,63642.422
2023-07-27T20:00:00Z,29152.60,29225.00,29117.70,29209.70,20489.076
2023-07-28T00:00:00Z,29209.80,29299.90,29171.30,29239.80,23272.406
2023-07-28T04:00:00Z,29239.80,29255.50,29125.50,29126.90,19221.001
2023-07-28T08:00:00Z,29126.90,29239.40,29112.80,29195.30,25255.902
2023-07-28T12:00:00Z,29195.40,29535.70,29192.50,29379.00,93071.263
2023-07-28T16:00:00Z,29379.00,29391.60,29180.60,29303.40,48155.711
2023-07-28T20:00:00Z,29303.50,29358.00,29267.30,29299.90,12323.584
2023-07-29T00:00:00Z,29300.00,29381.40,29280.60,29355.70,12079.215
2023-07-29T04:00:00Z,29355.60,29397.90,29271.70,29283.00,16468.927
2023-07-29T08:00:00Z,29283.00,29321.10,29237.50,29253.20,17802.940
2023-07-29T12:00:00Z,29253.20,29334.40,29246.20,29284.80,18876.177
2023-07-29T16:00:00Z,29284.80,29340.00,29276.00,29328.00,12008.201
2023-07-29T20:00:00Z,29328.00,29368.80,29328.00,29339.10,9865.259
2023-07-30T00:00:00Z,29339.10,29345.90,29292.00,29300.20,9189.052
2023-07-30T04:00:00Z,29300.10,29317.50,29251.90,29280.00,11221.774
2023-07-30T08:00:00Z,29280.10,29318.10,29211.20,29301.30,20506.002
2023-07-30T12:00:00Z,29301.30,29442.50,29260.00,29337.10,40656.643
2023-07-30T16:00:00Z,29337.20,29399.50,29100.00,29187.20,37631.169
2023-07-30T20:00:00Z,29187.20,29274.00,29006.00,29271.10,50696.613
2023-07-31T00:00:00Z,29271.20,29525.80,29250.00,29411.80,49619.636
2023-07-31T04:00:00Z,29411.80,29434.50,29343.00,29363.70,19913.782
2023-07-31T08:00:00Z,29363.80,29411.50,29317.40,29395.90,19231.234
2023-07-31T12:00:00Z,29395.80,29461.40,29208.90,29231.30,58218.187
2023-07-31T16:00:00Z,29231.30,29263.00,29100.00,29146.50,50449.539
2023-07-31T20:00:00Z,29146.40,29285.30,29102.30,29220.80,32949.344
2023-08-01T00:00:00Z,29220.80,29337.30,28684.70,28820.10,88466.948
2023-08-01T04:00:00Z,28820.10,28959.00,28785.30,28921.20,38804.599
2023-08-01T08:00:00Z,28921.20,28986.50,28850.10,28853.00,26312.292
2023-08-01T12:00:00Z,28852.90,28973.60,28550.00,28942.90,92928.706
2023-08-01T16:00:00Z,28943.00,29330.00,28850.20,29263.60,98361.121
2023-08-01T20:00:00Z,29263.50,29735.00,29170.00,29701.20,97454.977
2023-08-02T00:00:00Z,29701.20,30059.90,29607.60,29622.50,133633.098
2023-08-02T04:00:00Z,29622.50,29719.50,29550.00,29570.10,45298.470
2023-08-02T08:00:00Z,29570.20,29571.00,29360.00,29552.90,75164.964
2023-08-02T12:00:00Z,29552.80,29599.00,29156.00,29312.60,97917.626
2023-08-02T16:00:00Z,29312.50,29357.00,28906.30,29141.80,115887.845
2023-08-02T20:00:00Z,29141.80,29229.10,29050.30,29170.10,23823.489
2023-08-03T00:00:00Z,29170.20,29273.10,29110.00,29170.10,24131.103
2023-08-03T04:00:00Z,29170.10,29185.20,29005.00,29034.00,28883.917
2023-08-03T08:00:00Z,29034.00,29193.50,28955.40,29134.20,39270.953
2023-08-03T12:00:00Z,29134.10,29440.00,29068.00,29244.40,78353.291
2023-08-03T16:00:00Z,29244.40,29359.90,29119.30,29265.70,49258.672
2023-08-03T20:00:00Z,29265.60,29352.40,29150.00,29180.20,32070.006
2023-08-04T00:00:00Z,29180.10,29244.40,29079.60,29152.60,24448.761
2023-08-04T04:00:00Z,29152.60,29243.90,29120.30,29201.60,18873.441
2023-08-04T08:00:00Z,29201.60,29250.00,29121.30,29157.20,22514.238
2023-08-04T12:00:00Z,29157.20,29323.80,29116.00,29258.80,53716.396
2023-08-04T16:00:00Z,29258.80,29273.60,28919.90,29021.00,61493.335
2023-08-04T20:00:00Z,29021.00,29115.00,28780.00,29101.10,48349.502
2023-08-05T00:00:00Z,29101.10,29145.00,29051.10,29082.60,15877.382
2023-08-05T04:00:00Z,29082.60,29089.20,29020.50,29037.90,11796.275
2023-08-05T08:00:00Z,29037.90,29083.00,29030.10,29040.60,10686.415
2023-08-05T12:00:00Z,29040.60,29072.90,28960.00,29032.40,25947.755
2023-08-05T16:00:00Z,29032.50,29092.10,28997.40,29056.90,11614.747
2023-08-05T20:00:00Z,29056.90,29084.30,29041.50,29057.70,6586.050
2023-08-06T00:00:00Z,29057.70,29070.30,29023.40,29053.50,8174.351
2023-08-06T04:00:00Z,29053.50,29100.00,29028.00,29081.40,11457.437
2023-08-06T08:00:00Z,29081.30,29132.00,29036.00,29067.00,15861.601
2023-08-06T12:00:00Z,29067.00,29067.70,28978.50,29001.00,18943.151
2023-08-06T16:00:00Z,29001.10,29095.00,28983.70,29076.90,18067.007
2023-08-06T20:00:00Z,29077.00,29199.00,29025.00,29075.90,30590.893
2023-08-07T00:00:00Z,29075.90,29220.70,29005.50,29148.90,29961.046
2023-08-07T04:00:00Z,29148.80,29186.60,29036.50,29084.70,22738.520
2023-08-07T08:00:00Z,29084.70,29146.20,29031.00,29085.80,23220.442
2023-08-07T12:00:00Z,29085.90,29148.80,28771.00,28853.20,85465.104
2023-08-07T16:00:00Z,28853.20,29177.00,28682.30,29144.90,101877.164
2023-08-07T20:00:00Z,29144.90,29274.50,29107.70,29202.70,34490.163
2023-08-08T00:00:00Z,29202.70,29255.00,29132.40,29182.80,21205.290
2023-08-08T04:00:00Z,29182.80,29330.00,29170.20,29177.00,30113.085
2023-08-08T08:00:00Z,29177.00,29439.00,29160.00,29428.00,46193.521
2023-08-08T12:00:00Z,29428.10,29666.00,29336.60,29517.50,130658.527
2023-08-08T16:00:00Z,29517.50,29944.80,29516.10,29866.40,136368.699
2023-08-08T20:00:00Z,29866.40,30250.00,29674.10,29759.00,94730.679
2023-08-09T00:00:00Z,29758.90,29874.50,29628.00,29710.00,44098.378
2023-08-09T04:00:00Z,29710.00,29809.80,29650.00,29807.90,33679.663
2023-08-09T08:00:00Z,29807.80,29905.80,29715.60,29877.10,39109.948
2023-08-09T12:00:00Z,29877.10,30149.70,29663.00,29749.40,112574.075
2023-08-09T16:00:00Z,29749.30,29764.90,29366.00,29404.20,94943.469
2023-08-09T20:00:00Z,29404.30,29619.70,29362.00,29572.80,37604.168
2023-08-10T00:00:00Z,29572.90,29650.00,29550.40,29568.90,26398.735
2023-08-10T04:00:00Z,29568.90,29613.20,29477.20,29504.00,26126.032
2023-08-10T08:00:00Z,29504.00,29553.00,29461.40,29490.00,21083.327
2023-08-10T12:00:00Z,29490.00,29729.80,29380.00,29452.80,101443.007
2023-08-10T16:00:00Z,29452.90,29472.60,29303.70,29435.50,46278.886
2023-08-10T20:00:00Z,29435.40,29480.00,29413.70,29443.70,13216.051
2023-08-11T00:00:00Z,29443.70,29489.50,29336.00,29400.70,19307.071
2023-08-11T04:00:00Z,29400.70,29481.90,29367.30,29406.70,18382.821
2023-08-11T08:00:00Z,29406.80,29441.60,29333.90,29435.00,21937.072
2023-08-11T12:00:00Z,29435.00,29565.10,29339.90,29383.00,67829.510
2023-08-11T16:00:00Z,29382.90,29420.00,29220.00,29387.80,41293.164
2023-08-11T20:00:00Z,29387.80,29437.20,29382.90,29415.50,10294.370
2023-08-12T00:00:00Z,29415.50,29450.00,29360.00,29388.00,11511.455
2023-08-12T04:00:00Z,29388.00,29417.20,29375.70,29410.20,7457.781
2023-08-12T08:00:00Z,29410.20,29424.90,29378.60,29416.70,9821.475
2023-08-12T12:00:00Z,29416.70,29445.30,29395.70,29426.00,10838.163
2023-08-12T16:00:00Z,29426.00,29470.00,29401.20,29407.50,10798.789
2023-08-12T20:00:00Z,29407.60,29422.70,29385.10,29420.70,5810.372
2023-08-13T00:00:00Z,29420.80,29447.40,29380.10,29401.80,9679.096
2023-08-13T04:00:00Z,29401.80,29401.90,29343.80,29385.50,11731.661
2023-08-13T08:00:00Z,29385.60,29400.70,29362.00,29374.00,7336.398
2023-08-13T12:00:00Z,29374.00,29382.60,29349.00,29362.80,9904.960
2023-08-13T16:00:00Z,29362.80,29463.00,29316.20,29426.10,20860.595
2023-08-13T20:00:00Z,29426.00,29434.90,29256.60,29293.30,24677.795
2023-08-14T00:00:00Z,29293.30,29415.00,29070.00,29390.00,68307.546
2023-08-14T04:00:00Z,29390.00,29466.30,29379.40,29410.50,22179.194
2023-08-14T08:00:00Z,29410.40,29486.00,29371.40,29399.80,24534.443
2023-08-14T12:00:00Z,29399.80,29665.00,29319.90,29592.90,80846.779
2023-08-14T16:00:00Z,29592.80,29686.70,29233.00,29353.80,81315.670
2023-08-14T20:00:00Z,29353.70,29465.80,29323.20,29419.50,17851.751
2023-08-15T00:00:00Z,29419.50,29446.50,29355.90,29386.90,14493.260
2023-08-15T04:00:00Z,29386.90,29422.90,29338.90,29396.90,14399.408
2023-08-15T08:00:00Z,29396.90,29446.50,29340.20,29357.10,22179.354
2023-08-15T12:00:00Z,29357.10,29492.10,29294.90,29315.20,46749.748
2023-08-15T16:00:00Z,29315.10,29358.90,29050.00,29172.40,71365.384
2023-08-15T20:00:00Z,29172.40,29234.60,29125.80,29188.80,22102.805
2023-08-16T00:00:00Z,29188.90,29257.40,29174.60,29216.70,18146.820
2023-08-16T04:00:00Z,29216.70,29223.50,29100.00,29187.00,25778.007
2023-08-16T08:00:00Z,29187.00,29209.00,29086.00,29154.90,25949.939
2023-08-16T12:00:00Z,29154.90,29206.60,29030.00,29098.00,54132.727
2023-08-16T16:00:00Z,29097.90,29229.60,28940.00,29105.50,75411.961
2023-08-16T20:00:00Z,29105.40,29132.40,28705.10,28714.40,81123.498
2023-08-17T00:00:00Z,28714.40,28775.90,28288.60,28643.50,100604.312
2023-08-17T04:00:00Z,28643.50,28694.90,28590.20,28613.00,27425.195
2023-08-17T08:00:00Z,28613.10,28627.80,28469.20,28540.00,39605.756
2023-08-17T12:00:00Z,28540.00,28569.30,27855.00,27920.90,182544.677
2023-08-17T16:00:00Z,27920.90,28078.00,27700.00,27889.40,133611.979
2023-08-17T20:00:00Z,27889.40,27915.80,24581.00,26609.70,384716.301
2023-08-18T00:00:00Z,26609.70,26818.00,26307.10,26385.90,78941.150
2023-08-18T04:00:00Z,26386.00,26597.70,26150.00,26413.80,75871.993
2023-08-18T08:00:00Z,26413.80,26595.20,26365.00,26479.50,49121.525
2023-08-18T12:00:00Z,26479.50,26489.60,25918.20,25993.10,130570.320
2023-08-18T16:00:00Z,25993.10,26300.00,25600.00,26053.40,151020.850
2023-08-18T20:00:00Z,26053.40,26235.00,25989.50,26042.10,36849.478
2023-08-19T00:00:00Z,26042.00,26147.60,25910.00,25958.70,28906.528
2023-08-19T04:00:00Z,25958.60,25998.00,25783.40,25906.80,38367.552
2023-08-19T08:00:00Z,25906.70,25992.80,25871.00,25885.20,26956.868
2023-08-19T12:00:00Z,25885.30,26216.40,25858.00,26201.00,50264.714
2023-08-19T16:00:00Z,26201.00,26269.40,26012.30,26112.60,42478.885
2023-08-19T20:00:00Z,26112.60,26143.70,26016.60,26088.30,15244.606
2023-08-20T00:00:00Z,26088.40,26197.00,26027.90,26090.90,17904.105
2023-08-20T04:00:00Z,26090.90,26153.40,26029.20,26073.60,13250.608
2023-08-20T08:00:00Z,26073.60,26187.80,26041.40,26163.90,19743.709
2023-08-20T12:00:00Z,26163.80,26209.60,25948.50,26095.00,40356.224
2023-08-20T16:00:00Z,26095.00,26149.00,25982.30,26122.10,21311.961
2023-08-20T20:00:00Z,26122.10,26285.00,26122.00,26175.90,28523.243
2023-08-21T00:00:00Z,26175.90,26183.20,26052.50,26076.70,19223.035
2023-08-21T04:00:00Z,26076.80,26174.40,25985.00,26012.00,32357.565
2023-08-21T08:00:00Z,26011.90,26079.80,25861.00,26020.70,43891.805
2023-08-21T12:00:00Z,26020.80,26193.60,25800.00,25925.10,78006.665
2023-08-21T16:00:00Z,25925.10,26159.90,25921.10,26086.20,34324.296
2023-08-21T20:00:00Z,26086.20,26280.00,26067.50,26115.40,24701.899
2023-08-22T00:00:00Z,26115.40,26128.20,26010.30,26042.20,15716.085
2023-08-22T04:00:00Z,26042.20,26108.70,25981.60,26091.60,18541.380
2023-08-22T08:00:00Z,26091.70,26100.00,26014.60,26039.00,15537.931
2023-08-22T12:00:00Z,26039.00,26087.20,25900.00,25923.00,44564.037
2023-08-22T16:00:00Z,25923.00,26048.00,25693.60,25767.20,116546.068
2023-08-22T20:00:00Z,25767.10,26060.00,25280.00,26044.40,102208.075
2023-08-23T00:00:00Z,26044.50,26177.00,25974.10,25992.10,35799.369
2023-08-23T04:00:00Z,25992.00,26170.00,25967.10,26045.30,36125.446
2023-08-23T08:00:00Z,26045.30,26085.60,25887.40,25928.10,31581.275
2023-08-23T12:00:00Z,25928.10,26187.00,25800.00,26134.30,89252.364
2023-08-23T16:00:00Z,26134.30,26806.00,26113.70,26615.20,149537.665
2023-08-23T20:00:00Z,26615.20,26714.80,26201.00,26419.20,70672.909
2023-08-24T00:00:00Z,26419.20,26535.90,26334.00,26430.00,29657.857
2023-08-24T04:00:00Z,26430.00,26509.60,26370.10,26460.70,23503.450
2023-08-24T08:00:00Z,26460.80,26568.30,26395.00,26433.80,33863.857
2023-08-24T12:00:00Z,26433.80,26433.90,25972.50,25987.30,100356.806
2023-08-24T16:00:00Z,25987.30,26148.00,25835.00,26025.90,68869.989
2023-08-24T20:00:00Z,26026.00,26200.00,25918.50,26164.60,30501.378
2023-08-25T00:00:00Z,26164.60,26177.00,26000.00,26095.20,21737.926
2023-08-25T04:00:00Z,26095.20,26102.90,25960.00,25969.30,28255.721
2023-08-25T08:00:00Z,25969.40,26118.70,25968.90,26087.70,23053.719
2023-08-25T12:00:00Z,26087.70,26300.00,25754.40,25917.40,138297.912
2023-08-25T16:00:00Z,25917.30,26059.80,25820.00,25961.90,45731.022
2023-08-25T20:00:00Z,25961.80,26078.00,25944.40,26051.70,17754.194
2023-08-26T00:00:00Z,26051.70,26129.40,26018.10,26076.40,13952.932
2023-08-26T04:00:00Z,26076.40,26079.20,26033.70,26039.70,8045.871
2023-08-26T08:00:00Z,26039.80,26048.70,25985.00,26035.90,12714.098
2023-08-26T12:00:00Z,26036.00,26070.00,25969.00,26040.20,12983.317
2023-08-26T16:00:00Z,26040.20,26048.50,25990.20,26023.00,8875.066
2023-08-26T20:00:00Z,26023.10,26038.70,25975.50,26004.30,7354.578
2023-08-27T00:00:00Z,26004.30,26021.60,25955.60,26009.60,9486.116
2023-08-27T04:00:00Z,26009.70,26041.90,26009.60,26028.50,7936.958
2023-08-27T08:00:00Z,26028.50,26087.70,26018.90,26049.00,13550.247
2023-08-27T12:00:00Z,26049.00,26173.60,26040.20,26110.80,21791.010
2023-08-27T16:00:00Z,26110.90,26169.80,26020.00,26112.10,22000.852
2023-08-27T20:00:00Z,26112.20,26123.80,26025.20,26087.70,11740.215
2023-08-28T00:00:00Z,26087.60,26092.10,25970.30,26002.00,26342.016
2023-08-28T04:00:00Z,26002.00,26024.70,25850.40,25923.00,30904.881
2023-08-28T08:00:00Z,25923.10,25994.80,25853.50,25992.80,27052.356
2023-08-28T12:00:00Z,25992.80,26244.60,25980.00,26093.30,68569.758
2023-08-28T16:00:00Z,26093.40,26182.80,25902.20,25981.60,41869.582
2023-08-28T20:00:00Z,25981.70,26170.00,25931.80,26106.50,25253.458
2023-08-29T00:00:00Z,26106.50,26200.00,26050.10,26068.30,22733.617
2023-08-29T04:00:00Z,26068.40,26080.40,25974.10,25992.00,20248.279
2023-08-29T08:00:00Z,25992.10,26038.30,25905.20,25962.20,33062.319
2023-08-29T12:00:00Z,25962.20,27690.00,25951.70,27411.40,362949.333
2023-08-29T16:00:00Z,27411.40,28168.00,27337.60,27820.00,200945.529
2023-08-29T20:00:00Z,27820.00,27875.00,27517.50,27700.10,60294.869
2023-08-30T00:00:00Z,27700.10,27758.20,27265.00,27379.30,66092.614
2023-08-30T04:00:00Z,27379.20,27464.00,27360.00,27427.20,23307.828
2023-08-30T08:00:00Z,27427.10,27493.60,27290.70,27323.50,35589.834
2023-08-30T12:00:00Z,27323.40,27450.00,26950.00,27192.00,125823.008
2023-08-30T16:00:00Z,27191.90,27277.70,27053.00,27167.30,42830.020
2023-08-30T20:00:00Z,27167.40,27335.60,27165.50,27290.40,21670.612
2023-08-31T00:00:00Z,27290.40,27290.50,27166.00,27207.80,16078.298
2023-08-31T04:00:00Z,27207.80,27285.00,27200.80,27249.10,16560.475
2023-08-31T08:00:00Z,27249.20,27674.30,27175.80,27291.80,53026.501
2023-08-31T12:00:00Z,27291.80,27305.10,26733.80,26909.50,102909.965
2023-08-31T16:00:00Z,26909.40,26913.90,25876.60,26148.70,224162.459
2023-08-31T20:00:00Z,26148.70,26180.00,25617.80,25928.00,90168.579
2023-09-01T00:00:00Z,25928.00,26094.10,25918.90,26071.50,27071.631
2023-09-01T04:00:00Z,26071.40,26086.20,25962.10,25975.20,18796.654
2023-09-01T08:00:00Z,25975.30,26068.30,25941.70,26033.70,23768.858
2023-09-01T12:00:00Z,26033.60,26151.60,25555.00,25798.00,118639.496
2023-09-01T16:00:00Z,25798.00,25958.10,25312.00,25637.10,134918.148
2023-09-01T20:00:00Z,25637.20,25928.50,25557.30,25795.60,37990.137
2023-09-02T00:00:00Z,25795.60,25829.90,25740.60,25786.10,12087.023
2023-09-02T04:00:00Z,25786.10,25841.40,25754.70,25783.90,13773.944
2023-09-02T08:00:00Z,25783.90,25848.00,25760.40,25800.10,18478.625
2023-09-02T12:00:00Z,25800.10,25975.00,25771.10,25880.00,31798.193
2023-09-02T16:00:00Z,25880.10,25926.50,25750.90,25821.60,22126.255
2023-09-02T20:00:00Z,25821.60,25899.30,25805.40,25855.80,9378.824
2023-09-03T00:00:00Z,25855.80,25899.90,25810.80,25850.00,10366.408
2023-09-03T04:00:00Z,25850.00,25943.60,25849.90,25941.40,11059.332
2023-09-03T08:00:00Z,25941.50,25943.70,25862.50,25930.40,11620.083
2023-09-03T12:00:00Z,25930.50,26115.00,25802.80,25858.20,42781.009
2023-09-03T16:00:00Z,25858.20,26033.30,25777.00,25997.60,31902.907
2023-09-03T20:00:00Z,25997.50,26135.20,25915.00,25962.10,25287.093
2023-09-04T00:00:00Z,25962.10,26099.30,25864.00,25974.10,22003.637
2023-09-04T04:00:00Z,25974.10,26005.70,25896.00,25953.80,14593.385
2023-09-04T08:00:00Z,25953.80,26000.00,25845.20,25878.00,20972.285
2023-09-04T12:00:00Z,25877.90,25961.50,25707.50,25803.90,53696.836
2023-09-04T16:00:00Z,25803.90,25936.90,25794.90,25881.00,22170.000
2023-09-04T20:00:00Z,25881.10,25911.20,25610.00,25814.00,39711.730
2023-09-05T00:00:00Z,25814.00,25833.10,25531.20,25681.80,30824.270
2023-09-05T04:00:00Z,25681.70,25747.80,25660.80,25724.70,20015.690
2023-09-05T08:00:00Z,25724.70,25800.00,25639.00,25771.20,29224.310
2023-09-05T12:00:00Z,25771.30,25900.00,25610.00,25747.90,67199.276
2023-09-05T16:00:00Z,25747.90,25837.70,25668.00,25670.40,25402.722
2023-09-05T20:00:00Z,25670.40,25792.40,25660.00,25779.70,13973.677
2023-09-06T00:00:00Z,25779.70,25858.50,25758.10,25770.10,16399.582
2023-09-06T04:00:00Z,25770.10,25780.90,25711.00,25715.00,14492.862
2023-09-06T08:00:00Z,25715.10,25766.60,25701.00,25722.10,13681.083
2023-09-06T12:00:00Z,25722.00,25769.30,25530.00,25576.30,58993.312
2023-09-06T16:00:00Z,25576.30,26052.00,25326.00,25679.40,127581.603
2023-09-06T20:00:00Z,25679.50,25776.00,25641.60,25747.40,19974.218
2023-09-07T00:00:00Z,25747.40,25830.60,25710.30,25824.70,14048.995
2023-09-07T04:00:00Z,25824.60,25838.00,25735.20,25750.90,15151.927
2023-09-07T08:00:00Z,25751.00,25751.00,25680.00,25695.50,14981.411
2023-09-07T12:00:00Z,25695.50,25824.70,25602.30,25766.70,49351.912
2023-09-07T16:00:00Z,25766.70,25971.70,25760.00,25867.10,48160.796
2023-09-07T20:00:00Z,25867.10,26451.00,25843.30,26240.70,115654.861
2023-09-08T00:00:00Z,26240.70,26437.50,26181.60,26235.60,36619.154
2023-09-08T04:00:00Z,26235.60,26378.40,26171.00,26244.10,33675.232
2023-09-08T08:00:00Z,26244.00,26257.90,25630.00,25828.90,92561.921
2023-09-08T12:00:00Z,25828.90,25945.70,25777.40,25829.80,36852.238
2023-09-08T16:00:00Z,25829.90,25885.00,25707.00,25883.70,35345.758
2023-09-08T20:00:00Z,25883.60,25923.10,25834.50,25899.80,14215.458
2023-09-09T00:00:00Z,25899.90,25900.10,25835.00,25866.20,10539.396
2023-09-09T04:00:00Z,25866.20,25886.60,25820.00,25871.00,10439.268
2023-09-09T08:00:00Z,25871.00,25896.10,25834.30,25850.80,10348.675
2023-09-09T12:00:00Z,25850.70,25921.50,25781.50,25881.90,19660.804
2023-09-09T16:00:00Z,25881.90,25940.60,25834.30,25858.00,10147.831
2023-09-09T20:00:00Z,25858.00,25908.50,25843.70,25892.60,6773.836
2023-09-10T00:00:00Z,25892.60,25893.90,25816.60,25851.10,10214.868
2023-09-10T04:00:00Z,25851.10,25864.20,25727.80,25843.00,21004.581
2023-09-10T08:00:00Z,25843.10,25856.10,25780.00,25782.90,13734.798
2023-09-10T12:00:00Z,25783.00,25827.00,25702.00,25764.10,23275.085
2023-09-10T16:00:00Z,25764.10,25854.50,25508.70,25786.70,45647.698
2023-09-10T20:00:00Z,25786.70,26037.30,25758.00,25828.40,49095.383
2023-09-11T00:00:00Z,25828.40,25864.90,25639.80,25727.40,32476.954
2023-09-11T04:00:00Z,25727.40,25895.00,25707.90,25801.30,25284.435
2023-09-11T08:00:00Z,25801.40,25817.90,25555.00,25591.90,60165.089
2023-09-11T12:00:00Z,25591.80,25749.70,24915.00,25102.50,202778.650
2023-09-11T16:00:00Z,25102.40,25240.60,24975.00,25008.30,65270.071
2023-09-11T20:00:00Z,25008.20,25210.00,24888.00,25150.40,41241.175
2023-09-12T00:00:00Z,25150.40,25949.00,25116.40,25788.20,109017.337
2023-09-12T04:00:00Z,25788.20,25989.60,25600.80,25810.20,95929.589
2023-09-12T08:00:00Z,25810.20,26330.90,25720.00,26087.20,107776.089
2023-09-12T12:00:00Z,26087.20,26397.00,26021.00,26192.40,104597.363
2023-09-12T16:00:00Z,26192.30,26580.00,25868.00,26052.00,134082.429
2023-09-12T20:00:00Z,26052.10,26150.00,25762.00,25825.80,40646.871
2023-09-13T00:00:00Z,25825.80,25974.00,25750.00,25868.40,33520.940
2023-09-13T04:00:00Z,25868.30,26099.50,25835.00,25865.70,46661.975
2023-09-13T08:00:00Z,25865.70,26246.20,25850.80,26184.70,64369.473
2023-09-13T12:00:00Z,26184.80,26382.00,26007.90,26229.10,100568.974
2023-09-13T16:00:00Z,26229.20,26400.00,26038.00,26129.50,70495.521
2023-09-13T20:00:00Z,26129.40,26294.00,26129.40,26209.90,19635.835
2023-09-14T00:00:00Z,26209.90,26536.70,26106.60,26253.80,76521.139
2023-09-14T04:00:00Z,26253.80,26380.00,26150.00,26332.30,31773.158
2023-09-14T08:00:00Z,26332.20,26483.50,26253.00,26431.50,35924.143
2023-09-14T12:00:00Z,26431.60,26790.00,26326.00,26679.90,143119.612
2023-09-14T16:00:00Z,26680.00,26880.00,26530.20,26662.00,62676.122
2023-09-14T20:00:00Z,26662.00,26713.20,26461.00,26510.30,30652.297
2023-09-15T00:00:00Z,26510.30,26617.80,26428.60,26602.60,27710.077
2023-09-15T04:00:00Z,26602.70,26647.00,26535.00,26554.40,20708.984
2023-09-15T08:00:00Z,26554.40,26691.50,26353.70,26415.30,43587.614
2023-09-15T12:00:00Z,26415.30,26520.00,26206.60,26311.10,69223.358
2023-09-15T16:00:00Z,26311.10,26435.60,26301.90,26386.90,24017.623
2023-09-15T20:00:00Z,26386.90,26890.00,26357.30,26591.10,66409.114
2023-09-16T00:00:00Z,26591.10,26763.50,26558.30,26602.40,32987.327
2023-09-16T04:00:00Z,26602.40,26608.80,26453.30,26486.00,32167.809
2023-09-16T08:00:00Z,26486.00,26574.30,26430.00,26510.70,31565.807
2023-09-16T12:00:00Z,26510.60,26566.40,26470.30,26493.60,15417.412
2023-09-16T16:00:00Z,26493.60,26610.00,26483.50,26524.20,19314.111
2023-09-16T20:00:00Z,26524.10,26570.00,26492.00,26546.90,9029.999
2023-09-17T00:00:00Z,26547.00,26548.30,26400.00,26511.10,24901.582
2023-09-17T04:00:00Z,26511.10,26560.70,26476.00,26482.60,12207.039
2023-09-17T08:00:00Z,26482.60,26614.30,26480.30,26553.90,18581.011
2023-09-17T12:00:00Z,26553.90,26598.70,26507.90,26537.00,15183.422
2023-09-17T16:00:00Z,26536.90,26539.00,26454.40,26491.30,18907.859
2023-09-17T20:00:00Z,26491.20,26526.00,26377.40,26514.20,24458.481
2023-09-18T00:00:00Z,26514.20,26740.70,26358.60,26646.20,59011.231
2023-09-18T04:00:00Z,26646.20,26796.00,26550.10,26701.70,34889.774
2023-09-18T08:00:00Z,26701.80,27235.00,26666.40,27184.70,117551.370
2023-09-18T12:00:00Z,27184.60,27397.00,27115.00,27258.80,99944.871
2023-09-18T16:00:00Z,27258.80,27296.80,26611.20,26803.20,131940.936
2023-09-18T20:00:00Z,26803.20,26869.20,26713.30,26749.90,29200.850
2023-09-19T00:00:00Z,26749.90,26828.50,26653.20,26805.10,28690.386
2023-09-19T04:00:00Z,26805.10,26860,26740,26836.10,18919.448
2023-09-19T08:00:00Z,26836,27470,26834.30,27224.30,126172.926
2023-09-19T12:00:00Z,27224.40,27480,26868,27413.40,148480.216
2023-09-19T16:00:00Z,27413.30,27472.50,27051.50,27172.10,78562.344
2023-09-19T20:00:00Z,27172.10,27213,26970,27196,32686.427
2023-09-20T00:00:00Z,27195.90,27381,27070.20,27106.40,46102.861
2023-09-20T04:00:00Z,27106.40,27149.80,26923.30,27089.50,42439.459
2023-09-20T08:00:00Z,27089.50,27182,26930.30,27085.40,49758.677
2023-09-20T12:00:00Z,27085.50,27228.80,26980.20,27168.70,57533.026
2023-09-20T16:00:00Z,27168.70,27297.90,26740,26916.60,107628.888
2023-09-20T20:00:00Z,26916.50,27235,26901.50,27107.70,45458.536
2023-09-21T00:00:00Z,27107.70,27149,26917.40,27027,30052.613
2023-09-21T04:00:00Z,27026.90,27092.40,26966.10,26978.40,23776.774
2023-09-21T08:00:00Z,26978.40,27008,26612.50,26722.70,93622.742
2023-09-21T12:00:00Z,26722.80,26769.80,26360.10,26567.70,114858.409
2023-09-21T16:00:00Z,26567.60,26685.70,26530.80,26589.10,36731.887
2023-09-21T20:00:00Z,26589.10,26611.20,26484,26552.60,18950.444
2023-09-22T00:00:00Z,26552.60,26655.90,26452.90,26616.80,37106.938
2023-09-22T04:00:00Z,26616.90,26697.50,26559.40,26660.90,22750.565
2023-09-22T08:00:00Z,26660.90,26737.70,26573,26630,29533.611
2023-09-22T12:00:00Z,26630.10,26688.20,26540.60,26619.90,37446.737
2023-09-22T16:00:00Z,26619.90,26632.50,26514,26525.10,26689.549
2023-09-22T20:00:00Z,26525,26588,26468.50,26566.70,20007.248
2023-09-23T00:00:00Z,26566.70,26606.20,26510.30,26519.10,12073.369
2023-09-23T04:00:00Z,26519,26575,26492.20,26572,10417.851
2023-09-23T08:00:00Z,26571.90,26583.70,26540.90,26562.50,6701.253
2023-09-23T12:00:00Z,26562.50,26580,26530.10,26567.50,9319.412
2023-09-23T16:00:00Z,26567.40,26620.60,26545.40,26594.40,11673.719
2023-09-23T20:00:00Z,26594.40,26600,26542,26563.10,7650.880
2023-09-24T00:00:00Z,26563,26581,26545,26559.90,5356.621
2023-09-24T04:00:00Z,26559.90,26563.70,26529.60,26552.40,7566.917
2023-09-24T08:00:00Z,26552.40,26604.10,26552.40,26587.60,9640.933
2023-09-24T12:00:00Z,26587.50,26618.70,26547.40,26566,9585.646
2023-09-24T16:00:00Z,26566,26739.90,26300,26432.50,70195.077
2023-09-24T20:00:00Z,26432.50,26512,26081,26232.40,44287.579
2023-09-25T00:00:00Z,26232.40,26327.20,25965,26148.60,70354.152
2023-09-25T04:00:00Z,26148.50,26186,26025,26176.80,29109.864
2023-09-25T08:00:00Z,26176.70,26223,26010,26064.60,33861.773
2023-09-25T12:00:00Z,26064.50,26289.90,25977,26230.90,58173.701
2023-09-25T16:00:00Z,26231,26419.40,26205.20,26318.60,53507.097
2023-09-25T20:00:00Z,26318.60,26440,26247.60,26290.50,23379.249
2023-09-26T00:00:00Z,26290.50,26388,26221,26338.80,20252.741
2023-09-26T04:00:00Z,26338.80,26353.30,26241.40,26256.30,15914.017
2023-09-26T08:00:00Z,26256.30,26322.40,26170.10,26262.40,29884.397
2023-09-26T12:00:00Z,26262.40,26296.60,26073.80,26114.80,54594.034
2023-09-26T16:00:00Z,26114.80,26289.90,26100.80,26235.80,36140.137
2023-09-26T20:00:00Z,26235.80,26280.90,26080,26208.80,23705.843
2023-09-27T00:00:00Z,26208.70,26281.50,26189.10,26266.90,18602.743
2023-09-27T04:00:00Z,26266.90,26280.10,26220.90,26233.40,10642.421
2023-09-27T08:00:00Z,26233.40,26840,26209,26755.80,110026.569
2023-09-27T12:00:00Z,26755.70,26849.90,26050,26293.40,148747.146
2023-09-27T16:00:00Z,26293.40,26303.70,26100,26258.60,42912.849
2023-09-27T20:00:00Z,26258.60,26374.90,26211.60,26359.60,22071.112
2023-09-28T00:00:00Z,26359.60,26549.90,26325.20,26363.80,49942.892
2023-09-28T04:00:00Z,26363.90,26496.70,26331.30,26445.70,28674.300
2023-09-28T08:00:00Z,26445.70,26620,26373.80,26464.40,45294.642
2023-09-28T12:00:00Z,26464.30,27075,26450,27012.30,132544.747
2023-09-28T16:00:00Z,27012.30,27308.70,26837.30,27088.50,134967.954
2023-09-28T20:00:00Z,27088.50,27157.20,26880,27011.80,38163.323
2023-09-29T00:00:00Z,27011.70,27130.20,26850,26944.60,42839.718
2023-09-29T04:00:00Z,26944.60,27231.50,26878.60,27168,39122.680
2023-09-29T08:00:00Z,27167.90,27168,26943,26958.30,35285.347
2023-09-29T12:00:00Z,26958.30,27098,26625,26874.80,112690.562
2023-09-29T16:00:00Z,26874.90,26944.60,26731,26912.70,33353.821
2023-09-29T20:00:00Z,26912.60,26979,26850.10,26890.90,14105.515
2023-09-30T00:00:00Z,26890.90,26934.90,26870.40,26904.10,10407.031
2023-09-30T04:00:00Z,26904.10,26949.50,26895.80,26915.90,9597.371
2023-09-30T08:00:00Z,26915.90,26987.60,26906,26924.30,13578.452
2023-09-30T12:00:00Z,26924.30,27085,26890.40,26986.20,28820.462
2023-09-30T16:00:00Z,26986.20,27032.70,26958,27011.20,14178.557
2023-09-30T20:00:00Z,27011.20,27070.40,26929.80,26950.90,15735.281
2023-10-01T00:00:00Z,26951,27039.70,26939,27033,10992.693
2023-10-01T04:00:00Z,27032.90,27148,27004.20,27092.10,19731.287
2023-10-01T08:00:00Z,27092.10,27279.50,27070.50,27174.20,39467.035
2023-10-01T12:00:00Z,27174.20,27219.70,27067.40,27135.80,29636.282
2023-10-01T16:00:00Z,27135.80,27142.50,27021.40,27091.10,18484.665
2023-10-01T20:00:00Z,27091,28365.20,27015,27981.40,122070.984
2023-10-02T00:00:00Z,27981.40,28231,27811.60,28114.80,63793.400
2023-10-02T04:00:00Z,28114.90,28428.20,27880,28299.10,82541.474
2023-10-02T08:00:00Z,28299.20,28477,28177,28183.20,85556.305
2023-10-02T12:00:00Z,28183.10,28613,27971,28015,142209.369
2023-10-02T16:00:00Z,28015,28115,27614.60,27955.30,130189.706
2023-10-02T20:00:00Z,27955.30,27955.40,27255,27477.60,88987.466
2023-10-03T00:00:00Z,27477.70,27627.90,27366.10,27585.80,39247.385
2023-10-03T04:00:00Z,27585.80,27665,27510.10,27528.10,24066.057
2023-10-03T08:00:00Z,27528,27630,27458.30,27549.10,33099.203
2023-10-03T12:00:00Z,27549.10,27569.20,27212.30,27332,90415.792
2023-10-03T16:00:00Z,27332.10,27479.50,27230,27263.80,47928.263
2023-10-03T20:00:00Z,27263.80,27459.70,27123,27412,48321.199
2023-10-04T00:00:00Z,27412,27500,27163.90,27416.30,57221.782
2023-10-04T04:00:00Z,27416.30,27442,27335.80,27442,18072.198
2023-10-04T08:00:00Z,27442,27627.60,27420.50,27559.90,43059.287
2023-10-04T12:00:00Z,27560,27619.40,27317.10,27388.30,55560.806
2023-10-04T16:00:00Z,27388.30,27830,27385.80,27606,72614.286
2023-10-04T20:00:00Z,27606.30,27824,27550,27759.80,34255.963
2023-10-05T00:00:00Z,27759.70,27890,27631,27638.10,34804.893
2023-10-05T04:00:00Z,27638,27688.40,27533.10,27595.30,23303.247
2023-10-05T08:00:00Z,27595.40,27764.90,27578.10,27710.70,26856.381
2023-10-05T12:00:00Z,27710.60,28110,27380,27540,182212.597
2023-10-05T16:00:00Z,27540,27609.90,27333.50,27457.10,80769.835
2023-10-05T20:00:00Z,27457.10,27497.20,27368.50,27398.40,22243.134
2023-10-06T00:00:00Z,27398.30,27582.80,27382.60,27544.80,28560.582
2023-10-06T04:00:00Z,27544.80,27644,27450,27626.80,29148.850
2023-10-06T08:00:00Z,27626.80,27785,27571.10,27750,52630.037
2023-10-06T12:00:00Z,27750,28035.60,27156,27926.50,192446.196
2023-10-06T16:00:00Z,27926.60,28030,27773,27939.10,74173.973
2023-10-06T20:00:00Z,27939.10,28450,27861,27916.30,61486.266
2023-10-07T00:00:00Z,27916.30,27944.60,27822.10,27890.90,26866.234
2023-10-07T04:00:00Z,27891,27933,27858.40,27878.20,13365.886
2023-10-07T08:00:00Z,27878.10,28018.70,27865.40,27929.40,28790.238
2023-10-07T12:00:00Z,27929.40,27974.80,27882.60,27926.40,17899.853
2023-10-07T16:00:00Z,27926.50,27952.60,27831.80,27849.70,19860.578
2023-10-07T20:00:00Z,27849.70,27947.80,27838.50,27943,10266.356
2023-10-08T00:00:00Z,27943,28082,27924.90,28049.90,23359.962
2023-10-08T04:00:00Z,28050,28061.50,27864.60,27892.40,28017.337
2023-10-08T08:00:00Z,27892.40,27927,27758.90,27799.20,31081.884
2023-10-08T12:00:00Z,27799.20,27989.80,27671,27883.50,50314.194
2023-10-08T16:00:00Z,27883.50,27937.10,27791,27880.40,23250.062
2023-10-08T20:00:00Z,27880.30,27968.70,27780.40,27901.20,22356.868
2023-10-09T00:00:00Z,27901.20,27977,27780.30,27911.90,26462.524
2023-10-09T04:00:00Z,27911.90,27934,27800,27804.60,18810.001
2023-10-09T08:00:00Z,27804.60,27834.80,27392,27455.90,93264.706
2023-10-09T12:00:00Z,27456,27567.20,27358.20,27433,60971.215
2023-10-09T16:00:00Z,27433.10,27739.60,27250,27607.60,99593.955
2023-10-09T20:00:00Z,27607.70,27644,27542.30,27578.30,15214.180
2023-10-10T00:00:00Z,27578.40,27695.10,27482,27621.60,24570.120
2023-10-10T04:00:00Z,27621.50,27694.90,27565.20,27634.90,18658.884
2023-10-10T08:00:00Z,27634.90,27727.30,27486.50,27494.10,30924.696
2023-10-10T12:00:00Z,27494,27622.90,27318.20,27395.50,94338.609
2023-10-10T16:00:00Z,27395.60,27503.70,27281,27386.40,54866.291
2023-10-10T20:00:00Z,27386.30,27458.20,27308.10,27381.20,16420.896
2023-10-11T00:00:00Z,27381.30,27467.60,27000,27000.70,71637.656
2023-10-11T04:00:00Z,27000.70,27131.10,26951.70,27012.80,38485.424
2023-10-11T08:00:00Z,27012.70,27320,27002.90,27185,57423.710
2023-10-11T12:00:00Z,27185,27252.60,26700,26769.10,99768.493
2023-10-11T16:00:00Z,26769.20,26788,26525,26753.70,92108.467
2023-10-11T20:00:00Z,26753.80,26879.70,26666,26864.50,28762.821
2023-10-12T00:00:00Z,26864.50,26939,26722.40,26836.10,30667.853
2023-10-12T04:00:00Z,26836,26909.90,26768.80,26799.40,22534.945
2023-10-12T08:00:00Z,26799.30,26856.50,26650,26827.40,41185.888
2023-10-12T12:00:00Z,26827.40,26853.90,26606.20,26665.40,52342.586
2023-10-12T16:00:00Z,26665.40,26800,26534.80,26700.30,58269.011
2023-10-12T20:00:00Z,26700.20,26767.20,26692,26744,15278.757
2023-10-13T00:00:00Z,26744,26869.70,26733.90,26769.50,24001.868
2023-10-13T04:00:00Z,26769.50,26929,26765.30,26857.80,22538.169
2023-10-13T08:00:00Z,26857.90,26892.30,26722.20,26809.90,25998.200
2023-10-13T12:00:00Z,26810,26972.80,26670.10,26693,52873.449
2023-10-13T16:00:00Z,26692.90,26797.90,26675,26768.90,24426.388
2023-10-13T20:00:00Z,26769,27120.80,26733.30,26849.80,93384.080
2023-10-14T00:00:00Z,26849.70,26986.40,26828.50,26918.20,19650.991
2023-10-14T04:00:00Z,26918.20,26926.40,26828.40,26860.50,14754.421
2023-10-14T08:00:00Z,26860.40,26892.70,26835,26860.10,9363.893
2023-10-14T12:00:00Z,26860.10,26930,26837.60,26927.90,13284.216
2023-10-14T16:00:00Z,26927.90,26937.90,26835.10,26851.50,12979.142
2023-10-14T20:00:00Z,26851.50,26869.60,26773.10,26836.30,12132.118
2023-10-15T00:00:00Z,26836.40,26896.30,26801,26871.40,10726.522
2023-10-15T04:00:00Z,26871.40,26879.70,26858.70,26872.70,4452.648
2023-10-15T08:00:00Z,26872.70,26909.60,26830.10,26840.40,9730.730
2023-10-15T12:00:00Z,26840.50,26958,26790.40,26885.60,26678.931
2023-10-15T16:00:00Z,26885.70,27073,26880,27030.10,33519.650
2023-10-15T20:00:00Z,27030.10,27456.10,27000.90,27139.80,74891.981
2023-10-16T00:00:00Z,27139.80,27274.80,27095.40,27221.40,30333.494
2023-10-16T04:00:00Z,27221.40,28168.60,27176.50,27837.20,135418.862
2023-10-16T08:00:00Z,27837.20,27890.20,27627.40,27737,51669.121
2023-10-16T12:00:00Z,27737,30720,27695,28054,460430.717
2023-10-16T16:00:00Z,28054.10,28797.90,28050,28457.90,99403.401
2023-10-16T20:00:00Z,28457.90,28633.30,28220.70,28486.30,45748.187
2023-10-17T00:00:00Z,28486.30,28534.40,28220,28259.90,36125.262
2023-10-17T04:00:00Z,28259.90,28452.80,28055,28408.20,53559.877
2023-10-17T08:00:00Z,28408.10,28605,28339,28408.80,53722.165
2023-10-17T12:00:00Z,28408.80,28567.70,28117,28445.80,98853.837
2023-10-17T16:00:00Z,28445.70,28596,28290,28499,47386.641
2023-10-17T20:00:00Z,28499,28544.30,28360,28381.90,24541.976
2023-10-18T00:00:00Z,28382,28500,28307.60,28498,25903.379
2023-10-18T04:00:00Z,28498.10,29100,28428.30,28485.10,98878.725
2023-10-18T08:00:00Z,28485.10,28584.90,28204.80,28327.30,56065.947
2023-10-18T12:00:00Z,28327.30,28393.20,28126.60,28235.30,58145.616
2023-10-18T16:00:00Z,28235.40,28423.40,28215.40,28233.30,37847.066
2023-10-18T20:00:00Z,28233.20,28363.10,28169.40,28307.10,20335.895
2023-10-19T00:00:00Z,28307.20,28404.60,28076,28247.20,37586.343
2023-10-19T04:00:00Z,28247.10,28337,28214.60,28315,20030.293
2023-10-19T08:00:00Z,28314.90,28498.20,28267.40,28436,41218.539
2023-10-19T12:00:00Z,28436.10,28801.60,28402.20,28659.50,110935.001
2023-10-19T16:00:00Z,28659.50,28933.40,28436.80,28734.70,87672.406
2023-10-19T20:00:00Z,28734.60,28883.70,28579.10,28696.90,36230.625
2023-10-20T00:00:00Z,28697,29400,28560,29222.80,110977.215
2023-10-20T04:00:00Z,29222.90,29405.40,29110,29228.50,65201.301
2023-10-20T08:00:00Z,29228.60,30243,29214.40,29829.90,187724.326
2023-10-20T12:00:00Z,29829.90,29900,29358.50,29538.70,114980.851
2023-10-20T16:00:00Z,29538.70,29578.60,29304,29549.80,37889.277
2023-10-20T20:00:00Z,29549.80,29784.50,29493.90,29653,34232.357
2023-10-21T00:00:00Z,29653,29678.60,29443.50,29591,29916.160
2023-10-21T04:00:00Z,29591,29725.80,29524.40,29681,23434.404
2023-10-21T08:00:00Z,29681.10,29871,29614.10,29794.70,35531.903
2023-10-21T12:00:00Z,29794.60,29973.90,29651,29916.50,45925.791
2023-10-21T16:00:00Z,29916.40,30374.60,29827.90,30128.70,95227.025
2023-10-21T20:00:00Z,30128.70,30145.10,29828.50,29895.40,28160.673
2023-10-22T00:00:00Z,29895.40,30069.40,29830,29897.10,25140.596
2023-10-22T04:00:00Z,29897,30229.70,29606.60,29800.50,63566.224
2023-10-22T08:00:00Z,29800.40,29981.80,29761.80,29895.90,35445.364
2023-10-22T12:00:00Z,29895.90,29962.60,29760.60,29815.30,23241.376
2023-10-22T16:00:00Z,29815.30,29936.90,29789.20,29830,17704.233
2023-10-22T20:00:00Z,29830,30060.20,29698,29981.50,33504.965
2023-10-23T00:00:00Z,29981.40,30818,29869.40,30724,128693.194
2023-10-23T04:00:00Z,30723.90,30990,30414.60,30508,109848.892
2023-10-23T08:00:00Z,30508,30777,30333,30644.40,67538.200
2023-10-23T12:00:00Z,30644.40,30963.20,30378.50,30864.10,89661.663
2023-10-23T16:00:00Z,30864.10,31430.90,30356.30,31339.90,214050.486
2023-10-23T20:00:00Z,31340.30,35981.90,31302.20,33074,377949.101
2023-10-24T00:00:00Z,33074,35300,32833.50,34071.10,281275.402
2023-10-24T04:00:00Z,34071.10,34597.90,33710,34025.90,120913.576
2023-10-24T08:00:00Z,34025.80,34888,33966,34550,105261.541
2023-10-24T12:00:00Z,34549.90,34849.40,33244,33674,208284.691
2023-10-24T16:00:00Z,33673.90,34398.90,33379.20,33792,118528.892
2023-10-24T20:00:00Z,33792,34307.50,33485.30,33917,87728.961
2023-10-25T00:00:00Z,33917,34388,33768.60,34003.60,57595.248
2023-10-25T04:00:00Z,34003.70,34209.40,33660.60,33853.40,54109.284
2023-10-25T08:00:00Z,33853.40,34479,33773.30,34195.50,73790.394
2023-10-25T12:00:00Z,34195.50,35035,34191.80,34841.40,133247.736
2023-10-25T16:00:00Z,34841.50,35154.30,34364.60,34732.10,96963.113
2023-10-25T20:00:00Z,34732,34847,34203.50,34487.70,49661.369
2023-10-26T00:00:00Z,34487.80,34828.70,34407.20,34783.30,35395.926
2023-10-26T04:00:00Z,34783.40,34809.40,34401.70,34648.70,42947.591
2023-10-26T08:00:00Z,34648.60,34745,33963,34104.20,78784.898
2023-10-26T12:00:00Z,34104.10,34368.10,33830,34050,100683.302
2023-10-26T16:00:00Z,34050.10,34150,33750,34052.10,54840.371
2023-10-26T20:00:00Z,34052.20,34287.50,34026.60,34154,26900.876
2023-10-27T00:00:00Z,34154,34179.60,33774,34124,41120.404
2023-10-27T04:00:00Z,34124.10,34253.30,33929.30,33954,34654.711
2023-10-27T08:00:00Z,33954,34185.30,33950,34055.30,31645.835
2023-10-27T12:00:00Z,34055.10,34220,33826.50,34010.90,70781.969
2023-10-27T16:00:00Z,34010.80,34042.20,33350,33705.50,75435.791
2023-10-27T20:00:00Z,33705.60,33948.90,33686,33893.10,24414.268
2023-10-28T00:00:00Z,33893.20,34188.80,33867.40,34068.50,22390.809
2023-10-28T04:00:00Z,34068.50,34199.50,34026,34057.20,18557.200
2023-10-28T08:00:00Z,34057.20,34535.80,34038,34182.50,40302.883
2023-10-28T12:00:00Z,34182.50,34248,33930,34199.90,35544.233
2023-10-28T16:00:00Z,34200,34230.70,34082,34118.30,12120.435
2023-10-28T20:00:00Z,34118.30,34200,34063,34086.60,9399.372
2023-10-29T00:00:00Z,34086.70,34110.50,33956.10,33981,15394.255
2023-10-29T04:00:00Z,33981,34147.70,33933,34086,13244.568
2023-10-29T08:00:00Z,34086.10,34349.40,34082,34272.60,29265.085
2023-10-29T12:00:00Z,34272.60,34579.70,34272.30,34462.50,46402.449
2023-10-29T16:00:00Z,34462.60,34773.80,34382,34571.50,45097.210
2023-10-29T20:00:00Z,34571.60,34746.70,34400,34528.60,26493.983
2023-10-30T00:00:00Z,34528.60,34578.80,34179,34276.50,32214.955
2023-10-30T04:00:00Z,34276.60,34358.70,34104,34191.70,32179.605
2023-10-30T08:00:00Z,34191.80,34700,34161.70,34627.90,54749.558
2023-10-30T12:00:00Z,34627.80,34888.20,34474,34664.50,76712.349
2023-10-30T16:00:00Z,34664.50,34664.50,34050,34440,66042.980
2023-10-30T20:00:00Z,34440,34593.10,34320.10,34483.80,19941.901
2023-10-31T00:00:00Z,34483.80,34620.70,34206.10,34219.90,32408.780
2023-10-31T04:00:00Z,34219.90,34360,34080,34151.90,37841.567
2023-10-31T08:00:00Z,34151.90,34563.60,34016.80,34504,53119.465
2023-10-31T12:00:00Z,34504.10,34533.10,34133.70,34290.20,64813.253
2023-10-31T16:00:00Z,34290.30,34632,34240,34553.50,44732.189
2023-10-31T20:00:00Z,34553.60,34744.70,34439.50,34651.40,39535.313
2023-11-01T00:00:00Z,34651.40,34684,34406.40,34430,25982.006
2023-11-01T04:00:00Z,34429.90,34520,34330.40,34463.90,21007.703
2023-11-01T08:00:00Z,34464,34515.10,34354,34442.90,19664.578
2023-11-01T12:00:00Z,34442.90,35249,34076,34296.90,195410.790
2023-11-01T16:00:00Z,34296.90,34750,34288.80,34564.30,76906.503
2023-11-01T20:00:00Z,34564.10,35734,34538.60,35437.40,130243.207
2023-11-02T00:00:00Z,35437.50,35999.90,35378.30,35578,85831.894
2023-11-02T04:00:00Z,35577.90,35613,35050,35280.70,66376.670
2023-11-02T08:00:00Z,35280.60,35487,35095.10,35377.50,37839.651
2023-11-02T12:00:00Z,35377.60,35468,34533.10,34645.20,113228.454
2023-11-02T16:00:00Z,34645.10,35021,34300,34998.20,70647.292
2023-11-02T20:00:00Z,34998.20,35099,34705,34940.10,36297.766
2023-11-03T00:00:00Z,34940.10,34944.90,34364.10,34680,44337.168
2023-11-03T04:00:00Z,34680.10,34700,34300.10,34470,41537.366
2023-11-03T08:00:00Z,34469.90,34618,34123,34265.50,65758.640
2023-11-03T12:00:00Z,34265.50,34850,34155.40,34759.50,74192.851
2023-11-03T16:00:00Z,34759.50,34825,34304.10,34518.10,59377.724
2023-11-03T20:00:00Z,34518.10,34738,34469.40,34700.40,20844.450
2023-11-04T00:00:00Z,34700.50,34774,34620.10,34699.90,16221.894
2023-11-04T04:00:00Z,34700,35111,34571.60,34759.10,40608.763
2023-11-04T08:00:00Z,34759.20,34880,34668.70,34706.20,17082.279
2023-11-04T12:00:00Z,34706.20,34799,34632.50,34709.80,16159.641
2023-11-04T16:00:00Z,34709.90,34792,34685.10,34721.20,8516.209
2023-11-04T20:00:00Z,34721.10,35270,34700,35069.70,42158.088
2023-11-05T00:00:00Z,35069.70,35350,34933.30,35292.10,31036.506
2023-11-05T04:00:00Z,35292.40,35328,35052.80,35175.40,27622.255
2023-11-05T08:00:00Z,35175.50,35210.40,35023.10,35103.50,19853.909
2023-11-05T12:00:00Z,35103.60,35187,34758,34893.90,45238.598
2023-11-05T16:00:00Z,34893.90,35298,34878,35001.30,37504.830
2023-11-05T20:00:00Z,35001.20,35455.20,34356,35025.50,70107.241
2023-11-06T00:00:00Z,35025.50,35137.90,34840.60,34992.90,29591.552
2023-11-06T04:00:00Z,34992.90,35044,34743.20,34918.50,22037.734
2023-11-06T08:00:00Z,34918.50,35299.90,34836.40,35253.10,41969.923
2023-11-06T12:00:00Z,35253.10,35281.50,34911,35094.50,53421.227
2023-11-06T16:00:00Z,35094.50,35129.40,34821,35076.70,33564.290
2023-11-06T20:00:00Z,35076.70,35172.90,34905,35057.40,21642.489
2023-11-07T00:00:00Z,35057.50,35066,34808,34932,24909.176
2023-11-07T04:00:00Z,34931.90,34988,34835.50,34947.30,15565.456
2023-11-07T08:00:00Z,34947.30,34988,34552.20,34633.30,58015.083
2023-11-07T12:00:00Z,34633.30,34849.40,34520.30,34728.40,43458.375
2023-11-07T16:00:00Z,34728.50,35609.40,34560,35473.40,111860.410
2023-11-07T20:00:00Z,35473.50,35921.70,35211,35406.50,89717.450
2023-11-08T00:00:00Z,35406.50,35436.10,35241.10,35287.80,23196.039
2023-11-08T04:00:00Z,35287.80,35378.90,35172.70,35239.60,23787.980
2023-11-08T08:00:00Z,35239.50,35449.90,35192.10,35336.70,29404.328
2023-11-08T12:00:00Z,35336.70,35485,35073,35231.30,46076.990
2023-11-08T16:00:00Z,35231.40,35791.90,35194.30,35630.90,66866.299
2023-11-08T20:00:00Z,35630.80,36150,35390,35626.70,145447.813
2023-11-09T00:00:00Z,35626.70,36888,35538.80,36455.50,116651.935
2023-11-09T04:00:00Z,36455.50,36884,36422,36550.60,76650.108
2023-11-09T08:00:00Z,36550.60,37018.10,36550.60,36816.90,67229.757
2023-11-09T12:00:00Z,36816.90,38499.90,36768,37141.50,251180.076
2023-11-09T16:00:00Z,37141.50,37277.10,35304,36399.50,206634.151
2023-11-09T20:00:00Z,36399.40,36798,36150.60,36719.50,60531.910
2023-11-10T00:00:00Z,36719.60,36940.60,36461.80,36754.90,38262.779
2023-11-10T04:00:00Z,36754.90,36836.80,36465.40,36480.20,28861.956
2023-11-10T08:00:00Z,36480.30,37165.30,36350,37098.90,61055.127
2023-11-10T12:00:00Z,37098.90,37276,36821.20,37118.40,68307.178
2023-11-10T16:00:00Z,37092.60,37474,37092.50,37253.50,53891.739
2023-11-10T20:00:00Z,37253.60,37570,37080,37330.40,36941.818
2023-11-11T00:00:00Z,37330.30,37422.20,36921.10,37064.20,37053.940
2023-11-11T04:00:00Z,37064.20,37159.70,36942,37030.50,20786.682
2023-11-11T08:00:00Z,37030.50,37087,36935.10,37014.10,17266.407
2023-11-11T12:00:00Z,37014.10,37297.90,36977.60,37071.50,29677.686
2023-11-11T16:00:00Z,37071.50,37211.80,37051,37177.90,16121.948
2023-11-11T20:00:00Z,37177.80,37190,36588,37162.10,38332.621
2023-11-12T00:00:00Z,37162.10,37222.90,36753.60,37016.50,27857.823
2023-11-12T04:00:00Z,37016.40,37200,36932.20,37154.10,17954.795
2023-11-12T08:00:00Z,37154.10,37167,37057.10,37087.70,12538.794
2023-11-12T12:00:00Z,37087.60,37258.40,36955,37178.30,27140.964
2023-11-12T16:00:00Z,37178.30,37247.70,37080.10,37134,14955.336
2023-11-12T20:00:00Z,37134,37244.40,36960,37085.50,18442.333
2023-11-13T00:00:00Z,37085.60,37464.80,36870.10,36941.30,47927.465
2023-11-13T04:00:00Z,36941.20,37069.90,36760,36982.50,30151.399
2023-11-13T08:00:00Z,36982.50,37065.90,36710,36838.30,25635.208
2023-11-13T12:00:00Z,36837.50,36975.60,36546.50,36871.70,62692.723
2023-11-13T16:00:00Z,36871.70,37074.30,36624.80,36877.60,38835.792
2023-11-13T20:00:00Z,36877.60,36910.80,36350,36486.20,51833.061
2023-11-14T00:00:00Z,36486.20,36514.20,36220.40,36473,38113.088
2023-11-14T04:00:00Z,36473.10,36740.80,36404.80,36705.50,21584.608
2023-11-14T08:00:00Z,36705.50,36779.90,36258.20,36288.80,45655.802
2023-11-14T12:00:00Z,36288.90,36720,35665.20,36168.70,106046.364
2023-11-14T16:00:00Z,36168.80,36449,34446.30,35305.90,142061.757
2023-11-14T20:00:00Z,35306,35689,35230,35559,43804.181
2023-11-15T00:00:00Z,35559.10,35685,35388,35408.40,25472.458
2023-11-15T04:00:00Z,35408.50,35683.80,35401.20,35597.40,17835.383
2023-11-15T08:00:00Z,35597.80,36296.40,35593,36254.40,56559.590
2023-11-15T12:00:00Z,36254.50,36430,36018.30,36412.10,63657.595
2023-11-15T16:00:00Z,36412.20,37845,36256,37527.40,177826.354
2023-11-15T20:00:00Z,37527.40,38000,37319.30,37885.60,82467.190
2023-11-16T00:00:00Z,37885.50,37956.50,37353.80,37479.90,53899.391
2023-11-16T04:00:00Z,37479.80,37645.90,37351,37460.70,27546.983
2023-11-16T08:00:00Z,37460.60,37574.90,37150,37272.10,55316.429
2023-11-16T12:00:00Z,37272,37352.50,36251,36423.10,132320.017
2023-11-16T16:00:00Z,36423.30,36658.20,35486.10,35936.50,109707.497
2023-11-16T20:00:00Z,35936.40,36284,35671.20,36176,55654.049
2023-11-17T00:00:00Z,36176,36687.40,36108.30,36496,42071.401
2023-11-17T04:00:00Z,36495.90,36537.10,36143.80,36252,31303.977
2023-11-17T08:00:00Z,36251.90,36480.50,36129.40,36383.80,40926.634
2023-11-17T12:00:00Z,36383.90,36636.70,35868.30,36059,82165.613
2023-11-17T16:00:00Z,36059.10,37020.50,35917.10,36336.20,92733.982
2023-11-17T20:00:00Z,36336.30,36762.60,36320.30,36621.90,30741.444
2023-11-18T00:00:00Z,36621.90,36625.70,36364.10,36384.90,15853.958
2023-11-18T04:00:00Z,36385,36443.30,36196,36429,18850.646
2023-11-18T08:00:00Z,36429,36550,36389.30,36417,15799.979
2023-11-18T12:00:00Z,36417,36693,36364.80,36671.90,23703.110
2023-11-18T16:00:00Z,36672,36900,36605,36688.40,29325.213
2023-11-18T20:00:00Z,36688.40,36720,36450,36580.90,18188.016
2023-11-19T00:00:00Z,36580.90,36584,36400,36527.70,14245.189
2023-11-19T04:00:00Z,36527.60,36684.90,36492.30,36624,14240.947
2023-11-19T08:00:00Z,36624,36720.90,36380,36459.10,20218.168
2023-11-19T12:00:00Z,36459,36580,36383,36575.10,19057.090
2023-11-19T16:00:00Z,36575.10,37000,36515.50,36961.90,33690.594
2023-11-19T20:00:00Z,36962,37528.20,36816.50,37375.90,53261.019
2023-11-20T00:00:00Z,37375.80,37397.20,37050,37131.90,33529.759
2023-11-20T04:00:00Z,37132,37280,37055,37261.10,20490.985
2023-11-20T08:00:00Z,37261,37445.50,37070.10,37161,38029.772
2023-11-20T12:00:00Z,37160.90,37525,36600,37475.10,76247.465
2023-11-20T16:00:00Z,37475,37784.70,36780,37584.50,109983.189
2023-11-20T20:00:00Z,37584.50,37631.10,37284.90,37462.50,32222.867
2023-11-21T00:00:00Z,37462.60,37675,37321.10,37485.40,28223.370
2023-11-21T04:00:00Z,37485.40,37503.70,37250.40,37297.10,21758.129
2023-11-21T08:00:00Z,37297.10,37439.50,37156,37189.50,22046.215
2023-11-21T12:00:00Z,37189.60,37245.70,36212.20,36975.90,162299.956
2023-11-21T16:00:00Z,36975.80,37531,36600,36989.90,121016.640
2023-11-21T20:00:00Z,36989.90,37190,35720,35737,95386.850
2023-11-22T00:00:00Z,35737,36387.40,35610.70,36378.80,52166.303
2023-11-22T04:00:00Z,36378.80,36560,36320.50,36430.70,30725.313
2023-11-22T08:00:00Z,36430.70,36779,36385.40,36465.90,39778.070
2023-11-22T12:00:00Z,36465.80,36654.80,36240,36480.50,53069.221
2023-11-22T16:00:00Z,36480.60,37448,36371.20,37297,84661.791
2023-11-22T20:00:00Z,37296.90,37880,37219.20,37413.40,77788.920
2023-11-23T00:00:00Z,37413.50,37548,37263,37311,25514.516
2023-11-23T04:00:00Z,37311,37425,37275,37378.50,15836.297
2023-11-23T08:00:00Z,37378.50,37650,37135.80,37378.20,41679.819
2023-11-23T12:00:00Z,37378.10,37544.90,36856.30,36954.10,54796.289
2023-11-23T16:00:00Z,36954.10,37378,36921.60,37282.30,30849.082
2023-11-23T20:00:00Z,37282.40,37391.50,37209,37294.30,16693.928
2023-11-24T00:00:00Z,37294.40,37487,37257.30,37314,18097.677
2023-11-24T04:00:00Z,37314,37587,37300.10,37531.10,16209.110
2023-11-24T08:00:00Z,37531.10,38200,37427.30,37749.70,101988.606
2023-11-24T12:00:00Z,37749.80,38425,37600,38217.30,108980.160
2023-11-24T16:00:00Z,38217.30,38351.20,37551,37758.50,78638.769
2023-11-24T20:00:00Z,37758.50,37940.80,37560.80,37706.30,27117.401
2023-11-25T00:00:00Z,37706.30,37840,37671.40,37790.90,16604.380
2023-11-25T04:00:00Z,37791,37830.50,37708.10,37795,10329.999
2023-11-25T08:00:00Z,37795,37827,37570.90,37645,19110.646
2023-11-25T12:00:00Z,37645,37732.40,37607.60,37697.80,12380.976
2023-11-25T16:00:00Z,37697.70,37833,37697.70,37805.90,11566.645
2023-11-25T20:00:00Z,37806,37886.50,37693.20,37766.60,12596.683
2023-11-26T00:00:00Z,37766.70,37775.70,37650,37721,7935.275
2023-11-26T04:00:00Z,37721.10,37788.50,37685.60,37773.50,7859.206
2023-11-26T08:00:00Z,37773.50,37807.60,37650.20,37663,11524.478
2023-11-26T12:00:00Z,37662.90,37669.80,37248,37418,60061.080
2023-11-26T16:00:00Z,37418,37492.70,37126,37360,40369.592
2023-11-26T20:00:00Z,37360.10,37744.90,37306.50,37437.90,46009.013
2023-11-27T00:00:00Z,37437.90,37560,37174.20,37295.80,28575.150
2023-11-27T04:00:00Z,37295.80,37416,37005,37272.10,27786.973
2023-11-27T08:00:00Z,37272,37457,36829.80,37023.30,55968.207
2023-11-27T12:00:00Z,37023.30,37094.90,36725.10,36743.20,70777.885
2023-11-27T16:00:00Z,36743.30,37145.40,36700,36868.60,52965.043
2023-11-27T20:00:00Z,36868.50,37279,36776,37234.30,30039.441
2023-11-28T00:00:00Z,37234.40,37338,37088.80,37119.90,22710.030
2023-11-28T04:00:00Z,37119.90,37135,36856,37087.20,30887.123
2023-11-28T08:00:00Z,37087.20,37259.60,36917.40,37250.10,26457.181
2023-11-28T12:00:00Z,37250,37568.60,37140,37502.20,53900.949
2023-11-28T16:00:00Z,37502.10,38395,37502.10,38105,140598.219
2023-11-28T20:00:00Z,38104.70,38270,37655.20,37812.10,43872.825
2023-11-29T00:00:00Z,37812,38091.90,37663.20,37938.10,30709.361
2023-11-29T04:00:00Z,37938.10,38238,37862.30,38095.70,26105.017
2023-11-29T08:00:00Z,38095.70,38500,37895.20,38098.60,68446.660
2023-11-29T12:00:00Z,38098.60,38285,37551.80,37817.60,74648.858
2023-11-29T16:00:00Z,37817.60,37924.50,37641,37861.10,35143.407
2023-11-29T20:00:00Z,37861,37871.70,37564.20,37837.10,26578.578
2023-11-30T00:00:00Z,37837.20,38035,37673,38034.50,22657.392
2023-11-30T04:00:00Z,38034.40,38132,37755.80,37783.20,29222.672
2023-11-30T08:00:00Z,37783.10,37895,37570.90,37867.10,34148.450
2023-11-30T12:00:00Z,37867.10,37964.60,37442.90,37614,68467.071
2023-11-30T16:00:00Z,37613.90,37807,37520,37745.30,22089.275
2023-11-30T20:00:00Z,37745.40,37805,37585,37716.80,14604.011
2023-12-01T00:00:00Z,37716.90,38070,37600,38030.20,41211.570
2023-12-01T04:00:00Z,38030.10,38344.80,38005.90,38234.90,49559.091
2023-12-01T08:00:00Z,38234.90,38844,38205.20,38578,91963.611
2023-12-01T12:00:00Z,38578,38629.90,38209.60,38401.50,54251.592
2023-12-01T16:00:00Z,38401.40,38989,38383,38750.10,82721.315
2023-12-01T20:00:00Z,38750,38888,38622.30,38660,22654.815
2023-12-02T00:00:00Z,38659.90,38788,38613.50,38767.50,15617.315
2023-12-02T04:00:00Z,38767.40,38815.50,38680,38683.90,16192.731
2023-12-02T08:00:00Z,38683.90,38775.90,38620,38722.80,12894.311
2023-12-02T12:00:00Z,38722.80,38859.50,38688,38787,21488.512
2023-12-02T16:00:00Z,38786.90,39900,38688.10,39416.40,98609.274
2023-12-02T20:00:00Z,39416.40,39725,39270.80,39435,48408.168
2023-12-03T00:00:00Z,39435.10,39549,39255.20,39376,22841.135
2023-12-03T04:00:00Z,39376,39488,39307.70,39474.10,13941.131
2023-12-03T08:00:00Z,39474.10,39539.30,39386.30,39471.40,15513.199
2023-12-03T12:00:00Z,39471.30,39820,39367,39758.50,56732.097
2023-12-03T16:00:00Z,39758.50,39847,39420.80,39555.10,31630.487
2023-12-03T20:00:00Z,39555.20,40410.10,39541.40,39979.70,81259.856
2023-12-04T00:00:00Z,39979.80,40915.30,39970.40,40720.70,100671.239
2023-12-04T04:00:00Z,40720.60,41792,40693.50,41471.90,125593.771
2023-12-04T08:00:00Z,41471.90,42179,41336.10,41605.90,137050.984
2023-12-04T12:00:00Z,41605.90,41920,41120.10,41280.80,98333.755
2023-12-04T16:00:00Z,41280.90,42091.10,41186.80,42001,70633.212
2023-12-04T20:00:00Z,42000.90,42440,41722.80,41993.10,70209.898
2023-12-05T00:00:00Z,41993.10,41993.10,41630,41832,35521.212
2023-12-05T04:00:00Z,41832,41922.80,41393.50,41534.20,41222.706
2023-12-05T08:00:00Z,41534.30,41763.10,41422,41730.90,35188.342
2023-12-05T12:00:00Z,41730.90,42542,41694,42266.70,97196.377
2023-12-05T16:00:00Z,42266.80,44191.60,42124.60,43834,259747.666
2023-12-05T20:00:00Z,43834,44528.10,43420.60,44081.70,106161.738
2023-12-06T00:00:00Z,44081.70,44160.10,43569.20,43757.70,52236.431
2023-12-06T04:00:00Z,43757.60,43879.60,43451,43697.10,49657.717
2023-12-06T08:00:00Z,43697.10,44349.80,43377,43853.30,97423.979
2023-12-06T12:00:00Z,43853.40,44305.10,43730,43795.30,98147.291
2023-12-06T16:00:00Z,43795.30,44173.70,43750,44008.80,47802.807
2023-12-06T20:00:00Z,44008.80,44086,43607.30,43774.80,38689.513
2023-12-07T00:00:00Z,43775.10,44020,43720.90,43941.30,18975.548
2023-12-07T04:00:00Z,43941.40,44066.70,43835.70,43899.40,20303.653
2023-12-07T08:00:00Z,43899.40,43911.50,42815,43206.40,124028.509
2023-12-07T12:00:00Z,43206.40,43959.10,42964.70,43679.80,85685.859
2023-12-07T16:00:00Z,43680,43786.90,43091.50,43239.20,61166.112
2023-12-07T20:00:00Z,43239.20,43490,43122.20,43296,36262.277
2023-12-08T00:00:00Z,43296,43559,43286.80,43402.80,21946.849
2023-12-08T04:00:00Z,43402.70,43586.50,43108.80,43184.50,30777.921
2023-12-08T08:00:00Z,43184.60,43780,43100,43687.30,42243.094
2023-12-08T12:00:00Z,43687.30,44081.60,43501.70,43778.50,72255.313
2023-12-08T16:00:00Z,43778.60,44003.50,43650,43967.60,38369.228
2023-12-08T20:00:00Z,43967.70,44779.30,43967.70,44209.50,76288.188
2023-12-09T00:00:00Z,44209.60,44324.70,44071.20,44175,24334.938
2023-12-09T04:00:00Z,44175,44389.20,44150,44220.60,21264.891
2023-12-09T08:00:00Z,44220.70,44238,43749.10,43838.30,46175.262
2023-12-09T12:00:00Z,43838.20,44180.80,43762.10,44088,43058.382
2023-12-09T16:00:00Z,44088,44131,43903.60,43954.80,21188.309
2023-12-09T20:00:00Z,43954.80,44140,43555,43734.30,33317.874
2023-12-10T00:00:00Z,43734.20,43893.40,43694,43870.70,16869.696
2023-12-10T04:00:00Z,43870.80,44042.80,43849.90,43995.80,15728.234
2023-12-10T08:00:00Z,43995.80,44075.50,43624,43760.10,34286.882
2023-12-10T12:00:00Z,43760.10,44039.70,43750,43945.40,27497.949
2023-12-10T16:00:00Z,43945.30,43976.30,43753.80,43819.50,16441.705
2023-12-10T20:00:00Z,43819.50,44099.20,43552.50,43810,33723.793
2023-12-11T00:00:00Z,43810.10,43833.40,40272.10,42312.80,192470.578
2023-12-11T04:00:00Z,42312.70,42330,41622.30,42128,75222.545
2023-12-11T08:00:00Z,42128.10,42490.50,41979.10,42346.60,43887.191
2023-12-11T12:00:00Z,42346.60,42398.30,41682.20,41824.70,66852.826
2023-12-11T16:00:00Z,41824.60,41892.60,40228.30,40799.40,183107.057
2023-12-11T20:00:00Z,40799.30,41375.40,40571,41271,59213.242
2023-12-12T00:00:00Z,41271.10,41963,41202.10,41760.30,53546.667
2023-12-12T04:00:00Z,41760.30,42095.30,41401,41930.10,49611.901
2023-12-12T08:00:00Z,41930,42125,41570.80,41606.70,42543.035
2023-12-12T12:00:00Z,41606.70,42085.90,41171.20,41376.60,85992.114
2023-12-12T16:00:00Z,41376.70,41488,40711,41169.60,88690.075
2023-12-12T20:00:00Z,41169.70,41577,41060.50,41515,36157.326
2023-12-13T00:00:00Z,41514.90,41524.20,40556,40858.50,60111.741
2023-12-13T04:00:00Z,40858.60,41275.70,40650,41146.30,45034.330
2023-12-13T08:00:00Z,41146.30,41315.40,40976.90,41035.20,30944.239
2023-12-13T12:00:00Z,41035.30,41979,41010.60,41960,71513.728
2023-12-13T16:00:00Z,41960,42921.90,41735.60,42746.80,102592.015
2023-12-13T20:00:00Z,42746.70,43517.60,42580,42875,86514.243
2023-12-14T00:00:00Z,42875,42950,42670.50,42726.90,31720.282
2023-12-14T04:00:00Z,42726.80,43126.20,42682.10,42910.10,31940.843
2023-12-14T08:00:00Z,42910.20,43336.70,42684.40,43269.90,43056.820
2023-12-14T12:00:00Z,43269.90,43379.30,41140,42454.10,144963.065
2023-12-14T16:00:00Z,42454.10,43450.10,42454.10,43105,84613.405
2023-12-14T20:00:00Z,43105,43193.90,42851.30,43032.40,25333.910
2023-12-15T00:00:00Z,43032.30,43098,42410.50,42813.50,34366.918
2023-12-15T04:00:00Z,42813.50,42905.10,42518.70,42724.80,28641.692
2023-12-15T08:00:00Z,42724.80,43054,42645.90,42800,33628.215
2023-12-15T12:00:00Z,42800,42809.60,41668,41930.30,83497.448
2023-12-15T16:00:00Z,41930.40,42222.70,41715,42124.90,46847.886
2023-12-15T20:00:00Z,42124.90,42280,41915.70,41968,30194.854
2023-12-16T00:00:00Z,41968,42448.40,41638.10,42354.50,41048.741
2023-12-16T04:00:00Z,42354.50,42380.90,42162.10,42243.10,17160.072
2023-12-16T08:00:00Z,42243,42368.90,42114.70,42349.90,16101.931
2023-12-16T12:00:00Z,42350,42640.80,42255.60,42631.70,35365.712
2023-12-16T16:00:00Z,42631.60,42756.70,42340,42367.90,31055.886
2023-12-16T20:00:00Z,42367.90,42434.30,42117.10,42287.40,19817.117
2023-12-17T00:00:00Z,42287.40,42322.20,41880,41947.20,27517.931
2023-12-17T04:00:00Z,41947.10,42086.50,41773.20,41894.60,29263.076
2023-12-17T08:00:00Z,41894.60,42036.60,41671.20,41979.70,27899.322
2023-12-17T12:00:00Z,41979.80,42033.20,41496,41828.50,38058.216
