timestamp,open,high,low,close,volume
2022-01-01T00:00:00Z,3676.01,3747.78,3676.01,3722.07,116271.787
2022-01-01T04:00:00Z,3722.07,3764.03,3701.16,3714.77,141654.520
2022-01-01T08:00:00Z,3714.77,3733.33,3671.86,3692.08,150783.679
2022-01-01T12:00:00Z,3692.09,3744.99,3690.78,3723.98,126802.578
2022-01-01T16:00:00Z,3723.98,3765.00,3716.43,3745.22,121449.659
2022-01-01T20:00:00Z,3745.22,3776.33,3737.41,3763.06,98657.570
2022-01-02T00:00:00Z,3763.05,3770.00,3740.03,3756.54,73133.431
2022-01-02T04:00:00Z,3756.64,3759.75,3714.48,3745.52,92299.056
2022-01-02T08:00:00Z,3745.53,3769.25,3730.50,3742.48,80636.325
2022-01-02T12:00:00Z,3742.46,3790.43,3728.20,3776.17,118529.543
2022-01-02T16:00:00Z,3776.18,3860.00,3770.56,3797.01,293953.888
2022-01-02T20:00:00Z,3797.01,3838.25,3792.09,3826.21,81527.187
2022-01-03T00:00:00Z,3826.10,3826.97,3772.85,3784.10,115349.784
2022-01-03T04:00:00Z,3784.10,3821.99,3778.25,3806.97,85813.346
2022-01-03T08:00:00Z,3806.96,3844.67,3790.01,3832.51,132361.771
2022-01-03T12:00:00Z,3832.51,3850.00,3775.00,3782.30,218422.155
2022-01-03T16:00:00Z,3782.29,3792.81,3732.20,3737.57,219012.898
2022-01-03T20:00:00Z,3737.45,3775.86,3680.00,3764.07,228919.399
2022-01-04T00:00:00Z,3764.07,3772.00,3711.00,3742.67,123831.971
2022-01-04T04:00:00Z,3742.66,3763.18,3726.45,3761.92,100104.249
2022-01-04T08:00:00Z,3761.91,3840.72,3755.23,3836.19,236747.954
2022-01-04T12:00:00Z,3836.19,3893.19,3815.00,3849.02,291036.175
2022-01-04T16:00:00Z,3849.02,3863.82,3756.71,3812.00,367061.077
2022-01-04T20:00:00Z,3812.00,3833.39,3784.10,3785.60,134999.264
2022-01-05T00:00:00Z,3785.60,3827.00,3767.00,3808.70,117269.804
2022-01-05T04:00:00Z,3808.67,3822.63,3797.00,3816.32,70794.241
2022-01-05T08:00:00Z,3816.32,3847.18,3780.01,3790.85,169165.759
2022-01-05T12:00:00Z,3790.86,3833.55,3762.42,3819.25,252397.390
2022-01-05T16:00:00Z,3819.25,3821.70,3638.00,3653.62,416255.283
2022-01-05T20:00:00Z,3653.54,3663.56,3405.00,3537.71,788099.471
2022-01-06T00:00:00Z,3537.81,3549.11,3443.57,3447.77,267095.835
2022-01-06T04:00:00Z,3448.00,3478.65,3405.42,3452.21,323223.064
2022-01-06T08:00:00Z,3452.20,3454.95,3292.31,3347.99,550831.824
2022-01-06T12:00:00Z,3347.99,3423.84,3316.10,3394.68,355332.123
2022-01-06T16:00:00Z,3394.41,3458.30,3380.77,3444.64,224024.638
2022-01-06T20:00:00Z,3444.64,3456.63,3403.37,3404.60,119981.864
2022-01-07T00:00:00Z,3404.61,3415.35,3220.29,3238.05,406671.912
2022-01-07T04:00:00Z,3238.05,3251.04,3112.50,3201.99,760873.510
2022-01-07T08:00:00Z,3202.00,3294.84,3188.12,3225.08,384640.522
2022-01-07T12:00:00Z,3225.07,3268.89,3040.77,3130.02,707967.478
2022-01-07T16:00:00Z,3130.13,3224.00,3087.62,3195.96,431165.505
2022-01-07T20:00:00Z,3195.97,3224.32,3164.06,3196.58,163907.425
2022-01-08T00:00:00Z,3196.58,3246.54,3179.40,3202.85,235691.684
2022-01-08T04:00:00Z,3202.86,3227.96,3190.05,3215.31,114212.443
2022-01-08T08:00:00Z,3215.30,3248.03,3206.60,3218.33,177346.832
2022-01-08T12:00:00Z,3218.34,3229.23,3145.79,3159.67,246911.235
2022-01-08T16:00:00Z,3159.66,3179.69,2996.45,3028.14,727814.341
2022-01-08T20:00:00Z,3028.14,3131.69,3002.14,3080.03,357909.620
2022-01-09T00:00:00Z,3079.86,3145.45,3057.00,3119.04,220247.578
2022-01-09T04:00:00Z,3119.04,3144.65,3114.27,3125.35,125024.726
2022-01-09T08:00:00Z,3125.36,3137.41,3082.16,3126.82,193217.747
2022-01-09T12:00:00Z,3126.82,3133.00,3072.81,3096.81,224693.559
2022-01-09T16:00:00Z,3096.84,3208.10,3090.63,3201.08,310848.996
2022-01-09T20:00:00Z,3201.09,3209.40,3142.61,3150.00,156816.186
2022-01-10T00:00:00Z,3149.99,3168.70,3125.88,3153.10,154673.056
2022-01-10T04:00:00Z,3153.00,3179.16,3149.95,3161.76,134308.674
2022-01-10T08:00:00Z,3161.76,3168.07,3092.00,3104.20,257274.821
2022-01-10T12:00:00Z,3104.20,3110.00,2924.78,3004.19,1007497.690
2022-01-10T16:00:00Z,3004.19,3101.45,2965.01,3028.85,587746.188
2022-01-10T20:00:00Z,3028.90,3095.95,3017.81,3081.31,180794.136
2022-01-11T00:00:00Z,3081.25,3127.74,3050.58,3118.04,176792.680
2022-01-11T04:00:00Z,3118.04,3135.00,3095.95,3127.55,118787.356
2022-01-11T08:00:00Z,3127.56,3145.79,3087.46,3108.91,258289.501
2022-01-11T12:00:00Z,3108.90,3157.64,3073.51,3132.05,365537.761
2022-01-11T16:00:00Z,3132.04,3262.66,3128.00,3234.80,514660.206
2022-01-11T20:00:00Z,3234.81,3247.18,3220.83,3236.86,99436.242
2022-01-12T00:00:00Z,3236.86,3257.27,3214.97,3232.98,117916.397
2022-01-12T04:00:00Z,3232.99,3260.79,3203.85,3216.14,157045.169
2022-01-12T08:00:00Z,3216.01,3295.00,3213.26,3269.98,267496.569
2022-01-12T12:00:00Z,3269.98,3384.25,3266.60,3360.27,528684.398
2022-01-12T16:00:00Z,3360.28,3392.00,3334.40,3379.77,208378.618
2022-01-12T20:00:00Z,3379.77,3411.00,3355.00,3369.93,155933.498
2022-01-13T00:00:00Z,3369.92,3382.87,3313.95,3336.98,161467.825
2022-01-13T04:00:00Z,3336.98,3351.99,3321.87,3339.71,108259.093
2022-01-13T08:00:00Z,3339.70,3377.56,3327.97,3332.38,171102.390
2022-01-13T12:00:00Z,3332.37,3408.89,3271.03,3300.21,439727.116
2022-01-13T16:00:00Z,3300.20,3318.00,3246.60,3270.63,316832.575
2022-01-13T20:00:00Z,3270.62,3278.77,3230.97,3240.36,176884.065
2022-01-14T00:00:00Z,3240.32,3274.25,3222.00,3265.68,147790.103
2022-01-14T04:00:00Z,3265.67,3312.25,3262.98,3267.55,154069.529
2022-01-14T08:00:00Z,3267.55,3273.37,3190.41,3200.77,278176.578
2022-01-14T12:00:00Z,3200.77,3299.89,3181.20,3276.93,377356.069
2022-01-14T16:00:00Z,3276.93,3327.76,3257.28,3306.76,219043.519
2022-01-14T20:00:00Z,3306.75,3342.63,3291.45,3305.60,133358.469
2022-01-15T00:00:00Z,3305.61,3323.60,3294.10,3306.19,89513.302
2022-01-15T04:00:00Z,3306.19,3320.00,3292.35,3313.48,79667.611
2022-01-15T08:00:00Z,3313.49,3338.10,3308.08,3317.01,104423.234
2022-01-15T12:00:00Z,3317.01,3368.89,3257.59,3360.56,320824.956
2022-01-15T16:00:00Z,3360.55,3372.00,3338.00,3348.31,103384.560
2022-01-15T20:00:00Z,3348.31,3369.00,3321.45,3324.05,111206.470
2022-01-16T00:00:00Z,3324.06,3335.05,3293.26,3312.43,98087.241
2022-01-16T04:00:00Z,3312.44,3338.36,3303.21,3330.81,83848.509
2022-01-16T08:00:00Z,3330.69,3336.00,3283.64,3310.40,154804.857
2022-01-16T12:00:00Z,3310.41,3362.30,3269.01,3351.87,311400.704
2022-01-16T16:00:00Z,3351.92,3394.62,3311.17,3319.25,181341.452
2022-01-16T20:00:00Z,3319.24,3361.02,3308.47,3345.49,105459.038
2022-01-17T00:00:00Z,3345.50,3355.30,3252.00,3256.05,215239.062
2022-01-17T04:00:00Z,3256.06,3298.36,3235.11,3269.87,231660.222
2022-01-17T08:00:00Z,3269.87,3280.51,3249.85,3254.32,188505.275
2022-01-17T12:00:00Z,3254.32,3278.48,3215.00,3235.35,268146.808
2022-01-17T16:00:00Z,3235.41,3245.00,3179.19,3217.14,300916.647
2022-01-17T20:00:00Z,3217.22,3223.91,3139.37,3208.61,235670.920
2022-01-18T00:00:00Z,3208.60,3243.95,3173.98,3180.50,202730.196
2022-01-18T04:00:00Z,3180.49,3204.58,3161.28,3185.69,172966.822
2022-01-18T08:00:00Z,3185.70,3191.90,3125.00,3170.14,320156.753
2022-01-18T12:00:00Z,3170.12,3180.81,3099.26,3115.47,416088.984
2022-01-18T16:00:00Z,3115.47,3139.42,3080.50,3126.57,258146.241
2022-01-18T20:00:00Z,3126.57,3193.35,3099.89,3159.32,219355.671
2022-01-19T00:00:00Z,3159.31,3174.60,3085.09,3097.24,258522.476
2022-01-19T04:00:00Z,3097.25,3112.81,3046.00,3059.85,255902.996
2022-01-19T08:00:00Z,3059.85,3129.61,3045.00,3115.96,352088.428
2022-01-19T12:00:00Z,3115.96,3160.00,3109.00,3122.00,331992.924
2022-01-19T16:00:00Z,3122.00,3159.27,3079.26,3127.44,313443.012
2022-01-19T20:00:00Z,3127.45,3137.17,3080.36,3082.81,156567.246
2022-01-20T00:00:00Z,3082.80,3130.15,3082.21,3124.33,143333.123
2022-01-20T04:00:00Z,3124.34,3153.24,3111.84,3138.01,134760.592
2022-01-20T08:00:00Z,3138.01,3154.10,3115.89,3150.87,166840.725
2022-01-20T12:00:00Z,3150.87,3271.64,3126.60,3260.67,490718.483
2022-01-20T16:00:00Z,3260.67,3272.24,3203.00,3214.53,314575.481
2022-01-20T20:00:00Z,3214.55,3218.74,2985.00,2999.92,630491.044
2022-01-21T00:00:00Z,2999.92,3031.90,2806.50,2836.04,916688.930
2022-01-21T04:00:00Z,2836.04,2893.67,2832.64,2879.82,370743.966
2022-01-21T08:00:00Z,2879.81,2896.52,2834.00,2847.33,314177.879
2022-01-21T12:00:00Z,2847.32,2853.77,2726.35,2830.14,989295.649
2022-01-21T16:00:00Z,2830.14,2860.22,2737.59,2740.36,486603.930
2022-01-21T20:00:00Z,2740.35,2762.89,2460.00,2566.91,1439764.005
2022-01-22T00:00:00Z,2566.91,2625.60,2538.00,2565.73,565190.714
2022-01-22T04:00:00Z,2565.73,2575.00,2422.76,2461.13,716571.651
2022-01-22T08:00:00Z,2461.60,2504.49,2293.56,2430.11,1281100.126
2022-01-22T12:00:00Z,2430.17,2518.48,2378.43,2385.72,673654.207
2022-01-22T16:00:00Z,2385.72,2466.45,2318.00,2335.92,811364.804
2022-01-22T20:00:00Z,2336.15,2470.72,2316.72,2410.96,614517.371
2022-01-23T00:00:00Z,2410.57,2462.99,2384.19,2414.96,362146.295
2022-01-23T04:00:00Z,2414.89,2500.00,2406.22,2486.10,393561.408
2022-01-23T08:00:00Z,2485.80,2549.00,2473.64,2497.59,426966.422
2022-01-23T12:00:00Z,2497.58,2513.75,2403.00,2431.04,446893.373
2022-01-23T16:00:00Z,2431.03,2456.00,2373.88,2382.36,306350.613
2022-01-23T20:00:00Z,2382.36,2548.08,2368.00,2538.41,436056.757
2022-01-24T00:00:00Z,2538.40,2539.59,2428.86,2457.74,343719.670
2022-01-24T04:00:00Z,2457.74,2468.64,2378.01,2384.95,294282.516
2022-01-24T08:00:00Z,2384.94,2445.03,2199.74,2237.98,1240152.175
2022-01-24T12:00:00Z,2237.99,2286.32,2151.00,2273.84,1370282.538
2022-01-24T16:00:00Z,2273.84,2408.72,2211.22,2377.21,1022625.192
2022-01-24T20:00:00Z,2377.20,2480.00,2366.45,2438.13,423238.163
2022-01-25T00:00:00Z,2437.87,2441.00,2376.59,2414.90,259069.008
2022-01-25T04:00:00Z,2414.76,2421.11,2349.60,2382.50,251089.884
2022-01-25T08:00:00Z,2382.47,2454.24,2371.63,2422.18,370442.524
2022-01-25T12:00:00Z,2422.19,2468.99,2361.30,2418.08,674882.503
2022-01-25T16:00:00Z,2417.66,2504.98,2411.01,2464.86,444021.420
2022-01-25T20:00:00Z,2464.95,2470.08,2402.83,2457.37,326471.223
2022-01-26T00:00:00Z,2457.37,2483.50,2413.06,2474.47,252895.618
2022-01-26T04:00:00Z,2474.48,2499.50,2443.29,2460.01,218591.755
2022-01-26T08:00:00Z,2460.01,2547.51,2459.01,2544.54,441001.867
2022-01-26T12:00:00Z,2544.53,2669.12,2520.80,2604.19,732606.039
2022-01-26T16:00:00Z,2604.19,2720.06,2560.53,2572.47,913855.656
2022-01-26T20:00:00Z,2572.49,2572.51,2400.01,2461.61,811917.401
2022-01-27T00:00:00Z,2461.62,2494.16,2351.58,2363.77,504541.706
2022-01-27T04:00:00Z,2363.50,2418.80,2360.00,2401.82,313872.428
2022-01-27T08:00:00Z,2402.00,2456.65,2382.93,2454.67,332066.454
2022-01-27T12:00:00Z,2454.76,2520.00,2440.35,2478.44,524577.739
2022-01-27T16:00:00Z,2478.44,2494.69,2389.29,2393.48,454403.980
2022-01-27T20:00:00Z,2393.49,2429.84,2314.33,2422.61,577272.295
2022-01-28T00:00:00Z,2422.61,2454.99,2361.91,2445.34,389311.155
2022-01-28T04:00:00Z,2445.52,2474.17,2388.17,2389.19,311255.922
2022-01-28T08:00:00Z,2389.18,2419.94,2370.00,2395.00,378649.740
2022-01-28T12:00:00Z,2395.00,2448.00,2357.00,2442.15,538173.903
2022-01-28T16:00:00Z,2442.15,2493.12,2421.19,2459.96,422431.919
2022-01-28T20:00:00Z,2459.77,2556.93,2458.69,2543.34,354853.149
2022-01-29T00:00:00Z,2543.34,2586.00,2519.21,2540.00,248499.685
2022-01-29T04:00:00Z,2540.00,2570.00,2521.54,2566.03,173398.532
2022-01-29T08:00:00Z,2566.04,2577.50,2533.44,2553.08,172886.066
2022-01-29T12:00:00Z,2553.07,2612.16,2523.14,2541.95,419207.937
2022-01-29T16:00:00Z,2541.61,2607.16,2525.68,2589.09,220736.588
2022-01-29T20:00:00Z,2589.08,2658.41,2578.56,2599.94,287660.587
2022-01-30T00:00:00Z,2599.93,2613.40,2556.24,2568.62,196673.085
2022-01-30T04:00:00Z,2568.62,2632.10,2565.30,2617.65,214787.382
2022-01-30T08:00:00Z,2617.65,2644.93,2595.88,2624.36,170542.416
2022-01-30T12:00:00Z,2624.51,2639.19,2584.00,2616.13,230859.774
2022-01-30T16:00:00Z,2616.13,2623.33,2550.56,2559.21,223801.985
2022-01-30T20:00:00Z,2559.21,2629.97,2541.46,2600.45,285571.835
2022-01-31T00:00:00Z,2600.45,2607.17,2486.42,2510.51,377043.584
2022-01-31T04:00:00Z,2510.51,2527.60,2475.33,2526.69,206339.526
2022-01-31T08:00:00Z,2526.68,2571.72,2517.50,2556.85,227358.346
2022-01-31T12:00:00Z,2556.86,2636.00,2517.92,2619.36,509923.441
2022-01-31T16:00:00Z,2619.37,2706.39,2612.33,2672.07,590747.669
2022-01-31T20:00:00Z,2672.08,2706.47,2662.16,2685.34,208366.420
2022-02-01T00:00:00Z,2685.34,2758.28,2672.61,2749.50,283580.554
2022-02-01T04:00:00Z,2749.49,2765.99,2716.53,2735.34,183367.132
2022-02-01T08:00:00Z,2735.34,2795.00,2716.59,2758.47,423453.414
2022-02-01T12:00:00Z,2758.50,2810.00,2730.00,2767.27,580651.655
2022-02-01T16:00:00Z,2767.26,2812.94,2748.46,2749.55,391592.055
2022-02-01T20:00:00Z,2749.56,2804.88,2748.50,2786.38,192152.035
2022-02-02T00:00:00Z,2786.37,2802.99,2739.22,2778.70,246579.732
2022-02-02T04:00:00Z,2778.71,2779.87,2740.00,2748.50,216632.998
2022-02-02T08:00:00Z,2748.50,2774.65,2739.20,2765.24,145443.620
2022-02-02T12:00:00Z,2765.23,2810.00,2652.23,2662.83,757831.414
2022-02-02T16:00:00Z,2662.82,2717.54,2636.43,2705.05,459504.025
2022-02-02T20:00:00Z,2705.04,2732.60,2610.40,2678.00,528865.218
2022-02-03T00:00:00Z,2678.47,2722.99,2651.00,2656.98,288324.831
2022-02-03T04:00:00Z,2656.86,2675.53,2636.00,2669.10,232497.658
2022-02-03T08:00:00Z,2669.27,2684.23,2577.00,2619.76,467802.788
2022-02-03T12:00:00Z,2619.76,2647.00,2572.64,2638.33,530489.800
2022-02-03T16:00:00Z,2638.39,2659.66,2588.73,2596.68,284033.409
2022-02-03T20:00:00Z,2596.67,2700.00,2575.00,2694.37,368594.155
2022-02-04T00:00:00Z,2694.20,2696.54,2670.14,2682.28,194106.806
2022-02-04T04:00:00Z,2682.29,2807.99,2674.44,2803.77,500400.023
2022-02-04T08:00:00Z,2803.78,2872.89,2802.93,2828.53,510796.040
2022-02-04T12:00:00Z,2828.62,2930.00,2762.83,2870.99,962013.847
2022-02-04T16:00:00Z,2870.99,2969.32,2867.00,2957.58,513925.105
2022-02-04T20:00:00Z,2957.36,2995.00,2929.79,2993.65,272642.077
2022-02-05T00:00:00Z,2993.64,3019.80,2958.01,2996.56,287074.018
2022-02-05T04:00:00Z,2996.57,3036.92,2988.08,3000.98,247764.665
2022-02-05T08:00:00Z,3000.98,3034.13,2986.82,3010.55,199303.183
2022-02-05T12:00:00Z,3010.55,3059.91,2995.97,3048.92,346912.842
2022-02-05T16:00:00Z,3048.81,3053.72,2961.72,3009.91,345090.031
2022-02-05T20:00:00Z,3009.86,3035.82,2992.12,3011.59,131246.806
2022-02-06T00:00:00Z,3011.58,3033.50,3007.09,3007.45,99220.697
2022-02-06T04:00:00Z,3007.44,3021.31,2986.94,3009.68,148891.296
2022-02-06T08:00:00Z,3009.68,3021.64,2997.00,3004.77,113447.836
2022-02-06T12:00:00Z,3004.83,3050.13,2948.00,2989.94,396117.666
2022-02-06T16:00:00Z,2989.94,3008.92,2976.84,2999.95,152002.922
2022-02-06T20:00:00Z,2999.83,3075.00,2973.03,3054.26,241849.432
2022-02-07T00:00:00Z,3054.26,3072.88,2990.83,3066.68,366240.693
2022-02-07T04:00:00Z,3066.56,3111.96,3053.03,3078.00,274533.699
2022-02-07T08:00:00Z,3078.01,3084.52,3046.72,3066.09,214650.221
2022-02-07T12:00:00Z,3066.10,3128.02,3053.00,3120.23,418259.373
2022-02-07T16:00:00Z,3120.01,3185.99,3105.00,3165.92,463826.373
2022-02-07T20:00:00Z,3165.91,3183.73,3128.52,3138.55,183081.559
2022-02-08T00:00:00Z,3138.55,3154.88,3110.40,3144.03,186541.381
2022-02-08T04:00:00Z,3144.03,3246.65,3140.40,3172.77,433709.915
2022-02-08T08:00:00Z,3172.67,3177.48,3073.14,3103.81,489495.865
2022-02-08T12:00:00Z,3103.81,3103.81,3028.09,3075.50,444656.124
2022-02-08T16:00:00Z,3075.50,3083.34,3023.28,3050.35,296663.192
2022-02-08T20:00:00Z,3050.32,3136.50,3045.36,3115.23,270940.505
2022-02-09T00:00:00Z,3115.23,3129.99,3059.33,3074.49,194213.830
2022-02-09T04:00:00Z,3074.49,3111.47,3052.50,3103.83,181316.878
2022-02-09T08:00:00Z,3103.83,3157.00,3066.48,3150.89,290998.486
2022-02-09T12:00:00Z,3150.89,3218.84,3137.26,3177.00,438685.069
2022-02-09T16:00:00Z,3177.00,3258.00,3161.39,3245.45,307337.993
2022-02-09T20:00:00Z,3245.46,3269.16,3229.13,3241.82,158933.113
2022-02-10T00:00:00Z,3241.79,3247.11,3168.01,3177.67,201680.162
2022-02-10T04:00:00Z,3177.67,3194.51,3155.11,3187.90,181435.461
2022-02-10T08:00:00Z,3187.91,3282.96,3181.00,3246.60,373799.329
2022-02-10T12:00:00Z,3246.56,3265.00,3083.58,3208.22,1073394.446
2022-02-10T16:00:00Z,3208.21,3260.75,3112.57,3119.11,501122.099
2022-02-10T20:00:00Z,3119.10,3138.55,3055.24,3070.90,341360.474
2022-02-11T00:00:00Z,3070.89,3095.52,2998.00,3080.06,418572.986
2022-02-11T04:00:00Z,3080.07,3104.99,3039.00,3096.64,196162.832
2022-02-11T08:00:00Z,3096.65,3115.00,3060.60,3087.00,254370.181
2022-02-11T12:00:00Z,3087.00,3136.55,3077.27,3101.28,385379.198
2022-02-11T16:00:00Z,3101.27,3111.12,2966.00,2992.13,546123.721
2022-02-11T20:00:00Z,2992.13,3001.43,2873.50,2926.04,532859.516
2022-02-12T00:00:00Z,2926.03,2957.95,2910.00,2933.32,210421.662
2022-02-12T04:00:00Z,2933.32,2947.47,2881.27,2918.48,252788.659
2022-02-12T08:00:00Z,2918.49,2943.90,2865.00,2930.27,318387.841
2022-02-12T12:00:00Z,2930.27,2937.27,2855.00,2880.55,395302.851
2022-02-12T16:00:00Z,2880.42,2977.00,2863.60,2951.50,380233.139
2022-02-12T20:00:00Z,2951.50,2983.62,2862.63,2916.93,312107.374
2022-02-13T00:00:00Z,2917.04,2950.22,2896.00,2917.55,162581.700
2022-02-13T04:00:00Z,2917.56,2927.92,2896.90,2921.43,133105.906
2022-02-13T08:00:00Z,2921.44,2943.01,2906.16,2929.87,139707.174
2022-02-13T12:00:00Z,2929.86,2952.66,2907.49,2918.35,235153.883
2022-02-13T16:00:00Z,2918.36,2920.63,2830.31,2855.35,389643.407
2022-02-13T20:00:00Z,2855.36,2908.00,2847.27,2870.32,217294.627
2022-02-14T00:00:00Z,2870.33,2893.02,2829.80,2863.89,261214.083
2022-02-14T04:00:00Z,2863.90,2884.00,2843.10,2881.48,167138.383
2022-02-14T08:00:00Z,2881.48,2887.73,2845.07,2872.94,213925.807
2022-02-14T12:00:00Z,2873.09,2964.44,2855.00,2935.64,532358.096
2022-02-14T16:00:00Z,2935.64,2962.99,2855.10,2877.88,426337.997
2022-02-14T20:00:00Z,2877.87,2947.77,2865.00,2928.87,214986.077
2022-02-15T00:00:00Z,2928.87,3037.70,2911.85,3023.45,340166.363
2022-02-15T04:00:00Z,3023.45,3059.94,3005.58,3048.01,205927.882
2022-02-15T08:00:00Z,3048.00,3115.00,3039.00,3092.98,403026.679
2022-02-15T12:00:00Z,3092.99,3153.96,3086.00,3121.54,404935.180
2022-02-15T16:00:00Z,3121.55,3141.75,3087.01,3108.75,260531.295
2022-02-15T20:00:00Z,3108.75,3198.00,3091.31,3183.73,241488.718
2022-02-16T00:00:00Z,3183.74,3184.72,3132.50,3140.61,226951.234
2022-02-16T04:00:00Z,3140.61,3152.61,3105.11,3148.11,197204.873
2022-02-16T08:00:00Z,3148.48,3161.98,3112.01,3134.65,203612.370
2022-02-16T12:00:00Z,3134.64,3144.93,3050.00,3064.99,455438.714
2022-02-16T16:00:00Z,3065.00,3186.79,3040.42,3167.59,464167.308
2022-02-16T20:00:00Z,3167.78,3178.00,3114.98,3121.80,186087.919
2022-02-17T00:00:00Z,3121.80,3158.68,3081.14,3082.44,214814.216
2022-02-17T04:00:00Z,3082.56,3110.74,3046.00,3107.43,334356.745
2022-02-17T08:00:00Z,3107.60,3140.00,3030.39,3064.21,506356.345
2022-02-17T12:00:00Z,3064.22,3085.73,2959.09,2987.08,667175.089
2022-02-17T16:00:00Z,2986.98,3003.57,2879.56,2908.70,564525.823
2022-02-17T20:00:00Z,2908.70,2912.97,2850.00,2890.80,345376.168
2022-02-18T00:00:00Z,2890.75,2917.97,2860.10,2905.75,243179.798
2022-02-18T04:00:00Z,2905.48,2914.81,2875.08,2902.86,174577.507
2022-02-18T08:00:00Z,2902.87,2941.94,2870.90,2877.62,286460.195
2022-02-18T12:00:00Z,2877.71,2907.00,2778.11,2798.58,684464.904
2022-02-18T16:00:00Z,2798.63,2825.23,2750.00,2796.88,552296.247
2022-02-18T20:00:00Z,2796.88,2806.31,2752.03,2778.46,221962.820
2022-02-19T00:00:00Z,2778.46,2829.99,2765.09,2804.59,192182.605
2022-02-19T04:00:00Z,2804.59,2824.41,2793.32,2810.69,131261.672
2022-02-19T08:00:00Z,2810.69,2817.99,2704.01,2721.43,373400.871
2022-02-19T12:00:00Z,2721.43,2752.54,2691.00,2744.52,363592.691
2022-02-19T16:00:00Z,2744.63,2794.65,2736.22,2742.99,353541.082
2022-02-19T20:00:00Z,2743.00,2766.83,2725.01,2761.89,132364.965
2022-02-20T00:00:00Z,2761.90,2762.89,2694.16,2711.53,244217.028
2022-02-20T04:00:00Z,2711.53,2716.93,2616.00,2652.23,499907.290
2022-02-20T08:00:00Z,2652.23,2652.73,2598.25,2641.00,437858.046
2022-02-20T12:00:00Z,2641.03,2664.87,2599.63,2650.24,379896.288
2022-02-20T16:00:00Z,2650.25,2673.68,2630.00,2648.66,263859.900
2022-02-20T20:00:00Z,2648.66,2664.40,2573.33,2620.72,416732.721
2022-02-21T00:00:00Z,2620.72,2738.81,2603.11,2709.76,463314.823
2022-02-21T04:00:00Z,2709.75,2755.00,2709.28,2745.32,241694.926
2022-02-21T08:00:00Z,2745.32,2758.00,2602.57,2624.73,607310.700
2022-02-21T12:00:00Z,2624.53,2749.90,2580.00,2722.33,1091450.990
2022-02-21T16:00:00Z,2722.32,2744.61,2605.22,2651.46,828056.545
2022-02-21T20:00:00Z,2651.46,2675.00,2555.56,2566.88,753561.110
2022-02-22T00:00:00Z,2566.88,2621.63,2506.28,2518.60,594637.300
2022-02-22T04:00:00Z,2518.63,2546.89,2495.00,2514.11,455151.987
2022-02-22T08:00:00Z,2514.12,2606.92,2512.67,2587.19,521889.708
2022-02-22T12:00:00Z,2587.20,2670.00,2563.26,2622.59,781128.660
2022-02-22T16:00:00Z,2622.60,2639.73,2578.31,2631.82,538824.357
2022-02-22T20:00:00Z,2631.82,2655.35,2589.28,2635.57,304170.780
2022-02-23T00:00:00Z,2635.57,2653.78,2595.00,2623.45,331504.609
2022-02-23T04:00:00Z,2623.45,2697.30,2618.28,2693.96,370856.246
2022-02-23T08:00:00Z,2694.09,2737.33,2680.30,2717.66,497149.592
2022-02-23T12:00:00Z,2717.67,2752.38,2683.00,2688.08,536877.331
2022-02-23T16:00:00Z,2688.08,2729.63,2618.07,2632.16,570905.047
2022-02-23T20:00:00Z,2632.15,2639.99,2573.39,2578.02,397306.490
2022-02-24T00:00:00Z,2578.02,2591.48,2385.22,2395.45,987875.493
2022-02-24T04:00:00Z,2395.45,2408.73,2298.72,2369.90,1343244.647
2022-02-24T08:00:00Z,2369.46,2422.00,2329.05,2393.58,950713.073
2022-02-24T12:00:00Z,2393.42,2475.81,2347.88,2453.40,1065859.906
2022-02-24T16:00:00Z,2453.55,2599.00,2427.60,2594.30,967300.896
2022-02-24T20:00:00Z,2594.28,2777.33,2543.07,2595.47,912792.290
2022-02-25T00:00:00Z,2595.47,2648.89,2581.14,2635.16,388774.778
2022-02-25T04:00:00Z,2635.16,2645.83,2583.57,2612.67,315434.225
2022-02-25T08:00:00Z,2612.66,2640.00,2571.68,2632.34,436301.985
2022-02-25T12:00:00Z,2632.36,2745.00,2631.09,2732.14,822444.881
2022-02-25T16:00:00Z,2732.14,2747.37,2664.36,2678.17,415521.951
2022-02-25T20:00:00Z,2678.17,2835.00,2666.83,2766.36,557941.062
2022-02-26T00:00:00Z,2766.42,2882.00,2760.23,2792.75,418986.947
2022-02-26T04:00:00Z,2792.75,2820.65,2756.39,2791.80,218462.538
2022-02-26T08:00:00Z,2791.76,2818.00,2726.00,2750.66,374669.943
2022-02-26T12:00:00Z,2750.65,2810.61,2741.34,2783.94,313637.726
2022-02-26T16:00:00Z,2783.94,2833.73,2762.00,2808.60,265016.837
2022-02-26T20:00:00Z,2808.60,2854.04,2762.18,2778.15,261513.155
2022-02-27T00:00:00Z,2778.15,2789.67,2676.19,2714.42,387469.073
2022-02-27T04:00:00Z,2714.42,2743.99,2696.00,2734.33,190525.936
2022-02-27T08:00:00Z,2734.28,2832.89,2721.00,2820.33,410226.551
2022-02-27T12:00:00Z,2820.33,2836.21,2705.06,2807.36,711323.383
2022-02-27T16:00:00Z,2807.61,2808.34,2594.00,2605.89,522294.476
2022-02-27T20:00:00Z,2605.85,2658.35,2553.68,2615.99,726946.738
2022-02-28T00:00:00Z,2615.99,2678.85,2587.17,2605.81,468049.934
2022-02-28T04:00:00Z,2605.98,2651.91,2565.00,2634.06,474872.498
2022-02-28T08:00:00Z,2634.20,2658.00,2609.56,2638.97,331257.980
2022-02-28T12:00:00Z,2638.97,2829.07,2605.29,2814.22,1047901.634
2022-02-28T16:00:00Z,2814.22,2830.00,2788.01,2807.36,507381.169
2022-02-28T20:00:00Z,2807.36,2966.00,2794.77,2920.10,576466.488
2022-03-01T00:00:00Z,2920.05,2974.44,2890.07,2911.82,399872.252
2022-03-01T04:00:00Z,2911.82,2934.62,2881.00,2921.56,252613.202
2022-03-01T08:00:00Z,2921.56,2934.41,2852.20,2902.40,454874.434
2022-03-01T12:00:00Z,2902.41,3036.00,2898.20,2949.20,1065512.670
2022-03-01T16:00:00Z,2949.20,2976.02,2896.70,2945.89,497664.013
2022-03-01T20:00:00Z,2946.10,2979.98,2936.77,2975.61,232582.881
2022-03-02T00:00:00Z,2975.61,3028.99,2912.96,3017.25,421465.217
2022-03-02T04:00:00Z,3017.26,3046.46,2954.07,2968.43,387878.898
2022-03-02T08:00:00Z,2968.44,3027.33,2950.00,3004.36,396879.476
2022-03-02T12:00:00Z,3004.29,3035.99,2925.01,2952.09,930411.254
2022-03-02T16:00:00Z,2952.09,2982.35,2913.51,2932.90,315929.696
2022-03-02T20:00:00Z,2932.90,2988.00,2928.42,2947.47,175530.063
2022-03-03T00:00:00Z,2947.48,2970.00,2884.08,2895.09,275357.596
2022-03-03T04:00:00Z,2895.10,2920.00,2870.00,2907.35,249720.265
2022-03-03T08:00:00Z,2907.35,2934.48,2877.35,2912.03,292473.873
2022-03-03T12:00:00Z,2912.03,2934.71,2814.64,2827.56,516856.375
2022-03-03T16:00:00Z,2827.57,2840.14,2781.77,2816.80,476080.296
2022-03-03T20:00:00Z,2816.79,2848.67,2790.00,2832.97,257942.066
2022-03-04T00:00:00Z,2832.98,2835.90,2684.80,2724.28,500685.336
2022-03-04T04:00:00Z,2724.28,2733.60,2708.70,2731.98,185071.402
2022-03-04T08:00:00Z,2731.98,2759.73,2703.05,2742.53,366333.483
2022-03-04T12:00:00Z,2742.48,2754.98,2640.58,2670.85,635007.521
2022-03-04T16:00:00Z,2670.89,2697.02,2608.00,2616.34,421978.439
2022-03-04T20:00:00Z,2616.36,2628.87,2570.65,2620.25,322540.022
2022-03-05T00:00:00Z,2620.25,2628.88,2588.00,2623.94,216527.129
2022-03-05T04:00:00Z,2623.94,2643.78,2608.25,2636.16,156078.530
2022-03-05T08:00:00Z,2636.15,2656.93,2629.13,2647.00,196144.266
2022-03-05T12:00:00Z,2647.00,2670.00,2626.00,2642.02,239721.525
2022-03-05T16:00:00Z,2642.01,2684.87,2638.33,2668.95,179912.491
2022-03-05T20:00:00Z,2668.96,2679.11,2648.64,2663.55,97076.619
2022-03-06T00:00:00Z,2663.55,2674.61,2632.39,2637.80,114951.331
2022-03-06T04:00:00Z,2637.81,2659.16,2613.88,2643.69,200351.217
2022-03-06T08:00:00Z,2643.68,2647.03,2585.70,2607.08,307163.614
2022-03-06T12:00:00Z,2607.07,2647.50,2603.29,2625.99,255197.984
2022-03-06T16:00:00Z,2625.98,2656.00,2602.09,2606.07,206657.984
2022-03-06T20:00:00Z,2606.08,2644.00,2529.00,2549.37,310230.218
2022-03-07T00:00:00Z,2549.36,2557.03,2505.15,2523.93,390533.157
2022-03-07T04:00:00Z,2523.93,2541.45,2512.31,2519.50,178343.629
2022-03-07T08:00:00Z,2519.50,2547.00,2481.99,2536.86,321330.462
2022-03-07T12:00:00Z,2536.85,2650.00,2536.85,2616.51,685650.129
2022-03-07T16:00:00Z,2616.51,2639.00,2431.62,2458.67,679255.210
2022-03-07T20:00:00Z,2458.68,2526.76,2443.00,2489.90,435611.845
2022-03-08T00:00:00Z,2489.84,2572.29,2478.35,2548.31,380596.610
2022-03-08T04:00:00Z,2548.31,2563.69,2493.66,2535.25,328870.245
2022-03-08T08:00:00Z,2535.08,2609.00,2525.79,2587.32,417855.824
2022-03-08T12:00:00Z,2587.32,2608.32,2529.68,2558.11,606395.723
2022-03-08T16:00:00Z,2558.10,2623.00,2523.84,2578.17,721864.385
2022-03-08T20:00:00Z,2578.16,2588.38,2546.72,2575.49,187605.901
2022-03-09T00:00:00Z,2575.50,2717.68,2566.41,2698.46,505366.244
2022-03-09T04:00:00Z,2698.46,2750.00,2697.90,2743.24,360968.307
2022-03-09T08:00:00Z,2743.25,2773.17,2721.05,2744.74,338964.145
2022-03-09T12:00:00Z,2744.74,2767.75,2710.58,2756.58,397330.812
2022-03-09T16:00:00Z,2756.58,2759.07,2677.33,2713.26,288060.908
2022-03-09T20:00:00Z,2713.27,2734.93,2678.53,2726.37,184692.190
2022-03-10T00:00:00Z,2726.37,2733.37,2652.00,2657.96,314953.880
2022-03-10T04:00:00Z,2657.96,2664.11,2570.00,2591.20,451244.080
2022-03-10T08:00:00Z,2591.21,2608.63,2573.24,2592.04,271982.602
2022-03-10T12:00:00Z,2592.33,2646.62,2546.83,2595.92,678353.850
2022-03-10T16:00:00Z,2595.82,2616.90,2582.27,2611.74,200754.518
2022-03-10T20:00:00Z,2611.80,2620.00,2590.02,2605.44,119553.157
2022-03-11T00:00:00Z,2605.43,2608.89,2520.50,2550.10,294946.813
2022-03-11T04:00:00Z,2550.09,2619.00,2531.87,2607.99,287973.607
2022-03-11T08:00:00Z,2607.99,2670.97,2573.50,2651.69,433701.868
2022-03-11T12:00:00Z,2651.52,2676.20,2565.15,2579.43,539317.536
2022-03-11T16:00:00Z,2579.47,2580.19,2544.54,2556.16,264944.087
2022-03-11T20:00:00Z,2556.16,2590.00,2525.93,2555.89,225251.624
2022-03-12T00:00:00Z,2555.90,2597.46,2552.22,2582.95,145559.322
2022-03-12T04:00:00Z,2583.03,2599.80,2567.02,2587.73,121740.899
2022-03-12T08:00:00Z,2587.76,2591.46,2571.83,2577.56,115202.035
2022-03-12T12:00:00Z,2577.57,2596.03,2560.57,2583.29,173410.348
2022-03-12T16:00:00Z,2583.30,2620.00,2573.80,2576.77,194767.883
2022-03-12T20:00:00Z,2576.76,2591.72,2560.00,2567.64,84563.423
2022-03-13T00:00:00Z,2567.63,2604.13,2555.81,2591.48,147316.714
2022-03-13T04:00:00Z,2591.47,2596.38,2579.80,2580.46,72716.832
2022-03-13T08:00:00Z,2580.46,2595.00,2564.30,2573.92,177743.267
2022-03-13T12:00:00Z,2573.92,2590.00,2532.00,2578.29,345817.228
2022-03-13T16:00:00Z,2578.29,2585.50,2560.09,2561.55,111939.561
2022-03-13T20:00:00Z,2561.51,2572.59,2490.25,2514.07,297500.810
2022-03-14T00:00:00Z,2513.77,2543.54,2496.85,2532.82,205314.600
2022-03-14T04:00:00Z,2532.82,2606.07,2531.22,2585.72,361839.459
2022-03-14T08:00:00Z,2585.90,2609.32,2576.00,2579.41,233024.451
2022-03-14T12:00:00Z,2579.41,2592.27,2554.52,2572.50,315005.883
2022-03-14T16:00:00Z,2572.50,2581.60,2513.08,2535.01,308189.959
2022-03-14T20:00:00Z,2535.01,2596.75,2520.78,2588.96,277232.745
2022-03-15T00:00:00Z,2588.96,2602.96,2534.81,2542.66,369541.833
2022-03-15T04:00:00Z,2542.67,2563.16,2504.50,2530.77,222091.377
2022-03-15T08:00:00Z,2530.78,2543.80,2509.60,2533.40,219893.891
2022-03-15T12:00:00Z,2533.40,2592.21,2518.23,2571.50,401854.930
2022-03-15T16:00:00Z,2571.51,2661.15,2566.19,2658.70,531503.754
2022-03-15T20:00:00Z,2658.70,2668.80,2605.85,2617.29,266047.805
2022-03-16T00:00:00Z,2617.29,2738.90,2602.06,2619.83,609738.848
2022-03-16T04:00:00Z,2619.83,2647.79,2605.00,2644.96,244122.048
2022-03-16T08:00:00Z,2644.95,2703.25,2642.94,2686.80,323212.766
2022-03-16T12:00:00Z,2686.80,2723.63,2661.13,2703.00,392239.942
2022-03-16T16:00:00Z,2703.00,2760.00,2628.00,2752.99,815849.174
2022-03-16T20:00:00Z,2753.00,2789.86,2739.43,2772.78,286240.766
2022-03-17T00:00:00Z,2772.78,2789.62,2751.88,2766.02,190651.026
2022-03-17T04:00:00Z,2766.01,2774.70,2745.33,2755.39,161584.846
2022-03-17T08:00:00Z,2755.40,2779.00,2750.50,2774.39,190240.404
2022-03-17T12:00:00Z,2774.35,2839.00,2770.49,2801.09,481701.163
2022-03-17T16:00:00Z,2801.08,2834.24,2774.43,2827.54,256208.581
2022-03-17T20:00:00Z,2827.54,2828.00,2797.90,2810.74,108222.309
2022-03-18T00:00:00Z,2810.75,2812.48,2760.00,2775.58,249191.984
2022-03-18T04:00:00Z,2775.57,2807.97,2769.53,2792.86,180680.426
2022-03-18T08:00:00Z,2792.86,2814.00,2779.42,2794.99,261186.674
2022-03-18T12:00:00Z,2794.99,2900.00,2787.24,2894.00,658243.029
2022-03-18T16:00:00Z,2894.01,2974.10,2881.04,2964.98,445451.232
2022-03-18T20:00:00Z,2964.99,2984.72,2929.54,2938.02,217584.977
2022-03-19T00:00:00Z,2938.03,2980.00,2927.50,2947.60,172982.384
2022-03-19T04:00:00Z,2947.60,2956.31,2919.96,2924.33,129516.009
2022-03-19T08:00:00Z,2924.33,2954.24,2921.79,2945.84,141723.346
2022-03-19T12:00:00Z,2945.84,2978.16,2936.56,2966.79,274546.630
2022-03-19T16:00:00Z,2966.79,2992.00,2943.34,2949.38,189310.748
2022-03-19T20:00:00Z,2949.38,2967.51,2890.60,2950.00,230242.998
2022-03-20T00:00:00Z,2949.90,2965.00,2905.21,2932.73,227751.415
2022-03-20T04:00:00Z,2932.74,2935.00,2914.82,2925.00,103073.512
2022-03-20T08:00:00Z,2925.00,2930.96,2871.66,2886.64,194378.437
2022-03-20T12:00:00Z,2886.64,2899.10,2844.00,2854.42,344963.682
2022-03-20T16:00:00Z,2854.42,2880.00,2817.49,2874.86,328677.295
2022-03-20T20:00:00Z,2874.86,2911.99,2850.38,2860.47,238176.460
2022-03-21T00:00:00Z,2860.53,2876.41,2830.50,2843.06,219176.569
2022-03-21T04:00:00Z,2843.07,2895.82,2833.91,2889.08,205947.028
2022-03-21T08:00:00Z,2888.93,2924.00,2873.00,2905.24,247895.051
2022-03-21T12:00:00Z,2905.24,2956.99,2885.69,2954.13,515177.779
2022-03-21T16:00:00Z,2954.13,2960.00,2894.27,2917.13,370386.667
2022-03-21T20:00:00Z,2917.14,2923.46,2881.24,2889.08,128236.514
2022-03-22T00:00:00Z,2889.07,3038.97,2885.49,3007.33,503982.193
2022-03-22T04:00:00Z,3007.33,3055.90,2964.00,2992.79,396087.127
2022-03-22T08:00:00Z,2992.79,3026.21,2984.71,3020.50,258448.113
2022-03-22T12:00:00Z,3020.51,3029.48,2986.47,3002.17,263649.951
2022-03-22T16:00:00Z,3002.16,3013.62,2978.96,2982.71,189002.536
2022-03-22T20:00:00Z,2983.23,3015.00,2956.52,2968.49,186583.653
2022-03-23T00:00:00Z,2968.48,2992.88,2922.25,2946.01,292875.880
2022-03-23T04:00:00Z,2946.01,2961.00,2915.51,2947.45,244043.718
2022-03-23T08:00:00Z,2947.45,2971.78,2932.19,2948.00,217187.544
2022-03-23T12:00:00Z,2948.00,3038.38,2937.30,3029.63,433186.262
2022-03-23T16:00:00Z,3029.63,3043.69,2950.60,2961.41,397976.216
2022-03-23T20:00:00Z,2961.41,3038.02,2958.39,3035.55,196109.115
2022-03-24T00:00:00Z,3035.54,3082.79,3004.46,3016.69,420271.655
2022-03-24T04:00:00Z,3016.69,3071.05,3013.96,3037.37,243550.386
2022-03-24T08:00:00Z,3037.38,3067.94,3030.99,3047.99,263382.052
2022-03-24T12:00:00Z,3047.99,3129.75,3001.00,3114.23,737209.279
2022-03-24T16:00:00Z,3114.34,3122.65,3085.00,3107.44,288447.000
2022-03-24T20:00:00Z,3107.25,3118.00,3085.24,3109.89,128291.272
2022-03-25T00:00:00Z,3109.89,3155.00,3093.49,3135.80,231647.205
2022-03-25T04:00:00Z,3135.79,3147.41,3125.00,3128.01,209148.948
2022-03-25T08:00:00Z,3128.01,3178.77,3092.00,3167.23,372910.696
2022-03-25T12:00:00Z,3167.18,3195.00,3105.79,3120.27,577152.817
2022-03-25T16:00:00Z,3120.27,3138.61,3075.00,3114.09,492335.181
2022-03-25T20:00:00Z,3114.09,3128.67,3092.61,3101.37,124067.959
2022-03-26T00:00:00Z,3101.37,3116.00,3084.03,3107.25,124759.914
2022-03-26T04:00:00Z,3107.21,3137.66,3098.94,3132.35,133497.465
2022-03-26T08:00:00Z,3132.36,3138.53,3115.08,3121.61,110889.203
2022-03-26T12:00:00Z,3121.62,3127.94,3106.35,3114.81,145656.835
2022-03-26T16:00:00Z,3114.81,3127.74,3107.08,3121.94,82446.323
2022-03-26T20:00:00Z,3121.95,3152.24,3120.85,3143.47,163164.546
2022-03-27T00:00:00Z,3143.47,3170.00,3135.58,3142.70,156978.247
2022-03-27T04:00:00Z,3142.71,3158.41,3132.08,3153.68,100117.739
2022-03-27T08:00:00Z,3153.69,3157.77,3137.97,3144.90,88164.883
2022-03-27T12:00:00Z,3144.89,3178.35,3125.26,3169.11,229746.030
2022-03-27T16:00:00Z,3169.11,3189.18,3163.42,3174.03,170736.129
2022-03-27T20:00:00Z,3174.03,3299.33,3162.16,3295.01,497453.765
2022-03-28T00:00:00Z,3295.01,3337.64,3274.30,3311.05,291154.729
2022-03-28T04:00:00Z,3311.04,3340.00,3299.46,3318.57,182957.215
2022-03-28T08:00:00Z,3318.57,3359.00,3305.00,3346.24,220047.200
2022-03-28T12:00:00Z,3346.24,3400.34,3330.00,3356.42,428987.521
2022-03-28T16:00:00Z,3356.41,3430.00,3333.00,3408.54,369631.027
2022-03-28T20:00:00Z,3408.54,3423.55,3315.34,3333.62,287373.263
2022-03-29T00:00:00Z,3333.62,3400.00,3330.32,3370.19,204774.776
2022-03-29T04:00:00Z,3370.20,3422.85,3369.18,3386.18,222453.227
2022-03-29T08:00:00Z,3386.17,3471.00,3384.00,3463.80,370124.930
2022-03-29T12:00:00Z,3463.79,3480.00,3392.24,3401.22,494085.442
2022-03-29T16:00:00Z,3401.22,3443.08,3367.14,3429.31,377960.911
2022-03-29T20:00:00Z,3429.33,3429.45,3336.00,3399.00,259542.264
2022-03-30T00:00:00Z,3399.00,3399.01,3332.00,3383.11,244222.460
2022-03-30T04:00:00Z,3383.12,3417.35,3360.63,3407.51,202022.296
2022-03-30T08:00:00Z,3407.52,3419.52,3379.52,3406.99,214872.899
2022-03-30T12:00:00Z,3407.00,3409.70,3345.00,3381.10,347450.080
2022-03-30T16:00:00Z,3381.11,3447.74,3371.15,3394.08,351010.249
2022-03-30T20:00:00Z,3394.08,3413.94,3370.01,3385.10,152791.435
2022-03-31T00:00:00Z,3385.09,3423.24,3377.35,3396.78,134383.812
2022-03-31T04:00:00Z,3396.77,3409.00,3385.39,3401.23,110379.562
2022-03-31T08:00:00Z,3401.20,3426.77,3395.09,3408.50,171666.176
2022-03-31T12:00:00Z,3408.50,3444.60,3333.99,3349.48,612089.760
2022-03-31T16:00:00Z,3349.47,3354.11,3260.84,3282.42,599429.956
2022-03-31T20:00:00Z,3282.81,3305.32,3261.69,3281.43,187525.488
2022-04-01T00:00:00Z,3281.43,3307.59,3210.06,3249.72,394284.129
2022-04-01T04:00:00Z,3249.73,3280.00,3241.92,3276.96,175150.712
2022-04-01T08:00:00Z,3276.97,3302.82,3266.04,3283.41,208732.150
2022-04-01T12:00:00Z,3283.42,3458.00,3260.64,3432.20,752687.468
2022-04-01T16:00:00Z,3432.20,3483.12,3404.10,3469.29,431381.019
2022-04-01T20:00:00Z,3469.28,3471.90,3425.78,3454.33,147528.641
2022-04-02T00:00:00Z,3454.33,3526.05,3438.34,3473.79,385376.165
2022-04-02T04:00:00Z,3473.80,3493.36,3461.50,3483.19,153562.519
2022-04-02T08:00:00Z,3483.18,3497.77,3468.02,3485.43,149881.572
2022-04-02T12:00:00Z,3485.43,3533.00,3444.00,3459.97,504993.363
2022-04-02T16:00:00Z,3459.97,3486.40,3430.20,3469.89,277145.050
2022-04-02T20:00:00Z,3469.88,3486.16,3432.73,3443.07,181455.691
2022-04-03T00:00:00Z,3443.06,3465.84,3411.90,3454.87,212656.367
2022-04-03T04:00:00Z,3454.95,3508.26,3450.67,3489.14,219939.166
2022-04-03T08:00:00Z,3489.14,3511.39,3470.00,3483.68,180903.160
2022-04-03T12:00:00Z,3483.67,3519.92,3476.68,3498.24,232299.410
2022-04-03T16:00:00Z,3498.24,3520.00,3477.00,3486.33,204858.193
2022-04-03T20:00:00Z,3486.32,3580.00,3485.05,3520.76,380572.208
2022-04-04T00:00:00Z,3520.65,3522.42,3467.00,3487.99,260029.871
2022-04-04T04:00:00Z,3487.98,3510.25,3478.15,3500.91,121214.302
2022-04-04T08:00:00Z,3500.91,3504.87,3447.59,3477.51,262609.804
2022-04-04T12:00:00Z,3477.51,3492.99,3420.00,3423.40,369362.759
2022-04-04T16:00:00Z,3423.40,3498.57,3405.03,3488.92,354104.922
2022-04-04T20:00:00Z,3488.92,3551.55,3471.93,3518.96,286415.849
2022-04-05T00:00:00Z,3518.97,3534.99,3499.86,3523.36,129691.233
2022-04-05T04:00:00Z,3523.37,3534.97,3507.49,3525.56,124635.599
2022-04-05T08:00:00Z,3525.57,3528.10,3503.00,3522.25,120992.091
2022-04-05T12:00:00Z,3522.25,3554.99,3436.97,3451.00,583707.489
2022-04-05T16:00:00Z,3451.00,3476.42,3416.55,3463.37,320061.298
2022-04-05T20:00:00Z,3463.29,3470.90,3388.97,3405.04,208477.395
2022-04-06T00:00:00Z,3405.03,3406.08,3258.74,3340.62,515484.008
2022-04-06T04:00:00Z,3340.62,3372.16,3319.69,3343.26,208459.323
2022-04-06T08:00:00Z,3343.26,3359.00,3277.00,3303.78,320214.574
2022-04-06T12:00:00Z,3303.77,3324.81,3214.00,3255.84,570249.615
2022-04-06T16:00:00Z,3255.84,3264.45,3170.00,3224.82,746922.135
2022-04-06T20:00:00Z,3225.02,3239.25,3160.19,3166.78,261392.325
2022-04-07T00:00:00Z,3166.77,3205.32,3140.33,3184.02,358995.032
2022-04-07T04:00:00Z,3184.11,3232.69,3181.70,3222.40,201237.374
2022-04-07T08:00:00Z,3222.39,3260.00,3202.00,3249.46,248234.904
2022-04-07T12:00:00Z,3249.47,3267.58,3157.52,3198.03,529704.156
2022-04-07T16:00:00Z,3198.02,3245.49,3193.05,3215.89,272208.303
2022-04-07T20:00:00Z,3216.06,3258.54,3195.75,3225.15,141803.457
2022-04-08T00:00:00Z,3225.00,3274.46,3213.70,3265.50,201627.261
2022-04-08T04:00:00Z,3265.50,3286.67,3242.70,3284.46,208665.870
2022-04-08T08:00:00Z,3284.46,3315.00,3253.87,3257.69,350801.749
2022-04-08T12:00:00Z,3257.69,3307.80,3210.00,3279.67,539559.823
2022-04-08T16:00:00Z,3279.66,3291.03,3213.35,3238.44,386532.352
2022-04-08T20:00:00Z,3238.18,3256.86,3171.95,3191.26,271080.647
2022-04-09T00:00:00Z,3191.27,3223.03,3180.24,3209.20,217971.819
2022-04-09T04:00:00Z,3209.20,3228.00,3194.74,3208.70,129068.769
2022-04-09T08:00:00Z,3208.69,3216.47,3192.00,3208.24,105519.149
2022-04-09T12:00:00Z,3208.25,3234.42,3200.22,3208.53,176193.371
2022-04-09T16:00:00Z,3208.53,3255.00,3200.91,3232.35,143203.273
2022-04-09T20:00:00Z,3232.35,3269.62,3220.26,3257.53,137901.084
2022-04-10T00:00:00Z,3257.54,3266.82,3245.00,3256.03,92093.178
2022-04-10T04:00:00Z,3256.03,3261.95,3233.38,3241.45,94609.234
2022-04-10T08:00:00Z,3241.45,3255.00,3232.00,3249.94,97577.982
2022-04-10T12:00:00Z,3249.94,3260.00,3230.62,3254.00,138444.910
2022-04-10T16:00:00Z,3254.00,3307.21,3250.34,3290.26,213504.443
2022-04-10T20:00:00Z,3290.26,3296.00,3187.00,3200.24,364333.923
2022-04-11T00:00:00Z,3200.24,3212.00,3151.00,3173.73,334404.457
2022-04-11T04:00:00Z,3173.74,3189.00,3164.12,3177.37,151065.525
2022-04-11T08:00:00Z,3177.38,3180.35,3025.00,3049.25,697153.235
2022-04-11T12:00:00Z,3049.25,3064.00,3001.00,3002.21,451730.034
2022-04-11T16:00:00Z,3002.20,3039.00,2973.48,3002.91,503474.689
2022-04-11T20:00:00Z,3002.90,3018.06,2945.08,2978.69,427742.266
2022-04-12T00:00:00Z,2978.69,2995.66,2948.19,2981.61,264336.732
2022-04-12T04:00:00Z,2981.62,3026.14,2968.94,3023.17,245666.134
2022-04-12T08:00:00Z,3023.16,3040.00,3010.00,3039.05,199527.326
2022-04-12T12:00:00Z,3039.05,3082.00,3013.00,3042.69,614287.602
2022-04-12T16:00:00Z,3042.84,3062.05,2966.01,2971.12,322505.949
2022-04-12T20:00:00Z,2971.12,3035.50,2965.00,3026.30,217305.242
2022-04-13T00:00:00Z,3026.31,3065.80,3004.19,3047.22,208822.497
2022-04-13T04:00:00Z,3047.21,3068.61,3038.25,3049.55,168700.344
2022-04-13T08:00:00Z,3049.56,3058.34,3010.81,3013.18,212285.056
2022-04-13T12:00:00Z,3013.18,3115.00,2995.23,3092.19,636228.620
2022-04-13T16:00:00Z,3092.22,3113.99,3068.00,3084.67,264957.751
2022-04-13T20:00:00Z,3084.78,3133.00,3080.50,3116.45,161984.209
2022-04-14T00:00:00Z,3116.53,3148.00,3108.05,3116.55,185279.961
2022-04-14T04:00:00Z,3116.55,3122.03,3098.00,3112.31,131046.470
2022-04-14T08:00:00Z,3112.31,3121.21,3067.70,3071.99,246903.722
2022-04-14T12:00:00Z,3071.98,3097.84,3010.00,3014.85,515402.971
2022-04-14T16:00:00Z,3014.85,3024.35,2973.47,2993.71,292038.529
2022-04-14T20:00:00Z,2993.71,3024.93,2981.20,3019.82,134850.509
2022-04-15T00:00:00Z,3019.82,3042.00,3010.81,3039.79,134873.137
2022-04-15T04:00:00Z,3039.80,3045.41,3009.61,3032.64,159262.801
2022-04-15T08:00:00Z,3032.64,3039.57,3015.22,3026.27,137649.296
2022-04-15T12:00:00Z,3026.27,3062.81,2990.06,3026.68,297018.852
2022-04-15T16:00:00Z,3026.67,3039.39,3007.00,3020.90,128118.555
2022-04-15T20:00:00Z,3020.89,3043.60,3016.83,3039.19,66377.233
2022-04-16T00:00:00Z,3039.20,3048.92,3033.00,3036.10,77422.489
2022-04-16T04:00:00Z,3036.10,3046.61,3031.00,3032.65,63118.814
2022-04-16T08:00:00Z,3032.65,3046.60,3026.74,3037.97,86252.424
2022-04-16T12:00:00Z,3037.97,3060.00,3008.08,3015.82,211651.451
2022-04-16T16:00:00Z,3015.83,3027.24,3012.32,3022.77,63266.129
2022-04-16T20:00:00Z,3022.77,3090.00,3020.84,3057.99,150863.715
2022-04-17T00:00:00Z,3058.00,3063.60,3019.23,3027.00,126786.605
2022-04-17T04:00:00Z,3027.00,3044.80,3026.22,3036.21,61717.719
2022-04-17T08:00:00Z,3036.22,3047.84,3035.36,3045.98,69506.201
2022-04-17T12:00:00Z,3045.98,3082.56,3041.09,3071.66,288052.976
2022-04-17T16:00:00Z,3071.66,3076.93,3020.00,3050.24,238283.150
2022-04-17T20:00:00Z,3050.25,3076.81,2980.60,2986.03,290821.372
2022-04-18T00:00:00Z,2986.02,3000.00,2974.00,2993.18,165001.341
2022-04-18T04:00:00Z,2993.18,2993.90,2875.87,2891.18,428328.619
2022-04-18T08:00:00Z,2891.18,2921.41,2887.00,2909.56,174357.203
2022-04-18T12:00:00Z,2909.57,2951.52,2902.95,2912.34,319163.966
2022-04-18T16:00:00Z,2912.50,3033.43,2892.14,3004.56,479480.315
2022-04-18T20:00:00Z,3004.55,3069.00,3003.73,3054.02,249495.751
2022-04-19T00:00:00Z,3054.02,3098.86,3034.05,3036.36,211865.637
2022-04-19T04:00:00Z,3036.35,3050.73,3027.66,3037.52,109177.123
2022-04-19T08:00:00Z,3037.52,3063.15,3030.64,3039.70,151751.073
2022-04-19T12:00:00Z,3039.70,3129.43,3038.49,3109.52,422269.635
2022-04-19T16:00:00Z,3109.52,3124.80,3080.18,3109.67,198649.580
2022-04-19T20:00:00Z,3109.67,3110.66,3083.94,3100.42,100456.041
2022-04-20T00:00:00Z,3100.43,3106.17,3066.00,3089.85,139557.913
2022-04-20T04:00:00Z,3089.86,3113.99,3077.29,3088.01,137801.721
2022-04-20T08:00:00Z,3088.00,3173.89,3084.32,3151.29,283080.051
2022-04-20T12:00:00Z,3151.28,3160.83,3050.00,3066.73,489509.308
2022-04-20T16:00:00Z,3066.72,3085.89,3031.48,3068.16,223155.862
2022-04-20T20:00:00Z,3068.54,3094.65,3056.50,3074.01,120737.075
2022-04-21T00:00:00Z,3073.96,3103.33,3069.01,3094.92,112084.766
2022-04-21T04:00:00Z,3094.92,3103.92,3064.60,3098.98,143875.476
2022-04-21T08:00:00Z,3099.01,3158.55,3081.85,3149.00,322476.172
2022-04-21T12:00:00Z,3149.01,3180.00,3102.00,3104.19,438860.523
2022-04-21T16:00:00Z,3104.18,3107.08,3018.09,3024.85,399346.438
2022-04-21T20:00:00Z,3024.85,3032.45,2933.33,2981.31,385088.636
2022-04-22T00:00:00Z,2981.31,3007.63,2966.45,2993.15,192763.341
2022-04-22T04:00:00Z,2993.15,3035.37,2983.38,3018.73,217715.253
2022-04-22T08:00:00Z,3018.73,3027.66,2975.01,3012.43,234116.552
2022-04-22T12:00:00Z,3012.43,3018.00,2942.00,2948.59,426384.077
2022-04-22T16:00:00Z,2948.58,2982.00,2930.26,2955.52,289376.633
2022-04-22T20:00:00Z,2955.50,2971.00,2935.04,2960.38,116502.913
2022-04-23T00:00:00Z,2960.39,2973.56,2940.66,2945.31,102046.278
2022-04-23T04:00:00Z,2945.31,2963.26,2904.36,2957.48,157801.643
2022-04-23T08:00:00Z,2957.48,2968.87,2950.02,2956.98,76199.782
2022-04-23T12:00:00Z,2956.99,2969.82,2944.28,2964.67,98631.087
2022-04-23T16:00:00Z,2964.66,2976.82,2945.04,2952.28,88922.436
2022-04-23T20:00:00Z,2952.29,2967.99,2919.53,2930.28,92167.921
2022-04-24T00:00:00Z,2930.28,2958.28,2920.98,2953.97,117080.560
2022-04-24T04:00:00Z,2953.97,2957.44,2942.00,2948.12,63721.301
2022-04-24T08:00:00Z,2948.12,2954.22,2933.00,2937.27,79775.119
2022-04-24T12:00:00Z,2937.27,2957.01,2908.99,2942.43,214280.926
2022-04-24T16:00:00Z,2942.44,2967.20,2915.00,2958.67,227781.659
2022-04-24T20:00:00Z,2958.67,2961.79,2916.00,2918.97,145120.510
2022-04-25T00:00:00Z,2918.98,2923.62,2838.65,2873.33,389105.869
2022-04-25T04:00:00Z,2873.34,2874.07,2791.30,2810.10,320044.918
2022-04-25T08:00:00Z,2810.10,2863.18,2794.22,2859.45,277617.528
2022-04-25T12:00:00Z,2859.45,2895.00,2839.57,2867.01,473961.918
2022-04-25T16:00:00Z,2867.01,3015.00,2863.45,3011.19,522549.550
2022-04-25T20:00:00Z,3011.19,3026.02,2988.31,3006.11,224257.734
2022-04-26T00:00:00Z,3006.12,3043.00,2985.01,2999.99,180802.020
2022-04-26T04:00:00Z,3000.00,3013.00,2978.09,3002.25,160864.259
2022-04-26T08:00:00Z,3002.25,3020.40,2984.03,3001.50,158654.474
2022-04-26T12:00:00Z,3001.49,3011.76,2850.80,2858.25,700764.870
2022-04-26T16:00:00Z,2858.25,2884.60,2807.37,2837.34,541100.472
2022-04-26T20:00:00Z,2837.34,2855.00,2761.27,2807.88,373487.270
2022-04-27T00:00:00Z,2807.89,2842.55,2792.27,2834.29,195057.560
2022-04-27T04:00:00Z,2834.28,2888.88,2829.49,2887.41,204701.838
2022-04-27T08:00:00Z,2887.41,2920.00,2858.43,2883.18,407037.474
2022-04-27T12:00:00Z,2883.18,2918.84,2818.80,2864.07,637918.047
2022-04-27T16:00:00Z,2864.06,2894.99,2836.47,2851.08,290031.995
2022-04-27T20:00:00Z,2850.87,2898.48,2848.77,2887.57,154900.362
2022-04-28T00:00:00Z,2887.57,2914.64,2866.95,2882.47,187183.280
2022-04-28T04:00:00Z,2882.48,2950.00,2872.70,2899.64,192777.874
2022-04-28T08:00:00Z,2899.64,2946.80,2898.90,2927.69,255452.289
2022-04-28T12:00:00Z,2927.69,2946.26,2853.24,2888.28,672194.675
2022-04-28T16:00:00Z,2888.28,2979.76,2874.12,2947.87,416946.427
2022-04-28T20:00:00Z,2947.87,2969.61,2910.66,2935.39,201314.378
2022-04-29T00:00:00Z,2935.39,2946.29,2902.63,2925.36,164063.978
2022-04-29T04:00:00Z,2925.36,2935.50,2908.51,2924.98,140897.978
2022-04-29T08:00:00Z,2924.97,2927.08,2832.28,2841.81,333813.395
2022-04-29T12:00:00Z,2841.82,2884.99,2830.17,2854.81,417564.155
2022-04-29T16:00:00Z,2854.81,2856.43,2776.00,2791.98,444232.574
2022-04-29T20:00:00Z,2791.98,2821.88,2787.28,2815.37,171347.731
2022-04-30T00:00:00Z,2815.38,2836.43,2809.37,2817.03,141609.794
2022-04-30T04:00:00Z,2817.03,2841.04,2807.72,2827.79,91711.336
2022-04-30T08:00:00Z,2827.80,2838.70,2816.00,2828.70,100452.383
2022-04-30T12:00:00Z,2828.69,2835.46,2768.06,2814.25,288417.915
2022-04-30T16:00:00Z,2814.26,2820.60,2772.90,2805.09,182029.349
2022-04-30T20:00:00Z,2805.09,2806.74,2711.65,2725.10,311549.454
2022-05-01T00:00:00Z,2725.10,2778.65,2714.50,2774.72,253490.205
2022-05-01T04:00:00Z,2774.72,2794.55,2763.16,2765.13,135096.446
2022-05-01T08:00:00Z,2765.13,2780.84,2751.25,2755.09,105413.595
2022-05-01T12:00:00Z,2755.09,2818.52,2750.90,2804.02,218874.006
2022-05-01T16:00:00Z,2804.05,2830.26,2753.25,2764.23,270922.997
2022-05-01T20:00:00Z,2764.22,2849.00,2756.95,2823.38,233653.642
2022-05-02T00:00:00Z,2823.38,2848.00,2821.17,2838.96,153535.334
2022-05-02T04:00:00Z,2838.95,2874.77,2830.00,2844.41,176886.343
2022-05-02T08:00:00Z,2844.42,2854.53,2787.75,2794.20,243390.303
2022-05-02T12:00:00Z,2794.20,2850.74,2774.97,2826.99,507746.527
2022-05-02T16:00:00Z,2826.96,2850.56,2776.01,2840.89,337200.283
2022-05-02T20:00:00Z,2840.92,2882.15,2823.56,2855.16,179935.360
2022-05-03T00:00:00Z,2855.15,2860.76,2826.97,2849.01,150040.194
2022-05-03T04:00:00Z,2849.00,2853.54,2829.09,2844.05,125175.437
2022-05-03T08:00:00Z,2844.05,2852.72,2821.80,2847.81,135421.717
2022-05-03T12:00:00Z,2847.80,2849.45,2814.00,2821.38,241032.991
2022-05-03T16:00:00Z,2821.38,2827.00,2758.66,2772.42,331800.629
2022-05-03T20:00:00Z,2772.49,2799.99,2753.00,2780.91,187095.687
2022-05-04T00:00:00Z,2780.92,2809.88,2770.08,2797.22,123529.344
2022-05-04T04:00:00Z,2797.23,2833.00,2788.00,2828.12,174605.647
2022-05-04T08:00:00Z,2828.13,2893.00,2825.86,2870.39,336013.667
2022-05-04T12:00:00Z,2870.40,2882.56,2825.00,2843.24,280052.375
2022-05-04T16:00:00Z,2843.24,2965.00,2823.80,2954.63,648144.461
2022-05-04T20:00:00Z,2954.63,2957.73,2921.05,2939.76,154576.018
2022-05-05T00:00:00Z,2939.76,2955.79,2937.00,2941.37,132061.012
2022-05-05T04:00:00Z,2941.38,2951.00,2924.19,2933.63,98101.324
2022-05-05T08:00:00Z,2933.62,2938.34,2915.30,2925.40,151790.147
2022-05-05T12:00:00Z,2925.41,2935.61,2718.89,2740.65,890557.731
2022-05-05T16:00:00Z,2740.65,2773.00,2684.84,2727.07,671200.803
2022-05-05T20:00:00Z,2727.07,2755.03,2711.27,2746.37,230657.986
2022-05-06T00:00:00Z,2746.36,2757.28,2723.10,2745.05,143482.754
2022-05-06T04:00:00Z,2745.05,2754.26,2692.53,2729.05,200660.406
2022-05-06T08:00:00Z,2729.05,2744.32,2658.50,2674.21,354234.625
2022-05-06T12:00:00Z,2674.20,2726.13,2630.00,2687.06,809219.475
2022-05-06T16:00:00Z,2687.05,2712.10,2668.50,2688.73,300412.109
2022-05-06T20:00:00Z,2688.74,2706.03,2673.43,2691.59,109383.454
2022-05-07T00:00:00Z,2691.60,2696.83,2663.56,2668.60,94996.727
2022-05-07T04:00:00Z,2668.61,2677.97,2652.03,2671.66,135658.278
2022-05-07T08:00:00Z,2671.67,2697.00,2666.41,2687.96,118875.420
2022-05-07T12:00:00Z,2687.96,2703.61,2670.02,2691.42,141917.244
2022-05-07T16:00:00Z,2691.43,2700.00,2678.99,2681.67,97065.468
2022-05-07T20:00:00Z,2681.67,2681.67,2581.89,2634.82,374564.767
2022-05-08T00:00:00Z,2634.82,2641.11,2514.00,2544.91,540093.643
2022-05-08T04:00:00Z,2544.91,2568.62,2528.21,2555.11,218205.781
2022-05-08T08:00:00Z,2555.10,2576.57,2545.00,2566.99,164026.367
2022-05-08T12:00:00Z,2567.06,2577.70,2510.97,2515.36,361490.011
2022-05-08T16:00:00Z,2515.35,2572.09,2480.00,2560.95,513917.303
2022-05-08T20:00:00Z,2560.95,2564.09,2507.00,2518.90,201536.049
2022-05-09T00:00:00Z,2519.03,2530.88,2420.50,2456.92,469792.910
2022-05-09T04:00:00Z,2456.91,2479.84,2422.02,2446.81,292910.187
2022-05-09T08:00:00Z,2446.82,2469.99,2350.00,2404.54,677245.475
2022-05-09T12:00:00Z,2404.53,2448.41,2344.00,2381.68,841690.822
2022-05-09T16:00:00Z,2381.68,2404.64,2222.46,2270.86,1474689.466
2022-05-09T20:00:00Z,2270.79,2334.40,2224.34,2227.48,775423.188
2022-05-10T00:00:00Z,2227.62,2345.90,2197.38,2299.80,943017.514
2022-05-10T04:00:00Z,2299.79,2438.34,2296.66,2372.20,735987.316
2022-05-10T08:00:00Z,2372.20,2409.89,2364.49,2401.47,465442.961
2022-05-10T12:00:00Z,2401.28,2455.88,2320.39,2361.30,922806.808
2022-05-10T16:00:00Z,2361.29,2409.83,2328.18,2353.14,492758.876
2022-05-10T20:00:00Z,2353.14,2366.63,2258.43,2340.86,519474.281
2022-05-11T00:00:00Z,2340.85,2392.45,2318.70,2359.79,390919.767
2022-05-11T04:00:00Z,2359.79,2405.62,2263.84,2314.43,735751.985
2022-05-11T08:00:00Z,2314.43,2451.86,2289.67,2410.53,783482.371
2022-05-11T12:00:00Z,2410.36,2429.95,2120.00,2264.57,2052927.101
2022-05-11T16:00:00Z,2265.06,2283.74,2093.07,2116.53,957459.250
2022-05-11T20:00:00Z,2116.66,2152.40,2002.00,2083.98,905923.667
2022-05-12T00:00:00Z,2083.98,2193.70,1968.37,1968.91,828866.712
2022-05-12T04:00:00Z,1968.49,1983.88,1775.43,1913.60,1878402.090
2022-05-12T08:00:00Z,1913.60,2016.63,1867.07,1949.30,890282.767
2022-05-12T12:00:00Z,1949.30,2050.00,1881.44,1966.85,933973.729
2022-05-12T16:00:00Z,1966.86,2036.59,1897.58,1944.26,693602.086
2022-05-12T20:00:00Z,1944.22,1983.23,1865.81,1959.78,414645.597
2022-05-13T00:00:00Z,1959.79,2110.59,1939.33,2094.43,630280.202
2022-05-13T04:00:00Z,2094.43,2144.66,2047.03,2047.57,433938.568
2022-05-13T08:00:00Z,2047.58,2125.00,2047.57,2114.14,422121.049
2022-05-13T12:00:00Z,2114.36,2149.99,2077.42,2092.07,618918.456
2022-05-13T16:00:00Z,2092.07,2111.00,2028.06,2064.07,445099.707
2022-05-13T20:00:00Z,2064.07,2084.20,1998.31,2008.49,248997.894
2022-05-14T00:00:00Z,2008.48,2068.60,1999.83,2053.63,265813.256
2022-05-14T04:00:00Z,2053.62,2054.25,2013.71,2031.61,174568.976
2022-05-14T08:00:00Z,2031.62,2054.00,1970.20,1984.35,339741.351
2022-05-14T12:00:00Z,1984.34,1999.99,1950.07,1962.65,304581.832
2022-05-14T16:00:00Z,1962.65,2034.25,1952.86,1995.17,364214.423
2022-05-14T20:00:00Z,1995.17,2066.14,1991.80,2055.00,263383.140
2022-05-15T00:00:00Z,2054.99,2079.00,2000.00,2013.15,238918.093
2022-05-15T04:00:00Z,2013.14,2049.00,2001.21,2036.14,194408.637
2022-05-15T08:00:00Z,2036.14,2089.00,2017.01,2079.29,251262.179
2022-05-15T12:00:00Z,2079.29,2098.66,2047.02,2061.54,337938.375
2022-05-15T16:00:00Z,2061.54,2106.66,2056.22,2103.38,241818.710
2022-05-15T20:00:00Z,2103.38,2174.32,2095.12,2144.07,356886.290
2022-05-16T00:00:00Z,2144.06,2144.07,2066.00,2075.63,314762.046
2022-05-16T04:00:00Z,2075.63,2082.82,1989.50,2010.84,468741.188
2022-05-16T08:00:00Z,2010.83,2051.22,1976.00,2030.24,440312.257
2022-05-16T12:00:00Z,2030.24,2063.19,1983.32,2013.82,742521.909
2022-05-16T16:00:00Z,2013.83,2045.00,1977.40,2006.04,420108.270
2022-05-16T20:00:00Z,2006.04,2055.00,2004.01,2022.89,256258.999
2022-05-17T00:00:00Z,2022.79,2079.00,2018.16,2071.78,288746.120
2022-05-17T04:00:00Z,2071.78,2094.43,2063.64,2069.72,210607.627
2022-05-17T08:00:00Z,2069.71,2098.37,2067.75,2079.99,231795.040
2022-05-17T12:00:00Z,2079.98,2124.10,2042.78,2059.79,518981.983
2022-05-17T16:00:00Z,2059.78,2068.90,2006.71,2045.66,472911.284
2022-05-17T20:00:00Z,2045.73,2102.43,2040.02,2090.00,237638.649
2022-05-18T00:00:00Z,2090.00,2110.89,2031.86,2038.29,328951.515
2022-05-18T04:00:00Z,2038.28,2051.68,2017.02,2037.73,269246.269
2022-05-18T08:00:00Z,2037.72,2047.99,2020.47,2030.15,194811.509
2022-05-18T12:00:00Z,2030.15,2034.49,1942.58,1954.86,643777.264
2022-05-18T16:00:00Z,1954.86,1993.49,1935.02,1980.12,536933.571
2022-05-18T20:00:00Z,1980.11,1980.69,1906.61,1914.20,358103.034
2022-05-19T00:00:00Z,1914.19,1970.00,1901.70,1952.62,427342.076
2022-05-19T04:00:00Z,1952.61,1974.71,1940.47,1951.11,255642.881
2022-05-19T08:00:00Z,1951.10,1967.79,1912.39,1963.88,432931.840
2022-05-19T12:00:00Z,1963.89,2039.30,1942.50,2022.51,857690.884
2022-05-19T16:00:00Z,2022.52,2028.35,1990.41,1992.71,409104.662
2022-05-19T20:00:00Z,1992.71,2027.84,1991.09,2019.46,200059.573
2022-05-20T00:00:00Z,2019.45,2053.00,2003.68,2022.90,342236.404
2022-05-20T04:00:00Z,2022.89,2035.00,2001.23,2024.77,289513.843
2022-05-20T08:00:00Z,2024.77,2064.74,2021.20,2053.47,315639.896
2022-05-20T12:00:00Z,2053.47,2057.70,1950.69,1959.79,750833.796
2022-05-20T16:00:00Z,1959.79,1971.59,1922.00,1967.05,673058.620
2022-05-20T20:00:00Z,1967.04,1979.00,1952.00,1958.69,234870.497
2022-05-21T00:00:00Z,1958.69,1972.86,1935.52,1966.72,207590.464
2022-05-21T04:00:00Z,1966.72,1986.03,1960.00,1977.71,185568.003
2022-05-21T08:00:00Z,1977.71,1987.93,1955.13,1969.35,198835.242
2022-05-21T12:00:00Z,1969.35,1985.00,1958.00,1979.27,290819.317
2022-05-21T16:00:00Z,1979.26,1990.75,1971.45,1980.09,176845.049
2022-05-21T20:00:00Z,1980.09,1984.30,1964.69,1973.94,101281.685
2022-05-22T00:00:00Z,1973.94,1982.92,1970.67,1973.21,112147.382
2022-05-22T04:00:00Z,1973.21,1976.89,1965.25,1975.01,95487.264
2022-05-22T08:00:00Z,1975.01,2037.56,1972.35,2017.51,468078.970
2022-05-22T12:00:00Z,2017.51,2032.41,1990.21,2003.45,327090.560
2022-05-22T16:00:00Z,2003.45,2022.09,1991.55,2007.04,200286.763
2022-05-22T20:00:00Z,2007.04,2056.73,2005.27,2042.63,230228.029
2022-05-23T00:00:00Z,2042.63,2058.50,2018.83,2030.43,209246.197
2022-05-23T04:00:00Z,2030.42,2080.43,2025.63,2065.86,299069.766
2022-05-23T08:00:00Z,2065.86,2084.59,2051.00,2067.89,296364.693
2022-05-23T12:00:00Z,2067.90,2088.60,2034.85,2064.34,604701.329
2022-05-23T16:00:00Z,2064.34,2078.60,1976.65,1979.60,523094.613
2022-05-23T20:00:00Z,1979.59,2003.63,1955.01,1972.45,408286.095
2022-05-24T00:00:00Z,1972.45,1989.53,1967.64,1986.83,172412.483
2022-05-24T04:00:00Z,1986.82,1993.72,1973.00,1984.04,151237.115
2022-05-24T08:00:00Z,1984.04,1985.42,1950.00,1965.16,293198.018
2022-05-24T12:00:00Z,1965.16,1974.99,1911.38,1961.54,748152.723
2022-05-24T16:00:00Z,1961.55,1976.81,1933.67,1961.76,480179.305
2022-05-24T20:00:00Z,1961.77,1991.43,1950.54,1978.56,232114.194
2022-05-25T00:00:00Z,1978.56,2022.74,1969.01,2013.46,323944.336
2022-05-25T04:00:00Z,2013.47,2014.82,1972.05,1976.58,276929.736
2022-05-25T08:00:00Z,1976.59,1981.87,1940.36,1943.22,336389.011
2022-05-25T12:00:00Z,1943.21,1985.00,1933.00,1963.27,549019.172
2022-05-25T16:00:00Z,1963.27,1982.00,1942.91,1950.98,462860.985
2022-05-25T20:00:00Z,1951.00,1971.76,1939.29,1942.00,202626.253
2022-05-26T00:00:00Z,1942.01,1965.28,1932.21,1947.58,272452.400
2022-05-26T04:00:00Z,1947.57,1950.16,1906.51,1925.34,435691.564
2022-05-26T08:00:00Z,1925.34,1926.42,1795.05,1815.69,878965.679
2022-05-26T12:00:00Z,1815.68,1876.50,1725.00,1860.90,1580637.395
2022-05-26T16:00:00Z,1860.90,1908.00,1825.16,1826.00,743452.166
2022-05-26T20:00:00Z,1826.00,1847.69,1787.81,1791.02,493621.678
2022-05-27T00:00:00Z,1790.99,1807.97,1726.86,1766.73,861598.394
2022-05-27T04:00:00Z,1766.74,1798.99,1708.83,1764.12,975607.974
2022-05-27T08:00:00Z,1764.11,1789.34,1750.00,1770.46,656811.983
2022-05-27T12:00:00Z,1770.46,1821.85,1754.96,1763.57,953684.112
2022-05-27T16:00:00Z,1763.56,1774.50,1713.44,1753.33,833825.205
2022-05-27T20:00:00Z,1753.33,1772.30,1694.97,1726.55,462094.540
2022-05-28T00:00:00Z,1726.55,1766.19,1721.30,1763.72,447377.557
2022-05-28T04:00:00Z,1763.72,1784.10,1753.81,1764.69,347051.256
2022-05-28T08:00:00Z,1764.69,1788.30,1748.02,1772.19,322829.758
2022-05-28T12:00:00Z,1772.18,1809.33,1768.70,1794.15,466332.872
2022-05-28T16:00:00Z,1794.14,1799.55,1755.00,1792.13,302078.056
2022-05-28T20:00:00Z,1792.13,1805.00,1777.54,1791.74,187226.206
2022-05-29T00:00:00Z,1791.75,1794.99,1755.25,1775.57,272966.578
2022-05-29T04:00:00Z,1775.57,1789.06,1768.47,1782.79,152658.996
2022-05-29T08:00:00Z,1782.78,1803.48,1773.29,1801.27,328779.803
2022-05-29T12:00:00Z,1801.26,1829.00,1792.36,1796.48,415257.352
2022-05-29T16:00:00Z,1796.49,1809.87,1784.40,1787.82,208159.540
2022-05-29T20:00:00Z,1787.81,1826.46,1786.03,1812.45,263160.362
2022-05-30T00:00:00Z,1812.46,1889.85,1801.52,1879.08,587743.673
2022-05-30T04:00:00Z,1879.08,1920.00,1868.46,1906.80,494257.719
2022-05-30T08:00:00Z,1906.80,1910.41,1891.00,1902.30,361756.863
2022-05-30T12:00:00Z,1902.29,1925.01,1872.22,1911.71,629533.019
2022-05-30T16:00:00Z,1911.70,1942.81,1905.26,1916.27,380635.570
2022-05-30T20:00:00Z,1916.28,2013.56,1911.94,1997.87,810082.278
2022-05-31T00:00:00Z,1997.87,2016.77,1975.82,1993.75,383767.369
2022-05-31T04:00:00Z,1993.75,1995.96,1960.04,1970.14,335488.071
2022-05-31T08:00:00Z,1970.14,1986.96,1955.55,1978.15,340605.319
2022-05-31T12:00:00Z,1978.15,1995.54,1929.36,1987.87,810262.414
2022-05-31T16:00:00Z,1987.87,1999.00,1922.00,1933.76,583509.055
2022-05-31T20:00:00Z,1933.82,1959.69,1933.65,1941.68,201444.436
2022-06-01T00:00:00Z,1941.68,1959.25,1926.14,1929.73,292457.630
2022-06-01T04:00:00Z,1929.73,1945.97,1912.69,1930.78,310009.186
2022-06-01T08:00:00Z,1930.79,1945.00,1924.00,1938.68,242307.109
2022-06-01T12:00:00Z,1938.68,1972.77,1877.00,1880.30,1090227.363
2022-06-01T16:00:00Z,1880.30,1880.83,1806.39,1820.56,988511.734
2022-06-01T20:00:00Z,1820.56,1843.61,1758.52,1817.10,575758.965
2022-06-02T00:00:00Z,1817.16,1835.35,1804.67,1813.84,344287.863
2022-06-02T04:00:00Z,1813.84,1836.62,1801.12,1825.78,288936.590
2022-06-02T08:00:00Z,1825.77,1843.27,1812.18,1838.29,273973.094
2022-06-02T12:00:00Z,1838.30,1840.29,1780.48,1815.60,843120.057
2022-06-02T16:00:00Z,1815.60,1832.90,1799.86,1821.27,380369.239
2022-06-02T20:00:00Z,1821.25,1852.99,1818.00,1833.37,260192.730
2022-06-03T00:00:00Z,1833.37,1843.33,1821.09,1826.86,199666.604
2022-06-03T04:00:00Z,1826.86,1828.41,1805.41,1813.23,205256.436
2022-06-03T08:00:00Z,1813.18,1821.52,1751.84,1761.47,614726.376
2022-06-03T12:00:00Z,1761.46,1779.76,1733.01,1762.51,774573.314
2022-06-03T16:00:00Z,1762.52,1767.44,1741.71,1750.54,302451.192
2022-06-03T20:00:00Z,1750.55,1794.89,1748.46,1774.15,267076.536
2022-06-04T00:00:00Z,1774.16,1779.00,1747.45,1752.42,217007.138
2022-06-04T04:00:00Z,1752.42,1774.99,1751.38,1768.29,168758.123
2022-06-04T08:00:00Z,1768.30,1779.48,1761.60,1767.65,182198.352
2022-06-04T12:00:00Z,1767.66,1788.55,1756.13,1777.76,328881.709
2022-06-04T16:00:00Z,1777.76,1781.48,1766.45,1771.48,183285.194
2022-06-04T20:00:00Z,1771.48,1815.48,1769.20,1803.71,238787.303
2022-06-05T00:00:00Z,1803.70,1810.75,1782.98,1793.23,201354.659
2022-06-05T04:00:00Z,1793.22,1799.44,1784.64,1784.77,132093.278
2022-06-05T08:00:00Z,1784.77,1795.00,1772.19,1787.14,205711.830
2022-06-05T12:00:00Z,1787.13,1812.50,1779.00,1810.53,259827.365
2022-06-05T16:00:00Z,1810.54,1830.00,1794.48,1820.21,415090.775
2022-06-05T20:00:00Z,1820.21,1826.93,1801.45,1805.39,218307.356
2022-06-06T00:00:00Z,1805.40,1884.60,1803.52,1876.99,541550.729
2022-06-06T04:00:00Z,1876.98,1896.49,1866.49,1892.78,380318.457
2022-06-06T08:00:00Z,1892.79,1914.96,1889.00,1908.78,441173.870
2022-06-06T12:00:00Z,1908.79,1919.33,1865.11,1885.91,755704.410
2022-06-06T16:00:00Z,1885.91,1888.00,1843.00,1863.18,548606.963
2022-06-06T20:00:00Z,1863.19,1877.04,1845.98,1859.11,250161.901
2022-06-07T00:00:00Z,1859.10,1861.23,1722.00,1755.70,1300817.971
2022-06-07T04:00:00Z,1755.69,1764.54,1746.48,1762.14,300795.005
2022-06-07T08:00:00Z,1762.13,1779.26,1746.17,1753.21,361948.813
2022-06-07T12:00:00Z,1753.20,1793.40,1735.45,1780.70,637902.359
2022-06-07T16:00:00Z,1780.71,1875.00,1766.51,1846.89,637080.714
2022-06-07T20:00:00Z,1846.89,1869.43,1751.00,1812.61,848770.240
2022-06-08T00:00:00Z,1812.62,1836.99,1763.87,1778.92,607967.551
2022-06-08T04:00:00Z,1778.89,1818.14,1771.55,1805.59,417191.740
2022-06-08T08:00:00Z,1805.59,1817.03,1794.72,1807.54,275182.900
2022-06-08T12:00:00Z,1807.54,1840.13,1783.37,1814.40,699802.288
2022-06-08T16:00:00Z,1814.40,1821.79,1770.54,1789.87,432532.321
2022-06-08T20:00:00Z,1789.88,1814.99,1787.18,1791.02,196079.153
2022-06-09T00:00:00Z,1791.01,1801.42,1776.32,1798.60,268111.623
2022-06-09T04:00:00Z,1798.60,1811.88,1793.00,1811.71,170988.225
2022-06-09T08:00:00Z,1811.72,1832.70,1801.70,1804.41,359167.440
2022-06-09T12:00:00Z,1804.41,1810.39,1777.54,1798.33,508315.901
2022-06-09T16:00:00Z,1798.34,1818.62,1781.15,1782.89,344610.986
2022-06-09T20:00:00Z,1782.88,1799.41,1780.00,1788.03,188475.514
2022-06-10T00:00:00Z,1788.03,1803.82,1740.60,1791.87,491626.794
2022-06-10T04:00:00Z,1791.86,1800.00,1786.08,1787.63,166218.697
2022-06-10T08:00:00Z,1787.63,1794.48,1762.23,1770.95,357849.685
2022-06-10T12:00:00Z,1770.94,1781.22,1706.46,1725.72,1214606.640
2022-06-10T16:00:00Z,1725.72,1729.91,1650.00,1667.64,1070605.103
2022-06-10T20:00:00Z,1667.65,1685.29,1653.75,1661.95,307990.365
2022-06-11T00:00:00Z,1661.95,1680.97,1656.53,1668.40,234324.819
2022-06-11T04:00:00Z,1668.40,1679.00,1661.78,1666.15,239342.217
2022-06-11T08:00:00Z,1666.16,1669.30,1528.46,1575.07,1426310.580
2022-06-11T12:00:00Z,1575.06,1590.88,1498.93,1516.87,1657505.915
2022-06-11T16:00:00Z,1516.88,1580.00,1506.06,1545.64,981294.192
2022-06-11T20:00:00Z,1545.64,1552.89,1516.71,1532.19,421661.253
2022-06-12T00:00:00Z,1532.19,1541.71,1444.05,1465.70,1138631.827
2022-06-12T04:00:00Z,1465.70,1479.95,1421.00,1470.30,1030298.256
2022-06-12T08:00:00Z,1470.30,1486.96,1451.71,1468.16,724243.097
2022-06-12T12:00:00Z,1468.16,1548.81,1423.42,1525.21,1613713.822
2022-06-12T16:00:00Z,1525.20,1531.78,1475.49,1478.59,788942.459
2022-06-12T20:00:00Z,1478.59,1488.18,1432.33,1434.35,720642.995
2022-06-13T00:00:00Z,1434.35,1454.58,1303.33,1350.71,2836186.023
2022-06-13T04:00:00Z,1350.62,1388.00,1260.84,1283.03,2527627.990
2022-06-13T08:00:00Z,1283.05,1289.15,1177.00,1208.78,4757449.649
2022-06-13T12:00:00Z,1208.53,1258.73,1162.00,1229.15,3855462.801
2022-06-13T16:00:00Z,1229.31,1280.00,1208.27,1227.75,2011187.180
2022-06-13T20:00:00Z,1227.75,1285.00,1166.92,1209.04,1363872.115
2022-06-14T00:00:00Z,1209.03,1224.78,1073.00,1173.04,3310687.104
2022-06-14T04:00:00Z,1173.05,1256.90,1135.00,1240.22,2737143.235
2022-06-14T08:00:00Z,1240.23,1243.49,1153.38,1174.31,1674336.022
2022-06-14T12:00:00Z,1174.31,1263.00,1156.72,1250.01,2550230.480
2022-06-14T16:00:00Z,1249.96,1268.90,1194.26,1205.27,1122561.683
2022-06-14T20:00:00Z,1205.27,1221.72,1158.20,1208.32,941699.229
2022-06-15T00:00:00Z,1208.32,1232.03,1168.14,1172.47,952847.713
2022-06-15T04:00:00Z,1172.36,1174.98,1080.00,1093.60,2309974.776
2022-06-15T08:00:00Z,1093.59,1134.13,1012.42,1119.50,3826162.896
2022-06-15T12:00:00Z,1119.49,1160.00,1093.01,1119.57,2453427.247
2022-06-15T16:00:00Z,1119.47,1237.18,1042.59,1169.87,4672688.347
2022-06-15T20:00:00Z,1169.89,1249.40,1153.10,1236.49,1424509.657
2022-06-16T00:00:00Z,1236.48,1257.29,1201.75,1209.26,1068506.336
2022-06-16T04:00:00Z,1209.26,1217.80,1155.12,1164.71,1060318.879
2022-06-16T08:00:00Z,1164.71,1180.00,1092.41,1110.18,1886550.237
2022-06-16T12:00:00Z,1110.19,1149.80,1081.07,1113.70,2174561.248
2022-06-16T16:00:00Z,1113.70,1134.40,1092.00,1095.56,1394061.084
2022-06-16T20:00:00Z,1095.56,1119.36,1050.51,1067.77,1180837.633
2022-06-17T00:00:00Z,1067.77,1116.70,1050.00,1070.90,1408118.537
2022-06-17T04:00:00Z,1070.90,1118.00,1067.16,1098.38,1228523.396
2022-06-17T08:00:00Z,1098.39,1112.90,1085.39,1091.74,1031979.603
2022-06-17T12:00:00Z,1091.74,1101.60,1062.52,1084.19,1579127.763
2022-06-17T16:00:00Z,1084.15,1092.91,1071.00,1079.54,799681.997
2022-06-17T20:00:00Z,1079.53,1099.65,1074.27,1085.99,535245.285
2022-06-18T00:00:00Z,1085.99,1097.00,1071.00,1078.74,611162.085
2022-06-18T04:00:00Z,1078.73,1082.99,986.00,1002.64,1896335.722
2022-06-18T08:00:00Z,1002.63,1017.81,971.75,1004.47,2179489.963
2022-06-18T12:00:00Z,1004.47,1008.10,987.00,989.04,891670.111
2022-06-18T16:00:00Z,989.09,999.59,912.00,914.15,2163882.294
2022-06-18T20:00:00Z,914.15,1015.00,878.04,994.09,3644973.020
2022-06-19T00:00:00Z,994.09,1009.08,940.08,952.42,1851512.026
2022-06-19T04:00:00Z,952.49,973.63,935.50,955.12,1406927.732
2022-06-19T08:00:00Z,955.19,1080.67,951.98,1054.63,2471637.172
2022-06-19T12:00:00Z,1054.63,1079.20,1017.50,1071.06,1738780.526
2022-06-19T16:00:00Z,1071.07,1131.54,1042.17,1099.81,1486709.221
2022-06-19T20:00:00Z,1099.72,1162.98,1097.23,1127.88,1450917.541
2022-06-20T00:00:00Z,1127.88,1132.20,1052.05,1079.10,1512360.832
2022-06-20T04:00:00Z,1079.10,1093.00,1059.70,1079.21,1026475.427
2022-06-20T08:00:00Z,1079.22,1174.00,1076.24,1152.59,2119796.928
2022-06-20T12:00:00Z,1152.60,1154.56,1106.00,1133.75,1679606.423
2022-06-20T16:00:00Z,1133.76,1136.57,1082.33,1105.80,1347291.204
2022-06-20T20:00:00Z,1105.80,1138.56,1090.23,1127.83,961472.291
2022-06-21T00:00:00Z,1127.82,1143.80,1108.63,1130.40,1036087.805
2022-06-21T04:00:00Z,1130.40,1164.99,1117.47,1147.95,1195518.958
2022-06-21T08:00:00Z,1147.95,1180.00,1136.29,1140.87,1223129.493
2022-06-21T12:00:00Z,1140.88,1194.00,1134.65,1167.79,1541043.933
2022-06-21T16:00:00Z,1167.79,1174.74,1121.00,1123.80,994248.016
2022-06-21T20:00:00Z,1123.72,1140.66,1112.89,1125.47,729163.747
2022-06-22T00:00:00Z,1125.47,1126.81,1086.00,1088.60,863311.767
2022-06-22T04:00:00Z,1088.60,1106.43,1065.50,1074.80,1000428.646
2022-06-22T08:00:00Z,1074.80,1105.32,1068.75,1096.72,802299.746
2022-06-22T12:00:00Z,1096.72,1125.75,1068.87,1074.51,1608398.191
2022-06-22T16:00:00Z,1074.51,1088.56,1053.00,1069.93,1257928.641
2022-06-22T20:00:00Z,1069.93,1074.24,1042.00,1049.40,907334.688
2022-06-23T00:00:00Z,1049.41,1097.59,1044.16,1075.58,1008549.970
2022-06-23T04:00:00Z,1075.51,1110.00,1071.00,1091.06,823094.711
2022-06-23T08:00:00Z,1091.10,1117.25,1090.60,1106.05,943033.008
2022-06-23T12:00:00Z,1106.05,1134.51,1086.16,1093.50,1324562.064
2022-06-23T16:00:00Z,1093.49,1127.93,1081.79,1126.11,827390.976
2022-06-23T20:00:00Z,1126.10,1156.01,1119.56,1143.71,1018698.979
2022-06-24T00:00:00Z,1143.71,1169.00,1140.23,1149.90,760008.625
2022-06-24T04:00:00Z,1149.90,1160.94,1131.36,1147.95,822111.107
2022-06-24T08:00:00Z,1147.95,1206.10,1142.15,1195.26,1187991.943
2022-06-24T12:00:00Z,1195.26,1227.33,1189.78,1197.36,1391704.097
2022-06-24T16:00:00Z,1197.36,1229.99,1183.64,1227.15,974944.900
2022-06-24T20:00:00Z,1227.16,1244.94,1213.84,1224.42,915981.632
2022-06-25T00:00:00Z,1224.42,1226.97,1203.34,1223.01,721908.410
2022-06-25T04:00:00Z,1223.01,1239.22,1210.09,1233.74,704160.618
2022-06-25T08:00:00Z,1233.73,1243.00,1212.00,1216.50,614892.247
2022-06-25T12:00:00Z,1216.49,1218.80,1180.99,1183.44,1114857.304
2022-06-25T16:00:00Z,1183.43,1215.25,1179.03,1204.69,587867.661
2022-06-25T20:00:00Z,1204.69,1258.00,1200.74,1241.60,793963.805
2022-06-26T00:00:00Z,1241.60,1245.78,1227.07,1232.55,440759.672
2022-06-26T04:00:00Z,1232.56,1251.80,1231.52,1237.64,534337.959
2022-06-26T08:00:00Z,1237.64,1278.00,1234.48,1269.11,798360.246
2022-06-26T12:00:00Z,1269.11,1280.00,1211.11,1222.57,1389538.998
2022-06-26T16:00:00Z,1222.57,1232.62,1209.20,1225.17,580112.392
2022-06-26T20:00:00Z,1225.17,1249.17,1193.54,1197.21,821295.295
2022-06-27T00:00:00Z,1197.20,1226.79,1194.83,1219.09,673909.088
2022-06-27T04:00:00Z,1219.09,1237.06,1211.78,1227.25,539703.005
2022-06-27T08:00:00Z,1227.25,1238.89,1217.00,1219.59,537669.727
2022-06-27T12:00:00Z,1219.59,1223.50,1173.00,1186.63,1522573.358
2022-06-27T16:00:00Z,1186.63,1211.00,1172.14,1196.07,836543.619
2022-06-27T20:00:00Z,1196.07,1218.70,1188.76,1191.90,520111.504
2022-06-28T00:00:00Z,1191.89,1199.06,1160.00,1181.42,896111.293
2022-06-28T04:00:00Z,1181.41,1215.00,1178.46,1207.02,737640.970
2022-06-28T08:00:00Z,1207.02,1234.00,1203.32,1222.80,905886.627
2022-06-28T12:00:00Z,1222.80,1239.66,1181.04,1183.26,1398671.792
2022-06-28T16:00:00Z,1183.26,1192.96,1152.00,1155.96,1134399.367
2022-06-28T20:00:00Z,1155.96,1167.74,1135.65,1143.50,758140.670
2022-06-29T00:00:00Z,1143.51,1156.76,1132.10,1144.31,729165.823
2022-06-29T04:00:00Z,1144.31,1154.99,1112.31,1129.80,1030552.149
2022-06-29T08:00:00Z,1129.80,1142.18,1102.00,1117.45,1076761.817
2022-06-29T12:00:00Z,1117.45,1124.12,1089.78,1113.73,1566361.643
2022-06-29T16:00:00Z,1113.66,1119.00,1085.60,1117.72,1095850.702
2022-06-29T20:00:00Z,1117.69,1122.71,1092.01,1099.32,756618.391
2022-06-30T00:00:00Z,1099.33,1106.60,1076.00,1093.39,852290.452
2022-06-30T04:00:00Z,1093.40,1096.80,1052.00,1056.82,1212217.549
2022-06-30T08:00:00Z,1056.82,1056.95,1011.12,1017.73,1901167.336
2022-06-30T12:00:00Z,1017.73,1041.78,995.00,1031.57,2019249.251
2022-06-30T16:00:00Z,1031.56,1046.75,1011.51,1020.54,1072621.641
2022-06-30T20:00:00Z,1020.72,1085.48,1004.00,1070.85,1375826.252
2022-07-01T00:00:00Z,1070.90,1118.21,1050.00,1054.04,1957828.758
2022-07-01T04:00:00Z,1054.04,1076.00,1045.00,1066.11,1205909.564
2022-07-01T08:00:00Z,1066.12,1086.64,1032.65,1049.54,1333752.372
2022-07-01T12:00:00Z,1049.54,1074.99,1042.12,1056.18,1396712.916
2022-07-01T16:00:00Z,1056.11,1083.97,1054.24,1067.32,840149.974
2022-07-01T20:00:00Z,1067.32,1092.80,1054.00,1059.24,731327.687
2022-07-02T00:00:00Z,1059.16,1069.07,1033.00,1037.28,887219.539
2022-07-02T04:00:00Z,1037.28,1053.08,1035.28,1041.39,480707.211
2022-07-02T08:00:00Z,1041.39,1048.84,1026.16,1043.30,669693.067
2022-07-02T12:00:00Z,1043.30,1064.86,1039.18,1052.16,872127.298
2022-07-02T16:00:00Z,1052.17,1078.98,1048.66,1065.56,721325.888
2022-07-02T20:00:00Z,1065.55,1075.00,1059.30,1066.53,343215.529
2022-07-03T00:00:00Z,1066.53,1070.89,1053.50,1061.77,379100.638
2022-07-03T04:00:00Z,1061.77,1088.00,1040.01,1063.26,1047042.856
2022-07-03T08:00:00Z,1063.26,1064.93,1048.80,1060.57,442047.706
2022-07-03T12:00:00Z,1060.58,1062.77,1040.19,1049.89,679820.650
2022-07-03T16:00:00Z,1049.90,1082.80,1048.78,1077.19,548773.871
2022-07-03T20:00:00Z,1077.26,1087.00,1069.41,1073.90,652923.042
2022-07-04T00:00:00Z,1073.91,1076.20,1046.62,1050.88,769295.520
2022-07-04T04:00:00Z,1050.87,1057.46,1044.33,1050.16,420268.615
2022-07-04T08:00:00Z,1050.15,1107.00,1049.23,1100.62,1205231.585
2022-07-04T12:00:00Z,1100.61,1135.97,1083.50,1111.39,1758388.610
2022-07-04T16:00:00Z,1111.38,1135.78,1102.40,1122.59,894430.592
2022-07-04T20:00:00Z,1122.60,1160.68,1116.58,1150.23,883132.703
2022-07-05T00:00:00Z,1150.23,1164.54,1141.62,1152.80,665069.914
2022-07-05T04:00:00Z,1152.79,1176.00,1141.30,1157.58,819454.820
2022-07-05T08:00:00Z,1157.58,1158.25,1107.56,1111.78,1250220.383
2022-07-05T12:00:00Z,1111.78,1112.74,1075.00,1092.40,1873859.503
2022-07-05T16:00:00Z,1092.40,1152.57,1087.45,1146.11,1365718.070
2022-07-05T20:00:00Z,1146.13,1169.60,1127.24,1131.80,1165085.994
2022-07-06T00:00:00Z,1131.81,1153.66,1111.03,1130.36,1123966.362
2022-07-06T04:00:00Z,1130.36,1150.36,1120.16,1138.91,1106926.578
2022-07-06T08:00:00Z,1138.91,1155.40,1127.72,1133.44,838793.224
2022-07-06T12:00:00Z,1133.44,1150.00,1122.22,1132.85,1163399.105
2022-07-06T16:00:00Z,1132.85,1168.09,1131.74,1152.83,1211853.164
2022-07-06T20:00:00Z,1152.83,1205.45,1150.05,1186.37,1089729.306
2022-07-07T00:00:00Z,1186.36,1189.74,1166.19,1175.94,628966.553
2022-07-07T04:00:00Z,1175.94,1177.94,1162.93,1176.18,494427.703
2022-07-07T08:00:00Z,1176.18,1194.08,1172.30,1185.43,642791.324
2022-07-07T12:00:00Z,1185.37,1229.00,1178.32,1219.75,1619422.694
2022-07-07T16:00:00Z,1219.75,1254.82,1214.37,1247.32,1260756.521
2022-07-07T20:00:00Z,1247.33,1249.81,1224.64,1236.92,674218.376
2022-07-08T00:00:00Z,1236.91,1277.00,1230.28,1258.57,1002173.481
2022-07-08T04:00:00Z,1258.57,1268.36,1234.36,1240.82,671068.006
2022-07-08T08:00:00Z,1240.83,1244.44,1204.08,1220.78,1348454.180
2022-07-08T12:00:00Z,1220.77,1240.88,1192.00,1235.00,1949257.761
2022-07-08T16:00:00Z,1235.00,1247.96,1213.00,1239.53,916031.811
2022-07-08T20:00:00Z,1239.53,1254.42,1210.88,1213.53,611630.128
2022-07-09T00:00:00Z,1213.53,1221.26,1203.75,1216.19,619103.254
2022-07-09T04:00:00Z,1216.19,1226.96,1210.15,1224.21,427007.092
2022-07-09T08:00:00Z,1224.21,1227.90,1205.00,1209.73,482860.899
2022-07-09T12:00:00Z,1209.74,1222.46,1205.78,1215.00,474756.238
2022-07-09T16:00:00Z,1215.00,1236.87,1208.56,1217.94,526731.918
2022-07-09T20:00:00Z,1217.94,1226.22,1212.24,1216.48,266730.631
2022-07-10T00:00:00Z,1216.49,1219.50,1181.58,1187.73,687141.186
2022-07-10T04:00:00Z,1187.73,1195.00,1183.82,1188.78,360086.160
2022-07-10T08:00:00Z,1188.78,1193.91,1172.83,1183.04,540158.405
2022-07-10T12:00:00Z,1183.03,1187.00,1155.14,1163.13,873281.743
2022-07-10T16:00:00Z,1163.14,1176.72,1152.00,1173.62,584186.030
2022-07-10T20:00:00Z,1173.62,1184.00,1160.00,1167.81,523391.268
2022-07-11T00:00:00Z,1167.81,1170.97,1143.00,1153.89,718912.813
2022-07-11T04:00:00Z,1153.88,1154.60,1136.69,1142.87,586854.948
2022-07-11T08:00:00Z,1142.86,1149.95,1140.95,1142.87,465946.405
2022-07-11T12:00:00Z,1142.87,1162.40,1127.05,1143.12,1093894.207
2022-07-11T16:00:00Z,1143.13,1156.55,1135.74,1141.34,619079.503
2022-07-11T20:00:00Z,1141.26,1144.55,1091.10,1095.95,1047850.483
2022-07-12T00:00:00Z,1095.88,1097.51,1081.00,1085.66,762327.094
2022-07-12T04:00:00Z,1085.66,1092.71,1062.20,1068.41,760492.614
2022-07-12T08:00:00Z,1068.42,1072.50,1052.63,1065.11,917152.832
2022-07-12T12:00:00Z,1065.10,1082.75,1061.25,1075.53,1206048.019
2022-07-12T16:00:00Z,1075.54,1088.50,1032.09,1040.53,1237002.203
2022-07-12T20:00:00Z,1040.52,1051.29,1034.45,1037.88,761639.159
2022-07-13T00:00:00Z,1037.88,1059.43,1034.51,1051.62,617085.539
2022-07-13T04:00:00Z,1051.62,1072.00,1048.33,1068.72,654160.194
2022-07-13T08:00:00Z,1068.72,1084.61,1064.80,1081.10,787390.191
2022-07-13T12:00:00Z,1081.09,1105.00,1005.00,1059.63,3890353.458
2022-07-13T16:00:00Z,1059.62,1100.00,1048.80,1075.90,1517254.045
2022-07-13T20:00:00Z,1075.90,1120.00,1074.01,1114.19,1024330.693
2022-07-14T00:00:00Z,1114.18,1126.91,1108.50,1111.99,809138.999
2022-07-14T04:00:00Z,1111.99,1114.35,1092.59,1097.06,701613.263
2022-07-14T08:00:00Z,1097.06,1100.28,1070.57,1080.80,995731.552
2022-07-14T12:00:00Z,1080.80,1148.00,1072.20,1140.47,1951367.268
2022-07-14T16:00:00Z,1140.48,1216.90,1132.88,1193.65,2321670.538
2022-07-14T20:00:00Z,1193.66,1200.60,1180.25,1193.01,676292.179
2022-07-15T00:00:00Z,1193.01,1224.45,1180.74,1199.25,955668.624
2022-07-15T04:00:00Z,1199.25,1217.60,1188.09,1211.20,961265.790
2022-07-15T08:00:00Z,1211.20,1229.98,1202.75,1210.70,1133972.564
2022-07-15T12:00:00Z,1210.70,1237.20,1206.50,1221.56,1670614.846
2022-07-15T16:00:00Z,1221.55,1270.00,1202.77,1265.85,1610493.348
2022-07-15T20:00:00Z,1265.89,1294.99,1226.00,1230.58,1304801.083
2022-07-16T00:00:00Z,1230.59,1234.68,1209.00,1221.44,718527.366
2022-07-16T04:00:00Z,1221.45,1222.59,1191.41,1196.85,860899.086
2022-07-16T08:00:00Z,1196.86,1206.27,1192.40,1197.19,600177.266
2022-07-16T12:00:00Z,1197.19,1277.00,1195.42,1274.16,1713648.868
2022-07-16T16:00:00Z,1274.15,1440.57,1271.97,1335.86,3432435.679
2022-07-16T20:00:00Z,1335.85,1362.00,1314.06,1355.37,1040724.798
2022-07-17T00:00:00Z,1355.38,1387.92,1327.60,1352.65,1186626.451
2022-07-17T04:00:00Z,1352.64,1376.70,1346.32,1360.56,782747.979
2022-07-17T08:00:00Z,1360.56,1375.15,1336.60,1362.73,938040.576
2022-07-17T12:00:00Z,1362.74,1367.33,1329.58,1351.00,1261466.807
2022-07-17T16:00:00Z,1350.99,1383.99,1316.00,1347.02,1478073.373
2022-07-17T20:00:00Z,1347.02,1375.00,1334.45,1338.27,727262.669
2022-07-18T00:00:00Z,1338.28,1421.00,1335.49,1405.81,1431426.355
2022-07-18T04:00:00Z,1405.80,1476.00,1393.00,1465.96,1693434.391
2022-07-18T08:00:00Z,1465.95,1511.27,1462.08,1478.13,1876940.848
2022-07-18T12:00:00Z,1478.13,1529.00,1454.83,1519.99,1539357.238
2022-07-18T16:00:00Z,1519.99,1530.00,1450.00,1472.22,1749188.145
2022-07-18T20:00:00Z,1472.21,1597.19,1461.56,1580.12,1607744.943
2022-07-19T00:00:00Z,1580.12,1640.00,1510.36,1515.63,2272724.634
2022-07-19T04:00:00Z,1515.63,1542.90,1492.57,1510.34,1446771.132
2022-07-19T08:00:00Z,1510.33,1561.00,1505.20,1541.24,1216261.119
2022-07-19T12:00:00Z,1541.24,1576.17,1505.00,1539.38,2133061.517
2022-07-19T16:00:00Z,1539.58,1590.91,1534.09,1560.31,1573008.054
2022-07-19T20:00:00Z,1560.31,1588.87,1525.00,1541.39,852420.522
2022-07-20T00:00:00Z,1541.40,1567.90,1508.88,1561.05,925250.415
2022-07-20T04:00:00Z,1561.05,1579.01,1529.00,1530.25,883512.281
2022-07-20T08:00:00Z,1530.27,1614.25,1525.59,1602.63,1734831.743
2022-07-20T12:00:00Z,1602.64,1620.00,1581.53,1595.83,1584273.474
2022-07-20T16:00:00Z,1595.83,1596.80,1537.00,1550.99,1394675.692
2022-07-20T20:00:00Z,1551.00,1566.00,1477.00,1521.34,1661509.234
2022-07-21T00:00:00Z,1521.26,1555.00,1482.00,1487.64,1240491.867
2022-07-21T04:00:00Z,1487.63,1497.86,1462.30,1487.44,994382.401
2022-07-21T08:00:00Z,1487.43,1520.00,1475.00,1488.45,1124512.443
2022-07-21T12:00:00Z,1488.45,1515.00,1480.41,1510.21,1324917.289
2022-07-21T16:00:00Z,1510.22,1581.50,1508.85,1578.93,1666953.126
2022-07-21T20:00:00Z,1578.81,1607.00,1565.09,1575.39,974007.090
2022-07-22T00:00:00Z,1575.38,1595.86,1552.00,1561.44,662681.991
2022-07-22T04:00:00Z,1561.45,1617.66,1555.50,1601.16,963076.526
2022-07-22T08:00:00Z,1601.21,1646.30,1595.00,1638.18,1492659.441
2022-07-22T12:00:00Z,1638.19,1643.97,1567.99,1574.10,1784815.334
2022-07-22T16:00:00Z,1574.10,1592.45,1518.87,1526.00,1199702.774
2022-07-22T20:00:00Z,1526.01,1543.45,1515.75,1534.53,625302.151
2022-07-23T00:00:00Z,1534.53,1578.80,1522.75,1570.37,620309.972
2022-07-23T04:00:00Z,1570.37,1596.72,1563.56,1577.90,741613.518
2022-07-23T08:00:00Z,1577.90,1588.10,1518.40,1522.00,1066251.124
2022-07-23T12:00:00Z,1522.00,1536.75,1502.35,1523.15,1018696.712
2022-07-23T16:00:00Z,1523.16,1532.97,1485.53,1512.76,1050102.946
2022-07-23T20:00:00Z,1512.66,1554.88,1511.00,1548.01,653040.666
2022-07-24T00:00:00Z,1548.01,1578.26,1543.45,1551.49,768344.742
2022-07-24T04:00:00Z,1551.50,1620.21,1546.68,1605.04,1217162.426
2022-07-24T08:00:00Z,1605.03,1631.72,1580.36,1615.57,998990.861
2022-07-24T12:00:00Z,1615.58,1621.45,1572.00,1612.58,1231750.474
2022-07-24T16:00:00Z,1612.58,1615.90,1583.34,1602.28,779201.509
2022-07-24T20:00:00Z,1602.26,1664.90,1587.20,1597.77,1370995.945
2022-07-25T00:00:00Z,1597.77,1609.26,1497.50,1511.19,1720608.369
2022-07-25T04:00:00Z,1511.18,1528.50,1498.01,1521.18,855570.475
2022-07-25T08:00:00Z,1521.17,1553.85,1510.52,1536.79,908472.031
2022-07-25T12:00:00Z,1536.79,1539.15,1501.04,1525.33,1435346.385
2022-07-25T16:00:00Z,1525.34,1533.95,1453.42,1493.94,1384063.809
2022-07-25T20:00:00Z,1493.95,1539.44,1433.20,1440.40,1826677.307
2022-07-26T00:00:00Z,1440.40,1448.90,1400.00,1432.06,1484073.827
2022-07-26T04:00:00Z,1431.95,1438.15,1406.00,1408.49,703849.428
2022-07-26T08:00:00Z,1408.49,1423.55,1382.00,1405.51,863383.585
2022-07-26T12:00:00Z,1405.52,1419.80,1363.07,1368.35,1831039.676
2022-07-26T16:00:00Z,1368.36,1395.25,1355.00,1365.36,1106650.366
2022-07-26T20:00:00Z,1365.48,1455.00,1355.44,1448.27,1684935.924
2022-07-27T00:00:00Z,1448.28,1459.08,1420.22,1423.94,955604.836
2022-07-27T04:00:00Z,1423.94,1472.70,1422.10,1463.64,985389.869
2022-07-27T08:00:00Z,1463.64,1474.10,1446.86,1452.08,820977.930
2022-07-27T12:00:00Z,1452.09,1496.43,1443.94,1488.50,1339371.946
2022-07-27T16:00:00Z,1488.50,1615.00,1477.00,1587.72,3655504.539
2022-07-27T20:00:00Z,1587.72,1644.66,1585.00,1635.45,1352085.318
2022-07-28T00:00:00Z,1635.46,1681.46,1605.81,1648.17,1297448.092
2022-07-28T04:00:00Z,1648.18,1654.98,1613.95,1618.71,909051.241
2022-07-28T08:00:00Z,1618.72,1643.00,1600.01,1641.00,986737.589
2022-07-28T12:00:00Z,1641.01,1759.39,1595.00,1728.32,3533739.816
2022-07-28T16:00:00Z,1728.33,1750.00,1713.15,1725.88,1515494.681
2022-07-28T20:00:00Z,1725.88,1784.50,1711.00,1723.82,1396278.845
2022-07-29T00:00:00Z,1723.83,1734.00,1695.34,1726.25,914185.152
2022-07-29T04:00:00Z,1726.25,1754.58,1705.38,1715.35,951351.519
2022-07-29T08:00:00Z,1715.35,1732.43,1667.48,1681.00,1251500.154
2022-07-29T12:00:00Z,1681.01,1743.96,1656.00,1721.50,2137515.929
2022-07-29T16:00:00Z,1721.51,1735.83,1667.08,1723.70,1807147.888
2022-07-29T20:00:00Z,1723.72,1766.30,1701.83,1721.85,1261121.119
2022-07-30T00:00:00Z,1721.85,1735.00,1686.11,1706.89,949089.255
2022-07-30T04:00:00Z,1706.93,1719.90,1688.55,1715.24,484593.787
2022-07-30T08:00:00Z,1715.24,1724.46,1676.96,1703.78,824704.176
2022-07-30T12:00:00Z,1703.78,1744.00,1695.41,1736.08,1116095.885
2022-07-30T16:00:00Z,1736.08,1737.10,1688.24,1691.25,677687.396
2022-07-30T20:00:00Z,1691.25,1708.30,1671.00,1696.68,841498.845
2022-07-31T00:00:00Z,1696.68,1715.09,1685.80,1693.30,580817.975
2022-07-31T04:00:00Z,1693.30,1708.21,1688.70,1696.97,388858.432
2022-07-31T08:00:00Z,1696.98,1724.09,1685.16,1717.77,641280.017
2022-07-31T12:00:00Z,1717.76,1722.44,1690.38,1711.13,593828.122
2022-07-31T16:00:00Z,1711.14,1755.55,1685.71,1717.19,1336583.215
2022-07-31T20:00:00Z,1717.18,1724.34,1666.00,1677.63,799645.827
2022-08-01T00:00:00Z,1677.63,1704.32,1673.75,1690.67,526906.651
2022-08-01T04:00:00Z,1690.67,1697.02,1672.15,1692.38,548306.850
2022-08-01T08:00:00Z,1692.38,1694.92,1640.00,1667.21,971312.134
2022-08-01T12:00:00Z,1667.22,1689.52,1634.95,1671.94,1632157.939
2022-08-01T16:00:00Z,1672.00,1673.08,1616.00,1621.72,1188431.394
2022-08-01T20:00:00Z,1621.73,1643.00,1605.50,1629.45,754577.093
2022-08-02T00:00:00Z,1629.45,1656.35,1566.80,1576.85,1334406.612
2022-08-02T04:00:00Z,1576.85,1595.00,1565.07,1592.18,788859.812
2022-08-02T08:00:00Z,1592.18,1596.85,1557.80,1586.82,961262.396
2022-08-02T12:00:00Z,1586.81,1636.97,1563.15,1628.87,2381307.177
2022-08-02T16:00:00Z,1628.88,1678.00,1621.90,1636.44,1840933.401
2022-08-02T20:00:00Z,1636.45,1660.41,1627.04,1629.97,741550.422
2022-08-03T00:00:00Z,1629.98,1638.30,1588.50,1619.15,1058709.066
2022-08-03T04:00:00Z,1619.14,1642.44,1612.10,1628.62,601106.543
2022-08-03T08:00:00Z,1628.62,1672.09,1627.93,1664.44,939967.221
2022-08-03T12:00:00Z,1664.44,1685.91,1642.30,1655.20,1406224.181
2022-08-03T16:00:00Z,1655.20,1671.04,1646.90,1653.30,808537.381
2022-08-03T20:00:00Z,1653.32,1656.33,1606.54,1617.37,957620.895
2022-08-04T00:00:00Z,1617.37,1659.11,1614.80,1650.95,949121.019
2022-08-04T04:00:00Z,1650.96,1664.28,1615.13,1625.27,932472.381
2022-08-04T08:00:00Z,1625.27,1630.50,1605.16,1615.02,846019.840
2022-08-04T12:00:00Z,1615.03,1643.55,1596.00,1615.06,1673560.478
2022-08-04T16:00:00Z,1615.03,1623.70,1580.00,1590.24,1211255.680
2022-08-04T20:00:00Z,1590.23,1612.26,1580.33,1607.20,574180.505
2022-08-05T00:00:00Z,1607.20,1668.50,1605.00,1659.42,1119897.262
2022-08-05T04:00:00Z,1659.36,1678.83,1645.59,1662.47,739161.751
2022-08-05T08:00:00Z,1662.48,1718.00,1652.02,1713.27,1118086.325
2022-08-05T12:00:00Z,1713.27,1726.12,1664.50,1669.65,2486101.352
2022-08-05T16:00:00Z,1669.65,1683.50,1655.90,1680.24,1046600.496
2022-08-05T20:00:00Z,1680.23,1743.40,1665.66,1737.13,1135867.602
2022-08-06T00:00:00Z,1737.12,1751.00,1727.02,1734.87,803901.421
2022-08-06T04:00:00Z,1734.88,1738.49,1713.90,1720.91,533171.652
2022-08-06T08:00:00Z,1720.90,1724.70,1703.25,1711.90,552470.466
2022-08-06T12:00:00Z,1711.90,1721.20,1706.18,1715.10,446150.282
2022-08-06T16:00:00Z,1715.10,1721.47,1685.03,1714.53,776853.532
2022-08-06T20:00:00Z,1714.54,1726.00,1686.00,1689.85,561222.743
2022-08-07T00:00:00Z,1689.84,1697.38,1667.00,1683.04,767711.475
2022-08-07T04:00:00Z,1683.03,1688.28,1670.45,1685.10,371947.330
2022-08-07T08:00:00Z,1685.09,1694.20,1671.85,1691.49,459277.042
2022-08-07T12:00:00Z,1691.50,1717.00,1689.23,1698.14,786566.015
2022-08-07T16:00:00Z,1698.14,1716.80,1694.05,1707.40,425423.900
2022-08-07T20:00:00Z,1707.39,1729.39,1689.59,1699.25,615256.236
2022-08-08T00:00:00Z,1699.25,1719.21,1693.15,1709.23,616850.739
2022-08-08T04:00:00Z,1709.23,1739.99,1707.30,1732.06,807406.464
2022-08-08T08:00:00Z,1732.05,1794.36,1727.45,1788.70,1454921.410
2022-08-08T12:00:00Z,1788.71,1819.78,1766.75,1774.61,1706963.399
2022-08-08T16:00:00Z,1774.61,1786.86,1754.00,1782.44,999252.693
2022-08-08T20:00:00Z,1782.45,1799.59,1757.00,1776.09,748171.881
2022-08-09T00:00:00Z,1776.08,1786.60,1759.00,1777.60,572746.798
2022-08-09T04:00:00Z,1777.59,1790.00,1765.24,1780.98,571165.508
2022-08-09T08:00:00Z,1780.98,1782.00,1690.54,1702.80,2050611.946
2022-08-09T12:00:00Z,1702.80,1716.95,1666.05,1683.78,1705598.950
2022-08-09T16:00:00Z,1683.77,1697.50,1672.82,1687.00,855310.976
2022-08-09T20:00:00Z,1687.00,1714.88,1686.45,1702.04,574862.348
2022-08-10T00:00:00Z,1702.04,1702.24,1655.00,1668.78,1145760.797
2022-08-10T04:00:00Z,1668.79,1691.00,1666.69,1685.01,661094.033
2022-08-10T08:00:00Z,1685.00,1712.88,1683.50,1706.01,979472.206
2022-08-10T12:00:00Z,1706.01,1855.95,1702.55,1836.84,4065871.102
2022-08-10T16:00:00Z,1836.84,1849.79,1803.30,1818.13,1239956.339
2022-08-10T20:00:00Z,1818.13,1886.75,1817.50,1853.24,1123785.286
2022-08-11T00:00:00Z,1853.25,1919.40,1849.80,1879.40,1874839.109
2022-08-11T04:00:00Z,1879.39,1905.25,1870.00,1877.72,1228935.683
2022-08-11T08:00:00Z,1877.72,1915.00,1872.53,1902.78,854124.292
2022-08-11T12:00:00Z,1902.78,1943.00,1882.60,1889.23,2234424.652
2022-08-11T16:00:00Z,1889.23,1907.29,1874.41,1897.90,971742.403
2022-08-11T20:00:00Z,1897.96,1905.00,1866.08,1879.35,709742.584
2022-08-12T00:00:00Z,1879.35,1914.24,1856.04,1903.00,934438.623
2022-08-12T04:00:00Z,1903.00,1908.40,1881.63,1887.85,528243.676
2022-08-12T08:00:00Z,1887.85,1903.13,1852.00,1867.58,1035824.727
2022-08-12T12:00:00Z,1867.57,1903.85,1866.15,1896.60,1178420.055
2022-08-12T16:00:00Z,1896.59,1932.99,1890.10,1925.36,903670.120
2022-08-12T20:00:00Z,1925.35,1964.46,1916.00,1957.40,954746.888
2022-08-13T00:00:00Z,1957.40,1999.45,1945.50,1996.38,1134662.082
2022-08-13T04:00:00Z,1996.38,2019.00,1985.00,1995.29,1320671.089
2022-08-13T08:00:00Z,1995.29,2007.35,1971.08,1985.37,938571.010
2022-08-13T12:00:00Z,1985.37,1994.00,1961.50,1986.99,801322.508
2022-08-13T16:00:00Z,1986.98,2004.00,1970.64,1974.24,727131.627
2022-08-13T20:00:00Z,1974.24,1994.00,1966.60,1982.80,468103.477
2022-08-14T00:00:00Z,1982.79,1993.55,1970.00,1985.21,477781.478
2022-08-14T04:00:00Z,1985.21,2030.00,1980.00,2015.46,892055.598
2022-08-14T08:00:00Z,2015.47,2016.49,1980.00,1988.95,851274.795
2022-08-14T12:00:00Z,1988.94,1990.34,1968.01,1983.28,663607.786
2022-08-14T16:00:00Z,1983.28,1984.00,1905.00,1930.12,1356870.471
2022-08-14T20:00:00Z,1930.12,1958.69,1915.39,1934.55,718711.374
2022-08-15T00:00:00Z,1934.56,2012.94,1922.00,1986.00,1509972.006
2022-08-15T04:00:00Z,1985.99,1992.28,1884.60,1899.38,1850144.903
2022-08-15T08:00:00Z,1899.37,1911.94,1872.75,1890.05,1222124.307
2022-08-15T12:00:00Z,1890.05,1922.60,1871.00,1916.36,1430641.704
2022-08-15T16:00:00Z,1916.36,1931.90,1883.41,1888.65,944858.447
2022-08-15T20:00:00Z,1888.65,1917.33,1875.50,1898.56,855025.795
2022-08-16T00:00:00Z,1898.55,1914.59,1860.10,1887.18,1206058.237
2022-08-16T04:00:00Z,1887.18,1892.44,1855.89,1885.72,948814.017
2022-08-16T08:00:00Z,1885.71,1915.00,1873.33,1905.62,887305.833
2022-08-16T12:00:00Z,1905.63,1913.48,1863.17,1886.63,1478752.284
2022-08-16T16:00:00Z,1886.63,1897.37,1850.00,1878.31,1258738.623
2022-08-16T20:00:00Z,1878.32,1885.89,1864.38,1875.78,438865.022
2022-08-17T00:00:00Z,1875.79,1904.63,1874.02,1895.43,845143.889
2022-08-17T04:00:00Z,1895.43,1957.70,1887.00,1889.45,2005946.817
2022-08-17T08:00:00Z,1889.45,1902.00,1866.53,1875.90,1062911.850
2022-08-17T12:00:00Z,1875.89,1886.06,1818.01,1830.26,2231380.066
2022-08-17T16:00:00Z,1830.26,1869.50,1823.29,1837.40,1433458.366
2022-08-17T20:00:00Z,1837.39,1853.50,1823.44,1833.55,674743.142
2022-08-18T00:00:00Z,1833.55,1865.00,1820.11,1847.75,828989.627
2022-08-18T04:00:00Z,1847.75,1852.42,1835.28,1844.23,540915.244
2022-08-18T08:00:00Z,1844.23,1865.98,1833.34,1858.90,783737.690
2022-08-18T12:00:00Z,1858.90,1882.00,1848.41,1871.98,1563694.413
2022-08-18T16:00:00Z,1871.97,1878.60,1855.62,1869.38,917263.122
2022-08-18T20:00:00Z,1869.37,1879.34,1842.50,1845.86,695445.051
2022-08-19T00:00:00Z,1845.86,1847.65,1805.75,1816.94,1456221.018
2022-08-19T04:00:00Z,1816.95,1823.83,1710.00,1743.90,2043621.740
2022-08-19T08:00:00Z,1743.90,1743.97,1680.71,1706.84,2189523.651
2022-08-19T12:00:00Z,1706.83,1706.98,1672.20,1697.10,1677854.491
2022-08-19T16:00:00Z,1697.09,1725.97,1680.00,1700.43,1403977.169
2022-08-19T20:00:00Z,1700.43,1705.43,1601.85,1608.29,1936080.644
2022-08-20T00:00:00Z,1608.29,1639.45,1607.01,1626.91,1088447.008
2022-08-20T04:00:00Z,1626.91,1657.00,1624.13,1646.54,991754.677
2022-08-20T08:00:00Z,1646.54,1648.93,1613.67,1630.18,776407.438
2022-08-20T12:00:00Z,1630.18,1643.60,1623.00,1633.99,764410.175
2022-08-20T16:00:00Z,1634.00,1639.00,1551.09,1563.70,1965827.456
2022-08-20T20:00:00Z,1563.69,1588.00,1520.64,1574.93,1746946.770
2022-08-21T00:00:00Z,1574.92,1603.34,1572.20,1584.72,805754.449
2022-08-21T04:00:00Z,1584.73,1594.90,1560.00,1584.69,735602.663
2022-08-21T08:00:00Z,1584.68,1630.00,1583.97,1625.80,1407277.182
2022-08-21T12:00:00Z,1625.80,1639.91,1600.00,1620.29,1071398.341
2022-08-21T16:00:00Z,1620.29,1634.59,1609.33,1622.93,763845.331
2022-08-21T20:00:00Z,1622.94,1648.70,1578.66,1617.17,1518068.961
2022-08-22T00:00:00Z,1617.17,1621.43,1592.45,1593.93,850062.420
2022-08-22T04:00:00Z,1593.95,1609.89,1551.00,1556.26,1300539.764
2022-08-22T08:00:00Z,1556.23,1580.00,1528.00,1567.19,2161931.491
2022-08-22T12:00:00Z,1567.19,1594.60,1547.84,1588.77,2138525.525
2022-08-22T16:00:00Z,1588.76,1600.65,1548.24,1567.20,1137263.681
2022-08-22T20:00:00Z,1567.20,1629.00,1563.00,1624.02,1114518.965
2022-08-23T00:00:00Z,1624.02,1638.75,1606.39,1608.54,1097470.625
2022-08-23T04:00:00Z,1608.54,1617.15,1562.41,1601.37,1543961.652
2022-08-23T08:00:00Z,1601.37,1624.95,1586.85,1619.31,1649997.100
2022-08-23T12:00:00Z,1619.31,1653.20,1605.88,1639.55,2210130.717
2022-08-23T16:00:00Z,1639.54,1680.00,1624.00,1649.89,1291778.042
2022-08-23T20:00:00Z,1649.89,1671.70,1640.85,1664.19,739876.645
2022-08-24T00:00:00Z,1664.19,1665.31,1605.00,1613.63,1394081.224
2022-08-24T04:00:00Z,1613.62,1649.00,1609.55,1626.10,1255395.826
2022-08-24T08:00:00Z,1626.09,1654.20,1625.18,1650.24,945429.109
2022-08-24T12:00:00Z,1650.24,1688.00,1641.95,1682.78,1792982.364
2022-08-24T16:00:00Z,1682.77,1693.84,1662.87,1677.47,1076950.051
2022-08-24T20:00:00Z,1677.46,1685.99,1650.00,1655.71,780771.752
2022-08-25T00:00:00Z,1655.71,1687.02,1652.27,1668.98,854263.531
2022-08-25T04:00:00Z,1668.98,1712.56,1668.48,1707.86,1154167.232
2022-08-25T08:00:00Z,1707.87,1715.50,1692.70,1709.01,914824.262
2022-08-25T12:00:00Z,1709.01,1722.00,1687.00,1700.45,1611925.585
2022-08-25T16:00:00Z,1700.44,1712.85,1688.90,1706.51,790685.912
2022-08-25T20:00:00Z,1706.51,1712.00,1681.00,1694.16,577294.176
2022-08-26T00:00:00Z,1694.15,1694.29,1670.04,1686.05,820572.909
2022-08-26T04:00:00Z,1686.05,1686.72,1639.94,1659.65,1179098.410
2022-08-26T08:00:00Z,1659.65,1666.61,1619.54,1628.41,1144150.500
2022-08-26T12:00:00Z,1628.41,1706.00,1585.00,1592.56,5231166.199
2022-08-26T16:00:00Z,1592.56,1598.99,1536.60,1558.80,2123680.977
2022-08-26T20:00:00Z,1558.80,1567.78,1485.00,1507.23,1531447.669
2022-08-27T00:00:00Z,1507.22,1517.40,1481.00,1500.98,1290359.994
2022-08-27T04:00:00Z,1500.98,1508.79,1468.00,1506.99,1167466.000
2022-08-27T08:00:00Z,1506.99,1511.38,1493.64,1504.33,847370.948
2022-08-27T12:00:00Z,1504.32,1508.00,1450.00,1469.06,1563122.521
2022-08-27T16:00:00Z,1469.05,1483.43,1443.40,1478.28,1484035.278
2022-08-27T20:00:00Z,1478.28,1498.88,1455.84,1490.00,930632.215
2022-08-28T00:00:00Z,1490.00,1510.00,1475.80,1490.10,824449.043
2022-08-28T04:00:00Z,1490.10,1501.74,1480.03,1495.94,579361.558
2022-08-28T08:00:00Z,1495.94,1502.94,1473.00,1484.93,790090.490
2022-08-28T12:00:00Z,1484.93,1488.22,1458.25,1485.77,1117825.764
2022-08-28T16:00:00Z,1485.78,1496.53,1477.02,1482.25,839077.482
2022-08-28T20:00:00Z,1482.25,1491.43,1423.10,1426.30,1540468.170
2022-08-29T00:00:00Z,1426.29,1462.00,1420.59,1455.54,1599649.992
2022-08-29T04:00:00Z,1455.55,1461.18,1437.77,1453.70,866558.833
2022-08-29T08:00:00Z,1453.70,1455.60,1441.10,1448.39,767079.549
2022-08-29T12:00:00Z,1448.39,1530.00,1446.36,1520.78,3135622.996
2022-08-29T16:00:00Z,1520.77,1544.33,1518.31,1530.31,1622786.472
2022-08-29T20:00:00Z,1530.31,1559.79,1527.88,1550.67,1040971.181
2022-08-30T00:00:00Z,1550.66,1551.58,1523.00,1543.12,970369.178
2022-08-30T04:00:00Z,1543.13,1602.00,1542.07,1586.32,1860620.138
2022-08-30T08:00:00Z,1586.31,1605.00,1575.43,1583.96,1237573.768
2022-08-30T12:00:00Z,1583.96,1593.96,1509.00,1523.79,3325632.319
2022-08-30T16:00:00Z,1523.79,1567.58,1471.92,1542.59,3257451.862
2022-08-30T20:00:00Z,1542.58,1565.00,1515.02,1523.48,1597923.043
2022-08-31T00:00:00Z,1523.49,1621.29,1523.26,1605.78,2069435.561
2022-08-31T04:00:00Z,1605.79,1619.70,1576.12,1584.21,1636660.065
2022-08-31T08:00:00Z,1584.22,1608.00,1558.00,1594.24,2081985.137
2022-08-31T12:00:00Z,1594.24,1609.44,1535.00,1559.42,3066064.551
2022-08-31T16:00:00Z,1559.42,1588.00,1526.43,1574.68,2071143.227
2022-08-31T20:00:00Z,1574.67,1584.41,1541.64,1553.04,1011829.468
2022-09-01T00:00:00Z,1553.04,1573.82,1533.06,1548.83,1391361.617
2022-09-01T04:00:00Z,1548.82,1562.28,1530.24,1543.99,1025359.833
2022-09-01T08:00:00Z,1543.99,1585.24,1532.30,1576.82,1413218.169
2022-09-01T12:00:00Z,1576.82,1580.82,1505.00,1535.32,2803752.449
2022-09-01T16:00:00Z,1535.32,1572.00,1521.25,1563.81,1511260.942
2022-09-01T20:00:00Z,1563.81,1599.00,1561.02,1585.40,975031.932
2022-09-02T00:00:00Z,1585.40,1606.00,1566.66,1595.05,1060671.050
2022-09-02T04:00:00Z,1595.04,1611.06,1577.28,1593.28,850719.458
2022-09-02T08:00:00Z,1593.29,1602.59,1581.33,1592.50,734051.614
2022-09-02T12:00:00Z,1592.49,1649.64,1582.15,1635.28,3063944.893
2022-09-02T16:00:00Z,1635.27,1638.54,1545.00,1560.32,2596847.242
2022-09-02T20:00:00Z,1560.34,1585.56,1549.22,1574.49,838205.108
2022-09-03T00:00:00Z,1574.49,1582.02,1553.73,1560.58,649104.185
2022-09-03T04:00:00Z,1560.58,1572.28,1532.60,1542.97,758020.448
2022-09-03T08:00:00Z,1542.98,1558.60,1538.67,1547.87,778009.523
2022-09-03T12:00:00Z,1547.86,1565.49,1542.03,1547.77,722747.726
2022-09-03T16:00:00Z,1547.76,1563.75,1534.51,1548.53,704758.266
2022-09-03T20:00:00Z,1548.52,1560.00,1545.77,1556.41,325305.957
2022-09-04T00:00:00Z,1556.42,1561.00,1546.11,1551.25,325425.671
2022-09-04T04:00:00Z,1551.26,1556.00,1542.00,1544.65,357598.912
2022-09-04T08:00:00Z,1544.65,1563.99,1539.70,1563.98,624531.814
2022-09-04T12:00:00Z,1563.99,1584.00,1543.62,1559.62,1383204.456
2022-09-04T16:00:00Z,1559.63,1576.42,1554.77,1566.46,676692.113
2022-09-04T20:00:00Z,1566.45,1586.00,1561.95,1578.14,601949.081
2022-09-05T00:00:00Z,1578.14,1594.39,1568.01,1574.62,794040.290
2022-09-05T04:00:00Z,1574.61,1579.55,1555.72,1561.78,793334.392
2022-09-05T08:00:00Z,1561.79,1568.70,1556.54,1565.99,658027.563
2022-09-05T12:00:00Z,1565.99,1605.20,1561.56,1599.63,1536642.186
2022-09-05T16:00:00Z,1599.63,1609.32,1575.30,1584.92,1147521.453
2022-09-05T20:00:00Z,1584.92,1631.60,1584.21,1616.92,881044.373
2022-09-06T00:00:00Z,1616.93,1675.40,1614.09,1639.38,2251795.594
2022-09-06T04:00:00Z,1639.39,1677.61,1635.76,1658.09,1297183.868
2022-09-06T08:00:00Z,1658.09,1679.00,1645.25,1667.14,1082127.201
2022-09-06T12:00:00Z,1667.15,1686.75,1635.00,1668.69,2244506.565
2022-09-06T16:00:00Z,1668.69,1674.00,1563.60,1575.82,3099698.402
2022-09-06T20:00:00Z,1575.83,1588.00,1551.70,1558.23,1101190.600
2022-09-07T00:00:00Z,1558.23,1567.14,1486.16,1509.20,1855670.600
2022-09-07T04:00:00Z,1509.19,1526.34,1498.49,1516.69,959212.442
2022-09-07T08:00:00Z,1516.68,1523.93,1502.78,1512.98,726727.974
2022-09-07T12:00:00Z,1512.97,1550.00,1498.01,1542.89,1790399.471
2022-09-07T16:00:00Z,1542.89,1579.68,1535.00,1569.08,1412370.516
2022-09-07T20:00:00Z,1569.08,1657.60,1567.81,1629.35,2350126.326
2022-09-08T00:00:00Z,1629.36,1636.62,1612.86,1628.81,795746.350
2022-09-08T04:00:00Z,1628.81,1646.94,1594.00,1612.87,1215913.157
2022-09-08T08:00:00Z,1612.86,1643.91,1605.68,1634.81,1036122.742
2022-09-08T12:00:00Z,1634.82,1654.55,1597.00,1628.60,2952425.515
2022-09-08T16:00:00Z,1628.60,1650.00,1607.10,1649.03,1375936.729
2022-09-08T20:00:00Z,1649.03,1666.00,1625.00,1634.22,734908.021
2022-09-09T00:00:00Z,1634.23,1680.00,1629.25,1671.77,960161.080
2022-09-09T04:00:00Z,1671.78,1718.00,1668.41,1704.27,1897602.484
2022-09-09T08:00:00Z,1704.26,1715.00,1684.00,1699.33,1247903.978
2022-09-09T12:00:00Z,1699.34,1746.30,1697.84,1718.22,1825340.250
2022-09-09T16:00:00Z,1718.23,1727.14,1694.50,1719.26,1060066.473
2022-09-09T20:00:00Z,1719.25,1732.62,1705.82,1717.48,600790.655
2022-09-10T00:00:00Z,1717.49,1743.52,1705.00,1732.09,667468.014
2022-09-10T04:00:00Z,1732.10,1745.00,1705.00,1710.00,667154.863
2022-09-10T08:00:00Z,1709.99,1727.58,1708.30,1722.44,425968.664
2022-09-10T12:00:00Z,1722.45,1733.20,1711.20,1714.50,581159.520
2022-09-10T16:00:00Z,1714.50,1743.66,1708.00,1739.48,665180.515
2022-09-10T20:00:00Z,1739.48,1788.98,1727.27,1773.05,1227326.712
2022-09-11T00:00:00Z,1773.04,1778.22,1755.06,1759.54,583640.588
2022-09-11T04:00:00Z,1759.54,1767.50,1741.90,1760.49,548973.130
2022-09-11T08:00:00Z,1760.50,1780.00,1756.00,1768.69,502955.608
2022-09-11T12:00:00Z,1768.69,1778.72,1751.86,1767.36,650066.309
2022-09-11T16:00:00Z,1767.36,1787.88,1753.33,1761.90,637386.730
2022-09-11T20:00:00Z,1761.89,1766.66,1718.02,1765.01,986472.936
2022-09-12T00:00:00Z,1765.00,1783.43,1708.01,1725.50,1689647.127
2022-09-12T04:00:00Z,1725.51,1759.98,1716.00,1756.85,778168.458
2022-09-12T08:00:00Z,1756.86,1765.00,1727.89,1747.39,1057083.673
2022-09-12T12:00:00Z,1747.39,1753.81,1694.01,1704.90,1357057.989
2022-09-12T16:00:00Z,1704.90,1732.38,1691.28,1724.56,1046819.562
2022-09-12T20:00:00Z,1724.56,1729.84,1700.11,1715.14,584141.580
2022-09-13T00:00:00Z,1715.15,1717.14,1672.79,1714.17,1060764.626
2022-09-13T04:00:00Z,1714.18,1729.73,1697.40,1714.58,806797.430
2022-09-13T08:00:00Z,1714.58,1746.38,1706.45,1736.14,811134.991
2022-09-13T12:00:00Z,1736.14,1762.88,1573.50,1592.35,3991777.902
2022-09-13T16:00:00Z,1592.35,1626.80,1565.00,1602.35,1742737.402
2022-09-13T20:00:00Z,1602.36,1621.90,1556.78,1571.90,1247649.070
2022-09-14T00:00:00Z,1571.91,1605.78,1548.00,1597.78,1124756.454
2022-09-14T04:00:00Z,1597.79,1619.00,1592.09,1610.07,816835.217
2022-09-14T08:00:00Z,1610.06,1610.15,1578.00,1591.25,896689.697
2022-09-14T12:00:00Z,1591.26,1609.36,1581.30,1592.80,1233261.792
2022-09-14T16:00:00Z,1592.80,1596.96,1551.00,1594.00,1375725.372
2022-09-14T20:00:00Z,1594.00,1642.24,1585.98,1635.39,1044397.425
2022-09-15T00:00:00Z,1635.40,1641.22,1570.00,1593.85,1558466.454
2022-09-15T04:00:00Z,1593.86,1657.80,1565.50,1641.01,3363340.035
2022-09-15T08:00:00Z,1641.00,1641.00,1573.02,1590.66,1675234.794
2022-09-15T12:00:00Z,1590.66,1599.70,1455.00,1491.78,3664814.801
2022-09-15T16:00:00Z,1491.78,1516.87,1482.07,1496.65,1375075.270
2022-09-15T20:00:00Z,1496.66,1509.03,1457.82,1471.93,1069227.574
2022-09-16T00:00:00Z,1471.94,1482.65,1445.00,1472.61,1153266.244
2022-09-16T04:00:00Z,1472.61,1479.48,1466.05,1470.66,518548.267
2022-09-16T08:00:00Z,1470.66,1482.09,1440.52,1477.63,1147473.611
2022-09-16T12:00:00Z,1477.63,1478.05,1423.00,1451.69,2489176.555
2022-09-16T16:00:00Z,1451.69,1451.69,1403.00,1427.03,2200811.060
2022-09-16T20:00:00Z,1427.02,1448.00,1422.35,1433.58,627179.347
2022-09-17T00:00:00Z,1433.58,1455.99,1430.08,1439.83,611913.579
2022-09-17T04:00:00Z,1439.83,1447.79,1424.19,1431.82,556432.962
2022-09-17T08:00:00Z,1431.81,1434.61,1415.00,1419.13,514885.504
2022-09-17T12:00:00Z,1419.12,1450.00,1408.15,1443.35,969024.571
2022-09-17T16:00:00Z,1443.36,1475.15,1441.17,1463.70,1168971.851
2022-09-17T20:00:00Z,1463.70,1472.65,1445.34,1467.96,545766.132
2022-09-18T00:00:00Z,1467.96,1469.00,1445.51,1451.31,561774.127
2022-09-18T04:00:00Z,1451.31,1459.63,1448.22,1452.73,320633.255
2022-09-18T08:00:00Z,1452.73,1458.54,1416.01,1433.43,1065666.170
2022-09-18T12:00:00Z,1433.42,1439.26,1409.00,1416.56,1067176.178
2022-09-18T16:00:00Z,1416.57,1423.92,1365.58,1379.86,2227746.482
2022-09-18T20:00:00Z,1379.85,1380.73,1320.00,1333.67,1896286.017
2022-09-19T00:00:00Z,1333.68,1353.81,1283.28,1293.68,1841183.691
2022-09-19T04:00:00Z,1293.67,1312.88,1276.62,1301.47,1475226.314
2022-09-19T08:00:00Z,1301.47,1320.00,1288.36,1307.13,1308473.259
2022-09-19T12:00:00Z,1307.13,1372.00,1305.81,1341.03,2881643.137
2022-09-19T16:00:00Z,1341.03,1367.16,1321.19,1361.46,1608145.568
2022-09-19T20:00:00Z,1361.46,1394.00,1355.40,1375.05,1163657.892
2022-09-20T00:00:00Z,1375.05,1384.53,1341.34,1354.08,978844.542
2022-09-20T04:00:00Z,1354.08,1378.40,1349.96,1357.66,929216.497
2022-09-20T08:00:00Z,1357.66,1366.40,1343.20,1355.51,920659.910
2022-09-20T12:00:00Z,1355.52,1381.80,1328.76,1376.48,2206799.978
2022-09-20T16:00:00Z,1376.48,1383.50,1330.62,1351.20,1842935.716
2022-09-20T20:00:00Z,1351.21,1355.90,1311.00,1322.08,972457.840
2022-09-21T00:00:00Z,1322.09,1345.20,1316.58,1336.46,685954.590
2022-09-21T04:00:00Z,1336.46,1344.33,1315.02,1331.07,903436.815
2022-09-21T08:00:00Z,1331.07,1353.22,1322.22,1349.84,823498.607
2022-09-21T12:00:00Z,1349.84,1360.00,1333.00,1342.27,1254435.957
2022-09-21T16:00:00Z,1342.27,1420.00,1285.00,1322.59,4817482.517
2022-09-21T20:00:00Z,1322.58,1326.52,1218.00,1244.19,2759545.973
2022-09-22T00:00:00Z,1244.20,1270.00,1235.60,1261.99,1097481.178
2022-09-22T04:00:00Z,1262.00,1279.63,1253.22,1277.30,955933.822
2022-09-22T08:00:00Z,1277.31,1312.50,1274.98,1307.59,1558114.566
2022-09-22T12:00:00Z,1307.59,1313.00,1254.50,1270.49,2528212.390
2022-09-22T16:00:00Z,1270.50,1336.54,1251.00,1323.27,2397405.565
2022-09-22T20:00:00Z,1323.28,1349.84,1306.03,1325.73,1311022.373
2022-09-23T00:00:00Z,1325.73,1344.95,1313.51,1339.79,1056153.533
2022-09-23T04:00:00Z,1339.79,1359.22,1328.00,1331.38,1097706.296
2022-09-23T08:00:00Z,1331.39,1335.11,1281.31,1287.16,1839549.522
2022-09-23T12:00:00Z,1287.16,1318.59,1260.75,1293.18,3282964.378
2022-09-23T16:00:00Z,1293.19,1306.99,1272.69,1291.40,2359902.325
2022-09-23T20:00:00Z,1291.50,1339.44,1291.37,1326.62,1239606.135
2022-09-24T00:00:00Z,1326.62,1329.63,1310.54,1320.92,747034.803
2022-09-24T04:00:00Z,1320.92,1337.20,1316.00,1321.87,643694.305
2022-09-24T08:00:00Z,1321.87,1332.58,1316.28,1326.21,599969.489
2022-09-24T12:00:00Z,1326.21,1348.84,1325.16,1339.46,1077426.961
2022-09-24T16:00:00Z,1339.46,1347.96,1332.90,1341.51,631836.835
2022-09-24T20:00:00Z,1341.51,1343.38,1305.36,1316.19,903451.475
2022-09-25T00:00:00Z,1316.18,1329.00,1313.46,1328.58,506497.452
2022-09-25T04:00:00Z,1328.58,1336.92,1318.43,1332.02,482470.536
2022-09-25T08:00:00Z,1332.02,1333.85,1315.68,1328.55,507444.401
2022-09-25T12:00:00Z,1328.56,1330.91,1296.51,1309.98,1112869.971
2022-09-25T16:00:00Z,1309.99,1320.46,1280.10,1298.76,1158394.849
2022-09-25T20:00:00Z,1298.77,1302.70,1268.19,1293.99,1071488.826
2022-09-26T00:00:00Z,1293.98,1314.18,1286.00,1302.42,1106373.227
2022-09-26T04:00:00Z,1302.43,1305.80,1277.55,1294.80,1109346.486
2022-09-26T08:00:00Z,1294.80,1324.61,1288.16,1296.57,1625991.929
2022-09-26T12:00:00Z,1296.56,1337.97,1293.00,1324.28,2230774.301
2022-09-26T16:00:00Z,1324.28,1340.00,1310.77,1329.62,1358382.988
2022-09-26T20:00:00Z,1329.62,1337.00,1314.37,1335.25,674122.657
2022-09-27T00:00:00Z,1335.25,1389.47,1331.23,1384.87,1845946.202
2022-09-27T04:00:00Z,1384.86,1394.00,1374.51,1381.64,946656.690
2022-09-27T08:00:00Z,1381.64,1400.00,1374.87,1388.06,904124.709
2022-09-27T12:00:00Z,1388.07,1399.68,1364.00,1364.76,1928568.054
2022-09-27T16:00:00Z,1364.75,1367.46,1303.02,1323.75,3342441.751
2022-09-27T20:00:00Z,1323.76,1334.90,1316.08,1327.19,718469.521
2022-09-28T00:00:00Z,1327.20,1339.96,1266.00,1286.31,1953644.116
2022-09-28T04:00:00Z,1286.31,1293.13,1265.56,1284.71,1139148.912
2022-09-28T08:00:00Z,1284.70,1312.50,1250.00,1294.63,2408155.604
2022-09-28T12:00:00Z,1294.63,1332.71,1292.66,1331.25,2414177.509
2022-09-28T16:00:00Z,1331.25,1343.77,1310.43,1333.29,1705117.846
2022-09-28T20:00:00Z,1333.32,1355.76,1332.10,1336.43,988493.302
2022-09-29T00:00:00Z,1336.43,1351.93,1326.70,1341.46,905841.422
2022-09-29T04:00:00Z,1341.47,1345.47,1312.65,1320.90,1190951.259
2022-09-29T08:00:00Z,1320.91,1345.26,1313.00,1335.82,1187922.922
2022-09-29T12:00:00Z,1335.83,1337.00,1287.24,1326.37,3316486.446
2022-09-29T16:00:00Z,1326.37,1348.27,1313.66,1332.55,1821795.777
2022-09-29T20:00:00Z,1332.50,1340.20,1323.22,1334.80,550403.878
2022-09-30T00:00:00Z,1334.80,1352.99,1318.75,1327.00,1100772.025
2022-09-30T04:00:00Z,1326.99,1346.22,1325.22,1339.67,708924.303
2022-09-30T08:00:00Z,1339.67,1348.98,1323.61,1330.09,906090.312
2022-09-30T12:00:00Z,1330.08,1373.34,1307.53,1350.61,3311178.213
2022-09-30T16:00:00Z,1350.61,1361.55,1331.24,1337.00,1519058.244
2022-09-30T20:00:00Z,1337.07,1344.19,1315.43,1327.78,964599.545
2022-10-01T00:00:00Z,1327.78,1333.38,1323.39,1329.12,355742.200
2022-10-01T04:00:00Z,1329.12,1330.95,1322.36,1328.17,355729.485
2022-10-01T08:00:00Z,1328.16,1332.50,1316.00,1324.52,477144.038
2022-10-01T12:00:00Z,1324.53,1329.90,1318.93,1322.05,473232.767
2022-10-01T16:00:00Z,1322.05,1323.71,1302.00,1311.06,750577.130
2022-10-01T20:00:00Z,1311.06,1315.60,1301.00,1311.31,351273.531
2022-10-02T00:00:00Z,1311.32,1315.68,1304.17,1308.90,352016.520
2022-10-02T04:00:00Z,1308.90,1317.70,1307.00,1310.50,512307.589
2022-10-02T08:00:00Z,1310.49,1312.34,1284.50,1297.20,959364.252
2022-10-02T12:00:00Z,1297.20,1300.78,1285.00,1292.88,636877.464
2022-10-02T16:00:00Z,1292.87,1313.60,1290.48,1304.09,625699.569
2022-10-02T20:00:00Z,1304.10,1306.98,1266.66,1275.96,1053788.455
2022-10-03T00:00:00Z,1275.95,1300.00,1260.48,1291.03,985554.531
2022-10-03T04:00:00Z,1291.02,1301.64,1283.45,1291.39,739729.932
2022-10-03T08:00:00Z,1291.39,1298.85,1285.44,1298.35,557275.934
2022-10-03T12:00:00Z,1298.34,1327.56,1293.60,1318.19,2025399.617
2022-10-03T16:00:00Z,1318.18,1329.00,1308.49,1317.35,983762.683
2022-10-03T20:00:00Z,1317.35,1327.56,1313.97,1322.59,506899.553
2022-10-04T00:00:00Z,1322.58,1330.45,1318.06,1328.43,474422.896
2022-10-04T04:00:00Z,1328.43,1349.90,1323.87,1349.59,1148877.425
2022-10-04T08:00:00Z,1349.59,1359.80,1341.51,1349.11,1154611.316
2022-10-04T12:00:00Z,1349.11,1366.00,1344.82,1353.41,1215890.802
2022-10-04T16:00:00Z,1353.41,1357.20,1337.42,1354.28,814383.842
2022-10-04T20:00:00Z,1354.30,1370.00,1350.52,1360.73,728630.837
2022-10-05T00:00:00Z,1360.73,1362.79,1351.70,1353.28,437202.735
2022-10-05T04:00:00Z,1353.29,1358.00,1348.00,1352.49,422342.749
2022-10-05T08:00:00Z,1352.49,1353.05,1330.38,1334.50,928288.941
2022-10-05T12:00:00Z,1334.50,1336.20,1315.27,1329.82,1441429.266
2022-10-05T16:00:00Z,1329.82,1364.75,1326.57,1350.07,1708041.174
2022-10-05T20:00:00Z,1350.06,1357.27,1344.26,1351.61,518869.759
2022-10-06T00:00:00Z,1351.60,1383.29,1350.82,1372.05,1263975.398
2022-10-06T04:00:00Z,1372.05,1382.00,1361.26,1367.73,910560.221
2022-10-06T08:00:00Z,1367.72,1369.93,1354.00,1367.98,885718.007
2022-10-06T12:00:00Z,1367.98,1380.00,1348.00,1360.71,2407584.295
2022-10-06T16:00:00Z,1360.71,1372.08,1352.70,1358.17,1045516.015
2022-10-06T20:00:00Z,1358.18,1363.39,1344.00,1351.50,588243.639
2022-10-07T00:00:00Z,1351.50,1361.21,1349.58,1354.46,447713.971
2022-10-07T04:00:00Z,1354.47,1358.47,1345.20,1355.31,556363.723
2022-10-07T08:00:00Z,1355.31,1360.65,1351.37,1354.09,473549.913
2022-10-07T12:00:00Z,1354.09,1359.00,1323.68,1333.47,2255497.972
2022-10-07T16:00:00Z,1333.47,1336.60,1316.22,1327.03,974592.302
2022-10-07T20:00:00Z,1327.03,1335.96,1324.15,1330.41,411508.449
2022-10-08T00:00:00Z,1330.42,1337.19,1329.28,1330.57,259217.343
2022-10-08T04:00:00Z,1330.56,1333.00,1325.08,1329.84,295638.924
2022-10-08T08:00:00Z,1329.84,1330.09,1322.74,1329.12,269947.502
2022-10-08T12:00:00Z,1329.13,1329.67,1317.18,1323.78,391423.731
2022-10-08T16:00:00Z,1323.77,1329.95,1321.50,1324.01,314277.145
2022-10-08T20:00:00Z,1324.01,1326.36,1302.00,1314.74,652483.426
2022-10-09T00:00:00Z,1314.75,1316.00,1306.41,1310.23,324422.892
2022-10-09T04:00:00Z,1310.23,1317.48,1307.91,1314.21,287806.895
2022-10-09T08:00:00Z,1314.22,1327.61,1312.60,1322.34,496883.565
2022-10-09T12:00:00Z,1322.33,1328.72,1320.17,1325.67,390284.050
2022-10-09T16:00:00Z,1325.67,1327.00,1308.60,1319.14,434034.909
2022-10-09T20:00:00Z,1319.13,1323.21,1313.37,1322.61,369776.268
2022-10-10T00:00:00Z,1322.60,1337.93,1319.76,1322.63,660730.843
2022-10-10T04:00:00Z,1322.63,1324.99,1311.25,1316.21,488435.146
2022-10-10T08:00:00Z,1316.23,1317.36,1295.10,1314.08,1139077.725
2022-10-10T12:00:00Z,1314.09,1319.19,1302.74,1307.82,1070739.411
2022-10-10T16:00:00Z,1307.82,1314.78,1298.00,1307.06,940272.660
2022-10-10T20:00:00Z,1307.05,1309.73,1284.38,1289.56,668948.176
2022-10-11T00:00:00Z,1289.57,1289.58,1265.00,1277.65,1115669.137
2022-10-11T04:00:00Z,1277.65,1283.77,1271.20,1283.26,599689.041
2022-10-11T08:00:00Z,1283.25,1288.45,1277.17,1286.33,583631.067
2022-10-11T12:00:00Z,1286.34,1297.43,1267.74,1292.81,1747374.294
2022-10-11T16:00:00Z,1292.82,1297.70,1275.00,1281.96,1047398.043
2022-10-11T20:00:00Z,1281.95,1286.88,1272.25,1279.68,420821.467
2022-10-12T00:00:00Z,1279.67,1288.60,1274.35,1283.11,528203.895
2022-10-12T04:00:00Z,1283.11,1301.28,1282.51,1293.59,748500.478
2022-10-12T08:00:00Z,1293.58,1306.60,1292.01,1296.97,749219.334
2022-10-12T12:00:00Z,1296.97,1305.50,1283.06,1298.69,1403094.737
2022-10-12T16:00:00Z,1298.69,1300.92,1286.70,1296.46,678485.477
2022-10-12T20:00:00Z,1296.45,1302.47,1291.98,1294.02,297665.350
2022-10-13T00:00:00Z,1294.02,1298.72,1281.55,1286.01,572895.343
2022-10-13T04:00:00Z,1286.01,1289.00,1271.00,1276.75,835782.581
2022-10-13T08:00:00Z,1276.72,1280.26,1218.00,1242.27,2237008.255
2022-10-13T12:00:00Z,1242.26,1284.00,1176.00,1256.22,4209979.781
2022-10-13T16:00:00Z,1256.22,1294.49,1250.34,1286.37,2000936.377
2022-10-13T20:00:00Z,1286.36,1301.00,1285.00,1286.38,666962.300
2022-10-14T00:00:00Z,1286.38,1343.36,1282.74,1329.28,1624516.560
2022-10-14T04:00:00Z,1329.28,1331.74,1315.63,1321.18,756440.407
2022-10-14T08:00:00Z,1321.19,1336.93,1316.22,1325.56,902901.883
2022-10-14T12:00:00Z,1325.57,1343.00,1304.06,1309.77,2162949.497
2022-10-14T16:00:00Z,1309.77,1312.76,1292.95,1298.03,1269448.243
2022-10-14T20:00:00Z,1298.03,1303.70,1287.01,1295.35,455443.096
2022-10-15T00:00:00Z,1295.34,1301.32,1292.64,1299.57,321960.810
2022-10-15T04:00:00Z,1299.57,1300.48,1289.74,1294.27,376802.759
2022-10-15T08:00:00Z,1294.26,1294.40,1276.02,1286.91,818062.130
2022-10-15T12:00:00Z,1286.92,1291.40,1278.06,1285.39,536049.948
2022-10-15T16:00:00Z,1285.40,1289.58,1277.80,1281.93,350673.264
2022-10-15T20:00:00Z,1281.93,1283.29,1262.12,1274.13,646273.199
2022-10-16T00:00:00Z,1274.12,1287.00,1273.98,1283.00,379922.843
2022-10-16T04:00:00Z,1283.00,1288.78,1280.36,1282.50,333416.606
2022-10-16T08:00:00Z,1282.50,1289.90,1278.20,1283.55,467787.181
2022-10-16T12:00:00Z,1283.55,1287.48,1278.24,1285.50,417451.251
2022-10-16T16:00:00Z,1285.51,1309.52,1280.85,1307.32,622155.132
2022-10-16T20:00:00Z,1307.32,1315.00,1290.06,1305.51,1062119.843
2022-10-17T00:00:00Z,1305.52,1307.85,1295.00,1301.11,543520.145
2022-10-17T04:00:00Z,1301.10,1314.00,1298.03,1311.47,625811.989
2022-10-17T08:00:00Z,1311.48,1325.45,1306.66,1317.03,975562.113
2022-10-17T12:00:00Z,1317.03,1337.48,1312.89,1328.53,1554072.623
2022-10-17T16:00:00Z,1328.53,1330.74,1314.02,1325.03,803745.462
2022-10-17T20:00:00Z,1325.04,1338.16,1323.22,1330.62,651994.558
2022-10-18T00:00:00Z,1330.62,1342.00,1326.71,1332.77,730760.847
2022-10-18T04:00:00Z,1332.77,1340.00,1329.58,1336.20,684869.521
2022-10-18T08:00:00Z,1336.21,1336.96,1317.47,1325.04,897117.491
2022-10-18T12:00:00Z,1325.03,1333.98,1297.70,1306.79,1998526.789
2022-10-18T16:00:00Z,1306.78,1311.77,1285.11,1300.18,1295866.532
2022-10-18T20:00:00Z,1300.18,1320.00,1298.04,1309.93,899129.211
2022-10-19T00:00:00Z,1309.93,1312.78,1297.00,1304.44,511725.992
2022-10-19T04:00:00Z,1304.43,1305.89,1292.00,1299.11,635069.675
2022-10-19T08:00:00Z,1299.10,1307.43,1293.15,1299.92,722610.183
2022-10-19T12:00:00Z,1299.93,1308.39,1288.78,1304.06,1205911.502
2022-10-19T16:00:00Z,1304.07,1305.00,1291.61,1296.39,609871.264
2022-10-19T20:00:00Z,1296.38,1298.50,1275.56,1284.45,704050.220
2022-10-20T00:00:00Z,1284.45,1287.76,1270.00,1279.53,718646.511
2022-10-20T04:00:00Z,1279.53,1295.47,1279.23,1291.83,687525.646
2022-10-20T08:00:00Z,1291.84,1302.25,1288.67,1299.01,683398.701
2022-10-20T12:00:00Z,1299.02,1310.00,1290.09,1299.04,1379190.588
2022-10-20T16:00:00Z,1299.03,1299.11,1277.00,1284.04,1238492.597
2022-10-20T20:00:00Z,1284.03,1287.50,1270.88,1282.20,587708.943
2022-10-21T00:00:00Z,1282.19,1291.94,1278.11,1286.96,526700.455
2022-10-21T04:00:00Z,1286.96,1290.57,1282.00,1284.16,437202.639
2022-10-21T08:00:00Z,1284.16,1284.77,1272.00,1274.92,804434.447
2022-10-21T12:00:00Z,1274.93,1297.50,1248.00,1296.99,2777288.025
2022-10-21T16:00:00Z,1297.00,1305.60,1293.52,1302.84,1171516.667
2022-10-21T20:00:00Z,1302.84,1307.00,1296.60,1299.08,313055.819
2022-10-22T00:00:00Z,1299.08,1304.20,1293.67,1298.26,301444.632
2022-10-22T04:00:00Z,1298.26,1300.29,1294.00,1299.03,229935.540
2022-10-22T08:00:00Z,1299.04,1307.74,1298.86,1305.12,401018.860
2022-10-22T12:00:00Z,1305.13,1318.33,1302.23,1315.58,839824.398
2022-10-22T16:00:00Z,1315.58,1320.00,1305.80,1313.57,480905.171
2022-10-22T20:00:00Z,1313.58,1317.50,1311.31,1313.19,233510.161
2022-10-23T00:00:00Z,1313.18,1314.38,1306.11,1312.75,273513.803
2022-10-23T04:00:00Z,1312.74,1314.33,1306.14,1308.87,239316.104
2022-10-23T08:00:00Z,1308.87,1311.50,1298.45,1303.59,388727.109
2022-10-23T12:00:00Z,1303.59,1316.46,1298.22,1313.23,540096.160
2022-10-23T16:00:00Z,1313.23,1335.00,1310.61,1330.17,912682.302
2022-10-23T20:00:00Z,1330.17,1371.00,1328.10,1363.44,1328386.821
2022-10-24T00:00:00Z,1363.43,1370.40,1343.37,1347.54,902918.031
2022-10-24T04:00:00Z,1347.55,1347.73,1331.79,1336.24,890136.321
2022-10-24T08:00:00Z,1336.24,1353.98,1331.63,1352.49,849874.120
2022-10-24T12:00:00Z,1352.50,1353.28,1322.25,1340.84,1676814.244
2022-10-24T16:00:00Z,1340.83,1352.82,1330.01,1344.10,672141.032
2022-10-24T20:00:00Z,1344.09,1359.60,1340.09,1342.72,510391.258
2022-10-25T00:00:00Z,1342.73,1348.99,1334.16,1347.06,504654.843
2022-10-25T04:00:00Z,1347.06,1351.41,1343.00,1346.49,451157.329
2022-10-25T08:00:00Z,1346.50,1349.61,1338.33,1346.67,530903.705
2022-10-25T12:00:00Z,1346.68,1418.00,1345.61,1407.52,3692175.328
2022-10-25T16:00:00Z,1407.53,1533.68,1403.71,1492.97,4511461.422
2022-10-25T20:00:00Z,1492.98,1494.80,1444.56,1459.20,1783232.550
2022-10-26T00:00:00Z,1459.19,1499.00,1456.69,1486.00,1047930.912
2022-10-26T04:00:00Z,1486.00,1522.20,1475.00,1514.77,1351844.778
2022-10-26T08:00:00Z,1514.72,1558.00,1508.00,1528.13,2078838.861
2022-10-26T12:00:00Z,1528.13,1595.00,1508.19,1566.95,3556960.157
2022-10-26T16:00:00Z,1566.95,1571.85,1540.28,1563.96,1545522.671
2022-10-26T20:00:00Z,1563.93,1584.98,1542.00,1565.45,1236229.511
2022-10-27T00:00:00Z,1565.45,1577.50,1522.76,1554.59,1044415.093
2022-10-27T04:00:00Z,1554.58,1571.85,1548.68,1556.19,642156.328
2022-10-27T08:00:00Z,1556.19,1559.49,1532.02,1550.42,1041706.808
2022-10-27T12:00:00Z,1550.42,1588.00,1533.00,1543.69,2594444.402
2022-10-27T16:00:00Z,1543.68,1565.32,1538.05,1561.69,743902.018
2022-10-27T20:00:00Z,1561.69,1562.89,1500.46,1513.70,1954924.693
2022-10-28T00:00:00Z,1513.70,1524.80,1496.00,1507.24,1133605.557
2022-10-28T04:00:00Z,1507.24,1520.00,1487.02,1493.22,964582.820
2022-10-28T08:00:00Z,1493.23,1509.69,1484.00,1497.36,986647.836
2022-10-28T12:00:00Z,1497.36,1549.96,1475.00,1537.24,2504988.587
2022-10-28T16:00:00Z,1537.23,1573.00,1532.21,1556.87,1315985.043
2022-10-28T20:00:00Z,1556.87,1574.80,1551.29,1553.79,524815.500
2022-10-29T00:00:00Z,1553.80,1595.00,1546.71,1588.84,942224.293
2022-10-29T04:00:00Z,1588.84,1609.55,1573.52,1594.38,938196.033
2022-10-29T08:00:00Z,1594.39,1654.86,1589.78,1614.44,2179265.656
2022-10-29T12:00:00Z,1614.43,1643.86,1607.66,1631.83,1425477.275
2022-10-29T16:00:00Z,1631.83,1665.00,1616.69,1622.81,1446097.776
2022-10-29T20:00:00Z,1622.81,1631.73,1602.00,1618.82,522781.441
2022-10-30T00:00:00Z,1618.82,1624.20,1605.50,1621.80,386847.499
2022-10-30T04:00:00Z,1621.79,1639.87,1617.69,1628.18,556540.829
2022-10-30T08:00:00Z,1628.18,1629.48,1590.61,1604.37,997184.292
2022-10-30T12:00:00Z,1604.38,1607.08,1574.60,1586.61,923469.503
2022-10-30T16:00:00Z,1586.60,1596.94,1575.75,1586.66,636303.280
2022-10-30T20:00:00Z,1586.66,1598.19,1576.08,1589.89,455105.462
2022-10-31T00:00:00Z,1589.88,1596.36,1561.00,1581.93,915179.778
2022-10-31T04:00:00Z,1581.93,1596.00,1578.01,1590.63,529491.812
2022-10-31T08:00:00Z,1590.64,1634.93,1577.23,1620.85,1457763.141
2022-10-31T12:00:00Z,1620.85,1625.31,1543.72,1568.59,2578331.330
2022-10-31T16:00:00Z,1568.58,1583.91,1554.76,1563.06,1083537.738
2022-10-31T20:00:00Z,1563.07,1577.52,1549.05,1572.01,549450.031
2022-11-01T00:00:00Z,1572.00,1604.50,1568.00,1585.84,765635.050
2022-11-01T04:00:00Z,1585.84,1602.57,1578.95,1590.54,647127.961
2022-11-01T08:00:00Z,1590.54,1613.00,1581.05,1589.54,987754.055
2022-11-01T12:00:00Z,1589.54,1597.82,1562.70,1573.48,1206164.899
2022-11-01T16:00:00Z,1573.48,1586.23,1566.95,1575.91,581642.134
2022-11-01T20:00:00Z,1575.92,1582.67,1568.00,1577.88,306908.786
2022-11-02T00:00:00Z,1577.88,1595.30,1571.41,1590.01,568640.393
2022-11-02T04:00:00Z,1590.01,1600.00,1552.00,1563.74,907715.379
2022-11-02T08:00:00Z,1563.74,1578.20,1531.69,1554.99,1119664.913
2022-11-02T12:00:00Z,1554.99,1567.00,1544.44,1557.65,739276.285
2022-11-02T16:00:00Z,1557.66,1622.50,1520.67,1535.24,4376372.739
2022-11-02T20:00:00Z,1535.23,1536.87,1501.00,1517.26,1245283.856
2022-11-03T00:00:00Z,1517.26,1556.40,1514.07,1546.49,876395.754
2022-11-03T04:00:00Z,1546.50,1558.14,1541.03,1543.40,563094.312
2022-11-03T08:00:00Z,1543.40,1556.23,1522.02,1531.25,891984.569
2022-11-03T12:00:00Z,1531.25,1556.07,1521.03,1541.90,1507940.556
2022-11-03T16:00:00Z,1541.90,1548.87,1537.29,1543.45,472164.888
2022-11-03T20:00:00Z,1543.45,1543.95,1521.78,1530.27,509412.727
2022-11-04T00:00:00Z,1530.27,1549.26,1527.78,1548.32,490202.806
2022-11-04T04:00:00Z,1548.33,1588.00,1545.45,1586.68,1087040.314
2022-11-04T08:00:00Z,1586.68,1600.00,1574.59,1576.37,867738.849
2022-11-04T12:00:00Z,1576.38,1679.40,1553.00,1624.74,4089113.487
2022-11-04T16:00:00Z,1624.74,1647.75,1606.00,1647.39,1745480.090
2022-11-04T20:00:00Z,1647.39,1653.61,1639.00,1644.09,493737.257
2022-11-05T00:00:00Z,1644.08,1666.80,1634.50,1646.00,714426.848
2022-11-05T04:00:00Z,1645.99,1659.00,1642.52,1650.82,347287.158
2022-11-05T08:00:00Z,1650.82,1651.38,1635.52,1648.90,572313.245
2022-11-05T12:00:00Z,1648.89,1649.93,1622.78,1635.26,723107.582
2022-11-05T16:00:00Z,1635.26,1642.33,1623.71,1632.84,388498.776
2022-11-05T20:00:00Z,1632.84,1634.72,1620.10,1626.11,261918.586
2022-11-06T00:00:00Z,1626.11,1633.18,1611.33,1620.54,540929.301
2022-11-06T04:00:00Z,1620.55,1623.25,1613.22,1621.89,261622.825
2022-11-06T08:00:00Z,1621.89,1638.50,1606.90,1619.69,637321.399
2022-11-06T12:00:00Z,1619.70,1634.38,1614.69,1622.61,461790.619
2022-11-06T16:00:00Z,1622.62,1625.26,1601.69,1609.55,816071.007
2022-11-06T20:00:00Z,1609.55,1612.70,1561.32,1567.42,1093230.315
2022-11-07T00:00:00Z,1567.42,1594.70,1563.00,1586.80,999556.064
2022-11-07T04:00:00Z,1586.81,1594.49,1545.00,1548.94,1103399.579
2022-11-07T08:00:00Z,1548.94,1583.70,1545.00,1579.43,1040098.063
2022-11-07T12:00:00Z,1579.44,1593.00,1566.34,1591.48,1180904.684
2022-11-07T16:00:00Z,1591.48,1608.00,1576.33,1599.90,856235.388
2022-11-07T20:00:00Z,1599.90,1606.72,1544.94,1567.52,1131233.481
2022-11-08T00:00:00Z,1567.52,1576.34,1501.77,1506.37,1602771.512
2022-11-08T04:00:00Z,1506.37,1513.73,1430.00,1491.01,3326678.602
2022-11-08T08:00:00Z,1491.02,1493.44,1467.07,1476.24,992101.067
2022-11-08T12:00:00Z,1476.23,1486.80,1422.53,1461.64,2557126.780
2022-11-08T16:00:00Z,1461.63,1580.54,1195.22,1312.77,9154170.381
2022-11-08T20:00:00Z,1312.76,1343.69,1278.00,1333.40,2860132.531
2022-11-09T00:00:00Z,1333.40,1336.47,1282.03,1311.66,1798194.932
2022-11-09T04:00:00Z,1311.66,1318.20,1265.10,1273.11,1604560.704
2022-11-09T08:00:00Z,1273.11,1275.68,1132.73,1218.77,5933531.459
2022-11-09T12:00:00Z,1218.90,1247.46,1144.00,1161.50,5140506.561
2022-11-09T16:00:00Z,1161.46,1205.76,1141.00,1194.30,4245356.886
2022-11-09T20:00:00Z,1194.29,1199.00,1071.14,1101.49,4557739.496
2022-11-10T00:00:00Z,1101.53,1185.99,1083.77,1172.50,2515611.072
2022-11-10T04:00:00Z,1172.51,1205.91,1157.62,1189.50,1854910.341
2022-11-10T08:00:00Z,1189.50,1220.00,1173.76,1186.58,2128716.259
2022-11-10T12:00:00Z,1186.58,1346.00,1185.19,1321.24,4536059.442
2022-11-10T16:00:00Z,1321.24,1350.00,1243.39,1291.09,2742709.422
2022-11-10T20:00:00Z,1291.08,1344.00,1282.82,1298.21,1550686.449
2022-11-11T00:00:00Z,1298.30,1309.01,1219.01,1238.28,1900959.784
2022-11-11T04:00:00Z,1238.24,1290.05,1225.83,1277.85,1628484.412
2022-11-11T08:00:00Z,1277.84,1295.00,1262.34,1274.99,1358845.830
2022-11-11T12:00:00Z,1275.00,1309.88,1199.57,1259.50,4094475.884
2022-11-11T16:00:00Z,1259.51,1287.60,1232.22,1273.59,1740015.347
2022-11-11T20:00:00Z,1273.60,1295.00,1235.75,1288.64,1007959.765
2022-11-12T00:00:00Z,1288.67,1291.69,1252.50,1258.71,757734.966
2022-11-12T04:00:00Z,1258.71,1277.00,1238.00,1265.96,1165097.393
2022-11-12T08:00:00Z,1265.96,1275.00,1248.81,1259.97,889127.562
2022-11-12T12:00:00Z,1259.97,1287.00,1252.02,1274.28,868062.012
2022-11-12T16:00:00Z,1274.28,1278.43,1262.00,1267.81,472349.986
2022-11-12T20:00:00Z,1267.81,1268.33,1246.41,1256.82,430095.451
2022-11-13T00:00:00Z,1256.85,1273.78,1252.89,1271.39,408159.757
2022-11-13T04:00:00Z,1271.38,1273.91,1225.69,1250.38,870406.820
2022-11-13T08:00:00Z,1250.39,1252.89,1212.49,1239.68,1231148.322
2022-11-13T12:00:00Z,1239.68,1248.24,1223.00,1230.97,721130.758
2022-11-13T16:00:00Z,1230.98,1237.09,1215.00,1228.34,662828.637
2022-11-13T20:00:00Z,1228.34,1237.80,1200.00,1220.78,845801.009
2022-11-14T00:00:00Z,1220.78,1230.86,1170.50,1192.41,1548266.590
2022-11-14T04:00:00Z,1192.41,1263.00,1174.53,1259.67,2096023.771
2022-11-14T08:00:00Z,1259.68,1275.90,1251.00,1251.53,1238009.838
2022-11-14T12:00:00Z,1251.53,1290.00,1232.33,1244.44,2345564.412
2022-11-14T16:00:00Z,1244.43,1249.41,1208.00,1215.60,1319880.500
2022-11-14T20:00:00Z,1215.61,1250.00,1209.06,1242.89,931511.315
2022-11-15T00:00:00Z,1242.90,1266.23,1235.37,1256.01,796244.540
2022-11-15T04:00:00Z,1256.00,1273.46,1246.29,1265.51,770908.411
2022-11-15T08:00:00Z,1265.50,1278.88,1253.67,1259.74,1108275.825
2022-11-15T12:00:00Z,1259.74,1292.00,1256.86,1263.46,1533611.541
2022-11-15T16:00:00Z,1263.46,1273.89,1232.52,1256.11,1344182.693
2022-11-15T20:00:00Z,1256.11,1264.75,1241.00,1252.81,604130.568
2022-11-16T00:00:00Z,1252.80,1268.20,1247.02,1264.14,562097.319
2022-11-16T04:00:00Z,1264.14,1264.57,1242.51,1244.92,667466.802
2022-11-16T08:00:00Z,1244.91,1253.95,1213.00,1221.76,1322600.595
2022-11-16T12:00:00Z,1221.76,1234.00,1185.59,1191.70,2136889.583
2022-11-16T16:00:00Z,1191.75,1222.91,1186.26,1208.01,1129756.900
2022-11-16T20:00:00Z,1208.00,1221.34,1200.00,1215.78,592118.066
2022-11-17T00:00:00Z,1215.72,1228.92,1201.31,1203.76,733755.602
2022-11-17T04:00:00Z,1203.76,1215.09,1192.00,1204.48,965555.139
2022-11-17T08:00:00Z,1204.49,1207.82,1181.00,1203.34,923979.617
2022-11-17T12:00:00Z,1203.35,1218.00,1183.00,1191.92,1674906.797
2022-11-17T16:00:00Z,1191.91,1216.87,1188.00,1201.89,1024355.063
2022-11-17T20:00:00Z,1201.89,1209.83,1194.91,1199.70,497174.007
2022-11-18T00:00:00Z,1199.70,1235.00,1198.48,1219.26,919923.945
2022-11-18T04:00:00Z,1219.27,1223.78,1212.00,1213.72,473478.291
2022-11-18T08:00:00Z,1213.72,1224.95,1202.34,1216.51,698117.159
2022-11-18T12:00:00Z,1216.50,1229.22,1206.00,1210.56,796431.745
2022-11-18T16:00:00Z,1210.57,1213.90,1199.58,1209.22,614339.839
2022-11-18T20:00:00Z,1209.21,1214.61,1205.24,1212.04,342227.736
2022-11-19T00:00:00Z,1212.05,1212.87,1200.23,1208.05,304357.136
2022-11-19T04:00:00Z,1208.04,1209.09,1196.00,1206.09,447349.664
2022-11-19T08:00:00Z,1206.10,1212.00,1203.33,1210.99,301170.242
2022-11-19T12:00:00Z,1211.00,1211.70,1205.05,1209.18,261801.124
2022-11-19T16:00:00Z,1209.17,1211.40,1206.40,1208.01,235777.436
2022-11-19T20:00:00Z,1208.01,1233.66,1208.01,1216.91,599791.126
2022-11-20T00:00:00Z,1216.90,1226.50,1214.44,1218.42,359534.880
2022-11-20T04:00:00Z,1218.41,1222.81,1216.88,1219.67,228178.369
2022-11-20T08:00:00Z,1219.69,1220.00,1156.50,1166.78,1576168.575
2022-11-20T12:00:00Z,1166.78,1180.00,1151.50,1176.58,1141387.188
2022-11-20T16:00:00Z,1176.58,1191.00,1168.44,1184.50,535411.140
2022-11-20T20:00:00Z,1184.50,1185.97,1131.60,1141.57,1360015.721
2022-11-21T00:00:00Z,1141.53,1143.64,1110.08,1124.56,1617801.842
2022-11-21T04:00:00Z,1124.56,1139.75,1115.96,1123.13,1088271.868
2022-11-21T08:00:00Z,1123.13,1131.30,1104.80,1124.33,1372967.778
2022-11-21T12:00:00Z,1124.32,1147.03,1114.20,1129.80,1385589.443
2022-11-21T16:00:00Z,1129.81,1132.82,1077.32,1090.49,2601395.060
2022-11-21T20:00:00Z,1090.48,1123.00,1081.00,1106.95,1672538.679
2022-11-22T00:00:00Z,1106.94,1117.11,1096.27,1104.06,830015.413
2022-11-22T04:00:00Z,1104.06,1106.99,1078.00,1092.90,1091171.358
2022-11-22T08:00:00Z,1092.89,1094.78,1071.52,1084.89,1235932.370
2022-11-22T12:00:00Z,1084.89,1142.96,1078.00,1134.78,2660308.032
2022-11-22T16:00:00Z,1134.78,1140.78,1114.05,1126.98,1088148.344
2022-11-22T20:00:00Z,1126.98,1142.23,1122.15,1139.11,604024.103
2022-11-23T00:00:00Z,1139.11,1170.00,1127.01,1170.00,1510003.875
2022-11-23T04:00:00Z,1169.99,1171.00,1156.63,1165.96,668351.750
2022-11-23T08:00:00Z,1165.95,1183.00,1159.63,1174.18,1078719.353
2022-11-23T12:00:00Z,1174.19,1177.76,1153.00,1160.60,1234335.922
2022-11-23T16:00:00Z,1160.68,1189.96,1150.00,1168.31,1411494.174
2022-11-23T20:00:00Z,1168.32,1190.00,1161.40,1183.83,739752.819
2022-11-24T00:00:00Z,1183.84,1210.00,1179.72,1201.03,1242239.989
2022-11-24T04:00:00Z,1201.03,1216.71,1198.02,1205.63,882437.093
2022-11-24T08:00:00Z,1205.64,1207.59,1190.83,1195.33,947391.249
2022-11-24T12:00:00Z,1195.33,1203.86,1185.35,1194.67,848445.709
2022-11-24T16:00:00Z,1194.67,1208.00,1192.02,1202.42,837256.104
2022-11-24T20:00:00Z,1202.42,1205.86,1193.00,1202.92,430245.234
2022-11-25T00:00:00Z,1202.93,1204.27,1177.80,1185.71,630314.927
2022-11-25T04:00:00Z,1185.72,1187.49,1170.99,1184.21,819503.535
2022-11-25T08:00:00Z,1184.22,1199.00,1175.01,1192.77,895808.342
2022-11-25T12:00:00Z,1192.77,1199.90,1178.85,1189.18,892096.699
2022-11-25T16:00:00Z,1189.19,1199.00,1182.02,1196.63,550249.756
2022-11-25T20:00:00Z,1196.63,1209.27,1195.01,1198.55,480337.229
2022-11-26T00:00:00Z,1198.55,1229.00,1196.00,1215.17,956853.597
2022-11-26T04:00:00Z,1215.17,1225.00,1211.24,1218.19,555355.072
2022-11-26T08:00:00Z,1218.19,1227.59,1214.27,1221.10,524160.382
2022-11-26T12:00:00Z,1221.10,1238.00,1205.01,1210.28,985900.019
2022-11-26T16:00:00Z,1210.28,1214.80,1200.93,1206.80,490647.284
2022-11-26T20:00:00Z,1206.81,1212.39,1195.08,1204.84,368514.147
2022-11-27T00:00:00Z,1205.00,1219.00,1203.56,1215.36,424140.947
2022-11-27T04:00:00Z,1215.37,1222.91,1214.30,1216.46,482999.394
2022-11-27T08:00:00Z,1216.44,1221.00,1209.00,1214.87,605655.894
2022-11-27T12:00:00Z,1214.86,1219.30,1206.01,1217.54,436625.153
2022-11-27T16:00:00Z,1217.54,1220.79,1210.30,1212.60,362057.139
2022-11-27T20:00:00Z,1212.61,1218.18,1186.58,1193.26,678909.225
2022-11-28T00:00:00Z,1193.25,1198.80,1156.52,1172.05,1578993.633
2022-11-28T04:00:00Z,1172.05,1178.38,1165.69,1173.53,591588.498
2022-11-28T08:00:00Z,1173.53,1176.00,1162.50,1169.55,576938.375
2022-11-28T12:00:00Z,1169.55,1183.00,1153.50,1163.10,1133647.452
2022-11-28T16:00:00Z,1163.09,1185.00,1150.25,1171.00,1379711.388
2022-11-28T20:00:00Z,1171.00,1174.94,1166.02,1167.21,320314.228
2022-11-29T00:00:00Z,1167.20,1190.00,1156.06,1184.32,819968.950
2022-11-29T04:00:00Z,1184.33,1214.80,1183.62,1206.66,1413317.316
2022-11-29T08:00:00Z,1206.66,1223.80,1204.72,1216.81,1084010.370
2022-11-29T12:00:00Z,1216.81,1218.45,1201.61,1208.24,1136021.840
2022-11-29T16:00:00Z,1208.24,1221.85,1202.07,1215.21,778603.072
2022-11-29T20:00:00Z,1215.21,1228.75,1214.43,1215.74,684505.073
2022-11-30T00:00:00Z,1215.75,1283.00,1211.53,1264.56,1914453.663
2022-11-30T04:00:00Z,1264.56,1275.00,1264.56,1272.06,507874.694
2022-11-30T08:00:00Z,1272.07,1276.93,1260.45,1266.32,532295.565
2022-11-30T12:00:00Z,1266.32,1275.30,1253.37,1266.81,985124.651
2022-11-30T16:00:00Z,1266.81,1299.48,1257.64,1286.42,2039310.140
2022-11-30T20:00:00Z,1286.43,1312.99,1284.11,1294.02,1008436.663
2022-12-01T00:00:00Z,1294.09,1295.38,1280.46,1287.55,692316.152
2022-12-01T04:00:00Z,1287.55,1288.98,1275.00,1278.20,514880.968
2022-12-01T08:00:00Z,1278.19,1285.95,1276.57,1282.63,540153.911
2022-12-01T12:00:00Z,1282.64,1300.51,1262.00,1271.15,1960539.613
2022-12-01T16:00:00Z,1271.15,1278.41,1265.00,1275.30,604502.815
2022-12-01T20:00:00Z,1275.31,1283.99,1266.18,1275.70,430190.689
2022-12-02T00:00:00Z,1275.70,1284.66,1264.43,1271.06,656542.017
2022-12-02T04:00:00Z,1271.05,1277.87,1267.31,1275.11,389083.236
2022-12-02T08:00:00Z,1275.11,1294.00,1272.81,1288.24,671347.137
2022-12-02T12:00:00Z,1288.25,1297.24,1266.00,1278.37,1559508.881
2022-12-02T16:00:00Z,1278.38,1288.06,1273.37,1286.85,464622.016
2022-12-02T20:00:00Z,1286.84,1296.50,1285.83,1295.00,500120.257
2022-12-03T00:00:00Z,1294.99,1312.00,1281.33,1285.07,570758.792
2022-12-03T04:00:00Z,1285.07,1289.50,1272.30,1275.29,546623.976
2022-12-03T08:00:00Z,1275.30,1276.43,1258.50,1268.86,801125.607
2022-12-03T12:00:00Z,1268.86,1274.82,1265.64,1270.49,462441.995
2022-12-03T16:00:00Z,1270.50,1270.96,1261.47,1265.40,422753.151
2022-12-03T20:00:00Z,1265.40,1266.15,1235.17,1239.76,929581.202
2022-12-04T00:00:00Z,1239.76,1263.43,1239.13,1256.48,680518.850
2022-12-04T04:00:00Z,1256.47,1267.20,1252.93,1256.26,470701.842
2022-12-04T08:00:00Z,1256.26,1263.99,1251.00,1254.60,483819.859
2022-12-04T12:00:00Z,1254.60,1262.39,1248.62,1259.44,551734.528
2022-12-04T16:00:00Z,1259.44,1283.00,1255.94,1278.00,1145380.895
2022-12-04T20:00:00Z,1278.01,1287.99,1271.40,1278.82,541083.985
2022-12-05T00:00:00Z,1278.82,1297.77,1276.10,1290.34,891157.126
2022-12-05T04:00:00Z,1290.33,1304.47,1289.08,1296.61,763869.495
2022-12-05T08:00:00Z,1296.62,1304.98,1291.00,1294.45,691867.911
2022-12-05T12:00:00Z,1294.49,1294.62,1258.00,1265.65,1353133.993
2022-12-05T16:00:00Z,1265.65,1269.79,1246.00,1252.98,1285331.079
2022-12-05T20:00:00Z,1252.97,1260.51,1251.04,1258.66,416101.506
2022-12-06T00:00:00Z,1258.67,1269.60,1258.64,1261.02,465935.061
2022-12-06T04:00:00Z,1261.02,1262.66,1253.58,1259.63,386224.776
2022-12-06T08:00:00Z,1259.63,1264.78,1240.55,1255.61,867730.992
2022-12-06T12:00:00Z,1255.61,1261.74,1244.16,1253.79,940722.516
2022-12-06T16:00:00Z,1253.80,1258.76,1241.02,1249.58,733681.067
2022-12-06T20:00:00Z,1249.57,1274.42,1247.00,1270.72,700339.989
2022-12-07T00:00:00Z,1270.72,1278.30,1258.00,1261.58,580970.752
2022-12-07T04:00:00Z,1261.58,1264.38,1217.56,1223.73,1299772.837
2022-12-07T08:00:00Z,1223.72,1230.33,1217.02,1224.15,747330.540
2022-12-07T12:00:00Z,1224.14,1239.50,1220.00,1233.19,1028655.837
2022-12-07T16:00:00Z,1233.20,1237.19,1226.16,1231.42,536394.922
2022-12-07T20:00:00Z,1231.44,1234.49,1220.54,1230.83,405328.618
2022-12-08T00:00:00Z,1230.78,1238.91,1221.00,1231.30,630940.805
2022-12-08T04:00:00Z,1231.30,1235.57,1224.00,1232.07,466047.116
2022-12-08T08:00:00Z,1232.08,1247.33,1227.36,1239.80,684721.024
2022-12-08T12:00:00Z,1239.80,1254.00,1235.15,1249.08,1239109.096
2022-12-08T16:00:00Z,1249.08,1294.31,1247.97,1283.68,1769932.057
2022-12-08T20:00:00Z,1283.68,1286.49,1275.27,1279.73,612464.148
2022-12-09T00:00:00Z,1279.72,1290.00,1272.29,1283.46,620082.341
2022-12-09T04:00:00Z,1283.46,1285.52,1276.75,1281.70,375728.083
2022-12-09T08:00:00Z,1281.70,1293.78,1278.31,1287.32,659687.326
2022-12-09T12:00:00Z,1287.31,1297.63,1259.39,1277.09,1650367.848
2022-12-09T16:00:00Z,1277.09,1277.70,1262.55,1268.42,552116.856
2022-12-09T20:00:00Z,1268.43,1268.61,1254.00,1262.31,552583.385
2022-12-10T00:00:00Z,1262.31,1268.19,1260.88,1264.77,308248.722
2022-12-10T04:00:00Z,1264.77,1266.30,1261.70,1263.89,200694.532
2022-12-10T08:00:00Z,1263.88,1267.42,1258.58,1265.69,284694.932
2022-12-10T12:00:00Z,1265.70,1279.00,1262.68,1277.56,631554.764
2022-12-10T16:00:00Z,1277.57,1283.92,1265.52,1271.48,479989.333
2022-12-10T20:00:00Z,1271.47,1273.21,1261.08,1265.88,314257.824
2022-12-11T00:00:00Z,1265.87,1272.77,1264.60,1271.91,238103.124
2022-12-11T04:00:00Z,1271.90,1278.00,1271.60,1275.77,317019.981
2022-12-11T08:00:00Z,1275.77,1276.76,1269.98,1272.92,239229.073
2022-12-11T12:00:00Z,1272.93,1275.52,1268.15,1272.99,323976.918
2022-12-11T16:00:00Z,1272.98,1284.90,1270.26,1273.79,540309.758
2022-12-11T20:00:00Z,1273.80,1273.95,1255.00,1262.43,768667.075
2022-12-12T00:00:00Z,1262.43,1262.60,1240.01,1243.11,1052566.513
2022-12-12T04:00:00Z,1243.10,1247.55,1238.50,1245.79,377699.170
2022-12-12T08:00:00Z,1245.79,1256.77,1241.17,1253.74,527226.198
2022-12-12T12:00:00Z,1253.74,1255.83,1242.74,1248.51,817389.363
2022-12-12T16:00:00Z,1248.52,1255.85,1247.79,1253.87,346865.655
2022-12-12T20:00:00Z,1253.87,1278.83,1253.30,1274.88,979367.575
2022-12-13T00:00:00Z,1274.89,1278.00,1265.21,1269.20,464612.231
2022-12-13T04:00:00Z,1269.20,1274.33,1254.32,1265.71,874952.694
2022-12-13T08:00:00Z,1265.71,1289.97,1263.17,1286.24,1294894.103
2022-12-13T12:00:00Z,1286.24,1350.00,1285.77,1324.00,3233175.883
2022-12-13T16:00:00Z,1324.00,1328.88,1305.06,1316.79,1083514.894
2022-12-13T20:00:00Z,1316.79,1324.49,1312.08,1321.06,426384.534
2022-12-14T00:00:00Z,1321.05,1327.69,1317.30,1320.06,452744.186
2022-12-14T04:00:00Z,1320.05,1325.84,1316.00,1323.12,322161.050
2022-12-14T08:00:00Z,1323.13,1330.00,1319.43,1327.00,468724.023
2022-12-14T12:00:00Z,1327.01,1345.00,1325.09,1338.30,1235613.319
2022-12-14T16:00:00Z,1338.30,1354.40,1300.17,1307.50,2301055.100
2022-12-14T20:00:00Z,1307.50,1318.78,1301.00,1307.76,866898.264
2022-12-15T00:00:00Z,1307.76,1311.86,1280.00,1292.42,924199.653
2022-12-15T04:00:00Z,1292.42,1293.06,1286.30,1287.09,320214.531
2022-12-15T08:00:00Z,1287.08,1291.39,1282.53,1290.97,525837.141
2022-12-15T12:00:00Z,1290.96,1290.96,1261.40,1269.98,1287459.918
2022-12-15T16:00:00Z,1269.98,1275.80,1263.81,1274.74,595670.254
2022-12-15T20:00:00Z,1274.73,1275.06,1256.10,1266.26,546078.340
2022-12-16T00:00:00Z,1266.26,1273.28,1265.27,1271.47,383185.371
2022-12-16T04:00:00Z,1271.48,1279.76,1266.34,1277.11,398814.036
2022-12-16T08:00:00Z,1277.11,1278.68,1192.42,1212.10,2183354.104
2022-12-16T12:00:00Z,1212.10,1218.50,1188.00,1203.11,1316919.711
2022-12-16T16:00:00Z,1203.10,1204.00,1180.42,1202.00,1246622.239
2022-12-16T20:00:00Z,1202.00,1211.99,1154.70,1166.20,1689634.728
2022-12-17T00:00:00Z,1166.19,1178.85,1161.07,1174.49,851060.369
2022-12-17T04:00:00Z,1174.49,1185.00,1172.58,1183.00,590461.319
2022-12-17T08:00:00Z,1183.00,1188.66,1172.93,1179.42,588531.013
2022-12-17T12:00:00Z,1179.41,1182.40,1173.79,1179.45,469555.294
2022-12-17T16:00:00Z,1179.44,1179.57,1169.97,1176.18,389836.510
2022-12-17T20:00:00Z,1176.18,1190.00,1174.55,1186.45,447039.855
2022-12-18T00:00:00Z,1186.44,1188.15,1179.30,1187.00,284247.589
2022-12-18T04:00:00Z,1187.01,1196.00,1182.29,1185.98,536078.776
2022-12-18T08:00:00Z,1185.98,1187.74,1171.12,1181.77,568269.492
2022-12-18T12:00:00Z,1181.77,1183.47,1172.27,1173.41,403901.105
2022-12-18T16:00:00Z,1173.40,1190.99,1172.95,1182.91,585048.902
2022-12-18T20:00:00Z,1182.91,1195.26,1179.66,1182.45,499506.347
2022-12-19T00:00:00Z,1182.45,1194.86,1172.75,1178.58,694893.863
2022-12-19T04:00:00Z,1178.58,1183.98,1176.74,1179.23,347704.886
2022-12-19T08:00:00Z,1179.22,1187.96,1178.48,1182.68,415198.375
2022-12-19T12:00:00Z,1182.68,1189.28,1176.57,1179.02,790820.787
2022-12-19T16:00:00Z,1179.02,1181.89,1163.69,1170.26,1142481.818
2022-12-19T20:00:00Z,1170.26,1181.00,1148.00,1167.21,903930.843
2022-12-20T00:00:00Z,1167.21,1198.87,1162.50,1191.85,1404376.079
2022-12-20T04:00:00Z,1191.85,1225.00,1190.00,1207.92,1104203.076
2022-12-20T08:00:00Z,1207.97,1221.84,1205.40,1211.83,647032.575
2022-12-20T12:00:00Z,1211.82,1232.00,1201.79,1216.44,1427748.863
2022-12-20T16:00:00Z,1216.44,1218.68,1204.13,1216.20,812522.344
2022-12-20T20:00:00Z,1216.25,1221.00,1210.69,1216.21,382458.249
2022-12-21T00:00:00Z,1216.22,1218.55,1205.02,1209.94,476344.213
2022-12-21T04:00:00Z,1209.94,1213.95,1202.06,1210.19,467570.694
2022-12-21T08:00:00Z,1210.20,1218.99,1206.63,1216.18,484693.626
2022-12-21T12:00:00Z,1216.17,1226.00,1205.19,1215.24,833370.625
2022-12-21T16:00:00Z,1215.24,1215.65,1205.83,1208.12,416568.925
2022-12-21T20:00:00Z,1208.12,1214.78,1206.39,1213.21,265238.868
2022-12-22T00:00:00Z,1213.21,1217.98,1211.05,1214.12,251685.080
2022-12-22T04:00:00Z,1214.12,1214.56,1208.90,1213.55,262402.118
2022-12-22T08:00:00Z,1213.56,1222.08,1211.60,1216.91,637036.694
2022-12-22T12:00:00Z,1216.92,1218.28,1183.15,1186.15,1490118.022
2022-12-22T16:00:00Z,1186.15,1194.65,1182.00,1194.48,669186.936
2022-12-22T20:00:00Z,1194.47,1239.99,1193.36,1217.39,1090204.288
2022-12-23T00:00:00Z,1217.38,1229.58,1214.08,1223.42,542045.853
2022-12-23T04:00:00Z,1223.42,1224.70,1219.05,1221.41,284946.745
2022-12-23T08:00:00Z,1221.41,1226.00,1214.80,1222.23,507644.760
2022-12-23T12:00:00Z,1222.22,1234.25,1208.33,1218.46,1433942.624
2022-12-23T16:00:00Z,1218.45,1220.93,1215.06,1219.50,306642.453
2022-12-23T20:00:00Z,1219.51,1221.96,1216.36,1219.50,235930.029
2022-12-24T00:00:00Z,1219.50,1220.80,1214.23,1218.53,192315.058
2022-12-24T04:00:00Z,1218.53,1220.64,1214.00,1219.90,214926.255
2022-12-24T08:00:00Z,1219.90,1220.18,1216.00,1218.81,161840.773
2022-12-24T12:00:00Z,1218.81,1219.00,1216.90,1218.60,131721.677
2022-12-24T16:00:00Z,1218.60,1229.00,1216.80,1222.88,308133.178
2022-12-24T20:00:00Z,1222.88,1223.18,1217.16,1219.96,192049.044
2022-12-25T00:00:00Z,1219.96,1223.92,1218.88,1220.60,144766.583
2022-12-25T04:00:00Z,1220.61,1220.73,1214.66,1219.15,216928.781
2022-12-25T08:00:00Z,1219.15,1221.97,1216.59,1217.02,161368.010
2022-12-25T12:00:00Z,1217.03,1218.58,1187.54,1210.32,861825.659
2022-12-25T16:00:00Z,1210.32,1212.38,1190.44,1209.03,540716.839
2022-12-25T20:00:00Z,1209.04,1225.00,1203.27,1217.96,550301.732
2022-12-26T00:00:00Z,1217.97,1224.00,1216.10,1220.49,297073.152
2022-12-26T04:00:00Z,1220.49,1222.88,1217.30,1219.91,223939.908
2022-12-26T08:00:00Z,1219.91,1222.83,1217.37,1219.96,281932.469
2022-12-26T12:00:00Z,1219.96,1220.39,1210.00,1214.64,388173.634
2022-12-26T16:00:00Z,1214.64,1220.75,1212.17,1216.98,309392.836
2022-12-26T20:00:00Z,1216.98,1231.49,1215.00,1227.57,427980.813
2022-12-27T00:00:00Z,1227.57,1233.97,1220.91,1223.07,504523.367
2022-12-27T04:00:00Z,1223.07,1224.13,1220.00,1221.52,211052.091
2022-12-27T08:00:00Z,1221.53,1222.97,1212.43,1218.58,471265.684
2022-12-27T12:00:00Z,1218.59,1219.02,1202.98,1210.69,970973.874
2022-12-27T16:00:00Z,1210.69,1212.25,1200.00,1210.65,642993.594
2022-12-27T20:00:00Z,1210.65,1214.77,1207.97,1211.29,277371.020
2022-12-28T00:00:00Z,1211.29,1215.42,1184.00,1197.00,882291.200
2022-12-28T04:00:00Z,1197.01,1199.03,1187.89,1194.08,520015.832
2022-12-28T08:00:00Z,1194.08,1197.88,1193.00,1195.57,307386.611
2022-12-28T12:00:00Z,1195.58,1212.77,1185.00,1188.75,1153669.672
2022-12-28T16:00:00Z,1188.75,1201.30,1187.12,1192.40,588610.630
2022-12-28T20:00:00Z,1192.39,1194.68,1177.50,1189.93,669076.654
2022-12-29T00:00:00Z,1189.94,1195.24,1186.24,1194.26,466854.147
2022-12-29T04:00:00Z,1194.27,1199.44,1191.37,1194.56,328848.044
2022-12-29T08:00:00Z,1194.56,1203.85,1189.58,1198.40,582032.035
2022-12-29T12:00:00Z,1198.41,1207.97,1197.36,1200.75,692206.949
2022-12-29T16:00:00Z,1200.75,1202.86,1193.77,1198.46,454493.100
2022-12-29T20:00:00Z,1198.46,1204.43,1190.82,1200.35,498422.860
2022-12-30T00:00:00Z,1200.36,1202.22,1194.53,1197.39,310007.870
2022-12-30T04:00:00Z,1197.39,1198.00,1183.72,1187.93,569714.417
2022-12-30T08:00:00Z,1187.92,1194.81,1187.51,1190.50,363881.620
2022-12-30T12:00:00Z,1190.50,1198.91,1180.00,1194.81,930761.161
2022-12-30T16:00:00Z,1194.82,1198.26,1192.31,1194.69,338092.209
2022-12-30T20:00:00Z,1194.70,1203.00,1194.57,1199.66,356533.172
2022-12-31T00:00:00Z,1199.67,1200.31,1193.51,1194.28,196940.554
2022-12-31T04:00:00Z,1194.29,1197.50,1190.26,1196.97,176712.373
2022-12-31T08:00:00Z,1196.98,1200.61,1195.33,1197.00,232020.400
2022-12-31T12:00:00Z,1197.00,1209.00,1195.51,1202.58,532360.346
2022-12-31T16:00:00Z,1202.59,1206.00,1198.35,1202.74,259252.105
2022-12-31T20:00:00Z,1202.74,1203.92,1192.05,1196.10,291102.162
2023-01-01T00:00:00Z,1196.10,1196.98,1191.36,1194.05,253497.030
2023-01-01T04:00:00Z,1194.05,1195.84,1190.80,1195.07,191144.124
2023-01-01T08:00:00Z,1195.07,1197.68,1193.56,1196.40,150200.331
2023-01-01T12:00:00Z,1196.40,1198.61,1192.99,1196.52,207006.594
2023-01-01T16:00:00Z,1196.51,1204.67,1195.50,1201.47,380685.704
2023-01-01T20:00:00Z,1201.47,1204.79,1198.71,1199.96,199229.705
2023-01-02T00:00:00Z,1199.96,1203.32,1191.50,1201.42,422118.100
2023-01-02T04:00:00Z,1201.43,1222.00,1199.12,1212.82,748998.740
2023-01-02T08:00:00Z,1212.83,1225.00,1212.14,1216.72,611497.008
2023-01-02T12:00:00Z,1216.71,1220.99,1213.30,1218.50,435849.284
2023-01-02T16:00:00Z,1218.49,1219.39,1215.03,1218.49,206554.306
2023-01-02T20:00:00Z,1218.50,1225.00,1210.00,1213.23,406773.881
2023-01-03T00:00:00Z,1213.24,1216.28,1210.64,1215.19,305185.847
2023-01-03T04:00:00Z,1215.18,1219.50,1212.57,1215.85,277089.842
2023-01-03T08:00:00Z,1215.86,1218.20,1213.32,1214.39,286669.475
2023-01-03T12:00:00Z,1214.39,1218.76,1205.00,1211.40,778306.602
2023-01-03T16:00:00Z,1211.39,1212.40,1203.05,1208.92,462676.193
2023-01-03T20:00:00Z,1208.93,1217.04,1208.86,1214.23,308267.053
2023-01-04T00:00:00Z,1214.22,1258.53,1212.16,1250.33,1547949.897
2023-01-04T04:00:00Z,1250.33,1254.99,1247.08,1251.77,588888.423
2023-01-04T08:00:00Z,1251.78,1261.05,1248.13,1251.16,525219.552
2023-01-04T12:00:00Z,1251.17,1259.02,1238.61,1255.90,910754.878
2023-01-04T16:00:00Z,1255.91,1275.00,1250.57,1254.14,1315997.404
2023-01-04T20:00:00Z,1254.14,1257.83,1243.04,1256.39,441007.041
2023-01-05T00:00:00Z,1256.39,1260.00,1251.51,1252.59,330615.333
2023-01-05T04:00:00Z,1252.59,1254.76,1247.13,1250.91,328915.987
2023-01-05T08:00:00Z,1250.91,1255.90,1245.00,1255.34,440166.870
2023-01-05T12:00:00Z,1255.35,1255.65,1242.22,1248.72,883480.989
2023-01-05T16:00:00Z,1248.72,1254.92,1246.34,1253.22,369669.696
2023-01-05T20:00:00Z,1253.22,1254.04,1247.38,1251.08,310016.124
2023-01-06T00:00:00Z,1251.08,1258.98,1247.40,1250.56,414713.734
2023-01-06T04:00:00Z,1250.57,1251.78,1245.02,1247.45,346779.921
2023-01-06T08:00:00Z,1247.45,1249.89,1235.00,1243.20,518678.515
2023-01-06T12:00:00Z,1243.20,1267.65,1233.00,1262.48,1462807.761
2023-01-06T16:00:00Z,1262.48,1277.77,1259.51,1272.76,941543.863
2023-01-06T20:00:00Z,1272.77,1275.90,1264.50,1268.54,471643.569
2023-01-07T00:00:00Z,1268.54,1270.66,1264.50,1266.05,217268.187
2023-01-07T04:00:00Z,1266.04,1266.40,1261.03,1266.00,194258.001
2023-01-07T08:00:00Z,1266.00,1266.42,1262.13,1263.12,184393.150
2023-01-07T12:00:00Z,1263.11,1265.15,1260.53,1264.50,226074.444
2023-01-07T16:00:00Z,1264.50,1265.68,1261.27,1264.81,137042.384
2023-01-07T20:00:00Z,1264.82,1267.93,1260.67,1263.65,227910.892
2023-01-08T00:00:00Z,1263.64,1264.13,1256.30,1262.36,274862.960
2023-01-08T04:00:00Z,1262.36,1263.97,1261.53,1262.84,109132.579
2023-01-08T08:00:00Z,1262.85,1265.93,1260.62,1260.83,191814.071
2023-01-08T12:00:00Z,1260.84,1275.50,1260.43,1274.01,432565.561
2023-01-08T16:00:00Z,1274.01,1280.00,1260.94,1264.40,557294.209
2023-01-08T20:00:00Z,1264.40,1296.00,1263.34,1289.65,849398.952
2023-01-09T00:00:00Z,1289.64,1314.00,1284.81,1309.70,1432833.801
2023-01-09T04:00:00Z,1309.69,1314.61,1306.69,1311.41,613807.536
2023-01-09T08:00:00Z,1311.40,1328.00,1307.50,1318.16,1029277.891
2023-01-09T12:00:00Z,1318.15,1342.30,1314.70,1335.56,1335923.800
2023-01-09T16:00:00Z,1335.55,1345.00,1329.99,1329.99,1103221.221
2023-01-09T20:00:00Z,1329.99,1331.83,1315.02,1320.32,811536.583
2023-01-10T00:00:00Z,1320.32,1329.64,1316.74,1325.08,502123.052
2023-01-10T04:00:00Z,1325.08,1328.82,1322.08,1323.25,323656.148
2023-01-10T08:00:00Z,1323.24,1336.27,1321.27,1329.30,540616.137
2023-01-10T12:00:00Z,1329.29,1341.57,1322.65,1333.90,1091242.446
2023-01-10T16:00:00Z,1333.91,1344.18,1327.43,1339.10,655574.374
2023-01-10T20:00:00Z,1339.11,1348.70,1333.01,1335.30,539939.484
2023-01-11T00:00:00Z,1335.29,1341.61,1326.74,1330.52,507192.876
2023-01-11T04:00:00Z,1330.52,1335.36,1326.00,1334.99,375523.436
2023-01-11T08:00:00Z,1335.00,1337.50,1330.70,1335.83,332002.938
2023-01-11T12:00:00Z,1335.82,1335.83,1319.52,1322.48,716417.591
2023-01-11T16:00:00Z,1322.48,1345.18,1320.95,1342.46,956701.526
2023-01-11T20:00:00Z,1342.46,1400.00,1338.57,1389.26,1715893.794
2023-01-12T00:00:00Z,1389.25,1419.73,1385.57,1400.94,1528282.847
2023-01-12T04:00:00Z,1400.94,1405.50,1393.00,1398.70,533905.523
2023-01-12T08:00:00Z,1398.73,1403.63,1394.76,1398.30,527575.062
2023-01-12T12:00:00Z,1398.30,1410.68,1358.00,1385.66,2809673.731
2023-01-12T16:00:00Z,1385.65,1437.57,1382.92,1425.75,2055871.513
2023-01-12T20:00:00Z,1425.75,1439.36,1413.50,1415.84,817187.768
2023-01-13T00:00:00Z,1415.85,1418.44,1400.70,1414.72,627257.641
2023-01-13T04:00:00Z,1414.73,1415.56,1405.24,1408.28,338537.145
2023-01-13T08:00:00Z,1408.28,1419.78,1403.56,1409.33,693101.518
2023-01-13T12:00:00Z,1409.33,1425.00,1401.11,1421.30,1014776.190
2023-01-13T16:00:00Z,1421.30,1425.60,1406.29,1419.94,918589.955
2023-01-13T20:00:00Z,1419.95,1465.49,1416.84,1450.94,1504476.051
2023-01-14T00:00:00Z,1450.95,1644.92,1448.70,1558.74,2865245.039
2023-01-14T04:00:00Z,1558.74,1559.69,1542.07,1555.29,649741.220
2023-01-14T08:00:00Z,1555.30,1567.25,1505.40,1530.91,1566109.434
2023-01-14T12:00:00Z,1530.91,1548.97,1510.00,1526.36,1159674.112
2023-01-14T16:00:00Z,1526.31,1539.39,1524.03,1530.15,583018.523
2023-01-14T20:00:00Z,1530.15,1564.00,1527.50,1550.27,525088.936
2023-01-15T00:00:00Z,1550.27,1552.84,1516.02,1527.00,799583.266
2023-01-15T04:00:00Z,1527.00,1531.59,1522.23,1530.54,226169.418
2023-01-15T08:00:00Z,1530.54,1536.36,1520.00,1534.40,474460.460
2023-01-15T12:00:00Z,1534.41,1563.00,1529.66,1557.66,710419.846
2023-01-15T16:00:00Z,1557.58,1570.00,1533.02,1551.08,1061576.793
2023-01-15T20:00:00Z,1551.08,1563.03,1542.44,1553.47,379030.581
2023-01-16T00:00:00Z,1553.48,1586.50,1541.24,1569.58,1171520.551
2023-01-16T04:00:00Z,1569.58,1579.39,1562.71,1566.89,459500.026
2023-01-16T08:00:00Z,1566.89,1567.23,1520.00,1543.07,907492.773
2023-01-16T12:00:00Z,1543.07,1555.00,1520.74,1550.46,937983.825
2023-01-16T16:00:00Z,1550.45,1610.50,1546.20,1591.99,1208729.288
2023-01-16T20:00:00Z,1592.00,1600.33,1572.71,1577.11,709965.205
2023-01-17T00:00:00Z,1577.25,1582.95,1540.00,1564.04,781273.894
2023-01-17T04:00:00Z,1564.03,1578.32,1557.45,1563.46,427078.007
2023-01-17T08:00:00Z,1563.47,1572.33,1558.03,1569.19,426051.793
2023-01-17T12:00:00Z,1569.20,1609.00,1561.00,1571.38,1703475.960
2023-01-17T16:00:00Z,1571.37,1599.60,1564.37,1589.27,749939.918
2023-01-17T20:00:00Z,1589.26,1593.14,1563.55,1565.84,492793.686
2023-01-18T00:00:00Z,1565.83,1592.91,1562.72,1581.72,605737.311
2023-01-18T04:00:00Z,1581.72,1589.55,1578.46,1583.24,303467.036
2023-01-18T08:00:00Z,1583.23,1583.96,1570.81,1575.87,424352.317
2023-01-18T12:00:00Z,1575.86,1614.60,1531.80,1550.09,2112433.999
2023-01-18T16:00:00Z,1550.03,1566.90,1501.21,1542.16,2654991.837
2023-01-18T20:00:00Z,1542.17,1544.96,1507.34,1511.66,831432.612
2023-01-19T00:00:00Z,1511.60,1528.59,1509.87,1525.26,455539.703
2023-01-19T04:00:00Z,1525.26,1533.05,1525.00,1528.54,283532.093
2023-01-19T08:00:00Z,1528.55,1531.93,1516.04,1519.50,400491.927
2023-01-19T12:00:00Z,1519.50,1548.53,1512.82,1533.41,1114623.552
2023-01-19T16:00:00Z,1533.42,1555.32,1521.38,1551.74,836492.673
2023-01-19T20:00:00Z,1551.74,1565.00,1544.10,1551.11,570259.065
2023-01-20T00:00:00Z,1551.11,1564.00,1545.37,1554.21,421320.209
2023-01-20T04:00:00Z,1554.21,1556.88,1541.60,1550.11,420350.888
2023-01-20T08:00:00Z,1550.12,1556.09,1544.92,1549.15,327179.652
2023-01-20T12:00:00Z,1549.16,1569.98,1548.68,1563.28,833101.649
2023-01-20T16:00:00Z,1563.28,1604.03,1561.01,1600.59,1398495.058
2023-01-20T20:00:00Z,1600.59,1680.00,1600.59,1659.01,1924365.407
2023-01-21T00:00:00Z,1659.01,1680.00,1643.00,1649.77,757162.977
2023-01-21T04:00:00Z,1649.77,1655.93,1645.58,1652.01,300949.325
2023-01-21T08:00:00Z,1652.01,1682.44,1615.30,1647.77,1473606.183
2023-01-21T12:00:00Z,1647.76,1668.65,1642.50,1647.71,819983.440
2023-01-21T16:00:00Z,1647.72,1670.00,1646.31,1663.60,619590.627
2023-01-21T20:00:00Z,1663.61,1668.34,1622.60,1627.63,672273.970
2023-01-22T00:00:00Z,1627.63,1637.35,1603.39,1623.49,649883.590
2023-01-22T04:00:00Z,1623.49,1631.82,1621.44,1627.41,290229.938
2023-01-22T08:00:00Z,1627.42,1632.51,1618.75,1625.21,375814.349
2023-01-22T12:00:00Z,1625.22,1651.58,1616.51,1635.91,856632.208
2023-01-22T16:00:00Z,1635.90,1666.00,1630.00,1636.04,749388.304
2023-01-22T20:00:00Z,1636.04,1637.39,1607.85,1628.14,905630.020
2023-01-23T00:00:00Z,1628.13,1644.29,1626.38,1631.25,402570.615
2023-01-23T04:00:00Z,1631.26,1638.74,1628.02,1634.04,289694.137
2023-01-23T08:00:00Z,1634.03,1640.56,1630.77,1637.11,354253.888
2023-01-23T12:00:00Z,1637.10,1650.00,1585.21,1620.92,1612732.484
2023-01-23T16:00:00Z,1620.93,1641.25,1609.62,1620.04,926175.248
2023-01-23T20:00:00Z,1620.05,1636.92,1618.54,1626.90,384257.857
2023-01-24T00:00:00Z,1626.90,1641.89,1623.04,1639.56,452763.185
2023-01-24T04:00:00Z,1639.56,1641.60,1633.12,1636.35,224135.510
2023-01-24T08:00:00Z,1636.34,1638.11,1613.42,1625.75,677390.537
2023-01-24T12:00:00Z,1625.75,1632.90,1602.09,1620.92,1049929.539
2023-01-24T16:00:00Z,1620.92,1625.23,1606.50,1623.03,531732.120
2023-01-24T20:00:00Z,1623.02,1625.15,1530.00,1555.99,1569804.041
2023-01-25T00:00:00Z,1556.00,1557.21,1512.30,1546.41,1043892.065
2023-01-25T04:00:00Z,1546.41,1558.58,1544.52,1552.90,385951.258
2023-01-25T08:00:00Z,1552.91,1556.36,1536.86,1545.14,509252.159
2023-01-25T12:00:00Z,1545.14,1566.35,1523.32,1543.47,1294091.042
2023-01-25T16:00:00Z,1543.48,1562.28,1540.57,1561.01,639191.902
2023-01-25T20:00:00Z,1561.01,1641.18,1561.01,1611.41,2130926.019
2023-01-26T00:00:00Z,1611.44,1633.00,1609.82,1614.87,635615.598
2023-01-26T04:00:00Z,1614.87,1622.07,1589.57,1604.59,545210.438
2023-01-26T08:00:00Z,1604.58,1610.46,1591.25,1604.30,489287.882
2023-01-26T12:00:00Z,1604.30,1621.00,1582.45,1589.40,1405518.155
2023-01-26T16:00:00Z,1589.39,1607.32,1575.66,1603.38,742049.393
2023-01-26T20:00:00Z,1603.38,1611.70,1593.44,1600.69,418195.863
2023-01-27T00:00:00Z,1600.69,1606.33,1551.10,1565.36,835574.275
2023-01-27T04:00:00Z,1565.36,1589.90,1562.40,1584.94,500095.549
2023-01-27T08:00:00Z,1584.92,1585.86,1572.33,1578.54,325872.259
2023-01-27T12:00:00Z,1578.53,1594.97,1555.30,1574.24,1173504.587
2023-01-27T16:00:00Z,1574.24,1612.99,1573.20,1609.19,784744.923
2023-01-27T20:00:00Z,1609.20,1621.46,1584.70,1597.08,729942.543
2023-01-28T00:00:00Z,1597.08,1606.66,1591.68,1598.56,339630.581
2023-01-28T04:00:00Z,1598.57,1602.97,1585.00,1592.24,282557.639
2023-01-28T08:00:00Z,1592.23,1593.87,1575.00,1585.80,440622.203
2023-01-28T12:00:00Z,1585.80,1585.80,1561.70,1577.97,754701.599
2023-01-28T16:00:00Z,1577.97,1580.66,1568.19,1576.86,270963.971
2023-01-28T20:00:00Z,1576.87,1577.21,1555.00,1571.52,390414.261
2023-01-29T00:00:00Z,1571.52,1620.00,1565.98,1594.10,1294510.475
2023-01-29T04:00:00Z,1594.10,1599.45,1587.88,1591.99,267997.747
2023-01-29T08:00:00Z,1591.99,1622.16,1588.24,1608.86,835906.951
2023-01-29T12:00:00Z,1608.86,1628.00,1602.91,1610.96,736001.948
2023-01-29T16:00:00Z,1610.96,1663.68,1604.85,1654.93,1234179.541
2023-01-29T20:00:00Z,1654.94,1656.71,1626.91,1645.67,730976.873
2023-01-30T00:00:00Z,1645.67,1648.49,1632.17,1639.16,468420.562
2023-01-30T04:00:00Z,1639.17,1642.41,1622.30,1628.03,365977.559
2023-01-30T08:00:00Z,1628.02,1631.20,1576.68,1581.82,1504090.937
2023-01-30T12:00:00Z,1581.82,1597.43,1565.52,1585.05,1066675.467
2023-01-30T16:00:00Z,1585.04,1590.96,1529.04,1554.16,996659.020
2023-01-30T20:00:00Z,1554.16,1568.06,1536.00,1565.92,630112.452
2023-01-31T00:00:00Z,1565.93,1576.68,1561.62,1568.67,445537.088
2023-01-31T04:00:00Z,1568.70,1581.70,1561.04,1579.89,364688.264
2023-01-31T08:00:00Z,1579.90,1584.04,1565.10,1570.98,397514.778
2023-01-31T12:00:00Z,1570.99,1596.24,1570.66,1588.49,869929.056
2023-01-31T16:00:00Z,1588.49,1605.67,1586.29,1597.16,568313.546
2023-01-31T20:00:00Z,1597.16,1601.00,1563.86,1585.02,798454.977
2023-02-01T00:00:00Z,1585.02,1593.23,1575.85,1584.43,376620.084
2023-02-01T04:00:00Z,1584.43,1585.78,1569.00,1575.05,331315.441
2023-02-01T08:00:00Z,1575.05,1583.85,1565.87,1580.60,448730.440
2023-02-01T12:00:00Z,1580.61,1590.35,1572.00,1575.20,686011.019
2023-02-01T16:00:00Z,1575.19,1627.38,1554.57,1617.60,1910827.495
2023-02-01T20:00:00Z,1617.61,1648.76,1613.01,1641.80,1342491.800
2023-02-02T00:00:00Z,1641.81,1699.00,1639.32,1671.92,1469411.534
2023-02-02T04:00:00Z,1671.93,1677.51,1660.60,1665.47,445815.681
2023-02-02T08:00:00Z,1665.47,1675.89,1663.78,1672.39,345765.429
2023-02-02T12:00:00Z,1672.40,1693.94,1649.49,1678.44,1484483.686
2023-02-02T16:00:00Z,1678.44,1717.00,1666.51,1675.21,1392610.600
2023-02-02T20:00:00Z,1675.20,1687.25,1625.00,1643.81,1118734.536
2023-02-03T00:00:00Z,1643.82,1651.00,1630.44,1642.36,582403.369
2023-02-03T04:00:00Z,1642.35,1647.83,1636.22,1638.12,316767.475
2023-02-03T08:00:00Z,1638.12,1651.94,1630.00,1649.13,455143.672
2023-02-03T12:00:00Z,1649.12,1674.84,1622.00,1663.36,1919006.109
2023-02-03T16:00:00Z,1663.37,1677.00,1650.27,1653.02,877375.387
2023-02-03T20:00:00Z,1653.01,1672.10,1642.00,1663.68,462970.194
2023-02-04T00:00:00Z,1663.69,1666.00,1650.00,1654.54,289806.931
2023-02-04T04:00:00Z,1654.53,1661.14,1645.00,1658.33,282258.896
2023-02-04T08:00:00Z,1658.23,1662.70,1651.42,1661.64,257662.817
2023-02-04T12:00:00Z,1661.64,1696.99,1660.11,1680.48,1003041.261
2023-02-04T16:00:00Z,1680.47,1686.36,1672.03,1676.16,448763.590
2023-02-04T20:00:00Z,1676.16,1691.65,1656.50,1666.44,426510.322
2023-02-05T00:00:00Z,1666.44,1671.41,1656.69,1661.26,391104.030
2023-02-05T04:00:00Z,1661.26,1672.10,1659.80,1668.04,215480.601
2023-02-05T08:00:00Z,1668.04,1674.59,1660.39,1662.44,300550.130
2023-02-05T12:00:00Z,1662.44,1664.82,1632.69,1644.57,1019402.222
2023-02-05T16:00:00Z,1644.57,1647.74,1608.00,1618.83,1215082.554
2023-02-05T20:00:00Z,1618.81,1639.80,1611.18,1628.98,458610.694
2023-02-06T00:00:00Z,1628.98,1642.52,1617.16,1626.55,375006.186
2023-02-06T04:00:00Z,1626.54,1635.42,1607.43,1635.08,496734.405
2023-02-06T08:00:00Z,1635.08,1637.99,1622.29,1634.94,443728.414
2023-02-06T12:00:00Z,1634.90,1650.00,1619.50,1648.59,932947.719
2023-02-06T16:00:00Z,1648.59,1659.00,1639.47,1648.26,915370.854
2023-02-06T20:00:00Z,1648.26,1649.50,1602.00,1613.90,741851.624
2023-02-07T00:00:00Z,1613.89,1635.00,1612.49,1632.86,389035.247
2023-02-07T04:00:00Z,1632.86,1637.50,1630.25,1631.51,278708.167
2023-02-07T08:00:00Z,1631.51,1648.00,1628.00,1640.39,481760.712
2023-02-07T12:00:00Z,1640.40,1644.52,1626.03,1630.43,504589.457
2023-02-07T16:00:00Z,1630.44,1679.03,1623.72,1656.42,2192221.970
2023-02-07T20:00:00Z,1656.43,1677.99,1650.16,1670.51,678701.156
2023-02-08T00:00:00Z,1670.50,1699.00,1667.43,1680.33,747128.242
2023-02-08T04:00:00Z,1680.34,1682.60,1671.39,1677.40,275654.080
2023-02-08T08:00:00Z,1677.40,1677.72,1667.67,1674.11,357369.086
2023-02-08T12:00:00Z,1674.12,1683.12,1651.57,1653.69,1052672.579
2023-02-08T16:00:00Z,1653.68,1660.00,1631.00,1647.71,1289872.793
2023-02-08T20:00:00Z,1647.71,1656.20,1636.22,1650.26,422389.648
2023-02-09T00:00:00Z,1650.26,1656.20,1608.10,1618.97,1053422.378
2023-02-09T04:00:00Z,1618.97,1636.95,1610.16,1629.98,590116.740
2023-02-09T08:00:00Z,1629.99,1639.99,1629.98,1632.90,330837.153
2023-02-09T12:00:00Z,1632.89,1649.00,1625.44,1632.25,921017.946
2023-02-09T16:00:00Z,1632.24,1633.75,1556.01,1579.08,1943319.514
2023-02-09T20:00:00Z,1579.08,1581.87,1522.00,1544.68,1765427.116
2023-02-10T00:00:00Z,1544.67,1554.00,1541.10,1542.78,508218.188
2023-02-10T04:00:00Z,1542.78,1552.00,1527.85,1550.68,644149.624
2023-02-10T08:00:00Z,1550.68,1553.80,1533.01,1536.61,529874.507
2023-02-10T12:00:00Z,1536.59,1547.60,1503.00,1521.56,1350202.456
2023-02-10T16:00:00Z,1521.56,1539.16,1513.92,1533.94,912607.998
2023-02-10T20:00:00Z,1533.94,1534.91,1486.28,1512.26,960411.907
2023-02-11T00:00:00Z,1512.25,1523.22,1506.80,1519.85,405899.581
2023-02-11T04:00:00Z,1519.84,1522.78,1513.97,1519.86,195156.048
2023-02-11T08:00:00Z,1519.86,1525.60,1515.00,1519.41,277050.865
2023-02-11T12:00:00Z,1519.41,1526.18,1513.23,1521.94,368872.602
2023-02-11T16:00:00Z,1521.94,1522.14,1502.83,1518.00,357967.456
2023-02-11T20:00:00Z,1518.00,1542.82,1515.81,1537.65,498926.701
2023-02-12T00:00:00Z,1537.64,1538.57,1529.05,1530.45,227536.946
2023-02-12T04:00:00Z,1530.44,1533.97,1528.03,1530.09,147213.038
2023-02-12T08:00:00Z,1530.10,1539.95,1530.07,1532.50,280342.549
2023-02-12T12:00:00Z,1532.50,1540.98,1520.00,1535.28,606734.758
2023-02-12T16:00:00Z,1535.29,1547.70,1533.43,1538.58,456587.443
2023-02-12T20:00:00Z,1538.58,1541.39,1491.00,1514.49,931208.677
2023-02-13T00:00:00Z,1514.48,1524.20,1495.65,1516.24,772208.201
2023-02-13T04:00:00Z,1516.25,1526.10,1515.25,1521.75,392181.357
2023-02-13T08:00:00Z,1521.75,1522.50,1463.01,1485.64,1945216.354
2023-02-13T12:00:00Z,1485.65,1491.72,1474.53,1475.18,856303.706
2023-02-13T16:00:00Z,1475.18,1493.64,1460.00,1490.15,1374995.659
2023-02-13T20:00:00Z,1490.15,1509.84,1481.30,1504.85,577253.991
2023-02-14T00:00:00Z,1504.86,1508.07,1493.14,1497.58,389218.183
2023-02-14T04:00:00Z,1497.59,1507.49,1495.75,1505.36,287408.235
2023-02-14T08:00:00Z,1505.35,1519.37,1496.28,1507.05,604242.260
2023-02-14T12:00:00Z,1507.04,1568.98,1470.00,1544.21,3611996.271
2023-02-14T16:00:00Z,1544.22,1564.62,1533.01,1559.42,1169646.346
2023-02-14T20:00:00Z,1559.42,1563.58,1548.35,1554.94,472810.867
2023-02-15T00:00:00Z,1554.94,1556.86,1541.77,1548.40,356257.168
2023-02-15T04:00:00Z,1548.39,1551.73,1543.50,1546.55,262699.509
2023-02-15T08:00:00Z,1546.55,1579.00,1543.40,1571.62,719972.315
2023-02-15T12:00:00Z,1571.62,1595.00,1565.01,1578.47,1504027.417
2023-02-15T16:00:00Z,1578.47,1629.70,1572.43,1628.30,1303261.391
2023-02-15T20:00:00Z,1628.29,1684.10,1623.46,1675.00,1819251.491
2023-02-16T00:00:00Z,1674.99,1715.00,1672.59,1692.00,1156363.595
2023-02-16T04:00:00Z,1692.01,1698.47,1675.55,1683.22,719004.243
2023-02-16T08:00:00Z,1683.22,1693.88,1679.31,1683.76,490949.996
2023-02-16T12:00:00Z,1683.77,1729.80,1666.00,1724.91,1903377.860
2023-02-16T16:00:00Z,1724.90,1744.50,1688.00,1711.22,1774037.308
2023-02-16T20:00:00Z,1711.23,1711.65,1634.02,1639.00,1767980.181
2023-02-17T00:00:00Z,1638.99,1670.48,1631.31,1663.75,787632.104
2023-02-17T04:00:00Z,1663.76,1665.66,1651.44,1653.69,467247.940
2023-02-17T08:00:00Z,1653.68,1675.87,1647.77,1666.34,591450.287
2023-02-17T12:00:00Z,1666.34,1683.34,1645.48,1673.17,1474304.723
2023-02-17T16:00:00Z,1673.17,1710.00,1662.09,1706.42,1497623.450
2023-02-17T20:00:00Z,1706.43,1722.62,1669.84,1694.12,1139170.525
2023-02-18T00:00:00Z,1694.10,1705.00,1692.60,1699.83,355885.798
2023-02-18T04:00:00Z,1699.83,1704.54,1686.11,1691.12,321085.102
2023-02-18T08:00:00Z,1691.11,1695.97,1685.87,1691.86,281322.265
2023-02-18T12:00:00Z,1691.86,1699.89,1686.93,1695.31,415658.797
2023-02-18T16:00:00Z,1695.32,1715.00,1680.49,1688.16,586187.296
2023-02-18T20:00:00Z,1688.11,1694.29,1679.13,1691.66,228160.056
2023-02-19T00:00:00Z,1691.65,1701.98,1689.39,1695.41,252530.509
2023-02-19T04:00:00Z,1695.41,1710.62,1692.20,1693.42,471094.015
2023-02-19T08:00:00Z,1693.43,1701.04,1690.63,1695.33,238664.945
2023-02-19T12:00:00Z,1695.33,1725.00,1694.51,1711.87,749071.301
2023-02-19T16:00:00Z,1711.86,1729.58,1675.07,1684.89,1311676.156
2023-02-19T20:00:00Z,1684.90,1689.68,1666.00,1680.31,572596.539
2023-02-20T00:00:00Z,1680.46,1687.78,1650.00,1684.50,822702.816
2023-02-20T04:00:00Z,1684.51,1698.54,1683.83,1695.86,442175.516
2023-02-20T08:00:00Z,1695.85,1720.39,1688.52,1713.84,972998.724
2023-02-20T12:00:00Z,1713.87,1716.28,1696.00,1707.28,930305.243
2023-02-20T16:00:00Z,1707.29,1712.01,1685.00,1709.94,759200.089
2023-02-20T20:00:00Z,1709.95,1712.98,1692.10,1703.70,285568.554
2023-02-21T00:00:00Z,1703.71,1716.99,1697.99,1703.09,508825.603
2023-02-21T04:00:00Z,1703.09,1711.44,1694.84,1704.26,429736.445
2023-02-21T08:00:00Z,1704.26,1714.64,1665.00,1669.29,1378799.916
2023-02-21T12:00:00Z,1669.30,1684.93,1656.50,1671.83,1001437.908
2023-02-21T16:00:00Z,1671.83,1686.80,1655.00,1671.89,802334.102
2023-02-21T20:00:00Z,1671.89,1674.26,1635.00,1659.20,857370.625
2023-02-22T00:00:00Z,1659.20,1667.62,1620.00,1649.08,1025302.996
2023-02-22T04:00:00Z,1649.08,1649.91,1631.06,1643.92,566811.706
2023-02-22T08:00:00Z,1643.90,1645.94,1624.81,1644.20,703408.301
2023-02-22T12:00:00Z,1644.20,1650.00,1604.10,1612.69,1510539.225
2023-02-22T16:00:00Z,1612.69,1629.59,1591.17,1615.16,1277326.909
2023-02-22T20:00:00Z,1615.16,1644.83,1609.00,1642.01,591100.478
2023-02-23T00:00:00Z,1642.01,1678.56,1636.43,1666.91,883418.214
2023-02-23T04:00:00Z,1666.91,1671.00,1658.44,1665.67,395800.072
2023-02-23T08:00:00Z,1665.66,1672.63,1630.80,1636.61,963603.563
2023-02-23T12:00:00Z,1636.61,1671.31,1627.64,1655.09,1664603.164
2023-02-23T16:00:00Z,1655.10,1661.73,1631.00,1652.30,947008.673
2023-02-23T20:00:00Z,1652.30,1658.37,1638.00,1649.69,354669.680
2023-02-24T00:00:00Z,1649.68,1664.44,1644.95,1648.65,420565.784
2023-02-24T04:00:00Z,1648.67,1655.46,1640.39,1650.75,359813.365
2023-02-24T08:00:00Z,1650.74,1657.27,1641.87,1646.60,445441.157
2023-02-24T12:00:00Z,1646.59,1653.78,1597.83,1602.18,1733327.562
2023-02-24T16:00:00Z,1602.18,1611.11,1572.00,1610.08,1490289.998
2023-02-24T20:00:00Z,1610.09,1622.91,1592.70,1607.12,677092.945
2023-02-25T00:00:00Z,1607.11,1608.34,1594.41,1598.05,269795.611
2023-02-25T04:00:00Z,1598.06,1603.61,1592.42,1603.20,240033.409
2023-02-25T08:00:00Z,1603.21,1606.67,1595.37,1599.48,345203.182
2023-02-25T12:00:00Z,1599.49,1603.25,1591.82,1596.36,386130.971
2023-02-25T16:00:00Z,1596.37,1600.00,1575.00,1584.00,533956.801
2023-02-25T20:00:00Z,1584.01,1596.72,1556.08,1593.59,747017.156
2023-02-26T00:00:00Z,1593.60,1605.71,1586.35,1601.89,333547.942
2023-02-26T04:00:00Z,1601.90,1602.69,1595.23,1598.99,201014.780
2023-02-26T08:00:00Z,1599.00,1606.59,1596.35,1603.25,249538.490
2023-02-26T12:00:00Z,1603.25,1615.07,1594.15,1604.63,475995.904
2023-02-26T16:00:00Z,1604.64,1635.99,1597.51,1632.69,768822.020
2023-02-26T20:00:00Z,1632.69,1652.91,1621.77,1640.49,794908.786
2023-02-27T00:00:00Z,1640.51,1649.83,1631.33,1639.67,390397.785
2023-02-27T04:00:00Z,1639.67,1640.17,1630.29,1635.59,331405.762
2023-02-27T08:00:00Z,1635.59,1642.94,1631.27,1640.48,386922.986
2023-02-27T12:00:00Z,1640.48,1664.97,1635.00,1643.44,1321230.998
2023-02-27T16:00:00Z,1643.43,1645.90,1615.00,1621.22,1208926.734
2023-02-27T20:00:00Z,1621.22,1635.71,1606.71,1632.60,556199.412
2023-02-28T00:00:00Z,1632.61,1635.33,1626.01,1632.04,283863.191
2023-02-28T04:00:00Z,1632.05,1632.13,1617.19,1618.50,349133.469
2023-02-28T08:00:00Z,1618.50,1631.47,1615.60,1628.87,421663.757
2023-02-28T12:00:00Z,1628.87,1646.99,1627.85,1640.41,1025190.397
2023-02-28T16:00:00Z,1640.40,1645.80,1621.81,1627.43,622747.810
2023-02-28T20:00:00Z,1627.42,1632.93,1595.00,1604.72,961739.695
2023-03-01T00:00:00Z,1604.73,1639.99,1593.03,1637.68,849560.214
2023-03-01T04:00:00Z,1637.69,1661.53,1635.00,1650.33,815390.314
2023-03-01T08:00:00Z,1650.34,1669.76,1648.36,1655.80,475226.470
2023-03-01T12:00:00Z,1655.80,1670.00,1645.55,1657.03,1002529.374
2023-03-01T16:00:00Z,1657.03,1659.98,1630.11,1634.43,734277.630
2023-03-01T20:00:00Z,1634.42,1666.00,1630.49,1664.46,578468.373
2023-03-02T00:00:00Z,1664.47,1677.74,1643.35,1647.21,806651.614
2023-03-02T04:00:00Z,1647.20,1651.05,1638.22,1643.78,394142.376
2023-03-02T08:00:00Z,1643.79,1648.56,1636.57,1643.96,467304.486
2023-03-02T12:00:00Z,1643.95,1644.70,1617.83,1627.45,1139133.049
2023-03-02T16:00:00Z,1627.45,1651.78,1620.27,1647.63,744339.778
2023-03-02T20:00:00Z,1647.63,1657.76,1639.20,1647.29,438567.063
2023-03-03T00:00:00Z,1647.29,1648.78,1534.85,1564.53,2144332.081
2023-03-03T04:00:00Z,1564.53,1576.00,1561.50,1567.01,583816.150
2023-03-03T08:00:00Z,1567.01,1573.70,1563.00,1563.83,360182.559
2023-03-03T12:00:00Z,1563.83,1580.00,1558.14,1566.06,901654.587
2023-03-03T16:00:00Z,1566.07,1574.43,1546.93,1564.63,657077.351
2023-03-03T20:00:00Z,1564.64,1570.70,1546.00,1568.86,564875.866
2023-03-04T00:00:00Z,1568.85,1577.00,1567.78,1570.09,294740.213
2023-03-04T04:00:00Z,1570.09,1572.50,1561.83,1568.00,245186.856
2023-03-04T08:00:00Z,1567.99,1570.53,1565.56,1568.49,169977.267
2023-03-04T12:00:00Z,1568.49,1571.54,1560.28,1561.21,266899.085
2023-03-04T16:00:00Z,1561.22,1564.98,1555.63,1558.89,302042.011
2023-03-04T20:00:00Z,1558.90,1568.04,1548.00,1566.05,535955.412
2023-03-05T00:00:00Z,1566.05,1588.08,1552.07,1567.01,962168.372
2023-03-05T04:00:00Z,1567.01,1572.94,1566.89,1567.84,219492.544
2023-03-05T08:00:00Z,1567.83,1572.68,1563.13,1567.93,266161.707
2023-03-05T12:00:00Z,1567.92,1573.74,1567.23,1568.36,304356.731
2023-03-05T16:00:00Z,1568.35,1571.25,1562.00,1565.33,201338.207
2023-03-05T20:00:00Z,1565.32,1578.00,1555.01,1564.06,550630.885
2023-03-06T00:00:00Z,1564.06,1572.40,1554.63,1561.97,617501.600
2023-03-06T04:00:00Z,1561.97,1564.69,1553.29,1560.27,300415.661
2023-03-06T08:00:00Z,1560.28,1567.80,1556.75,1562.75,336759.507
2023-03-06T12:00:00Z,1562.75,1583.19,1560.74,1577.11,618636.957
2023-03-06T16:00:00Z,1577.10,1580.20,1560.95,1565.33,551358.181
2023-03-06T20:00:00Z,1565.33,1570.75,1558.31,1565.17,327146.539
2023-03-07T00:00:00Z,1565.17,1584.00,1560.48,1574.32,462918.626
2023-03-07T04:00:00Z,1574.33,1576.16,1570.00,1570.73,199166.187
2023-03-07T08:00:00Z,1570.73,1570.87,1561.47,1562.72,396712.746
2023-03-07T12:00:00Z,1562.73,1572.32,1524.00,1560.08,1685558.799
2023-03-07T16:00:00Z,1560.07,1565.00,1546.19,1550.52,802527.857
2023-03-07T20:00:00Z,1550.52,1563.00,1542.00,1561.29,601046.640
2023-03-08T00:00:00Z,1561.30,1570.00,1557.00,1561.61,449467.849
2023-03-08T04:00:00Z,1561.61,1562.94,1547.10,1550.52,504218.396
2023-03-08T08:00:00Z,1550.52,1561.33,1548.70,1556.68,330657.954
2023-03-08T12:00:00Z,1556.68,1565.35,1540.10,1559.50,1240233.524
2023-03-08T16:00:00Z,1559.50,1564.56,1547.70,1552.14,527925.437
2023-03-08T20:00:00Z,1552.14,1560.86,1520.00,1531.82,910939.436
2023-03-09T00:00:00Z,1531.81,1544.72,1530.28,1541.22,446583.133
2023-03-09T04:00:00Z,1541.21,1541.31,1535.14,1536.49,227295.018
2023-03-09T08:00:00Z,1536.49,1538.66,1523.55,1534.77,586824.699
2023-03-09T12:00:00Z,1534.77,1545.78,1526.19,1533.09,811489.513
2023-03-09T16:00:00Z,1533.10,1537.00,1480.00,1487.82,1908574.488
2023-03-09T20:00:00Z,1487.83,1488.96,1402.80,1436.42,2599926.259
2023-03-10T00:00:00Z,1436.42,1436.73,1408.72,1425.68,1315326.418
2023-03-10T04:00:00Z,1425.68,1425.95,1388.74,1411.39,1386244.966
2023-03-10T08:00:00Z,1411.40,1412.51,1367.51,1383.86,1640981.403
2023-03-10T12:00:00Z,1383.86,1434.04,1381.00,1416.42,3060017.712
2023-03-10T16:00:00Z,1416.42,1438.17,1399.66,1422.73,1672752.187
2023-03-10T20:00:00Z,1422.74,1433.00,1405.50,1425.79,863154.247
2023-03-11T00:00:00Z,1425.80,1475.45,1423.89,1457.55,1827004.779
2023-03-11T04:00:00Z,1457.55,1465.98,1413.40,1415.74,1314589.204
2023-03-11T08:00:00Z,1415.72,1451.00,1407.48,1426.33,1567046.208
2023-03-11T12:00:00Z,1426.33,1435.66,1425.02,1427.47,586081.147
2023-03-11T16:00:00Z,1427.47,1456.83,1420.98,1448.33,1036555.237
2023-03-11T20:00:00Z,1448.32,1478.00,1448.28,1471.03,824332.118
2023-03-12T00:00:00Z,1471.03,1473.20,1452.50,1465.82,662825.126
2023-03-12T04:00:00Z,1465.82,1470.68,1452.77,1459.00,351489.374
2023-03-12T08:00:00Z,1458.99,1466.92,1457.69,1464.16,393278.800
2023-03-12T12:00:00Z,1464.16,1465.77,1446.65,1454.99,753721.808
2023-03-12T16:00:00Z,1454.99,1549.00,1452.78,1512.07,2531088.544
2023-03-12T20:00:00Z,1512.14,1597.29,1510.53,1579.26,2117457.360
2023-03-13T00:00:00Z,1579.26,1623.86,1572.52,1587.75,1492023.522
2023-03-13T04:00:00Z,1587.74,1616.00,1587.38,1606.15,813111.148
2023-03-13T08:00:00Z,1606.14,1607.69,1564.18,1580.62,1372528.592
2023-03-13T12:00:00Z,1580.62,1700.00,1571.68,1666.30,3826277.841
2023-03-13T16:00:00Z,1666.31,1687.00,1647.61,1678.62,1428062.053
2023-03-13T20:00:00Z,1678.61,1681.98,1661.16,1673.90,505873.059
2023-03-14T00:00:00Z,1673.91,1684.52,1663.37,1676.92,653898.342
2023-03-14T04:00:00Z,1676.97,1695.76,1658.49,1666.62,795214.161
2023-03-14T08:00:00Z,1666.63,1689.55,1655.00,1683.15,819643.647
2023-03-14T12:00:00Z,1683.14,1779.05,1670.00,1770.28,3377594.164
2023-03-14T16:00:00Z,1770.29,1776.00,1688.23,1721.45,2070357.355
2023-03-14T20:00:00Z,1721.43,1728.40,1660.12,1699.93,1322126.192
2023-03-15T00:00:00Z,1699.93,1718.34,1682.08,1703.07,881431.944
2023-03-15T04:00:00Z,1703.07,1709.19,1693.42,1706.10,363237.008
2023-03-15T08:00:00Z,1706.11,1706.45,1650.00,1680.42,1176369.768
2023-03-15T12:00:00Z,1680.42,1699.60,1626.33,1634.44,2772320.135
2023-03-15T16:00:00Z,1634.43,1655.69,1611.63,1648.19,1868448.580
2023-03-15T20:00:00Z,1648.19,1664.42,1638.00,1649.81,554286.266
2023-03-16T00:00:00Z,1649.82,1659.49,1632.00,1645.67,591964.950
2023-03-16T04:00:00Z,1645.67,1659.76,1636.30,1654.84,550478.360
2023-03-16T08:00:00Z,1654.84,1670.90,1638.00,1659.72,903232.017
2023-03-16T12:00:00Z,1659.72,1665.98,1634.27,1662.11,1202050.400
2023-03-16T16:00:00Z,1662.11,1693.00,1651.40,1679.07,812701.935
2023-03-16T20:00:00Z,1679.08,1682.50,1651.18,1672.56,539072.815
2023-03-17T00:00:00Z,1672.57,1725.00,1661.57,1707.73,1141521.095
2023-03-17T04:00:00Z,1707.73,1730.00,1695.01,1715.29,776243.898
2023-03-17T08:00:00Z,1715.30,1764.99,1710.19,1760.64,1255259.513
2023-03-17T12:00:00Z,1760.64,1761.69,1702.47,1716.97,1297126.261
2023-03-17T16:00:00Z,1716.97,1744.00,1709.25,1743.71,791626.498
2023-03-17T20:00:00Z,1743.72,1801.22,1731.30,1789.21,1432981.494
2023-03-18T00:00:00Z,1789.21,1833.54,1767.00,1810.50,1275448.605
2023-03-18T04:00:00Z,1810.50,1822.00,1801.00,1814.29,428096.407
2023-03-18T08:00:00Z,1814.29,1818.11,1790.55,1813.16,582328.477
2023-03-18T12:00:00Z,1813.16,1846.15,1774.34,1785.73,1191386.671
2023-03-18T16:00:00Z,1785.73,1804.90,1745.00,1789.88,1328437.197
2023-03-18T20:00:00Z,1789.87,1802.10,1750.23,1758.52,669400.146
2023-03-19T00:00:00Z,1758.52,1786.34,1757.80,1782.10,409724.118
2023-03-19T04:00:00Z,1782.09,1786.72,1761.29,1774.79,374629.283
2023-03-19T08:00:00Z,1774.79,1788.97,1765.18,1784.20,482030.407
2023-03-19T12:00:00Z,1784.20,1815.17,1772.55,1792.79,950673.233
2023-03-19T16:00:00Z,1792.78,1841.96,1791.00,1820.90,1464227.092
2023-03-19T20:00:00Z,1820.90,1827.89,1772.87,1779.99,944785.838
2023-03-20T00:00:00Z,1779.98,1784.99,1740.14,1750.61,1092613.072
2023-03-20T04:00:00Z,1750.60,1793.34,1734.20,1791.16,739981.578
2023-03-20T08:00:00Z,1791.16,1803.37,1765.31,1778.37,990572.906
2023-03-20T12:00:00Z,1778.37,1782.03,1751.11,1762.03,964826.566
2023-03-20T16:00:00Z,1762.02,1768.02,1740.03,1751.90,969781.677
2023-03-20T20:00:00Z,1751.92,1761.55,1722.10,1731.71,615274.646
2023-03-21T00:00:00Z,1731.71,1757.25,1727.95,1745.52,473709.862
2023-03-21T04:00:00Z,1745.52,1753.71,1716.00,1729.11,600694.222
2023-03-21T08:00:00Z,1729.11,1767.99,1723.80,1760.47,723125.061
2023-03-21T12:00:00Z,1760.47,1836.00,1757.39,1811.51,2145884.820
2023-03-21T16:00:00Z,1811.52,1825.99,1772.31,1789.85,1284075.613
2023-03-21T20:00:00Z,1790.00,1805.00,1780.85,1800.14,392254.834
2023-03-22T00:00:00Z,1800.13,1806.86,1776.66,1798.54,459767.258
2023-03-22T04:00:00Z,1798.54,1807.13,1785.96,1791.73,331098.673
2023-03-22T08:00:00Z,1791.73,1793.61,1780.02,1784.53,445840.782
2023-03-22T12:00:00Z,1784.52,1819.40,1782.50,1805.26,1208610.587
2023-03-22T16:00:00Z,1805.26,1810.60,1709.00,1716.12,2781043.030
2023-03-22T20:00:00Z,1716.11,1737.68,1710.00,1733.61,808075.986
2023-03-23T00:00:00Z,1733.61,1744.52,1728.50,1736.42,398653.193
2023-03-23T04:00:00Z,1736.43,1752.87,1729.09,1750.07,470673.769
2023-03-23T08:00:00Z,1750.07,1758.78,1744.10,1753.81,370561.570
2023-03-23T12:00:00Z,1753.81,1860.00,1740.01,1837.44,2131320.208
2023-03-23T16:00:00Z,1837.44,1841.40,1791.65,1820.01,1365184.966
2023-03-23T20:00:00Z,1820.07,1820.96,1802.71,1813.27,462192.467
2023-03-24T00:00:00Z,1813.26,1818.17,1805.57,1811.38,273897.913
2023-03-24T04:00:00Z,1811.38,1817.12,1802.34,1814.66,267185.764
2023-03-24T08:00:00Z,1814.67,1816.16,1720.00,1744.38,1184751.757
2023-03-24T12:00:00Z,1744.37,1785.98,1740.45,1765.87,1486352.725
2023-03-24T16:00:00Z,1765.87,1769.35,1725.00,1763.00,1063035.216
2023-03-24T20:00:00Z,1762.99,1764.00,1727.54,1748.77,637270.377
2023-03-25T00:00:00Z,1748.77,1761.88,1745.45,1755.38,260623.792
2023-03-25T04:00:00Z,1755.38,1757.69,1740.79,1746.35,256848.910
2023-03-25T08:00:00Z,1746.36,1749.93,1734.72,1744.23,306632.926
2023-03-25T12:00:00Z,1744.23,1763.70,1737.16,1753.71,491898.462
2023-03-25T16:00:00Z,1753.70,1757.21,1713.50,1716.30,666069.039
2023-03-25T20:00:00Z,1716.30,1743.00,1712.02,1741.02,356390.423
2023-03-26T00:00:00Z,1741.02,1756.31,1738.29,1749.00,317049.968
2023-03-26T04:00:00Z,1748.99,1754.99,1745.10,1751.57,177199.251
2023-03-26T08:00:00Z,1751.58,1787.48,1748.78,1777.05,751440.919
2023-03-26T12:00:00Z,1777.05,1800.00,1750.32,1761.98,960219.690
2023-03-26T16:00:00Z,1761.98,1771.00,1753.54,1764.99,290955.175
2023-03-26T20:00:00Z,1765.00,1782.31,1753.26,1772.63,392894.741
2023-03-27T00:00:00Z,1772.63,1779.79,1757.29,1764.13,357665.068
2023-03-27T04:00:00Z,1764.13,1767.11,1745.19,1751.29,381206.421
2023-03-27T08:00:00Z,1751.29,1769.68,1748.44,1764.78,388359.035
2023-03-27T12:00:00Z,1764.79,1768.78,1684.00,1710.39,1961097.123
2023-03-27T16:00:00Z,1710.39,1731.60,1700.04,1703.71,821907.658
2023-03-27T20:00:00Z,1703.71,1716.69,1695.00,1714.35,396347.163
2023-03-28T00:00:00Z,1714.34,1726.97,1700.55,1710.86,424878.657
2023-03-28T04:00:00Z,1710.86,1736.35,1708.59,1723.47,468583.705
2023-03-28T08:00:00Z,1723.47,1754.52,1708.61,1744.91,811216.593
2023-03-28T12:00:00Z,1744.91,1751.18,1729.33,1743.00,927802.741
2023-03-28T16:00:00Z,1742.99,1797.19,1724.40,1785.43,1150678.277
2023-03-28T20:00:00Z,1785.42,1790.00,1761.00,1772.09,383954.150
2023-03-29T00:00:00Z,1772.11,1788.53,1771.66,1777.41,359302.010
2023-03-29T04:00:00Z,1777.42,1819.00,1777.41,1804.26,919040.437
2023-03-29T08:00:00Z,1804.26,1828.58,1798.17,1810.84,846372.899
2023-03-29T12:00:00Z,1810.84,1815.95,1791.34,1807.08,761361.500
2023-03-29T16:00:00Z,1807.08,1811.98,1790.59,1808.35,432089.192
2023-03-29T20:00:00Z,1808.35,1808.87,1782.00,1791.89,407190.718
2023-03-30T00:00:00Z,1791.89,1829.88,1763.00,1786.50,1448555.416
2023-03-30T04:00:00Z,1786.50,1813.07,1784.23,1805.55,511381.042
2023-03-30T08:00:00Z,1805.55,1807.83,1792.00,1803.93,347975.343
2023-03-30T12:00:00Z,1803.92,1805.00,1782.18,1788.58,644765.651
2023-03-30T16:00:00Z,1788.49,1791.99,1760.84,1780.72,780242.476
2023-03-30T20:00:00Z,1780.72,1798.00,1777.59,1792.77,431054.790
2023-03-31T00:00:00Z,1792.76,1817.21,1788.38,1802.25,544460.958
2023-03-31T04:00:00Z,1802.25,1808.33,1777.00,1794.40,513231.550
2023-03-31T08:00:00Z,1794.40,1799.71,1785.03,1792.26,399755.363
2023-03-31T12:00:00Z,1792.26,1848.00,1789.04,1829.91,1671244.637
2023-03-31T16:00:00Z,1829.91,1834.49,1817.69,1828.49,517817.806
2023-03-31T20:00:00Z,1828.49,1829.52,1813.22,1820.81,311700.269
2023-04-01T00:00:00Z,1820.81,1842.80,1819.00,1825.60,357308.196
2023-04-01T04:00:00Z,1825.60,1829.20,1811.20,1823.28,317191.249
2023-04-01T08:00:00Z,1823.28,1828.12,1820.00,1823.45,212140.580
2023-04-01T12:00:00Z,1823.44,1826.44,1813.00,1819.74,295042.709
2023-04-01T16:00:00Z,1819.73,1823.99,1805.50,1814.14,288367.212
2023-04-01T20:00:00Z,1814.14,1824.96,1813.80,1819.82,205301.874
2023-04-02T00:00:00Z,1819.83,1823.03,1808.38,1817.01,236500.559
2023-04-02T04:00:00Z,1817.01,1824.60,1813.00,1819.82,191276.908
2023-04-02T08:00:00Z,1819.82,1823.00,1814.00,1816.51,182440.732
2023-04-02T12:00:00Z,1816.50,1818.80,1787.03,1796.62,693761.152
2023-04-02T16:00:00Z,1796.61,1803.03,1770.00,1780.62,521749.281
2023-04-02T20:00:00Z,1780.61,1794.94,1776.34,1793.56,366877.394
2023-04-03T00:00:00Z,1793.55,1793.79,1761.25,1777.45,498736.092
2023-04-03T04:00:00Z,1777.45,1794.92,1771.66,1794.00,314275.425
2023-04-03T08:00:00Z,1794.00,1818.00,1793.76,1806.79,789929.616
2023-04-03T12:00:00Z,1806.80,1822.44,1787.02,1796.02,733573.280
2023-04-03T16:00:00Z,1796.02,1840.00,1790.49,1818.02,1030613.004
2023-04-03T20:00:00Z,1818.02,1819.00,1767.20,1809.68,1151532.403
2023-04-04T00:00:00Z,1809.68,1816.00,1800.69,1807.03,344078.021
2023-04-04T04:00:00Z,1807.03,1822.06,1802.02,1811.29,396518.410
2023-04-04T08:00:00Z,1811.29,1877.99,1810.21,1864.18,1352285.560
2023-04-04T12:00:00Z,1864.18,1895.00,1848.01,1862.12,1339050.598
2023-04-04T16:00:00Z,1862.11,1874.00,1856.25,1867.99,439212.611
2023-04-04T20:00:00Z,1868.00,1887.53,1858.03,1869.11,404562.530
2023-04-05T00:00:00Z,1869.11,1929.00,1863.69,1911.71,1169815.236
2023-04-05T04:00:00Z,1911.70,1917.80,1906.55,1909.55,270476.657
2023-04-05T08:00:00Z,1909.54,1922.00,1902.00,1913.91,364735.852
2023-04-05T12:00:00Z,1913.91,1945.00,1882.20,1896.59,1577893.364
2023-04-05T16:00:00Z,1896.60,1917.92,1886.39,1908.48,593654.796
2023-04-05T20:00:00Z,1908.48,1914.00,1902.01,1907.48,220494.167
2023-04-06T00:00:00Z,1907.49,1908.84,1885.00,1898.00,456627.107
2023-04-06T04:00:00Z,1898.00,1898.01,1873.00,1878.35,415014.150
2023-04-06T08:00:00Z,1878.35,1885.18,1851.60,1867.75,851367.704
2023-04-06T12:00:00Z,1867.75,1877.72,1853.24,1873.38,709193.968
2023-04-06T16:00:00Z,1873.39,1882.29,1865.00,1870.30,339000.380
2023-04-06T20:00:00Z,1870.30,1878.04,1858.28,1871.33,266411.464
2023-04-07T00:00:00Z,1871.34,1881.94,1865.19,1875.91,274698.256
2023-04-07T04:00:00Z,1875.92,1878.44,1840.00,1850.01,523068.772
2023-04-07T08:00:00Z,1850.01,1858.76,1842.12,1848.50,370531.092
2023-04-07T12:00:00Z,1848.51,1862.80,1841.11,1859.33,494156.822
2023-04-07T16:00:00Z,1859.33,1861.18,1850.22,1854.09,199032.625
2023-04-07T20:00:00Z,1854.09,1871.70,1850.01,1862.87,232810.825
2023-04-08T00:00:00Z,1862.88,1871.96,1853.79,1867.35,286837.660
2023-04-08T04:00:00Z,1867.36,1878.81,1862.77,1871.27,261336.128
2023-04-08T08:00:00Z,1871.27,1873.64,1864.61,1866.60,174048.099
2023-04-08T12:00:00Z,1866.61,1870.35,1860.66,1866.20,174325.596
2023-04-08T16:00:00Z,1866.20,1868.64,1846.00,1853.26,339813.059
2023-04-08T20:00:00Z,1853.26,1857.89,1846.00,1848.02,197514.373
2023-04-09T00:00:00Z,1848.01,1859.24,1846.29,1850.95,241691.343
2023-04-09T04:00:00Z,1850.94,1855.00,1820.31,1834.60,580798.912
2023-04-09T08:00:00Z,1834.59,1839.65,1827.21,1838.51,264351.122
2023-04-09T12:00:00Z,1838.50,1845.00,1824.55,1835.85,388601.372
2023-04-09T16:00:00Z,1835.86,1866.73,1835.10,1855.60,512135.175
2023-04-09T20:00:00Z,1855.60,1873.70,1851.22,1857.84,403518.825
2023-04-10T00:00:00Z,1857.84,1862.61,1845.04,1857.10,322347.908
2023-04-10T04:00:00Z,1857.10,1865.99,1852.38,1859.27,232388.138
2023-04-10T08:00:00Z,1859.27,1862.25,1854.07,1857.17,223661.180
2023-04-10T12:00:00Z,1857.17,1869.60,1846.23,1860.01,479880.024
2023-04-10T16:00:00Z,1860.01,1904.60,1856.15,1888.14,1128078.498
2023-04-10T20:00:00Z,1888.14,1919.12,1876.83,1908.90,695929.372
2023-04-11T00:00:00Z,1908.91,1938.00,1906.90,1922.09,828531.799
2023-04-11T04:00:00Z,1922.09,1926.50,1908.28,1920.90,342177.862
2023-04-11T08:00:00Z,1920.91,1922.22,1911.05,1914.60,273654.094
2023-04-11T12:00:00Z,1914.60,1922.21,1900.00,1912.86,626565.176
2023-04-11T16:00:00Z,1912.86,1917.00,1890.00,1893.55,695185.090
2023-04-11T20:00:00Z,1893.55,1895.95,1880.67,1888.89,369720.545
2023-04-12T00:00:00Z,1888.89,1896.48,1850.38,1861.92,784209.099
2023-04-12T04:00:00Z,1861.91,1874.91,1859.05,1869.15,338331.369
2023-04-12T08:00:00Z,1869.14,1873.44,1862.81,1871.52,248360.456
2023-04-12T12:00:00Z,1871.52,1933.00,1865.49,1911.44,2384782.761
2023-04-12T16:00:00Z,1911.43,1918.50,1892.68,1900.61,642868.099
2023-04-12T20:00:00Z,1900.61,1930.00,1899.26,1916.86,779433.967
2023-04-13T00:00:00Z,1916.86,1920.00,1898.01,1911.52,519864.221
2023-04-13T04:00:00Z,1911.51,1926.26,1907.00,1921.10,431902.465
2023-04-13T08:00:00Z,1921.11,1998.00,1918.77,1985.15,2344242.065
2023-04-13T12:00:00Z,1985.15,2011.49,1985.11,1996.83,1395545.462
2023-04-13T16:00:00Z,1996.84,2025.00,1991.26,2011.52,849422.680
2023-04-13T20:00:00Z,2011.51,2017.96,2000.37,2011.80,403874.626
2023-04-14T00:00:00Z,2011.80,2137.64,2009.00,2109.31,2258267.051
2023-04-14T04:00:00Z,2109.31,2125.00,2102.85,2106.43,734614.933
2023-04-14T08:00:00Z,2106.43,2120.00,2101.01,2115.71,441891.145
2023-04-14T12:00:00Z,2115.70,2129.00,2051.12,2060.00,1787605.899
2023-04-14T16:00:00Z,2060.00,2093.94,2041.00,2090.92,1089838.453
2023-04-14T20:00:00Z,2090.92,2123.00,2085.43,2099.77,596281.919
2023-04-15T00:00:00Z,2099.77,2106.54,2071.00,2088.71,512976.772
2023-04-15T04:00:00Z,2088.70,2106.42,2081.33,2097.06,271186.415
2023-04-15T08:00:00Z,2097.06,2113.28,2092.18,2100.66,437333.317
2023-04-15T12:00:00Z,2100.66,2108.66,2092.30,2098.40,410123.738
2023-04-15T16:00:00Z,2098.40,2111.89,2082.15,2100.18,543768.055
2023-04-15T20:00:00Z,2100.17,2103.59,2081.50,2091.20,444580.624
2023-04-16T00:00:00Z,2091.20,2095.99,2072.40,2087.12,355467.644
2023-04-16T04:00:00Z,2087.13,2103.80,2086.48,2098.00,249379.713
2023-04-16T08:00:00Z,2097.99,2100.46,2081.46,2086.54,305459.768
2023-04-16T12:00:00Z,2086.54,2099.87,2075.00,2093.68,441319.179
2023-04-16T16:00:00Z,2093.67,2146.10,2088.06,2115.10,904605.207
2023-04-16T20:00:00Z,2115.11,2133.60,2096.36,2118.09,649004.467
2023-04-17T00:00:00Z,2118.09,2120.64,2070.10,2097.09,937641.001
2023-04-17T04:00:00Z,2097.09,2102.88,2088.00,2090.35,311108.745
2023-04-17T08:00:00Z,2090.35,2099.67,2065.32,2076.32,641378.408
2023-04-17T12:00:00Z,2076.32,2083.59,2055.50,2071.49,847269.164
2023-04-17T16:00:00Z,2071.50,2089.53,2070.47,2078.00,412592.897
2023-04-17T20:00:00Z,2078.00,2083.71,2066.40,2074.49,260299.144
2023-04-18T00:00:00Z,2074.49,2084.82,2047.64,2079.37,540477.032
2023-04-18T04:00:00Z,2079.37,2110.96,2077.30,2100.01,574364.062
2023-04-18T08:00:00Z,2100.01,2126.63,2093.91,2117.91,570381.244
2023-04-18T12:00:00Z,2117.91,2120.74,2087.16,2095.50,740837.149
2023-04-18T16:00:00Z,2095.50,2100.82,2068.31,2080.67,725732.018
2023-04-18T20:00:00Z,2080.67,2108.09,2073.33,2103.29,390808.455
2023-04-19T00:00:00Z,2103.29,2104.61,2086.38,2091.13,280284.531
2023-04-19T04:00:00Z,2091.13,2091.94,2063.00,2073.11,586726.885
2023-04-19T08:00:00Z,2073.10,2073.11,1948.48,1980.70,2280961.621
2023-04-19T12:00:00Z,1980.70,2006.00,1970.00,1982.38,901100.682
2023-04-19T16:00:00Z,1982.38,1990.65,1962.24,1979.60,534036.668
2023-04-19T20:00:00Z,1979.60,1987.76,1921.00,1932.83,1128995.978
2023-04-20T00:00:00Z,1932.83,1953.77,1922.58,1948.51,671100.123
2023-04-20T04:00:00Z,1948.52,1963.88,1946.14,1948.00,413043.286
2023-04-20T08:00:00Z,1948.00,1961.43,1936.00,1939.29,482480.055
2023-04-20T12:00:00Z,1939.28,1983.22,1935.17,1944.92,1196869.774
2023-04-20T16:00:00Z,1944.91,1954.41,1905.75,1926.85,1277318.515
2023-04-20T20:00:00Z,1926.85,1954.85,1922.05,1942.11,445290.423
2023-04-21T00:00:00Z,1942.10,1956.82,1933.03,1945.26,396966.703
2023-04-21T04:00:00Z,1945.27,1946.80,1895.00,1927.20,1022140.271
2023-04-21T08:00:00Z,1927.20,1933.40,1900.72,1908.17,659460.805
2023-04-21T12:00:00Z,1908.17,1922.95,1888.81,1903.19,1011414.812
2023-04-21T16:00:00Z,1903.19,1908.46,1828.00,1841.87,1658935.314
2023-04-21T20:00:00Z,1841.86,1854.50,1822.01,1848.00,771911.484
2023-04-22T00:00:00Z,1848.01,1862.00,1845.40,1858.68,309536.079
2023-04-22T04:00:00Z,1858.72,1864.51,1847.02,1849.91,295712.100
2023-04-22T08:00:00Z,1849.91,1853.99,1839.26,1851.12,303345.070
2023-04-22T12:00:00Z,1851.13,1872.00,1845.20,1865.77,491307.377
2023-04-22T16:00:00Z,1865.77,1886.50,1864.92,1871.00,556656.228
2023-04-22T20:00:00Z,1871.01,1878.69,1862.79,1873.39,277344.077
2023-04-23T00:00:00Z,1873.40,1873.40,1845.25,1861.23,463747.023
2023-04-23T04:00:00Z,1861.22,1876.00,1858.41,1873.23,256983.887
2023-04-23T08:00:00Z,1873.22,1876.78,1862.00,1873.79,331738.178
2023-04-23T12:00:00Z,1873.79,1882.11,1851.00,1858.35,532121.629
2023-04-23T16:00:00Z,1858.34,1872.25,1833.30,1845.99,680077.072
2023-04-23T20:00:00Z,1845.99,1868.06,1837.00,1861.30,360191.260
2023-04-24T00:00:00Z,1861.30,1891.30,1849.04,1867.36,720459.199
2023-04-24T04:00:00Z,1867.36,1867.61,1825.55,1844.77,639418.395
2023-04-24T08:00:00Z,1844.76,1854.79,1829.88,1854.48,621667.290
2023-04-24T12:00:00Z,1854.48,1875.61,1830.12,1833.74,1103786.653
2023-04-24T16:00:00Z,1833.73,1847.32,1806.00,1830.64,1237425.783
2023-04-24T20:00:00Z,1830.64,1844.83,1826.59,1841.19,314625.356
2023-04-25T00:00:00Z,1841.19,1850.02,1825.87,1829.51,381894.256
2023-04-25T04:00:00Z,1829.51,1835.97,1811.18,1814.43,519787.433
2023-04-25T08:00:00Z,1814.44,1829.73,1804.44,1825.22,747050.587
2023-04-25T12:00:00Z,1825.23,1833.94,1797.98,1814.13,868075.673
2023-04-25T16:00:00Z,1814.13,1847.00,1811.51,1836.82,802761.466
2023-04-25T20:00:00Z,1836.82,1877.60,1836.08,1865.40,846869.871
2023-04-26T00:00:00Z,1865.40,1883.79,1860.93,1861.95,479060.855
2023-04-26T04:00:00Z,1861.94,1879.70,1857.29,1861.09,344179.434
2023-04-26T08:00:00Z,1861.10,1919.49,1860.82,1913.67,1395545.023
2023-04-26T12:00:00Z,1913.68,1964.70,1913.36,1952.98,1552077.338
2023-04-26T16:00:00Z,1952.98,1957.93,1816.10,1827.39,1794903.206
2023-04-26T20:00:00Z,1827.39,1883.98,1782.03,1865.02,1762323.415
2023-04-27T00:00:00Z,1865.03,1939.40,1860.00,1897.62,1545443.516
2023-04-27T04:00:00Z,1897.63,1918.00,1871.77,1884.00,739785.881
2023-04-27T08:00:00Z,1884.00,1895.00,1873.40,1880.14,545760.193
2023-04-27T12:00:00Z,1880.15,1916.98,1858.55,1899.14,1217992.131
2023-04-27T16:00:00Z,1899.14,1937.70,1889.86,1921.67,907932.364
2023-04-27T20:00:00Z,1921.68,1930.00,1889.95,1907.67,529894.534
2023-04-28T00:00:00Z,1907.68,1914.60,1901.17,1904.79,365202.736
2023-04-28T04:00:00Z,1904.79,1923.63,1903.49,1918.35,428119.764
2023-04-28T08:00:00Z,1918.35,1918.84,1893.26,1901.47,506362.995
2023-04-28T12:00:00Z,1901.48,1914.94,1873.00,1886.03,1075237.170
2023-04-28T16:00:00Z,1886.02,1907.67,1882.26,1891.78,537630.178
2023-04-28T20:00:00Z,1891.78,1900.22,1885.63,1890.13,229663.912
2023-04-29T00:00:00Z,1890.13,1897.52,1885.10,1895.23,192799.544
2023-04-29T04:00:00Z,1895.22,1903.79,1895.22,1901.25,218588.734
2023-04-29T08:00:00Z,1901.24,1903.18,1892.23,1897.30,204795.521
2023-04-29T12:00:00Z,1897.29,1917.27,1895.52,1904.73,435649.948
2023-04-29T16:00:00Z,1904.73,1906.99,1881.10,1902.26,371185.802
2023-04-29T20:00:00Z,1902.26,1908.93,1896.30,1907.01,170862.920
2023-04-30T00:00:00Z,1907.01,1907.29,1891.67,1895.13,203062.226
2023-04-30T04:00:00Z,1895.14,1904.84,1892.05,1901.99,178031.343
2023-04-30T08:00:00Z,1902.00,1913.00,1898.22,1899.80,325669.755
2023-04-30T12:00:00Z,1899.80,1940.00,1896.41,1918.92,865525.251
2023-04-30T16:00:00Z,1918.92,1934.20,1892.26,1903.61,727581.630
2023-04-30T20:00:00Z,1903.61,1903.61,1863.90,1868.41,678109.962
2023-05-01T00:00:00Z,1868.41,1885.56,1821.17,1845.94,990835.828
2023-05-01T04:00:00Z,1845.94,1853.74,1830.66,1848.53,353542.852
2023-05-01T08:00:00Z,1848.52,1852.84,1839.82,1844.51,258547.634
2023-05-01T12:00:00Z,1844.50,1851.73,1825.50,1833.09,784634.527
2023-05-01T16:00:00Z,1833.10,1842.00,1806.74,1812.20,902114.854
2023-05-01T20:00:00Z,1812.19,1833.00,1805.28,1829.97,450703.866
2023-05-02T00:00:00Z,1829.97,1836.54,1821.25,1829.83,301823.309
2023-05-02T04:00:00Z,1829.83,1840.48,1823.24,1834.88,253965.310
2023-05-02T08:00:00Z,1834.88,1838.86,1824.80,1832.95,273442.354
2023-05-02T12:00:00Z,1832.96,1869.27,1823.00,1857.84,1349672.468
2023-05-02T16:00:00Z,1857.84,1882.60,1852.07,1867.68,623915.688
2023-05-02T20:00:00Z,1867.69,1876.42,1866.51,1869.20,262592.989
2023-05-03T00:00:00Z,1869.21,1870.03,1852.81,1861.79,324137.541
2023-05-03T04:00:00Z,1861.79,1869.17,1856.34,1864.55,248774.448
2023-05-03T08:00:00Z,1864.55,1871.75,1857.62,1858.70,281917.788
2023-05-03T12:00:00Z,1858.69,1861.84,1841.71,1852.19,773942.617
2023-05-03T16:00:00Z,1852.20,1898.00,1850.00,1867.18,1594730.031
2023-05-03T20:00:00Z,1867.19,1917.29,1856.33,1904.74,921136.124
2023-05-04T00:00:00Z,1904.74,1907.91,1895.17,1902.94,355352.956
2023-05-04T04:00:00Z,1902.94,1904.74,1895.29,1898.00,248196.341
2023-05-04T08:00:00Z,1898.00,1918.61,1895.64,1903.90,404881.133
2023-05-04T12:00:00Z,1903.89,1907.75,1876.85,1884.59,809887.877
2023-05-04T16:00:00Z,1884.60,1890.99,1865.72,1875.71,573774.182
2023-05-04T20:00:00Z,1875.71,1879.21,1868.68,1876.13,247170.263
2023-05-05T00:00:00Z,1876.14,1908.90,1874.80,1895.76,663393.193
2023-05-05T04:00:00Z,1895.75,1907.31,1891.72,1894.27,358996.568
2023-05-05T08:00:00Z,1894.27,1915.32,1893.36,1910.82,418620.503
2023-05-05T12:00:00Z,1910.83,1956.05,1880.75,1952.83,1964971.020
2023-05-05T16:00:00Z,1952.84,2004.99,1952.83,1990.44,1339355.970
2023-05-05T20:00:00Z,1990.44,1997.08,1983.87,1992.56,308513.246
2023-05-06T00:00:00Z,1992.55,2023.66,1962.04,1969.88,938733.717
2023-05-06T04:00:00Z,1969.88,1971.97,1954.27,1958.13,423839.435
2023-05-06T08:00:00Z,1958.12,1958.13,1920.00,1933.70,856993.735
2023-05-06T12:00:00Z,1933.71,1934.07,1850.00,1876.18,1706921.279
2023-05-06T16:00:00Z,1876.18,1905.40,1875.08,1896.98,625398.464
2023-05-06T20:00:00Z,1896.99,1898.95,1882.46,1895.29,328947.293
2023-05-07T00:00:00Z,1895.30,1917.93,1886.32,1892.32,620320.851
2023-05-07T04:00:00Z,1892.32,1908.13,1889.20,1904.48,274286.847
2023-05-07T08:00:00Z,1904.48,1912.55,1894.92,1901.31,445398.980
2023-05-07T12:00:00Z,1901.31,1933.00,1901.30,1916.17,747859.560
2023-05-07T16:00:00Z,1916.16,1922.82,1902.00,1912.00,455045.223
2023-05-07T20:00:00Z,1912.00,1920.82,1865.32,1869.50,655564.206
2023-05-08T00:00:00Z,1869.51,1883.17,1836.77,1865.00,1176346.937
2023-05-08T04:00:00Z,1864.99,1869.82,1833.00,1850.55,601085.545
2023-05-08T08:00:00Z,1850.55,1865.64,1833.50,1861.83,698253.345
2023-05-08T12:00:00Z,1861.83,1876.62,1846.00,1863.93,855488.886
2023-05-08T16:00:00Z,1863.93,1866.00,1810.00,1828.11,1192328.456
2023-05-08T20:00:00Z,1828.10,1850.00,1825.29,1846.54,381863.484
2023-05-09T00:00:00Z,1846.54,1856.90,1835.85,1842.75,393159.118
2023-05-09T04:00:00Z,1842.76,1849.45,1830.05,1847.58,389697.081
2023-05-09T08:00:00Z,1847.57,1848.72,1833.03,1845.70,326882.227
2023-05-09T12:00:00Z,1845.70,1853.83,1833.50,1838.90,655664.352
2023-05-09T16:00:00Z,1838.90,1857.90,1835.29,1851.79,471279.356
2023-05-09T20:00:00Z,1851.79,1863.00,1840.21,1845.80,273102.473
2023-05-10T00:00:00Z,1845.80,1858.69,1840.54,1842.60,326659.689
2023-05-10T04:00:00Z,1842.61,1848.49,1832.30,1837.67,281284.790
2023-05-10T08:00:00Z,1837.66,1850.67,1833.57,1849.63,313177.144
2023-05-10T12:00:00Z,1849.63,1887.00,1845.78,1871.81,1465350.123
2023-05-10T16:00:00Z,1871.79,1879.35,1785.74,1848.67,1853138.430
2023-05-10T20:00:00Z,1848.68,1862.39,1825.00,1839.86,663493.251
2023-05-11T00:00:00Z,1839.86,1841.24,1818.66,1826.53,430222.819
2023-05-11T04:00:00Z,1826.53,1834.75,1823.46,1828.62,283591.190
2023-05-11T08:00:00Z,1828.62,1828.71,1805.78,1820.18,520053.535
2023-05-11T12:00:00Z,1820.18,1841.54,1780.00,1806.85,1391462.196
2023-05-11T16:00:00Z,1806.85,1810.00,1768.42,1783.80,1023520.224
2023-05-11T20:00:00Z,1783.81,1800.73,1781.36,1793.24,357089.763
2023-05-12T00:00:00Z,1793.25,1800.00,1757.00,1762.82,665226.489
2023-05-12T04:00:00Z,1762.82,1769.37,1735.37,1758.49,912161.973
2023-05-12T08:00:00Z,1758.49,1771.60,1754.26,1763.95,441838.890
2023-05-12T12:00:00Z,1763.95,1782.87,1760.00,1764.76,685422.271
2023-05-12T16:00:00Z,1764.76,1795.00,1741.33,1789.13,859269.888
2023-05-12T20:00:00Z,1789.13,1820.00,1780.01,1806.53,710348.201
2023-05-13T00:00:00Z,1806.53,1816.24,1800.20,1804.69,287868.912
2023-05-13T04:00:00Z,1804.70,1806.05,1796.00,1802.01,262760.415
2023-05-13T08:00:00Z,1802.01,1810.90,1800.25,1802.96,223331.029
2023-05-13T12:00:00Z,1802.97,1809.50,1784.00,1795.00,426541.400
2023-05-13T16:00:00Z,1795.00,1805.89,1784.02,1791.73,378494.070
2023-05-13T20:00:00Z,1791.73,1804.31,1791.35,1794.44,215112.522
2023-05-14T00:00:00Z,1794.44,1804.76,1789.41,1803.18,264616.190
2023-05-14T04:00:00Z,1803.17,1809.10,1800.01,1804.24,242726.569
2023-05-14T08:00:00Z,1804.25,1805.85,1798.00,1801.34,184431.312
2023-05-14T12:00:00Z,1801.39,1825.27,1796.44,1818.15,691986.422
2023-05-14T16:00:00Z,1818.16,1820.91,1791.01,1795.28,447198.591
2023-05-14T20:00:00Z,1795.28,1802.11,1790.54,1798.25,234160.542
2023-05-15T00:00:00Z,1798.26,1837.35,1783.51,1825.19,861691.833
2023-05-15T04:00:00Z,1825.18,1833.82,1816.32,1827.98,486339.926
2023-05-15T08:00:00Z,1827.98,1835.00,1822.58,1823.63,253418.514
2023-05-15T12:00:00Z,1823.62,1835.00,1810.70,1826.90,533289.684
2023-05-15T16:00:00Z,1826.90,1848.00,1822.65,1827.99,684040.319
2023-05-15T20:00:00Z,1827.99,1828.96,1811.37,1815.56,244164.822
2023-05-16T00:00:00Z,1815.56,1822.22,1795.00,1812.92,685393.032
2023-05-16T04:00:00Z,1812.93,1822.79,1805.01,1821.69,294769.402
2023-05-16T08:00:00Z,1821.68,1826.92,1810.67,1815.65,360522.282
2023-05-16T12:00:00Z,1815.65,1822.72,1808.93,1819.37,500450.961
2023-05-16T16:00:00Z,1819.38,1832.93,1813.13,1815.74,498709.027
2023-05-16T20:00:00Z,1815.74,1828.77,1813.89,1823.53,220096.960
2023-05-17T00:00:00Z,1823.52,1837.85,1816.88,1822.80,361253.820
2023-05-17T04:00:00Z,1822.80,1825.48,1801.13,1806.76,381906.463
2023-05-17T08:00:00Z,1806.76,1808.00,1787.00,1789.41,599500.853
2023-05-17T12:00:00Z,1789.41,1799.66,1781.00,1796.38,626004.537
2023-05-17T16:00:00Z,1796.37,1833.88,1793.65,1827.30,836779.199
2023-05-17T20:00:00Z,1827.29,1834.79,1818.56,1821.65,352782.335
2023-05-18T00:00:00Z,1821.65,1827.72,1817.01,1825.86,237848.454
2023-05-18T04:00:00Z,1825.86,1831.46,1813.52,1826.25,351046.494
2023-05-18T08:00:00Z,1826.26,1829.01,1822.40,1824.90,247836.845
2023-05-18T12:00:00Z,1824.91,1826.29,1803.16,1807.26,734910.324
2023-05-18T16:00:00Z,1807.25,1812.23,1770.00,1794.37,1016032.998
2023-05-18T20:00:00Z,1794.36,1821.51,1792.45,1799.69,458784.188
2023-05-19T00:00:00Z,1799.69,1806.65,1795.72,1800.75,264605.401
2023-05-19T04:00:00Z,1800.76,1809.87,1798.03,1804.53,231656.161
2023-05-19T08:00:00Z,1804.54,1811.55,1804.10,1806.73,229473.997
2023-05-19T12:00:00Z,1806.73,1830.00,1798.63,1814.64,978304.229
2023-05-19T16:00:00Z,1814.64,1822.42,1806.00,1810.91,323338.106
2023-05-19T20:00:00Z,1810.91,1815.46,1808.32,1811.38,115517.106
2023-05-20T00:00:00Z,1811.38,1812.99,1805.96,1812.51,143419.136
2023-05-20T04:00:00Z,1812.51,1813.36,1807.30,1810.24,105179.479
2023-05-20T08:00:00Z,1810.24,1815.28,1810.23,1812.48,114140.733
2023-05-20T12:00:00Z,1812.48,1820.19,1811.62,1816.63,183136.131
2023-05-20T16:00:00Z,1816.63,1828.88,1812.55,1820.75,349656.160
2023-05-20T20:00:00Z,1820.76,1822.13,1810.84,1818.59,135765.337
2023-05-21T00:00:00Z,1818.59,1828.91,1815.32,1817.06,227340.127
2023-05-21T04:00:00Z,1817.06,1817.06,1812.23,1816.19,135181.529
2023-05-21T08:00:00Z,1816.19,1816.69,1805.04,1808.43,289357.070
2023-05-21T12:00:00Z,1808.42,1817.40,1801.24,1806.41,290230.828
2023-05-21T16:00:00Z,1806.41,1809.80,1801.22,1809.38,197112.518
2023-05-21T20:00:00Z,1809.38,1810.90,1794.45,1803.89,258407.080
2023-05-22T00:00:00Z,1803.90,1806.24,1790.76,1800.20,420066.648
2023-05-22T04:00:00Z,1800.20,1814.81,1799.80,1810.16,279978.609
2023-05-22T08:00:00Z,1810.17,1819.75,1809.60,1813.89,343250.757
2023-05-22T12:00:00Z,1813.89,1827.99,1806.71,1815.83,777866.395
2023-05-22T16:00:00Z,1815.82,1822.99,1812.41,1815.77,277548.491
2023-05-22T20:00:00Z,1815.78,1825.50,1812.22,1816.67,171942.643
2023-05-23T00:00:00Z,1816.68,1874.23,1814.25,1864.95,1092159.894
2023-05-23T04:00:00Z,1864.96,1868.37,1845.00,1853.89,516741.712
2023-05-23T08:00:00Z,1853.89,1857.43,1848.85,1854.32,231753.620
2023-05-23T12:00:00Z,1854.32,1860.00,1840.54,1856.30,550329.202
2023-05-23T16:00:00Z,1856.30,1856.92,1841.24,1850.82,355449.366
2023-05-23T20:00:00Z,1850.82,1856.75,1845.06,1853.36,188766.887
2023-05-24T00:00:00Z,1853.37,1853.50,1810.00,1820.85,835578.448
2023-05-24T04:00:00Z,1820.84,1827.54,1812.22,1813.35,480700.320
2023-05-24T08:00:00Z,1813.34,1820.74,1808.34,1815.37,353776.827
2023-05-24T12:00:00Z,1815.36,1817.79,1775.00,1792.51,1140484.617
2023-05-24T16:00:00Z,1792.50,1797.93,1783.33,1791.91,406135.670
2023-05-24T20:00:00Z,1791.91,1808.98,1790.34,1798.84,391077.915
2023-05-25T00:00:00Z,1798.84,1807.20,1758.00,1780.19,700492.463
2023-05-25T04:00:00Z,1780.18,1786.93,1772.30,1777.90,334178.879
2023-05-25T08:00:00Z,1777.89,1792.51,1777.81,1788.63,278970.613
2023-05-25T12:00:00Z,1788.64,1819.93,1785.70,1790.63,812317.856
2023-05-25T16:00:00Z,1790.63,1818.71,1790.31,1808.05,556567.829
2023-05-25T20:00:00Z,1808.04,1813.30,1804.65,1804.65,210512.030
2023-05-26T00:00:00Z,1804.65,1808.60,1795.99,1806.43,271262.211
2023-05-26T04:00:00Z,1806.44,1816.52,1800.77,1815.66,249304.424
2023-05-26T08:00:00Z,1815.66,1818.00,1810.12,1811.46,232503.196
2023-05-26T12:00:00Z,1811.45,1837.93,1807.81,1829.85,894610.266
2023-05-26T16:00:00Z,1829.84,1836.51,1821.29,1834.93,362523.901
2023-05-26T20:00:00Z,1834.93,1837.54,1825.00,1826.81,165153.923
2023-05-27T00:00:00Z,1826.81,1835.70,1823.91,1833.33,185159.845
2023-05-27T04:00:00Z,1833.33,1834.81,1827.33,1829.26,148432.747
2023-05-27T08:00:00Z,1829.25,1829.48,1821.42,1825.82,203923.690
2023-05-27T12:00:00Z,1825.81,1831.58,1810.63,1822.97,312108.246
2023-05-27T16:00:00Z,1822.96,1828.38,1815.84,1825.48,208050.667
2023-05-27T20:00:00Z,1825.47,1831.56,1823.25,1828.85,137262.309
2023-05-28T00:00:00Z,1828.85,1860.00,1822.31,1850.01,692785.744
2023-05-28T04:00:00Z,1850.00,1858.55,1844.06,1846.70,263553.174
2023-05-28T08:00:00Z,1846.71,1850.97,1842.08,1842.61,211306.635
2023-05-28T12:00:00Z,1842.60,1844.50,1835.66,1843.19,251742.279
2023-05-28T16:00:00Z,1843.18,1859.00,1838.30,1847.74,480896.052
2023-05-28T20:00:00Z,1847.74,1930.00,1847.53,1908.36,1005488.804
2023-05-29T00:00:00Z,1908.36,1928.20,1900.42,1903.22,577757.183
2023-05-29T04:00:00Z,1903.21,1906.00,1893.23,1899.58,365981.353
2023-05-29T08:00:00Z,1899.58,1905.00,1892.11,1902.87,262168.955
2023-05-29T12:00:00Z,1902.86,1905.00,1880.95,1889.14,497165.667
2023-05-29T16:00:00Z,1889.14,1895.76,1872.00,1890.56,521287.612
2023-05-29T20:00:00Z,1890.57,1903.76,1884.73,1891.50,253556.409
2023-05-30T00:00:00Z,1891.51,1912.92,1880.02,1899.78,361481.345
2023-05-30T04:00:00Z,1899.78,1904.59,1891.87,1897.67,245417.086
2023-05-30T08:00:00Z,1897.67,1917.00,1897.66,1914.49,378254.500
2023-05-30T12:00:00Z,1914.48,1915.00,1893.00,1899.78,605756.337
2023-05-30T16:00:00Z,1899.78,1912.50,1890.28,1906.25,370547.869
2023-05-30T20:00:00Z,1906.25,1914.80,1896.29,1899.81,245732.623
2023-05-31T00:00:00Z,1899.81,1906.57,1882.39,1896.82,337193.377
2023-05-31T04:00:00Z,1896.82,1897.43,1856.00,1868.67,869743.266
2023-05-31T08:00:00Z,1868.66,1873.00,1861.10,1864.57,292081.440
2023-05-31T12:00:00Z,1864.56,1874.78,1845.00,1857.32,616459.459
2023-05-31T16:00:00Z,1857.31,1869.22,1853.50,1862.91,310604.951
2023-05-31T20:00:00Z,1862.92,1881.63,1860.17,1872.84,230888.278
2023-06-01T00:00:00Z,1872.85,1889.61,1837.94,1854.81,869120.584
2023-06-01T04:00:00Z,1854.81,1859.59,1850.02,1853.60,258068.536
2023-06-01T08:00:00Z,1853.60,1865.38,1851.21,1860.80,224687.165
2023-06-01T12:00:00Z,1860.81,1866.01,1854.77,1862.79,339593.651
2023-06-01T16:00:00Z,1862.80,1883.07,1855.48,1868.62,627525.831
2023-06-01T20:00:00Z,1868.61,1872.72,1851.48,1860.59,286801.392
2023-06-02T00:00:00Z,1860.59,1881.00,1846.00,1878.01,525656.820
2023-06-02T04:00:00Z,1878.01,1897.12,1874.59,1884.99,482159.697
2023-06-02T08:00:00Z,1884.99,1901.81,1884.88,1894.13,259602.195
2023-06-02T12:00:00Z,1894.13,1898.60,1874.50,1890.88,746656.497
2023-06-02T16:00:00Z,1890.89,1911.00,1886.01,1907.31,446237.034
2023-06-02T20:00:00Z,1907.31,1909.99,1901.61,1905.58,185954.147
2023-06-03T00:00:00Z,1905.59,1907.09,1895.67,1898.92,200223.626
2023-06-03T04:00:00Z,1898.93,1905.53,1896.35,1901.64,132960.723
2023-06-03T08:00:00Z,1901.63,1905.93,1897.44,1902.99,147182.083
2023-06-03T12:00:00Z,1902.99,1905.99,1888.00,1902.50,249814.442
2023-06-03T16:00:00Z,1902.51,1903.18,1878.50,1884.90,382566.993
2023-06-03T20:00:00Z,1884.90,1891.92,1880.64,1890.91,167602.884
2023-06-04T00:00:00Z,1890.90,1894.14,1883.19,1893.04,165486.798
2023-06-04T04:00:00Z,1893.04,1901.43,1890.00,1898.95,158122.830
2023-06-04T08:00:00Z,1898.96,1908.20,1897.50,1902.25,222158.238
2023-06-04T12:00:00Z,1902.24,1914.53,1897.98,1900.96,349135.937
2023-06-04T16:00:00Z,1900.96,1904.87,1895.00,1903.67,180450.902
2023-06-04T20:00:00Z,1903.68,1912.57,1883.62,1888.54,472328.118
2023-06-05T00:00:00Z,1888.54,1890.01,1865.11,1869.05,687192.074
2023-06-05T04:00:00Z,1869.04,1872.91,1860.14,1872.39,366264.011
2023-06-05T08:00:00Z,1872.38,1872.99,1862.02,1868.64,259532.278
2023-06-05T12:00:00Z,1868.65,1870.63,1818.88,1818.95,1196633.215
2023-06-05T16:00:00Z,1819.00,1823.53,1775.00,1805.48,1422846.971
2023-06-05T20:00:00Z,1805.48,1815.41,1791.05,1810.03,324823.482
2023-06-06T00:00:00Z,1810.03,1813.19,1801.76,1810.80,254404.608
2023-06-06T04:00:00Z,1810.81,1818.20,1810.00,1812.26,242535.836
2023-06-06T08:00:00Z,1812.26,1822.45,1807.32,1812.75,295872.539
2023-06-06T12:00:00Z,1812.75,1846.66,1796.00,1841.38,1570077.342
2023-06-06T16:00:00Z,1841.38,1898.00,1841.38,1891.13,1450819.956
2023-06-06T20:00:00Z,1891.13,1894.80,1873.02,1883.26,519445.987
2023-06-07T00:00:00Z,1883.26,1897.20,1871.00,1876.77,484511.522
2023-06-07T04:00:00Z,1876.77,1883.73,1874.00,1874.39,266513.234
2023-06-07T08:00:00Z,1874.40,1878.88,1841.29,1869.64,888747.959
2023-06-07T12:00:00Z,1869.64,1870.20,1833.09,1838.29,1072276.404
2023-06-07T16:00:00Z,1838.28,1851.70,1831.17,1849.64,492056.072
2023-06-07T20:00:00Z,1849.65,1850.37,1820.00,1831.31,499838.430
2023-06-08T00:00:00Z,1831.32,1840.93,1827.42,1834.35,284034.858
2023-06-08T04:00:00Z,1834.35,1845.99,1831.39,1841.12,261731.191
2023-06-08T08:00:00Z,1841.12,1848.22,1837.04,1842.75,189047.773
2023-06-08T12:00:00Z,1842.76,1861.41,1836.68,1854.77,629536.579
2023-06-08T16:00:00Z,1854.76,1855.47,1840.15,1846.98,285037.708
2023-06-08T20:00:00Z,1846.99,1853.70,1843.96,1844.94,184015.930
2023-06-09T00:00:00Z,1844.93,1848.66,1825.00,1837.16,420790.402
2023-06-09T04:00:00Z,1837.15,1841.06,1830.00,1835.23,222581.020
2023-06-09T08:00:00Z,1835.23,1847.14,1833.41,1843.11,261320.595
2023-06-09T12:00:00Z,1843.11,1854.77,1838.07,1840.60,552737.113
2023-06-09T16:00:00Z,1840.59,1842.98,1828.74,1830.16,298831.739
2023-06-09T20:00:00Z,1830.16,1840.60,1827.00,1839.61,174274.882
2023-06-10T00:00:00Z,1839.61,1844.80,1821.17,1826.50,448170.051
2023-06-10T04:00:00Z,1826.51,1829.24,1723.00,1731.41,2454556.865
2023-06-10T08:00:00Z,1731.40,1749.01,1712.08,1746.87,726815.239
2023-06-10T12:00:00Z,1746.87,1746.97,1732.00,1736.69,365669.479
2023-06-10T16:00:00Z,1736.70,1772.54,1715.29,1743.32,1275297.829
2023-06-10T20:00:00Z,1743.32,1756.99,1737.41,1750.64,280661.869
2023-06-11T00:00:00Z,1750.65,1751.87,1742.61,1751.02,234071.985
2023-06-11T04:00:00Z,1751.02,1759.00,1743.00,1752.22,240265.814
2023-06-11T08:00:00Z,1752.22,1754.93,1744.00,1751.49,204388.589
2023-06-11T12:00:00Z,1751.48,1751.77,1737.29,1740.14,305691.923
2023-06-11T16:00:00Z,1740.13,1767.96,1738.70,1761.49,538195.015
2023-06-11T20:00:00Z,1761.50,1778.36,1740.18,1751.80,508200.256
2023-06-12T00:00:00Z,1751.80,1754.97,1717.50,1735.15,656432.520
2023-06-12T04:00:00Z,1735.15,1747.63,1731.70,1735.99,285221.722
2023-06-12T08:00:00Z,1735.99,1759.32,1733.58,1744.76,489963.419
2023-06-12T12:00:00Z,1744.77,1746.27,1727.01,1730.80,433347.974
2023-06-12T16:00:00Z,1730.81,1746.89,1719.29,1732.18,552850.783
2023-06-12T20:00:00Z,1732.17,1745.84,1729.51,1741.61,197607.373
2023-06-13T00:00:00Z,1741.60,1755.99,1727.40,1746.55,544025.831
2023-06-13T04:00:00Z,1746.55,1752.58,1740.00,1747.26,219624.615
2023-06-13T08:00:00Z,1747.27,1758.80,1745.22,1753.06,397821.341
2023-06-13T12:00:00Z,1753.06,1766.53,1722.53,1729.58,1234015.400
2023-06-13T16:00:00Z,1729.58,1750.47,1728.56,1739.72,388402.569
2023-06-13T20:00:00Z,1739.73,1743.88,1732.38,1739.24,195027.111
2023-06-14T00:00:00Z,1739.24,1748.00,1737.63,1745.55,214971.001
2023-06-14T04:00:00Z,1745.55,1746.54,1735.80,1740.40,199843.824
2023-06-14T08:00:00Z,1740.40,1749.65,1739.96,1745.48,213046.833
2023-06-14T12:00:00Z,1745.48,1748.80,1736.00,1739.96,323469.352
2023-06-14T16:00:00Z,1739.96,1747.00,1718.00,1727.58,1043335.046
2023-06-14T20:00:00Z,1727.57,1728.20,1625.50,1650.18,1968179.706
2023-06-15T00:00:00Z,1650.19,1654.97,1642.29,1651.01,299069.221
2023-06-15T04:00:00Z,1651.01,1652.46,1630.40,1639.31,523507.954
2023-06-15T08:00:00Z,1639.31,1644.72,1625.56,1642.44,601337.336
2023-06-15T12:00:00Z,1642.46,1651.98,1635.00,1641.64,559254.167
2023-06-15T16:00:00Z,1641.65,1671.61,1632.32,1668.16,745432.156
2023-06-15T20:00:00Z,1668.17,1680.00,1653.42,1665.64,556378.550
2023-06-16T00:00:00Z,1665.64,1668.80,1658.54,1665.85,203861.674
2023-06-16T04:00:00Z,1665.85,1674.30,1665.46,1670.31,245483.797
2023-06-16T08:00:00Z,1670.32,1676.69,1662.25,1663.77,300475.340
2023-06-16T12:00:00Z,1663.77,1687.00,1644.65,1681.64,840478.173
2023-06-16T16:00:00Z,1681.64,1730.00,1676.49,1721.51,1218258.133
2023-06-16T20:00:00Z,1721.51,1728.94,1714.78,1717.31,290917.988
2023-06-17T00:00:00Z,1717.31,1721.37,1713.38,1717.99,203050.280
2023-06-17T04:00:00Z,1717.99,1775.00,1716.68,1743.94,853960.709
2023-06-17T08:00:00Z,1743.95,1746.77,1732.63,1737.69,264124.562
2023-06-17T12:00:00Z,1737.68,1741.59,1715.20,1726.99,468424.566
2023-06-17T16:00:00Z,1726.99,1731.86,1720.77,1727.51,230902.261
2023-06-17T20:00:00Z,1727.51,1731.99,1722.00,1727.20,141268.480
2023-06-18T00:00:00Z,1727.19,1729.56,1719.21,1728.03,186097.293
2023-06-18T04:00:00Z,1728.02,1738.44,1721.10,1729.50,251461.832
2023-06-18T08:00:00Z,1729.50,1734.86,1725.40,1733.77,169990.209
2023-06-18T12:00:00Z,1733.77,1741.72,1729.24,1737.17,261651.431
2023-06-18T16:00:00Z,1737.17,1747.50,1735.22,1740.60,247215.628
2023-06-18T20:00:00Z,1740.60,1742.49,1710.77,1719.99,522180.965
2023-06-19T00:00:00Z,1719.99,1727.57,1713.25,1722.85,233224.996
2023-06-19T04:00:00Z,1722.85,1727.00,1719.23,1723.71,135945.961
2023-06-19T08:00:00Z,1723.71,1726.60,1718.99,1725.01,171126.851
2023-06-19T12:00:00Z,1725.01,1733.62,1715.00,1720.81,444164.279
2023-06-19T16:00:00Z,1720.80,1753.00,1689.29,1723.48,1291749.947
2023-06-19T20:00:00Z,1723.48,1737.47,1721.61,1736.21,315390.373
2023-06-20T00:00:00Z,1736.20,1749.00,1729.30,1729.92,338320.514
2023-06-20T04:00:00Z,1729.92,1733.96,1722.69,1729.11,225226.282
2023-06-20T08:00:00Z,1729.11,1734.56,1722.77,1733.73,217575.588
2023-06-20T12:00:00Z,1733.74,1738.20,1713.57,1731.66,533618.116
2023-06-20T16:00:00Z,1731.65,1792.00,1727.34,1781.82,1586306.555
2023-06-20T20:00:00Z,1781.82,1796.84,1773.25,1791.37,565375.918
2023-06-21T00:00:00Z,1791.37,1828.00,1786.56,1810.86,830853.513
2023-06-21T04:00:00Z,1810.87,1822.88,1807.31,1812.05,425312.634
2023-06-21T08:00:00Z,1812.05,1834.45,1806.58,1829.01,535312.760
2023-06-21T12:00:00Z,1829.01,1858.58,1813.90,1848.79,1442093.096
2023-06-21T16:00:00Z,1848.79,1901.60,1845.71,1881.92,1558284.401
2023-06-21T20:00:00Z,1881.91,1901.58,1871.21,1888.31,538942.427
2023-06-22T00:00:00Z,1888.30,1933.70,1883.03,1917.68,790491.455
2023-06-22T04:00:00Z,1917.69,1918.80,1902.00,1910.20,338514.229
2023-06-22T08:00:00Z,1910.19,1911.97,1880.08,1886.20,534816.428
2023-06-22T12:00:00Z,1886.20,1909.00,1862.00,1876.60,835533.299
2023-06-22T16:00:00Z,1876.60,1892.25,1874.59,1889.05,396065.976
2023-06-22T20:00:00Z,1889.06,1891.00,1865.00,1871.36,242439.031
2023-06-23T00:00:00Z,1871.37,1883.38,1861.77,1881.30,289400.713
2023-06-23T04:00:00Z,1881.31,1886.24,1873.86,1879.80,199632.354
2023-06-23T08:00:00Z,1879.81,1888.28,1873.56,1878.84,272508.992
2023-06-23T12:00:00Z,1878.84,1923.14,1859.96,1916.53,1143932.320
2023-06-23T16:00:00Z,1916.53,1938.48,1885.00,1900.13,1141683.524
2023-06-23T20:00:00Z,1900.13,1908.17,1875.00,1892.20,358804.530
2023-06-24T00:00:00Z,1892.20,1896.28,1877.00,1893.36,299337.440
2023-06-24T04:00:00Z,1893.36,1897.52,1881.03,1882.04,175096.634
2023-06-24T08:00:00Z,1882.05,1892.48,1881.30,1889.50,168942.527
2023-06-24T12:00:00Z,1889.50,1905.60,1867.00,1873.25,544384.154
2023-06-24T16:00:00Z,1873.25,1888.92,1865.55,1887.41,323386.686
2023-06-24T20:00:00Z,1887.42,1887.42,1863.00,1874.48,252077.453
2023-06-25T00:00:00Z,1874.47,1896.50,1867.84,1894.47,328908.827
2023-06-25T04:00:00Z,1894.47,1929.96,1894.46,1910.84,753218.354
2023-06-25T08:00:00Z,1910.85,1924.66,1906.24,1917.77,451563.529
2023-06-25T12:00:00Z,1917.78,1919.50,1879.02,1885.48,659514.414
2023-06-25T16:00:00Z,1885.48,1895.32,1880.31,1894.27,320806.550
2023-06-25T20:00:00Z,1894.26,1907.02,1887.36,1898.27,267146.462
2023-06-26T00:00:00Z,1898.26,1904.00,1864.00,1879.50,586552.677
2023-06-26T04:00:00Z,1879.50,1905.00,1869.69,1891.50,439756.725
2023-06-26T08:00:00Z,1891.50,1893.65,1871.27,1880.01,364894.377
2023-06-26T12:00:00Z,1880.00,1909.32,1869.39,1888.45,741026.455
2023-06-26T16:00:00Z,1888.45,1890.23,1836.00,1853.43,1025238.280
2023-06-26T20:00:00Z,1853.43,1860.00,1846.13,1858.14,243040.621
2023-06-27T00:00:00Z,1858.14,1878.95,1854.14,1871.25,363620.219
2023-06-27T04:00:00Z,1871.25,1878.88,1860.95,1875.00,300311.077
2023-06-27T08:00:00Z,1875.01,1890.00,1870.35,1880.41,493766.899
2023-06-27T12:00:00Z,1880.41,1896.00,1859.03,1870.41,679670.760
2023-06-27T16:00:00Z,1870.40,1912.65,1868.62,1893.75,749266.951
2023-06-27T20:00:00Z,1893.76,1897.41,1883.92,1889.05,242644.218
2023-06-28T00:00:00Z,1889.05,1889.65,1850.67,1865.91,655353.783
2023-06-28T04:00:00Z,1865.91,1869.32,1847.01,1849.86,481483.065
2023-06-28T08:00:00Z,1849.86,1864.77,1849.03,1859.93,238858.105
2023-06-28T12:00:00Z,1859.93,1868.68,1843.88,1858.80,647099.786
2023-06-28T16:00:00Z,1858.79,1864.42,1811.89,1831.43,771681.291
2023-06-28T20:00:00Z,1831.43,1836.53,1823.96,1827.26,293682.040
2023-06-29T00:00:00Z,1827.26,1842.44,1827.02,1837.10,228814.221
2023-06-29T04:00:00Z,1837.09,1849.80,1835.54,1846.43,226928.308
2023-06-29T08:00:00Z,1846.43,1872.59,1845.82,1869.15,574046.747
2023-06-29T12:00:00Z,1869.15,1879.98,1845.80,1851.28,637428.603
2023-06-29T16:00:00Z,1851.28,1859.79,1840.05,1856.42,361799.214
2023-06-29T20:00:00Z,1856.42,1858.80,1841.70,1851.19,215609.398
2023-06-30T00:00:00Z,1851.18,1878.69,1840.14,1872.73,531992.187
2023-06-30T04:00:00Z,1872.74,1908.53,1868.46,1886.85,906749.871
2023-06-30T08:00:00Z,1886.85,1894.00,1882.52,1890.52,328974.622
2023-06-30T12:00:00Z,1890.52,1913.92,1820.00,1851.15,1899830.047
2023-06-30T16:00:00Z,1851.15,1947.31,1847.89,1925.97,1913091.192
2023-06-30T20:00:00Z,1925.96,1943.99,1916.90,1933.41,380868.359
2023-07-01T00:00:00Z,1933.42,1944.69,1917.01,1919.72,382232.113
2023-07-01T04:00:00Z,1919.72,1921.97,1908.55,1919.80,333509.155
2023-07-01T08:00:00Z,1919.80,1926.49,1910.33,1921.98,315631.259
2023-07-01T12:00:00Z,1921.99,1929.67,1916.72,1922.15,277933.783
2023-07-01T16:00:00Z,1922.15,1923.99,1916.00,1922.24,166413.399
2023-07-01T20:00:00Z,1922.24,1927.18,1920.00,1924.08,108287.000
2023-07-02T00:00:00Z,1924.08,1926.73,1910.49,1913.67,299631.959
2023-07-02T04:00:00Z,1913.66,1916.23,1909.44,1914.15,220346.605
2023-07-02T08:00:00Z,1914.15,1922.64,1910.74,1919.99,229453.319
2023-07-02T12:00:00Z,1920.00,1927.95,1883.55,1917.87,626263.459
2023-07-02T16:00:00Z,1917.87,1924.03,1900.88,1913.50,354523.211
2023-07-02T20:00:00Z,1913.49,1964.00,1905.00,1937.69,872069.212
2023-07-03T00:00:00Z,1937.69,1953.92,1933.04,1948.40,315230.801
2023-07-03T04:00:00Z,1948.40,1975.54,1939.15,1968.01,549969.335
2023-07-03T08:00:00Z,1968.00,1978.00,1954.11,1961.38,443443.773
2023-07-03T12:00:00Z,1961.38,1977.52,1954.06,1968.16,660362.258
2023-07-03T16:00:00Z,1968.17,1974.75,1952.65,1966.91,524105.918
2023-07-03T20:00:00Z,1966.91,1967.74,1946.01,1955.00,290750.061
2023-07-04T00:00:00Z,1955.00,1967.91,1950.00,1962.64,303069.304
2023-07-04T04:00:00Z,1962.65,1963.01,1945.37,1948.26,278271.811
2023-07-04T08:00:00Z,1948.25,1961.80,1945.98,1960.13,247683.357
2023-07-04T12:00:00Z,1960.13,1961.16,1949.43,1953.89,261770.853
2023-07-04T16:00:00Z,1953.89,1965.99,1930.37,1933.67,636967.902
2023-07-04T20:00:00Z,1933.67,1942.00,1931.33,1935.72,185788.195
2023-07-05T00:00:00Z,1935.72,1942.22,1933.07,1940.92,160396.486
2023-07-05T04:00:00Z,1940.91,1941.42,1931.55,1936.13,176035.817
2023-07-05T08:00:00Z,1936.14,1936.91,1902.00,1909.95,811479.654
2023-07-05T12:00:00Z,1909.89,1913.54,1892.90,1902.02,686446.686
2023-07-05T16:00:00Z,1902.01,1917.71,1900.45,1906.98,277457.636
2023-07-05T20:00:00Z,1906.98,1915.88,1903.02,1909.88,178777.040
2023-07-06T00:00:00Z,1909.88,1915.50,1897.44,1912.56,246561.448
2023-07-06T04:00:00Z,1912.56,1929.46,1908.87,1924.23,361016.588
2023-07-06T08:00:00Z,1924.24,1957.94,1910.00,1916.70,1087884.000
2023-07-06T12:00:00Z,1916.69,1918.00,1864.00,1887.60,1568818.760
2023-07-06T16:00:00Z,1887.60,1893.89,1878.00,1884.52,390217.543
2023-07-06T20:00:00Z,1884.52,1887.12,1844.47,1844.82,565119.027
2023-07-07T00:00:00Z,1844.81,1859.14,1823.74,1857.00,581005.690
2023-07-07T04:00:00Z,1857.00,1862.93,1850.58,1855.36,281027.789
2023-07-07T08:00:00Z,1855.35,1864.88,1852.78,1859.41,220335.770
2023-07-07T12:00:00Z,1859.40,1877.51,1850.00,1871.27,656564.842
2023-07-07T16:00:00Z,1871.27,1874.52,1855.00,1863.37,273508.721
2023-07-07T20:00:00Z,1863.36,1871.10,1862.02,1870.00,137933.069
2023-07-08T00:00:00Z,1870.00,1873.10,1861.80,1863.37,171901.310
2023-07-08T04:00:00Z,1863.36,1863.37,1853.28,1860.66,226714.644
2023-07-08T08:00:00Z,1860.66,1866.87,1856.29,1858.34,171395.803
2023-07-08T12:00:00Z,1858.33,1861.35,1854.93,1858.35,130202.204
2023-07-08T16:00:00Z,1858.35,1865.43,1842.00,1845.91,247728.884
2023-07-08T20:00:00Z,1845.91,1865.75,1841.28,1864.45,196710.903
2023-07-09T00:00:00Z,1864.45,1873.99,1861.93,1867.00,238122.120
2023-07-09T04:00:00Z,1867.00,1870.08,1863.06,1866.48,139007.494
2023-07-09T08:00:00Z,1866.47,1868.94,1862.93,1868.08,105879.284
2023-07-09T12:00:00Z,1868.08,1878.98,1855.46,1865.52,472822.335
2023-07-09T16:00:00Z,1865.52,1868.00,1861.03,1867.80,117911.424
2023-07-09T20:00:00Z,1867.80,1870.93,1855.20,1861.81,242070.872
2023-07-10T00:00:00Z,1861.81,1867.33,1845.09,1860.99,390385.828
2023-07-10T04:00:00Z,1860.99,1862.42,1851.44,1855.42,210465.063
2023-07-10T08:00:00Z,1855.43,1864.75,1848.00,1863.29,243683.667
2023-07-10T12:00:00Z,1863.29,1873.00,1858.92,1870.00,381184.525
2023-07-10T16:00:00Z,1870.01,1900.40,1864.46,1899.45,593546.188
2023-07-10T20:00:00Z,1899.45,1904.96,1865.97,1879.34,638221.490
2023-07-11T00:00:00Z,1879.35,1884.07,1874.27,1878.83,222017.586
2023-07-11T04:00:00Z,1878.83,1892.32,1876.12,1882.39,238186.781
2023-07-11T08:00:00Z,1882.39,1883.19,1862.43,1866.42,374185.808
2023-07-11T12:00:00Z,1866.41,1881.86,1861.10,1871.16,474901.178
2023-07-11T16:00:00Z,1871.16,1875.76,1865.00,1873.99,244670.807
2023-07-11T20:00:00Z,1874.00,1879.50,1870.65,1877.66,136905.749
2023-07-12T00:00:00Z,1877.66,1889.17,1875.73,1879.56,274330.086
2023-07-12T04:00:00Z,1879.56,1896.43,1877.59,1889.99,328687.893
2023-07-12T08:00:00Z,1890.00,1891.37,1885.50,1889.99,158968.821
2023-07-12T12:00:00Z,1889.99,1901.86,1876.45,1882.53,981526.991
2023-07-12T16:00:00Z,1882.53,1890.86,1865.10,1869.31,538075.969
2023-07-12T20:00:00Z,1869.31,1873.26,1863.15,1870.81,233269.514
2023-07-13T00:00:00Z,1870.82,1875.85,1864.78,1866.79,190491.869
2023-07-13T04:00:00Z,1866.79,1874.08,1861.59,1869.71,239703.161
2023-07-13T08:00:00Z,1869.71,1884.77,1869.00,1882.96,313361.901
2023-07-13T12:00:00Z,1882.97,1944.74,1875.03,1932.36,1223775.933
2023-07-13T16:00:00Z,1932.58,2014.80,1930.28,1995.46,2544324.875
2023-07-13T20:00:00Z,1995.46,2010.54,1971.00,2004.78,561295.044
2023-07-14T00:00:00Z,2004.77,2031.28,2002.13,2009.21,703576.686
2023-07-14T04:00:00Z,2009.21,2012.34,1987.03,1991.49,356226.168
2023-07-14T08:00:00Z,1991.50,2004.00,1984.48,1992.51,361331.297
2023-07-14T12:00:00Z,1992.51,2007.69,1984.07,1998.04,496623.272
2023-07-14T16:00:00Z,1998.05,2000.80,1896.80,1911.78,1817336.470
2023-07-14T20:00:00Z,1911.77,1937.20,1899.11,1936.74,467660.687
2023-07-15T00:00:00Z,1936.74,1936.74,1925.57,1929.55,208328.822
2023-07-15T04:00:00Z,1929.56,1942.40,1926.13,1940.77,207761.433
2023-07-15T08:00:00Z,1940.77,1945.89,1935.66,1938.80,204056.702
2023-07-15T12:00:00Z,1938.80,1940.50,1927.31,1933.75,204519.645
2023-07-15T16:00:00Z,1933.76,1938.77,1928.45,1932.80,170335.481
2023-07-15T20:00:00Z,1932.80,1933.00,1925.54,1930.40,116946.910
2023-07-16T00:00:00Z,1930.40,1937.35,1912.09,1922.33,305614.138
2023-07-16T04:00:00Z,1922.33,1931.00,1919.34,1924.51,152237.750
2023-07-16T08:00:00Z,1924.50,1935.98,1924.50,1932.04,152751.531
2023-07-16T12:00:00Z,1932.04,1942.78,1927.57,1936.00,246648.648
2023-07-16T16:00:00Z,1936.00,1938.62,1924.84,1927.07,177392.903
2023-07-16T20:00:00Z,1927.08,1936.36,1915.17,1920.97,235571.269
2023-07-17T00:00:00Z,1920.97,1931.60,1916.18,1930.30,246699.946
2023-07-17T04:00:00Z,1930.31,1935.45,1925.37,1927.99,139958.318
2023-07-17T08:00:00Z,1927.99,1930.62,1888.20,1909.01,631814.330
2023-07-17T12:00:00Z,1909.01,1916.81,1899.14,1907.63,411369.343
2023-07-17T16:00:00Z,1907.64,1912.55,1872.00,1885.41,764905.430
2023-07-17T20:00:00Z,1885.41,1919.85,1884.82,1910.37,356496.170
2023-07-18T00:00:00Z,1910.37,1916.62,1905.00,1908.14,189272.779
2023-07-18T04:00:00Z,1908.15,1911.07,1892.42,1897.94,291503.503
2023-07-18T08:00:00Z,1897.95,1909.88,1889.00,1893.25,367059.137
2023-07-18T12:00:00Z,1893.24,1903.62,1883.00,1896.34,507540.832
2023-07-18T16:00:00Z,1896.35,1903.01,1875.00,1891.12,441014.023
2023-07-18T20:00:00Z,1891.13,1901.70,1888.62,1896.46,192825.771
2023-07-19T00:00:00Z,1896.47,1914.90,1894.52,1911.65,325717.564
2023-07-19T04:00:00Z,1911.65,1917.59,1906.36,1907.79,229680.310
2023-07-19T08:00:00Z,1907.79,1911.62,1901.37,1908.66,184061.063
2023-07-19T12:00:00Z,1908.66,1925.00,1893.31,1905.30,539149.724
2023-07-19T16:00:00Z,1905.29,1917.89,1900.09,1909.36,346868.805
2023-07-19T20:00:00Z,1909.35,1909.65,1881.00,1887.55,420673.887
2023-07-20T00:00:00Z,1887.55,1899.40,1881.61,1893.57,239309.107
2023-07-20T04:00:00Z,1893.57,1913.69,1892.52,1911.69,331381.651
2023-07-20T08:00:00Z,1911.69,1928.81,1910.46,1920.79,513591.986
2023-07-20T12:00:00Z,1920.79,1922.56,1881.80,1887.34,863720.821
2023-07-20T16:00:00Z,1887.35,1893.00,1875.60,1887.01,516159.189
2023-07-20T20:00:00Z,1887.01,1898.29,1881.33,1890.56,217844.886
2023-07-21T00:00:00Z,1890.56,1901.43,1885.41,1895.91,246283.437
2023-07-21T04:00:00Z,1895.91,1896.67,1886.08,1888.34,177046.637
2023-07-21T08:00:00Z,1888.34,1893.50,1883.52,1888.60,194847.289
2023-07-21T12:00:00Z,1888.61,1895.97,1885.19,1890.13,321807.290
2023-07-21T16:00:00Z,1890.13,1905.97,1883.42,1893.99,390824.638
2023-07-21T20:00:00Z,1894.00,1895.20,1889.61,1890.84,92525.392
2023-07-22T00:00:00Z,1890.84,1896.85,1890.00,1892.14,129081.782
2023-07-22T04:00:00Z,1892.14,1895.31,1889.40,1890.79,124469.598
2023-07-22T08:00:00Z,1890.80,1893.63,1882.49,1887.03,204950.660
2023-07-22T12:00:00Z,1887.04,1889.46,1883.94,1888.06,121305.776
2023-07-22T16:00:00Z,1888.06,1890.00,1881.00,1886.22,138178.161
2023-07-22T20:00:00Z,1886.23,1887.98,1835.39,1865.60,428969.017
2023-07-23T00:00:00Z,1865.60,1872.50,1856.68,1868.39,285074.968
2023-07-23T04:00:00Z,1868.40,1878.60,1868.39,1874.32,195616.329
2023-07-23T08:00:00Z,1874.32,1877.67,1872.67,1873.88,103438.106
2023-07-23T12:00:00Z,1873.88,1875.30,1871.02,1873.25,105709.458
2023-07-23T16:00:00Z,1873.25,1904.57,1873.24,1888.36,595270.478
2023-07-23T20:00:00Z,1888.36,1893.02,1874.02,1887.86,260795.105
2023-07-24T00:00:00Z,1887.85,1890.20,1864.85,1867.61,354928.413
2023-07-24T04:00:00Z,1867.60,1876.87,1861.43,1874.17,269629.969
2023-07-24T08:00:00Z,1874.18,1874.40,1829.00,1852.19,614812.388
2023-07-24T12:00:00Z,1852.19,1853.90,1833.03,1842.42,512275.340
2023-07-24T16:00:00Z,1842.42,1850.71,1838.11,1848.66,228975.151
2023-07-24T20:00:00Z,1848.67,1851.26,1844.47,1849.04,132666.155
2023-07-25T00:00:00Z,1849.04,1855.99,1844.50,1850.30,189546.504
2023-07-25T04:00:00Z,1850.30,1853.00,1845.58,1849.89,127035.799
2023-07-25T08:00:00Z,1849.89,1863.19,1848.55,1852.84,223953.029
2023-07-25T12:00:00Z,1852.85,1868.54,1851.39,1856.88,403014.093
2023-07-25T16:00:00Z,1856.87,1865.76,1851.64,1856.37,256430.062
2023-07-25T20:00:00Z,1856.37,1864.19,1855.41,1856.91,120743.499
2023-07-26T00:00:00Z,1856.91,1867.00,1850.86,1857.80,227809.012
2023-07-26T04:00:00Z,1857.81,1860.35,1851.04,1852.39,191439.318
2023-07-26T08:00:00Z,1852.38,1855.24,1846.90,1850.37,146508.870
2023-07-26T12:00:00Z,1850.37,1860.74,1849.42,1859.88,262836.813
2023-07-26T16:00:00Z,1859.89,1884.20,1854.01,1872.65,709181.524
2023-07-26T20:00:00Z,1872.66,1887.79,1865.41,1870.98,408926.219
2023-07-27T00:00:00Z,1870.97,1878.30,1866.10,1875.11,152209.140
2023-07-27T04:00:00Z,1875.12,1881.39,1865.00,1871.09,216294.494
2023-07-27T08:00:00Z,1871.10,1885.57,1868.64,1876.00,319543.457
2023-07-27T12:00:00Z,1876.01,1877.85,1862.01,1867.71,354525.613
2023-07-27T16:00:00Z,1867.70,1868.54,1854.00,1859.93,381512.850
2023-07-27T20:00:00Z,1859.94,1861.46,1854.04,1860.28,169193.835
2023-07-28T00:00:00Z,1860.29,1864.34,1859.01,1862.02,152258.891
2023-07-28T04:00:00Z,1862.02,1864.07,1855.57,1858.53,160113.702
2023-07-28T08:00:00Z,1858.54,1868.36,1858.14,1865.77,195773.888
2023-07-28T12:00:00Z,1865.77,1883.76,1865.76,1874.74,523058.634
2023-07-28T16:00:00Z,1874.75,1878.99,1865.04,1873.40,267505.260
2023-07-28T20:00:00Z,1873.41,1877.02,1871.80,1873.39,79337.855
2023-07-29T00:00:00Z,1873.38,1876.58,1871.87,1872.53,86603.420
2023-07-29T04:00:00Z,1872.52,1876.37,1870.50,1871.40,101122.107
2023-07-29T08:00:00Z,1871.40,1873.00,1868.56,1869.77,117108.617
2023-07-29T12:00:00Z,1869.76,1875.80,1869.45,1871.86,125558.562
2023-07-29T16:00:00Z,1871.86,1878.86,1870.47,1877.44,124402.438
2023-07-29T20:00:00Z,1877.44,1886.19,1877.44,1879.85,194709.899
2023-07-30T00:00:00Z,1879.86,1881.06,1876.31,1877.27,80586.384
2023-07-30T04:00:00Z,1877.26,1878.68,1872.59,1874.18,93857.810
2023-07-30T08:00:00Z,1874.17,1876.29,1871.56,1875.10,129033.113
2023-07-30T12:00:00Z,1875.10,1885.00,1870.21,1875.27,267784.548
2023-07-30T16:00:00Z,1875.26,1878.25,1855.62,1861.26,297674.585
2023-07-30T20:00:00Z,1861.26,1865.42,1845.56,1860.76,517124.793
2023-07-31T00:00:00Z,1860.77,1876.73,1860.00,1868.35,287072.475
2023-07-31T04:00:00Z,1868.34,1869.31,1861.65,1864.20,169275.814
2023-07-31T08:00:00Z,1864.21,1869.44,1863.60,1867.06,136154.473
2023-07-31T12:00:00Z,1867.07,1872.66,1855.57,1856.35,362344.810
2023-07-31T16:00:00Z,1856.35,1862.32,1853.39,1855.84,268030.702
2023-07-31T20:00:00Z,1855.84,1859.82,1850.08,1855.39,198521.582
2023-08-01T00:00:00Z,1855.40,1863.99,1808.47,1825.62,719829.496
2023-08-01T04:00:00Z,1825.63,1835.50,1820.41,1833.19,290412.710
2023-08-01T08:00:00Z,1833.18,1836.50,1829.48,1830.01,195796.921
2023-08-01T12:00:00Z,1830.02,1836.05,1810.84,1834.24,520923.421
2023-08-01T16:00:00Z,1834.24,1857.38,1828.71,1850.51,623048.600
2023-08-01T20:00:00Z,1850.51,1875.87,1846.22,1873.05,507100.609
2023-08-02T00:00:00Z,1873.06,1879.27,1862.21,1862.63,492528.289
2023-08-02T04:00:00Z,1862.63,1864.66,1855.50,1856.28,186652.097
2023-08-02T08:00:00Z,1856.27,1860.48,1852.85,1859.19,275848.791
2023-08-02T12:00:00Z,1859.18,1860.48,1833.53,1841.80,605338.047
2023-08-02T16:00:00Z,1841.80,1847.23,1820.00,1841.37,697694.107
2023-08-02T20:00:00Z,1841.37,1844.90,1836.79,1839.07,174991.268
2023-08-03T00:00:00Z,1839.07,1845.56,1836.41,1840.00,169371.919
2023-08-03T04:00:00Z,1840.00,1840.43,1830.79,1831.51,207585.277
2023-08-03T08:00:00Z,1831.50,1838.45,1825.00,1837.13,243933.422
2023-08-03T12:00:00Z,1837.13,1849.60,1833.16,1839.64,390331.676
2023-08-03T16:00:00Z,1839.63,1858.90,1838.61,1845.06,405911.032
2023-08-03T20:00:00Z,1845.06,1853.47,1830.05,1834.69,291650.093
2023-08-04T00:00:00Z,1834.69,1838.51,1826.50,1833.49,224998.892
2023-08-04T04:00:00Z,1833.49,1837.47,1830.30,1836.73,167874.215
2023-08-04T08:00:00Z,1836.73,1840.30,1832.37,1833.77,166503.392
2023-08-04T12:00:00Z,1833.76,1851.00,1830.50,1846.60,571607.734
2023-08-04T16:00:00Z,1846.60,1848.04,1825.61,1830.52,384776.550
2023-08-04T20:00:00Z,1830.52,1833.34,1808.77,1829.40,398388.922
2023-08-05T00:00:00Z,1829.40,1832.81,1826.70,1831.79,126707.948
2023-08-05T04:00:00Z,1831.79,1833.56,1827.86,1830.29,77551.468
2023-08-05T08:00:00Z,1830.29,1834.72,1829.35,1831.93,100412.225
2023-08-05T12:00:00Z,1831.92,1836.72,1829.52,1833.38,154742.211
2023-08-05T16:00:00Z,1833.38,1838.62,1830.35,1834.76,122490.881
2023-08-05T20:00:00Z,1834.75,1837.87,1833.32,1835.50,67668.926
2023-08-06T00:00:00Z,1835.50,1838.60,1832.46,1834.13,95554.834
2023-08-06T04:00:00Z,1834.13,1836.05,1831.25,1834.13,63191.099
2023-08-06T08:00:00Z,1834.13,1837.37,1827.30,1831.57,176470.434
2023-08-06T12:00:00Z,1831.57,1832.20,1825.00,1828.41,143624.066
2023-08-06T16:00:00Z,1828.40,1835.67,1827.66,1831.26,141901.176
2023-08-06T20:00:00Z,1831.26,1837.48,1826.93,1829.38,183423.817
2023-08-07T00:00:00Z,1829.39,1846.86,1825.32,1837.90,343724.990
2023-08-07T04:00:00Z,1837.91,1841.79,1831.17,1836.18,198940.338
2023-08-07T08:00:00Z,1836.18,1836.88,1831.84,1833.55,121213.710
2023-08-07T12:00:00Z,1833.55,1836.95,1812.30,1817.41,561401.147
2023-08-07T16:00:00Z,1817.42,1831.00,1800.00,1824.68,860859.217
2023-08-07T20:00:00Z,1824.69,1830.49,1822.34,1828.18,148897.266
2023-08-08T00:00:00Z,1828.18,1835.00,1825.35,1829.35,202731.287
2023-08-08T04:00:00Z,1829.35,1838.79,1829.04,1829.80,240615.526
2023-08-08T08:00:00Z,1829.79,1838.57,1829.12,1838.19,187973.666
2023-08-08T12:00:00Z,1838.18,1848.56,1834.49,1842.48,581741.617
2023-08-08T16:00:00Z,1842.49,1871.17,1842.30,1858.31,737371.208
2023-08-08T20:00:00Z,1858.31,1878.00,1854.13,1855.36,348734.372
2023-08-09T00:00:00Z,1855.36,1860.00,1850.68,1854.10,168152.995
2023-08-09T04:00:00Z,1854.11,1862.34,1852.60,1860.22,138319.947
2023-08-09T08:00:00Z,1860.22,1866.00,1857.26,1862.26,181952.350
2023-08-09T12:00:00Z,1862.26,1871.28,1850.23,1852.21,426624.993
2023-08-09T16:00:00Z,1852.20,1854.67,1845.18,1847.66,345805.079
2023-08-09T20:00:00Z,1847.67,1858.08,1846.46,1854.70,144537.752
2023-08-10T00:00:00Z,1854.69,1857.33,1851.53,1852.31,102527.817
2023-08-10T04:00:00Z,1852.31,1855.00,1849.01,1850.42,121190.544
2023-08-10T08:00:00Z,1850.41,1854.17,1849.09,1850.12,109481.570
2023-08-10T12:00:00Z,1850.12,1865.38,1847.07,1853.16,556745.838
2023-08-10T16:00:00Z,1853.16,1853.68,1844.81,1849.00,227824.698
2023-08-10T20:00:00Z,1848.99,1852.50,1848.05,1851.42,72589.128
2023-08-11T00:00:00Z,1851.43,1854.07,1841.70,1845.99,172590.735
2023-08-11T04:00:00Z,1845.99,1850.28,1845.66,1848.22,93250.040
2023-08-11T08:00:00Z,1848.22,1851.00,1844.80,1850.68,115755.891
2023-08-11T12:00:00Z,1850.69,1857.99,1842.68,1845.03,388258.444
2023-08-11T16:00:00Z,1845.03,1848.00,1834.52,1843.97,225378.207
2023-08-11T20:00:00Z,1843.98,1851.58,1843.00,1848.04,84346.553
2023-08-12T00:00:00Z,1848.04,1853.02,1846.73,1847.24,107254.675
2023-08-12T04:00:00Z,1847.24,1850.58,1846.04,1849.76,65102.755
2023-08-12T08:00:00Z,1849.76,1850.81,1847.69,1850.27,62933.802
2023-08-12T12:00:00Z,1850.26,1852.80,1849.40,1850.13,99682.055
2023-08-12T16:00:00Z,1850.13,1852.00,1846.36,1846.90,67316.576
2023-08-12T20:00:00Z,1846.89,1849.34,1845.35,1849.14,48371.346
2023-08-13T00:00:00Z,1849.14,1850.98,1848.00,1848.94,57930.679
2023-08-13T04:00:00Z,1848.93,1848.95,1845.86,1848.95,56719.790
2023-08-13T08:00:00Z,1848.95,1850.63,1848.11,1848.91,56488.696
2023-08-13T12:00:00Z,1848.92,1851.40,1846.62,1847.35,83131.265
2023-08-13T16:00:00Z,1847.36,1861.93,1845.17,1858.18,226781.527
2023-08-13T20:00:00Z,1858.18,1859.83,1833.40,1840.09,360272.696
2023-08-14T00:00:00Z,1840.09,1847.99,1834.28,1845.98,292208.581
2023-08-14T04:00:00Z,1845.98,1851.67,1845.97,1848.90,160772.873
2023-08-14T08:00:00Z,1848.90,1851.60,1845.46,1847.48,129137.029
2023-08-14T12:00:00Z,1847.49,1855.86,1843.34,1852.69,304417.723
2023-08-14T16:00:00Z,1852.68,1854.91,1838.78,1841.99,316601.135
2023-08-14T20:00:00Z,1841.99,1845.93,1840.45,1844.81,80445.104
2023-08-15T00:00:00Z,1844.80,1846.75,1842.62,1844.06,78201.121
2023-08-15T04:00:00Z,1844.07,1844.07,1839.85,1843.01,104879.979
2023-08-15T08:00:00Z,1843.00,1844.58,1837.25,1839.59,144514.380
2023-08-15T12:00:00Z,1839.60,1845.63,1837.04,1839.53,220737.138
2023-08-15T16:00:00Z,1839.54,1841.97,1810.92,1826.86,519124.692
2023-08-15T20:00:00Z,1826.86,1831.44,1824.00,1828.28,145408.435
2023-08-16T00:00:00Z,1828.27,1830.87,1826.93,1828.01,96002.721
2023-08-16T04:00:00Z,1828.01,1828.28,1819.23,1826.40,181970.570
2023-08-16T08:00:00Z,1826.39,1827.21,1818.98,1824.59,135615.248
2023-08-16T12:00:00Z,1824.59,1827.90,1817.92,1819.92,313638.547
2023-08-16T16:00:00Z,1819.91,1828.86,1815.19,1820.20,353998.198
2023-08-16T20:00:00Z,1820.20,1822.40,1791.11,1807.19,526280.131
2023-08-17T00:00:00Z,1807.19,1809.66,1775.00,1797.73,501882.172
2023-08-17T04:00:00Z,1797.74,1802.88,1796.36,1799.30,141080.818
2023-08-17T08:00:00Z,1799.29,1799.56,1783.33,1787.35,319540.126
2023-08-17T12:00:00Z,1787.35,1792.66,1720.00,1738.32,1211637.069
2023-08-17T16:00:00Z,1738.32,1748.43,1722.00,1737.36,696004.932
2023-08-17T20:00:00Z,1737.37,1738.79,1492.66,1681.00,3027138.705
2023-08-18T00:00:00Z,1681.00,1698.98,1672.02,1676.39,577368.135
2023-08-18T04:00:00Z,1676.39,1697.13,1660.20,1689.68,475261.379
2023-08-18T08:00:00Z,1689.68,1696.00,1677.00,1685.09,329605.952
2023-08-18T12:00:00Z,1685.10,1686.77,1650.00,1660.03,645713.048
2023-08-18T16:00:00Z,1660.03,1678.41,1638.48,1656.89,741744.908
2023-08-18T20:00:00Z,1656.89,1669.28,1655.59,1660.76,192092.110
2023-08-19T00:00:00Z,1660.76,1671.43,1655.17,1658.85,205422.907
2023-08-19T04:00:00Z,1658.86,1662.78,1653.36,1660.29,172300.562
2023-08-19T08:00:00Z,1660.30,1665.15,1658.24,1659.02,144840.053
2023-08-19T12:00:00Z,1659.03,1685.53,1657.12,1682.39,289605.493
2023-08-19T16:00:00Z,1682.39,1696.14,1673.54,1676.40,393223.635
2023-08-19T20:00:00Z,1676.40,1677.37,1662.30,1668.69,169561.662
2023-08-20T00:00:00Z,1668.70,1674.43,1664.00,1667.09,156676.522
2023-08-20T04:00:00Z,1667.09,1669.49,1660.22,1664.99,127625.746
2023-08-20T08:00:00Z,1665.00,1674.98,1662.56,1674.01,164967.818
2023-08-20T12:00:00Z,1674.02,1679.33,1663.07,1670.47,308997.621
2023-08-20T16:00:00Z,1670.47,1679.24,1664.51,1677.42,155835.765
2023-08-20T20:00:00Z,1677.42,1694.36,1677.37,1684.16,251745.108
2023-08-21T00:00:00Z,1684.15,1685.12,1674.28,1676.13,173444.046
2023-08-21T04:00:00Z,1676.13,1687.78,1668.53,1670.96,227371.581
2023-08-21T08:00:00Z,1670.96,1674.88,1658.25,1672.20,325165.839
2023-08-21T12:00:00Z,1672.20,1683.53,1647.22,1656.59,582838.998
2023-08-21T16:00:00Z,1656.59,1674.88,1656.07,1671.55,269316.264
2023-08-21T20:00:00Z,1671.55,1676.46,1665.48,1666.79,138470.953
2023-08-22T00:00:00Z,1666.80,1668.57,1660.50,1663.34,121587.960
2023-08-22T04:00:00Z,1663.35,1666.19,1659.92,1665.57,118031.381
2023-08-22T08:00:00Z,1665.57,1666.89,1658.98,1661.52,141722.019
2023-08-22T12:00:00Z,1661.53,1666.66,1642.00,1649.16,419629.430
2023-08-22T16:00:00Z,1649.15,1650.40,1616.00,1624.20,956010.820
2023-08-22T20:00:00Z,1624.20,1639.91,1575.00,1634.50,871668.550
2023-08-23T00:00:00Z,1634.49,1642.00,1628.50,1631.06,267097.142
2023-08-23T04:00:00Z,1631.06,1658.37,1629.92,1644.53,371236.308
2023-08-23T08:00:00Z,1644.53,1648.16,1638.85,1641.60,226776.929
2023-08-23T12:00:00Z,1641.60,1659.86,1633.19,1656.53,552905.641
2023-08-23T16:00:00Z,1656.54,1703.85,1654.84,1686.37,957686.113
2023-08-23T20:00:00Z,1686.37,1692.44,1657.83,1678.80,434269.044
2023-08-24T00:00:00Z,1678.79,1682.88,1671.72,1674.70,173898.881
2023-08-24T04:00:00Z,1674.70,1678.44,1671.73,1673.63,115796.387
2023-08-24T08:00:00Z,1673.63,1677.16,1665.13,1666.80,234584.385
2023-08-24T12:00:00Z,1666.79,1668.96,1641.04,1642.79,544972.852
2023-08-24T16:00:00Z,1642.79,1655.70,1631.66,1649.05,451788.953
2023-08-24T20:00:00Z,1649.05,1665.38,1642.36,1660.22,218833.781
2023-08-25T00:00:00Z,1660.23,1663.63,1643.05,1654.61,217636.118
2023-08-25T04:00:00Z,1654.61,1655.14,1646.00,1650.53,170617.669
2023-08-25T08:00:00Z,1650.54,1658.34,1650.22,1653.51,127152.342
2023-08-25T12:00:00Z,1653.51,1676.73,1635.01,1645.23,853378.453
2023-08-25T16:00:00Z,1645.23,1655.11,1634.43,1646.15,324867.204
2023-08-25T20:00:00Z,1646.15,1654.40,1645.01,1653.24,148900.488
2023-08-26T00:00:00Z,1653.25,1654.77,1650.68,1653.67,78919.033
2023-08-26T04:00:00Z,1653.67,1653.98,1649.88,1652.12,51510.620
2023-08-26T08:00:00Z,1652.11,1652.92,1645.47,1649.61,134458.892
2023-08-26T12:00:00Z,1649.60,1652.38,1645.85,1650.60,74781.565
2023-08-26T16:00:00Z,1650.60,1651.00,1643.01,1645.30,100831.539
2023-08-26T20:00:00Z,1645.30,1649.81,1644.13,1646.28,59309.480
2023-08-27T00:00:00Z,1646.29,1649.77,1645.38,1646.45,68476.100
2023-08-27T04:00:00Z,1646.46,1654.89,1646.45,1647.81,97167.980
2023-08-27T08:00:00Z,1647.81,1651.89,1646.35,1648.50,86006.058
2023-08-27T12:00:00Z,1648.50,1659.57,1647.93,1654.68,175418.928
2023-08-27T16:00:00Z,1654.69,1659.48,1648.93,1655.05,136833.953
2023-08-27T20:00:00Z,1655.04,1658.44,1650.25,1657.59,93437.254
2023-08-28T00:00:00Z,1657.59,1657.60,1647.06,1649.09,151055.912
2023-08-28T04:00:00Z,1649.09,1650.94,1635.00,1640.91,255671.412
2023-08-28T08:00:00Z,1640.91,1642.91,1618.00,1639.54,334238.409
2023-08-28T12:00:00Z,1639.53,1663.88,1639.01,1647.99,541803.192
2023-08-28T16:00:00Z,1647.98,1654.29,1637.00,1645.82,262436.996
2023-08-28T20:00:00Z,1645.82,1656.77,1643.26,1652.51,127197.053
2023-08-29T00:00:00Z,1652.50,1661.95,1650.02,1651.60,196035.632
2023-08-29T04:00:00Z,1651.61,1653.00,1644.19,1646.57,174915.414
2023-08-29T08:00:00Z,1646.58,1647.24,1639.01,1641.20,184654.508
2023-08-29T12:00:00Z,1641.20,1736.92,1639.35,1715.65,1778037.866
2023-08-29T16:00:00Z,1715.66,1747.15,1708.00,1734.41,879683.570
2023-08-29T20:00:00Z,1734.41,1741.47,1720.60,1728.51,266029.351
2023-08-30T00:00:00Z,1728.52,1730.37,1712.14,1717.92,263190.671
2023-08-30T04:00:00Z,1717.92,1721.96,1715.26,1716.91,124601.695
2023-08-30T08:00:00Z,1716.91,1719.99,1710.00,1715.16,186988.276
2023-08-30T12:00:00Z,1715.16,1721.69,1688.00,1702.89,637542.848
2023-08-30T16:00:00Z,1702.88,1704.60,1694.67,1700.77,213062.101
2023-08-30T20:00:00Z,1700.77,1708.00,1700.34,1704.39,113848.450
2023-08-31T00:00:00Z,1704.39,1704.39,1696.16,1698.53,98004.617
2023-08-31T04:00:00Z,1698.52,1706.98,1698.35,1705.64,108061.768
2023-08-31T08:00:00Z,1705.64,1730.00,1702.44,1712.87,339928.732
2023-08-31T12:00:00Z,1712.86,1713.30,1674.05,1688.10,563343.493
2023-08-31T16:00:00Z,1688.11,1688.33,1641.33,1656.25,969034.741
2023-08-31T20:00:00Z,1656.23,1656.66,1628.30,1645.27,410521.188
2023-09-01T00:00:00Z,1645.26,1653.89,1644.29,1651.36,153134.759
2023-09-01T04:00:00Z,1651.35,1652.28,1642.01,1645.45,122119.284
2023-09-01T08:00:00Z,1645.45,1647.84,1640.20,1646.26,151900.221
2023-09-01T12:00:00Z,1646.27,1651.97,1621.00,1633.75,671584.366
2023-09-01T16:00:00Z,1633.76,1637.00,1601.22,1618.64,750211.457
2023-09-01T20:00:00Z,1618.66,1637.96,1615.38,1628.19,240604.855
2023-09-02T00:00:00Z,1628.20,1633.72,1627.05,1631.50,100954.346
2023-09-02T04:00:00Z,1631.50,1636.54,1629.25,1630.67,110763.975
2023-09-02T08:00:00Z,1630.68,1636.48,1629.24,1633.88,114906.312
2023-09-02T12:00:00Z,1633.88,1644.99,1632.51,1637.97,194875.070
2023-09-02T16:00:00Z,1637.97,1640.18,1627.52,1632.81,159696.729
2023-09-02T20:00:00Z,1632.82,1639.14,1631.98,1636.24,73429.490
2023-09-03T00:00:00Z,1636.24,1636.84,1630.55,1635.45,91742.054
2023-09-03T04:00:00Z,1635.44,1638.34,1632.90,1634.95,67361.534
2023-09-03T08:00:00Z,1634.95,1635.22,1630.08,1633.49,79460.250
2023-09-03T12:00:00Z,1633.49,1640.51,1627.19,1632.18,228104.850
2023-09-03T16:00:00Z,1632.19,1642.97,1623.93,1638.08,221275.558
2023-09-03T20:00:00Z,1638.09,1648.24,1632.21,1635.02,150999.728
2023-09-04T00:00:00Z,1635.03,1644.50,1631.15,1636.86,135923.571
2023-09-04T04:00:00Z,1636.86,1639.59,1633.71,1638.06,96752.321
2023-09-04T08:00:00Z,1638.07,1639.95,1630.25,1631.46,128286.140
2023-09-04T12:00:00Z,1631.46,1634.18,1617.04,1625.33,339044.866
2023-09-04T16:00:00Z,1625.33,1635.43,1624.62,1630.41,131931.871
2023-09-04T20:00:00Z,1630.42,1634.00,1614.76,1630.09,255885.396
2023-09-05T00:00:00Z,1630.08,1630.70,1608.45,1617.25,254663.884
2023-09-05T04:00:00Z,1617.24,1627.52,1617.24,1624.33,180714.300
2023-09-05T08:00:00Z,1624.32,1638.47,1620.00,1634.64,236327.932
2023-09-05T12:00:00Z,1634.64,1648.00,1624.85,1636.03,448773.106
2023-09-05T16:00:00Z,1636.02,1642.92,1631.31,1631.55,196698.018
2023-09-05T20:00:00Z,1631.54,1633.76,1625.76,1633.63,127204.713
2023-09-06T00:00:00Z,1633.63,1639.73,1630.86,1632.63,127773.547
2023-09-06T04:00:00Z,1632.62,1633.07,1626.98,1628.41,132311.640
2023-09-06T08:00:00Z,1628.41,1635.74,1628.11,1632.02,123061.309
2023-09-06T12:00:00Z,1632.02,1634.91,1618.50,1622.49,342414.321
2023-09-06T16:00:00Z,1622.50,1680.00,1606.74,1630.68,1017228.288
2023-09-06T20:00:00Z,1630.68,1634.46,1626.78,1632.33,92492.648
2023-09-07T00:00:00Z,1632.33,1639.68,1631.01,1639.45,172504.370
2023-09-07T04:00:00Z,1639.44,1642.10,1634.66,1635.16,152208.888
2023-09-07T08:00:00Z,1635.17,1635.32,1625.00,1626.83,168231.347
2023-09-07T12:00:00Z,1626.82,1633.30,1622.61,1629.85,315940.136
2023-09-07T16:00:00Z,1629.85,1640.96,1629.21,1636.33,250989.714
2023-09-07T20:00:00Z,1636.32,1659.70,1635.01,1647.27,511006.153
2023-09-08T00:00:00Z,1647.25,1658.77,1643.19,1645.65,218046.577
2023-09-08T04:00:00Z,1645.66,1653.00,1642.21,1646.10,201941.755
2023-09-08T08:00:00Z,1646.10,1647.13,1615.00,1625.23,542264.370
2023-09-08T12:00:00Z,1625.22,1634.28,1623.47,1627.89,238590.778
2023-09-08T16:00:00Z,1627.89,1634.75,1623.83,1633.70,181393.986
2023-09-08T20:00:00Z,1633.70,1638.17,1632.34,1635.78,99878.319
2023-09-09T00:00:00Z,1635.77,1636.24,1632.59,1633.57,58333.081
2023-09-09T04:00:00Z,1633.56,1635.20,1631.13,1633.73,61898.151
2023-09-09T08:00:00Z,1633.73,1635.57,1632.50,1634.45,66474.294
2023-09-09T12:00:00Z,1634.45,1636.92,1629.00,1634.47,129256.676
2023-09-09T16:00:00Z,1634.48,1636.86,1631.42,1633.18,51532.356
2023-09-09T20:00:00Z,1633.17,1636.50,1632.86,1634.80,43672.369
2023-09-10T00:00:00Z,1634.81,1635.05,1625.70,1630.21,116874.753
2023-09-10T04:00:00Z,1630.22,1630.38,1617.16,1624.14,245262.852
2023-09-10T08:00:00Z,1624.14,1625.87,1618.10,1623.60,130313.428
2023-09-10T12:00:00Z,1623.61,1627.99,1607.66,1618.90,269535.476
2023-09-10T16:00:00Z,1618.90,1619.47,1590.00,1616.47,497412.855
2023-09-10T20:00:00Z,1616.47,1627.86,1613.52,1616.47,273247.475
2023-09-11T00:00:00Z,1616.46,1618.35,1602.06,1611.92,222466.737
2023-09-11T04:00:00Z,1611.92,1617.56,1606.52,1611.60,175241.677
2023-09-11T08:00:00Z,1611.59,1612.08,1573.78,1585.86,764628.969
2023-09-11T12:00:00Z,1585.87,1597.90,1547.78,1561.68,1228122.236
2023-09-11T16:00:00Z,1561.69,1567.52,1533.00,1538.60,550112.528
2023-09-11T20:00:00Z,1538.60,1551.57,1528.61,1551.03,332760.501
2023-09-12T00:00:00Z,1551.02,1594.37,1548.70,1584.08,622996.193
2023-09-12T04:00:00Z,1584.08,1592.83,1573.34,1579.17,435324.355
2023-09-12T08:00:00Z,1579.16,1626.78,1575.00,1608.79,658453.876
2023-09-12T12:00:00Z,1608.79,1613.03,1593.28,1602.95,504192.397
2023-09-12T16:00:00Z,1602.95,1622.16,1583.45,1597.73,619876.654
2023-09-12T20:00:00Z,1597.72,1603.79,1589.49,1592.29,146298.882
2023-09-13T00:00:00Z,1592.29,1600.67,1585.75,1588.90,206740.886
2023-09-13T04:00:00Z,1588.90,1602.77,1580.46,1583.69,346458.736
2023-09-13T08:00:00Z,1583.69,1606.91,1582.00,1603.83,292082.084
2023-09-13T12:00:00Z,1603.84,1620.00,1590.51,1607.31,588517.937
2023-09-13T16:00:00Z,1607.31,1615.44,1594.50,1598.62,337342.079
2023-09-13T20:00:00Z,1598.62,1609.24,1598.34,1606.68,98735.794
2023-09-14T00:00:00Z,1606.69,1639.00,1606.02,1619.37,626482.320
2023-09-14T04:00:00Z,1619.36,1625.21,1611.36,1620.67,178326.375
2023-09-14T08:00:00Z,1620.67,1626.69,1616.39,1623.90,177396.585
2023-09-14T12:00:00Z,1623.89,1644.45,1615.85,1634.02,681465.642
2023-09-14T16:00:00Z,1634.02,1644.16,1625.40,1635.14,305100.062
2023-09-14T20:00:00Z,1635.15,1637.42,1622.64,1625.65,149496.287
2023-09-15T00:00:00Z,1625.65,1635.05,1621.14,1633.72,208759.791
2023-09-15T04:00:00Z,1633.72,1635.19,1625.99,1627.18,117608.822
2023-09-15T08:00:00Z,1627.19,1631.13,1616.66,1620.09,194025.403
2023-09-15T12:00:00Z,1620.08,1625.05,1610.00,1618.62,297272.010
2023-09-15T16:00:00Z,1618.61,1623.00,1616.60,1620.60,139740.654
2023-09-15T20:00:00Z,1620.60,1653.91,1618.37,1640.67,469559.522
2023-09-16T00:00:00Z,1640.66,1652.97,1637.55,1640.99,212896.226
2023-09-16T04:00:00Z,1640.99,1641.60,1633.66,1636.21,151100.136
2023-09-16T08:00:00Z,1636.21,1638.05,1630.37,1634.93,146138.139
2023-09-16T12:00:00Z,1634.93,1638.61,1630.50,1633.71,103686.577
2023-09-16T16:00:00Z,1633.71,1638.94,1630.67,1632.74,105867.153
2023-09-16T20:00:00Z,1632.74,1637.27,1631.90,1633.68,59111.808
2023-09-17T00:00:00Z,1633.68,1633.84,1618.00,1628.33,264209.789
2023-09-17T04:00:00Z,1628.33,1630.95,1626.43,1626.85,80946.743
2023-09-17T08:00:00Z,1626.85,1634.43,1626.33,1628.62,116029.008
2023-09-17T12:00:00Z,1628.63,1631.41,1626.63,1628.61,86127.284
2023-09-17T16:00:00Z,1628.61,1628.77,1616.68,1624.93,171680.652
2023-09-17T20:00:00Z,1624.94,1626.16,1610.81,1621.62,227082.128
2023-09-18T00:00:00Z,1621.63,1636.05,1598.58,1629.35,425319.859
2023-09-18T04:00:00Z,1629.36,1638.00,1625.90,1633.22,237580.367
2023-09-18T08:00:00Z,1633.21,1658.88,1629.98,1655.16,499928.954
2023-09-18T12:00:00Z,1655.17,1668.64,1649.65,1654.70,538835.996
2023-09-18T16:00:00Z,1654.69,1659.94,1632.00,1640.06,533676.226
2023-09-18T20:00:00Z,1640.06,1641.52,1634.28,1635.63,134588.310
2023-09-19T00:00:00Z,1635.63,1639.40,1625.02,1633.93,232471.852
2023-09-19T04:00:00Z,1633.94,1637.88,1631.51,1635.42,106974.047
2023-09-19T08:00:00Z,1635.41,1660.69,1635.12,1647.06,456373.820
2023-09-19T12:00:00Z,1647.06,1658.96,1633.27,1656.32,527545.411
2023-09-19T16:00:00Z,1656.31,1658.91,1639.21,1643.39,291435.931
2023-09-19T20:00:00Z,1643.38,1643.98,1636.01,1642.49,161816.615
2023-09-20T00:00:00Z,1642.48,1648.68,1635,1636.78,196632.094
2023-09-20T04:00:00Z,1636.78,1638.62,1629.59,1633.84,209573.737
2023-09-20T08:00:00Z,1633.84,1637.51,1616.33,1629.03,389816.926
2023-09-20T12:00:00Z,1629.04,1633.70,1619.69,1628.41,305414.606
2023-09-20T16:00:00Z,1628.40,1640,1602,1615.37,565773.854
2023-09-20T20:00:00Z,1615.38,1629.36,1614.07,1621.60,205607.583
2023-09-21T00:00:00Z,1621.60,1624.81,1612.50,1622.71,199369.571
2023-09-21T04:00:00Z,1622.72,1624.05,1616.11,1617.48,126661.553
2023-09-21T08:00:00Z,1617.47,1622.18,1585.81,1594.09,701473.426
2023-09-21T12:00:00Z,1594.08,1596.36,1565.50,1583,696870.051
2023-09-21T16:00:00Z,1583,1592.70,1581.26,1588.91,213601.411
2023-09-21T20:00:00Z,1588.92,1589.62,1582.03,1583,111756.615
2023-09-22T00:00:00Z,1583,1595.77,1575.46,1593.91,250544.405
2023-09-22T04:00:00Z,1593.92,1597,1586.01,1595,166322.124
2023-09-22T08:00:00Z,1595,1602.28,1592.13,1596.37,189526.660
2023-09-22T12:00:00Z,1596.37,1600,1592.03,1592.65,209118.527
2023-09-22T16:00:00Z,1592.65,1598.55,1585.80,1591.60,219868.851
2023-09-22T20:00:00Z,1591.59,1594.54,1588.35,1592.28,86050.475
2023-09-23T00:00:00Z,1592.28,1597.60,1589.50,1590.20,122691.197
2023-09-23T04:00:00Z,1590.20,1594.86,1588.96,1593.73,78211.538
2023-09-23T08:00:00Z,1593.73,1594.30,1590.24,1592.62,61433.749
2023-09-23T12:00:00Z,1592.62,1594.50,1586.53,1589.75,99671.873
2023-09-23T16:00:00Z,1589.75,1594.87,1588.08,1593.93,98350.339
2023-09-23T20:00:00Z,1593.92,1594.85,1589.26,1592.97,52319.539
2023-09-24T00:00:00Z,1592.97,1594.36,1589.95,1591.51,51742.304
2023-09-24T04:00:00Z,1591.50,1592.36,1590.42,1591,40604.057
2023-09-24T08:00:00Z,1590.99,1595.65,1590.99,1593.31,69824.561
2023-09-24T12:00:00Z,1593.32,1595.98,1587.04,1589.87,114617.465
2023-09-24T16:00:00Z,1589.87,1600.95,1576.48,1585.23,393457.299
2023-09-24T20:00:00Z,1585.23,1590.75,1568.28,1579.99,214159.026
2023-09-25T00:00:00Z,1579.99,1587.69,1562,1577,386165.249
2023-09-25T04:00:00Z,1577,1581.33,1571.56,1580.51,182373.565
2023-09-25T08:00:00Z,1580.52,1582.61,1565,1567.96,212934.819
2023-09-25T12:00:00Z,1567.96,1589.47,1563,1583.88,377295.912
2023-09-25T16:00:00Z,1583.88,1597.13,1583.88,1590.90,335216.867
2023-09-25T20:00:00Z,1590.90,1595.99,1583.47,1587.69,130111.367
2023-09-26T00:00:00Z,1587.68,1593.97,1585.32,1591.03,132671.672
2023-09-26T04:00:00Z,1591.03,1594.56,1586,1588.21,125957.611
2023-09-26T08:00:00Z,1588.20,1599.40,1584.89,1590.85,256722.741
2023-09-26T12:00:00Z,1590.84,1593.20,1578.61,1582.17,307080.588
2023-09-26T16:00:00Z,1582.18,1592.45,1581.04,1588.71,206746.629
2023-09-26T20:00:00Z,1588.71,1595,1583.23,1593.30,157509.851
2023-09-27T00:00:00Z,1593.30,1597.71,1588.54,1594.92,161406.693
2023-09-27T04:00:00Z,1594.92,1596.95,1590,1591.71,134849.973
2023-09-27T08:00:00Z,1591.70,1633.98,1589.35,1628.91,738095.431
2023-09-27T12:00:00Z,1628.91,1630.80,1591.10,1600.99,792379.074
2023-09-27T16:00:00Z,1600.98,1602.45,1582.64,1597,367147.947
2023-09-27T20:00:00Z,1597,1599.04,1592.32,1597.89,111956.792
2023-09-28T00:00:00Z,1597.89,1614.99,1597.17,1605.36,319739.911
2023-09-28T04:00:00Z,1605.37,1621.20,1603.78,1618.44,268984.571
2023-09-28T08:00:00Z,1618.44,1638.06,1613.59,1622.94,481270.041
2023-09-28T12:00:00Z,1622.95,1654.51,1620.78,1652.02,830184.599
2023-09-28T16:00:00Z,1652.01,1668,1644,1657.59,735517.841
2023-09-28T20:00:00Z,1657.60,1660.71,1642.03,1652.13,197223.133
2023-09-29T00:00:00Z,1652.13,1658.24,1647.50,1650.82,213840.986
2023-09-29T04:00:00Z,1650.82,1687.65,1648,1685.59,483664.775
2023-09-29T08:00:00Z,1685.60,1686,1666,1668.28,344565.830
2023-09-29T12:00:00Z,1668.29,1683.99,1654.62,1671.38,598950.395
2023-09-29T16:00:00Z,1671.37,1672.60,1656,1664.61,254752.975
2023-09-29T20:00:00Z,1664.60,1670.77,1663.18,1666.61,100329.544
2023-09-30T00:00:00Z,1666.61,1671.99,1665.27,1669.63,97809.600
2023-09-30T04:00:00Z,1669.63,1674.99,1668.94,1671.07,102472.720
2023-09-30T08:00:00Z,1671.07,1678.86,1670.52,1675.06,130313.424
2023-09-30T12:00:00Z,1675.06,1694.11,1672.02,1682.53,388099.452
2023-09-30T16:00:00Z,1682.53,1685.61,1671,1678.27,203311.734
2023-09-30T20:00:00Z,1678.28,1682.82,1666,1670.18,141580.383
2023-10-01T00:00:00Z,1670.17,1677.90,1669.49,1673.69,94754.908
2023-10-01T04:00:00Z,1673.69,1679.89,1672.56,1677.52,104335.311
2023-10-01T08:00:00Z,1677.51,1692,1675.55,1687.88,294985.218
2023-10-01T12:00:00Z,1687.89,1690.44,1676.68,1683.13,201983.821
2023-10-01T16:00:00Z,1683.13,1683.94,1670.01,1675.51,189478.139
2023-10-01T20:00:00Z,1675.52,1780,1666.69,1733.39,877202.031
2023-10-02T00:00:00Z,1733.40,1734.80,1717.66,1728.43,295626.655
2023-10-02T04:00:00Z,1728.43,1733.94,1710,1729.48,337351.091
2023-10-02T08:00:00Z,1729.48,1743.99,1723.85,1724.37,370461.249
2023-10-02T12:00:00Z,1724.36,1733.80,1686.82,1690.96,813029.739
2023-10-02T16:00:00Z,1690.96,1693.08,1619.99,1673.59,889932.647
2023-10-02T20:00:00Z,1673.58,1673.59,1632.51,1661.49,433657.741
2023-10-03T00:00:00Z,1661.49,1667.97,1659.19,1665,186844.164
2023-10-03T04:00:00Z,1665,1669.94,1660.87,1661.64,156696.241
2023-10-03T08:00:00Z,1661.64,1666.94,1649.05,1655.77,271405.024
2023-10-03T12:00:00Z,1655.77,1662.85,1642.03,1647.60,472396.534
2023-10-03T16:00:00Z,1647.61,1658,1645.43,1649.72,265359.259
2023-10-03T20:00:00Z,1649.72,1659.47,1645,1656.18,221485.595
2023-10-04T00:00:00Z,1656.19,1657.05,1615,1641.11,427049.885
2023-10-04T04:00:00Z,1641.11,1644.26,1635.05,1644.25,158606.937
2023-10-04T08:00:00Z,1644.25,1652.32,1642.80,1645.99,189275.766
2023-10-04T12:00:00Z,1645.98,1649.59,1626.22,1631.90,406743.036
2023-10-04T16:00:00Z,1631.90,1654.20,1631,1642.08,398754.437
2023-10-04T20:00:00Z,1642.09,1652.11,1639.68,1645.75,180229.297
2023-10-05T00:00:00Z,1645.76,1655.13,1641.10,1641.38,181290.086
2023-10-05T04:00:00Z,1641.38,1645.51,1631.12,1635.36,184088.352
2023-10-05T08:00:00Z,1635.37,1641.52,1634.03,1635.70,155826.685
2023-10-05T12:00:00Z,1635.70,1648.85,1601.28,1617.40,882588.319
2023-10-05T16:00:00Z,1617.40,1620.85,1605.13,1616.01,395844.724
2023-10-05T20:00:00Z,1616,1618.93,1609.07,1611.23,129425.707
2023-10-06T00:00:00Z,1611.24,1624.77,1611.18,1623.59,174804.060
2023-10-06T04:00:00Z,1623.59,1632.19,1618,1630.34,194175.043
2023-10-06T08:00:00Z,1630.34,1639.45,1627.61,1634,314011.498
2023-10-06T12:00:00Z,1633.99,1649,1610.59,1642.16,805454.725
2023-10-06T16:00:00Z,1642.16,1656.09,1633.42,1645.50,364558.827
2023-10-06T20:00:00Z,1645.52,1664.60,1642.10,1644.33,225436.792
2023-10-07T00:00:00Z,1644.32,1647.16,1638.93,1640.63,133752.367
2023-10-07T04:00:00Z,1640.64,1642.61,1635.15,1636,104659.018
2023-10-07T08:00:00Z,1636,1642.59,1635.09,1637.89,139626.926
2023-10-07T12:00:00Z,1637.88,1642.74,1634,1637.83,122317.388
2023-10-07T16:00:00Z,1637.83,1638.81,1629.03,1630.05,152625.134
2023-10-07T20:00:00Z,1630.06,1635.51,1629.50,1633.18,76990.671
2023-10-08T00:00:00Z,1633.17,1640.90,1632.73,1638.47,113024.320
2023-10-08T04:00:00Z,1638.46,1639.20,1622.65,1628.14,187092.044
2023-10-08T08:00:00Z,1628.13,1628.95,1615.19,1617.25,246887.258
2023-10-08T12:00:00Z,1617.25,1637.42,1616.51,1630.63,315376.672
2023-10-08T16:00:00Z,1630.64,1638.76,1628.49,1634.86,163052.035
2023-10-08T20:00:00Z,1634.86,1637.72,1626.61,1632.02,127908.383
2023-10-09T00:00:00Z,1632.03,1635.81,1622.63,1632.98,191777.461
2023-10-09T04:00:00Z,1632.97,1634.19,1616.16,1620,190143.387
2023-10-09T08:00:00Z,1620,1621.23,1580.09,1589.76,825601.566
2023-10-09T12:00:00Z,1589.76,1596.96,1582.36,1585.64,412331.203
2023-10-09T16:00:00Z,1585.63,1586.55,1544.30,1580.79,1185750.230
2023-10-09T20:00:00Z,1580.79,1583.36,1572.81,1579.40,144520.202
2023-10-10T00:00:00Z,1579.39,1592.34,1575.27,1584.10,226016.675
2023-10-10T04:00:00Z,1584.11,1593.71,1581.89,1589.52,203758.033
2023-10-10T08:00:00Z,1589.52,1594.40,1577.25,1578.70,283620.702
2023-10-10T12:00:00Z,1578.70,1587.98,1562.71,1567.25,670948.182
2023-10-10T16:00:00Z,1567.26,1572.23,1556.56,1565.25,450559.102
2023-10-10T20:00:00Z,1565.26,1569.68,1545.60,1566.89,241972.313
2023-10-11T00:00:00Z,1566.89,1575.38,1541.78,1555.76,451897.652
2023-10-11T04:00:00Z,1555.75,1561,1547.20,1556.16,276379.058
2023-10-11T08:00:00Z,1556.15,1577.89,1555.55,1572.04,446811.709
2023-10-11T12:00:00Z,1572.05,1575.98,1553.05,1558.77,550276.382
2023-10-11T16:00:00Z,1558.78,1566.32,1547.99,1562.43,496772.635
2023-10-11T20:00:00Z,1562.43,1568.88,1560.17,1566.07,159683.547
2023-10-12T00:00:00Z,1566.08,1568.06,1555.37,1560.99,215436.416
2023-10-12T04:00:00Z,1560.99,1566.27,1557.12,1558.64,177288.551
2023-10-12T08:00:00Z,1558.64,1560.35,1533.21,1551.49,584323.924
2023-10-12T12:00:00Z,1551.49,1553.42,1537.28,1540.96,468601.054
2023-10-12T16:00:00Z,1540.96,1544.60,1514.50,1530.74,702776.099
2023-10-12T20:00:00Z,1530.74,1539.77,1529.65,1538.81,150764.079
2023-10-13T00:00:00Z,1538.82,1546.96,1537.27,1538.25,201039.824
2023-10-13T04:00:00Z,1538.25,1554.25,1538.06,1548.67,232456.720
2023-10-13T08:00:00Z,1548.66,1551.79,1541.83,1546.01,203435.653
2023-10-13T12:00:00Z,1546.01,1553.19,1536.65,1538.76,334945.091
2023-10-13T16:00:00Z,1538.77,1548.53,1538.44,1545.26,200369.330
2023-10-13T20:00:00Z,1545.26,1575.53,1542.74,1551.55,623234.810
2023-10-14T00:00:00Z,1551.55,1555.95,1548.64,1552.96,158178.357
2023-10-14T04:00:00Z,1552.96,1553.84,1544.22,1547.34,144184.778
2023-10-14T08:00:00Z,1547.35,1549.04,1543.83,1546.58,87560.958
2023-10-14T12:00:00Z,1546.59,1557.76,1545.42,1555.66,153666.839
2023-10-14T16:00:00Z,1555.65,1558.40,1551.81,1554.55,138381.335
2023-10-14T20:00:00Z,1554.55,1561.70,1552.60,1554.15,109755.035
2023-10-15T00:00:00Z,1554.15,1557,1548.74,1553.79,111621.864
2023-10-15T04:00:00Z,1553.79,1554.51,1551.59,1554.29,49263.759
2023-10-15T08:00:00Z,1554.29,1559.71,1553.20,1554.75,101309.142
2023-10-15T12:00:00Z,1554.75,1559.97,1546.14,1553.13,228037.037
2023-10-15T16:00:00Z,1553.12,1564.99,1549.51,1559.76,200287.315
2023-10-15T20:00:00Z,1559.77,1567,1552,1557.25,309994.153
2023-10-16T00:00:00Z,1557.25,1566.50,1554.10,1562.25,160951.377
2023-10-16T04:00:00Z,1562.25,1588.51,1559.72,1578.02,668085.234
2023-10-16T08:00:00Z,1578.02,1586.56,1574.14,1582,243832.534
2023-10-16T12:00:00Z,1582,1642,1565,1577.04,1709516.661
2023-10-16T16:00:00Z,1577.05,1601.93,1572.34,1589.17,433978.770
2023-10-16T20:00:00Z,1589.16,1604.30,1576.78,1598.61,297542.753
2023-10-17T00:00:00Z,1598.61,1599.83,1587.50,1588.51,190582.859
2023-10-17T04:00:00Z,1588.51,1591.67,1581.73,1589.66,232663.709
2023-10-17T08:00:00Z,1589.66,1593.75,1581.53,1583.59,240671.152
2023-10-17T12:00:00Z,1583.58,1585.24,1562,1574.67,574140.825
2023-10-17T16:00:00Z,1574.66,1579.70,1541,1563.48,421605.404
2023-10-17T20:00:00Z,1563.48,1565.39,1556.62,1563.99,161498.532
2023-10-18T00:00:00Z,1564,1571.46,1561.30,1567.41,190236.668
2023-10-18T04:00:00Z,1567.41,1581.97,1565.44,1571.60,393866.754
2023-10-18T08:00:00Z,1571.60,1584.90,1568,1578.03,363084.187
2023-10-18T12:00:00Z,1578.02,1581.15,1567.81,1569.48,323464.180
2023-10-18T16:00:00Z,1569.48,1574.31,1561.98,1562.25,220837.723
2023-10-18T20:00:00Z,1562.25,1565.33,1554.70,1562.65,231228.340
2023-10-19T00:00:00Z,1562.66,1566.66,1539,1548.53,426544.639
2023-10-19T04:00:00Z,1548.53,1552.83,1544.90,1551.08,172882.892
2023-10-19T08:00:00Z,1551.07,1554.87,1540.53,1553.12,299924.034
2023-10-19T12:00:00Z,1553.13,1565,1550.02,1560.34,388501.783
2023-10-19T16:00:00Z,1560.34,1574.34,1559,1567.26,438585.724
2023-10-19T20:00:00Z,1567.26,1572.95,1562.24,1565.89,187755.739
2023-10-20T00:00:00Z,1565.90,1594.59,1560.37,1586.11,506280.576
2023-10-20T04:00:00Z,1586.12,1589,1578.11,1582.76,294109.098
2023-10-20T08:00:00Z,1582.77,1630.01,1582.15,1612.52,980131.757
2023-10-20T12:00:00Z,1612.52,1615.81,1596.62,1604.81,478610.681
2023-10-20T16:00:00Z,1604.81,1609.43,1596.31,1606.25,198838.804
2023-10-20T20:00:00Z,1606.24,1609.47,1601.36,1603.14,133342.719
2023-10-21T00:00:00Z,1603.15,1605.78,1591.25,1596.75,202411.901
2023-10-21T04:00:00Z,1596.75,1606.50,1596.38,1605.67,154266.856
2023-10-21T08:00:00Z,1605.67,1609.33,1601.91,1608.08,163950.895
2023-10-21T12:00:00Z,1608.07,1628.98,1601.87,1627.63,403003.736
2023-10-21T16:00:00Z,1627.64,1643.84,1619.15,1634.16,554273.766
2023-10-21T20:00:00Z,1634.16,1635.29,1625.15,1628.29,152711.655
2023-10-22T00:00:00Z,1628.29,1640.96,1622.27,1628.72,256639.843
2023-10-22T04:00:00Z,1628.72,1650.41,1622.32,1629.43,468795.340
2023-10-22T08:00:00Z,1629.43,1635.24,1623.53,1627.76,236444.208
2023-10-22T12:00:00Z,1627.75,1636.87,1620,1625.05,286206.289
2023-10-22T16:00:00Z,1625.04,1640.70,1623.41,1634.34,218992.224
2023-10-22T20:00:00Z,1634.33,1667.50,1633.18,1662.83,455480.072
2023-10-23T00:00:00Z,1662.82,1702.11,1656.25,1693.62,791863.340
2023-10-23T04:00:00Z,1693.62,1705.25,1670.34,1675.52,614746.748
2023-10-23T08:00:00Z,1675.52,1683.72,1661.20,1675.99,430465.593
2023-10-23T12:00:00Z,1675.99,1684.80,1662.50,1675.63,478265.353
2023-10-23T16:00:00Z,1675.62,1712,1670,1707.85,923667.574
2023-10-23T20:00:00Z,1707.85,1803,1702.50,1766.35,1801476.038
2023-10-24T00:00:00Z,1766.35,1850,1757.73,1808.74,1414124.126
2023-10-24T04:00:00Z,1808.73,1837,1800.02,1809.82,609467.835
2023-10-24T08:00:00Z,1809.82,1846.08,1806.77,1845.79,616035.821
2023-10-24T12:00:00Z,1845.78,1854.87,1761.29,1777.67,1395068.523
2023-10-24T16:00:00Z,1777.66,1800.18,1755.28,1776.60,661614.353
2023-10-24T20:00:00Z,1776.60,1796.07,1762.72,1784.31,452001.837
2023-10-25T00:00:00Z,1784.30,1806.38,1776.58,1788.46,429227.657
2023-10-25T04:00:00Z,1788.47,1795.27,1760.12,1768.85,381358.177
2023-10-25T08:00:00Z,1768.85,1794,1759.16,1785.76,438120.847
2023-10-25T12:00:00Z,1785.76,1818.55,1778.22,1806.36,697685.236
2023-10-25T16:00:00Z,1806.35,1815.40,1778.74,1789.46,468302.259
2023-10-25T20:00:00Z,1789.48,1796.27,1774.94,1786.71,291491.779
2023-10-26T00:00:00Z,1786.70,1817.32,1778.67,1816.01,378673.579
2023-10-26T04:00:00Z,1816.01,1859,1790.20,1850.56,776192.317
2023-10-26T08:00:00Z,1850.57,1872.64,1802.91,1812.89,1025849.405
2023-10-26T12:00:00Z,1812.90,1825.59,1763.50,1778.04,1062369.209
2023-10-26T16:00:00Z,1778.05,1794.42,1757.25,1792.51,528813.248
2023-10-26T20:00:00Z,1792.50,1811.85,1790.26,1803.30,274506.672
2023-10-27T00:00:00Z,1803.31,1803.92,1772,1791.26,414316.763
2023-10-27T04:00:00Z,1791.25,1796.94,1776,1776.80,304133.844
2023-10-27T08:00:00Z,1776.79,1791.62,1774.88,1781.44,293819.315
2023-10-27T12:00:00Z,1781.43,1797.75,1770.30,1783.32,605533.371
2023-10-27T16:00:00Z,1783.33,1785.30,1735.50,1774.60,636568.053
2023-10-27T20:00:00Z,1774.61,1785.06,1773.99,1780.02,185736.635
2023-10-28T00:00:00Z,1780.03,1795,1779.09,1790.69,191112.094
2023-10-28T04:00:00Z,1790.70,1796.60,1785.80,1788.23,135124.360
2023-10-28T08:00:00Z,1788.24,1806.23,1785.90,1788.39,239976.202
2023-10-28T12:00:00Z,1788.39,1792.63,1775.39,1791.37,257328.693
2023-10-28T16:00:00Z,1791.36,1791.76,1777.06,1777.70,117355.120
2023-10-28T20:00:00Z,1777.71,1784.15,1767.37,1776.76,133647.255
2023-10-29T00:00:00Z,1776.76,1782.50,1762.49,1775.41,189883.625
2023-10-29T04:00:00Z,1775.41,1784.68,1773.15,1783.47,114903.654
2023-10-29T08:00:00Z,1783.48,1794,1783.32,1789.50,206191.273
2023-10-29T12:00:00Z,1789.50,1802,1788.36,1792.62,287532.374
2023-10-29T16:00:00Z,1792.62,1809.39,1786.48,1793.67,291517.525
2023-10-29T20:00:00Z,1793.66,1813.10,1791.57,1795.49,225087.997
2023-10-30T00:00:00Z,1795.48,1798.96,1778.45,1783.19,280040.170
2023-10-30T04:00:00Z,1783.19,1792.85,1778.03,1787.32,235330.559
2023-10-30T08:00:00Z,1787.32,1829.12,1784.47,1816.29,680834.742
2023-10-30T12:00:00Z,1816.29,1832.65,1805.68,1820.84,465167.475
2023-10-30T16:00:00Z,1820.83,1820.84,1776.94,1802.64,455783.838
2023-10-30T20:00:00Z,1802.65,1817.86,1797.37,1809.81,217660.720
2023-10-31T00:00:00Z,1809.82,1820.91,1793.88,1795.81,320997.836
2023-10-31T04:00:00Z,1795.80,1805.44,1786.24,1791.26,294137.580
2023-10-31T08:00:00Z,1791.20,1815,1782.75,1810.16,353932.970
2023-10-31T12:00:00Z,1810.23,1813.63,1781,1792.26,618873.505
2023-10-31T16:00:00Z,1792.26,1816.09,1788.34,1812.43,335603.376
2023-10-31T20:00:00Z,1812.43,1818.95,1802.68,1815.67,232319.849
2023-11-01T00:00:00Z,1815.66,1831.28,1808.61,1810.90,351662.639
2023-11-01T04:00:00Z,1810.90,1811.38,1798.01,1805.44,246551.954
2023-11-01T08:00:00Z,1805.44,1809.14,1792.81,1800.71,270791.843
2023-11-01T12:00:00Z,1800.71,1829,1782.73,1792.94,1027875.186
2023-11-01T16:00:00Z,1792.95,1853.32,1792.55,1836.87,938996.225
2023-11-01T20:00:00Z,1836.86,1861.63,1836.67,1848.20,760792.298
2023-11-02T00:00:00Z,1848.20,1876.26,1841.20,1859.71,619816.965
2023-11-02T04:00:00Z,1859.72,1861.38,1828.55,1836.13,516741.933
2023-11-02T08:00:00Z,1836.13,1841.78,1821.10,1837.14,339677.431
2023-11-02T12:00:00Z,1837.14,1844.29,1800.27,1803.51,733560.486
2023-11-02T16:00:00Z,1803.51,1812.74,1784,1812.49,479663.124
2023-11-02T20:00:00Z,1812.49,1813.72,1791.84,1800.68,213307.127
2023-11-03T00:00:00Z,1800.68,1803.10,1775.36,1798.29,418584.738
2023-11-03T04:00:00Z,1798.28,1802.01,1787.37,1798.74,245848.268
2023-11-03T08:00:00Z,1798.74,1804.82,1780.51,1789.95,368799.658
2023-11-03T12:00:00Z,1789.95,1814.37,1784.79,1812.79,467407.058
2023-11-03T16:00:00Z,1812.79,1824.37,1798.14,1816.89,509072.354
2023-11-03T20:00:00Z,1816.90,1834.32,1814.68,1832.49,274934.853
2023-11-04T00:00:00Z,1832.49,1840,1823.32,1834.72,235618.582
2023-11-04T04:00:00Z,1834.71,1840,1825.56,1833.77,229271.499
2023-11-04T08:00:00Z,1833.77,1847.99,1830.46,1837.38,288994.594
2023-11-04T12:00:00Z,1837.37,1840.99,1827.92,1832.01,174032.403
2023-11-04T16:00:00Z,1832.01,1840.97,1831.21,1835.72,113608.693
2023-11-04T20:00:00Z,1835.73,1870.68,1834.26,1856.08,327208.877
2023-11-05T00:00:00Z,1856.08,1896.50,1846.21,1889.85,466949.436
2023-11-05T04:00:00Z,1889.84,1895.37,1876.70,1885.81,419964.908
2023-11-05T08:00:00Z,1885.82,1898.96,1878.40,1888.80,367536.877
2023-11-05T12:00:00Z,1888.87,1902.72,1865,1874.91,650285.055
2023-11-05T16:00:00Z,1874.91,1914.96,1873.51,1889.17,553524.404
2023-11-05T20:00:00Z,1889.18,1912.97,1852.91,1892.49,590739.965
2023-11-06T00:00:00Z,1892.49,1901.40,1880.99,1887.98,288320.674
2023-11-06T04:00:00Z,1888,1890.54,1869.13,1879,289098.448
2023-11-06T08:00:00Z,1879,1899.87,1873.43,1899.39,334308.081
2023-11-06T12:00:00Z,1899.39,1916.80,1888.77,1901.88,728950.760
2023-11-06T16:00:00Z,1901.89,1904.98,1886.08,1902.62,438171.782
2023-11-06T20:00:00Z,1902.62,1907.87,1881.30,1901.71,281268.828
2023-11-07T00:00:00Z,1901.72,1904.69,1877.94,1891,373267.364
2023-11-07T04:00:00Z,1890.99,1897.54,1886.33,1892.59,177849.840
2023-11-07T08:00:00Z,1892.59,1895.72,1866.83,1873.98,477169.815
2023-11-07T12:00:00Z,1873.99,1880.78,1857.04,1863.85,452829.725
2023-11-07T16:00:00Z,1863.85,1901.76,1850.10,1895.18,835708.661
2023-11-07T20:00:00Z,1895.19,1908.47,1872.31,1885.79,430829.069
2023-11-08T00:00:00Z,1885.79,1893.61,1880.53,1883.09,182590.974
2023-11-08T04:00:00Z,1883.09,1887.59,1873.13,1875.46,180523.413
2023-11-08T08:00:00Z,1875.46,1889.82,1874.04,1881.10,198227.724
2023-11-08T12:00:00Z,1881.11,1893.51,1880.10,1889.62,270656.319
2023-11-08T16:00:00Z,1889.62,1906.20,1887.09,1900.04,382568.059
2023-11-08T20:00:00Z,1900.04,1906.01,1883.02,1888.42,457153.988
2023-11-09T00:00:00Z,1888.42,1930,1881.79,1919.66,793914.083
2023-11-09T04:00:00Z,1919.65,1930.70,1910.01,1912.50,467067.497
2023-11-09T08:00:00Z,1912.49,1920.64,1904.49,1913.91,441923.817
2023-11-09T12:00:00Z,1913.91,2065,1908.45,2039.56,2914946.118
2023-11-09T16:00:00Z,2039.55,2053.36,1973,2019.79,1861948.334
2023-11-09T20:00:00Z,2019.78,2134.30,2012.05,2122.92,1622328.636
2023-11-10T00:00:00Z,2122.92,2130.99,2096.06,2123,735290.833
2023-11-10T04:00:00Z,2122.99,2139.60,2102.40,2104.64,643767.867
2023-11-10T08:00:00Z,2104.64,2111.02,2084.31,2098.14,647710.691
2023-11-10T12:00:00Z,2098.14,2100.70,2066,2085.32,687986.329
2023-11-10T16:00:00Z,2091.11,2105.07,2086.50,2089.42,430091.142
2023-11-10T20:00:00Z,2089.42,2101.30,2070.31,2079.10,365354.816
2023-11-11T00:00:00Z,2079.10,2086.29,2021,2047.79,685502.348
2023-11-11T04:00:00Z,2047.79,2062.48,2035.52,2056.58,283103.224
2023-11-11T08:00:00Z,2056.60,2068.48,2047.25,2059.53,252346.825
2023-11-11T12:00:00Z,2059.52,2091.40,2054.02,2069.32,469529.979
2023-11-11T16:00:00Z,2069.34,2091.97,2067.91,2077.46,351480.193
2023-11-11T20:00:00Z,2077.47,2077.76,2032,2054.52,442086.381
2023-11-12T00:00:00Z,2054.53,2056.60,2011.50,2052.89,477904.376
2023-11-12T04:00:00Z,2052.88,2061.88,2045.08,2058.90,202198.667
2023-11-12T08:00:00Z,2058.90,2060.38,2047.40,2049.37,177338.887
2023-11-12T12:00:00Z,2049.37,2068.96,2036.60,2058.35,336260.808
2023-11-12T16:00:00Z,2058.36,2061.39,2046.05,2050.68,190486.284
2023-11-12T20:00:00Z,2050.69,2068.50,2030,2046.08,335106.974
2023-11-13T00:00:00Z,2046.07,2076,2037.05,2041.16,579130.371
2023-11-13T04:00:00Z,2041.16,2057.98,2030,2049.36,393475.893
2023-11-13T08:00:00Z,2049.37,2062.72,2040,2048.38,336015.377
2023-11-13T12:00:00Z,2048.38,2109.89,2040,2106.67,1176063.349
2023-11-13T16:00:00Z,2106.67,2120,2066,2101.30,802430.549
2023-11-13T20:00:00Z,2101.30,2104.20,2044.60,2055.18,720492.118
2023-11-14T00:00:00Z,2055.18,2060,2032.34,2056.99,464898.863
2023-11-14T04:00:00Z,2056.98,2065.71,2048.72,2061.50,192221.595
2023-11-14T08:00:00Z,2061.50,2066.39,2026.38,2033.21,442556.163
2023-11-14T12:00:00Z,2033.21,2055.96,2018.90,2039.61,877571.413
2023-11-14T16:00:00Z,2039.60,2055.75,1920,1979.76,1436662.140
2023-11-14T20:00:00Z,1979.75,1995.83,1969.03,1980.11,390026.838
2023-11-15T00:00:00Z,1980.11,1992.63,1967.85,1968.77,302893.302
2023-11-15T04:00:00Z,1968.77,1988.58,1968.18,1984.15,225803.939
2023-11-15T08:00:00Z,1984.15,2015.96,1982.01,2013.96,469032.367
2023-11-15T12:00:00Z,2013.97,2024.68,2005.97,2022.05,483838.999
2023-11-15T16:00:00Z,2022.06,2055.18,2001.28,2052.78,1037456.072
2023-11-15T20:00:00Z,2052.78,2064.08,2036.61,2059.29,525692.685
2023-11-16T00:00:00Z,2059.30,2082.80,2052,2054.52,464359.282
2023-11-16T04:00:00Z,2054.52,2066.52,2049.14,2054.71,242607.301
2023-11-16T08:00:00Z,2054.71,2093,2037.03,2070.03,766103.942
2023-11-16T12:00:00Z,2070.03,2070.80,1980.10,1996.43,1333428.229
2023-11-16T16:00:00Z,1996.43,2015.96,1938.40,1966.07,1092242.338
2023-11-16T20:00:00Z,1966.07,1971.15,1945.65,1962.13,449593.537
2023-11-17T00:00:00Z,1962.14,1992.26,1959.91,1984.59,351064.735
2023-11-17T04:00:00Z,1984.59,1987.82,1968.14,1971.11,285677.755
2023-11-17T08:00:00Z,1971.12,1982.99,1955,1966.73,437882.075
2023-11-17T12:00:00Z,1966.73,1972,1913.01,1919.44,959716.570
2023-11-17T16:00:00Z,1919.45,1949.96,1903.81,1939.79,833428.689
2023-11-17T20:00:00Z,1939.78,1970.11,1938.05,1961.21,360615.694
2023-11-18T00:00:00Z,1961.21,1962.20,1940.52,1942.10,221271.650
2023-11-18T04:00:00Z,1942.09,1946.92,1916,1936.61,337511.431
2023-11-18T08:00:00Z,1936.61,1946,1931.42,1935.99,213735.878
2023-11-18T12:00:00Z,1935.99,1955.62,1931.35,1953.42,294354.208
2023-11-18T16:00:00Z,1953.41,1972.06,1952.87,1964.61,406469.031
2023-11-18T20:00:00Z,1964.61,1966.96,1950.50,1963.19,169811.961
2023-11-19T00:00:00Z,1963.19,1963.85,1943.44,1956.17,252544.464
2023-11-19T04:00:00Z,1956.18,1967.74,1953.13,1962.52,158089.846
2023-11-19T08:00:00Z,1962.52,1967.26,1945.72,1952.25,234293.735
2023-11-19T12:00:00Z,1952.24,1969.80,1945.05,1967.22,250948.116
2023-11-19T16:00:00Z,1967.22,1985.71,1966,1984.03,347036.233
2023-11-19T20:00:00Z,1984.03,2016.45,1976.17,2012.46,483357.178
2023-11-20T00:00:00Z,2012.45,2013.96,1995.81,2000.69,297954.723
2023-11-20T04:00:00Z,2000.68,2028.20,1993.85,2020.20,285271.130
2023-11-20T08:00:00Z,2020.23,2044.33,2009.46,2025.14,566795.266
2023-11-20T12:00:00Z,2025.14,2051.56,1981.96,2043.11,816428.871
2023-11-20T16:00:00Z,2043.11,2068.80,2010.78,2037.36,1004199.079
2023-11-20T20:00:00Z,2037.36,2040.55,2015,2022.41,310196.726
2023-11-21T00:00:00Z,2022.41,2036.06,2007.63,2019.78,348918.219
2023-11-21T04:00:00Z,2019.77,2020.54,2003.72,2004.89,221436.916
2023-11-21T08:00:00Z,2004.89,2018.75,2001.98,2004.81,268026.857
2023-11-21T12:00:00Z,2004.80,2016.40,1952,1988.84,1323882.273
2023-11-21T16:00:00Z,1988.82,2025,1960.43,1986.54,1169636.002
2023-11-21T20:00:00Z,1986.56,2007.64,1929.85,1933.44,773206.765
2023-11-22T00:00:00Z,1933.44,1980.80,1928.74,1978.76,394736.916
2023-11-22T04:00:00Z,1978.76,2002.62,1977.48,1993.97,355225.690
2023-11-22T08:00:00Z,1993.97,2030,1992.13,2015.45,517357.440
2023-11-22T12:00:00Z,2015.45,2046.61,2011.22,2033.87,678034.979
2023-11-22T16:00:00Z,2033.87,2084.40,2028.02,2077.35,963075.933
2023-11-22T20:00:00Z,2077.34,2093.78,2058.04,2063.91,617253.134
2023-11-23T00:00:00Z,2063.92,2072.21,2053.64,2060.12,289788.846
2023-11-23T04:00:00Z,2060.11,2070.64,2058.20,2066.45,182098.075
2023-11-23T08:00:00Z,2066.45,2089.75,2033.50,2063.25,628385.739
2023-11-23T12:00:00Z,2063.26,2071.46,2040.21,2042.49,521821.877
2023-11-23T16:00:00Z,2042.50,2067.72,2040.45,2062.55,261730.768
2023-11-23T20:00:00Z,2062.55,2078.41,2059.81,2062.68,217457.022
2023-11-24T00:00:00Z,2062.67,2078,2059.63,2064.06,207603.782
2023-11-24T04:00:00Z,2064.05,2085,2062.54,2080.50,242857.988
2023-11-24T08:00:00Z,2080.50,2129.96,2075.14,2097.92,942621.699
2023-11-24T12:00:00Z,2097.95,2135,2096.44,2117.46,692058.732
2023-11-24T16:00:00Z,2117.45,2126.50,2079.03,2088.01,720346.090
2023-11-24T20:00:00Z,2088.01,2096.45,2057.77,2081.16,426481.525
2023-11-25T00:00:00Z,2081.16,2089.80,2072.96,2086.95,220871.324
2023-11-25T04:00:00Z,2086.95,2090.49,2080.34,2088.47,126282.941
2023-11-25T08:00:00Z,2088.47,2090.79,2065.59,2070.92,231095.820
2023-11-25T12:00:00Z,2070.93,2079.70,2067.32,2078,188754.699
2023-11-25T16:00:00Z,2078,2084.63,2074,2082.50,152065.667
2023-11-25T20:00:00Z,2082.49,2086.94,2080.04,2082.87,108388.242
2023-11-26T00:00:00Z,2082.87,2084.24,2067.04,2076.36,180592.329
2023-11-26T04:00:00Z,2076.36,2093.46,2070.77,2089.19,255391.494
2023-11-26T08:00:00Z,2089.19,2094.96,2081.16,2085.06,189812.892
2023-11-26T12:00:00Z,2085.06,2090.77,2060,2064.50,612356.309
2023-11-26T16:00:00Z,2064.50,2069.42,2035,2056.63,609762.358
2023-11-26T20:00:00Z,2056.63,2082.79,2055.17,2061.97,417636.668
2023-11-27T00:00:00Z,2061.97,2071,2037.68,2048.06,315901.412
2023-11-27T04:00:00Z,2048.06,2054.66,2027.70,2045.10,345865.078
2023-11-27T08:00:00Z,2045.10,2052.87,2016.40,2024.91,592363.824
2023-11-27T12:00:00Z,2024.92,2029.54,1998,2003.15,645575.475
2023-11-27T16:00:00Z,2003.15,2024.70,1985,1994.64,637379.303
2023-11-27T20:00:00Z,1994.64,2029.96,1987,2027.57,358316.382
2023-11-28T00:00:00Z,2027.57,2041.36,2020.01,2027.25,281689.510
2023-11-28T04:00:00Z,2027.25,2029.72,1994.85,2014.17,481377.541
2023-11-28T08:00:00Z,2014.18,2029,2005.42,2027.98,290678.793
2023-11-28T12:00:00Z,2027.99,2042.51,2019.18,2036.30,422885.095
2023-11-28T16:00:00Z,2036.31,2075.87,2034.93,2059.13,842731.644
2023-11-28T20:00:00Z,2059.12,2065.40,2042.40,2048.20,282216.864
2023-11-29T00:00:00Z,2048.21,2057.87,2039,2053.45,261715.726
2023-11-29T04:00:00Z,2053.45,2063.80,2047.18,2057.55,206181.208
2023-11-29T08:00:00Z,2057.55,2077,2044.41,2052.58,453012.170
2023-11-29T12:00:00Z,2052.58,2062.08,2020,2031.53,592840.800
2023-11-29T16:00:00Z,2031.52,2042.21,2018.56,2038.47,362655.319
2023-11-29T20:00:00Z,2038.48,2039.87,2018.97,2028.41,213894.032
2023-11-30T00:00:00Z,2028.41,2040.75,2022,2040.08,220258.416
2023-11-30T04:00:00Z,2040.09,2043.70,2031.03,2035.51,258658.752
2023-11-30T08:00:00Z,2035.52,2046.97,2020.40,2045.23,286015.669
2023-11-30T12:00:00Z,2045.23,2052.78,2024.24,2033.29,543955.518
2023-11-30T16:00:00Z,2033.29,2044,2028.29,2041.24,203466.981
2023-11-30T20:00:00Z,2041.25,2054.97,2039.23,2051.76,190546.076
2023-12-01T00:00:00Z,2051.77,2093.77,2044.35,2092.10,609016.778
2023-12-01T04:00:00Z,2092.11,2108.83,2086.73,2092.29,467770.866
2023-12-01T08:00:00Z,2092.30,2111.50,2086.08,2092.21,503870.139
2023-12-01T12:00:00Z,2092.21,2094.31,2070.30,2079.43,451366.064
2023-12-01T16:00:00Z,2079.44,2110,2077.45,2089.64,717819.984
2023-12-01T20:00:00Z,2089.65,2096.68,2081.86,2086.99,158892.721
2023-12-02T00:00:00Z,2086.99,2097,2085.63,2092.47,149105.269
2023-12-02T04:00:00Z,2092.46,2106.47,2089.52,2095.65,193430.506
2023-12-02T08:00:00Z,2095.66,2107.52,2095.65,2098.52,192052.435
2023-12-02T12:00:00Z,2098.53,2108.99,2091.81,2103.59,306671.594
2023-12-02T16:00:00Z,2103.59,2199.99,2097,2159.10,1453676.249
2023-12-02T20:00:00Z,2159.09,2177.91,2152.86,2165.28,408936.664
2023-12-03T00:00:00Z,2165.26,2177.94,2155.90,2162.38,285178.927
2023-12-03T04:00:00Z,2162.39,2165.80,2152.81,2165.07,197469.573
2023-12-03T08:00:00Z,2165.07,2168.85,2156.59,2159.28,181298.833
2023-12-03T12:00:00Z,2159.27,2165.91,2148.17,2160.35,428689.929
2023-12-03T16:00:00Z,2160.36,2169.24,2149.14,2167.59,269799.669
2023-12-03T20:00:00Z,2167.60,2219.17,2165.09,2193.24,775939.098
2023-12-04T00:00:00Z,2193.25,2230,2191.52,2210.77,576404.774
2023-12-04T04:00:00Z,2210.78,2267,2210.38,2247.57,773423.271
2023-12-04T08:00:00Z,2247.58,2276.84,2213.60,2238.45,954995.577
2023-12-04T12:00:00Z,2238.46,2256.70,2200.90,2212.52,719905.399
2023-12-04T16:00:00Z,2212.52,2236.17,2210.17,2234.82,384288.485
2023-12-04T20:00:00Z,2234.81,2254.80,2220.20,2243.66,374361.371
2023-12-05T00:00:00Z,2243.67,2253.60,2223,2231.36,337431.554
2023-12-05T04:00:00Z,2231.36,2238.33,2186,2200.19,527088.409
2023-12-05T08:00:00Z,2200.19,2210.62,2190.03,2204.67,421792.902
2023-12-05T12:00:00Z,2204.67,2234.81,2199.19,2228.43,562206.983
2023-12-05T16:00:00Z,2228.44,2311.51,2219.53,2273.75,1698959.103
2023-12-05T20:00:00Z,2273.76,2299.91,2252.18,2293.97,574240.609
2023-12-06T00:00:00Z,2293.97,2314.98,2275,2282.93,582540.880
2023-12-06T04:00:00Z,2282.94,2285.67,2258.83,2266.41,367888.006
2023-12-06T08:00:00Z,2266.41,2288.88,2232.82,2253.48,643729.108
2023-12-06T12:00:00Z,2253.47,2269.66,2247.05,2252.84,492994.374
2023-12-06T16:00:00Z,2252.85,2285.82,2250.63,2263.72,397902.216
2023-12-06T20:00:00Z,2263.72,2266,2218.49,2233.29,450122.357
2023-12-07T00:00:00Z,2233.32,2250.73,2230.79,2249.78,204892.151
2023-12-07T04:00:00Z,2249.77,2270,2248.37,2261.96,245048.103
2023-12-07T08:00:00Z,2261.96,2269.79,2222.08,2236.98,625541.757
2023-12-07T12:00:00Z,2236.97,2332.89,2232.68,2322.81,937989.435
2023-12-07T16:00:00Z,2322.82,2359.05,2317.50,2337.55,983448.148
2023-12-07T20:00:00Z,2337.56,2387.20,2336.87,2357.04,595148.552
2023-12-08T00:00:00Z,2357.05,2389.95,2353.21,2376.35,389349.374
2023-12-08T04:00:00Z,2376.35,2397.44,2354.21,2354.99,451042.630
2023-12-08T08:00:00Z,2355,2374.97,2345.71,2367.11,434054.610
2023-12-08T12:00:00Z,2367.08,2380,2333.36,2347.44,734574.211
2023-12-08T16:00:00Z,2347.43,2363.30,2340.54,2354.44,348181.711
2023-12-08T20:00:00Z,2354.43,2379.56,2353.40,2360.82,334778.687
2023-12-09T00:00:00Z,2360.82,2368.43,2350.08,2361.79,193163.889
2023-12-09T04:00:00Z,2361.79,2390.20,2361.01,2385.40,339423.349
2023-12-09T08:00:00Z,2385.27,2407.63,2350,2358.68,809273.194
2023-12-09T12:00:00Z,2358.67,2371.85,2336.90,2364.54,509660.270
2023-12-09T16:00:00Z,2364.55,2367.35,2343.52,2359.46,272059.592
2023-12-09T20:00:00Z,2359.46,2364.30,2328,2342.40,298675.076
2023-12-10T00:00:00Z,2342.41,2357,2341.48,2353.03,188367.925
2023-12-10T04:00:00Z,2353.03,2360.69,2346,2355.38,145715.904
2023-12-10T08:00:00Z,2355.31,2357.96,2323,2339.44,369614.608
2023-12-10T12:00:00Z,2339.44,2357.77,2338.79,2353.52,260494.320
2023-12-10T16:00:00Z,2353.53,2364.56,2342.11,2357.12,228159.845
2023-12-10T20:00:00Z,2357.12,2379.98,2344.31,2353.97,317436.102
2023-12-11T00:00:00Z,2353.99,2356.73,2114.63,2251.31,1538054.207
2023-12-11T04:00:00Z,2251.32,2254.89,2225.66,2237.15,554825.985
2023-12-11T08:00:00Z,2237.16,2253.80,2230.40,2249.97,337372.377
2023-12-11T12:00:00Z,2249.96,2252.54,2199.50,2220.05,624065.860
2023-12-11T16:00:00Z,2220.05,2223.45,2156,2188.61,1242424.752
2023-12-11T20:00:00Z,2188.60,2227.99,2181.98,2225.56,418443.199
2023-12-12T00:00:00Z,2225.55,2245.37,2222.10,2232.23,375176.065
2023-12-12T04:00:00Z,2232.24,2239.96,2213.12,2233.92,363018.884
2023-12-12T08:00:00Z,2233.92,2239.17,2208.01,2209.51,303088.406
2023-12-12T12:00:00Z,2209.52,2234.80,2186.42,2194.71,719106.242
2023-12-12T16:00:00Z,2194.70,2200.31,2168.38,2180.44,655406.420
2023-12-12T20:00:00Z,2180.44,2207.91,2164.82,2204.70,446111.875
2023-12-13T00:00:00Z,2204.71,2208.47,2146,2167.28,649575.324
2023-12-13T04:00:00Z,2167.29,2181.86,2145.33,2174.44,522111.695
2023-12-13T08:00:00Z,2174.45,2187.89,2168.90,2173.04,351478.385
2023-12-13T12:00:00Z,2173.05,2227,2170.53,2218.78,604239.767
2023-12-13T16:00:00Z,2218.78,2257.13,2202.27,2253.77,682902.217
2023-12-13T20:00:00Z,2253.78,2285.91,2246.04,2261.44,590511.344
2023-12-14T00:00:00Z,2261.45,2263.57,2246.13,2252.34,256341.771
2023-12-14T04:00:00Z,2252.35,2284.27,2246.89,2283.20,402436.972
2023-12-14T08:00:00Z,2283.20,2309,2271.79,2308.57,665420.375
2023-12-14T12:00:00Z,2308.57,2319,2212.04,2275.95,1162576.991
2023-12-14T16:00:00Z,2275.94,2315,2275.05,2293.19,495573.557
2023-12-14T20:00:00Z,2293.19,2333.29,2283.27,2316.54,296692.626
2023-12-15T00:00:00Z,2316.53,2319.32,2273,2281.72,374281.190
2023-12-15T04:00:00Z,2281.73,2284.44,2256.75,2272.50,456745.655
2023-12-15T08:00:00Z,2272.49,2288.17,2266.18,2274.31,366099.905
2023-12-15T12:00:00Z,2274.31,2275,2225.57,2233.19,692447.533
2023-12-15T16:00:00Z,2233.18,2250.38,2228.94,2243.24,340607.728
2023-12-15T20:00:00Z,2243.24,2253.77,2195.28,2221.71,389403.022
2023-12-16T00:00:00Z,2221.71,2261,2211.16,2255.57,429075.150
2023-12-16T04:00:00Z,2255.57,2256.62,2238.60,2242.54,183624.911
2023-12-16T08:00:00Z,2242.54,2254.92,2240.48,2254.91,176271.271
2023-12-16T12:00:00Z,2254.90,2260.73,2240.03,2257.82,292117.136
2023-12-16T16:00:00Z,2257.83,2264.95,2230.65,2236.02,304888.383
2023-12-16T20:00:00Z,2236.04,2242.60,2220,2229.64,229420.603
2023-12-17T00:00:00Z,2229.63,2234.98,2212.50,2217.74,239378.712
2023-12-17T04:00:00Z,2217.72,2225.39,2201.28,2209.79,280614.916
2023-12-17T08:00:00Z,2209.79,2221.99,2206.08,2217.29,219244.903
2023-12-17T12:00:00Z,2217.29,2227.99,2200,2223.55,331498.630
