timestamp,open,high,low,close,volume
2022-01-01T00:00:00Z,170.0100,174.3600,169.9000,172.9300,369077
2022-01-01T04:00:00Z,172.9400,174.3100,171.3400,173.1600,318583
2022-01-01T08:00:00Z,173.1700,173.3700,170.5200,171.5800,273069
2022-01-01T12:00:00Z,171.5700,174.2400,171.4600,173.7900,238497
2022-01-01T16:00:00Z,173.8100,177.3600,173.5500,177.3100,436022
2022-01-01T20:00:00Z,177.3100,179.1900,176.1300,179.0500,715673
2022-01-02T00:00:00Z,179.0600,179.6500,177.0100,177.6700,370262
2022-01-02T04:00:00Z,177.6700,178.0700,175.1100,175.8500,327331
2022-01-02T08:00:00Z,175.8500,176.2300,174.4600,175.6000,334766
2022-01-02T12:00:00Z,175.6000,176.7500,175.0000,176.1900,285180
2022-01-02T16:00:00Z,176.1800,178.8200,174.3100,175.3300,560921
2022-01-02T20:00:00Z,175.3200,177.1000,174.7000,176.2900,262496
2022-01-03T00:00:00Z,176.2700,176.4400,172.1800,172.8200,379055
2022-01-03T04:00:00Z,172.8200,173.8300,172.0000,173.1800,332126
2022-01-03T08:00:00Z,173.1800,175.0400,172.3000,174.7800,369024
2022-01-03T12:00:00Z,174.7700,175.8600,170.8400,171.0200,582717
2022-01-03T16:00:00Z,171.0200,171.7600,168.8200,170.0000,615564
2022-01-03T20:00:00Z,169.9900,171.1200,166.6600,170.1800,726220
2022-01-04T00:00:00Z,170.2000,170.5000,166.9100,167.8400,453932
2022-01-04T04:00:00Z,167.8400,169.4400,166.3800,169.0600,433381
2022-01-04T08:00:00Z,169.0600,172.3200,167.3200,171.6100,690033
2022-01-04T12:00:00Z,171.6200,173.9000,170.5200,172.2100,826363
2022-01-04T16:00:00Z,172.1800,172.5000,167.0900,168.6300,817653
2022-01-04T20:00:00Z,168.6400,169.5500,167.5200,167.8300,362895
2022-01-05T00:00:00Z,167.8700,169.3300,167.2300,169.2000,333255
2022-01-05T04:00:00Z,169.2100,170.5000,168.1600,169.9300,257495
2022-01-05T08:00:00Z,169.9500,171.4000,168.0000,168.5300,499831
2022-01-05T12:00:00Z,168.5400,169.3400,167.5300,168.3800,558324
2022-01-05T16:00:00Z,168.3900,168.7300,157.4700,158.6900,1532166
2022-01-05T20:00:00Z,158.6900,159.7800,144.5000,154.3800,2433156
2022-01-06T00:00:00Z,154.4100,154.7600,147.9900,148.0900,859641
2022-01-06T04:00:00Z,148.0900,150.9400,147.0200,150.6700,854050
2022-01-06T08:00:00Z,150.6900,150.9600,146.2200,147.5500,870537
2022-01-06T12:00:00Z,147.5600,151.0900,146.3000,149.6200,936436
2022-01-06T16:00:00Z,149.6400,154.3200,148.8000,153.7600,717300
2022-01-06T20:00:00Z,153.7800,153.9000,150.0200,150.2600,520392
2022-01-07T00:00:00Z,150.2800,150.7400,137.5700,139.6200,2094315
2022-01-07T04:00:00Z,139.6200,141.1200,134.4400,138.9200,2243377
2022-01-07T08:00:00Z,138.9500,143.2900,138.2000,139.1700,1366193
2022-01-07T12:00:00Z,139.1700,142.7800,132.9800,135.9500,1816086
2022-01-07T16:00:00Z,135.9500,140.4900,134.4200,140.2300,1203560
2022-01-07T20:00:00Z,140.2400,140.9700,135.8800,136.4300,628264
2022-01-08T00:00:00Z,136.4300,141.5700,135.7800,139.4000,694381
2022-01-08T04:00:00Z,139.3900,144.5700,139.3000,144.2600,781747
2022-01-08T08:00:00Z,144.3000,147.9800,144.1200,146.3600,1365012
2022-01-08T12:00:00Z,146.3600,146.7700,142.1500,144.1500,1164882
2022-01-08T16:00:00Z,144.1500,146.1500,132.8900,135.3700,3208197
2022-01-08T20:00:00Z,135.3700,146.8800,134.5200,142.1500,2563356
2022-01-09T00:00:00Z,142.1200,145.4100,140.7400,141.9100,1347330
2022-01-09T04:00:00Z,141.9000,143.7000,140.0000,140.3400,601099
2022-01-09T08:00:00Z,140.3400,141.3100,137.8000,140.5400,861953
2022-01-09T12:00:00Z,140.5500,140.8900,137.8300,140.0900,784857
2022-01-09T16:00:00Z,140.0900,145.6700,139.6100,145.2000,1348781
2022-01-09T20:00:00Z,145.2300,145.6300,139.8900,140.7700,729771
2022-01-10T00:00:00Z,140.7400,142.5000,138.7700,140.5500,598258
2022-01-10T04:00:00Z,140.5500,143.7500,140.2200,142.9900,587578
2022-01-10T08:00:00Z,143.0200,143.4400,138.8700,139.3900,644459
2022-01-10T12:00:00Z,139.3900,139.7200,129.4500,133.1400,2942541
2022-01-10T16:00:00Z,133.1400,137.5000,130.9000,132.6300,1848624
2022-01-10T20:00:00Z,132.6400,136.0300,131.8000,135.7300,712309
2022-01-11T00:00:00Z,135.7400,137.4900,133.5700,137.2600,632711
2022-01-11T04:00:00Z,137.2700,137.8700,135.0100,137.2000,462860
2022-01-11T08:00:00Z,137.2100,138.3800,134.2300,135.3500,692713
2022-01-11T12:00:00Z,135.3500,138.0000,135.0100,137.0600,821136
2022-01-11T16:00:00Z,137.0600,143.4000,136.8500,142.3200,1445380
2022-01-11T20:00:00Z,142.3500,143.0700,139.5600,140.1300,469525
2022-01-12T00:00:00Z,140.1400,141.4900,139.0900,140.0500,448948
2022-01-12T04:00:00Z,140.0500,140.8600,138.1700,138.9600,509430
2022-01-12T08:00:00Z,138.9400,144.1400,138.6600,141.4200,1147367
2022-01-12T12:00:00Z,141.4200,148.7000,141.1700,147.6500,1842389
2022-01-12T16:00:00Z,147.6600,153.2300,147.5200,152.6200,1755318
2022-01-12T20:00:00Z,152.6300,153.3000,151.2500,151.4800,735876
2022-01-13T00:00:00Z,151.4800,152.2400,148.1700,148.6700,624792
2022-01-13T04:00:00Z,148.6800,151.6000,148.6100,151.3800,474012
2022-01-13T08:00:00Z,151.3700,152.8700,149.8000,150.3000,757802
2022-01-13T12:00:00Z,150.2900,157.7500,150.2300,154.9000,2261217
2022-01-13T16:00:00Z,154.9000,155.4000,146.5500,147.6900,1892070
2022-01-13T20:00:00Z,147.6800,150.0000,145.4700,146.1000,1005370
2022-01-14T00:00:00Z,146.0900,147.9700,144.1900,147.4500,675634
2022-01-14T04:00:00Z,147.4500,150.5700,146.6900,147.6500,710393
2022-01-14T08:00:00Z,147.6600,147.7300,141.9200,143.4400,1118084
2022-01-14T12:00:00Z,143.4200,148.3000,141.9100,147.2700,1237620
2022-01-14T16:00:00Z,147.2600,149.7200,145.6000,148.2400,753895
2022-01-14T20:00:00Z,148.2300,148.9200,145.2500,146.1300,518402
2022-01-15T00:00:00Z,146.1300,147.2200,145.0100,145.9600,337257
2022-01-15T04:00:00Z,145.9500,146.2600,144.5000,145.5100,379752
2022-01-15T08:00:00Z,145.5000,146.8000,144.7200,146.3100,368305
2022-01-15T12:00:00Z,146.3100,148.6100,143.8000,147.9800,831644
2022-01-15T16:00:00Z,147.9900,148.8300,147.0200,147.9200,584475
2022-01-15T20:00:00Z,147.9200,149.4800,147.3200,147.5700,444517
2022-01-16T00:00:00Z,147.5700,148.1900,146.0300,146.8200,364996
2022-01-16T04:00:00Z,146.8200,150.1000,146.3100,149.6600,464804
2022-01-16T08:00:00Z,149.6800,150.7200,147.6000,148.1200,553240
2022-01-16T12:00:00Z,148.1100,151.9300,147.0100,149.9500,989020
2022-01-16T16:00:00Z,149.9500,150.9100,147.6800,147.9300,571518
2022-01-16T20:00:00Z,147.9300,148.5700,146.2500,147.9200,557257
2022-01-17T00:00:00Z,147.9300,148.2200,142.8000,142.9000,782553
2022-01-17T04:00:00Z,142.9200,143.8600,141.5800,143.1600,602603
2022-01-17T08:00:00Z,143.1900,144.0300,142.2400,142.4500,475967
2022-01-17T12:00:00Z,142.4600,143.7600,140.9200,142.0700,687147
2022-01-17T16:00:00Z,142.0700,142.4600,138.8000,139.8500,994763
2022-01-17T20:00:00Z,139.8700,140.2600,137.0000,139.7400,717575
2022-01-18T00:00:00Z,139.7400,141.8200,138.8800,139.2300,639124
2022-01-18T04:00:00Z,139.2200,140.8000,138.0800,140.1500,387394
2022-01-18T08:00:00Z,140.1500,140.3300,135.8100,137.6000,662570
2022-01-18T12:00:00Z,137.5900,138.2300,134.2400,136.5800,980311
2022-01-18T16:00:00Z,136.5800,137.8200,135.5900,136.9600,520722
2022-01-18T20:00:00Z,136.9700,142.6200,136.3300,141.1900,737214
2022-01-19T00:00:00Z,141.2100,142.6600,136.8700,137.9400,732630
2022-01-19T04:00:00Z,137.9600,139.1100,134.0000,134.4100,581037
2022-01-19T08:00:00Z,134.4200,136.3000,132.7000,136.0800,911370
2022-01-19T12:00:00Z,136.0800,138.6200,135.4000,136.9000,822251
2022-01-19T16:00:00Z,136.8900,138.0000,135.2500,136.7000,747934
2022-01-19T20:00:00Z,136.7000,137.4300,135.0000,135.2100,547818
2022-01-20T00:00:00Z,135.2000,137.2200,134.4300,137.0200,388609
2022-01-20T04:00:00Z,137.0200,137.8500,136.1700,137.3900,263163
2022-01-20T08:00:00Z,137.3900,138.1700,135.5800,137.8700,483592
2022-01-20T12:00:00Z,137.8500,143.4500,136.9500,143.0000,1235763
2022-01-20T16:00:00Z,143.0000,143.7800,139.6700,139.9200,1111671
2022-01-20T20:00:00Z,139.9000,140.2100,125.7800,127.4500,2026415
2022-01-21T00:00:00Z,127.4500,128.7000,120.9400,124.1800,2958084
2022-01-21T04:00:00Z,124.1800,126.8100,123.7500,126.4600,960312
2022-01-21T08:00:00Z,126.4500,126.8500,121.2400,122.1500,951452
2022-01-21T12:00:00Z,122.1500,122.6900,115.5000,121.7700,2961026
2022-01-21T16:00:00Z,121.7800,126.7700,120.1100,120.3200,3061166
2022-01-21T20:00:00Z,120.3200,122.1100,106.0200,112.2000,5085792
2022-01-22T00:00:00Z,112.2100,114.1300,108.3100,109.6600,1844562
2022-01-22T04:00:00Z,109.6700,110.3900,98.1500,100.3200,3523652
2022-01-22T08:00:00Z,100.3200,103.7300,87.4700,98.6000,5905538
2022-01-22T12:00:00Z,98.6000,103.2600,92.8400,92.9900,3273357
2022-01-22T16:00:00Z,92.9900,98.5000,88.4900,90.5000,4460390
2022-01-22T20:00:00Z,90.4900,97.2500,89.6000,94.4600,2837021
2022-01-23T00:00:00Z,94.4800,99.1700,93.1500,94.2800,2092034
2022-01-23T04:00:00Z,94.2700,101.4700,93.3800,101.1300,1696101
2022-01-23T08:00:00Z,101.1300,104.6200,99.6800,101.8200,2483007
2022-01-23T12:00:00Z,101.8200,103.1100,95.9700,98.8100,2336959
2022-01-23T16:00:00Z,98.8200,99.6900,93.8300,94.7200,1792444
2022-01-23T20:00:00Z,94.7000,101.8600,94.1500,99.6700,2075278
2022-01-24T00:00:00Z,99.6600,99.8100,91.1300,92.0300,2931394
2022-01-24T04:00:00Z,92.0200,92.7600,85.9600,86.7100,2649892
2022-01-24T08:00:00Z,86.7200,89.6500,81.5800,83.9400,5772962
2022-01-24T12:00:00Z,83.9300,88.0000,80.7000,87.4400,7017704
2022-01-24T16:00:00Z,87.4300,91.5000,83.3400,89.5600,5005305
2022-01-24T20:00:00Z,89.5600,96.1500,89.4400,91.8500,3477673
2022-01-25T00:00:00Z,91.8500,91.9600,87.8200,90.0200,1657577
2022-01-25T04:00:00Z,90.0300,90.7000,87.3900,89.9100,1547147
2022-01-25T08:00:00Z,89.8800,94.5800,89.8300,91.5300,2264500
2022-01-25T12:00:00Z,91.5300,94.8700,90.3300,92.8800,2571554
2022-01-25T16:00:00Z,92.8600,99.8500,92.5300,96.0800,3271107
2022-01-25T20:00:00Z,96.0800,96.2300,91.8600,94.5400,2110926
2022-01-26T00:00:00Z,94.5700,95.3700,91.3000,94.6200,1424279
2022-01-26T04:00:00Z,94.6200,96.9300,93.5600,94.4100,1210840
2022-01-26T08:00:00Z,94.4000,98.1700,94.3500,97.9600,1570229
2022-01-26T12:00:00Z,97.9500,101.9700,95.8900,98.7200,3104795
2022-01-26T16:00:00Z,98.7300,104.4500,96.2900,98.1200,4464274
2022-01-26T20:00:00Z,98.1300,98.1400,89.1100,92.0600,3842549
2022-01-27T00:00:00Z,92.0400,93.6600,85.6600,86.7300,2817115
2022-01-27T04:00:00Z,86.7200,89.8500,86.3000,88.7100,1774286
2022-01-27T08:00:00Z,88.7200,91.3400,88.1300,91.1200,1528909
2022-01-27T12:00:00Z,91.1100,94.6300,90.6400,92.2800,2890262
2022-01-27T16:00:00Z,92.2800,93.4400,89.0500,89.8400,2874065
2022-01-27T20:00:00Z,89.8400,90.6300,85.6000,89.4300,3160139
2022-01-28T00:00:00Z,89.4300,92.8900,88.5500,92.3300,2052941
2022-01-28T04:00:00Z,92.3400,93.4800,89.5000,89.6300,1368364
2022-01-28T08:00:00Z,89.6300,90.9200,87.4700,88.5600,1653429
2022-01-28T12:00:00Z,88.5600,91.3400,87.1000,91.0200,2342358
2022-01-28T16:00:00Z,91.0500,93.1000,89.9500,91.5200,2437843
2022-01-28T20:00:00Z,91.5200,93.4300,90.1600,91.2900,1542242
2022-01-29T00:00:00Z,91.2900,93.7500,90.4000,92.0700,1283546
2022-01-29T04:00:00Z,92.0600,97.2000,91.9000,97.1300,1517695
2022-01-29T08:00:00Z,97.1300,97.6700,95.1300,96.2300,1384598
2022-01-29T12:00:00Z,96.2300,98.8800,93.6400,95.0200,2132749
2022-01-29T16:00:00Z,95.0500,95.7100,93.3800,95.1500,1255525
2022-01-29T20:00:00Z,95.1600,96.7700,94.5300,96.1100,1218346
2022-01-30T00:00:00Z,96.0800,96.2900,93.4100,94.4000,1038810
2022-01-30T04:00:00Z,94.4100,97.6400,94.2700,96.6500,843497
2022-01-30T08:00:00Z,96.6400,97.0400,94.9800,96.2900,727874
2022-01-30T12:00:00Z,96.2900,96.4800,93.8000,95.0500,881414
2022-01-30T16:00:00Z,95.0500,95.8200,91.5900,91.9400,1069107
2022-01-30T20:00:00Z,91.9400,94.2000,91.3100,93.1500,967914
2022-01-31T00:00:00Z,93.1600,93.5000,89.1600,90.6600,1366178
2022-01-31T04:00:00Z,90.6800,90.6800,89.1500,90.1700,794455
2022-01-31T08:00:00Z,90.1800,91.7800,89.8700,91.2800,778963
2022-01-31T12:00:00Z,91.2900,96.1500,90.2600,95.3800,2236060
2022-01-31T16:00:00Z,95.3900,98.7700,94.8900,98.3500,2571326
2022-01-31T20:00:00Z,98.3500,101.2900,97.3600,99.4800,2082345
2022-02-01T00:00:00Z,99.4700,107.8800,98.9900,106.7900,2625377
2022-02-01T04:00:00Z,106.8000,107.4900,104.4800,105.3700,1788006
2022-02-01T08:00:00Z,105.3800,108.9500,103.7500,106.2800,3233240
2022-02-01T12:00:00Z,106.2700,111.0400,105.9200,108.5800,4183844
2022-02-01T16:00:00Z,108.5800,113.6100,107.7600,107.8500,5026088
2022-02-01T20:00:00Z,107.8400,112.2400,107.7700,109.9700,2639411
2022-02-02T00:00:00Z,109.9500,112.3900,108.1100,110.5500,2273380
2022-02-02T04:00:00Z,110.5600,110.6700,107.4400,108.4600,1737135
2022-02-02T08:00:00Z,108.4400,110.4900,108.2100,109.9300,1229578
2022-02-02T12:00:00Z,109.9400,112.2000,105.2400,105.9200,3850036
2022-02-02T16:00:00Z,105.9400,111.8000,103.5400,109.9300,4419073
2022-02-02T20:00:00Z,109.9500,110.0700,96.9600,101.8400,8542900
2022-02-03T00:00:00Z,101.8300,103.0900,96.6500,97.3500,3269144
2022-02-03T04:00:00Z,97.3500,99.4900,97.1200,99.3200,1811658
2022-02-03T08:00:00Z,99.3200,99.9400,93.9000,97.3300,4201772
2022-02-03T12:00:00Z,97.3200,98.9500,94.1800,98.1800,4290760
2022-02-03T16:00:00Z,98.1900,99.2000,95.7800,96.7200,2196284
2022-02-03T20:00:00Z,96.7300,102.2100,95.7600,101.7600,3165666
2022-02-04T00:00:00Z,101.7400,103.7700,100.1700,102.3000,1616411
2022-02-04T04:00:00Z,102.3100,106.8400,101.4600,104.8800,2774303
2022-02-04T08:00:00Z,104.8600,106.9000,104.3600,104.7600,1976817
2022-02-04T12:00:00Z,104.7500,109.7700,101.6800,107.1300,5528217
2022-02-04T16:00:00Z,107.1300,111.3000,106.8600,110.5400,3528199
2022-02-04T20:00:00Z,110.5400,112.8100,109.2600,112.5700,1748745
2022-02-05T00:00:00Z,112.5600,114.3400,110.1400,113.9500,1721624
2022-02-05T04:00:00Z,113.9400,118.5400,113.4800,115.5600,2347016
2022-02-05T08:00:00Z,115.5500,116.9000,114.4000,114.9300,1215762
2022-02-05T12:00:00Z,114.9400,117.2200,114.1400,115.9600,1464699
2022-02-05T16:00:00Z,115.9400,116.3300,110.7500,113.4300,2447270
2022-02-05T20:00:00Z,113.4300,115.7400,112.7800,113.6600,963712
2022-02-06T00:00:00Z,113.6600,115.7700,113.5900,114.3400,776513
2022-02-06T04:00:00Z,114.3400,114.8400,112.1000,114.2700,1039150
2022-02-06T08:00:00Z,114.2600,116.0600,113.5200,114.3500,954572
2022-02-06T12:00:00Z,114.3500,115.9400,111.1100,112.9900,1533089
2022-02-06T16:00:00Z,112.9800,114.5200,112.0200,112.8300,791846
2022-02-06T20:00:00Z,112.8300,115.5000,112.0000,115.1800,968914
2022-02-07T00:00:00Z,115.2000,119.5900,112.6200,119.1100,1873458
2022-02-07T04:00:00Z,119.1200,119.9800,116.8600,117.2000,1387415
2022-02-07T08:00:00Z,117.2000,117.8700,115.3700,117.4400,1150894
2022-02-07T12:00:00Z,117.4400,121.7300,116.4900,121.2600,2001444
2022-02-07T16:00:00Z,121.2300,121.8800,119.1300,119.9400,1680329
2022-02-07T20:00:00Z,119.9000,120.9100,116.4400,117.4600,1528992
2022-02-08T00:00:00Z,117.4800,118.9200,115.4000,117.4000,1231123
2022-02-08T04:00:00Z,117.3900,120.2300,116.7200,117.6300,1707059
2022-02-08T08:00:00Z,117.6400,117.8000,111.9100,114.3000,1938313
2022-02-08T12:00:00Z,114.2800,114.2800,110.1100,111.9700,1877191
2022-02-08T16:00:00Z,111.9600,112.6200,110.2600,110.7400,1408742
2022-02-08T20:00:00Z,110.7800,114.7000,109.5100,113.3700,1596385
2022-02-09T00:00:00Z,113.3600,115.0000,110.6800,111.1700,1199575
2022-02-09T04:00:00Z,111.1700,111.9000,109.2500,111.4500,851930
2022-02-09T08:00:00Z,111.4500,113.6700,110.3500,113.2000,997605
2022-02-09T12:00:00Z,113.1900,117.0000,112.6800,113.1300,1825351
2022-02-09T16:00:00Z,113.1300,115.6600,112.3600,115.0000,1087565
2022-02-09T20:00:00Z,115.0000,116.3500,113.5800,113.9000,1031406
2022-02-10T00:00:00Z,113.9000,114.0100,110.4000,110.9200,963557
2022-02-10T04:00:00Z,110.9200,112.4700,110.7000,112.3200,657841
2022-02-10T08:00:00Z,112.3100,114.8500,111.9900,113.6800,1179098
2022-02-10T12:00:00Z,113.6900,114.1200,105.5800,111.8300,3887216
2022-02-10T16:00:00Z,111.8300,113.0000,108.0500,108.8300,2274183
2022-02-10T20:00:00Z,108.8500,109.4000,105.5500,106.0900,1229838
2022-02-11T00:00:00Z,106.1000,106.5600,103.4600,104.6100,1419701
2022-02-11T04:00:00Z,104.6100,105.7700,103.1400,105.6700,833965
2022-02-11T08:00:00Z,105.6700,106.4200,104.3400,105.4500,932201
2022-02-11T12:00:00Z,105.4400,108.0900,104.9000,106.8000,1545171
2022-02-11T16:00:00Z,106.8000,107.0400,99.0100,99.6800,2783304
2022-02-11T20:00:00Z,99.6500,100.0600,95.0000,96.4400,2512000
2022-02-12T00:00:00Z,96.4500,98.4100,95.3200,96.8900,959030
2022-02-12T04:00:00Z,96.8700,97.5800,92.5200,93.7200,1418448
2022-02-12T08:00:00Z,93.7200,96.1800,93.5900,96.0500,1194515
2022-02-12T12:00:00Z,96.0400,96.1600,93.4500,94.9700,1167114
2022-02-12T16:00:00Z,94.9800,99.7400,94.5900,97.0800,1775645
2022-02-12T20:00:00Z,97.0800,98.2200,94.2200,95.8800,1397628
2022-02-13T00:00:00Z,95.8800,97.3200,95.0000,95.8900,723472
2022-02-13T04:00:00Z,95.9000,96.6300,95.1200,96.2600,527356
2022-02-13T08:00:00Z,96.2600,96.9300,95.2500,96.0700,674141
2022-02-13T12:00:00Z,96.0700,96.8800,95.3100,95.5400,753783
2022-02-13T16:00:00Z,95.5400,95.6000,91.2400,92.1800,1518520
2022-02-13T20:00:00Z,92.1800,94.0900,91.8600,92.8000,755915
2022-02-14T00:00:00Z,92.7900,93.6700,90.4900,93.4800,1273758
2022-02-14T04:00:00Z,93.4800,94.9000,92.6300,94.7200,982580
2022-02-14T08:00:00Z,94.7300,94.9100,91.7800,93.0700,1223600
2022-02-14T12:00:00Z,93.0700,97.9200,92.2500,96.5300,2526984
2022-02-14T16:00:00Z,96.5400,97.8700,93.2100,94.2300,1924857
2022-02-14T20:00:00Z,94.2300,97.1700,93.5200,96.3700,1175606
2022-02-15T00:00:00Z,96.3600,102.4700,96.3200,101.2500,1775827
2022-02-15T04:00:00Z,101.2700,102.2300,100.3100,101.8900,997821
2022-02-15T08:00:00Z,101.9100,103.7000,101.0700,102.3400,1758947
2022-02-15T12:00:00Z,102.3400,103.2000,100.5100,102.6900,1694132
2022-02-15T16:00:00Z,102.6900,103.1700,100.7600,101.5700,1231213
2022-02-15T20:00:00Z,101.5500,105.7700,100.9000,105.4400,1268346
2022-02-16T00:00:00Z,105.4600,105.5600,102.4100,102.7500,895445
2022-02-16T04:00:00Z,102.7500,104.4000,100.6800,104.1900,965417
2022-02-16T08:00:00Z,104.1800,104.3500,101.3600,102.4400,1004627
2022-02-16T12:00:00Z,102.4200,102.6700,98.1100,99.0700,2035941
2022-02-16T16:00:00Z,99.0700,103.5800,98.2100,103.1900,2086591
2022-02-16T20:00:00Z,103.1900,103.4900,101.4800,101.7800,1096230
2022-02-17T00:00:00Z,101.8100,102.7800,99.0600,99.1300,867055
2022-02-17T04:00:00Z,99.1200,100.9000,97.9100,100.8500,1030587
2022-02-17T08:00:00Z,100.8200,101.0500,97.5600,99.0100,1184878
2022-02-17T12:00:00Z,99.0100,99.6400,96.5200,97.3000,1693119
2022-02-17T16:00:00Z,97.2900,97.7400,92.8100,94.8600,2081108
2022-02-17T20:00:00Z,94.8600,94.8600,92.2500,93.4600,1364546
2022-02-18T00:00:00Z,93.4900,95.4500,92.6400,94.3100,960319
2022-02-18T04:00:00Z,94.3200,95.4600,93.7500,95.1300,549954
2022-02-18T08:00:00Z,95.1400,96.3300,93.5100,93.8800,973405
2022-02-18T12:00:00Z,93.8900,94.8200,90.0000,90.8900,2252321
2022-02-18T16:00:00Z,90.8900,91.9800,89.2400,90.9400,1731975
2022-02-18T20:00:00Z,90.9600,91.3600,89.2500,89.8200,782357
2022-02-19T00:00:00Z,89.8200,92.1500,89.6700,91.1500,659768
2022-02-19T04:00:00Z,91.1600,92.7000,90.9800,92.0500,566598
2022-02-19T08:00:00Z,92.0600,92.2800,88.5100,89.4200,1272223
2022-02-19T12:00:00Z,89.4300,91.1000,88.6200,90.9100,1249556
2022-02-19T16:00:00Z,90.9200,92.1400,89.6000,89.8700,1113308
2022-02-19T20:00:00Z,89.8700,91.7100,89.4600,91.2500,556067
2022-02-20T00:00:00Z,91.2500,91.4000,87.5700,88.3800,909193
2022-02-20T04:00:00Z,88.3800,88.6200,85.3900,87.2900,1703234
2022-02-20T08:00:00Z,87.3000,90.1000,85.6700,89.1400,2492773
2022-02-20T12:00:00Z,89.1600,90.9800,87.3700,89.3500,2418176
2022-02-20T16:00:00Z,89.3400,93.4000,89.1500,91.9700,2570663
2022-02-20T20:00:00Z,91.9500,93.9200,90.2000,90.6300,2757664
2022-02-21T00:00:00Z,90.6300,95.2400,90.4100,93.7900,2480752
2022-02-21T04:00:00Z,93.7900,95.8000,93.7100,95.3900,1365112
2022-02-21T08:00:00Z,95.3800,96.1300,88.1000,89.0700,3550499
2022-02-21T12:00:00Z,89.0800,92.8900,86.6400,89.5800,5444609
2022-02-21T16:00:00Z,89.5800,90.2700,86.1800,87.4100,3816009
2022-02-21T20:00:00Z,87.4100,88.2000,82.6100,82.8900,3201083
2022-02-22T00:00:00Z,82.8900,84.5400,80.9600,81.5800,2479240
2022-02-22T04:00:00Z,81.5700,83.7500,81.3000,82.0600,1987496
2022-02-22T08:00:00Z,82.0500,85.9700,81.7700,85.1000,2216641
2022-02-22T12:00:00Z,85.1100,87.6000,84.1200,85.7900,2416625
2022-02-22T16:00:00Z,85.8000,86.5000,83.7100,86.2100,2018709
2022-02-22T20:00:00Z,86.2100,87.1000,84.7100,86.3400,1086353
2022-02-23T00:00:00Z,86.3400,88.7000,86.0000,87.1600,1695384
2022-02-23T04:00:00Z,87.1500,89.9000,86.8800,89.0800,1540227
2022-02-23T08:00:00Z,89.0800,93.3500,88.6300,92.0100,2401864
2022-02-23T12:00:00Z,92.0100,93.3100,89.0500,89.7000,3101927
2022-02-23T16:00:00Z,89.7000,92.1300,87.5000,88.0800,2734379
2022-02-23T20:00:00Z,88.0700,88.2600,84.3000,84.5300,2172590
2022-02-24T00:00:00Z,84.5300,85.7500,75.8900,77.4800,3821192
2022-02-24T04:00:00Z,77.4700,84.3800,75.2500,82.1400,7603750
2022-02-24T08:00:00Z,82.1300,84.7000,79.2400,81.3700,4351414
2022-02-24T12:00:00Z,81.3700,86.2000,79.4300,84.8700,4528743
2022-02-24T16:00:00Z,84.8800,91.3400,83.2900,90.7600,4777545
2022-02-24T20:00:00Z,90.7600,95.2700,86.7000,89.3500,4596508
2022-02-25T00:00:00Z,89.3400,90.8000,87.5800,89.6100,1900664
2022-02-25T04:00:00Z,89.6100,89.8500,86.8000,88.7100,1524090
2022-02-25T08:00:00Z,88.7100,89.4300,86.8900,89.1800,2100404
2022-02-25T12:00:00Z,89.1800,92.1500,87.7500,90.9900,3949326
2022-02-25T16:00:00Z,90.9800,92.0200,88.7000,89.4900,2210911
2022-02-25T20:00:00Z,89.5000,95.0000,88.9200,92.6900,2564418
2022-02-26T00:00:00Z,92.6900,95.1500,92.0600,92.6700,1830480
2022-02-26T04:00:00Z,92.6800,93.5800,90.3500,91.9800,1019608
2022-02-26T08:00:00Z,91.9800,93.0000,90.0000,90.6000,1502819
2022-02-26T12:00:00Z,90.5900,92.0000,90.0600,91.1900,1085850
2022-02-26T16:00:00Z,91.1800,91.5800,89.1200,90.7100,1257308
2022-02-26T20:00:00Z,90.7100,92.5500,89.4900,90.2100,1255324
2022-02-27T00:00:00Z,90.2100,90.6500,86.0000,86.9300,1489966
2022-02-27T04:00:00Z,86.9200,89.1600,86.5000,88.7500,658258
2022-02-27T08:00:00Z,88.7500,90.9100,87.9800,90.7200,1115079
2022-02-27T12:00:00Z,90.7200,92.4200,88.1500,91.1600,2377349
2022-02-27T16:00:00Z,91.1700,91.2500,84.3500,84.8100,2265265
2022-02-27T20:00:00Z,84.8100,86.4900,84.0000,85.5800,1885127
2022-02-28T00:00:00Z,85.5700,88.0000,84.1000,86.5900,1573106
2022-02-28T04:00:00Z,86.6200,88.6500,84.6800,88.0800,1330388
2022-02-28T08:00:00Z,88.1000,91.1600,88.0400,90.7200,2364381
2022-02-28T12:00:00Z,90.7200,96.9300,88.7800,95.5400,5084742
2022-02-28T16:00:00Z,95.5400,97.2600,94.1800,96.1500,2742246
2022-02-28T20:00:00Z,96.1500,102.8900,95.7900,99.6200,3545321
2022-03-01T00:00:00Z,99.6200,101.0500,96.1300,97.2700,2505779
2022-03-01T04:00:00Z,97.2700,97.9600,95.0200,96.9100,1378652
2022-03-01T08:00:00Z,96.9400,98.5000,94.1400,97.7600,2394730
2022-03-01T12:00:00Z,97.7700,102.0200,96.6100,97.8600,4288014
2022-03-01T16:00:00Z,97.8600,99.0500,96.0300,97.6400,1614697
2022-03-01T20:00:00Z,97.6500,99.3200,96.7200,98.6100,1239583
2022-03-02T00:00:00Z,98.6100,105.1900,96.6800,104.2400,2809077
2022-03-02T04:00:00Z,104.2400,105.3500,101.1600,102.3600,2304257
2022-03-02T08:00:00Z,102.3800,106.4300,101.1300,104.5500,2879845
2022-03-02T12:00:00Z,104.5400,105.2500,100.1400,101.5500,4207979
2022-03-02T16:00:00Z,101.5500,103.3100,99.7700,101.0000,1793115
2022-03-02T20:00:00Z,100.9900,102.0000,99.8600,100.6900,1161896
2022-03-03T00:00:00Z,100.6800,101.7100,97.7000,98.3500,1554641
2022-03-03T04:00:00Z,98.3400,100.7500,97.7700,99.7500,1035787
2022-03-03T08:00:00Z,99.7500,101.2300,98.7100,99.6600,1414272
2022-03-03T12:00:00Z,99.6500,100.9400,95.0000,95.9100,2648548
2022-03-03T16:00:00Z,95.9200,96.2400,93.9900,94.9000,1756560
2022-03-03T20:00:00Z,94.9100,96.4200,94.0000,95.5800,1106134
2022-03-04T00:00:00Z,95.5700,95.9100,90.3900,91.4700,2412369
2022-03-04T04:00:00Z,91.4800,92.1900,90.7800,91.9400,877127
2022-03-04T08:00:00Z,91.9300,93.8800,90.4400,93.1100,1592636
2022-03-04T12:00:00Z,93.0900,93.7500,90.6000,91.2700,2297052
2022-03-04T16:00:00Z,91.2700,92.8500,88.2900,88.6700,1925888
2022-03-04T20:00:00Z,88.6700,89.3900,86.8700,88.2600,1426892
2022-03-05T00:00:00Z,88.2700,88.3800,85.8200,87.6200,1150982
2022-03-05T04:00:00Z,87.6300,89.1600,86.7500,88.7800,820069
2022-03-05T08:00:00Z,88.7800,89.1000,87.7100,88.6900,877700
2022-03-05T12:00:00Z,88.6900,89.8200,87.7400,89.0800,895000
2022-03-05T16:00:00Z,89.0900,91.2000,89.0700,90.1000,1306570
2022-03-05T20:00:00Z,90.0900,90.4500,89.0000,89.5900,530950
2022-03-06T00:00:00Z,89.5800,89.9300,87.3500,87.6400,666298
2022-03-06T04:00:00Z,87.6200,88.8700,86.5300,88.2900,787104
2022-03-06T08:00:00Z,88.2900,88.3700,85.5000,86.9400,1308771
2022-03-06T12:00:00Z,86.9500,88.2000,86.4100,87.2300,969537
2022-03-06T16:00:00Z,87.2300,88.2600,84.7500,85.3300,1264978
2022-03-06T20:00:00Z,85.3300,86.6600,84.0200,84.5300,1182511
2022-03-07T00:00:00Z,84.5300,84.7400,81.3300,82.2100,1812619
2022-03-07T04:00:00Z,82.2200,83.3200,81.0500,81.7700,1020193
2022-03-07T08:00:00Z,81.7800,83.2700,81.2100,83.0700,1153616
2022-03-07T12:00:00Z,83.0800,86.6800,83.0500,85.0100,2271022
2022-03-07T16:00:00Z,85.0100,86.0400,79.7700,80.2700,2290045
2022-03-07T20:00:00Z,80.2600,82.9600,79.8000,81.6200,1674339
2022-03-08T00:00:00Z,81.6100,84.6000,81.2300,83.4500,1142470
2022-03-08T04:00:00Z,83.4300,84.1600,82.4300,83.0000,1094886
2022-03-08T08:00:00Z,82.9900,84.9400,82.6400,83.8800,1313240
2022-03-08T12:00:00Z,83.8900,84.5400,81.6900,82.7300,1885955
2022-03-08T16:00:00Z,82.7400,85.0600,81.3000,82.8600,2705649
2022-03-08T20:00:00Z,82.8500,83.1400,81.3000,82.2500,920816
2022-03-09T00:00:00Z,82.2500,88.4600,81.8700,88.0800,2267578
2022-03-09T04:00:00Z,88.0900,89.5900,86.9000,89.1900,1814587
2022-03-09T08:00:00Z,89.2000,89.9200,87.8200,88.1800,1353238
2022-03-09T12:00:00Z,88.1700,89.2600,86.5100,88.9100,2508214
2022-03-09T16:00:00Z,88.9100,89.4600,86.0200,86.9000,1731419
2022-03-09T20:00:00Z,86.9100,88.8400,86.0400,88.0400,1001847
2022-03-10T00:00:00Z,88.0500,88.5800,85.2600,85.3100,1481219
2022-03-10T04:00:00Z,85.3100,85.5500,81.8800,82.6200,2006976
2022-03-10T08:00:00Z,82.6100,83.1400,81.8000,82.0400,1163684
2022-03-10T12:00:00Z,82.0200,83.9400,80.5600,81.8900,2497618
2022-03-10T16:00:00Z,81.8900,82.7700,81.6000,82.4000,1014455
2022-03-10T20:00:00Z,82.4000,83.9700,81.9000,82.8100,850159
2022-03-11T00:00:00Z,82.8200,83.1100,80.6700,81.9000,1166795
2022-03-11T04:00:00Z,81.9000,82.6000,80.1200,82.2200,1236169
2022-03-11T08:00:00Z,82.2200,83.8500,81.1200,83.2200,1557282
2022-03-11T12:00:00Z,83.2300,84.3300,81.2600,81.7300,2082497
2022-03-11T16:00:00Z,81.7400,81.7500,80.3300,80.5500,1467681
2022-03-11T20:00:00Z,80.5500,81.5800,80.0000,80.6400,1053434
2022-03-12T00:00:00Z,80.6400,82.7100,80.5100,81.7600,785347
2022-03-12T04:00:00Z,81.7500,82.4300,81.2400,81.6600,546661
2022-03-12T08:00:00Z,81.6600,81.7300,80.5300,81.0300,738005
2022-03-12T12:00:00Z,81.0300,82.3100,80.8300,81.6000,903712
2022-03-12T16:00:00Z,81.6100,82.3800,81.4700,81.6100,640704
2022-03-12T20:00:00Z,81.6200,82.1700,81.2200,81.3800,437965
2022-03-13T00:00:00Z,81.3700,82.6200,81.0000,82.5600,748935
2022-03-13T04:00:00Z,82.5700,83.3600,81.6400,81.7200,706640
2022-03-13T08:00:00Z,81.7100,81.8000,80.7500,81.0300,834394
2022-03-13T12:00:00Z,81.0200,81.6800,79.9300,81.1300,1543853
2022-03-13T16:00:00Z,81.1400,81.4300,80.2500,80.4400,611038
2022-03-13T20:00:00Z,80.4400,80.4400,77.5400,78.6900,2166328
2022-03-14T00:00:00Z,78.6800,79.9700,77.9300,79.4700,1115179
2022-03-14T04:00:00Z,79.4700,81.6600,79.4600,80.8600,1288071
2022-03-14T08:00:00Z,80.8600,82.2700,80.7500,80.8900,1176426
2022-03-14T12:00:00Z,80.8800,81.4400,80.1000,80.9500,1294446
2022-03-14T16:00:00Z,80.9300,81.0200,78.5000,79.9100,1637080
2022-03-14T20:00:00Z,79.9200,81.4800,79.1300,81.2000,1177374
2022-03-15T00:00:00Z,81.1800,81.5500,79.2600,79.6000,1169656
2022-03-15T04:00:00Z,79.5900,80.3800,78.7000,79.3200,748748
2022-03-15T08:00:00Z,79.3300,80.4000,78.9400,80.0700,845378
2022-03-15T12:00:00Z,80.0800,81.2500,79.5900,81.0300,1062953
2022-03-15T16:00:00Z,81.0300,86.0000,80.6700,84.5800,2581569
2022-03-15T20:00:00Z,84.5900,85.2800,82.6900,82.8300,1647434
2022-03-16T00:00:00Z,82.8300,86.4100,82.0500,82.3500,2514344
2022-03-16T04:00:00Z,82.3500,82.8900,81.4700,82.8200,1014113
2022-03-16T08:00:00Z,82.8100,84.6000,82.7000,84.2200,1427547
2022-03-16T12:00:00Z,84.2200,84.9700,82.7300,83.9300,1575489
2022-03-16T16:00:00Z,83.9400,86.1000,82.1400,85.7800,2539893
2022-03-16T20:00:00Z,85.7900,87.9700,85.5200,87.7300,1294252
2022-03-17T00:00:00Z,87.7300,89.2200,86.9100,87.9700,1334436
2022-03-17T04:00:00Z,87.9600,88.9500,86.7000,87.2300,1052031
2022-03-17T08:00:00Z,87.2300,87.8000,86.5400,87.6700,819414
2022-03-17T12:00:00Z,87.6700,90.7600,87.5200,89.3700,2360917
2022-03-17T16:00:00Z,89.3700,90.8300,88.6500,90.8300,1588678
2022-03-17T20:00:00Z,90.8200,91.0400,87.6300,87.8300,1300241
2022-03-18T00:00:00Z,87.8300,88.1300,85.6100,85.8900,1549584
2022-03-18T04:00:00Z,85.9000,87.1400,85.5200,85.7700,922215
2022-03-18T08:00:00Z,85.7700,86.6200,84.3500,84.9500,1187126
2022-03-18T12:00:00Z,84.9300,88.2700,84.6100,88.2500,1936041
2022-03-18T16:00:00Z,88.2600,92.3100,88.1400,91.1100,2914045
2022-03-18T20:00:00Z,91.1000,91.7000,88.8500,89.7700,1226743
2022-03-19T00:00:00Z,89.7700,92.4100,89.2700,90.2500,1248116
2022-03-19T04:00:00Z,90.2600,90.8300,89.2500,89.3700,672926
2022-03-19T08:00:00Z,89.3800,91.0000,89.2500,90.7500,737262
2022-03-19T12:00:00Z,90.7500,94.2700,90.4000,94.0300,2554270
2022-03-19T16:00:00Z,94.0300,94.5900,92.3100,92.6300,1681404
2022-03-19T20:00:00Z,92.6300,93.4200,91.1000,92.3100,1187749
2022-03-20T00:00:00Z,92.3200,92.5700,90.3400,90.7700,882935
2022-03-20T04:00:00Z,90.7900,91.5400,90.2800,90.9900,592609
2022-03-20T08:00:00Z,90.9900,91.6400,89.5200,89.9000,1037591
2022-03-20T12:00:00Z,89.9300,90.6500,88.8700,89.1400,1295598
2022-03-20T16:00:00Z,89.1500,89.8800,87.7700,89.5000,1256896
2022-03-20T20:00:00Z,89.4900,90.2900,88.2300,88.5800,820241
2022-03-21T00:00:00Z,88.5800,89.1600,86.6200,87.6900,1138471
2022-03-21T04:00:00Z,87.6800,89.7000,87.5200,89.6100,808576
2022-03-21T08:00:00Z,89.6100,91.1000,89.3300,89.7700,1427414
2022-03-21T12:00:00Z,89.7700,91.2300,88.5300,89.5300,1752069
2022-03-21T16:00:00Z,89.5200,89.6400,87.3900,88.7300,1226882
2022-03-21T20:00:00Z,88.7300,89.2100,88.1700,88.5500,538676
2022-03-22T00:00:00Z,88.5500,91.7500,87.9000,90.9800,1547016
2022-03-22T04:00:00Z,90.9900,92.4100,89.4600,90.2100,1409855
2022-03-22T08:00:00Z,90.2100,92.1800,89.9700,91.9700,1126544
2022-03-22T12:00:00Z,91.9800,93.9500,91.0000,92.5300,2112477
2022-03-22T16:00:00Z,92.5400,93.6000,91.3500,91.3600,1285852
2022-03-22T20:00:00Z,91.3500,92.4300,90.2200,90.4400,942892
2022-03-23T00:00:00Z,90.4400,91.2800,89.1200,90.0900,1197682
2022-03-23T04:00:00Z,90.0800,91.7900,89.6200,91.1000,871713
2022-03-23T08:00:00Z,91.1100,91.7800,90.5700,91.3200,989194
2022-03-23T12:00:00Z,91.3300,96.3500,90.9000,95.6500,3259221
2022-03-23T16:00:00Z,95.6500,96.1100,92.5200,92.7800,2121359
2022-03-23T20:00:00Z,92.7800,95.2000,92.5900,94.8300,1163170
2022-03-24T00:00:00Z,94.8300,95.9500,93.3500,94.6300,2024267
2022-03-24T04:00:00Z,94.6300,97.6000,94.5700,97.0700,1827344
2022-03-24T08:00:00Z,97.0700,101.8500,96.6400,100.0900,4222382
2022-03-24T12:00:00Z,100.0900,102.2000,98.2400,101.6100,4584155
2022-03-24T16:00:00Z,101.6200,103.7300,100.5900,102.8800,2760381
2022-03-24T20:00:00Z,102.8900,103.5100,101.5000,102.3300,1407263
2022-03-25T00:00:00Z,102.3200,104.8100,100.8200,103.4900,2353151
2022-03-25T04:00:00Z,103.4900,104.9000,102.6300,102.8900,1496856
2022-03-25T08:00:00Z,102.8900,104.4600,101.4600,104.2200,1871967
2022-03-25T12:00:00Z,104.2200,104.5000,99.6600,100.2800,2731742
2022-03-25T16:00:00Z,100.2800,100.8700,97.0600,98.4600,3271484
2022-03-25T20:00:00Z,98.4600,99.2100,97.7500,98.5500,834424
2022-03-26T00:00:00Z,98.5500,99.2400,97.5600,98.8700,908072
2022-03-26T04:00:00Z,98.8700,101.4700,98.5100,101.1900,1470796
2022-03-26T08:00:00Z,101.2000,101.4500,99.9000,100.3400,1001982
2022-03-26T12:00:00Z,100.3100,101.9700,99.6100,101.1900,1390148
2022-03-26T16:00:00Z,101.1900,103.3000,101.0500,102.6600,1960254
2022-03-26T20:00:00Z,102.6600,103.4000,101.1600,101.6800,1085423
2022-03-27T00:00:00Z,101.6800,103.0000,101.3000,101.7900,804424
2022-03-27T04:00:00Z,101.7900,102.4400,101.0000,102.1700,659516
2022-03-27T08:00:00Z,102.1900,102.4000,100.1400,100.4200,777321
2022-03-27T12:00:00Z,100.4200,101.5400,98.6800,101.3900,1538923
2022-03-27T16:00:00Z,101.3900,103.4400,100.8600,103.1500,1445530
2022-03-27T20:00:00Z,103.1600,107.4400,101.6300,106.9400,3225220
2022-03-28T00:00:00Z,106.9400,107.7100,105.1400,106.8200,1666554
2022-03-28T04:00:00Z,106.8200,111.9500,105.8500,108.8700,2789932
2022-03-28T08:00:00Z,108.8700,111.5900,107.5800,109.9900,1958687
2022-03-28T12:00:00Z,109.9900,113.9000,109.1500,109.8300,3290385
2022-03-28T16:00:00Z,109.8300,112.9800,108.7600,111.3500,2347139
2022-03-28T20:00:00Z,111.3500,113.0400,105.2900,105.7300,2607543
2022-03-29T00:00:00Z,105.7300,110.4300,105.4300,109.1100,1789187
2022-03-29T04:00:00Z,109.1200,111.6700,108.4800,109.8500,1619027
2022-03-29T08:00:00Z,109.8400,113.6700,109.7900,113.3500,2148000
2022-03-29T12:00:00Z,113.3600,115.6700,111.1200,111.6100,3563795
2022-03-29T16:00:00Z,111.6100,114.1200,108.8000,113.8800,3285306
2022-03-29T20:00:00Z,113.9100,113.9700,109.2000,111.5600,1876279
2022-03-30T00:00:00Z,111.5600,111.5900,107.0500,110.7700,1850706
2022-03-30T04:00:00Z,110.7600,112.9200,109.5400,112.3400,1790920
2022-03-30T08:00:00Z,112.3400,112.9600,110.7000,112.2100,1251433
2022-03-30T12:00:00Z,112.2100,125.3800,111.5600,122.6900,7200346
2022-03-30T16:00:00Z,122.7000,125.2600,119.5900,121.2600,3853572
2022-03-30T20:00:00Z,121.2700,121.5600,119.1100,120.8500,1523088
2022-03-31T00:00:00Z,120.8600,123.9800,119.9600,121.2900,1822799
2022-03-31T04:00:00Z,121.3000,123.6200,120.4100,123.2900,1211933
2022-03-31T08:00:00Z,123.2800,128.0700,122.4100,127.2500,2874715
2022-03-31T12:00:00Z,127.2400,129.6600,121.0000,125.3400,6286710
2022-03-31T16:00:00Z,125.3400,127.5900,121.7600,123.0100,4449887
2022-03-31T20:00:00Z,122.9800,125.6700,122.1900,122.8500,1678246
2022-04-01T00:00:00Z,122.8500,125.0300,117.4500,122.0000,3432608
2022-04-01T04:00:00Z,122.0000,126.5400,119.8300,126.4900,2399191
2022-04-01T08:00:00Z,126.4900,127.2200,124.0100,124.4300,1795684
2022-04-01T12:00:00Z,124.4300,133.7300,122.0700,132.7800,5375364
2022-04-01T16:00:00Z,132.7700,137.6200,132.1800,137.4000,2842652
2022-04-01T20:00:00Z,137.3900,138.4400,133.4300,134.5300,2162677
2022-04-02T00:00:00Z,134.5300,137.3100,133.0000,134.8100,2006097
2022-04-02T04:00:00Z,134.8400,136.3600,134.1200,135.8200,1022239
2022-04-02T08:00:00Z,135.8100,138.4800,135.0200,137.6500,1298743
2022-04-02T12:00:00Z,137.6600,143.5700,136.1000,138.0200,4650127
2022-04-02T16:00:00Z,138.0100,140.6200,134.2900,135.8500,2828857
2022-04-02T20:00:00Z,135.8600,137.5300,131.3100,132.4800,1815745
2022-04-03T00:00:00Z,132.4700,136.2000,130.5000,135.4400,2187825
2022-04-03T04:00:00Z,135.4500,139.5000,135.4500,137.6300,1545485
2022-04-03T08:00:00Z,137.6200,141.2100,136.2000,139.1500,1920838
2022-04-03T12:00:00Z,139.1200,140.0200,135.6100,136.0800,1860035
2022-04-03T16:00:00Z,136.0800,136.9700,134.0100,135.2500,1368771
2022-04-03T20:00:00Z,135.2800,139.4600,135.0200,136.8500,1670026
2022-04-04T00:00:00Z,136.8700,137.3900,134.0400,135.3200,1367339
2022-04-04T04:00:00Z,135.3100,138.3900,134.8000,137.0000,1047707
2022-04-04T08:00:00Z,137.0100,137.8800,133.1000,134.7900,1690903
2022-04-04T12:00:00Z,134.7900,135.5100,128.1900,129.3300,2775903
2022-04-04T16:00:00Z,129.3400,131.5200,125.6900,130.1000,2699395
2022-04-04T20:00:00Z,130.1000,133.0700,129.0000,132.0900,1600816
2022-04-05T00:00:00Z,132.1100,133.9700,129.6600,133.3400,1022121
2022-04-05T04:00:00Z,133.3500,134.2200,131.2100,133.3400,899410
2022-04-05T08:00:00Z,133.3400,134.8800,131.3900,134.5200,1101075
2022-04-05T12:00:00Z,134.5200,136.6800,129.1600,131.4500,2994068
2022-04-05T16:00:00Z,131.4500,133.6200,129.1700,131.1600,2188690
2022-04-05T20:00:00Z,131.1700,131.4800,126.0000,126.8400,1473579
2022-04-06T00:00:00Z,126.8400,127.0000,119.8600,123.6500,2794630
2022-04-06T04:00:00Z,123.6600,127.3700,122.9400,125.4200,1202271
2022-04-06T08:00:00Z,125.4800,125.8200,119.1900,121.5800,2192773
2022-04-06T12:00:00Z,121.5900,123.1500,114.3900,117.5900,4563106
2022-04-06T16:00:00Z,117.5900,119.9900,114.4900,118.7600,4373296
2022-04-06T20:00:00Z,118.7600,119.5600,112.0200,112.8700,2075152
2022-04-07T00:00:00Z,112.8600,114.8900,110.7800,113.7800,2214409
2022-04-07T04:00:00Z,113.7800,116.3900,113.0000,115.9300,1220509
2022-04-07T08:00:00Z,115.9200,117.6200,113.6500,117.3700,1869540
2022-04-07T12:00:00Z,117.3800,118.4900,111.6600,113.1600,2843795
2022-04-07T16:00:00Z,113.1600,118.5800,112.6600,117.6600,2136281
2022-04-07T20:00:00Z,117.6700,119.9500,116.6700,118.4100,1206164
2022-04-08T00:00:00Z,118.4100,122.3400,117.9400,122.0000,1695608
2022-04-08T04:00:00Z,122.0100,122.3000,116.5300,119.0500,1727723
2022-04-08T08:00:00Z,119.0400,120.1700,114.8100,115.2500,2224778
2022-04-08T12:00:00Z,115.2500,118.4400,112.7900,116.4300,3167677
2022-04-08T16:00:00Z,116.4300,116.8400,112.6200,113.5300,2372813
2022-04-08T20:00:00Z,113.5200,113.9600,108.0100,109.8300,2023087
2022-04-09T00:00:00Z,109.8200,111.7300,108.1800,109.4100,1527056
2022-04-09T04:00:00Z,109.4100,111.1100,108.9100,110.5600,837070
2022-04-09T08:00:00Z,110.5600,111.1300,108.8500,110.4400,696059
2022-04-09T12:00:00Z,110.4400,111.7500,109.2800,109.5800,1063875
2022-04-09T16:00:00Z,109.5800,111.5700,109.2000,109.7400,746633
2022-04-09T20:00:00Z,109.7300,113.6900,109.5000,112.8900,1031784
2022-04-10T00:00:00Z,112.8900,113.9500,111.2100,113.3300,818840
2022-04-10T04:00:00Z,113.3300,113.5400,111.3100,111.5400,878346
2022-04-10T08:00:00Z,111.5300,112.1800,109.6100,110.9900,1113660
2022-04-10T12:00:00Z,110.9900,112.6200,110.3900,112.3300,1016827
2022-04-10T16:00:00Z,112.3300,116.0000,111.8100,114.4900,1575452
2022-04-10T20:00:00Z,114.5000,115.2900,110.4300,111.0400,1892558
2022-04-11T00:00:00Z,111.0300,111.8600,108.2300,109.9300,1880207
2022-04-11T04:00:00Z,109.9400,111.2900,109.5100,111.0400,1122765
2022-04-11T08:00:00Z,111.0400,111.8600,103.3000,103.9200,3679413
2022-04-11T12:00:00Z,103.9400,104.7800,101.1300,101.3700,2671585
2022-04-11T16:00:00Z,101.3600,103.8000,100.3500,101.3300,2458517
2022-04-11T20:00:00Z,101.3200,102.5800,97.9800,99.6200,2980802
2022-04-12T00:00:00Z,99.6100,101.0700,98.2300,99.6600,1655261
2022-04-12T04:00:00Z,99.6600,103.2200,99.2100,102.9800,1593587
2022-04-12T08:00:00Z,102.9900,105.6300,102.1300,105.4800,1748665
2022-04-12T12:00:00Z,105.4800,109.2600,104.7200,105.9600,5252964
2022-04-12T16:00:00Z,105.9600,107.0600,100.2700,100.9600,3014121
2022-04-12T20:00:00Z,100.9600,103.5900,100.7100,103.1700,2027116
2022-04-13T00:00:00Z,103.1600,105.0800,101.8400,103.6100,1598755
2022-04-13T04:00:00Z,103.6000,104.7900,102.9000,103.9000,1210718
2022-04-13T08:00:00Z,103.9200,104.2700,100.9200,101.0200,1510813
2022-04-13T12:00:00Z,101.0100,105.9700,100.0200,105.0300,3977546
2022-04-13T16:00:00Z,105.0400,105.9300,103.6000,103.9200,1940734
2022-04-13T20:00:00Z,103.9200,105.4500,103.6400,104.8900,1179604
2022-04-14T00:00:00Z,104.9000,107.3100,104.4900,105.6000,1323870
2022-04-14T04:00:00Z,105.6000,107.7200,105.4800,106.3600,1368046
2022-04-14T08:00:00Z,106.3500,107.2600,103.0900,103.6200,1672601
2022-04-14T12:00:00Z,103.6200,105.7500,101.0600,101.2900,2949353
2022-04-14T16:00:00Z,101.2900,101.9500,98.7100,99.5300,2511319
2022-04-14T20:00:00Z,99.5200,101.2300,99.0100,100.7200,1027495
2022-04-15T00:00:00Z,100.7100,102.1200,99.5000,102.0100,1085315
2022-04-15T04:00:00Z,102.0100,102.4600,100.4300,101.7400,1268252
2022-04-15T08:00:00Z,101.7400,102.0600,100.7700,101.6800,836859
2022-04-15T12:00:00Z,101.6800,102.8900,99.7400,102.2500,1688460
2022-04-15T16:00:00Z,102.2600,102.7900,99.9300,100.3200,1235842
2022-04-15T20:00:00Z,100.3200,101.4000,100.2600,101.3300,636469
2022-04-16T00:00:00Z,101.3500,102.0100,100.8600,101.0200,612741
2022-04-16T04:00:00Z,101.0200,101.8600,100.9500,101.4100,415036
2022-04-16T08:00:00Z,101.4000,102.7900,101.0100,101.8400,902610
2022-04-16T12:00:00Z,101.8400,103.4600,100.6200,100.9100,1437264
2022-04-16T16:00:00Z,100.9000,102.6900,100.6700,101.9500,915878
2022-04-16T20:00:00Z,101.9500,102.8700,101.6800,102.0200,718214
2022-04-17T00:00:00Z,102.0100,102.3200,100.9200,101.4300,631160
2022-04-17T04:00:00Z,101.4200,102.2200,101.2800,101.8600,518646
2022-04-17T08:00:00Z,101.8500,102.4700,101.7600,102.3800,569321
2022-04-17T12:00:00Z,102.3900,105.2500,102.2800,105.0700,2261795
2022-04-17T16:00:00Z,105.0700,105.4500,102.6500,104.0400,2002205
2022-04-17T20:00:00Z,104.0300,104.2700,99.5200,100.0800,2075874
2022-04-18T00:00:00Z,100.0900,101.7000,99.8000,101.1100,1121830
2022-04-18T04:00:00Z,101.1100,101.2700,94.9000,96.3800,3362883
2022-04-18T08:00:00Z,96.3800,97.2400,94.6000,96.7400,1415107
2022-04-18T12:00:00Z,96.7500,99.1500,96.7200,98.6000,2545930
2022-04-18T16:00:00Z,98.6100,102.4400,97.0100,101.1100,3147727
2022-04-18T20:00:00Z,101.1100,102.6400,100.9500,102.3500,1184054
2022-04-19T00:00:00Z,102.3400,103.7700,101.1700,101.3700,1504256
2022-04-19T04:00:00Z,101.3700,102.5500,101.0100,101.8200,803494
2022-04-19T08:00:00Z,101.8300,103.5500,101.4300,102.2700,1348654
2022-04-19T12:00:00Z,102.2700,108.5600,102.2200,106.4600,3438965
2022-04-19T16:00:00Z,106.4400,107.1400,105.2700,106.8800,1465971
2022-04-19T20:00:00Z,106.8700,108.7700,105.7000,108.4500,1771340
2022-04-20T00:00:00Z,108.4500,109.5100,107.0000,108.2300,1569250
2022-04-20T04:00:00Z,108.2400,108.5700,106.6000,106.9600,1106837
2022-04-20T08:00:00Z,106.9600,110.9200,106.5400,110.3300,1891720
2022-04-20T12:00:00Z,110.3500,110.6500,104.7400,105.6700,3118371
2022-04-20T16:00:00Z,105.6600,106.6500,104.1700,105.9800,1699889
2022-04-20T20:00:00Z,105.9800,107.5500,104.9500,105.5200,1181293
2022-04-21T00:00:00Z,105.5100,107.1500,105.3100,107.0200,795690
2022-04-21T04:00:00Z,107.0200,107.6300,105.2200,106.8100,1004566
2022-04-21T08:00:00Z,106.8200,109.1000,105.6600,108.3600,1725581
2022-04-21T12:00:00Z,108.3700,109.9600,107.5800,107.7600,2582934
2022-04-21T16:00:00Z,107.7500,107.7600,104.2000,104.2600,2216872
2022-04-21T20:00:00Z,104.2600,104.3100,99.7600,101.6900,2569269
2022-04-22T00:00:00Z,101.7000,103.1000,101.3600,102.5100,1030269
2022-04-22T04:00:00Z,102.5100,103.5300,101.2600,102.5800,1151939
2022-04-22T08:00:00Z,102.5700,102.9400,100.0600,102.1600,1497549
2022-04-22T12:00:00Z,102.1500,102.7600,99.2800,99.6400,2573879
2022-04-22T16:00:00Z,99.6400,101.9600,99.1700,100.9000,1628733
2022-04-22T20:00:00Z,100.8900,101.7100,99.8500,100.5000,721616
2022-04-23T00:00:00Z,100.5200,101.0300,99.2300,99.8200,880003
2022-04-23T04:00:00Z,99.8200,101.2400,98.2500,101.1500,1117655
2022-04-23T08:00:00Z,101.1500,102.0000,100.6100,101.4800,895133
2022-04-23T12:00:00Z,101.4800,102.5000,100.7000,102.0800,1062462
2022-04-23T16:00:00Z,102.0800,102.8700,101.3500,102.0100,906893
2022-04-23T20:00:00Z,102.0100,102.4300,100.1400,100.6100,757018
2022-04-24T00:00:00Z,100.6000,101.5900,100.1600,101.2200,657407
2022-04-24T04:00:00Z,101.2100,101.9800,101.1100,101.7600,482160
2022-04-24T08:00:00Z,101.7700,102.2400,100.7700,101.0800,659122
2022-04-24T12:00:00Z,101.0800,101.5100,99.7900,100.0700,1507246
2022-04-24T16:00:00Z,100.0700,101.2800,98.5000,100.4400,1578519
2022-04-24T20:00:00Z,100.4400,100.6700,98.9000,99.1300,867888
2022-04-25T00:00:00Z,99.1500,99.3500,96.0700,97.9700,2176327
2022-04-25T04:00:00Z,97.9700,98.2600,94.1000,95.0900,2037811
2022-04-25T08:00:00Z,95.0800,96.9000,94.3800,96.6800,1878416
2022-04-25T12:00:00Z,96.6900,98.1900,95.7700,96.8800,2438268
2022-04-25T16:00:00Z,96.8800,100.7200,96.7300,100.5900,2380534
2022-04-25T20:00:00Z,100.5900,101.5900,99.7500,100.9400,1080844
2022-04-26T00:00:00Z,100.9500,102.0000,100.1800,100.9500,816187
2022-04-26T04:00:00Z,100.9600,101.4900,100.0900,100.8000,828681
2022-04-26T08:00:00Z,100.8000,101.5900,99.6200,100.4400,901054
2022-04-26T12:00:00Z,100.4400,101.0700,96.3400,96.5000,2760110
2022-04-26T16:00:00Z,96.5000,97.7100,95.5300,96.4900,2722520
2022-04-26T20:00:00Z,96.4900,97.4700,94.5000,95.6500,1855259
2022-04-27T00:00:00Z,95.6600,97.1600,94.8200,96.7500,1048597
2022-04-27T04:00:00Z,96.7400,99.4900,96.5400,99.4500,1089333
2022-04-27T08:00:00Z,99.4500,100.1000,98.0100,99.1800,1965281
2022-04-27T12:00:00Z,99.1800,100.7200,96.7700,98.1400,3060125
2022-04-27T16:00:00Z,98.1400,98.9800,96.7000,97.3600,1341797
2022-04-27T20:00:00Z,97.3600,98.8800,97.1400,98.3000,795020
2022-04-28T00:00:00Z,98.3000,99.8900,97.9200,99.1000,976167
2022-04-28T04:00:00Z,99.1100,100.0000,98.5100,99.4100,832067
2022-04-28T08:00:00Z,99.4100,100.5400,98.9700,99.8100,1238489
2022-04-28T12:00:00Z,99.8100,100.0300,96.2300,97.3900,2956754
2022-04-28T16:00:00Z,97.3800,100.2000,96.7700,98.7200,1866133
2022-04-28T20:00:00Z,98.7300,99.1200,97.2200,98.1800,979783
2022-04-29T00:00:00Z,98.1800,98.6600,96.8700,97.1900,858713
2022-04-29T04:00:00Z,97.1900,98.0200,96.6900,97.7600,711189
2022-04-29T08:00:00Z,97.7700,97.9700,95.0300,95.5900,1386539
2022-04-29T12:00:00Z,95.5900,97.0600,95.1500,96.1200,1486071
2022-04-29T16:00:00Z,96.1100,96.3300,92.2600,92.8600,2167357
2022-04-29T20:00:00Z,92.8700,94.4500,92.5500,93.9400,926863
2022-04-30T00:00:00Z,93.9400,94.9500,93.6500,94.0700,679864
2022-04-30T04:00:00Z,94.0700,94.9400,93.6500,93.9800,526046
2022-04-30T08:00:00Z,93.9800,94.5200,93.5000,93.8400,651932
2022-04-30T12:00:00Z,93.8500,94.1700,91.3500,92.2000,1445920
2022-04-30T16:00:00Z,92.2100,92.5500,90.2100,91.5300,1263982
2022-04-30T20:00:00Z,91.5200,91.5200,81.6700,84.5000,4007870
2022-05-01T00:00:00Z,84.5100,88.3600,84.0000,87.9500,2799362
2022-05-01T04:00:00Z,87.9500,89.8300,87.0300,88.8600,1426750
2022-05-01T08:00:00Z,88.8600,89.9000,87.6700,88.1900,973515
2022-05-01T12:00:00Z,88.1900,90.3500,87.0100,89.9800,1669399
2022-05-01T16:00:00Z,90.0000,93.1600,87.0200,87.9400,2277707
2022-05-01T20:00:00Z,87.9300,90.4300,87.7000,89.6100,1336665
2022-05-02T00:00:00Z,89.6100,90.8500,88.5800,89.3000,1090871
2022-05-02T04:00:00Z,89.3000,90.7500,89.0000,89.7300,903232
2022-05-02T08:00:00Z,89.7500,89.9700,86.2100,86.7400,1537735
2022-05-02T12:00:00Z,86.7400,88.9100,86.1700,87.6600,2603729
2022-05-02T16:00:00Z,87.6700,87.9300,85.0200,87.2400,1861635
2022-05-02T20:00:00Z,87.2400,88.5000,86.2400,87.4400,845571
2022-05-03T00:00:00Z,87.4400,88.6400,86.6700,88.6100,863710
2022-05-03T04:00:00Z,88.6100,88.7900,87.8000,88.3200,611797
2022-05-03T08:00:00Z,88.2900,88.7100,87.1500,88.4500,771416
2022-05-03T12:00:00Z,88.4500,88.5600,86.6600,87.1600,1129354
2022-05-03T16:00:00Z,87.1600,87.4200,84.7600,85.4000,1384631
2022-05-03T20:00:00Z,85.4000,86.5800,84.5800,85.8100,988035
2022-05-04T00:00:00Z,85.8200,86.7800,85.4200,86.0900,678861
2022-05-04T04:00:00Z,86.1000,87.4800,85.4300,87.2700,892260
2022-05-04T08:00:00Z,87.2700,88.6900,87.0000,88.4000,1267783
2022-05-04T12:00:00Z,88.4000,88.7000,86.2400,87.1500,1715658
2022-05-04T16:00:00Z,87.1500,92.1800,86.4500,91.5700,3808960
2022-05-04T20:00:00Z,91.5900,93.1000,91.2900,92.7000,1023072
2022-05-05T00:00:00Z,92.7000,95.2200,92.6200,94.3100,1436018
2022-05-05T04:00:00Z,94.2900,94.5400,92.7400,93.1300,1004754
2022-05-05T08:00:00Z,93.1200,93.3500,91.9900,92.2700,927427
2022-05-05T12:00:00Z,92.2800,92.9500,84.1200,84.9100,4343636
2022-05-05T16:00:00Z,84.8900,86.2300,81.0500,83.6800,4387804
2022-05-05T20:00:00Z,83.6800,85.3100,82.9800,84.4800,1680746
2022-05-06T00:00:00Z,84.4700,84.7800,82.5200,82.8200,1109192
2022-05-06T04:00:00Z,82.8200,83.4300,80.8400,82.3700,1955561
2022-05-06T08:00:00Z,82.3600,83.6200,80.3000,81.1800,2183275
2022-05-06T12:00:00Z,81.1800,83.1800,79.7900,81.7600,4115642
2022-05-06T16:00:00Z,81.7500,82.4400,80.9700,81.9400,1605218
2022-05-06T20:00:00Z,81.9400,82.3700,81.2500,81.6300,757484
2022-05-07T00:00:00Z,81.6400,81.9500,80.3000,80.4400,805957
2022-05-07T04:00:00Z,80.4500,80.9300,79.0200,80.4200,1314277
2022-05-07T08:00:00Z,80.4200,82.0200,80.2100,81.7400,1113461
2022-05-07T12:00:00Z,81.7500,82.2900,80.8200,82.0500,1190220
2022-05-07T16:00:00Z,82.0400,82.1800,81.1200,81.3900,771158
2022-05-07T20:00:00Z,81.4000,81.4000,77.0000,78.8000,2555404
2022-05-08T00:00:00Z,78.8000,79.3600,75.8000,76.8800,2712942
2022-05-08T04:00:00Z,76.8800,78.6000,76.8800,77.8100,1305152
2022-05-08T08:00:00Z,77.8000,79.3600,77.7200,79.0700,1082309
2022-05-08T12:00:00Z,79.0700,79.3200,76.6800,77.1200,2075040
2022-05-08T16:00:00Z,77.1100,78.0800,73.5800,76.3000,3402878
2022-05-08T20:00:00Z,76.3000,76.5100,74.6000,75.3400,1280559
2022-05-09T00:00:00Z,75.3400,77.1900,73.6700,75.2200,2305582
2022-05-09T04:00:00Z,75.2300,76.0400,73.2300,73.8800,1577338
2022-05-09T08:00:00Z,73.8700,75.2600,70.5000,72.1900,3483040
2022-05-09T12:00:00Z,72.1900,73.1900,69.1100,69.7900,4739431
2022-05-09T16:00:00Z,69.8000,70.3200,62.7700,65.0800,9459788
2022-05-09T20:00:00Z,65.0700,68.4200,61.6100,62.0800,6119537
2022-05-10T00:00:00Z,62.0700,66.6800,60.0000,64.4400,8074405
2022-05-10T04:00:00Z,64.4300,72.9900,64.0300,68.8700,5923417
2022-05-10T08:00:00Z,68.8700,72.0500,68.3400,71.5300,3404352
2022-05-10T12:00:00Z,71.5200,73.9900,67.1600,69.4300,5877385
2022-05-10T16:00:00Z,69.4200,71.0600,67.0500,67.4100,3336170
2022-05-10T20:00:00Z,67.4100,67.6900,63.1200,66.8300,5180034
2022-05-11T00:00:00Z,66.8300,68.3000,64.9500,66.1700,2817222
2022-05-11T04:00:00Z,66.1600,68.4400,60.5800,62.5500,4934968
2022-05-11T08:00:00Z,62.5700,66.3500,60.9400,61.3600,5627833
2022-05-11T12:00:00Z,61.3500,63.8700,47.1800,55.5400,16723453
2022-05-11T16:00:00Z,55.5300,56.7500,46.8500,47.8100,7868190
2022-05-11T20:00:00Z,47.8000,51.0000,43.0600,50.8400,10331823
2022-05-12T00:00:00Z,50.8500,54.3300,45.0100,45.1100,9086356
2022-05-12T04:00:00Z,45.1100,46.7800,37.1000,44.6400,15003609
2022-05-12T08:00:00Z,44.6500,47.9200,41.4200,43.9100,10777591
2022-05-12T12:00:00Z,43.9000,49.3600,42.6400,44.6300,10662021
2022-05-12T16:00:00Z,44.6200,48.0000,43.2800,44.6100,6379709
2022-05-12T20:00:00Z,44.6100,45.6900,41.4800,44.6300,4781769
2022-05-13T00:00:00Z,44.6400,52.1300,43.8100,50.3600,6560858
2022-05-13T04:00:00Z,50.3600,54.0000,48.8100,49.0400,6616787
2022-05-13T08:00:00Z,49.0300,53.2500,49.0100,53.1400,5082588
2022-05-13T12:00:00Z,53.1600,56.3700,51.8500,53.0700,6709745
2022-05-13T16:00:00Z,53.0700,54.2000,49.6200,51.4500,5441599
2022-05-13T20:00:00Z,51.4600,51.8700,48.2000,48.8800,2532078
2022-05-14T00:00:00Z,48.8800,53.9400,48.5200,51.6900,2965696
2022-05-14T04:00:00Z,51.6800,53.3400,50.4900,50.7200,2483917
2022-05-14T08:00:00Z,50.7100,51.5600,47.3500,48.0200,3380549
2022-05-14T12:00:00Z,48.0300,49.1700,46.0500,46.4300,3495575
2022-05-14T16:00:00Z,46.4200,50.7800,45.7500,49.3300,4938671
2022-05-14T20:00:00Z,49.3300,52.9700,49.2700,52.4000,2956832
2022-05-15T00:00:00Z,52.4000,52.6800,49.5700,50.1700,2149816
2022-05-15T04:00:00Z,50.1800,52.5900,49.8100,51.4200,1945516
2022-05-15T08:00:00Z,51.4200,53.6400,50.7500,53.4100,2395188
2022-05-15T12:00:00Z,53.4100,54.7800,52.1600,52.8400,3334305
2022-05-15T16:00:00Z,52.8400,55.6500,52.6300,55.2300,3506015
2022-05-15T20:00:00Z,55.2300,59.2900,54.9600,58.8000,4490286
2022-05-16T00:00:00Z,58.8000,58.8000,55.2600,56.0500,2932513
2022-05-16T04:00:00Z,56.0600,56.4100,53.1000,53.7800,3464787
2022-05-16T08:00:00Z,53.7600,55.1900,52.5100,53.7800,3670515
2022-05-16T12:00:00Z,53.7900,55.5300,51.8000,53.2200,5233541
2022-05-16T16:00:00Z,53.2200,55.4500,52.1700,53.9800,3689495
2022-05-16T20:00:00Z,53.9700,55.7900,53.1100,53.7700,3149155
2022-05-17T00:00:00Z,53.7800,56.1400,53.6400,55.7200,2489670
2022-05-17T04:00:00Z,55.7100,57.6500,55.0600,55.7700,2502484
2022-05-17T08:00:00Z,55.7700,57.0800,55.3700,55.6200,2109513
2022-05-17T12:00:00Z,55.6100,58.2000,54.2500,55.1300,5272962
2022-05-17T16:00:00Z,55.1300,56.0800,53.0000,55.1600,4883759
2022-05-17T20:00:00Z,55.1500,57.6300,54.9500,57.0000,2679049
2022-05-18T00:00:00Z,57.0100,57.8300,54.8300,55.0500,2709774
2022-05-18T04:00:00Z,55.0400,56.2200,54.7300,55.4100,1890717
2022-05-18T08:00:00Z,55.4200,55.5400,53.7400,54.1700,2005856
2022-05-18T12:00:00Z,54.1800,54.3000,49.6300,50.3700,5810785
2022-05-18T16:00:00Z,50.3700,51.9800,49.7900,51.6800,4190768
2022-05-18T20:00:00Z,51.6800,51.7100,49.3400,49.9200,2740861
2022-05-19T00:00:00Z,49.9100,50.9600,48.0700,50.5700,3398490
2022-05-19T04:00:00Z,50.5800,52.2800,50.1300,51.0500,2621348
2022-05-19T08:00:00Z,51.0400,51.5300,48.2000,51.1900,4961605
2022-05-19T12:00:00Z,51.1900,54.0600,50.2600,53.1900,7867446
2022-05-19T16:00:00Z,53.1900,53.5700,51.5400,51.5700,3233412
2022-05-19T20:00:00Z,51.5800,52.6400,50.6600,52.1800,2579898
2022-05-20T00:00:00Z,52.1800,53.5500,51.4000,51.4600,2851791
2022-05-20T04:00:00Z,51.4500,52.3600,50.5500,52.0700,3596256
2022-05-20T08:00:00Z,52.0500,53.6200,51.7700,53.1400,4066240
2022-05-20T12:00:00Z,53.1400,53.2200,49.2500,49.3900,6625303
2022-05-20T16:00:00Z,49.3900,50.2800,47.7600,50.1300,5618126
2022-05-20T20:00:00Z,50.1200,50.7400,49.2900,49.4100,2526037
2022-05-21T00:00:00Z,49.4000,50.2200,48.3600,50.1200,2351627
2022-05-21T04:00:00Z,50.1200,50.3800,49.4000,49.9700,2135333
2022-05-21T08:00:00Z,49.9700,50.1700,48.9200,49.4100,1966600
2022-05-21T12:00:00Z,49.4100,50.8300,48.9500,50.6600,2331581
2022-05-21T16:00:00Z,50.6600,51.2000,49.9100,50.1900,2289657
2022-05-21T20:00:00Z,50.1900,50.6500,49.4000,50.2700,1239134
2022-05-22T00:00:00Z,50.2700,50.7300,49.9000,50.1300,965492
2022-05-22T04:00:00Z,50.1200,50.5300,49.6400,50.2500,1348803
2022-05-22T08:00:00Z,50.2500,51.9300,50.1500,51.4600,3070967
2022-05-22T12:00:00Z,51.4700,52.8800,51.3000,51.8000,3292478
2022-05-22T16:00:00Z,51.8000,52.2300,51.0700,51.3900,1710263
2022-05-22T20:00:00Z,51.4000,53.1600,51.2700,52.4400,2341435
2022-05-23T00:00:00Z,52.4400,53.1800,51.7700,52.2000,1473042
2022-05-23T04:00:00Z,52.2000,54.3700,51.8800,53.5300,2646958
2022-05-23T08:00:00Z,53.5400,54.6600,52.9000,53.9700,2817286
2022-05-23T12:00:00Z,53.9800,54.6500,52.1800,53.8400,4540794
2022-05-23T16:00:00Z,53.8400,54.3900,50.0000,50.0600,4604832
2022-05-23T20:00:00Z,50.0500,51.0400,48.5600,49.1400,3821493
2022-05-24T00:00:00Z,49.1300,49.9500,48.8400,49.8600,1851123
2022-05-24T04:00:00Z,49.8600,50.3000,49.3400,49.8100,1805027
2022-05-24T08:00:00Z,49.8000,49.9500,48.6100,49.4900,2346770
2022-05-24T12:00:00Z,49.4900,50.5900,47.0400,50.0200,5919185
2022-05-24T16:00:00Z,50.0300,50.8300,48.5000,49.0700,3921414
2022-05-24T20:00:00Z,49.0600,50.1100,48.7000,49.6600,1819169
2022-05-25T00:00:00Z,49.6500,50.5400,48.9800,50.3100,2616825
2022-05-25T04:00:00Z,50.3100,50.3300,48.5300,48.8100,2323448
2022-05-25T08:00:00Z,48.8100,49.3700,47.5300,47.6600,2824519
2022-05-25T12:00:00Z,47.6500,48.8600,47.5300,48.2200,3603414
2022-05-25T16:00:00Z,48.2200,49.1300,47.7800,48.2800,2940876
2022-05-25T20:00:00Z,48.2800,48.8800,47.8300,47.9500,1609393
2022-05-26T00:00:00Z,47.9500,48.6500,47.8100,48.1500,1730561
2022-05-26T04:00:00Z,48.1700,48.3000,45.5500,46.3700,4235749
2022-05-26T08:00:00Z,46.3800,46.4800,43.0700,43.7000,5041497
2022-05-26T12:00:00Z,43.6900,45.8800,41.5600,45.0700,11368926
2022-05-26T16:00:00Z,45.0800,46.6600,43.8600,44.0300,6072627
2022-05-26T20:00:00Z,44.0300,44.8200,43.2600,43.4100,3495328
2022-05-27T00:00:00Z,43.4100,43.9200,41.1600,42.6500,6394566
2022-05-27T04:00:00Z,42.6500,42.9000,39.9100,41.0000,7343548
2022-05-27T08:00:00Z,41.0100,42.2600,40.5100,41.5600,5561213
2022-05-27T12:00:00Z,41.5600,43.6000,41.2500,42.1100,7881745
2022-05-27T16:00:00Z,42.1100,42.3600,40.4000,41.8400,7595318
2022-05-27T20:00:00Z,41.8500,42.5900,40.5000,41.1500,2809027
2022-05-28T00:00:00Z,41.1500,42.4600,40.3000,41.3000,3964771
2022-05-28T04:00:00Z,41.3100,42.1800,41.0500,41.6900,2604483
2022-05-28T08:00:00Z,41.6900,41.9800,41.0800,41.5800,2528554
2022-05-28T12:00:00Z,41.5700,43.5100,41.4400,42.9400,3966181
2022-05-28T16:00:00Z,42.9500,44.7400,42.5400,44.3800,3072612
2022-05-28T20:00:00Z,44.3800,45.1000,43.6900,44.2200,2180702
2022-05-29T00:00:00Z,44.2200,44.4000,42.1200,42.3300,4062906
2022-05-29T04:00:00Z,42.3300,42.6300,41.7700,42.4100,2165128
2022-05-29T08:00:00Z,42.4100,44.1800,42.2800,44.0500,4343732
2022-05-29T12:00:00Z,44.0600,45.6600,44.0400,44.6900,5051067
2022-05-29T16:00:00Z,44.6800,45.3200,44.0500,44.2500,2553887
2022-05-29T20:00:00Z,44.2400,45.1400,44.1500,44.9500,2363972
2022-05-30T00:00:00Z,44.9500,46.7400,44.2400,45.9200,4964163
2022-05-30T04:00:00Z,45.9200,47.3900,45.5100,47.0500,4112561
2022-05-30T08:00:00Z,47.0400,47.2300,45.8300,46.0600,3051401
2022-05-30T12:00:00Z,46.0600,46.6500,44.9200,45.8300,4154390
2022-05-30T16:00:00Z,45.8200,46.3400,45.3700,45.6400,2368656
2022-05-30T20:00:00Z,45.6400,48.5800,45.4300,47.2100,5650933
2022-05-31T00:00:00Z,47.2100,48.2300,46.1900,47.6800,3714223
2022-05-31T04:00:00Z,47.6700,47.8300,45.9000,46.3500,3246946
2022-05-31T08:00:00Z,46.3600,46.9200,45.9500,46.5800,2622442
2022-05-31T12:00:00Z,46.5800,46.7700,44.5200,46.3200,6066674
2022-05-31T16:00:00Z,46.3100,46.7900,45.1600,45.5100,3226059
2022-05-31T20:00:00Z,45.5100,46.2000,45.3600,45.7600,2004496
2022-06-01T00:00:00Z,45.7500,46.1200,44.6400,44.7500,2387973
2022-06-01T04:00:00Z,44.7500,45.2100,44.3000,44.5600,2250534
2022-06-01T08:00:00Z,44.5700,45.2900,44.1900,44.5800,2040101
2022-06-01T12:00:00Z,44.5800,45.6600,42.8200,42.9100,5818533
2022-06-01T16:00:00Z,42.9100,43.1100,40.7400,41.2900,7426723
2022-06-01T20:00:00Z,41.2900,41.3800,39.4900,40.0900,5895840
2022-06-02T00:00:00Z,40.0900,40.2500,38.6700,38.8200,5988064
2022-06-02T04:00:00Z,38.8200,40.0900,38.1000,39.6500,5554474
2022-06-02T08:00:00Z,39.6500,41.2400,39.4400,41.0100,4878244
2022-06-02T12:00:00Z,41.0000,41.2400,39.5900,40.6900,8760232
2022-06-02T16:00:00Z,40.6900,41.0400,39.8900,40.4300,3677008
2022-06-02T20:00:00Z,40.4200,41.7000,40.3600,40.8400,3354194
2022-06-03T00:00:00Z,40.8400,41.5200,40.4000,41.1200,2897272
2022-06-03T04:00:00Z,41.1300,41.2000,40.2000,40.3100,2388532
2022-06-03T08:00:00Z,40.3000,40.4400,37.9100,38.2300,7830029
2022-06-03T12:00:00Z,38.2300,38.7700,37.5500,38.0300,6587817
2022-06-03T16:00:00Z,38.0200,38.5800,37.7300,38.1600,4335846
2022-06-03T20:00:00Z,38.1600,38.9500,37.8700,38.2400,3100775
2022-06-04T00:00:00Z,38.2500,38.3600,35.6500,36.2600,6572747
2022-06-04T04:00:00Z,36.2600,37.4700,36.1800,37.3000,3760810
2022-06-04T08:00:00Z,37.3100,37.9100,36.8000,36.9700,3821814
2022-06-04T12:00:00Z,36.9700,38.2700,36.5100,37.7300,5951444
2022-06-04T16:00:00Z,37.7300,38.2000,37.3100,37.4700,3616525
2022-06-04T20:00:00Z,37.4800,39.5500,37.4000,38.9900,3893742
2022-06-05T00:00:00Z,38.9900,39.4600,37.8100,38.2900,3355456
2022-06-05T04:00:00Z,38.2800,39.3200,37.9100,38.8100,3722641
2022-06-05T08:00:00Z,38.8000,39.9800,38.7100,39.4300,5738292
2022-06-05T12:00:00Z,39.4400,39.8400,38.7200,39.7800,4661834
2022-06-05T16:00:00Z,39.7800,40.2200,39.1800,39.6200,4292484
2022-06-05T20:00:00Z,39.6300,40.0900,38.3800,38.5100,4564062
2022-06-06T00:00:00Z,38.5000,41.9400,38.3100,41.7500,8832333
2022-06-06T04:00:00Z,41.7400,44.0000,41.4800,43.0100,6751297
2022-06-06T08:00:00Z,43.0100,44.9900,42.9200,43.9100,6614933
2022-06-06T12:00:00Z,43.9200,44.1300,42.2900,42.8000,9511386
2022-06-06T16:00:00Z,42.8100,42.8500,41.5000,42.2100,7188223
2022-06-06T20:00:00Z,42.2100,43.2300,41.0500,42.3500,5820829
2022-06-07T00:00:00Z,42.3600,42.7700,38.6600,39.5200,16077640
2022-06-07T04:00:00Z,39.5200,39.6600,38.8100,39.3000,4055826
2022-06-07T08:00:00Z,39.3000,39.6400,37.0600,38.0400,6831271
2022-06-07T12:00:00Z,38.0300,39.6400,37.6300,39.1200,8649363
2022-06-07T16:00:00Z,39.1100,41.1700,38.6000,40.4300,7189259
2022-06-07T20:00:00Z,40.4200,41.3500,38.3700,39.2800,8946051
2022-06-08T00:00:00Z,39.2900,40.9400,38.2600,38.6100,7735173
2022-06-08T04:00:00Z,38.6200,39.5300,38.2400,39.2300,4375991
2022-06-08T08:00:00Z,39.2300,39.7400,38.9400,39.2800,2995251
2022-06-08T12:00:00Z,39.2800,40.1500,38.7000,39.6900,5305995
2022-06-08T16:00:00Z,39.6900,39.8500,38.3800,38.7600,3292835
2022-06-08T20:00:00Z,38.7500,39.3900,38.6400,38.8000,2219094
2022-06-09T00:00:00Z,38.8100,39.2200,38.4000,39.1100,2370837
2022-06-09T04:00:00Z,39.1200,39.5400,38.8500,39.5300,1782824
2022-06-09T08:00:00Z,39.5300,41.9600,39.2700,41.1800,7612478
2022-06-09T12:00:00Z,41.1900,41.4100,39.7900,40.3300,6506959
2022-06-09T16:00:00Z,40.3300,41.4000,39.5000,39.6400,4756855
2022-06-09T20:00:00Z,39.6300,40.1500,39.4000,39.9500,2875235
2022-06-10T00:00:00Z,39.9400,40.9000,38.9600,40.2600,4261508
2022-06-10T04:00:00Z,40.2700,40.8300,40.0300,40.3100,2153523
2022-06-10T08:00:00Z,40.3000,40.6800,38.8800,39.2800,4314309
2022-06-10T12:00:00Z,39.2800,39.6900,37.4100,37.9400,8971886
2022-06-10T16:00:00Z,37.9400,38.0600,36.8300,37.2300,5657287
2022-06-10T20:00:00Z,37.2400,38.0800,36.7300,37.1200,2706695
2022-06-11T00:00:00Z,37.1300,37.7000,36.9500,37.5200,1944724
2022-06-11T04:00:00Z,37.5100,37.9100,37.0900,37.6700,2129390
2022-06-11T08:00:00Z,37.6800,37.7300,35.0700,35.4400,6952227
2022-06-11T12:00:00Z,35.4400,35.7500,33.1300,33.7400,11334800
2022-06-11T16:00:00Z,33.7400,34.7400,33.3100,34.0900,6916818
2022-06-11T20:00:00Z,34.1000,34.6700,33.5800,33.9100,3305899
2022-06-12T00:00:00Z,33.9200,34.3000,31.3400,32.2600,9073936
2022-06-12T04:00:00Z,32.2600,33.1800,31.0400,33.1400,8403420
2022-06-12T08:00:00Z,33.1400,33.8500,32.2500,32.7000,6320587
2022-06-12T12:00:00Z,32.7000,34.5000,31.3600,33.9800,10472383
2022-06-12T16:00:00Z,33.9800,34.2900,32.2800,32.5800,5600486
2022-06-12T20:00:00Z,32.5700,32.8000,30.5300,30.5600,5800009
2022-06-13T00:00:00Z,30.5600,31.0900,27.5800,28.8200,18366871
2022-06-13T04:00:00Z,28.8200,29.6700,27.1800,27.5300,14372455
2022-06-13T08:00:00Z,27.5300,28.5000,26.0000,26.8000,22218035
2022-06-13T12:00:00Z,26.8000,28.2800,26.0700,27.8900,21905825
2022-06-13T16:00:00Z,27.8900,29.5000,27.4000,28.3100,14084180
2022-06-13T20:00:00Z,28.3100,29.8600,26.9600,28.5800,11254666
2022-06-14T00:00:00Z,28.5800,29.2000,25.8100,28.9100,17561986
2022-06-14T04:00:00Z,28.9000,32.2100,28.0400,30.9900,18437822
2022-06-14T08:00:00Z,31.0000,31.1000,28.6300,29.0600,9788029
2022-06-14T12:00:00Z,29.0600,31.4000,28.3400,31.0100,14320397
2022-06-14T16:00:00Z,31.0000,31.1800,29.0300,29.4100,8896327
2022-06-14T20:00:00Z,29.4200,30.1400,27.9700,29.5600,7555089
2022-06-15T00:00:00Z,29.5700,30.2900,28.6000,28.7900,6651689
2022-06-15T04:00:00Z,28.7800,28.8100,27.3200,27.6300,10339716
2022-06-15T08:00:00Z,27.6300,29.2900,26.7500,28.8800,13986575
2022-06-15T12:00:00Z,28.9000,30.0100,28.6000,29.4800,12749528
2022-06-15T16:00:00Z,29.4900,32.9500,28.0800,31.4500,24175946
2022-06-15T20:00:00Z,31.4600,34.8700,31.0100,34.7200,10902632
2022-06-16T00:00:00Z,34.7200,36.2600,33.7000,33.7800,8934704
2022-06-16T04:00:00Z,33.7800,34.2400,32.4200,32.5900,7413901
2022-06-16T08:00:00Z,32.5900,32.9900,30.7000,31.2600,11203709
2022-06-16T12:00:00Z,31.2500,32.5000,30.0200,31.2900,15729786
2022-06-16T16:00:00Z,31.2900,32.6400,30.3300,30.8300,12584275
2022-06-16T20:00:00Z,30.8300,31.5600,29.5200,30.1000,8171375
2022-06-17T00:00:00Z,30.0900,31.3300,29.2100,29.9900,9091916
2022-06-17T04:00:00Z,30.0000,31.9300,29.9100,31.5600,6906677
2022-06-17T08:00:00Z,31.5700,32.1100,30.9400,31.5500,6414960
2022-06-17T12:00:00Z,31.5500,32.0500,30.7900,31.1900,9677402
2022-06-17T16:00:00Z,31.1900,32.1000,30.9300,31.1300,6306728
2022-06-17T20:00:00Z,31.1300,31.7300,30.5100,30.7000,3536358
2022-06-18T00:00:00Z,30.7100,31.2800,29.7300,30.0700,4619974
2022-06-18T04:00:00Z,30.0700,30.3900,28.0900,28.4500,8288013
2022-06-18T08:00:00Z,28.4500,30.6600,27.7700,29.9700,11934306
2022-06-18T12:00:00Z,29.9700,30.4400,29.5000,29.7800,6679057
2022-06-18T16:00:00Z,29.7900,30.6300,28.0500,28.0800,10721734
2022-06-18T20:00:00Z,28.0800,32.0000,27.0900,31.9800,19320081
2022-06-19T00:00:00Z,31.9800,32.3900,29.7200,30.1700,10394343
2022-06-19T04:00:00Z,30.1800,30.6100,28.7500,29.1700,8698273
2022-06-19T08:00:00Z,29.1800,33.0800,28.6700,32.4000,14199865
2022-06-19T12:00:00Z,32.3900,33.6500,31.4900,33.4500,11298106
2022-06-19T16:00:00Z,33.4600,34.3000,31.9500,33.1900,10194103
2022-06-19T20:00:00Z,33.1900,35.4300,33.0200,34.1600,9387320
2022-06-20T00:00:00Z,34.1700,34.5800,31.7700,32.2500,8539908
2022-06-20T04:00:00Z,32.2400,32.8100,31.7000,32.3200,5580815
2022-06-20T08:00:00Z,32.3100,36.9000,32.1400,36.3000,15115380
2022-06-20T12:00:00Z,36.3100,36.7000,34.5000,35.2500,12898380
2022-06-20T16:00:00Z,35.2500,35.2800,33.9100,34.4400,8477543
2022-06-20T20:00:00Z,34.4400,35.7700,33.7500,35.2200,6583740
2022-06-21T00:00:00Z,35.2300,35.9100,34.1800,35.1900,7605411
2022-06-21T04:00:00Z,35.1900,37.6900,34.7300,36.8200,11687328
2022-06-21T08:00:00Z,36.8100,38.5100,36.6900,37.1400,10482672
2022-06-21T12:00:00Z,37.1400,39.2500,36.9000,37.9100,12217097
2022-06-21T16:00:00Z,37.9100,38.5900,36.4900,36.5600,7579782
2022-06-21T20:00:00Z,36.5700,36.8200,35.5800,36.3900,5666971
2022-06-22T00:00:00Z,36.3900,36.7000,34.5000,34.6700,5776754
2022-06-22T04:00:00Z,34.6700,35.2900,33.7100,33.8400,6637412
2022-06-22T08:00:00Z,33.8400,36.1500,33.6200,35.4700,7531065
2022-06-22T12:00:00Z,35.4600,36.8600,34.5200,34.7400,12121194
2022-06-22T16:00:00Z,34.7300,35.3300,33.9300,34.3500,8431839
2022-06-22T20:00:00Z,34.3500,35.1000,33.8100,34.1100,5701151
2022-06-23T00:00:00Z,34.1100,35.8800,33.8800,35.0900,5642579
2022-06-23T04:00:00Z,35.0900,36.6500,34.9700,35.9300,5550456
2022-06-23T08:00:00Z,35.9300,37.4900,35.7000,36.9000,8067500
2022-06-23T12:00:00Z,36.9000,37.7800,36.0800,37.2000,10037694
2022-06-23T16:00:00Z,37.2000,38.5300,36.2300,37.5500,11873570
2022-06-23T20:00:00Z,37.5400,38.6900,37.2000,38.1500,6294683
2022-06-24T00:00:00Z,38.1400,39.6000,37.6400,38.9100,6993595
2022-06-24T04:00:00Z,38.9000,39.2800,37.7200,38.2900,4706295
2022-06-24T08:00:00Z,38.3100,40.4700,38.0400,40.2700,7183832
2022-06-24T12:00:00Z,40.2800,41.3800,39.7300,40.0700,10144646
2022-06-24T16:00:00Z,40.0700,41.1400,39.4100,41.1400,5500887
2022-06-24T20:00:00Z,41.1500,42.9100,40.8400,41.8900,7691923
2022-06-25T00:00:00Z,41.8900,42.4300,40.6300,41.3800,6331371
2022-06-25T04:00:00Z,41.3800,42.3800,40.9400,42.1200,4293531
2022-06-25T08:00:00Z,42.1300,42.6100,41.7200,41.8300,4022016
2022-06-25T12:00:00Z,41.8300,42.0500,39.7200,39.8500,7489076
2022-06-25T16:00:00Z,39.8500,40.9300,39.7300,40.3500,3860630
2022-06-25T20:00:00Z,40.3400,42.6000,40.0500,42.2100,5105976
2022-06-26T00:00:00Z,42.2000,42.4900,40.7100,41.3800,4021697
2022-06-26T04:00:00Z,41.3800,41.8100,40.7400,41.2800,3569214
2022-06-26T08:00:00Z,41.2800,42.2000,40.5400,42.0500,4687265
2022-06-26T12:00:00Z,42.0600,42.4700,39.9500,40.5900,6284212
2022-06-26T16:00:00Z,40.5800,40.9300,39.5600,40.6400,4371102
2022-06-26T20:00:00Z,40.6500,41.4000,39.1000,39.3600,5446168
2022-06-27T00:00:00Z,39.3600,40.2900,38.8500,40.1100,4759773
2022-06-27T04:00:00Z,40.1100,40.8500,39.6000,40.5900,3828800
2022-06-27T08:00:00Z,40.6000,41.2800,40.2500,40.3000,3566634
2022-06-27T12:00:00Z,40.3100,40.4500,38.2300,38.7300,8181322
2022-06-27T16:00:00Z,38.7400,39.1500,37.8000,38.3100,5676856
2022-06-27T20:00:00Z,38.3100,39.1400,38.2700,38.5000,3474353
2022-06-28T00:00:00Z,38.5000,38.9500,36.9400,37.7100,5146207
2022-06-28T04:00:00Z,37.7100,38.7000,37.5300,38.5900,3106927
2022-06-28T08:00:00Z,38.5800,39.7000,38.4300,39.2100,6018203
2022-06-28T12:00:00Z,39.2000,39.8800,37.0000,37.0500,9035969
2022-06-28T16:00:00Z,37.0400,37.1800,35.6000,35.9100,8696141
2022-06-28T20:00:00Z,35.9100,36.7100,35.0500,35.3200,5779774
2022-06-29T00:00:00Z,35.3100,36.1000,35.0100,35.4200,4753230
2022-06-29T04:00:00Z,35.4300,35.6900,34.4100,35.3100,5873735
2022-06-29T08:00:00Z,35.3100,35.7400,34.2000,34.9300,6133545
2022-06-29T12:00:00Z,34.9300,35.1300,33.5900,34.6500,10152635
2022-06-29T16:00:00Z,34.6400,34.6800,33.0900,34.4700,7544356
2022-06-29T20:00:00Z,34.4700,35.1100,33.5000,34.0200,6180754
2022-06-30T00:00:00Z,34.0200,34.1900,32.5000,32.9800,5469942
2022-06-30T04:00:00Z,32.9900,33.2100,31.5200,31.8800,6731893
2022-06-30T08:00:00Z,31.8800,32.1200,31.1600,31.6700,7803840
2022-06-30T12:00:00Z,31.6600,32.3100,30.7900,32.0800,9964418
2022-06-30T16:00:00Z,32.0800,32.8500,31.5000,32.0100,6988436
2022-06-30T20:00:00Z,32.0100,33.9500,31.3900,33.7300,7826343
2022-07-01T00:00:00Z,33.7300,35.3900,33.4200,33.6200,11866859
2022-07-01T04:00:00Z,33.6300,33.7500,32.3100,33.1000,8871241
2022-07-01T08:00:00Z,33.1000,33.5600,31.7900,32.3300,7123794
2022-07-01T12:00:00Z,32.3200,33.2100,32.0000,32.3000,7582513
2022-07-01T16:00:00Z,32.3000,33.4600,32.2200,33.2300,4954918
2022-07-01T20:00:00Z,33.2200,33.9500,32.6300,32.8300,4566604
2022-07-02T00:00:00Z,32.8300,33.4400,32.0500,32.1400,5225585
2022-07-02T04:00:00Z,32.1400,32.8700,32.0800,32.3900,2608192
2022-07-02T08:00:00Z,32.4000,32.7800,31.8300,32.7500,3527502
2022-07-02T12:00:00Z,32.7500,33.3800,32.5600,32.8500,4996580
2022-07-02T16:00:00Z,32.8500,33.4900,32.6700,33.1100,3550572
2022-07-02T20:00:00Z,33.1000,34.1500,32.8700,33.3400,3269753
2022-07-03T00:00:00Z,33.3500,33.6100,32.6700,33.0500,2495123
2022-07-03T04:00:00Z,33.0500,33.7100,32.3100,32.8400,4995214
2022-07-03T08:00:00Z,32.8400,33.1200,32.4600,32.8900,2338889
2022-07-03T12:00:00Z,32.8900,33.0000,32.1200,32.3100,2985659
2022-07-03T16:00:00Z,32.3100,33.5800,32.2600,33.4200,3082713
2022-07-03T20:00:00Z,33.4300,33.6800,33.0800,33.3700,3209119
2022-07-04T00:00:00Z,33.3700,33.8800,32.6000,32.6200,3744868
2022-07-04T04:00:00Z,32.6100,33.0700,32.4100,32.7600,2158987
2022-07-04T08:00:00Z,32.7500,34.4100,32.7100,34.4000,5293897
2022-07-04T12:00:00Z,34.4000,34.9400,33.7500,34.2700,7096268
2022-07-04T16:00:00Z,34.2700,35.1400,34.0900,34.8500,4604583
2022-07-04T20:00:00Z,34.8400,36.9500,34.7000,36.7100,6776925
2022-07-05T00:00:00Z,36.7100,36.9700,35.1500,35.8300,5670693
2022-07-05T04:00:00Z,35.8200,36.3000,35.5600,35.8900,3727984
2022-07-05T08:00:00Z,35.9000,35.9100,33.7900,33.9600,7079065
2022-07-05T12:00:00Z,33.9600,34.0900,33.0600,33.8300,7709893
2022-07-05T16:00:00Z,33.8300,36.0700,33.5900,35.6900,7267309
2022-07-05T20:00:00Z,35.6900,36.3800,35.1400,35.3700,6522988
2022-07-06T00:00:00Z,35.3700,36.0400,34.7700,35.5200,5599779
2022-07-06T04:00:00Z,35.5200,36.4300,35.2600,35.9300,6042124
2022-07-06T08:00:00Z,35.9300,36.6600,35.5700,35.6000,5497759
2022-07-06T12:00:00Z,35.6000,36.4900,35.3000,35.7300,6905641
2022-07-06T16:00:00Z,35.7300,36.7600,35.6500,36.2500,7276017
2022-07-06T20:00:00Z,36.2400,37.6500,35.8900,37.0100,4991063
2022-07-07T00:00:00Z,37.0200,37.3900,36.7000,37.0800,3519073
2022-07-07T04:00:00Z,37.0900,37.1100,36.3600,36.7900,3046621
2022-07-07T08:00:00Z,36.7900,37.4200,36.6200,37.2400,3195762
2022-07-07T12:00:00Z,37.2400,38.6000,36.7200,38.2700,8260575
2022-07-07T16:00:00Z,38.2600,39.2600,38.0400,38.9800,7007286
2022-07-07T20:00:00Z,38.9900,39.0400,38.1200,38.4400,3432473
2022-07-08T00:00:00Z,38.4400,39.7000,38.0300,38.6100,5388753
2022-07-08T04:00:00Z,38.6100,38.7800,37.1600,37.4900,4782553
2022-07-08T08:00:00Z,37.4900,37.6200,36.5600,37.1700,5601493
2022-07-08T12:00:00Z,37.1800,38.7700,36.4200,38.5400,10310679
2022-07-08T16:00:00Z,38.5500,39.3400,37.9100,38.9300,7068759
2022-07-08T20:00:00Z,38.9300,39.1600,37.9500,38.1000,3287755
2022-07-09T00:00:00Z,38.1000,38.8100,37.7600,38.3200,3809856
2022-07-09T04:00:00Z,38.3200,38.8800,38.2000,38.5900,2753446
2022-07-09T08:00:00Z,38.5900,38.8500,38.0100,38.1700,2526576
2022-07-09T12:00:00Z,38.1700,38.3400,37.7400,38.0200,3078275
2022-07-09T16:00:00Z,38.0200,38.9900,37.9400,38.3700,3072694
2022-07-09T20:00:00Z,38.3800,38.4900,37.9200,38.0200,1783166
2022-07-10T00:00:00Z,38.0200,38.1200,37.0300,37.3600,3216640
2022-07-10T04:00:00Z,37.3600,37.5300,37.1500,37.2800,1912709
2022-07-10T08:00:00Z,37.2700,37.3700,36.6100,36.9200,2659477
2022-07-10T12:00:00Z,36.9200,37.1200,36.2400,36.6600,4027979
2022-07-10T16:00:00Z,36.6600,37.2900,36.3600,37.2900,2855345
2022-07-10T20:00:00Z,37.2900,37.4100,36.5000,36.7000,2701431
2022-07-11T00:00:00Z,36.6900,36.7200,35.3300,35.7900,4064265
2022-07-11T04:00:00Z,35.7900,35.8300,34.7500,35.1600,3084090
2022-07-11T08:00:00Z,35.1600,35.6600,35.0100,35.1400,2976662
2022-07-11T12:00:00Z,35.1300,35.8000,34.5900,35.1500,5856619
2022-07-11T16:00:00Z,35.1500,35.6500,35.0200,35.3400,2788342
2022-07-11T20:00:00Z,35.3500,35.4300,33.2200,33.3900,5783025
2022-07-12T00:00:00Z,33.3800,33.9800,33.2200,33.5900,3251955
2022-07-12T04:00:00Z,33.6000,34.1100,33.2300,33.4700,3239470
2022-07-12T08:00:00Z,33.4700,34.1900,33.1100,33.9100,4589187
2022-07-12T12:00:00Z,33.9000,34.6000,33.7200,34.2000,6318233
2022-07-12T16:00:00Z,34.2000,34.4800,32.6800,32.9100,5870219
2022-07-12T20:00:00Z,32.9100,33.2900,32.5600,32.6500,3174791
2022-07-13T00:00:00Z,32.6500,33.2200,32.3300,33.0300,2877983
2022-07-13T04:00:00Z,33.0200,33.7300,32.9300,33.6800,3152393
2022-07-13T08:00:00Z,33.6700,34.1600,33.6100,33.9300,3809174
2022-07-13T12:00:00Z,33.9300,34.5100,31.7000,33.1800,14593484
2022-07-13T16:00:00Z,33.1800,34.1400,32.9400,33.6300,4671233
2022-07-13T20:00:00Z,33.6300,35.0800,33.4500,34.9300,4212670
2022-07-14T00:00:00Z,34.9200,35.3100,34.5100,34.5700,3360392
2022-07-14T04:00:00Z,34.5700,34.7300,34.1700,34.3300,2554249
2022-07-14T08:00:00Z,34.3200,34.4800,33.5200,33.7800,3568334
2022-07-14T12:00:00Z,33.7800,35.2000,33.5900,35.1400,5940778
2022-07-14T16:00:00Z,35.1400,37.1200,34.8100,36.3400,8039455
2022-07-14T20:00:00Z,36.3400,37.3100,36.3300,37.1200,3234779
2022-07-15T00:00:00Z,37.1100,37.8800,36.5400,37.3400,3623089
2022-07-15T04:00:00Z,37.3300,37.5300,36.5100,37.4500,3289788
2022-07-15T08:00:00Z,37.4400,38.4600,37.4300,37.7000,4464572
2022-07-15T12:00:00Z,37.7000,38.5600,37.3400,37.6600,5484474
2022-07-15T16:00:00Z,37.6700,38.8700,37.0300,38.8000,5281090
2022-07-15T20:00:00Z,38.8100,39.0900,37.2100,37.3500,3968571
2022-07-16T00:00:00Z,37.3500,37.5100,36.7000,37.2000,2740379
2022-07-16T04:00:00Z,37.2000,37.2400,36.3300,36.4200,2437221
2022-07-16T08:00:00Z,36.4200,36.9000,36.3700,36.7400,1616260
2022-07-16T12:00:00Z,36.7400,38.0000,36.6000,37.9200,3712742
2022-07-16T16:00:00Z,37.9200,40.4100,37.8600,39.4200,9992712
2022-07-16T20:00:00Z,39.4100,39.9200,38.8300,39.5700,3433461
2022-07-17T00:00:00Z,39.5700,40.5000,39.2500,39.8600,3734318
2022-07-17T04:00:00Z,39.8700,41.0900,39.8400,40.3300,4414995
2022-07-17T08:00:00Z,40.3300,40.5500,39.2600,39.7600,3481347
2022-07-17T12:00:00Z,39.7700,39.8800,39.0100,39.2600,3672755
2022-07-17T16:00:00Z,39.2600,39.8000,38.2600,38.9900,4794529
2022-07-17T20:00:00Z,38.9900,39.5400,38.4600,38.5800,2521877
2022-07-18T00:00:00Z,38.5800,40.8800,38.5300,40.5400,4515292
2022-07-18T04:00:00Z,40.5400,42.4800,40.2600,42.1200,6248164
2022-07-18T08:00:00Z,42.1200,42.7200,41.3000,41.6300,5471476
2022-07-18T12:00:00Z,41.6200,42.5600,41.2100,42.2900,5076010
2022-07-18T16:00:00Z,42.2800,42.4400,39.6600,40.0400,6565899
2022-07-18T20:00:00Z,40.0400,44.1000,39.7700,43.5300,5273144
2022-07-19T00:00:00Z,43.5300,46.2000,42.8100,43.0000,9570181
2022-07-19T04:00:00Z,43.0000,44.1400,42.5400,43.4800,4784264
2022-07-19T08:00:00Z,43.4700,45.9000,43.2100,45.5300,6481669
2022-07-19T12:00:00Z,45.5400,47.4000,45.2100,46.5400,10545890
2022-07-19T16:00:00Z,46.5300,47.2500,45.3700,45.4100,6361491
2022-07-19T20:00:00Z,45.4200,46.1000,44.5900,44.8600,4095332
2022-07-20T00:00:00Z,44.8500,45.7900,44.1000,45.4600,4460856
2022-07-20T04:00:00Z,45.4600,46.0800,44.2900,44.4000,3643794
2022-07-20T08:00:00Z,44.3900,45.6400,43.7300,45.3200,5618151
2022-07-20T12:00:00Z,45.3200,46.3200,44.8400,45.3200,6532561
2022-07-20T16:00:00Z,45.3300,45.4600,43.1200,43.2000,6483327
2022-07-20T20:00:00Z,43.2100,43.5500,41.2100,42.0200,7500056
2022-07-21T00:00:00Z,42.0200,42.4800,39.8700,40.0300,6390997
2022-07-21T04:00:00Z,40.0300,41.4700,39.6100,41.0300,5156905
2022-07-21T08:00:00Z,41.0300,41.8700,40.6000,41.7400,5409756
2022-07-21T12:00:00Z,41.7200,42.4300,40.8300,41.8500,7616029
2022-07-21T16:00:00Z,41.8500,43.9000,41.8400,43.8000,6816550
2022-07-21T20:00:00Z,43.7900,44.0600,42.5400,43.1100,4104243
2022-07-22T00:00:00Z,43.1100,43.5200,42.2500,42.6600,2892512
2022-07-22T04:00:00Z,42.6600,43.4500,42.0800,43.0500,3275809
2022-07-22T08:00:00Z,43.0500,44.3400,42.8300,44.1300,4495928
2022-07-22T12:00:00Z,44.1300,44.1900,41.5000,41.6700,6892465
2022-07-22T16:00:00Z,41.6700,41.9000,40.0100,40.1900,5817985
2022-07-22T20:00:00Z,40.1900,41.0700,40.1200,40.4900,3236473
2022-07-23T00:00:00Z,40.4900,41.4800,40.0700,41.0700,2524715
2022-07-23T04:00:00Z,41.0600,41.9100,40.9900,41.3200,2506426
2022-07-23T08:00:00Z,41.3200,41.4900,39.5300,39.5900,4412952
2022-07-23T12:00:00Z,39.5800,40.4800,39.3600,40.1600,3783662
2022-07-23T16:00:00Z,40.1600,40.3700,38.5900,39.3400,5289945
2022-07-23T20:00:00Z,39.3400,40.2000,39.1400,39.9500,2608477
2022-07-24T00:00:00Z,39.9500,40.4400,39.4400,39.5800,2387420
2022-07-24T04:00:00Z,39.5800,41.1800,39.4700,40.7100,3443026
2022-07-24T08:00:00Z,40.7000,41.3800,40.1900,40.8600,3121936
2022-07-24T12:00:00Z,40.8700,41.3200,40.0600,41.1900,3326080
2022-07-24T16:00:00Z,41.1900,41.2700,40.5700,40.8100,2335217
2022-07-24T20:00:00Z,40.8000,42.0800,40.7000,40.9100,4131779
2022-07-25T00:00:00Z,40.9100,41.0900,37.7100,38.0600,5896595
2022-07-25T04:00:00Z,38.0500,38.7300,37.7600,38.5400,3028182
2022-07-25T08:00:00Z,38.5400,39.2700,38.3100,38.8600,3124498
2022-07-25T12:00:00Z,38.8600,39.3500,38.2400,38.4600,4472506
2022-07-25T16:00:00Z,38.4700,38.9700,37.3000,37.9200,4489646
2022-07-25T20:00:00Z,37.9300,38.9400,36.5300,36.6400,5550555
2022-07-26T00:00:00Z,36.6300,36.8200,35.4600,36.1900,5702130
2022-07-26T04:00:00Z,36.2000,36.4800,35.4400,35.6200,3028378
2022-07-26T08:00:00Z,35.6200,36.2100,35.2400,35.7900,3125514
2022-07-26T12:00:00Z,35.7900,36.2700,34.8700,34.9900,6161440
2022-07-26T16:00:00Z,34.9900,35.5800,34.6400,35.0000,4047300
2022-07-26T20:00:00Z,34.9900,36.3300,34.7600,36.2200,4509434
2022-07-27T00:00:00Z,36.2200,36.3500,35.6400,35.7600,2578767
2022-07-27T04:00:00Z,35.7700,37.1900,35.7400,36.8000,3375283
2022-07-27T08:00:00Z,36.8100,37.0400,36.2800,36.3700,2449715
2022-07-27T12:00:00Z,36.3800,37.4400,36.1600,37.1400,3839892
2022-07-27T16:00:00Z,37.1400,40.2800,36.3800,39.3700,11814667
2022-07-27T20:00:00Z,39.3800,40.5600,39.2600,40.2100,4485505
2022-07-28T00:00:00Z,40.2000,40.4700,39.0100,39.7000,3838932
2022-07-28T04:00:00Z,39.7100,39.9900,39.2300,39.3200,2657625
2022-07-28T08:00:00Z,39.3200,40.8200,39.2500,40.4900,3676771
2022-07-28T12:00:00Z,40.5000,42.1400,39.1900,41.8900,11290675
2022-07-28T16:00:00Z,41.9000,42.9600,41.7400,42.1300,5514606
2022-07-28T20:00:00Z,42.1300,44.1600,42.1000,42.9000,5116665
2022-07-29T00:00:00Z,42.9100,43.5300,42.3900,43.4600,3699766
2022-07-29T04:00:00Z,43.4600,44.4200,42.7200,43.0400,3557228
2022-07-29T08:00:00Z,43.0400,43.2900,41.3500,41.9100,4955953
2022-07-29T12:00:00Z,41.9000,43.4400,41.0900,42.6300,6880315
2022-07-29T16:00:00Z,42.6300,42.6700,41.2200,41.8000,5267915
2022-07-29T20:00:00Z,41.7900,43.0700,41.5100,41.9000,3215855
2022-07-30T00:00:00Z,41.9000,42.4900,41.4100,41.8700,3927008
2022-07-30T04:00:00Z,41.8800,42.4900,41.4200,42.3500,2129686
2022-07-30T08:00:00Z,42.3600,43.0700,41.8100,42.3900,3135024
2022-07-30T12:00:00Z,42.3800,46.2900,42.1700,46.2700,7374976
2022-07-30T16:00:00Z,46.2700,46.6400,44.8100,45.0700,4983148
2022-07-30T20:00:00Z,45.0800,45.4600,43.4000,43.8300,3628589
2022-07-31T00:00:00Z,43.8400,44.2000,42.9500,43.2300,2925628
2022-07-31T04:00:00Z,43.2300,44.4400,43.2100,43.8300,2808879
2022-07-31T08:00:00Z,43.8300,44.7600,43.2600,44.3900,3337901
2022-07-31T12:00:00Z,44.3900,44.6100,43.5800,44.1200,2409655
2022-07-31T16:00:00Z,44.1200,45.1800,42.8200,43.7300,4705321
2022-07-31T20:00:00Z,43.7300,43.8900,42.1800,42.3200,2778607
2022-08-01T00:00:00Z,42.3100,43.2300,42.0500,42.9800,1991008
2022-08-01T04:00:00Z,42.9900,43.1200,42.2500,42.9300,2151196
2022-08-01T08:00:00Z,42.9400,43.1200,41.6300,42.2100,3633681
2022-08-01T12:00:00Z,42.2000,42.9700,41.3000,42.4400,5566830
2022-08-01T16:00:00Z,42.4400,42.5300,40.5200,41.0800,4755611
2022-08-01T20:00:00Z,41.0800,41.8600,40.7500,41.6100,2181822
2022-08-02T00:00:00Z,41.6200,42.0900,39.9300,40.2100,3756377
2022-08-02T04:00:00Z,40.2200,40.6300,39.8900,40.5100,2435291
2022-08-02T08:00:00Z,40.5000,40.7900,39.7700,40.5300,2940351
2022-08-02T12:00:00Z,40.5200,41.6600,39.8700,41.4500,6332326
2022-08-02T16:00:00Z,41.4500,42.4300,40.9000,41.1300,4152985
2022-08-02T20:00:00Z,41.1400,41.4800,39.4200,39.7300,3337698
2022-08-03T00:00:00Z,39.7300,40.0800,37.3900,38.5200,16425786
2022-08-03T04:00:00Z,38.5200,39.3900,38.1500,38.3100,7544440
2022-08-03T08:00:00Z,38.3200,39.9500,38.3200,39.6300,6405282
2022-08-03T12:00:00Z,39.6200,41.0000,39.5300,40.1300,9023130
2022-08-03T16:00:00Z,40.1300,40.7300,39.7500,40.0700,3591042
2022-08-03T20:00:00Z,40.0700,40.2600,38.1600,38.5200,5409089
2022-08-04T00:00:00Z,38.5200,39.6600,38.3800,39.3600,4319320
2022-08-04T04:00:00Z,39.3600,39.7300,38.5100,39.1700,3553388
2022-08-04T08:00:00Z,39.1700,39.3000,38.5200,38.5800,2965273
2022-08-04T12:00:00Z,38.5900,39.8300,38.3000,38.8400,6366309
2022-08-04T16:00:00Z,38.8500,38.9800,37.9000,38.3500,4335239
2022-08-04T20:00:00Z,38.3600,39.0100,38.1300,38.8100,2178108
2022-08-05T00:00:00Z,38.8100,40.1500,38.6500,40.0900,3287279
2022-08-05T04:00:00Z,40.1000,40.5700,39.6600,40.0400,2897089
2022-08-05T08:00:00Z,40.0500,41.0600,39.8300,40.9800,3065860
2022-08-05T12:00:00Z,40.9800,41.3200,39.5900,39.9800,6385568
2022-08-05T16:00:00Z,39.9800,40.1400,39.3900,39.9000,2870531
2022-08-05T20:00:00Z,39.9100,40.7600,39.7200,40.5500,2719766
2022-08-06T00:00:00Z,40.5500,40.7200,40.1300,40.5000,1791138
2022-08-06T04:00:00Z,40.5000,40.6600,40.2300,40.4000,1372773
2022-08-06T08:00:00Z,40.4000,40.8800,40.2600,40.2800,1976860
2022-08-06T12:00:00Z,40.2800,40.5500,40.1500,40.4300,1324795
2022-08-06T16:00:00Z,40.4300,40.9000,39.8300,40.7900,2882758
2022-08-06T20:00:00Z,40.7900,40.8900,39.9000,40.0400,1969713
2022-08-07T00:00:00Z,40.0300,40.2400,39.1500,39.7500,2308931
2022-08-07T04:00:00Z,39.7500,40.2000,39.6900,39.9700,1319764
2022-08-07T08:00:00Z,39.9700,40.1500,39.6600,40.1200,1614983
2022-08-07T12:00:00Z,40.1100,40.6200,40.0400,40.3200,1985554
2022-08-07T16:00:00Z,40.3200,40.7900,40.2200,40.5500,1640162
2022-08-07T20:00:00Z,40.5400,41.5900,40.4400,40.5900,3090389
2022-08-08T00:00:00Z,40.6000,42.1100,40.5300,41.9100,2818115
2022-08-08T04:00:00Z,41.9100,42.8000,41.8300,42.6700,3212828
2022-08-08T08:00:00Z,42.6700,43.4100,42.3900,43.3800,3868472
2022-08-08T12:00:00Z,43.3700,43.7200,42.3700,42.5000,5196932
2022-08-08T16:00:00Z,42.4900,42.5500,42.0000,42.4800,2882353
2022-08-08T20:00:00Z,42.4800,43.1400,41.7700,42.1500,3422841
2022-08-09T00:00:00Z,42.1400,42.4500,41.5000,42.4200,2419055
2022-08-09T04:00:00Z,42.4100,42.7600,42.2000,42.5300,2599800
2022-08-09T08:00:00Z,42.5400,42.5700,40.6500,40.8400,5367218
2022-08-09T12:00:00Z,40.8500,41.4300,39.6800,40.1000,5099972
2022-08-09T16:00:00Z,40.1000,40.4600,39.8800,40.0600,2422682
2022-08-09T20:00:00Z,40.0500,40.7000,40.0300,40.3000,1789757
2022-08-10T00:00:00Z,40.3000,40.3200,39.1300,39.2600,4252184
2022-08-10T04:00:00Z,39.2700,39.7900,39.1100,39.6600,2095185
2022-08-10T08:00:00Z,39.6700,40.1700,39.6300,40.0100,2359792
2022-08-10T12:00:00Z,40.0000,42.4400,39.8000,42.0500,9342075
2022-08-10T16:00:00Z,42.0600,42.4500,41.1900,41.3000,4165874
2022-08-10T20:00:00Z,41.3100,42.8500,41.3000,42.4500,3221084
2022-08-11T00:00:00Z,42.4500,44.0600,42.3200,43.8200,5725551
2022-08-11T04:00:00Z,43.8200,45.0900,43.8100,44.5300,6310625
2022-08-11T08:00:00Z,44.5200,44.6300,43.6400,44.0600,3937437
2022-08-11T12:00:00Z,44.0600,45.3200,43.3400,43.4600,8748926
2022-08-11T16:00:00Z,43.4600,43.9900,42.8400,43.3800,4140289
2022-08-11T20:00:00Z,43.3700,43.5000,42.3600,42.7500,2858526
2022-08-12T00:00:00Z,42.7500,43.6500,42.1900,43.4000,3480130
2022-08-12T04:00:00Z,43.3900,43.6400,42.7900,43.1300,2274856
2022-08-12T08:00:00Z,43.1200,43.7800,42.1000,42.2900,4275813
2022-08-12T12:00:00Z,42.3000,43.2600,42.2800,43.1600,3939282
2022-08-12T16:00:00Z,43.1700,44.8200,42.9300,44.6400,3932628
2022-08-12T20:00:00Z,44.6400,45.4900,44.2800,45.4600,4601768
2022-08-13T00:00:00Z,45.4500,47.7800,45.2300,47.4000,9488020
2022-08-13T04:00:00Z,47.4000,48.3800,46.9100,47.1700,6996525
2022-08-13T08:00:00Z,47.1600,47.7500,46.3600,46.7300,5229268
2022-08-13T12:00:00Z,46.7200,47.1700,46.0200,46.2300,4167323
2022-08-13T16:00:00Z,46.2300,46.7600,46.0500,46.3000,3336380
2022-08-13T20:00:00Z,46.2900,47.4400,46.1600,46.5700,3108250
2022-08-14T00:00:00Z,46.5800,47.6800,46.0400,46.7200,4158596
2022-08-14T04:00:00Z,46.7100,48.0500,46.5000,47.7100,4251223
2022-08-14T08:00:00Z,47.7100,47.7500,46.5700,46.6700,3863640
2022-08-14T12:00:00Z,46.6700,46.7100,45.7200,46.0200,3655762
2022-08-14T16:00:00Z,46.0200,46.0700,44.4300,45.0800,5629015
2022-08-14T20:00:00Z,45.0700,45.8200,44.7200,44.8600,3258094
2022-08-15T00:00:00Z,44.8500,47.2400,44.3400,46.4600,5852425
2022-08-15T04:00:00Z,46.4500,46.6500,43.5000,43.8000,5970941
2022-08-15T08:00:00Z,43.8000,44.4200,43.1900,43.7700,3821497
2022-08-15T12:00:00Z,43.7800,44.5600,43.2500,44.4900,4338131
2022-08-15T16:00:00Z,44.4800,44.7300,43.6100,43.7900,2889537
2022-08-15T20:00:00Z,43.7900,44.1300,42.7100,43.7000,3530144
2022-08-16T00:00:00Z,43.6900,44.1800,42.5000,43.6400,4689451
2022-08-16T04:00:00Z,43.6400,43.7700,42.7500,43.3100,2650382
2022-08-16T08:00:00Z,43.3000,44.3000,43.1000,43.9500,3323780
2022-08-16T12:00:00Z,43.9500,44.2200,42.6000,43.3800,5612523
2022-08-16T16:00:00Z,43.3800,43.5800,42.5200,43.1000,4329218
2022-08-16T20:00:00Z,43.1100,43.4900,42.8000,43.0600,2023418
2022-08-17T00:00:00Z,43.0500,44.0700,42.9300,43.9800,3527335
2022-08-17T04:00:00Z,43.9800,44.7400,43.0000,43.1200,4396446
2022-08-17T08:00:00Z,43.1200,43.4300,42.5700,42.7400,3234600
2022-08-17T12:00:00Z,42.7500,42.7900,40.7200,41.0800,8332281
2022-08-17T16:00:00Z,41.0700,41.8700,40.6200,40.7200,5440231
2022-08-17T20:00:00Z,40.7300,41.1100,40.1300,40.5100,3927374
2022-08-18T00:00:00Z,40.5200,41.0200,40.0000,40.8000,3489727
2022-08-18T04:00:00Z,40.8000,41.0400,40.5200,40.9000,2096713
2022-08-18T08:00:00Z,40.9000,41.4100,40.6600,41.2900,3036470
2022-08-18T12:00:00Z,41.3000,41.6300,40.6500,41.1400,4634535
2022-08-18T16:00:00Z,41.1300,41.2500,40.3500,40.7600,3512219
2022-08-18T20:00:00Z,40.7600,41.2300,39.2500,39.4800,4829954
2022-08-19T00:00:00Z,39.4800,39.5600,37.8000,38.2700,6887153
2022-08-19T04:00:00Z,38.2700,38.4000,34.3800,36.6200,8086741
2022-08-19T08:00:00Z,36.6200,36.6400,35.5000,36.3300,6282862
2022-08-19T12:00:00Z,36.3300,37.2000,36.0100,36.9100,5595303
2022-08-19T16:00:00Z,36.9100,37.7600,36.6900,37.1300,5931316
2022-08-19T20:00:00Z,37.1200,37.2500,35.5800,35.7900,6306372
2022-08-20T00:00:00Z,35.7900,36.8500,35.7400,36.5800,4420604
2022-08-20T04:00:00Z,36.5800,37.2300,36.4200,36.9900,3880714
2022-08-20T08:00:00Z,37.0000,37.0900,36.3300,36.5700,2622799
2022-08-20T12:00:00Z,36.5600,36.9600,36.1800,36.4800,3195818
2022-08-20T16:00:00Z,36.4800,36.5800,34.3400,34.4200,6604554
2022-08-20T20:00:00Z,34.4300,35.3600,34.1500,35.2500,5310323
2022-08-21T00:00:00Z,35.2500,35.6600,34.9900,35.1000,2492098
2022-08-21T04:00:00Z,35.1000,35.4700,34.2600,35.4400,3845449
2022-08-21T08:00:00Z,35.4300,36.2600,35.3600,36.1600,4495161
2022-08-21T12:00:00Z,36.1500,36.2700,35.5500,35.9900,2703162
2022-08-21T16:00:00Z,35.9900,36.5400,35.8100,36.3100,2548992
2022-08-21T20:00:00Z,36.3100,37.0400,35.9000,36.4500,4843207
2022-08-22T00:00:00Z,36.4500,36.5400,36.0100,36.0800,2882414
2022-08-22T04:00:00Z,36.0800,36.3100,34.7900,34.8900,4297891
2022-08-22T08:00:00Z,34.8900,34.9300,33.7000,34.6300,6406193
2022-08-22T12:00:00Z,34.6300,34.8500,33.8800,34.7800,6266232
2022-08-22T16:00:00Z,34.7800,35.0200,33.9700,34.5800,3288413
2022-08-22T20:00:00Z,34.5900,35.5500,34.4400,35.3900,3560229
2022-08-23T00:00:00Z,35.3900,35.5500,35.0800,35.2000,2717412
2022-08-23T04:00:00Z,35.2100,35.4100,34.2200,34.9400,3565279
2022-08-23T08:00:00Z,34.9500,35.7300,34.8100,35.6600,3653619
2022-08-23T12:00:00Z,35.6600,36.0900,35.1600,35.6900,4726439
2022-08-23T16:00:00Z,35.6900,35.7900,35.1600,35.4000,2655026
2022-08-23T20:00:00Z,35.4000,35.8900,35.2900,35.6600,2097103
2022-08-24T00:00:00Z,35.6600,35.7100,34.2700,34.5800,4036469
2022-08-24T04:00:00Z,34.5800,35.3200,34.4600,34.8700,3026402
2022-08-24T08:00:00Z,34.8700,35.4400,34.8600,35.3700,2351733
2022-08-24T12:00:00Z,35.3600,36.0800,35.1400,36.0200,3961655
2022-08-24T16:00:00Z,36.0300,36.3900,35.6600,35.8100,3365184
2022-08-24T20:00:00Z,35.8100,36.0600,34.8300,34.8500,2730148
2022-08-25T00:00:00Z,34.8500,35.6500,34.8400,35.2000,2881622
2022-08-25T04:00:00Z,35.2100,36.2600,35.1700,36.2300,3003753
2022-08-25T08:00:00Z,36.2400,36.3500,35.9300,36.2900,2464733
2022-08-25T12:00:00Z,36.2900,36.5100,35.2700,35.7100,4518629
2022-08-25T16:00:00Z,35.7000,35.8400,35.3800,35.7700,2126129
2022-08-25T20:00:00Z,35.7600,35.9600,35.0200,35.2200,2597306
2022-08-26T00:00:00Z,35.2300,35.2400,34.4400,35.0700,2765300
2022-08-26T04:00:00Z,35.0700,35.2000,34.3600,34.6600,3289234
2022-08-26T08:00:00Z,34.6700,34.7600,33.7500,34.2100,3291971
2022-08-26T12:00:00Z,34.2200,35.7700,32.9500,33.2500,12531362
2022-08-26T16:00:00Z,33.2500,33.3500,32.5000,32.8800,4649725
2022-08-26T20:00:00Z,32.8900,33.1200,31.3100,31.6800,5663111
2022-08-27T00:00:00Z,31.6800,32.0100,31.4800,31.8400,2928186
2022-08-27T04:00:00Z,31.8400,32.2100,31.1000,32.1900,3671082
2022-08-27T08:00:00Z,32.1900,32.2200,31.7500,31.9600,2383152
2022-08-27T12:00:00Z,31.9700,32.0200,31.0100,31.3300,4096687
2022-08-27T16:00:00Z,31.3400,31.4200,30.8200,31.2900,3468348
2022-08-27T20:00:00Z,31.3000,31.6400,31.0000,31.5000,2117564
2022-08-28T00:00:00Z,31.4900,31.7800,31.1400,31.3800,1903381
2022-08-28T04:00:00Z,31.3700,31.8400,31.2300,31.7600,1790229
2022-08-28T08:00:00Z,31.7500,32.0200,31.4800,31.7400,2496170
2022-08-28T12:00:00Z,31.7500,31.8900,31.1700,31.8200,2791183
2022-08-28T16:00:00Z,31.8200,32.1800,31.6300,31.6600,2440288
2022-08-28T20:00:00Z,31.6700,31.8700,30.1400,30.3800,4066936
2022-08-29T00:00:00Z,30.3800,30.9500,29.9000,30.6600,4124368
2022-08-29T04:00:00Z,30.6600,30.7700,30.0800,30.5600,2512579
2022-08-29T08:00:00Z,30.5600,30.7600,30.3000,30.6800,2658077
2022-08-29T12:00:00Z,30.6700,32.2900,30.6200,31.7800,7949668
2022-08-29T16:00:00Z,31.7700,31.9400,31.4000,31.5200,3174107
2022-08-29T20:00:00Z,31.5100,32.6200,31.4600,32.3900,3205347
2022-08-30T00:00:00Z,32.4000,32.5000,31.8300,32.2900,3093484
2022-08-30T04:00:00Z,32.3000,33.0400,32.2800,32.7100,3233767
2022-08-30T08:00:00Z,32.7200,33.1700,32.5700,32.7300,2509210
2022-08-30T12:00:00Z,32.7200,32.8500,30.8900,31.1800,6798785
2022-08-30T16:00:00Z,31.1800,32.0000,30.6100,31.5300,5539271
2022-08-30T20:00:00Z,31.5300,32.1100,31.2700,31.4700,2944254
2022-08-31T00:00:00Z,31.4600,32.6400,31.4300,32.4400,4103312
2022-08-31T04:00:00Z,32.4400,32.8800,32.1600,32.2800,2817873
2022-08-31T08:00:00Z,32.2800,32.8000,31.9200,32.5500,3787702
2022-08-31T12:00:00Z,32.5600,32.9500,31.5400,31.9000,5817488
2022-08-31T16:00:00Z,31.8900,32.3400,31.4100,32.0900,3579531
2022-08-31T20:00:00Z,32.0900,32.4900,31.1600,31.4600,2569072
2022-09-01T00:00:00Z,31.4700,31.7500,30.9400,31.2000,3196484
2022-09-01T04:00:00Z,31.2000,31.5300,30.8000,31.0500,2259614
2022-09-01T08:00:00Z,31.0500,31.5700,30.8200,31.4400,2538901
2022-09-01T12:00:00Z,31.4400,31.4800,30.3700,30.7500,4947419
2022-09-01T16:00:00Z,30.7500,31.0800,30.4400,31.0500,3253585
2022-09-01T20:00:00Z,31.0600,31.7800,30.9800,31.5900,2382929
2022-09-02T00:00:00Z,31.5900,31.8100,31.0800,31.5600,2250707
2022-09-02T04:00:00Z,31.5600,31.9500,31.4100,31.6100,1906779
2022-09-02T08:00:00Z,31.6000,31.6900,31.2400,31.5600,1880671
2022-09-02T12:00:00Z,31.5600,32.3700,31.4300,32.2500,5498894
2022-09-02T16:00:00Z,32.2500,32.3300,30.7200,31.0400,5181054
2022-09-02T20:00:00Z,31.0300,31.2600,30.8600,31.2100,1556868
2022-09-03T00:00:00Z,31.2000,31.2500,30.8300,30.9200,1619179
2022-09-03T04:00:00Z,30.9300,31.2500,30.7700,31.0100,1549311
2022-09-03T08:00:00Z,31.0000,31.1900,30.8600,31.0100,1390303
2022-09-03T12:00:00Z,31.0100,31.2600,30.9800,31.1100,1417641
2022-09-03T16:00:00Z,31.1100,31.1900,30.7800,30.9600,1570197
2022-09-03T20:00:00Z,30.9700,31.2100,30.8900,31.1000,1032507
2022-09-04T00:00:00Z,31.1000,31.7100,31.0500,31.4100,1940680
2022-09-04T04:00:00Z,31.4000,31.5300,31.0600,31.0800,1535716
2022-09-04T08:00:00Z,31.0800,31.8600,31.0000,31.8500,2229369
2022-09-04T12:00:00Z,31.8500,32.0100,31.4300,31.7900,2441581
2022-09-04T16:00:00Z,31.7800,31.9200,31.6200,31.7100,1523552
2022-09-04T20:00:00Z,31.7200,32.2200,31.7100,32.1500,1883267
2022-09-05T00:00:00Z,32.1400,32.5000,32.0300,32.0900,1888278
2022-09-05T04:00:00Z,32.1000,32.1800,31.4400,31.6700,2557948
2022-09-05T08:00:00Z,31.6700,31.7300,31.1200,31.2600,2490054
2022-09-05T12:00:00Z,31.2500,31.9100,31.1500,31.8300,2775730
2022-09-05T16:00:00Z,31.8400,32.0100,31.6700,31.7000,2138605
2022-09-05T20:00:00Z,31.7100,32.4400,31.7000,32.1500,2494938
2022-09-06T00:00:00Z,32.1500,33.5800,32.1400,32.7100,6352795
2022-09-06T04:00:00Z,32.7200,33.2300,32.5100,32.9600,2861379
2022-09-06T08:00:00Z,32.9600,33.3200,32.7300,33.2200,2364052
2022-09-06T12:00:00Z,33.2200,33.8800,32.4000,33.7700,6539415
2022-09-06T16:00:00Z,33.7600,33.8300,30.7100,31.0000,10041005
2022-09-06T20:00:00Z,31.0100,31.3100,30.3900,30.8700,3973708
2022-09-07T00:00:00Z,30.8700,31.1700,30.2700,30.8600,3838990
2022-09-07T04:00:00Z,30.8500,31.1600,30.6700,31.0700,2285382
2022-09-07T08:00:00Z,31.0700,31.3000,30.9100,31.1500,1894140
2022-09-07T12:00:00Z,31.1400,31.5700,30.8200,31.4500,3934755
2022-09-07T16:00:00Z,31.4600,32.3500,31.3800,31.9400,3920463
2022-09-07T20:00:00Z,31.9400,32.9500,31.9300,32.6800,4325271
2022-09-08T00:00:00Z,32.6900,32.8300,32.2300,32.4300,2073917
2022-09-08T04:00:00Z,32.4300,32.7600,31.9900,32.3600,2459808
2022-09-08T08:00:00Z,32.3500,33.4000,32.3100,32.8900,3311198
2022-09-08T12:00:00Z,32.8900,33.9800,32.1400,33.3800,8205225
2022-09-08T16:00:00Z,33.3800,33.4700,32.8600,33.4500,3908507
2022-09-08T20:00:00Z,33.4600,33.8000,33.3200,33.6000,2333950
2022-09-09T00:00:00Z,33.5900,34.8300,33.5700,34.7200,4015811
2022-09-09T04:00:00Z,34.7200,35.5700,34.6300,35.3600,5337462
2022-09-09T08:00:00Z,35.3700,35.9600,35.1100,35.3600,4570037
2022-09-09T12:00:00Z,35.3500,35.9300,34.8000,34.9500,4619258
2022-09-09T16:00:00Z,34.9500,35.1700,34.4100,34.7800,3346674
2022-09-09T20:00:00Z,34.7700,35.1900,34.2300,34.6600,2497463
2022-09-10T00:00:00Z,34.6600,35.0000,34.2800,34.6900,2270680
2022-09-10T04:00:00Z,34.6900,35.1600,34.2400,34.3400,2743922
2022-09-10T08:00:00Z,34.3400,34.8400,34.3200,34.7300,2146807
2022-09-10T12:00:00Z,34.7300,34.9400,34.2700,34.4700,2344987
2022-09-10T16:00:00Z,34.4800,35.0000,34.2700,34.8900,2256645
2022-09-10T20:00:00Z,34.8900,35.4000,34.5900,35.0300,2229987
2022-09-11T00:00:00Z,35.0200,35.2900,34.6900,34.7400,1808668
2022-09-11T04:00:00Z,34.7400,34.9200,34.0200,34.5900,2220444
2022-09-11T08:00:00Z,34.6000,34.8200,34.4200,34.7400,1382069
2022-09-11T12:00:00Z,34.7400,35.2200,34.5000,35.2200,2014970
2022-09-11T16:00:00Z,35.2200,36.0200,35.1300,35.2600,3594041
2022-09-11T20:00:00Z,35.2500,35.5400,34.2500,34.9700,3048626
2022-09-12T00:00:00Z,34.9700,36.3300,34.3700,34.8900,4832912
2022-09-12T04:00:00Z,34.8900,35.4900,34.5500,35.4500,2469808
2022-09-12T08:00:00Z,35.4500,38.1500,35.2900,37.6900,13650354
2022-09-12T12:00:00Z,37.7000,38.4400,36.8400,37.1300,7764633
2022-09-12T16:00:00Z,37.1400,37.8500,36.7800,37.6200,4403210
2022-09-12T20:00:00Z,37.6200,37.7900,37.1500,37.4300,2543276
2022-09-13T00:00:00Z,37.4200,38.9100,36.6800,38.7500,6006181
2022-09-13T04:00:00Z,38.7500,38.9300,38.1200,38.5100,5142904
2022-09-13T08:00:00Z,38.5200,38.8800,38.1200,38.4400,4248146
2022-09-13T12:00:00Z,38.4300,38.8500,34.3400,34.7200,14766036
2022-09-13T16:00:00Z,34.7100,35.2700,33.2600,34.0500,6383945
2022-09-13T20:00:00Z,34.0600,34.3200,32.9000,32.9600,3819827
2022-09-14T00:00:00Z,32.9600,33.7900,32.6300,33.5800,3507484
2022-09-14T04:00:00Z,33.5800,33.8900,32.7700,33.1500,2959019
2022-09-14T08:00:00Z,33.1500,33.6400,32.9000,33.2200,3356129
2022-09-14T12:00:00Z,33.2200,33.7000,32.9100,33.5000,4827971
2022-09-14T16:00:00Z,33.5000,33.6000,32.6800,33.4700,3323900
2022-09-14T20:00:00Z,33.4600,34.3300,33.2400,34.0900,2532874
2022-09-15T00:00:00Z,34.0900,34.1100,32.8500,33.0500,3082134
2022-09-15T04:00:00Z,33.0500,34.8300,32.7400,34.6900,6532310
2022-09-15T08:00:00Z,34.6900,34.8000,33.6600,33.9000,3576303
2022-09-15T12:00:00Z,33.8900,34.0400,32.3600,32.9800,6702368
2022-09-15T16:00:00Z,32.9800,33.6600,32.8100,33.3900,2868429
2022-09-15T20:00:00Z,33.4000,33.7800,32.7500,33.0500,2416209
2022-09-16T00:00:00Z,33.0600,33.2400,32.4700,32.8400,2943446
2022-09-16T04:00:00Z,32.8400,33.1000,32.7700,32.8200,1498211
2022-09-16T08:00:00Z,32.8100,33.1300,32.3200,33.0500,2415382
2022-09-16T12:00:00Z,33.0600,33.1000,31.8100,32.2600,5151545
2022-09-16T16:00:00Z,32.2600,32.2700,31.4800,32.0800,3761815
2022-09-16T20:00:00Z,32.0800,32.3800,32.0300,32.2400,1338474
2022-09-17T00:00:00Z,32.2400,32.9500,32.2100,32.6600,2081642
2022-09-17T04:00:00Z,32.6700,33.0600,32.5100,32.8200,1415150
2022-09-17T08:00:00Z,32.8300,32.9700,32.6000,32.6100,1284558
2022-09-17T12:00:00Z,32.6100,33.3000,32.5000,33.2800,2061236
2022-09-17T16:00:00Z,33.2800,33.6000,33.0700,33.2400,1982959
2022-09-17T20:00:00Z,33.2500,33.8800,33.1500,33.6600,1529230
2022-09-18T00:00:00Z,33.6700,33.8600,33.2000,33.4000,1788522
2022-09-18T04:00:00Z,33.4000,33.8500,33.3600,33.8000,1201566
2022-09-18T08:00:00Z,33.8100,33.9800,32.9400,33.3100,2821394
2022-09-18T12:00:00Z,33.3100,33.4700,32.7200,32.8800,2601098
2022-09-18T16:00:00Z,32.8800,32.9900,32.0400,32.4000,3836355
2022-09-18T20:00:00Z,32.3900,32.4300,30.7800,31.0700,4144716
2022-09-19T00:00:00Z,31.0700,31.7500,30.4400,30.8700,3693831
2022-09-19T04:00:00Z,30.8800,31.6300,30.8300,31.0800,3497337
2022-09-19T08:00:00Z,31.0900,31.4500,30.5800,31.2300,2681196
2022-09-19T12:00:00Z,31.2300,32.5000,31.1500,31.8900,5133615
2022-09-19T16:00:00Z,31.9000,32.9600,31.6500,32.8000,3505567
2022-09-19T20:00:00Z,32.8000,33.0800,32.5400,32.6200,2405326
2022-09-20T00:00:00Z,32.6200,32.8700,31.9100,32.4200,2388761
2022-09-20T04:00:00Z,32.4100,32.7200,32.0800,32.3200,2518905
2022-09-20T08:00:00Z,32.3100,32.5200,31.8700,32.1700,2559169
2022-09-20T12:00:00Z,32.1700,32.5500,31.5500,32.4800,4937987
2022-09-20T16:00:00Z,32.4900,32.5100,31.4200,31.8200,3886732
2022-09-20T20:00:00Z,31.8200,31.9800,31.2600,31.4000,1954222
2022-09-21T00:00:00Z,31.4100,31.9800,31.2900,31.8200,1901486
2022-09-21T04:00:00Z,31.8200,32.0200,31.3900,31.7300,2245250
2022-09-21T08:00:00Z,31.7300,32.0900,31.4000,32.0200,2312011
2022-09-21T12:00:00Z,32.0300,32.3400,31.1900,31.4800,3818697
2022-09-21T16:00:00Z,31.4700,33.4800,30.1200,31.5200,12691269
2022-09-21T20:00:00Z,31.5200,31.6600,29.9800,30.6300,5581968
2022-09-22T00:00:00Z,30.6200,31.1200,30.5600,31.0000,2885056
2022-09-22T04:00:00Z,30.9900,31.7600,30.9900,31.7300,2308095
2022-09-22T08:00:00Z,31.7200,32.4300,31.6800,32.3400,4017904
2022-09-22T12:00:00Z,32.3500,32.4800,31.5800,31.8900,4282289
2022-09-22T16:00:00Z,31.8900,32.8600,31.5300,32.4500,3865734
2022-09-22T20:00:00Z,32.4400,32.7600,32.0600,32.4100,2489528
2022-09-23T00:00:00Z,32.4100,33.2300,32.1400,32.9900,3425844
2022-09-23T04:00:00Z,33.0000,33.2900,32.5100,32.5700,2640518
2022-09-23T08:00:00Z,32.5700,32.6700,31.5100,31.7200,3988852
2022-09-23T12:00:00Z,31.7300,32.2600,31.1700,31.5700,5113306
2022-09-23T16:00:00Z,31.5600,31.9400,31.2100,31.9100,3290260
2022-09-23T20:00:00Z,31.9100,33.9500,31.9000,33.6600,5874415
2022-09-24T00:00:00Z,33.6600,34.4700,33.3900,33.9800,4199057
2022-09-24T04:00:00Z,33.9700,34.0200,33.4800,33.7200,2622191
2022-09-24T08:00:00Z,33.7200,34.7800,33.5400,34.4700,4603491
2022-09-24T12:00:00Z,34.4700,34.5800,33.5500,33.7200,4228136
2022-09-24T16:00:00Z,33.7200,34.1700,33.2500,34.0400,3444399
2022-09-24T20:00:00Z,34.0500,34.0800,33.1100,33.3600,3027368
2022-09-25T00:00:00Z,33.3700,33.6900,33.3300,33.6900,1639760
2022-09-25T04:00:00Z,33.6800,34.0500,33.6000,33.9300,2255612
2022-09-25T08:00:00Z,33.9300,33.9700,33.4300,33.6200,2111238
2022-09-25T12:00:00Z,33.6200,33.7900,32.8000,33.2000,3355915
2022-09-25T16:00:00Z,33.2000,33.3500,32.5500,32.7000,3199719
2022-09-25T20:00:00Z,32.7000,32.7100,31.8200,32.3100,2912682
2022-09-26T00:00:00Z,32.3100,32.7000,32.0200,32.5000,2959251
2022-09-26T04:00:00Z,32.5000,32.6000,31.8400,32.4400,3532423
2022-09-26T08:00:00Z,32.4500,33.3000,32.1000,32.5200,4878731
2022-09-26T12:00:00Z,32.5300,33.4100,32.2500,33.0900,5126136
2022-09-26T16:00:00Z,33.0900,33.9300,32.6700,33.7200,4209301
2022-09-26T20:00:00Z,33.7200,33.9300,33.2900,33.8600,2413501
2022-09-27T00:00:00Z,33.8600,34.9600,33.7000,34.7200,4831455
2022-09-27T04:00:00Z,34.7100,35.0400,34.4600,34.5000,3157508
2022-09-27T08:00:00Z,34.5100,34.9700,34.3200,34.6400,2598131
2022-09-27T12:00:00Z,34.6300,35.4000,34.2800,34.3700,5841506
2022-09-27T16:00:00Z,34.3600,34.5600,32.0500,32.5900,9345874
2022-09-27T20:00:00Z,32.5900,32.9200,32.3200,32.6600,2336463
2022-09-28T00:00:00Z,32.6600,32.9200,31.6200,32.3200,4215245
2022-09-28T04:00:00Z,32.3200,32.5700,31.8500,32.3100,3119743
2022-09-28T08:00:00Z,32.3100,32.8400,31.8200,32.4700,5336934
2022-09-28T12:00:00Z,32.4700,33.1400,32.3500,33.1000,5153337
2022-09-28T16:00:00Z,33.1000,33.7300,32.7600,33.5600,4308935
2022-09-28T20:00:00Z,33.5700,33.7900,33.1000,33.2200,2377795
2022-09-29T00:00:00Z,33.2200,33.9100,32.9400,33.7100,3029915
2022-09-29T04:00:00Z,33.7200,33.9500,33.1100,33.3300,2866296
2022-09-29T08:00:00Z,33.3400,33.9200,33.1900,33.7400,2831482
2022-09-29T12:00:00Z,33.7400,34.2000,32.6200,34.1000,8107578
2022-09-29T16:00:00Z,34.0900,34.4100,33.4000,33.8000,5989554
2022-09-29T20:00:00Z,33.8000,34.1100,33.6000,33.9200,2510076
2022-09-30T00:00:00Z,33.9200,34.3200,33.7100,34.0700,3520525
2022-09-30T04:00:00Z,34.0700,34.3300,33.8500,34.2000,1725549
2022-09-30T08:00:00Z,34.2000,34.6200,33.8700,33.9600,3029128
2022-09-30T12:00:00Z,33.9500,35.1900,33.0000,34.6500,9455762
2022-09-30T16:00:00Z,34.6600,34.8200,33.6300,33.7100,4962684
2022-09-30T20:00:00Z,33.7100,33.8700,32.6000,33.2200,4632683
2022-10-01T00:00:00Z,33.2200,33.2200,32.6800,33.0700,2284578
2022-10-01T04:00:00Z,33.0600,33.0700,32.7400,33.0000,2262924
2022-10-01T08:00:00Z,32.9900,33.1500,32.7800,33.0100,2277200
2022-10-01T12:00:00Z,33.0000,33.0900,32.7900,32.9700,1934678
2022-10-01T16:00:00Z,32.9600,32.9800,32.3100,32.6100,3312283
2022-10-01T20:00:00Z,32.6100,32.6700,32.3700,32.4200,1329763
2022-10-02T00:00:00Z,32.4200,32.9400,32.3900,32.8200,1571842
2022-10-02T04:00:00Z,32.8100,32.9900,32.7200,32.8000,1337796
2022-10-02T08:00:00Z,32.8000,32.8700,32.0500,32.5200,2570402
2022-10-02T12:00:00Z,32.5200,32.5900,32.1900,32.3900,1867113
2022-10-02T16:00:00Z,32.3900,32.8400,32.3400,32.7000,2099614
2022-10-02T20:00:00Z,32.7100,32.7500,31.8400,32.0400,2938074
2022-10-03T00:00:00Z,32.0400,32.4900,31.6900,32.3100,2285639
2022-10-03T04:00:00Z,32.3000,32.4500,31.9700,32.2500,2073702
2022-10-03T08:00:00Z,32.2500,32.5100,32.1100,32.5000,1567732
2022-10-03T12:00:00Z,32.5000,33.1200,32.4000,32.8200,4579924
2022-10-03T16:00:00Z,32.8200,33.2100,32.6600,32.9300,3414110
2022-10-03T20:00:00Z,32.9300,33.2400,32.6900,32.8900,2317239
2022-10-04T00:00:00Z,32.8800,33.1500,32.8200,33.0900,1653559
2022-10-04T04:00:00Z,33.0900,33.7800,32.9400,33.7100,3238425
2022-10-04T08:00:00Z,33.7000,33.8700,33.3800,33.6400,2329561
2022-10-04T12:00:00Z,33.6500,34.3700,33.5300,34.1600,3907318
2022-10-04T16:00:00Z,34.1600,34.2300,33.7700,34.0800,3084077
2022-10-04T20:00:00Z,34.0700,34.3800,33.8900,34.0800,1920990
2022-10-05T00:00:00Z,34.0700,34.3600,33.8700,34.0500,2100655
2022-10-05T04:00:00Z,34.0600,34.3100,33.9000,34.1100,1766043
2022-10-05T08:00:00Z,34.1000,34.1200,33.4100,33.5100,3173285
2022-10-05T12:00:00Z,33.5100,33.6700,33.1500,33.6600,3718597
2022-10-05T16:00:00Z,33.6500,34.2800,33.5900,33.8500,3330389
2022-10-05T20:00:00Z,33.8400,34.1300,33.6500,34.0200,1776994
2022-10-06T00:00:00Z,34.0100,34.4800,34.0000,34.3100,2616931
2022-10-06T04:00:00Z,34.3100,34.4500,33.8600,34.0300,1984376
2022-10-06T08:00:00Z,34.0300,34.1500,33.8100,34.1100,1573485
2022-10-06T12:00:00Z,34.1200,34.2800,33.5500,33.8200,4092920
2022-10-06T16:00:00Z,33.8200,34.0200,33.5700,33.6300,2281726
2022-10-06T20:00:00Z,33.6300,33.7800,33.1800,33.3300,1908408
2022-10-07T00:00:00Z,33.3300,33.7400,33.2900,33.6000,1109208
2022-10-07T04:00:00Z,33.6000,33.7300,33.1100,33.3100,1617968
2022-10-07T08:00:00Z,33.3100,33.4500,33.1200,33.3300,1547105
2022-10-07T12:00:00Z,33.3300,33.3700,32.3800,32.8700,5120333
2022-10-07T16:00:00Z,32.8700,33.0400,32.6000,32.9400,2119453
2022-10-07T20:00:00Z,32.9500,33.1400,32.8100,32.9600,1020428
2022-10-08T00:00:00Z,32.9600,33.0600,32.7500,32.8100,752017
2022-10-08T04:00:00Z,32.8200,33.0000,32.7100,32.9700,581155
2022-10-08T08:00:00Z,32.9800,32.9900,32.8100,32.9400,581876
2022-10-08T12:00:00Z,32.9300,32.9700,32.6500,32.7900,869468
2022-10-08T16:00:00Z,32.8000,32.9500,32.6400,32.7000,885274
2022-10-08T20:00:00Z,32.6900,32.7800,32.3100,32.5600,1384698
2022-10-09T00:00:00Z,32.5600,32.6200,32.4200,32.5000,609894
2022-10-09T04:00:00Z,32.4900,32.7500,32.4500,32.6800,695944
2022-10-09T08:00:00Z,32.6900,32.9400,32.5700,32.8200,1138194
2022-10-09T12:00:00Z,32.8200,33.1100,32.7800,33.0700,1272257
2022-10-09T16:00:00Z,33.0800,33.1000,32.8000,32.9400,946171
2022-10-09T20:00:00Z,32.9400,32.9700,32.5700,32.9000,1451103
2022-10-10T00:00:00Z,32.9000,33.4700,32.8200,33.0300,1818326
2022-10-10T04:00:00Z,33.0200,33.1000,32.7500,32.8900,1159402
2022-10-10T08:00:00Z,32.8800,32.9100,32.3500,32.6900,2525913
2022-10-10T12:00:00Z,32.6900,32.8900,32.4000,32.5700,2753557
2022-10-10T16:00:00Z,32.5800,32.6400,32.2400,32.4600,2819797
2022-10-10T20:00:00Z,32.4500,32.5700,31.8200,31.9300,1753322
2022-10-11T00:00:00Z,31.9300,31.9300,31.0300,31.3600,2864769
2022-10-11T04:00:00Z,31.3700,31.6000,31.2700,31.5300,1120172
2022-10-11T08:00:00Z,31.5300,31.6300,31.2400,31.5300,1328312
2022-10-11T12:00:00Z,31.5300,31.7100,31.0500,31.5400,3132614
2022-10-11T16:00:00Z,31.5500,31.8500,31.1200,31.1500,2470043
2022-10-11T20:00:00Z,31.1400,31.3700,30.3600,30.7800,3023046
2022-10-12T00:00:00Z,30.7700,31.1000,30.6600,30.9100,1627926
2022-10-12T04:00:00Z,30.9200,31.4000,30.9100,31.2300,1615361
2022-10-12T08:00:00Z,31.2400,31.5300,31.1300,31.2300,1228017
2022-10-12T12:00:00Z,31.2400,31.3500,30.9000,31.2600,2479454
2022-10-12T16:00:00Z,31.2600,31.2800,30.8100,31.1000,1843030
2022-10-12T20:00:00Z,31.1000,31.2700,31.0700,31.1400,633354
2022-10-13T00:00:00Z,31.1500,31.1900,30.4800,30.7400,1550680
2022-10-13T04:00:00Z,30.7400,30.7500,29.2100,29.6900,5633346
2022-10-13T08:00:00Z,29.6900,29.9200,28.1900,28.7800,6310390
2022-10-13T12:00:00Z,28.7900,29.9200,27.1200,29.6400,10080812
2022-10-13T16:00:00Z,29.6400,30.9000,29.5600,30.5600,4597458
2022-10-13T20:00:00Z,30.5600,30.8800,30.4600,30.4700,1785763
2022-10-14T00:00:00Z,30.4600,31.8700,30.3500,31.6300,3544333
2022-10-14T04:00:00Z,31.6300,31.9600,31.2000,31.3300,2258935
2022-10-14T08:00:00Z,31.3200,31.5000,31.1400,31.2100,2083919
2022-10-14T12:00:00Z,31.2000,31.7900,30.7900,30.8100,5047166
2022-10-14T16:00:00Z,30.8000,30.8900,29.9500,30.1900,3589718
2022-10-14T20:00:00Z,30.1900,30.2800,29.6100,29.9700,1746712
2022-10-15T00:00:00Z,29.9600,30.1900,29.8500,30.0700,1239639
2022-10-15T04:00:00Z,30.0700,30.1700,29.8300,30.0300,963954
2022-10-15T08:00:00Z,30.0200,30.0300,29.5300,29.9700,1982436
2022-10-15T12:00:00Z,29.9700,30.0800,29.7000,29.8900,1578751
2022-10-15T16:00:00Z,29.9000,30.0600,29.7300,29.8300,909618
2022-10-15T20:00:00Z,29.8300,29.8400,29.3900,29.5800,1372859
2022-10-16T00:00:00Z,29.5700,29.9200,29.5400,29.7600,863353
2022-10-16T04:00:00Z,29.7700,29.8900,29.6500,29.7400,693710
2022-10-16T08:00:00Z,29.7400,30.0300,29.7400,29.9200,1096199
2022-10-16T12:00:00Z,29.9200,30.0200,29.8000,29.9400,906870
2022-10-16T16:00:00Z,29.9400,30.3900,29.8000,30.3800,1461012
2022-10-16T20:00:00Z,30.3700,30.5100,29.8500,30.1400,2257525
2022-10-17T00:00:00Z,30.1400,30.2500,29.8200,29.9900,1255303
2022-10-17T04:00:00Z,30.0000,30.3700,29.9300,30.2900,1398504
2022-10-17T08:00:00Z,30.3000,30.7600,30.1600,30.5100,2143955
2022-10-17T12:00:00Z,30.5200,31.1900,30.4100,30.9100,3973807
2022-10-17T16:00:00Z,30.9100,30.9900,30.5500,30.7900,1912719
2022-10-17T20:00:00Z,30.7800,31.2800,30.7600,31.1800,1654088
2022-10-18T00:00:00Z,31.1800,31.4700,30.8900,31.0900,1987577
2022-10-18T04:00:00Z,31.0900,31.2400,30.9100,31.1200,1690824
2022-10-18T08:00:00Z,31.1200,31.1300,30.3700,30.8200,2550406
2022-10-18T12:00:00Z,30.8100,31.0100,30.1000,30.3000,4458062
2022-10-18T16:00:00Z,30.3000,30.4900,29.6900,30.0600,4046217
2022-10-18T20:00:00Z,30.0600,30.4600,30.0100,30.1300,1744077
2022-10-19T00:00:00Z,30.1300,30.2500,29.8600,30.0300,1473267
2022-10-19T04:00:00Z,30.0200,30.0600,29.7300,30.0400,1719492
2022-10-19T08:00:00Z,30.0300,30.1700,29.7500,29.9200,1688054
2022-10-19T12:00:00Z,29.9100,30.0000,29.5200,29.9700,3228984
2022-10-19T16:00:00Z,29.9700,29.9900,29.5000,29.7400,2209709
2022-10-19T20:00:00Z,29.7400,29.8300,28.5500,28.8400,3392167
2022-10-20T00:00:00Z,28.8400,28.9900,28.3900,28.8900,2729548
2022-10-20T04:00:00Z,28.8900,29.3600,28.8700,29.2400,2656166
2022-10-20T08:00:00Z,29.2400,29.4500,29.1500,29.3200,1656501
2022-10-20T12:00:00Z,29.3100,29.4200,28.9500,29.1300,3415076
2022-10-20T16:00:00Z,29.1300,29.1300,28.0300,28.2500,5154712
2022-10-20T20:00:00Z,28.2600,28.4100,27.9300,28.0000,2705939
2022-10-21T00:00:00Z,28.0000,28.2200,27.4700,28.1200,3541547
2022-10-21T04:00:00Z,28.1100,28.2100,27.8100,27.9000,1996218
2022-10-21T08:00:00Z,27.8900,27.9300,27.2000,27.4700,4535599
2022-10-21T12:00:00Z,27.4700,27.7000,26.8200,27.5700,9676362
2022-10-21T16:00:00Z,27.5700,28.2500,27.5500,28.1600,4708078
2022-10-21T20:00:00Z,28.1600,28.2500,27.8500,28.0800,1525085
2022-10-22T00:00:00Z,28.0900,28.1600,27.6200,27.7900,1555461
2022-10-22T04:00:00Z,27.7900,27.8800,27.4500,27.7400,1578686
2022-10-22T08:00:00Z,27.7400,28.0000,27.7000,27.9600,1561393
2022-10-22T12:00:00Z,27.9500,28.2100,27.8100,27.9800,2246129
2022-10-22T16:00:00Z,27.9800,28.0600,27.6000,27.8100,1841868
2022-10-22T20:00:00Z,27.8000,28.1900,27.7300,27.9800,1445696
2022-10-23T00:00:00Z,27.9800,28.5700,27.8900,28.3500,2200744
2022-10-23T04:00:00Z,28.3500,28.5400,28.1900,28.4000,1596031
2022-10-23T08:00:00Z,28.3900,28.5000,27.9000,27.9400,2202832
2022-10-23T12:00:00Z,27.9500,28.1400,27.6800,27.9200,2309488
2022-10-23T16:00:00Z,27.9300,29.0300,27.8900,28.7900,4825347
2022-10-23T20:00:00Z,28.8000,29.5300,28.7200,29.2500,3617263
2022-10-24T00:00:00Z,29.2600,29.5100,28.5400,28.6000,2998052
2022-10-24T04:00:00Z,28.6000,28.7700,28.3500,28.5200,2685650
2022-10-24T08:00:00Z,28.5100,29.1800,28.4500,29.1100,2569073
2022-10-24T12:00:00Z,29.1100,29.1600,28.1400,28.4300,6175766
2022-10-24T16:00:00Z,28.4300,28.5800,28.1400,28.4000,2786174
2022-10-24T20:00:00Z,28.3900,28.5600,28.2000,28.2800,1460754
2022-10-25T00:00:00Z,28.2800,28.5200,28.0500,28.4600,1732833
2022-10-25T04:00:00Z,28.4500,28.6000,28.3200,28.4200,1475968
2022-10-25T08:00:00Z,28.4200,28.4400,28.0300,28.2000,2052025
2022-10-25T12:00:00Z,28.2100,29.7800,28.0800,29.7000,8004404
2022-10-25T16:00:00Z,29.7000,32.2900,29.6900,31.5000,20519398
2022-10-25T20:00:00Z,31.5000,31.5800,30.7000,30.8500,5711214
2022-10-26T00:00:00Z,30.8500,31.3700,30.7900,31.0900,3689887
2022-10-26T04:00:00Z,31.1000,31.5500,30.9600,31.3200,3032194
2022-10-26T08:00:00Z,31.3200,31.9100,31.0900,31.2400,5011780
2022-10-26T12:00:00Z,31.2400,32.1900,30.5900,31.4000,9436810
2022-10-26T16:00:00Z,31.4000,31.6500,30.9300,31.2600,4679586
2022-10-26T20:00:00Z,31.2600,31.5900,30.9800,31.2700,3144026
2022-10-27T00:00:00Z,31.2700,31.6200,31.0300,31.4300,2872339
2022-10-27T04:00:00Z,31.4400,32.3500,31.3700,31.6200,5029574
2022-10-27T08:00:00Z,31.6200,31.8400,31.1700,31.3500,3229823
2022-10-27T12:00:00Z,31.3500,32.0600,31.1500,31.2800,7420711
2022-10-27T16:00:00Z,31.2800,31.6000,31.0800,31.4100,2651676
2022-10-27T20:00:00Z,31.4100,31.4900,30.4400,30.5700,6187847
2022-10-28T00:00:00Z,30.5700,30.8500,30.3500,30.6600,2648314
2022-10-28T04:00:00Z,30.6600,30.7100,30.0800,30.2100,2399465
2022-10-28T08:00:00Z,30.2100,30.6300,30.1800,30.4100,2282742
2022-10-28T12:00:00Z,30.4000,31.2900,30.0600,31.0600,5532106
2022-10-28T16:00:00Z,31.0600,32.2900,31.0200,31.9900,6687281
2022-10-28T20:00:00Z,31.9900,32.5400,31.9600,32.0600,3618536
2022-10-29T00:00:00Z,32.0500,32.9900,31.8400,32.8800,3098131
2022-10-29T04:00:00Z,32.8700,33.3000,32.5200,33.2700,3070999
2022-10-29T08:00:00Z,33.2700,33.8500,32.8500,32.9700,5322966
2022-10-29T12:00:00Z,32.9700,33.3900,32.7100,33.1400,3679913
2022-10-29T16:00:00Z,33.1400,33.7400,32.7400,32.9100,4573748
2022-10-29T20:00:00Z,32.9100,33.1300,32.5600,32.8600,1781287
2022-10-30T00:00:00Z,32.8500,33.2600,32.7000,33.0000,1361697
2022-10-30T04:00:00Z,33.0100,33.5400,32.7200,33.3900,2111794
2022-10-30T08:00:00Z,33.4000,33.5400,32.3500,32.6600,3223013
2022-10-30T12:00:00Z,32.6600,32.7100,32.1000,32.2000,2106005
2022-10-30T16:00:00Z,32.2000,32.4800,31.9800,32.3300,1521316
2022-10-30T20:00:00Z,32.3200,33.1400,31.9000,32.9100,3190332
2022-10-31T00:00:00Z,32.9200,33.3800,32.4000,32.8000,3178490
2022-10-31T04:00:00Z,32.7900,33.4800,32.7900,33.4100,2782749
2022-10-31T08:00:00Z,33.4100,34.3900,33.1200,34.0200,5513955
2022-10-31T12:00:00Z,34.0200,34.1500,32.6000,32.9700,6776273
2022-10-31T16:00:00Z,32.9700,33.2100,32.5100,32.5200,2673132
2022-10-31T20:00:00Z,32.5300,32.7500,32.1700,32.5400,2175609
2022-11-01T00:00:00Z,32.5300,32.9900,32.4800,32.5900,1709937
2022-11-01T04:00:00Z,32.5900,33.2100,32.5200,33.0000,1801904
2022-11-01T08:00:00Z,32.9900,33.3800,32.8000,32.8700,2697490
2022-11-01T12:00:00Z,32.8800,33.1300,32.2400,32.4500,3308085
2022-11-01T16:00:00Z,32.4400,32.5700,32.1300,32.1900,1950139
2022-11-01T20:00:00Z,32.2000,32.4100,32.1300,32.1800,1093430
2022-11-02T00:00:00Z,32.1800,32.3600,31.8800,32.2400,1977110
2022-11-02T04:00:00Z,32.2400,32.4100,31.4900,31.6800,1998549
2022-11-02T08:00:00Z,31.6900,31.9400,31.0700,31.2900,2699875
2022-11-02T12:00:00Z,31.2900,31.5500,31.1000,31.3100,2008467
2022-11-02T16:00:00Z,31.3200,32.9200,30.7700,30.8800,12029398
2022-11-02T20:00:00Z,30.8700,31.0000,30.2000,30.7900,3853404
2022-11-03T00:00:00Z,30.7800,31.7900,30.5800,31.6300,3110701
2022-11-03T04:00:00Z,31.6300,32.2300,31.6100,31.6300,2847266
2022-11-03T08:00:00Z,31.6200,32.0400,31.1000,31.2500,3003167
2022-11-03T12:00:00Z,31.2500,31.5600,30.8400,31.1800,4358535
2022-11-03T16:00:00Z,31.1700,31.4300,31.1300,31.2800,1801273
2022-11-03T20:00:00Z,31.2800,31.4200,30.5800,30.8300,2018552
2022-11-04T00:00:00Z,30.8200,31.9300,30.6300,31.9200,2778198
2022-11-04T04:00:00Z,31.9200,32.5700,31.6600,32.3800,3181445
2022-11-04T08:00:00Z,32.3700,32.7800,32.1300,32.2900,2748395
2022-11-04T12:00:00Z,32.3000,34.0100,31.8300,33.0700,10061444
2022-11-04T16:00:00Z,33.0700,33.5200,32.6800,33.4900,4775787
2022-11-04T20:00:00Z,33.4900,34.2000,33.3600,33.7200,2606160
2022-11-05T00:00:00Z,33.7300,35.0400,33.6400,34.6900,4848774
2022-11-05T04:00:00Z,34.6800,35.5700,34.5000,35.2100,3207206
2022-11-05T08:00:00Z,35.2100,35.5500,34.7900,35.4000,3295243
2022-11-05T12:00:00Z,35.4000,38.1100,34.3700,37.2000,13994383
2022-11-05T16:00:00Z,37.2100,38.7900,35.7300,37.0500,19364599
2022-11-05T20:00:00Z,37.0500,37.3300,36.4200,36.8900,5379047
2022-11-06T00:00:00Z,36.8900,37.0700,35.6000,36.0000,4921027
2022-11-06T04:00:00Z,36.0000,36.2300,35.5000,36.1400,3354019
2022-11-06T08:00:00Z,36.1500,36.3900,35.5500,35.7500,4040994
2022-11-06T12:00:00Z,35.7600,36.0000,35.0000,35.0300,5481152
2022-11-06T16:00:00Z,35.0300,35.4000,33.6900,34.1700,9374732
2022-11-06T20:00:00Z,34.1700,34.1700,32.2600,32.6000,8089072
2022-11-07T00:00:00Z,32.6100,33.1100,32.1000,32.4300,6692299
2022-11-07T04:00:00Z,32.4400,32.5500,30.6000,30.7500,10909418
2022-11-07T08:00:00Z,30.7500,31.9300,30.6400,31.6100,9640145
2022-11-07T12:00:00Z,31.6100,32.8600,30.8400,32.8000,15142004
2022-11-07T16:00:00Z,32.8000,32.8800,31.8400,32.3500,10056783
2022-11-07T20:00:00Z,32.3600,32.4500,28.0000,29.5900,18227465
2022-11-08T00:00:00Z,29.5800,29.6700,25.5200,26.4300,26086317
2022-11-08T04:00:00Z,26.4300,28.6100,24.6100,27.9200,46813378
2022-11-08T08:00:00Z,27.9200,29.1200,27.7300,27.9600,17995816
2022-11-08T12:00:00Z,27.9700,28.4800,26.5800,27.7000,24724337
2022-11-08T16:00:00Z,27.7000,31.8900,18.4000,22.7300,97298413
2022-11-08T20:00:00Z,22.7400,24.6800,21.6000,23.8200,29604092
2022-11-09T00:00:00Z,23.8200,23.8200,20.2400,21.2200,22406410
2022-11-09T04:00:00Z,21.2100,21.2900,18.0500,18.2200,43780725
2022-11-09T08:00:00Z,18.2200,18.2400,13.3500,17.4400,161808137
2022-11-09T12:00:00Z,17.4400,18.3500,12.3500,12.9000,123661977
2022-11-09T16:00:00Z,12.9200,14.3400,9.6700,11.7420,158096988
2022-11-09T20:00:00Z,11.7460,12.1570,9.4230,11.7000,80905554
2022-11-10T00:00:00Z,11.6900,14.6900,10.6100,14.0870,67458339
2022-11-10T04:00:00Z,14.0870,15.6900,13.1840,14.7180,51385691
2022-11-10T08:00:00Z,14.7180,14.7720,11.7000,14.0010,84068662
2022-11-10T12:00:00Z,14.0020,18.6600,13.5000,17.4590,85705919
2022-11-10T16:00:00Z,17.4600,18.7870,16.0690,17.1030,43370944
2022-11-10T20:00:00Z,17.1040,18.5400,16.5400,17.6150,21932890
2022-11-11T00:00:00Z,17.6120,18.1640,15.7550,16.3390,22880013
2022-11-11T04:00:00Z,16.3390,17.7000,16.0720,17.1570,18325824
2022-11-11T08:00:00Z,17.1580,18.3180,16.9600,18.0850,17997877
2022-11-11T12:00:00Z,18.0800,18.3000,14.0000,16.4420,45853552
2022-11-11T16:00:00Z,16.4420,16.6460,15.8000,16.2030,17317097
2022-11-11T20:00:00Z,16.2030,16.4880,15.2750,16.4260,13376505
2022-11-12T00:00:00Z,16.4260,16.5050,15.6710,15.7850,7497374
2022-11-12T04:00:00Z,15.7840,15.9720,14.5100,15.4860,16695735
2022-11-12T08:00:00Z,15.4850,15.6850,15.0290,15.2790,9206262
2022-11-12T12:00:00Z,15.2790,15.5000,14.7200,14.7920,8740786
2022-11-12T16:00:00Z,14.7920,15.2650,14.7000,15.1350,5948819
2022-11-12T20:00:00Z,15.1360,15.1470,14.4400,14.5600,5336131
2022-11-13T00:00:00Z,14.5590,14.7380,14.0000,14.5260,9756738
2022-11-13T04:00:00Z,14.5250,14.6430,13.4000,13.9390,10631584
2022-11-13T08:00:00Z,13.9390,13.9790,13.3010,13.7530,10469208
2022-11-13T12:00:00Z,13.7540,14.4370,13.5760,14.0440,10891636
2022-11-13T16:00:00Z,14.0440,14.1850,13.6190,13.9800,6908677
2022-11-13T20:00:00Z,13.9800,14.0000,12.8060,13.1260,9647066
2022-11-14T00:00:00Z,13.1250,13.2440,12.0000,12.9800,19038284
2022-11-14T04:00:00Z,12.9750,15.3600,12.4460,14.5170,28173023
2022-11-14T08:00:00Z,14.5160,14.9940,14.1500,14.1980,13332411
2022-11-14T12:00:00Z,14.1990,15.0000,13.4600,13.7050,20257690
2022-11-14T16:00:00Z,13.7060,14.2500,13.2000,13.7430,13006143
2022-11-14T20:00:00Z,13.7430,14.2300,13.6000,13.9990,8726553
2022-11-15T00:00:00Z,13.9980,14.4500,13.8110,14.1820,9344834
2022-11-15T04:00:00Z,14.1830,14.6600,13.9000,14.4710,7452963
2022-11-15T08:00:00Z,14.4710,14.9080,14.4340,14.5250,9182944
2022-11-15T12:00:00Z,14.5270,15.1200,14.0100,14.3160,16231785
2022-11-15T16:00:00Z,14.3140,14.6040,14.0000,14.3180,8546845
2022-11-15T20:00:00Z,14.3180,14.4200,14.1280,14.3030,3715602
2022-11-16T00:00:00Z,14.3040,14.5990,14.0600,14.4970,4818849
2022-11-16T04:00:00Z,14.4960,14.5650,14.2620,14.3170,3277551
2022-11-16T08:00:00Z,14.3180,14.6010,14.0260,14.1340,7437321
2022-11-16T12:00:00Z,14.1350,14.1680,13.6440,13.7510,8955021
2022-11-16T16:00:00Z,13.7540,14.2150,13.6240,14.1180,4852663
2022-11-16T20:00:00Z,14.1170,14.4100,14.0860,14.2570,3595731
2022-11-17T00:00:00Z,14.2590,14.5000,14.1790,14.2480,3882091
2022-11-17T04:00:00Z,14.2470,14.4200,14.0380,14.2570,3939054
2022-11-17T08:00:00Z,14.2580,14.3290,14.0700,14.2100,2984203
2022-11-17T12:00:00Z,14.2100,14.2200,12.8320,13.5310,39074032
2022-11-17T16:00:00Z,13.5310,13.7400,13.3060,13.4400,9145527
2022-11-17T20:00:00Z,13.4370,13.7800,13.3950,13.6200,4727553
2022-11-18T00:00:00Z,13.6230,13.8830,13.5140,13.7010,6980324
2022-11-18T04:00:00Z,13.7010,13.7400,13.5400,13.5970,4154098
2022-11-18T08:00:00Z,13.5960,13.7100,13.4490,13.5370,3925663
2022-11-18T12:00:00Z,13.5360,13.6300,13.2210,13.3540,6191300
2022-11-18T16:00:00Z,13.3530,13.3880,12.9670,13.1450,7194890
2022-11-18T20:00:00Z,13.1460,13.2900,13.1060,13.2570,3497202
2022-11-19T00:00:00Z,13.2570,13.2600,12.6010,12.8510,5503389
2022-11-19T04:00:00Z,12.8510,12.9990,12.6760,12.8560,4768266
2022-11-19T08:00:00Z,12.8560,13.0000,12.7680,12.8380,3549753
2022-11-19T12:00:00Z,12.8390,12.8740,12.5640,12.7150,6228002
2022-11-19T16:00:00Z,12.7150,12.8810,12.6410,12.7800,3561463
2022-11-19T20:00:00Z,12.7790,12.9870,12.7430,12.8370,3176866
2022-11-20T00:00:00Z,12.8360,12.9250,12.6780,12.9150,3558960
2022-11-20T04:00:00Z,12.9150,13.5850,12.9080,13.0480,7065744
2022-11-20T08:00:00Z,13.0480,13.0730,12.5160,12.5360,5090550
2022-11-20T12:00:00Z,12.5360,13.1200,12.4500,12.9730,8964592
2022-11-20T16:00:00Z,12.9720,13.0010,12.6530,12.7610,3016982
2022-11-20T20:00:00Z,12.7600,12.7860,12.0850,12.2510,7201552
2022-11-21T00:00:00Z,12.2520,12.2770,11.5310,11.7410,9926972
2022-11-21T04:00:00Z,11.7390,11.9910,11.6330,11.7090,5670908
2022-11-21T08:00:00Z,11.7110,11.8880,11.5170,11.7950,8220005
2022-11-21T12:00:00Z,11.7950,12.1400,11.6950,11.9110,7054863
2022-11-21T16:00:00Z,11.9130,12.0730,11.2530,11.4090,9884653
2022-11-21T20:00:00Z,11.4100,11.9990,11.3970,11.8250,8682917
2022-11-22T00:00:00Z,11.8270,12.0620,11.5570,11.5950,5025235
2022-11-22T04:00:00Z,11.5950,11.6830,11.2910,11.5000,4342741
2022-11-22T08:00:00Z,11.4990,11.5010,10.9300,10.9950,6891173
2022-11-22T12:00:00Z,10.9960,12.0800,10.9010,12.0540,16231677
2022-11-22T16:00:00Z,12.0540,12.1710,11.6530,11.8240,6465238
2022-11-22T20:00:00Z,11.8240,12.5000,11.8230,12.4270,6247640
2022-11-23T00:00:00Z,12.4290,13.4250,12.4000,13.0690,12297310
2022-11-23T04:00:00Z,13.0690,13.2600,12.8060,13.1120,6804478
2022-11-23T08:00:00Z,13.1150,13.4600,12.9200,13.3020,7846082
2022-11-23T12:00:00Z,13.3030,13.3420,12.6860,13.0520,9224665
2022-11-23T16:00:00Z,13.0530,14.7230,12.9600,14.0100,15082202
2022-11-23T20:00:00Z,14.0090,14.4820,13.8030,14.3310,10705355
2022-11-24T00:00:00Z,14.3310,14.9480,13.9630,14.5710,11559062
2022-11-24T04:00:00Z,14.5710,14.5940,14.1550,14.3870,6665438
2022-11-24T08:00:00Z,14.3870,14.4410,13.8260,14.0480,7770631
2022-11-24T12:00:00Z,14.0480,14.5080,13.9500,14.4030,10770816
2022-11-24T16:00:00Z,14.4040,14.7480,14.3000,14.4200,8654766
2022-11-24T20:00:00Z,14.4190,14.6680,14.2600,14.5910,4809480
2022-11-25T00:00:00Z,14.5910,14.5990,13.9410,14.1820,7277197
2022-11-25T04:00:00Z,14.1820,14.2370,13.8900,14.2180,4313658
2022-11-25T08:00:00Z,14.2180,14.4850,13.9730,14.2980,4868766
2022-11-25T12:00:00Z,14.2980,14.4240,14.0200,14.1330,4722947
2022-11-25T16:00:00Z,14.1340,14.2200,13.9260,14.2070,3533654
2022-11-25T20:00:00Z,14.2070,14.2990,14.0000,14.0150,2436144
2022-11-26T00:00:00Z,14.0140,14.5950,13.9700,14.3570,4711283
2022-11-26T04:00:00Z,14.3570,14.4940,14.2160,14.4670,2464047
2022-11-26T08:00:00Z,14.4680,14.9640,14.3270,14.7320,6187429
2022-11-26T12:00:00Z,14.7320,14.7430,14.3400,14.4110,4628610
2022-11-26T16:00:00Z,14.4100,14.4350,14.0410,14.2070,3781921
2022-11-26T20:00:00Z,14.2070,14.2130,13.9260,14.1330,2786729
2022-11-27T00:00:00Z,14.1350,14.2870,14.0280,14.2460,1912707
2022-11-27T04:00:00Z,14.2450,14.4280,14.2130,14.3080,2852203
2022-11-27T08:00:00Z,14.3080,14.3630,14.1980,14.3290,2403515
2022-11-27T12:00:00Z,14.3300,14.4220,14.1440,14.4020,2930253
2022-11-27T16:00:00Z,14.4030,14.4200,14.1870,14.2950,1848532
2022-11-27T20:00:00Z,14.2920,14.4200,14.0200,14.0990,2927709
2022-11-28T00:00:00Z,14.0970,14.1480,12.7430,13.0510,14974695
2022-11-28T04:00:00Z,13.0540,13.3940,13.0110,13.3850,6435047
2022-11-28T08:00:00Z,13.3880,13.4780,13.1940,13.3900,4963887
2022-11-28T12:00:00Z,13.3890,13.5190,13.0850,13.2440,7383644
2022-11-28T16:00:00Z,13.2450,13.8070,12.9930,13.3490,9450378
2022-11-28T20:00:00Z,13.3490,13.4160,13.2640,13.3130,2092316
2022-11-29T00:00:00Z,13.3130,13.5630,13.1150,13.4630,3900732
2022-11-29T04:00:00Z,13.4630,13.8920,13.4430,13.7160,4545723
2022-11-29T08:00:00Z,13.7150,13.9500,13.5820,13.6220,3739795
2022-11-29T12:00:00Z,13.6240,13.6590,13.3080,13.4260,4178445
2022-11-29T16:00:00Z,13.4280,13.4400,13.2560,13.3970,3092454
2022-11-29T20:00:00Z,13.3950,13.4590,13.2710,13.3360,2188553
2022-11-30T00:00:00Z,13.3360,13.9090,13.3100,13.4700,7069756
2022-11-30T04:00:00Z,13.4660,13.7220,13.4500,13.6880,3157346
2022-11-30T08:00:00Z,13.6890,13.8090,13.6020,13.6950,2511749
2022-11-30T12:00:00Z,13.6950,13.7150,13.4580,13.5180,3123643
2022-11-30T16:00:00Z,13.5170,13.8380,13.1720,13.6140,5972109
2022-11-30T20:00:00Z,13.6170,14.3000,13.5810,14.1620,4527154
2022-12-01T00:00:00Z,14.1630,14.1800,13.7860,13.9090,3310439
2022-12-01T04:00:00Z,13.9100,13.9890,13.7900,13.7960,2034881
2022-12-01T08:00:00Z,13.7980,13.9180,13.7300,13.8190,1878730
2022-12-01T12:00:00Z,13.8190,13.9340,13.4400,13.6160,5430362
2022-12-01T16:00:00Z,13.6180,13.6270,13.4730,13.4980,1908680
2022-12-01T20:00:00Z,13.4980,13.5640,13.3720,13.4890,2019468
2022-12-02T00:00:00Z,13.4890,13.6510,13.2800,13.4070,3022313
2022-12-02T04:00:00Z,13.4070,13.5370,13.2910,13.4960,1881235
2022-12-02T08:00:00Z,13.4950,13.6740,13.4580,13.5950,3048123
2022-12-02T12:00:00Z,13.5950,13.8340,13.3490,13.5230,5651891
2022-12-02T16:00:00Z,13.5230,13.6930,13.4410,13.6770,1985910
2022-12-02T20:00:00Z,13.6780,13.7830,13.6570,13.7030,1609350
2022-12-03T00:00:00Z,13.7040,13.7670,13.5500,13.6240,1905079
2022-12-03T04:00:00Z,13.6230,13.6790,13.4980,13.5440,1624428
2022-12-03T08:00:00Z,13.5440,13.5840,13.4280,13.4790,1655964
2022-12-03T12:00:00Z,13.4800,13.5830,13.4690,13.5650,1026882
2022-12-03T16:00:00Z,13.5640,13.6170,13.4700,13.5160,1206421
2022-12-03T20:00:00Z,13.5160,13.5190,13.2000,13.2890,1983095
2022-12-04T00:00:00Z,13.2900,13.5270,13.2580,13.4150,1297556
2022-12-04T04:00:00Z,13.4160,13.5110,13.4110,13.4460,840099
2022-12-04T08:00:00Z,13.4450,13.4710,13.3330,13.3670,943412
2022-12-04T12:00:00Z,13.3660,13.5000,13.3440,13.4780,1527685
2022-12-04T16:00:00Z,13.4790,13.5650,13.4360,13.5370,1347557
2022-12-04T20:00:00Z,13.5350,13.7490,13.5260,13.7000,1891649
2022-12-05T00:00:00Z,13.7000,14.1600,13.6560,13.8980,4906487
2022-12-05T04:00:00Z,13.8990,14.0210,13.8340,13.9280,2091444
2022-12-05T08:00:00Z,13.9300,14.0920,13.9200,13.9790,2002510
2022-12-05T12:00:00Z,13.9800,13.9920,13.6530,13.7480,2511236
2022-12-05T16:00:00Z,13.7480,14.0000,13.5780,13.6760,3729073
2022-12-05T20:00:00Z,13.6740,14.0010,13.6410,13.8100,2671523
2022-12-06T00:00:00Z,13.8100,14.2910,13.8080,14.1550,2928278
2022-12-06T04:00:00Z,14.1540,14.3730,14.0100,14.1380,3152853
2022-12-06T08:00:00Z,14.1370,14.1820,13.8740,14.0050,2198424
2022-12-06T12:00:00Z,14.0050,14.1130,13.8920,13.9790,2881157
2022-12-06T16:00:00Z,13.9800,14.1000,13.9230,14.0090,2577248
2022-12-06T20:00:00Z,14.0090,14.3000,13.9980,14.2810,2164270
2022-12-07T00:00:00Z,14.2790,14.3340,14.0300,14.0360,1814668
2022-12-07T04:00:00Z,14.0360,14.0690,13.5570,13.6160,3310388
2022-12-07T08:00:00Z,13.6150,13.7270,13.3800,13.6120,3214074
2022-12-07T12:00:00Z,13.6130,13.7260,13.5840,13.6790,2024901
2022-12-07T16:00:00Z,13.6780,13.7260,13.5210,13.5700,1280599
2022-12-07T20:00:00Z,13.5680,13.6120,13.4500,13.4870,1448698
2022-12-08T00:00:00Z,13.4870,13.5290,13.3260,13.4380,2267310
2022-12-08T04:00:00Z,13.4390,13.5390,13.2580,13.4890,1958190
2022-12-08T08:00:00Z,13.4880,13.5620,13.3580,13.4870,1691880
2022-12-08T12:00:00Z,13.4880,13.6220,13.4270,13.5560,1937258
2022-12-08T16:00:00Z,13.5570,13.7640,13.5310,13.7280,1822413
2022-12-08T20:00:00Z,13.7280,13.7610,13.6100,13.6700,1260907
2022-12-09T00:00:00Z,13.6710,13.7870,13.6080,13.7370,1484685
2022-12-09T04:00:00Z,13.7360,13.7410,13.6360,13.6930,794954
2022-12-09T08:00:00Z,13.6940,14.0190,13.6340,13.8520,4181024
2022-12-09T12:00:00Z,13.8520,13.9120,13.6630,13.8610,3751545
2022-12-09T16:00:00Z,13.8610,13.8740,13.5430,13.6080,2763592
2022-12-09T20:00:00Z,13.6080,13.6230,13.5000,13.5790,1100206
2022-12-10T00:00:00Z,13.5790,13.6470,13.5360,13.6140,696891
2022-12-10T04:00:00Z,13.6150,13.7310,13.6100,13.6170,841781
2022-12-10T08:00:00Z,13.6160,13.6350,13.5500,13.5810,862611
2022-12-10T12:00:00Z,13.5810,13.6520,13.5480,13.6290,871807
2022-12-10T16:00:00Z,13.6290,13.6940,13.5920,13.6410,725922
2022-12-10T20:00:00Z,13.6400,13.6850,13.5320,13.5600,637750
2022-12-11T00:00:00Z,13.5590,13.6380,13.5200,13.6370,604139
2022-12-11T04:00:00Z,13.6370,13.6590,13.6040,13.6360,436290
2022-12-11T08:00:00Z,13.6360,13.6450,13.5980,13.6200,377311
2022-12-11T12:00:00Z,13.6210,13.7550,13.6010,13.6580,1478358
2022-12-11T16:00:00Z,13.6570,13.7850,13.6310,13.7180,1151969
2022-12-11T20:00:00Z,13.7190,13.7230,13.3700,13.4060,2127446
2022-12-12T00:00:00Z,13.4070,13.4880,12.7530,12.9490,4114023
2022-12-12T04:00:00Z,12.9500,13.0200,12.9160,12.9720,1196983
2022-12-12T08:00:00Z,12.9730,13.2120,12.9420,13.1550,1303353
2022-12-12T12:00:00Z,13.1560,13.1860,13.0000,13.1010,2655743
2022-12-12T16:00:00Z,13.1000,13.2470,13.0890,13.2350,1845590
2022-12-12T20:00:00Z,13.2340,13.3780,13.1950,13.3040,1718675
2022-12-13T00:00:00Z,13.3080,13.3880,13.0580,13.0720,1378662
2022-12-13T04:00:00Z,13.0720,13.1700,12.7530,12.9580,2891574
2022-12-13T08:00:00Z,12.9570,13.3540,12.9130,13.3430,2970599
2022-12-13T12:00:00Z,13.3430,14.1490,13.1710,13.7310,11047752
2022-12-13T16:00:00Z,13.7310,13.8390,13.5720,13.7950,3385096
2022-12-13T20:00:00Z,13.7940,13.9070,13.7220,13.8940,1876218
2022-12-14T00:00:00Z,13.8940,13.9930,13.8270,13.9540,1786458
2022-12-14T04:00:00Z,13.9540,14.0490,13.8090,13.9110,1525140
2022-12-14T08:00:00Z,13.9100,14.0260,13.9040,13.9810,1867315
2022-12-14T12:00:00Z,13.9820,14.5400,13.9600,14.4800,5260518
2022-12-14T16:00:00Z,14.4790,14.9600,14.1100,14.2960,12820081
2022-12-14T20:00:00Z,14.2950,14.4690,14.0610,14.1200,3559784
2022-12-15T00:00:00Z,14.1200,14.5150,13.8700,14.3680,4609693
2022-12-15T04:00:00Z,14.3680,14.3900,14.1250,14.1320,2607215
2022-12-15T08:00:00Z,14.1350,14.1890,14.0170,14.1030,2270688
2022-12-15T12:00:00Z,14.1030,14.1580,13.8770,13.9990,4340984
2022-12-15T16:00:00Z,13.9990,14.1270,13.8700,14.0970,2331104
2022-12-15T20:00:00Z,14.0980,14.1990,13.9220,14.0440,2209230
2022-12-16T00:00:00Z,14.0430,14.1690,13.8800,14.0390,1844161
2022-12-16T04:00:00Z,14.0390,14.1040,13.9100,14.0790,1541526
2022-12-16T08:00:00Z,14.0790,14.0970,13.3300,13.4950,6415775
2022-12-16T12:00:00Z,13.4950,13.4950,12.9300,13.0020,6432146
2022-12-16T16:00:00Z,13.0020,13.1020,12.6180,13.0070,7454665
2022-12-16T20:00:00Z,13.0060,13.0980,11.9650,12.2390,6498465
2022-12-17T00:00:00Z,12.2390,12.3710,11.8950,12.2430,4011387
2022-12-17T04:00:00Z,12.2420,12.5600,12.1680,12.4360,2604715
2022-12-17T08:00:00Z,12.4350,12.4990,12.2400,12.2930,2939834
2022-12-17T12:00:00Z,12.2940,12.3590,12.2030,12.3040,1540517
2022-12-17T16:00:00Z,12.3050,12.3300,12.1300,12.2510,1874088
2022-12-17T20:00:00Z,12.2520,12.5320,12.2280,12.4890,1417738
2022-12-18T00:00:00Z,12.4890,12.5310,12.3570,12.4820,927985
2022-12-18T04:00:00Z,12.4830,12.5900,12.4010,12.4150,1424909
2022-12-18T08:00:00Z,12.4150,12.4600,12.2500,12.3830,1416627
2022-12-18T12:00:00Z,12.3820,12.4350,12.2830,12.3080,675012
2022-12-18T16:00:00Z,12.3070,12.5300,12.2880,12.4320,1280296
2022-12-18T20:00:00Z,12.4330,12.5990,12.3310,12.3690,1198608
2022-12-19T00:00:00Z,12.3700,12.5730,12.1400,12.2210,2294157
2022-12-19T04:00:00Z,12.2200,12.3220,12.1600,12.2150,1683361
2022-12-19T08:00:00Z,12.2160,12.3560,12.1950,12.2730,1579127
2022-12-19T12:00:00Z,12.2730,12.3250,12.1220,12.1660,3007142
2022-12-19T16:00:00Z,12.1650,12.2230,11.9030,12.0030,4817333
2022-12-19T20:00:00Z,12.0040,12.1380,11.6510,11.9300,3092014
2022-12-20T00:00:00Z,11.9300,12.3130,11.8180,12.1820,3438649
2022-12-20T04:00:00Z,12.1830,12.4500,12.1730,12.3360,1827332
2022-12-20T08:00:00Z,12.3350,12.4350,12.2990,12.3610,1303753
2022-12-20T12:00:00Z,12.3610,12.4750,12.1830,12.3310,3051225
2022-12-20T16:00:00Z,12.3320,12.3440,12.1110,12.2330,1718608
2022-12-20T20:00:00Z,12.2330,12.3190,12.1940,12.2470,1109179
2022-12-21T00:00:00Z,12.2480,12.2740,12.0450,12.0680,1624369
2022-12-21T04:00:00Z,12.0680,12.0970,11.9110,12.0130,1665433
2022-12-21T08:00:00Z,12.0130,12.1450,11.9600,12.0950,1464212
2022-12-21T12:00:00Z,12.0940,12.1130,11.9200,12.0550,2215623
2022-12-21T16:00:00Z,12.0550,12.0570,11.9210,11.9450,1071093
2022-12-21T20:00:00Z,11.9440,12.2130,11.8790,12.1270,2172187
2022-12-22T00:00:00Z,12.1270,12.1760,12.0670,12.1120,945126
2022-12-22T04:00:00Z,12.1120,12.1380,11.9610,12.0500,1121028
2022-12-22T08:00:00Z,12.0500,12.1640,12.0250,12.1080,1188139
2022-12-22T12:00:00Z,12.1080,12.1500,11.7090,11.7580,3478791
2022-12-22T16:00:00Z,11.7570,11.8690,11.6770,11.8370,1939078
2022-12-22T20:00:00Z,11.8390,12.0890,11.6680,11.8140,3463745
2022-12-23T00:00:00Z,11.8150,12.1060,11.7080,12.0140,3172290
2022-12-23T04:00:00Z,12.0140,12.0350,11.8300,11.8820,1594856
2022-12-23T08:00:00Z,11.8820,11.9680,11.7860,11.8750,1398588
2022-12-23T12:00:00Z,11.8740,11.9670,11.7340,11.8360,2924855
2022-12-23T16:00:00Z,11.8360,11.8710,11.7900,11.8430,1005977
2022-12-23T20:00:00Z,11.8440,11.8730,11.7370,11.7720,934931
2022-12-24T00:00:00Z,11.7720,11.7800,11.6960,11.7790,897274
2022-12-24T04:00:00Z,11.7800,11.7820,11.0300,11.3320,8539541
2022-12-24T08:00:00Z,11.3310,11.3320,11.1480,11.2960,3375704
2022-12-24T12:00:00Z,11.2960,11.3860,11.2460,11.3520,2131589
2022-12-24T16:00:00Z,11.3530,11.5690,11.3010,11.5360,2977394
2022-12-24T20:00:00Z,11.5360,11.5950,11.3380,11.4230,2223095
2022-12-25T00:00:00Z,11.4230,11.4830,11.3780,11.4480,1090036
2022-12-25T04:00:00Z,11.4480,11.5450,11.3820,11.4680,1611472
2022-12-25T08:00:00Z,11.4680,11.4930,11.3580,11.3910,2490970
2022-12-25T12:00:00Z,11.3910,11.4360,11.2240,11.3410,2550577
2022-12-25T16:00:00Z,11.3410,11.3890,11.2620,11.3880,1391075
2022-12-25T20:00:00Z,11.3890,11.4480,11.3160,11.3730,1069161
2022-12-26T00:00:00Z,11.3720,11.4880,11.2380,11.4120,1992865
2022-12-26T04:00:00Z,11.4130,11.4360,11.2560,11.3030,1672636
2022-12-26T08:00:00Z,11.3050,11.3650,11.2610,11.3390,1769167
2022-12-26T12:00:00Z,11.3410,11.3740,11.0640,11.1690,2614753
2022-12-26T16:00:00Z,11.1700,11.2320,11.0500,11.1740,2249023
2022-12-26T20:00:00Z,11.1730,11.3440,11.1580,11.3250,2009831
2022-12-27T00:00:00Z,11.3250,11.4350,11.2560,11.2790,2201487
2022-12-27T04:00:00Z,11.2800,11.2950,11.1850,11.2210,1331149
2022-12-27T08:00:00Z,11.2210,11.2410,11.0960,11.1300,2356342
2022-12-27T12:00:00Z,11.1310,11.1630,10.7000,10.7510,9660265
2022-12-27T16:00:00Z,10.7500,11.0270,10.7060,11.0090,7547613
2022-12-27T20:00:00Z,11.0100,11.1700,10.9630,11.0870,2486352
2022-12-28T00:00:00Z,11.0870,11.1280,10.6640,10.7690,4976257
2022-12-28T04:00:00Z,10.7690,10.7880,9.6000,10.1330,17550463
2022-12-28T08:00:00Z,10.1320,10.1870,9.8200,9.9990,7710652
2022-12-28T12:00:00Z,9.9980,10.4000,9.8630,9.9400,13921482
2022-12-28T16:00:00Z,9.9410,10.0900,9.7560,9.7730,6217157
2022-12-28T20:00:00Z,9.7720,9.9050,9.3700,9.7490,9299737
2022-12-29T00:00:00Z,9.7490,9.8700,9.5160,9.7610,7748765
2022-12-29T04:00:00Z,9.7610,9.7880,9.5500,9.6120,5858914
2022-12-29T08:00:00Z,9.6110,9.6400,9.2440,9.4490,13493204
2022-12-29T12:00:00Z,9.4480,9.5170,9.3060,9.3760,11932917
2022-12-29T16:00:00Z,9.3760,9.4400,8.6680,8.7780,23277490
2022-12-29T20:00:00Z,8.7770,10.8900,7.7770,9.6140,86450090
2022-12-30T00:00:00Z,9.6140,10.3000,9.3660,9.4910,48086547
2022-12-30T04:00:00Z,9.4910,9.7250,9.0500,9.1080,25331488
2022-12-30T08:00:00Z,9.1090,9.2460,8.9700,9.0900,16736733
2022-12-30T12:00:00Z,9.0880,10.0650,9.0800,9.5640,36346715
2022-12-30T16:00:00Z,9.5640,10.0920,9.4720,9.8140,22477045
2022-12-30T20:00:00Z,9.8150,10.0260,9.6780,9.8770,16995570
2022-12-31T00:00:00Z,9.8750,10.0500,9.7180,9.7210,11354070
2022-12-31T04:00:00Z,9.7200,9.8490,9.6400,9.8200,6716900
2022-12-31T08:00:00Z,9.8200,9.9140,9.7170,9.8410,9014947
2022-12-31T12:00:00Z,9.8410,10.2000,9.8410,10.1300,14305548
2022-12-31T16:00:00Z,10.1300,10.1690,9.9060,10.0470,8609643
2022-12-31T20:00:00Z,10.0470,10.1130,9.8500,9.9680,6130708
2023-01-01T00:00:00Z,9.9680,10.0740,9.8940,9.9570,6257394
2023-01-01T04:00:00Z,9.9570,9.9780,9.6780,9.7820,6980165
2023-01-01T08:00:00Z,9.7820,9.9750,9.6930,9.9150,6620756
2023-01-01T12:00:00Z,9.9160,9.9550,9.7810,9.8480,5560360
2023-01-01T16:00:00Z,9.8490,10.0400,9.8210,9.9450,5321564
2023-01-01T20:00:00Z,9.9450,10.0480,9.9260,9.9770,3249086
2023-01-02T00:00:00Z,9.9770,10.0080,9.7960,9.9770,4806347
2023-01-02T04:00:00Z,9.9770,12.0670,9.9270,11.0830,25770360
2023-01-02T08:00:00Z,11.0840,11.3600,10.8320,11.0070,22513470
2023-01-02T12:00:00Z,11.0080,11.2340,10.9980,11.1080,12477363
2023-01-02T16:00:00Z,11.1070,11.5000,11.0700,11.2440,6595546
2023-01-02T20:00:00Z,11.2440,11.4060,11.1720,11.2590,7292118
2023-01-03T00:00:00Z,11.2590,11.3240,11.0000,11.1990,8853691
2023-01-03T04:00:00Z,11.2000,11.9390,11.1890,11.8810,24310975
2023-01-03T08:00:00Z,11.8810,11.9800,11.6680,11.8100,13421336
2023-01-03T12:00:00Z,11.8100,12.8890,11.7500,12.8190,51413308
2023-01-03T16:00:00Z,12.8190,13.8790,12.6410,12.8960,53919105
2023-01-03T20:00:00Z,12.8960,13.4820,12.8950,13.3260,20495002
2023-01-04T00:00:00Z,13.3260,14.0000,13.1750,13.4350,38505138
2023-01-04T04:00:00Z,13.4360,14.2000,13.2100,14.1090,31930693
2023-01-04T08:00:00Z,14.1090,14.1110,13.5250,13.6290,23924013
2023-01-04T12:00:00Z,13.6290,13.7230,13.1500,13.3520,25136297
2023-01-04T16:00:00Z,13.3520,13.6320,13.0440,13.1770,21334734
2023-01-04T20:00:00Z,13.1780,13.5850,12.8130,13.4050,16850560
2023-01-05T00:00:00Z,13.4040,13.4200,13.0310,13.2090,10712623
2023-01-05T04:00:00Z,13.2080,13.4820,13.1170,13.2370,9553716
2023-01-05T08:00:00Z,13.2370,13.3100,12.9270,13.2550,11955360
2023-01-05T12:00:00Z,13.2550,13.3950,13.0270,13.2910,12219410
2023-01-05T16:00:00Z,13.2910,13.4700,13.0480,13.3880,8893668
2023-01-05T20:00:00Z,13.3880,13.7810,13.3300,13.4180,16089278
2023-01-06T00:00:00Z,13.4170,13.5590,13.1330,13.1860,10655060
2023-01-06T04:00:00Z,13.1870,13.2400,13.0100,13.1090,8667043
2023-01-06T08:00:00Z,13.1090,13.2320,12.8330,12.9840,11166632
2023-01-06T12:00:00Z,12.9840,13.1890,12.6440,13.1730,18717317
2023-01-06T16:00:00Z,13.1730,13.4190,13.0450,13.3530,10810047
2023-01-06T20:00:00Z,13.3550,13.5850,13.1490,13.4830,6933349
2023-01-07T00:00:00Z,13.4840,13.4900,13.2630,13.3150,4757674
2023-01-07T04:00:00Z,13.3150,13.3250,13.1920,13.2880,3156052
2023-01-07T08:00:00Z,13.2880,13.3150,13.1200,13.1370,3641897
2023-01-07T12:00:00Z,13.1380,13.2730,13.1250,13.2570,3540194
2023-01-07T16:00:00Z,13.2560,13.2670,13.1640,13.2120,1754587
2023-01-07T20:00:00Z,13.2120,13.2390,13.0100,13.0870,2828988
2023-01-08T00:00:00Z,13.0860,13.3990,12.8340,13.3610,11582790
2023-01-08T04:00:00Z,13.3600,13.4280,13.2480,13.3170,3588362
2023-01-08T08:00:00Z,13.3170,13.7800,13.2600,13.4960,10537867
2023-01-08T12:00:00Z,13.4970,13.9340,13.4230,13.8600,11462118
2023-01-08T16:00:00Z,13.8590,13.8900,13.4450,13.5290,9241252
2023-01-08T20:00:00Z,13.5280,15.4890,13.5090,14.4650,15710288
2023-01-09T00:00:00Z,14.4640,16.7800,14.2560,16.0480,40931532
2023-01-09T04:00:00Z,16.0490,16.5440,15.9240,16.3480,18050532
2023-01-09T08:00:00Z,16.3480,16.8360,16.0850,16.3620,15550219
2023-01-09T12:00:00Z,16.3610,17.5000,16.0000,17.1300,26329652
2023-01-09T16:00:00Z,17.1290,17.3640,16.2320,16.2880,18959005
2023-01-09T20:00:00Z,16.2880,16.6840,16.0130,16.2530,12408940
2023-01-10T00:00:00Z,16.2530,16.5860,15.5670,15.9690,14201882
2023-01-10T04:00:00Z,15.9680,16.3000,15.8630,15.8930,12585526
2023-01-10T08:00:00Z,15.8930,16.3520,15.8190,16.0210,10124547
2023-01-10T12:00:00Z,16.0200,16.4890,15.8050,16.2310,15568674
2023-01-10T16:00:00Z,16.2320,16.4640,16.0200,16.3810,7265116
2023-01-10T20:00:00Z,16.3800,16.7180,16.1270,16.1910,7949261
2023-01-11T00:00:00Z,16.1910,16.3230,15.8550,16.0060,7962013
2023-01-11T04:00:00Z,16.0050,16.1500,15.8130,16.0940,6956243
2023-01-11T08:00:00Z,16.0940,16.1280,15.9360,16.0240,3559129
2023-01-11T12:00:00Z,16.0240,16.0240,15.3020,15.4130,11973161
2023-01-11T16:00:00Z,15.4130,16.1270,15.2700,15.9990,10531235
2023-01-11T20:00:00Z,16.0000,16.5970,15.7320,16.3550,10245223
2023-01-12T00:00:00Z,16.3540,17.0000,16.1270,16.4180,13057302
2023-01-12T04:00:00Z,16.4180,16.4940,16.1510,16.2350,4584295
2023-01-12T08:00:00Z,16.2360,16.2390,15.8920,16.0650,5636867
2023-01-12T12:00:00Z,16.0640,16.4980,15.4000,15.9480,22144312
2023-01-12T16:00:00Z,15.9470,16.7900,15.8880,16.5330,15129609
2023-01-12T20:00:00Z,16.5340,16.7000,16.2930,16.5840,8299100
2023-01-13T00:00:00Z,16.5840,16.8400,16.2370,16.6980,6062326
2023-01-13T04:00:00Z,16.6970,17.3400,16.6890,16.8900,13603245
2023-01-13T08:00:00Z,16.8890,17.0970,16.5200,16.6460,9136016
2023-01-13T12:00:00Z,16.6460,16.8500,16.4390,16.7890,7812135
2023-01-13T16:00:00Z,16.7880,17.2200,16.4880,17.1770,8494044
2023-01-13T20:00:00Z,17.1760,18.6580,17.0170,18.2890,21325901
2023-01-14T00:00:00Z,18.2890,22.8790,18.1910,21.9640,44476162
2023-01-14T04:00:00Z,21.9630,24.8000,21.8000,23.5770,34380856
2023-01-14T08:00:00Z,23.5770,23.9400,21.3250,22.3950,34314636
2023-01-14T12:00:00Z,22.3960,23.6800,21.7300,22.3370,23663811
2023-01-14T16:00:00Z,22.3350,23.4300,22.1420,23.0730,17881495
2023-01-14T20:00:00Z,23.0740,24.8480,22.4700,24.2830,16226028
2023-01-15T00:00:00Z,24.2840,25.2000,22.5000,23.0900,22196743
2023-01-15T04:00:00Z,23.0870,23.2000,22.1400,22.6570,9316790
2023-01-15T08:00:00Z,22.6570,23.1210,22.0000,22.9040,12704886
2023-01-15T12:00:00Z,22.9050,23.9070,22.7180,23.6960,16460215
2023-01-15T16:00:00Z,23.6960,23.8110,22.9400,23.3900,13062458
2023-01-15T20:00:00Z,23.3890,23.4370,22.4730,22.9030,7350622
2023-01-16T00:00:00Z,22.9030,24.2800,22.4500,23.2390,12710657
2023-01-16T04:00:00Z,23.2400,25.1800,23.0310,24.2760,15918875
2023-01-16T08:00:00Z,24.2790,24.2890,22.8750,23.4000,15217866
2023-01-16T12:00:00Z,23.4000,23.5550,22.2300,23.0810,15098202
2023-01-16T16:00:00Z,23.0810,23.8600,22.8610,23.5620,11688205
2023-01-16T20:00:00Z,23.5630,24.3000,23.3030,23.6010,9231997
2023-01-17T00:00:00Z,23.6000,23.8570,22.7700,23.1920,10219127
2023-01-17T04:00:00Z,23.1920,23.8300,23.1330,23.4270,8259615
2023-01-17T08:00:00Z,23.4270,24.0000,23.3690,23.7580,7292357
2023-01-17T12:00:00Z,23.7590,23.9700,23.1100,23.2670,13272148
2023-01-17T16:00:00Z,23.2680,23.5760,23.0280,23.4410,6813498
2023-01-17T20:00:00Z,23.4410,23.7000,22.6600,22.8550,7648201
2023-01-18T00:00:00Z,22.8580,23.3390,22.6130,23.0540,9059564
2023-01-18T04:00:00Z,23.0520,23.3270,22.8500,22.9890,4240737
2023-01-18T08:00:00Z,22.9890,22.9940,22.0800,22.5330,8830435
2023-01-18T12:00:00Z,22.5330,23.6740,20.6450,21.7810,19083020
2023-01-18T16:00:00Z,21.7810,22.3000,20.3100,21.7810,31846115
2023-01-18T20:00:00Z,21.7820,21.8790,20.7000,20.8040,13073495
2023-01-19T00:00:00Z,20.8040,21.5360,20.7800,21.3500,8489632
2023-01-19T04:00:00Z,21.3470,21.7880,21.2640,21.3060,5449376
2023-01-19T08:00:00Z,21.3080,21.5130,20.7920,20.9390,6768279
2023-01-19T12:00:00Z,20.9370,21.1860,20.4000,21.0530,13694996
2023-01-19T16:00:00Z,21.0520,21.7430,20.8470,21.6380,9636025
2023-01-19T20:00:00Z,21.6390,21.8790,21.3020,21.4080,5971851
2023-01-20T00:00:00Z,21.4080,21.6280,21.0200,21.3340,6195337
2023-01-20T04:00:00Z,21.3340,21.4140,20.9130,21.0700,5314494
2023-01-20T08:00:00Z,21.0700,21.2490,20.9550,21.1320,4020593
2023-01-20T12:00:00Z,21.1320,21.5500,21.0730,21.4200,7236762
2023-01-20T16:00:00Z,21.4190,23.4000,21.4000,23.2750,18089876
2023-01-20T20:00:00Z,23.2760,25.8750,23.2670,25.5130,28045553
2023-01-21T00:00:00Z,25.5130,25.9000,24.2640,24.8630,14785080
2023-01-21T04:00:00Z,24.8620,25.7480,24.7220,25.5450,9011686
2023-01-21T08:00:00Z,25.5440,26.6870,24.2670,25.1940,21200542
2023-01-21T12:00:00Z,25.1940,25.6400,25.0400,25.2270,10860157
2023-01-21T16:00:00Z,25.2300,26.1170,25.1120,25.6350,11085185
2023-01-21T20:00:00Z,25.6340,25.7000,24.5000,24.5640,7275774
2023-01-22T00:00:00Z,24.5640,25.3290,24.3940,25.0020,7973237
2023-01-22T04:00:00Z,25.0030,25.4700,24.9330,25.1350,4983471
2023-01-22T08:00:00Z,25.1360,25.3360,24.7670,24.9050,5507847
2023-01-22T12:00:00Z,24.9050,25.4400,24.6360,24.9610,8791666
2023-01-22T16:00:00Z,24.9620,25.2850,24.6990,24.9160,5702417
2023-01-22T20:00:00Z,24.9160,24.9360,23.5000,24.1950,10878829
2023-01-23T00:00:00Z,24.1960,24.9430,24.0600,24.5340,6535656
2023-01-23T04:00:00Z,24.5340,24.8100,24.3250,24.4890,3692932
2023-01-23T08:00:00Z,24.4860,24.8360,24.1420,24.6370,5001479
2023-01-23T12:00:00Z,24.6360,24.7220,23.7000,24.1750,12034559
2023-01-23T16:00:00Z,24.1750,24.7800,23.9620,24.1830,7716784
2023-01-23T20:00:00Z,24.1830,24.5500,24.0350,24.3470,3248404
2023-01-24T00:00:00Z,24.3460,25.3000,24.0560,25.0140,7357006
2023-01-24T04:00:00Z,25.0140,25.0350,24.6500,24.7910,3302975
2023-01-24T08:00:00Z,24.7910,24.9620,24.2710,24.4690,5447461
2023-01-24T12:00:00Z,24.4740,24.5900,23.8620,24.4890,6925399
2023-01-24T16:00:00Z,24.4900,24.5490,24.0600,24.4680,4129339
2023-01-24T20:00:00Z,24.4680,24.5150,22.1100,22.7700,12998487
2023-01-25T00:00:00Z,22.7700,22.9880,22.1870,22.9160,7620777
2023-01-25T04:00:00Z,22.9170,23.4070,22.8510,23.2520,4741723
2023-01-25T08:00:00Z,23.2530,23.3890,22.9600,23.1270,4866238
2023-01-25T12:00:00Z,23.1280,24.5730,22.6900,23.3150,17847424
2023-01-25T16:00:00Z,23.3140,23.8000,23.2090,23.7310,6336616
2023-01-25T20:00:00Z,23.7300,25.4520,23.7100,24.5340,15545103
2023-01-26T00:00:00Z,24.5350,25.2510,24.4290,24.8030,6021714
2023-01-26T04:00:00Z,24.8030,24.9630,24.2500,24.3530,5079745
2023-01-26T08:00:00Z,24.3520,24.5930,24.0880,24.3290,4135232
2023-01-26T12:00:00Z,24.3280,25.1630,24.0700,24.2530,11422538
2023-01-26T16:00:00Z,24.2510,24.7420,23.7000,24.4680,6987897
2023-01-26T20:00:00Z,24.4690,24.6280,24.2050,24.3450,3300812
2023-01-27T00:00:00Z,24.3450,24.5400,23.2420,23.7260,5838528
2023-01-27T04:00:00Z,23.7250,24.0470,23.6630,24.0210,2733735
2023-01-27T08:00:00Z,24.0230,24.0380,23.5640,23.7000,3209803
2023-01-27T12:00:00Z,23.7000,24.2190,23.3100,23.8270,8218489
2023-01-27T16:00:00Z,23.8260,24.6090,23.8080,24.4910,5382139
2023-01-27T20:00:00Z,24.4920,24.9940,24.0270,24.4410,6336370
2023-01-28T00:00:00Z,24.4410,24.9060,24.2940,24.5190,4516002
2023-01-28T04:00:00Z,24.5200,25.3000,24.1810,24.3670,5112477
2023-01-28T08:00:00Z,24.3660,24.4860,24.1950,24.3230,2794891
2023-01-28T12:00:00Z,24.3230,24.3300,23.7000,24.1630,6376383
2023-01-28T16:00:00Z,24.1630,24.2250,23.9190,24.1270,2401624
2023-01-28T20:00:00Z,24.1270,24.1410,23.7500,24.0020,2454824
2023-01-29T00:00:00Z,24.0020,24.7040,23.7100,24.1330,6291485
2023-01-29T04:00:00Z,24.1340,24.1860,24.0150,24.1450,1572843
2023-01-29T08:00:00Z,24.1450,24.5520,24.0620,24.3610,3296651
2023-01-29T12:00:00Z,24.3620,24.8150,24.2070,24.7020,5665002
2023-01-29T16:00:00Z,24.7020,26.6290,24.4620,26.3460,22347197
2023-01-29T20:00:00Z,26.3470,26.8690,25.9550,26.0900,9410896
2023-01-30T00:00:00Z,26.0900,26.3340,25.2350,25.4700,7525616
2023-01-30T04:00:00Z,25.4700,25.6320,25.2610,25.3940,4294958
2023-01-30T08:00:00Z,25.3950,25.5540,23.7420,24.0110,14048343
2023-01-30T12:00:00Z,24.0110,24.7440,23.8410,24.3880,8976743
2023-01-30T16:00:00Z,24.3850,24.6480,22.9100,23.5970,10119602
2023-01-30T20:00:00Z,23.5950,23.9890,23.3230,23.9570,5029760
2023-01-31T00:00:00Z,23.9570,24.2880,23.6470,24.0080,5122209
2023-01-31T04:00:00Z,24.0080,24.1400,23.6490,24.1180,3980132
2023-01-31T08:00:00Z,24.1180,24.1500,23.4810,23.7500,4471435
2023-01-31T12:00:00Z,23.7490,24.3680,23.6290,24.0900,7426627
2023-01-31T16:00:00Z,24.0900,24.4940,24.0040,24.1890,4520688
2023-01-31T20:00:00Z,24.1910,24.2500,23.5750,23.9130,5312922
2023-02-01T00:00:00Z,23.9120,24.0330,23.6520,23.8650,2977916
2023-02-01T04:00:00Z,23.8650,24.0200,23.4000,23.5500,3657117
2023-02-01T08:00:00Z,23.5500,23.6320,23.1450,23.5410,4310073
2023-02-01T12:00:00Z,23.5410,23.6790,22.7000,22.8140,7372401
2023-02-01T16:00:00Z,22.8130,24.4500,22.4500,24.2160,15060877
2023-02-01T20:00:00Z,24.2180,25.2480,24.1000,25.0110,13450142
2023-02-02T00:00:00Z,25.0140,25.7980,24.9550,25.3080,8572415
2023-02-02T04:00:00Z,25.3080,25.4400,24.7560,24.8670,4250416
2023-02-02T08:00:00Z,24.8690,25.0980,24.8180,25.0140,2966561
2023-02-02T12:00:00Z,25.0150,25.2850,24.5900,25.0250,8554262
2023-02-02T16:00:00Z,25.0250,26.1730,24.8630,25.0640,11396353
2023-02-02T20:00:00Z,25.0650,25.2790,24.0050,24.3150,8010117
2023-02-03T00:00:00Z,24.3200,24.5000,24.0000,24.3210,4546704
2023-02-03T04:00:00Z,24.3210,24.5300,24.2320,24.3070,2927212
2023-02-03T08:00:00Z,24.3090,24.5200,24.0800,24.4780,3321357
2023-02-03T12:00:00Z,24.4770,25.0720,23.9700,24.8460,10525026
2023-02-03T16:00:00Z,24.8460,25.0380,24.3540,24.3740,5431757
2023-02-03T20:00:00Z,24.3740,24.8150,24.2260,24.6830,3065344
2023-02-04T00:00:00Z,24.6830,24.8200,24.4180,24.4590,2041969
2023-02-04T04:00:00Z,24.4590,24.5280,24.2790,24.4980,1690193
2023-02-04T08:00:00Z,24.4990,24.5950,24.4050,24.5770,1616417
2023-02-04T12:00:00Z,24.5780,24.9430,24.5320,24.7050,3256831
2023-02-04T16:00:00Z,24.7070,24.8090,24.5060,24.6550,2624433
2023-02-04T20:00:00Z,24.6550,24.7510,24.1440,24.3180,2585589
2023-02-05T00:00:00Z,24.3180,24.4190,24.0210,24.2820,3032657
2023-02-05T04:00:00Z,24.2810,24.4600,24.2250,24.3350,1563968
2023-02-05T08:00:00Z,24.3370,24.4400,24.1300,24.1870,1928222
2023-02-05T12:00:00Z,24.1870,24.2200,23.1530,23.6180,8727731
2023-02-05T16:00:00Z,23.6170,23.6900,23.1700,23.3470,5562036
2023-02-05T20:00:00Z,23.3460,23.6620,23.0000,23.4640,3960485
2023-02-06T00:00:00Z,23.4650,23.7170,23.2270,23.3710,2389143
2023-02-06T04:00:00Z,23.3710,23.4550,22.8200,23.3450,3515947
2023-02-06T08:00:00Z,23.3450,23.3980,23.0400,23.3210,2584352
2023-02-06T12:00:00Z,23.3210,23.5070,22.8010,23.4770,6181605
2023-02-06T16:00:00Z,23.4760,23.6000,23.1430,23.3650,4773444
2023-02-06T20:00:00Z,23.3640,23.3640,22.4710,22.6350,4981090
2023-02-07T00:00:00Z,22.6370,23.1570,22.5260,23.0600,3187008
2023-02-07T04:00:00Z,23.0610,23.3460,23.0240,23.1950,2278421
2023-02-07T08:00:00Z,23.1960,23.4480,23.0800,23.3330,3037136
2023-02-07T12:00:00Z,23.3320,23.4160,22.9210,23.0100,3664314
2023-02-07T16:00:00Z,23.0100,23.8500,22.5500,23.2600,11326717
2023-02-07T20:00:00Z,23.2600,23.9530,23.1310,23.8170,4871253
2023-02-08T00:00:00Z,23.8170,24.2400,23.7840,23.8800,3870494
2023-02-08T04:00:00Z,23.8800,23.9700,23.5690,23.7580,2268638
2023-02-08T08:00:00Z,23.7580,23.7740,23.5200,23.7260,2282072
2023-02-08T12:00:00Z,23.7240,23.9620,23.2670,23.2850,6829044
2023-02-08T16:00:00Z,23.2850,23.4660,22.7810,23.0830,8048320
2023-02-08T20:00:00Z,23.0820,23.2650,22.8570,23.2100,2833771
2023-02-09T00:00:00Z,23.2090,23.3450,21.8350,22.3300,8436777
2023-02-09T04:00:00Z,22.3300,22.8880,22.1640,22.7540,4203085
2023-02-09T08:00:00Z,22.7530,22.9850,22.7160,22.7880,3429764
2023-02-09T12:00:00Z,22.7870,22.9700,22.5600,22.6460,5636375
2023-02-09T16:00:00Z,22.6470,22.6960,21.4220,21.8000,9722610
2023-02-09T20:00:00Z,21.7990,21.7990,19.9900,20.4820,12445193
2023-02-10T00:00:00Z,20.4820,20.8820,20.2650,20.7750,6131192
2023-02-10T04:00:00Z,20.7740,21.0750,20.4950,21.0720,5038302
2023-02-10T08:00:00Z,21.0710,21.1710,20.6000,20.6830,4815886
2023-02-10T12:00:00Z,20.6840,20.9890,20.4060,20.7060,7573207
2023-02-10T16:00:00Z,20.7050,20.9900,20.5020,20.8740,5485076
2023-02-10T20:00:00Z,20.8740,20.8980,19.6600,20.0880,8228599
2023-02-11T00:00:00Z,20.0870,20.4810,20.0780,20.3910,3090191
2023-02-11T04:00:00Z,20.3910,20.4070,20.2000,20.3250,1789301
2023-02-11T08:00:00Z,20.3250,20.3720,20.2130,20.3080,1557463
2023-02-11T12:00:00Z,20.3060,20.5990,20.2610,20.4960,3273044
2023-02-11T16:00:00Z,20.4950,20.5000,20.2400,20.3650,2102371
2023-02-11T20:00:00Z,20.3660,20.8880,20.3120,20.7820,2688245
2023-02-12T00:00:00Z,20.7830,20.7980,20.6040,20.6430,1526761
2023-02-12T04:00:00Z,20.6440,20.9990,20.6150,20.8200,1850872
2023-02-12T08:00:00Z,20.8190,21.0650,20.8090,21.0330,2693433
2023-02-12T12:00:00Z,21.0340,21.5870,20.7530,21.4090,5931997
2023-02-12T16:00:00Z,21.4100,22.5290,21.3590,22.0270,8146446
2023-02-12T20:00:00Z,22.0260,22.1940,21.0800,21.4830,7944772
2023-02-13T00:00:00Z,21.4840,21.5950,20.4480,20.9030,8323413
2023-02-13T04:00:00Z,20.9020,21.3120,20.8410,21.1590,4125387
2023-02-13T08:00:00Z,21.1590,21.1780,20.0300,20.4470,9423179
2023-02-13T12:00:00Z,20.4470,20.6960,20.3460,20.3530,5560155
2023-02-13T16:00:00Z,20.3540,20.5220,19.7200,20.4190,9225561
2023-02-13T20:00:00Z,20.4190,20.8400,20.2120,20.7480,4089155
2023-02-14T00:00:00Z,20.7480,21.0790,20.6390,20.8060,4127925
2023-02-14T04:00:00Z,20.8070,21.0800,20.7450,21.0330,2763538
2023-02-14T08:00:00Z,21.0330,21.6020,20.7500,21.3410,7044859
2023-02-14T12:00:00Z,21.3410,22.3730,20.8660,21.8880,20815541
2023-02-14T16:00:00Z,21.8890,22.0670,21.6240,22.0100,8694166
2023-02-14T20:00:00Z,22.0090,22.0500,21.5220,21.8360,4102983
2023-02-15T00:00:00Z,21.8360,21.9240,21.4430,21.5990,3224745
2023-02-15T04:00:00Z,21.5980,21.6710,21.4620,21.5170,2288352
2023-02-15T08:00:00Z,21.5180,22.2150,21.4480,22.0970,4594194
2023-02-15T12:00:00Z,22.0970,22.7450,22.0950,22.4110,9278176
2023-02-15T16:00:00Z,22.4110,23.0180,22.2540,22.9910,6859528
2023-02-15T20:00:00Z,22.9920,23.9960,22.9170,23.8620,10476896
2023-02-16T00:00:00Z,23.8620,24.1400,23.5500,23.8140,5716762
2023-02-16T04:00:00Z,23.8140,23.9970,23.5500,23.7280,3619041
2023-02-16T08:00:00Z,23.7270,23.9250,23.4940,23.5840,3062821
2023-02-16T12:00:00Z,23.5840,23.8800,23.0740,23.8600,8716084
2023-02-16T16:00:00Z,23.8600,24.1600,23.3590,23.6000,7992066
2023-02-16T20:00:00Z,23.5990,23.6190,22.2030,22.2570,9460919
2023-02-17T00:00:00Z,22.2570,22.7990,22.0240,22.6760,4211649
2023-02-17T04:00:00Z,22.6770,22.8180,22.5170,22.5380,2770403
2023-02-17T08:00:00Z,22.5380,22.7260,22.4610,22.5960,2623396
2023-02-17T12:00:00Z,22.5950,22.9860,22.4350,22.7860,6488861
2023-02-17T16:00:00Z,22.7830,23.4960,22.5750,23.4680,5730556
2023-02-17T20:00:00Z,23.4690,23.5580,22.7140,23.1460,5224712
2023-02-18T00:00:00Z,23.1470,23.6440,23.1440,23.3610,2631094
2023-02-18T04:00:00Z,23.3600,23.4990,23.1250,23.2320,1653869
2023-02-18T08:00:00Z,23.2320,23.2780,22.9310,23.0590,2469562
2023-02-18T12:00:00Z,23.0600,23.5690,23.0050,23.4280,2989646
2023-02-18T16:00:00Z,23.4290,23.9420,23.4060,23.4940,4369752
2023-02-18T20:00:00Z,23.4940,23.6900,23.2680,23.4640,2277440
2023-02-19T00:00:00Z,23.4640,23.6080,23.2070,23.3090,1895918
2023-02-19T04:00:00Z,23.3100,24.0300,23.2720,23.5440,3947990
2023-02-19T08:00:00Z,23.5440,23.7260,23.4690,23.6960,2480607
2023-02-19T12:00:00Z,23.6960,25.3270,23.6960,25.3000,11326291
2023-02-19T16:00:00Z,25.3000,25.4060,24.0000,24.6580,12401253
2023-02-19T20:00:00Z,24.6600,25.6800,24.0360,24.8530,10144825
2023-02-20T00:00:00Z,24.8510,26.3580,24.1000,26.1780,14235984
2023-02-20T04:00:00Z,26.1790,27.1500,25.8670,26.5060,14869260
2023-02-20T08:00:00Z,26.5050,26.7050,26.0510,26.3980,9111692
2023-02-20T12:00:00Z,26.3980,26.7360,26.1380,26.5630,8052774
2023-02-20T16:00:00Z,26.5630,26.6010,25.5550,26.3500,8670080
2023-02-20T20:00:00Z,26.3500,26.3920,25.9170,26.2910,4040270
2023-02-21T00:00:00Z,26.2900,26.6480,25.7950,26.1470,6841970
2023-02-21T04:00:00Z,26.1480,26.3340,25.7280,26.0430,4161790
2023-02-21T08:00:00Z,26.0430,26.2730,24.8990,25.0760,9911816
2023-02-21T12:00:00Z,25.0750,25.3970,24.7550,25.0650,6954462
2023-02-21T16:00:00Z,25.0660,25.5250,24.7040,25.2660,6380963
2023-02-21T20:00:00Z,25.2660,25.4950,24.5000,24.9830,5382800
2023-02-22T00:00:00Z,24.9830,25.2660,23.8200,24.4500,7797841
2023-02-22T04:00:00Z,24.4500,24.4880,23.4090,23.8100,6813652
2023-02-22T08:00:00Z,23.8100,23.8270,23.2000,23.5590,7107036
2023-02-22T12:00:00Z,23.5600,23.8000,23.2400,23.6550,7332623
2023-02-22T16:00:00Z,23.6530,24.1500,23.4000,23.7780,6900451
2023-02-22T20:00:00Z,23.7760,24.3360,23.4540,24.1450,4020923
2023-02-23T00:00:00Z,24.1440,24.6850,23.9500,24.4440,4760259
2023-02-23T04:00:00Z,24.4440,24.5660,24.2260,24.4770,2775324
2023-02-23T08:00:00Z,24.4780,24.6300,23.5900,23.7450,5271750
2023-02-23T12:00:00Z,23.7450,24.3830,23.5970,23.8650,6497571
2023-02-23T16:00:00Z,23.8640,24.0670,23.5940,24.0230,3802632
2023-02-23T20:00:00Z,24.0230,24.2080,23.6690,23.9090,2429408
2023-02-24T00:00:00Z,23.9090,24.1230,23.6740,23.7770,2819384
2023-02-24T04:00:00Z,23.7770,24.0980,23.7330,23.9730,2411351
2023-02-24T08:00:00Z,23.9730,24.0720,23.5000,23.7700,3240040
2023-02-24T12:00:00Z,23.7710,24.0200,22.8730,23.0350,7535871
2023-02-24T16:00:00Z,23.0350,23.0500,22.4830,23.0340,7610151
2023-02-24T20:00:00Z,23.0340,23.3420,22.4360,23.0600,3845132
2023-02-25T00:00:00Z,23.0580,23.3270,22.9170,22.9430,2243865
2023-02-25T04:00:00Z,22.9430,23.1710,22.8080,22.9500,2105761
2023-02-25T08:00:00Z,22.9490,23.0440,22.6080,22.7770,2967854
2023-02-25T12:00:00Z,22.7760,22.8020,21.9920,22.3310,5576754
2023-02-25T16:00:00Z,22.3300,22.4990,21.6030,21.8970,5293108
2023-02-25T20:00:00Z,21.8970,22.4870,21.4000,22.3590,5492301
2023-02-26T00:00:00Z,22.3600,22.7280,22.2010,22.6430,2517379
2023-02-26T04:00:00Z,22.6440,22.8340,22.4830,22.7910,1706531
2023-02-26T08:00:00Z,22.7900,22.9600,22.6120,22.8340,2325083
2023-02-26T12:00:00Z,22.8340,22.9610,22.5350,22.9220,3030579
2023-02-26T16:00:00Z,22.9220,23.3880,22.6720,23.3480,3878385
2023-02-26T20:00:00Z,23.3500,23.5200,22.9500,23.2380,3767111
2023-02-27T00:00:00Z,23.2380,23.2610,22.9650,23.0190,2223939
2023-02-27T04:00:00Z,23.0170,23.0380,22.7510,22.8730,2566525
2023-02-27T08:00:00Z,22.8730,22.9580,22.6120,22.7680,2691623
2023-02-27T12:00:00Z,22.7680,23.4000,22.6500,23.0500,6620233
2023-02-27T16:00:00Z,23.0490,23.1320,22.3090,22.5200,5089595
2023-02-27T20:00:00Z,22.5200,22.7890,22.3380,22.6650,2543900
2023-02-28T00:00:00Z,22.6650,22.7400,22.4100,22.6100,1959874
2023-02-28T04:00:00Z,22.6110,22.6120,22.0570,22.0790,2610011
2023-02-28T08:00:00Z,22.0800,22.3130,22.0380,22.1840,2366343
2023-02-28T12:00:00Z,22.1850,22.5960,22.1840,22.5290,3857321
2023-02-28T16:00:00Z,22.5280,22.6960,22.1520,22.1920,2993453
2023-02-28T20:00:00Z,22.1910,22.2430,21.7330,21.8750,4299844
2023-03-01T00:00:00Z,21.8770,22.3960,21.6390,22.3150,3289809
2023-03-01T04:00:00Z,22.3150,22.6700,22.2860,22.5790,2842760
2023-03-01T08:00:00Z,22.5800,22.9040,22.5240,22.6800,2899827
2023-03-01T12:00:00Z,22.6800,22.8570,22.5170,22.6590,3631334
2023-03-01T16:00:00Z,22.6590,22.6640,22.1010,22.1490,3104049
2023-03-01T20:00:00Z,22.1490,22.5420,22.1060,22.4990,2397464
2023-03-02T00:00:00Z,22.5020,22.6560,21.8850,22.0390,3115227
2023-03-02T04:00:00Z,22.0380,22.1720,21.8370,21.9720,1846141
2023-03-02T08:00:00Z,21.9710,22.0990,21.8840,22.0660,2023375
2023-03-02T12:00:00Z,22.0660,22.0850,21.6540,21.8210,4414537
2023-03-02T16:00:00Z,21.8190,22.1480,21.6890,22.0730,2694072
2023-03-02T20:00:00Z,22.0710,22.1450,21.9070,21.9910,1854247
2023-03-03T00:00:00Z,21.9910,22.0030,20.2910,20.8500,8586735
2023-03-03T04:00:00Z,20.8490,21.2370,20.8030,21.0490,2858168
2023-03-03T08:00:00Z,21.0480,21.2180,21.0470,21.1330,2049517
2023-03-03T12:00:00Z,21.1330,21.4410,20.9850,21.2560,4635621
2023-03-03T16:00:00Z,21.2550,21.4510,21.1500,21.4210,2590107
2023-03-03T20:00:00Z,21.4230,21.5330,21.1540,21.4040,2347478
2023-03-04T00:00:00Z,21.4050,21.6200,21.2870,21.3180,1761131
2023-03-04T04:00:00Z,21.3170,21.3640,21.0080,21.1630,1746069
2023-03-04T08:00:00Z,21.1630,21.2440,21.0660,21.1520,1178456
2023-03-04T12:00:00Z,21.1520,21.1870,20.9150,20.9480,1634829
2023-03-04T16:00:00Z,20.9500,21.0360,20.5650,20.6740,2193360
2023-03-04T20:00:00Z,20.6750,20.9920,20.1750,20.9770,4513585
2023-03-05T00:00:00Z,20.9760,21.7270,20.9170,21.3250,5850316
2023-03-05T04:00:00Z,21.3250,21.4380,21.2090,21.2950,1445299
2023-03-05T08:00:00Z,21.2950,21.3710,21.1310,21.1910,1604218
2023-03-05T12:00:00Z,21.1900,21.3490,21.1440,21.2620,2358144
2023-03-05T16:00:00Z,21.2610,21.3160,21.0000,21.0930,1802934
2023-03-05T20:00:00Z,21.0920,21.3340,20.8210,20.9600,2674369
2023-03-06T00:00:00Z,20.9600,21.0800,20.6500,20.9100,3258951
2023-03-06T04:00:00Z,20.9090,20.9480,20.5750,20.7430,1984417
2023-03-06T08:00:00Z,20.7430,20.7760,20.6000,20.6810,1811217
2023-03-06T12:00:00Z,20.6810,21.0820,20.5260,21.0440,3540215
2023-03-06T16:00:00Z,21.0440,21.1800,20.7350,20.7500,3185114
2023-03-06T20:00:00Z,20.7520,20.7600,20.4360,20.6220,2853747
2023-03-07T00:00:00Z,20.6210,20.9580,20.4240,20.7860,2679183
2023-03-07T04:00:00Z,20.7860,20.8460,20.6670,20.6950,1327577
2023-03-07T08:00:00Z,20.6960,20.7280,20.2510,20.3000,2934433
2023-03-07T12:00:00Z,20.3020,20.6400,19.8660,20.4100,8258841
2023-03-07T16:00:00Z,20.4110,20.4990,19.9200,20.0010,4849976
2023-03-07T20:00:00Z,20.0010,20.2770,19.6820,20.2330,4590334
2023-03-08T00:00:00Z,20.2330,20.3850,19.7810,19.9890,3129673
2023-03-08T04:00:00Z,19.9890,20.0510,19.1140,19.1810,5748407
2023-03-08T08:00:00Z,19.1800,19.5250,19.1410,19.3230,3564976
2023-03-08T12:00:00Z,19.3220,19.3770,18.6150,19.2120,11723561
2023-03-08T16:00:00Z,19.2120,19.3960,18.4560,18.6580,7594704
2023-03-08T20:00:00Z,18.6570,18.9500,18.1000,18.4130,8918489
2023-03-09T00:00:00Z,18.4120,18.6640,18.3490,18.5770,3871706
2023-03-09T04:00:00Z,18.5760,18.7730,18.4590,18.4850,3010880
2023-03-09T08:00:00Z,18.4840,18.6090,18.2240,18.5350,5101986
2023-03-09T12:00:00Z,18.5350,18.6770,18.1310,18.3490,8410464
2023-03-09T16:00:00Z,18.3500,18.3930,17.4540,17.7180,13156020
2023-03-09T20:00:00Z,17.7190,17.7330,16.6280,17.3180,14958370
2023-03-10T00:00:00Z,17.3170,17.3410,16.7700,17.1460,7613444
2023-03-10T04:00:00Z,17.1460,17.1830,16.5860,16.9770,6851064
2023-03-10T08:00:00Z,16.9770,17.0190,15.9930,16.6850,13044766
2023-03-10T12:00:00Z,16.6850,17.9190,16.5880,17.6480,20781670
2023-03-10T16:00:00Z,17.6470,17.9590,17.4100,17.7630,10192344
2023-03-10T20:00:00Z,17.7640,18.3440,17.4360,18.1500,7915820
2023-03-11T00:00:00Z,18.1510,18.8590,18.0190,18.1700,8837873
2023-03-11T04:00:00Z,18.1670,18.2610,16.9510,17.0530,9306581
2023-03-11T08:00:00Z,17.0540,17.7500,16.9270,17.3900,9249913
2023-03-11T12:00:00Z,17.3900,17.5190,17.0540,17.1310,5248641
2023-03-11T16:00:00Z,17.1320,17.9400,16.9700,17.9200,7261878
2023-03-11T20:00:00Z,17.9200,18.2000,17.8250,18.0610,5434307
2023-03-12T00:00:00Z,18.0590,18.1280,17.7730,17.9190,3274179
2023-03-12T04:00:00Z,17.9200,18.0850,17.7000,17.8290,2730340
2023-03-12T08:00:00Z,17.8300,18.2770,17.7860,18.1150,3585993
2023-03-12T12:00:00Z,18.1140,18.1320,17.7200,17.8270,4772408
2023-03-12T16:00:00Z,17.8270,18.8370,17.7590,18.3790,10132207
2023-03-12T20:00:00Z,18.3810,20.7000,18.3710,20.1930,14056338
2023-03-13T00:00:00Z,20.1930,20.5890,19.4510,19.5420,7690835
2023-03-13T04:00:00Z,19.5420,19.8350,19.5140,19.7260,3687533
2023-03-13T08:00:00Z,19.7260,19.7750,18.9000,19.2160,7220170
2023-03-13T12:00:00Z,19.2140,21.4180,18.8720,20.7170,19713620
2023-03-13T16:00:00Z,20.7170,20.9800,20.3210,20.5210,7410439
2023-03-13T20:00:00Z,20.5200,20.6340,20.1500,20.3990,3416303
2023-03-14T00:00:00Z,20.4030,20.4970,20.1460,20.4190,3858689
2023-03-14T04:00:00Z,20.4190,20.6780,19.9290,20.0060,4280929
2023-03-14T08:00:00Z,20.0060,20.2290,19.7580,20.1180,4705598
2023-03-14T12:00:00Z,20.1170,22.1520,20.0280,21.9240,18025622
2023-03-14T16:00:00Z,21.9230,22.0390,20.2800,20.9210,11545400
2023-03-14T20:00:00Z,20.9210,21.0530,20.2450,20.8700,6538578
2023-03-15T00:00:00Z,20.8690,21.2380,20.6010,21.0570,4466509
2023-03-15T04:00:00Z,21.0580,21.4730,20.9820,21.2360,4117076
2023-03-15T08:00:00Z,21.2340,21.2520,20.1790,20.5880,6517122
2023-03-15T12:00:00Z,20.5880,21.1730,19.0200,19.2370,14434631
2023-03-15T16:00:00Z,19.2370,19.4360,18.6330,19.0890,12146211
2023-03-15T20:00:00Z,19.0920,19.4730,18.9930,19.2400,4042051
2023-03-16T00:00:00Z,19.2390,19.4710,18.8690,19.3130,4155020
2023-03-16T04:00:00Z,19.3120,19.6170,19.0470,19.4960,4263821
2023-03-16T08:00:00Z,19.4950,19.8500,19.2500,19.6430,4895101
2023-03-16T12:00:00Z,19.6450,19.7100,19.0180,19.5720,6836698
2023-03-16T16:00:00Z,19.5740,19.9100,19.2650,19.7590,4770659
2023-03-16T20:00:00Z,19.7600,19.7680,19.2510,19.6620,3131659
2023-03-17T00:00:00Z,19.6620,20.2630,19.4050,19.9820,5029536
2023-03-17T04:00:00Z,19.9840,20.2590,19.8720,19.9920,3689382
2023-03-17T08:00:00Z,19.9920,20.7200,19.9120,20.6610,5093634
2023-03-17T12:00:00Z,20.6640,20.6760,19.8000,20.0250,6820411
2023-03-17T16:00:00Z,20.0250,20.6200,19.8950,20.5210,4591953
2023-03-17T20:00:00Z,20.5240,21.6960,20.2970,21.5980,8618345
2023-03-18T00:00:00Z,21.5980,23.0000,21.2660,22.6640,10591610
2023-03-18T04:00:00Z,22.6660,22.8790,22.1450,22.1970,3827729
2023-03-18T08:00:00Z,22.1960,22.5280,21.8020,22.5030,4458913
2023-03-18T12:00:00Z,22.5040,22.5340,21.4400,21.8400,6623015
2023-03-18T16:00:00Z,21.8410,22.4320,21.2300,21.9470,6326629
2023-03-18T20:00:00Z,21.9470,22.1910,21.0540,21.2130,4248851
2023-03-19T00:00:00Z,21.2120,21.8640,21.2090,21.8250,3041632
2023-03-19T04:00:00Z,21.8220,21.9300,21.3080,21.5610,2699590
2023-03-19T08:00:00Z,21.5620,21.7800,21.2330,21.7010,4111198
2023-03-19T12:00:00Z,21.7010,22.1340,21.4860,22.0000,4671413
2023-03-19T16:00:00Z,22.0010,22.4390,21.9710,22.1870,5738379
2023-03-19T20:00:00Z,22.1850,22.2990,21.6900,21.8640,5053901
2023-03-20T00:00:00Z,21.8640,23.0000,21.5870,21.7080,10138028
2023-03-20T04:00:00Z,21.7080,23.1860,21.3340,23.1060,9610646
2023-03-20T08:00:00Z,23.1050,23.6000,22.9090,23.3140,10327166
2023-03-20T12:00:00Z,23.3140,23.9100,22.9230,23.1560,11178416
2023-03-20T16:00:00Z,23.1570,23.4400,21.8200,22.1260,12719962
2023-03-20T20:00:00Z,22.1260,22.7800,22.0030,22.1210,5628962
2023-03-21T00:00:00Z,22.1210,22.7510,21.9960,22.4350,5829001
2023-03-21T04:00:00Z,22.4340,22.6370,21.6870,21.9200,4897111
2023-03-21T08:00:00Z,21.9200,22.5200,21.5160,22.4340,7257237
2023-03-21T12:00:00Z,22.4330,23.3330,22.3420,22.9090,9729825
2023-03-21T16:00:00Z,22.9090,23.2000,22.1070,22.5200,7135473
2023-03-21T20:00:00Z,22.5210,22.6670,22.2240,22.5260,3759526
2023-03-22T00:00:00Z,22.5230,22.5300,22.0010,22.3020,3174805
2023-03-22T04:00:00Z,22.2980,22.5490,22.2090,22.3070,2617917
2023-03-22T08:00:00Z,22.3080,22.7040,22.0950,22.4730,4466828
2023-03-22T12:00:00Z,22.4730,23.0940,22.3100,22.6240,5636181
2023-03-22T16:00:00Z,22.6250,22.9690,20.9180,21.0890,13499059
2023-03-22T20:00:00Z,21.0890,21.8370,20.9520,21.4040,6102326
2023-03-23T00:00:00Z,21.4030,21.5870,21.0800,21.2590,2849182
2023-03-23T04:00:00Z,21.2590,21.7230,21.1790,21.6910,2356528
2023-03-23T08:00:00Z,21.6900,21.7910,21.5580,21.7440,2583644
2023-03-23T12:00:00Z,21.7450,22.7450,21.3650,22.3920,7394329
2023-03-23T16:00:00Z,22.3920,22.7500,21.6950,22.0790,6800706
2023-03-23T20:00:00Z,22.0810,22.2460,21.8820,22.1570,2268501
2023-03-24T00:00:00Z,22.1580,22.2680,22.0080,22.0780,1552685
2023-03-24T04:00:00Z,22.0760,22.1350,21.8710,21.9850,1829185
2023-03-24T08:00:00Z,21.9830,22.0180,21.0010,21.4020,4421896
2023-03-24T12:00:00Z,21.3930,21.7510,20.9600,21.1810,5351791
2023-03-24T16:00:00Z,21.1800,21.3090,20.2600,20.7420,6529302
2023-03-24T20:00:00Z,20.7430,20.7910,20.3220,20.6490,3124306
2023-03-25T00:00:00Z,20.6490,20.8980,20.6060,20.7120,1609463
2023-03-25T04:00:00Z,20.7130,20.7980,20.4880,20.5980,1215344
2023-03-25T08:00:00Z,20.5980,20.6970,20.3900,20.6480,1719521
2023-03-25T12:00:00Z,20.6490,20.9660,20.5490,20.8580,2825495
2023-03-25T16:00:00Z,20.8590,20.9080,20.0740,20.1330,3197033
2023-03-25T20:00:00Z,20.1320,20.4430,20.1020,20.3940,1754363
2023-03-26T00:00:00Z,20.3950,20.7500,20.2700,20.6690,1652893
2023-03-26T04:00:00Z,20.6690,20.8730,20.6190,20.7610,1235711
2023-03-26T08:00:00Z,20.7610,20.9580,20.6880,20.8290,1943846
2023-03-26T12:00:00Z,20.8290,21.1270,20.7290,20.8020,2843750
2023-03-26T16:00:00Z,20.8020,21.0000,20.6350,20.9110,1769009
2023-03-26T20:00:00Z,20.9110,21.0900,20.7430,20.9310,1522137
2023-03-27T00:00:00Z,20.9290,20.9780,20.5500,20.6990,1883676
2023-03-27T04:00:00Z,20.6980,20.7330,20.3580,20.4350,2076367
2023-03-27T08:00:00Z,20.4360,20.6500,20.3350,20.6060,1957013
2023-03-27T12:00:00Z,20.6070,20.7070,19.2970,19.7650,6974865
2023-03-27T16:00:00Z,19.7650,19.9500,19.5790,19.6750,3678201
2023-03-27T20:00:00Z,19.6760,19.9390,19.5660,19.8870,2036635
2023-03-28T00:00:00Z,19.8870,19.9950,19.5950,19.7120,2157171
2023-03-28T04:00:00Z,19.7110,20.0690,19.7000,19.8700,2118921
2023-03-28T08:00:00Z,19.8690,20.1820,19.6000,20.0860,3009966
2023-03-28T12:00:00Z,20.0860,20.3890,19.8170,20.2310,4297393
2023-03-28T16:00:00Z,20.2300,20.8980,20.0210,20.6900,4753364
2023-03-28T20:00:00Z,20.6900,20.7380,20.2000,20.4390,2839498
2023-03-29T00:00:00Z,20.4400,20.8550,20.4120,20.6460,2163503
2023-03-29T04:00:00Z,20.6470,21.2870,20.6170,21.2020,3599698
2023-03-29T08:00:00Z,21.2020,21.5500,21.1010,21.2050,3417934
2023-03-29T12:00:00Z,21.2060,21.3430,20.9390,21.2260,3798993
2023-03-29T16:00:00Z,21.2260,21.2390,20.9390,21.1700,2195362
2023-03-29T20:00:00Z,21.1710,21.3210,20.8940,21.0860,2008248
2023-03-30T00:00:00Z,21.0870,21.6610,20.5000,21.0430,5914169
2023-03-30T04:00:00Z,21.0420,21.2150,20.8390,21.0070,2369318
2023-03-30T08:00:00Z,21.0080,21.0450,20.5000,20.6660,3245081
2023-03-30T12:00:00Z,20.6660,20.6960,20.3940,20.5210,3758436
2023-03-30T16:00:00Z,20.5210,20.5210,20.1290,20.4800,3771309
2023-03-30T20:00:00Z,20.4800,20.7080,20.3610,20.5430,1826492
2023-03-31T00:00:00Z,20.5420,20.7400,20.4250,20.5130,1991805
2023-03-31T04:00:00Z,20.5130,20.6120,20.0100,20.2880,2553768
2023-03-31T08:00:00Z,20.2890,20.4140,20.2070,20.3100,1845363
2023-03-31T12:00:00Z,20.3110,20.9850,20.2060,20.8580,4601785
2023-03-31T16:00:00Z,20.8570,21.0080,20.6800,20.9730,2536977
2023-03-31T20:00:00Z,20.9730,21.4860,20.8210,21.1610,2458680
2023-04-01T00:00:00Z,21.1600,21.3440,20.9070,21.0170,1945365
2023-04-01T04:00:00Z,21.0170,21.2720,20.8260,21.0070,1621252
2023-04-01T08:00:00Z,21.0080,21.1110,20.9160,21.0160,1308661
2023-04-01T12:00:00Z,21.0150,21.0900,20.8500,20.9520,1535379
2023-04-01T16:00:00Z,20.9540,21.0380,20.7300,20.9360,1681613
2023-04-01T20:00:00Z,20.9350,21.2240,20.9320,21.0790,1335628
2023-04-02T00:00:00Z,21.0790,21.1460,20.8680,21.0180,1031515
2023-04-02T04:00:00Z,21.0170,21.3060,20.9120,21.1700,1229103
2023-04-02T08:00:00Z,21.1710,21.2000,20.9580,20.9860,1105867
2023-04-02T12:00:00Z,20.9860,20.9960,20.4000,20.5700,3115645
2023-04-02T16:00:00Z,20.5710,20.6620,20.2010,20.3350,2189971
2023-04-02T20:00:00Z,20.3350,20.5700,20.2580,20.5090,1449075
2023-04-03T00:00:00Z,20.5090,20.5650,19.9370,20.0260,2588361
2023-04-03T04:00:00Z,20.0260,20.2580,19.9770,20.2540,1416632
2023-04-03T08:00:00Z,20.2540,20.5770,20.2380,20.3940,2677842
2023-04-03T12:00:00Z,20.3930,20.5990,20.0570,20.3060,2584610
2023-04-03T16:00:00Z,20.3060,20.9490,20.1340,20.8910,4310268
2023-04-03T20:00:00Z,20.8910,20.9890,20.0400,20.4440,4444032
2023-04-04T00:00:00Z,20.4450,20.5670,20.2730,20.4060,1296754
2023-04-04T04:00:00Z,20.4050,20.6330,20.3110,20.5150,1383610
2023-04-04T08:00:00Z,20.5170,21.0060,20.4550,20.9670,2858893
2023-04-04T12:00:00Z,20.9670,21.2690,20.6640,20.8510,3857345
2023-04-04T16:00:00Z,20.8500,21.0070,20.7430,20.9410,1628779
2023-04-04T20:00:00Z,20.9410,21.0840,20.8080,20.9050,1325474
2023-04-05T00:00:00Z,20.9040,21.3400,20.8200,21.1310,2688163
2023-04-05T04:00:00Z,21.1290,21.3000,21.1050,21.1870,1303441
2023-04-05T08:00:00Z,21.1880,21.2750,21.0680,21.1820,1175321
2023-04-05T12:00:00Z,21.1830,21.2470,20.5320,20.7930,4832375
2023-04-05T16:00:00Z,20.7940,20.9730,20.6250,20.9060,2124143
2023-04-05T20:00:00Z,20.9070,21.0440,20.8050,20.9570,1124058
2023-04-06T00:00:00Z,20.9570,20.9870,20.5080,20.8160,1857784
2023-04-06T04:00:00Z,20.8160,20.8250,20.6100,20.6280,997674
2023-04-06T08:00:00Z,20.6270,20.7470,20.3450,20.6790,2071602
2023-04-06T12:00:00Z,20.6790,20.8120,20.4450,20.7280,2160861
2023-04-06T16:00:00Z,20.7280,20.8600,20.6010,20.7050,1280668
2023-04-06T20:00:00Z,20.7050,20.7780,20.5110,20.6080,1106323
2023-04-07T00:00:00Z,20.6090,20.7710,20.3710,20.5460,1472203
2023-04-07T04:00:00Z,20.5450,20.5540,20.2180,20.2710,1585647
2023-04-07T08:00:00Z,20.2720,20.4300,20.1950,20.3100,1233625
2023-04-07T12:00:00Z,20.3100,20.6460,20.2630,20.5260,1652899
2023-04-07T16:00:00Z,20.5270,20.5620,20.4100,20.4800,769151
2023-04-07T20:00:00Z,20.4800,20.5220,20.3240,20.4330,777637
2023-04-08T00:00:00Z,20.4340,20.4850,20.2500,20.4720,923285
2023-04-08T04:00:00Z,20.4720,20.7260,20.4270,20.6010,1208342
2023-04-08T08:00:00Z,20.6000,20.6380,20.5190,20.5620,604156
2023-04-08T12:00:00Z,20.5610,20.5680,20.3070,20.4410,953935
2023-04-08T16:00:00Z,20.4400,20.4440,20.0500,20.1860,1696654
2023-04-08T20:00:00Z,20.1870,20.2260,19.8210,20.0250,1591875
2023-04-09T00:00:00Z,20.0240,20.2360,20.0050,20.0990,988711
2023-04-09T04:00:00Z,20.0980,20.2480,19.8470,20.0000,1282523
2023-04-09T08:00:00Z,19.9990,20.1900,19.9340,20.1800,855561
2023-04-09T12:00:00Z,20.1820,20.3200,20.0000,20.1120,1229986
2023-04-09T16:00:00Z,20.1120,20.4250,20.0540,20.2740,1634168
2023-04-09T20:00:00Z,20.2750,20.4390,20.1890,20.2780,1303184
2023-04-10T00:00:00Z,20.2770,20.3400,20.1100,20.2570,1007325
2023-04-10T04:00:00Z,20.2570,20.3420,20.1640,20.2390,605580
2023-04-10T08:00:00Z,20.2390,20.3730,20.2100,20.2760,811697
2023-04-10T12:00:00Z,20.2760,20.2950,20.0630,20.2100,1529605
2023-04-10T16:00:00Z,20.2110,20.7130,20.1610,20.6780,3113844
2023-04-10T20:00:00Z,20.6790,20.9500,20.5270,20.8930,2417108
2023-04-11T00:00:00Z,20.8920,21.2990,20.8190,21.2630,3163363
2023-04-11T04:00:00Z,21.2640,22.6880,21.2060,22.4680,12432111
2023-04-11T08:00:00Z,22.4680,22.6160,22.2070,22.2330,6595419
2023-04-11T12:00:00Z,22.2330,23.4910,22.1290,23.3060,17113553
2023-04-11T16:00:00Z,23.3060,23.7000,23.0250,23.4330,14667491
2023-04-11T20:00:00Z,23.4360,23.4920,22.8010,22.9990,8575863
2023-04-12T00:00:00Z,22.9990,23.5570,22.3110,22.5570,17501291
2023-04-12T04:00:00Z,22.5560,24.1000,22.5020,23.6830,16427397
2023-04-12T08:00:00Z,23.6830,23.9020,23.2680,23.4830,11290747
2023-04-12T12:00:00Z,23.4830,24.4920,23.2390,23.5920,25724545
2023-04-12T16:00:00Z,23.5910,24.3940,23.5220,23.8810,14903981
2023-04-12T20:00:00Z,23.8820,24.1700,23.6000,23.7980,6170423
2023-04-13T00:00:00Z,23.7980,24.1210,23.6350,23.9890,7454819
2023-04-13T04:00:00Z,23.9900,24.2900,23.8500,24.1090,6535091
2023-04-13T08:00:00Z,24.1090,24.6000,23.8970,24.3090,10411617
2023-04-13T12:00:00Z,24.3100,25.2900,24.2480,24.6120,14231741
2023-04-13T16:00:00Z,24.6110,24.8940,24.3740,24.7420,5349623
2023-04-13T20:00:00Z,24.7420,24.7890,24.3000,24.4240,3685615
2023-04-14T00:00:00Z,24.4230,25.3690,24.2000,25.0920,10824656
2023-04-14T04:00:00Z,25.0920,25.5000,24.8530,24.9140,7439961
2023-04-14T08:00:00Z,24.9150,25.1370,24.8100,25.0230,3848348
2023-04-14T12:00:00Z,25.0230,25.1000,23.8010,23.8450,10351031
2023-04-14T16:00:00Z,23.8450,24.7500,23.7250,24.5400,6788390
2023-04-14T20:00:00Z,24.5390,25.0000,24.4290,24.7210,3762709
2023-04-15T00:00:00Z,24.7200,24.8090,24.1510,24.2640,3189705
2023-04-15T04:00:00Z,24.2670,24.5160,24.0100,24.4130,2449592
2023-04-15T08:00:00Z,24.4130,24.5310,24.2200,24.3700,2308075
2023-04-15T12:00:00Z,24.3700,24.5300,24.1560,24.3510,2795202
2023-04-15T16:00:00Z,24.3500,24.4270,23.8470,24.0530,3466295
2023-04-15T20:00:00Z,24.0530,24.1590,23.8110,24.0570,2113761
2023-04-16T00:00:00Z,24.0570,24.5140,23.8240,24.3430,3345546
2023-04-16T04:00:00Z,24.3430,24.4700,24.2010,24.2600,1722417
2023-04-16T08:00:00Z,24.2600,24.3590,23.9640,24.0720,2080061
2023-04-16T12:00:00Z,24.0720,24.3840,24.0000,24.3260,2279938
2023-04-16T16:00:00Z,24.3260,24.8570,24.2100,24.5490,3562591
2023-04-16T20:00:00Z,24.5500,25.5380,24.3270,25.3520,8346791
2023-04-17T00:00:00Z,25.3520,26.0670,24.8000,25.8320,11044345
2023-04-17T04:00:00Z,25.8320,26.0000,25.1010,25.1450,5298929
2023-04-17T08:00:00Z,25.1450,25.3900,24.6810,24.9260,5571040
2023-04-17T12:00:00Z,24.9250,25.4800,24.3030,24.5430,10023796
2023-04-17T16:00:00Z,24.5430,24.9080,24.3530,24.7450,3792408
2023-04-17T20:00:00Z,24.7450,24.7980,24.4600,24.5900,1977245
2023-04-18T00:00:00Z,24.5900,24.6850,24.0000,24.4350,3795832
2023-04-18T04:00:00Z,24.4340,25.1670,24.3550,25.0970,4235019
2023-04-18T08:00:00Z,25.0990,25.4600,24.8660,25.3650,4476264
2023-04-18T12:00:00Z,25.3630,25.4140,24.8250,24.9440,4853388
2023-04-18T16:00:00Z,24.9430,25.0210,24.4280,24.6840,4048856
2023-04-18T20:00:00Z,24.6840,24.9270,24.5830,24.8290,2229218
2023-04-19T00:00:00Z,24.8290,24.9950,24.5340,24.6240,2038455
2023-04-19T04:00:00Z,24.6230,24.7850,24.2520,24.3580,3322487
2023-04-19T08:00:00Z,24.3580,24.3590,21.5170,23.1980,15683529
2023-04-19T12:00:00Z,23.1970,23.5500,22.9110,23.3250,5438177
2023-04-19T16:00:00Z,23.3260,23.4900,22.7940,22.9830,4594923
2023-04-19T20:00:00Z,22.9820,23.1590,22.1040,22.6550,5269033
2023-04-20T00:00:00Z,22.6540,23.0940,22.3550,22.8520,3780968
2023-04-20T04:00:00Z,22.8530,23.0670,22.5550,22.6070,3726485
2023-04-20T08:00:00Z,22.6060,22.8730,22.2100,22.3310,4133444
2023-04-20T12:00:00Z,22.3320,23.1800,22.0430,22.1140,7555913
2023-04-20T16:00:00Z,22.1160,22.4200,21.6000,21.7710,9135233
2023-04-20T20:00:00Z,21.7700,22.2900,21.6800,22.1840,2866776
2023-04-21T00:00:00Z,22.1850,22.4000,21.9680,22.2980,2683430
2023-04-21T04:00:00Z,22.2990,22.3460,21.8110,22.2530,3560482
2023-04-21T08:00:00Z,22.2530,22.3820,21.9170,22.0190,3262325
2023-04-21T12:00:00Z,22.0180,22.3000,21.7690,21.8660,4478892
2023-04-21T16:00:00Z,21.8660,21.9370,20.8090,21.2000,7384434
2023-04-21T20:00:00Z,21.1990,21.4200,20.9660,21.2470,3301903
2023-04-22T00:00:00Z,21.2460,21.3910,21.0330,21.3720,1719894
2023-04-22T04:00:00Z,21.3710,21.4890,21.2110,21.2700,1334065
2023-04-22T08:00:00Z,21.2700,21.3830,21.2000,21.3550,1168555
2023-04-22T12:00:00Z,21.3550,21.7210,21.3490,21.7200,2611891
2023-04-22T16:00:00Z,21.7210,21.9280,21.6080,21.7530,2780808
2023-04-22T20:00:00Z,21.7520,21.9900,21.6730,21.7820,1640413
2023-04-23T00:00:00Z,21.7830,21.7950,21.4200,21.7070,1946935
2023-04-23T04:00:00Z,21.7080,22.1450,21.6700,22.0690,2423441
2023-04-23T08:00:00Z,22.0720,22.2000,21.9100,22.1280,2884762
2023-04-23T12:00:00Z,22.1290,22.2450,21.4560,21.6410,4057111
2023-04-23T16:00:00Z,21.6400,21.6830,20.9000,21.1780,4950295
2023-04-23T20:00:00Z,21.1780,21.5480,21.0750,21.4610,2059139
2023-04-24T00:00:00Z,21.4610,22.0000,21.2500,21.7110,3537049
2023-04-24T04:00:00Z,21.7120,21.7740,21.1500,21.2810,2975283
2023-04-24T08:00:00Z,21.2810,21.7290,21.1190,21.7260,3320370
2023-04-24T12:00:00Z,21.7250,21.9790,21.2830,21.3430,4440695
2023-04-24T16:00:00Z,21.3440,21.5490,20.9740,21.3190,4176253
2023-04-24T20:00:00Z,21.3190,21.4650,21.2500,21.3730,1710869
2023-04-25T00:00:00Z,21.3770,21.4570,20.8000,20.8730,2994545
2023-04-25T04:00:00Z,20.8730,21.1440,20.8260,20.8790,2248575
2023-04-25T08:00:00Z,20.8780,21.0490,20.7140,20.9980,3520482
2023-04-25T12:00:00Z,20.9990,21.1630,20.7260,20.8610,4173884
2023-04-25T16:00:00Z,20.8610,21.2820,20.7540,21.1540,3826716
2023-04-25T20:00:00Z,21.1560,21.9590,21.1470,21.9240,4855943
2023-04-26T00:00:00Z,21.9230,22.0630,21.7220,21.7990,2271097
2023-04-26T04:00:00Z,21.7990,22.1780,21.7950,21.9140,2243414
2023-04-26T08:00:00Z,21.9150,22.6250,21.9090,22.4470,5093509
2023-04-26T12:00:00Z,22.4460,22.9770,22.4400,22.6690,6357500
2023-04-26T16:00:00Z,22.6700,22.8300,20.6870,21.0690,9059327
2023-04-26T20:00:00Z,21.0690,21.5160,20.2910,21.2560,9281386
2023-04-27T00:00:00Z,21.2560,22.0820,21.1550,21.6140,6355401
2023-04-27T04:00:00Z,21.6130,21.9930,21.5000,21.6600,2904797
2023-04-27T08:00:00Z,21.6590,21.7640,21.5110,21.6350,2453137
2023-04-27T12:00:00Z,21.6350,22.4450,21.2850,22.2400,6972700
2023-04-27T16:00:00Z,22.2410,22.5410,22.0140,22.3150,4674555
2023-04-27T20:00:00Z,22.3170,22.4860,22.0990,22.3260,3003613
2023-04-28T00:00:00Z,22.3250,22.6720,22.1820,22.3040,2707222
2023-04-28T04:00:00Z,22.3040,22.6600,22.2940,22.6010,2175217
2023-04-28T08:00:00Z,22.6010,22.8660,22.3270,22.4790,4028527
2023-04-28T12:00:00Z,22.4780,22.7430,22.1350,22.3720,5604548
2023-04-28T16:00:00Z,22.3720,23.4500,22.3650,23.2960,11556353
2023-04-28T20:00:00Z,23.2990,23.4980,23.1140,23.3310,3942612
2023-04-29T00:00:00Z,23.3300,23.4770,23.1880,23.2920,2754990
2023-04-29T04:00:00Z,23.2920,23.3970,23.1100,23.2560,1956045
2023-04-29T08:00:00Z,23.2570,23.3460,23.1640,23.2800,2436617
2023-04-29T12:00:00Z,23.2790,23.9010,23.2230,23.3440,6805737
2023-04-29T16:00:00Z,23.3440,23.3850,22.8300,23.2860,3602696
2023-04-29T20:00:00Z,23.2860,23.2910,22.9180,23.1750,2614729
2023-04-30T00:00:00Z,23.1750,23.1980,22.9610,23.1390,1701024
2023-04-30T04:00:00Z,23.1400,23.4760,23.0620,23.4120,2463816
2023-04-30T08:00:00Z,23.4130,23.7330,23.4090,23.4880,4091487
2023-04-30T12:00:00Z,23.4890,24.0000,23.3250,23.6650,5248241
2023-04-30T16:00:00Z,23.6670,23.8670,23.0210,23.1750,4885706
2023-04-30T20:00:00Z,23.1730,23.2230,22.6500,22.7290,3869367
2023-05-01T00:00:00Z,22.7280,22.8800,21.7400,22.1770,6405998
2023-05-01T04:00:00Z,22.1770,22.3630,21.9940,22.3130,2765823
2023-05-01T08:00:00Z,22.3120,22.3420,22.1370,22.2040,1989493
2023-05-01T12:00:00Z,22.2020,22.3020,21.7210,21.8720,5273341
2023-05-01T16:00:00Z,21.8730,21.9810,21.5060,21.7360,5285167
2023-05-01T20:00:00Z,21.7350,22.0640,21.5890,21.9390,2599581
2023-05-02T00:00:00Z,21.9390,22.0150,21.7260,21.8600,1833310
2023-05-02T04:00:00Z,21.8600,22.0000,21.7340,21.8910,1361526
2023-05-02T08:00:00Z,21.8900,21.9900,21.7800,21.9760,1905190
2023-05-02T12:00:00Z,21.9760,22.2920,21.7500,22.1780,5631251
2023-05-02T16:00:00Z,22.1760,22.3700,22.0860,22.2800,2517849
2023-05-02T20:00:00Z,22.2820,22.3300,22.1500,22.2440,1779097
2023-05-03T00:00:00Z,22.2430,22.2610,21.7430,21.8750,2862087
2023-05-03T04:00:00Z,21.8750,21.9970,21.5800,21.7360,3005389
2023-05-03T08:00:00Z,21.7350,21.8340,21.3260,21.3930,3153899
2023-05-03T12:00:00Z,21.3920,21.4830,21.2200,21.3180,5487145
2023-05-03T16:00:00Z,21.3180,21.7000,21.2530,21.3940,6697627
2023-05-03T20:00:00Z,21.3920,22.2970,21.3780,22.2270,5433398
2023-05-04T00:00:00Z,22.2270,22.4730,22.1280,22.2220,3757745
2023-05-04T04:00:00Z,22.2220,22.3380,22.0970,22.1080,2449260
2023-05-04T08:00:00Z,22.1080,22.4510,22.0800,22.2390,2906514
2023-05-04T12:00:00Z,22.2380,22.3180,21.7530,21.7960,5380844
2023-05-04T16:00:00Z,21.7970,21.9120,21.6100,21.7470,3394445
2023-05-04T20:00:00Z,21.7470,21.7870,21.6160,21.7260,1776446
2023-05-05T00:00:00Z,21.7260,22.1110,21.6600,21.8870,3468981
2023-05-05T04:00:00Z,21.8870,21.9970,21.6350,21.7760,2437688
2023-05-05T08:00:00Z,21.7760,22.0400,21.7610,22.0090,2058289
2023-05-05T12:00:00Z,22.0100,22.4810,21.5000,22.3090,7222022
2023-05-05T16:00:00Z,22.3080,22.9400,22.3080,22.8610,7824612
2023-05-05T20:00:00Z,22.8610,23.0730,22.7630,22.8130,3327235
2023-05-06T00:00:00Z,22.8130,23.2330,22.6310,22.7190,4801606
2023-05-06T04:00:00Z,22.7180,22.7950,22.5400,22.6290,2556618
2023-05-06T08:00:00Z,22.6300,22.6670,22.4200,22.6510,3117748
2023-05-06T12:00:00Z,22.6530,22.6800,21.5100,21.7630,8150489
2023-05-06T16:00:00Z,21.7630,22.1640,21.7190,21.9710,2972864
2023-05-06T20:00:00Z,21.9680,22.0110,21.8110,21.9080,1347988
2023-05-07T00:00:00Z,21.9090,22.0220,21.7000,21.8630,2192168
2023-05-07T04:00:00Z,21.8640,22.0630,21.8610,22.0420,1258393
2023-05-07T08:00:00Z,22.0430,22.2420,21.9230,22.0870,2287477
2023-05-07T12:00:00Z,22.0870,22.5470,22.0870,22.4460,3525008
2023-05-07T16:00:00Z,22.4460,22.7780,22.3750,22.4310,5060908
2023-05-07T20:00:00Z,22.4310,22.5500,21.6430,21.6590,4671039
2023-05-08T00:00:00Z,21.6590,21.8160,20.6000,21.2910,7353457
2023-05-08T04:00:00Z,21.2910,21.4220,20.8670,21.2110,3912874
2023-05-08T08:00:00Z,21.2110,21.3090,21.0280,21.2530,3947440
2023-05-08T12:00:00Z,21.2530,21.3860,21.0630,21.1440,4673133
2023-05-08T16:00:00Z,21.1450,21.1840,19.8380,20.3820,9264926
2023-05-08T20:00:00Z,20.3810,20.7370,20.3010,20.6150,3017550
2023-05-09T00:00:00Z,20.6160,20.7890,20.5000,20.6190,2325594
2023-05-09T04:00:00Z,20.6190,20.7060,20.4030,20.6720,2333570
2023-05-09T08:00:00Z,20.6730,20.8050,20.5040,20.7970,2474003
2023-05-09T12:00:00Z,20.7980,20.9810,20.4670,20.5380,4500256
2023-05-09T16:00:00Z,20.5390,20.8360,20.3990,20.6080,3601146
2023-05-09T20:00:00Z,20.6080,20.7220,20.4170,20.6480,1936524
2023-05-10T00:00:00Z,20.6490,20.8750,20.5960,20.6880,2124790
2023-05-10T04:00:00Z,20.6860,20.8100,20.5250,20.5390,1925885
2023-05-10T08:00:00Z,20.5390,20.7480,20.4700,20.7300,2161317
2023-05-10T12:00:00Z,20.7320,21.2940,20.6350,21.0740,7311993
2023-05-10T16:00:00Z,21.0740,21.1800,19.6260,20.9600,9129762
2023-05-10T20:00:00Z,20.9610,21.2840,20.7490,20.9090,4113157
2023-05-11T00:00:00Z,20.9090,20.9220,20.5110,20.5370,3017474
2023-05-11T04:00:00Z,20.5370,20.6850,20.5180,20.5820,2041369
2023-05-11T08:00:00Z,20.5810,20.6360,20.3000,20.4900,2703289
2023-05-11T12:00:00Z,20.4920,20.7800,19.8680,20.1510,7257843
2023-05-11T16:00:00Z,20.1510,20.1840,19.6500,19.9950,5802882
2023-05-11T20:00:00Z,19.9980,20.3130,19.9550,20.1630,2495101
2023-05-12T00:00:00Z,20.1640,20.2710,19.8160,19.9810,3175078
2023-05-12T04:00:00Z,19.9810,20.2080,19.7900,20.0820,3483725
2023-05-12T08:00:00Z,20.0830,20.3490,20.0440,20.2690,2459436
2023-05-12T12:00:00Z,20.2690,20.9310,20.2590,20.2820,4923659
2023-05-12T16:00:00Z,20.2830,20.5600,19.8900,20.4810,4722281
2023-05-12T20:00:00Z,20.4810,20.9380,20.4070,20.8980,3800213
2023-05-13T00:00:00Z,20.8980,21.1840,20.7920,21.1430,2940894
2023-05-13T04:00:00Z,21.1430,21.2340,20.9770,21.2050,2391333
2023-05-13T08:00:00Z,21.2050,21.2900,21.0230,21.0680,2044574
2023-05-13T12:00:00Z,21.0680,21.1300,20.7590,20.8580,2512708
2023-05-13T16:00:00Z,20.8560,21.1300,20.7790,20.9300,2432025
2023-05-13T20:00:00Z,20.9300,21.0100,20.8250,20.8320,1282835
2023-05-14T00:00:00Z,20.8320,20.9840,20.6110,20.9390,2791884
2023-05-14T04:00:00Z,20.9380,21.1790,20.9050,21.0820,1838978
2023-05-14T08:00:00Z,21.0850,21.1110,20.9370,20.9580,1209969
2023-05-14T12:00:00Z,20.9590,21.2900,20.8430,21.1710,2813563
2023-05-14T16:00:00Z,21.1710,21.1900,20.8510,20.9100,1788090
2023-05-14T20:00:00Z,20.9100,20.9780,20.8070,20.9170,1276658
2023-05-15T00:00:00Z,20.9150,21.2880,20.5890,21.2180,4525237
2023-05-15T04:00:00Z,21.2180,21.4970,21.0900,21.3800,3526158
2023-05-15T08:00:00Z,21.3800,21.5180,21.2550,21.2760,2277266
2023-05-15T12:00:00Z,21.2760,21.4460,21.1730,21.3700,2908023
2023-05-15T16:00:00Z,21.3710,21.4850,21.0950,21.1570,2833303
2023-05-15T20:00:00Z,21.1570,21.1590,20.9120,20.9710,2108700
2023-05-16T00:00:00Z,20.9710,21.1210,20.6470,20.8620,3079652
2023-05-16T04:00:00Z,20.8630,21.0600,20.7490,21.0330,1640441
2023-05-16T08:00:00Z,21.0320,21.1000,20.7960,20.8690,1825878
2023-05-16T12:00:00Z,20.8690,20.8910,20.6290,20.7730,3030261
2023-05-16T16:00:00Z,20.7740,20.8200,20.4540,20.4910,2633182
2023-05-16T20:00:00Z,20.4910,20.7320,20.4270,20.6690,2822412
2023-05-17T00:00:00Z,20.6690,21.0700,20.5730,20.9540,2951172
2023-05-17T04:00:00Z,20.9540,20.9950,20.5310,20.5570,2421081
2023-05-17T08:00:00Z,20.5570,20.6780,20.4510,20.5150,2752230
2023-05-17T12:00:00Z,20.5140,20.7250,20.4120,20.5820,3178227
2023-05-17T16:00:00Z,20.5820,21.1370,20.5320,21.0240,4946060
2023-05-17T20:00:00Z,21.0240,21.2000,20.9310,21.0470,2774626
2023-05-18T00:00:00Z,21.0480,21.0850,20.8660,21.0320,1901817
2023-05-18T04:00:00Z,21.0320,21.0450,20.7430,20.9180,2221204
2023-05-18T08:00:00Z,20.9170,20.9490,20.7360,20.8230,1918413
2023-05-18T12:00:00Z,20.8230,20.8310,20.4500,20.5120,3901397
2023-05-18T16:00:00Z,20.5120,20.5910,20.0530,20.3290,4812088
2023-05-18T20:00:00Z,20.3290,20.5110,20.2700,20.3290,1850377
2023-05-19T00:00:00Z,20.3290,20.4100,20.2710,20.3280,1307665
2023-05-19T04:00:00Z,20.3290,20.4650,20.2940,20.4220,1211000
2023-05-19T08:00:00Z,20.4230,20.5140,20.3620,20.4450,1199790
2023-05-19T12:00:00Z,20.4460,20.5860,20.2020,20.4030,3150308
2023-05-19T16:00:00Z,20.4030,20.5000,20.3080,20.3650,1643671
2023-05-19T20:00:00Z,20.3640,20.3930,20.3170,20.3430,807847
2023-05-20T00:00:00Z,20.3430,20.3580,20.1340,20.2700,1330881
2023-05-20T04:00:00Z,20.2700,20.2800,20.0580,20.1600,1322375
2023-05-20T08:00:00Z,20.1590,20.2420,20.1560,20.2060,836410
2023-05-20T12:00:00Z,20.2060,20.3110,20.1680,20.2680,903234
2023-05-20T16:00:00Z,20.2680,20.3460,20.1890,20.2800,1423436
2023-05-20T20:00:00Z,20.2810,20.3030,20.2050,20.2640,794787
2023-05-21T00:00:00Z,20.2650,20.3890,20.2140,20.2350,1139402
2023-05-21T04:00:00Z,20.2350,20.2900,20.2210,20.2800,589803
2023-05-21T08:00:00Z,20.2800,20.3300,20.0800,20.1370,1566329
2023-05-21T12:00:00Z,20.1360,20.1840,19.8000,19.9190,3339340
2023-05-21T16:00:00Z,19.9190,19.9950,19.8150,19.9750,2069978
2023-05-21T20:00:00Z,19.9760,20.0530,19.3000,19.6050,3892388
2023-05-22T00:00:00Z,19.6040,19.6670,19.2660,19.5280,2828159
2023-05-22T04:00:00Z,19.5280,19.7800,19.5160,19.6830,2075454
2023-05-22T08:00:00Z,19.6830,19.9150,19.6810,19.8650,2598007
2023-05-22T12:00:00Z,19.8650,20.0260,19.5610,19.6600,4029483
2023-05-22T16:00:00Z,19.6600,19.7580,19.5690,19.6820,2025691
2023-05-22T20:00:00Z,19.6830,19.7400,19.5010,19.5140,1650024
2023-05-23T00:00:00Z,19.5140,20.1700,19.4020,20.0380,4500449
2023-05-23T04:00:00Z,20.0380,20.0990,19.7100,19.8360,2861393
2023-05-23T08:00:00Z,19.8360,19.9270,19.7340,19.9150,1856980
2023-05-23T12:00:00Z,19.9160,20.0570,19.8000,19.9960,3299978
2023-05-23T16:00:00Z,19.9960,20.1450,19.8710,20.0230,3299213
2023-05-23T20:00:00Z,20.0240,20.1140,19.9710,20.0240,1644434
2023-05-24T00:00:00Z,20.0240,20.0680,19.4290,19.5450,4333581
2023-05-24T04:00:00Z,19.5460,19.5880,19.3600,19.4100,3698048
2023-05-24T08:00:00Z,19.4100,19.5520,19.3010,19.4130,2817320
2023-05-24T12:00:00Z,19.4120,19.4760,18.5300,19.1590,8689177
2023-05-24T16:00:00Z,19.1600,19.2880,19.0300,19.1860,3487847
2023-05-24T20:00:00Z,19.1850,19.3630,19.1380,19.2010,2152129
2023-05-25T00:00:00Z,19.2020,19.3920,18.7550,19.3570,3738988
2023-05-25T04:00:00Z,19.3570,19.4690,19.2600,19.2650,2089647
2023-05-25T08:00:00Z,19.2660,19.4160,19.2310,19.3790,1667973
2023-05-25T12:00:00Z,19.3790,19.6150,19.1780,19.2290,3256177
2023-05-25T16:00:00Z,19.2290,19.4290,19.1890,19.3130,2199920
2023-05-25T20:00:00Z,19.3130,19.3320,19.2030,19.2430,1110856
2023-05-26T00:00:00Z,19.2440,19.3610,19.1650,19.2810,1570946
2023-05-26T04:00:00Z,19.2820,19.3100,19.0750,19.3010,1896364
2023-05-26T08:00:00Z,19.3010,19.3500,19.2430,19.2920,1496359
2023-05-26T12:00:00Z,19.2940,19.5520,19.2050,19.4200,3081293
2023-05-26T16:00:00Z,19.4200,19.4840,19.2890,19.4590,1771894
2023-05-26T20:00:00Z,19.4590,19.4890,19.3420,19.3490,902817
2023-05-27T00:00:00Z,19.3500,19.4920,19.3240,19.4700,865856
2023-05-27T04:00:00Z,19.4710,19.6470,19.4370,19.5240,1421251
2023-05-27T08:00:00Z,19.5250,19.5390,19.4300,19.4760,990070
2023-05-27T12:00:00Z,19.4760,19.6080,19.4000,19.6040,1734563
2023-05-27T16:00:00Z,19.6050,19.6700,19.5100,19.6610,1678259
2023-05-27T20:00:00Z,19.6610,20.5350,19.6550,20.4150,6776106
2023-05-28T00:00:00Z,20.4150,20.8000,20.2790,20.4730,5190832
2023-05-28T04:00:00Z,20.4740,20.5450,20.4090,20.4790,1807481
2023-05-28T08:00:00Z,20.4800,20.6710,20.3900,20.5150,2514289
2023-05-28T12:00:00Z,20.5150,20.6730,20.4130,20.5010,2071507
2023-05-28T16:00:00Z,20.5010,20.9860,20.4610,20.7600,4076489
2023-05-28T20:00:00Z,20.7600,21.1870,20.7130,20.7970,4268806
2023-05-29T00:00:00Z,20.7980,20.9710,20.6160,20.7010,2844710
2023-05-29T04:00:00Z,20.7010,20.7720,20.5380,20.7290,2003804
2023-05-29T08:00:00Z,20.7290,20.7790,20.6020,20.7430,1384766
2023-05-29T12:00:00Z,20.7420,20.7810,20.4200,20.4810,2695106
2023-05-29T16:00:00Z,20.4810,20.5840,20.2650,20.4960,3952126
2023-05-29T20:00:00Z,20.4950,20.6900,20.4300,20.5750,1457078
2023-05-30T00:00:00Z,20.5750,21.1690,20.4550,20.8620,4203308
2023-05-30T04:00:00Z,20.8620,20.9160,20.6550,20.7380,2083483
2023-05-30T08:00:00Z,20.7380,21.3800,20.7380,21.2750,3856448
2023-05-30T12:00:00Z,21.2750,21.3780,20.8800,20.9570,5504460
2023-05-30T16:00:00Z,20.9560,21.3900,20.7920,21.3480,4308188
2023-05-30T20:00:00Z,21.3480,21.3900,21.1200,21.2440,1957075
2023-05-31T00:00:00Z,21.2450,21.3290,20.9410,21.0900,2043659
2023-05-31T04:00:00Z,21.0910,21.1320,20.4920,20.7090,4341341
2023-05-31T08:00:00Z,20.7110,20.8000,20.5190,20.6130,2267623
2023-05-31T12:00:00Z,20.6120,20.7010,20.3200,20.4730,3114667
2023-05-31T16:00:00Z,20.4740,20.7280,20.4450,20.6320,1756286
2023-05-31T20:00:00Z,20.6330,20.8300,20.6140,20.8090,1329729
2023-06-01T00:00:00Z,20.8100,20.9710,20.4110,20.6900,3062363
2023-06-01T04:00:00Z,20.6920,20.7380,20.5440,20.6110,1632299
2023-06-01T08:00:00Z,20.6110,20.7290,20.5810,20.7080,1318473
2023-06-01T12:00:00Z,20.7080,20.8950,20.6120,20.6860,2522363
2023-06-01T16:00:00Z,20.6870,20.8620,20.5000,20.6720,2687611
2023-06-01T20:00:00Z,20.6720,20.7160,20.3920,20.4860,1394640
2023-06-02T00:00:00Z,20.4860,20.7760,20.2890,20.7560,2228165
2023-06-02T04:00:00Z,20.7560,21.1370,20.7050,20.9880,2636865
2023-06-02T08:00:00Z,20.9870,21.2900,20.9840,21.2460,2271737
2023-06-02T12:00:00Z,21.2450,21.2870,20.9470,21.1860,3529561
2023-06-02T16:00:00Z,21.1850,21.3780,21.0630,21.2970,2032313
2023-06-02T20:00:00Z,21.2970,21.3590,21.1780,21.2470,1316728
2023-06-03T00:00:00Z,21.2460,21.3010,21.0670,21.1200,1035835
2023-06-03T04:00:00Z,21.1210,21.1810,21.0240,21.1720,1156993
2023-06-03T08:00:00Z,21.1720,21.2320,21.0810,21.1660,1098649
2023-06-03T12:00:00Z,21.1650,21.2460,21.0800,21.2380,1224329
2023-06-03T16:00:00Z,21.2390,21.3400,21.0260,21.0530,1770925
2023-06-03T20:00:00Z,21.0520,21.1860,20.9500,21.1830,995252
2023-06-04T00:00:00Z,21.1840,21.3080,21.0260,21.2540,1039754
2023-06-04T04:00:00Z,21.2540,21.8400,21.2150,21.6070,3250543
2023-06-04T08:00:00Z,21.6090,21.7240,21.4730,21.6940,1703342
2023-06-04T12:00:00Z,21.6940,22.1490,21.6750,22.0400,4590048
2023-06-04T16:00:00Z,22.0400,22.2970,21.8950,22.1860,3542092
2023-06-04T20:00:00Z,22.1870,22.2870,21.7700,21.8140,3269794
2023-06-05T00:00:00Z,21.8140,22.0470,21.5020,21.5310,3994402
2023-06-05T04:00:00Z,21.5310,21.6900,21.4040,21.6490,2931473
2023-06-05T08:00:00Z,21.6490,21.6820,21.4960,21.5930,1932910
2023-06-05T12:00:00Z,21.5930,21.5940,19.8500,19.9400,8304020
2023-06-05T16:00:00Z,19.9400,20.6140,19.1140,20.0170,12043829
2023-06-05T20:00:00Z,20.0170,20.1170,19.6530,19.9970,2435084
2023-06-06T00:00:00Z,19.9970,20.0200,19.6940,19.9800,1765016
2023-06-06T04:00:00Z,19.9820,20.1050,19.9010,20.0850,1776336
2023-06-06T08:00:00Z,20.0860,20.1120,19.8170,19.8740,1774138
2023-06-06T12:00:00Z,19.8750,20.1300,19.2290,19.9350,10121461
2023-06-06T16:00:00Z,19.9340,20.6540,19.9010,20.5690,5826287
2023-06-06T20:00:00Z,20.5730,20.6980,20.2210,20.3790,3188196
2023-06-07T00:00:00Z,20.3800,20.5230,20.0010,20.1450,2945438
2023-06-07T04:00:00Z,20.1440,20.2370,19.9550,19.9980,1512225
2023-06-07T08:00:00Z,19.9990,20.0920,19.5500,19.9370,3738086
2023-06-07T12:00:00Z,19.9380,19.9580,19.2100,19.3070,5946470
2023-06-07T16:00:00Z,19.3080,19.3080,18.5800,18.9630,7703938
2023-06-07T20:00:00Z,18.9640,18.9790,18.4990,18.6270,4071868
2023-06-08T00:00:00Z,18.6270,18.8700,18.2120,18.4580,3765564
2023-06-08T04:00:00Z,18.4570,18.7600,18.3760,18.6380,3361663
2023-06-08T08:00:00Z,18.6380,18.8130,18.5370,18.7660,2828344
2023-06-08T12:00:00Z,18.7670,18.9920,18.7000,18.8960,4442873
2023-06-08T16:00:00Z,18.8960,18.9110,18.5460,18.8470,2685836
2023-06-08T20:00:00Z,18.8460,19.1120,18.8060,18.8730,2317838
2023-06-09T00:00:00Z,18.8730,18.9100,18.5780,18.7550,2672788
2023-06-09T04:00:00Z,18.7540,18.7990,18.4580,18.5810,2376311
2023-06-09T08:00:00Z,18.5800,19.3780,18.5400,19.2580,4956689
2023-06-09T12:00:00Z,19.2580,19.3200,18.4700,18.6680,6855816
2023-06-09T16:00:00Z,18.6680,18.6690,17.1930,17.3820,14133484
2023-06-09T20:00:00Z,17.3830,17.7440,17.0950,17.3840,9572468
2023-06-10T00:00:00Z,17.3850,17.4180,15.9280,16.2800,18507576
2023-06-10T04:00:00Z,16.2790,16.4640,12.6000,14.3930,54682941
2023-06-10T08:00:00Z,14.3930,15.0860,14.2120,14.8950,17938818
2023-06-10T12:00:00Z,14.8940,14.9060,14.4000,14.7680,14133551
2023-06-10T16:00:00Z,14.7660,15.8640,14.5000,15.3140,24119724
2023-06-10T20:00:00Z,15.3140,15.8700,15.1770,15.6050,9328755
2023-06-11T00:00:00Z,15.6060,15.7770,15.3510,15.5470,6557323
2023-06-11T04:00:00Z,15.5470,15.7220,15.2490,15.3810,7056720
2023-06-11T08:00:00Z,15.3810,15.7040,15.2800,15.5180,7034725
2023-06-11T12:00:00Z,15.5170,15.6750,15.1010,15.2110,7453586
2023-06-11T16:00:00Z,15.2120,16.1800,15.1250,15.9770,11769272
2023-06-11T20:00:00Z,15.9770,16.1500,15.3480,15.5340,7735125
2023-06-12T00:00:00Z,15.5350,15.5940,14.9000,15.0860,9379674
2023-06-12T04:00:00Z,15.0870,15.3000,14.9760,15.0740,5679084
2023-06-12T08:00:00Z,15.0740,15.7030,15.0070,15.4010,8635198
2023-06-12T12:00:00Z,15.4020,15.4700,15.1250,15.1990,6274679
2023-06-12T16:00:00Z,15.1990,15.3210,14.7080,14.9500,10857811
2023-06-12T20:00:00Z,14.9490,15.3950,14.8920,15.1830,5869088
2023-06-13T00:00:00Z,15.1830,15.5230,14.9940,15.3310,6221065
2023-06-13T04:00:00Z,15.3300,15.5080,15.1150,15.4120,4436121
2023-06-13T08:00:00Z,15.4130,15.6910,15.3390,15.6280,7620495
2023-06-13T12:00:00Z,15.6290,16.0000,14.7510,14.7900,16220541
2023-06-13T16:00:00Z,14.7900,15.1650,14.7630,14.9560,6815239
2023-06-13T20:00:00Z,14.9560,15.0780,14.8500,15.0250,3872666
2023-06-14T00:00:00Z,15.0260,15.2900,14.9000,15.2270,4317319
2023-06-14T04:00:00Z,15.2270,15.2570,14.9900,15.0430,3811451
2023-06-14T08:00:00Z,15.0440,15.2400,15.0250,15.1950,3164269
2023-06-14T12:00:00Z,15.1950,15.2870,14.9800,15.0920,4606779
2023-06-14T16:00:00Z,15.0920,15.3720,14.8800,15.0770,9956070
2023-06-14T20:00:00Z,15.0780,15.1240,13.9700,14.4760,13135590
2023-06-15T00:00:00Z,14.4760,15.0890,14.3970,14.9150,5665469
2023-06-15T04:00:00Z,14.9150,14.9280,14.6190,14.8100,6220249
2023-06-15T08:00:00Z,14.8110,14.9140,14.4290,14.6580,7303014
2023-06-15T12:00:00Z,14.6580,14.8070,14.3460,14.4710,7484047
2023-06-15T16:00:00Z,14.4720,14.8120,14.1610,14.7520,10447937
2023-06-15T20:00:00Z,14.7520,15.0690,14.5870,14.7660,6189397
2023-06-16T00:00:00Z,14.7670,14.8640,14.6200,14.7880,2734947
2023-06-16T04:00:00Z,14.7890,14.9790,14.7710,14.8460,2761316
2023-06-16T08:00:00Z,14.8470,14.9430,14.5100,14.5610,4641214
2023-06-16T12:00:00Z,14.5600,15.0940,14.3150,15.0010,8838557
2023-06-16T16:00:00Z,15.0010,15.4750,14.8820,15.2700,8916375
2023-06-16T20:00:00Z,15.2710,15.4320,15.2140,15.3060,3195367
2023-06-17T00:00:00Z,15.3070,15.4200,15.1540,15.4160,2807174
2023-06-17T04:00:00Z,15.4170,16.2110,15.3540,15.8470,8654087
2023-06-17T08:00:00Z,15.8470,15.9360,15.7050,15.7610,3535066
2023-06-17T12:00:00Z,15.7620,15.9120,15.5450,15.6470,4244075
2023-06-17T16:00:00Z,15.6470,15.7850,15.6080,15.6460,2610706
2023-06-17T20:00:00Z,15.6450,15.7580,15.5770,15.6330,1845656
2023-06-18T00:00:00Z,15.6330,15.6530,15.4050,15.5770,2635494
2023-06-18T04:00:00Z,15.5760,15.6940,15.4660,15.5760,2572737
2023-06-18T08:00:00Z,15.5760,15.7400,15.4910,15.7130,2337558
2023-06-18T12:00:00Z,15.7130,15.7870,15.6020,15.7060,2419844
2023-06-18T16:00:00Z,15.7060,15.8420,15.6710,15.8040,1885112
2023-06-18T20:00:00Z,15.8040,15.8300,15.2500,15.4300,5204765
2023-06-19T00:00:00Z,15.4290,15.5810,15.3200,15.4840,2302426
2023-06-19T04:00:00Z,15.4840,15.5350,15.3890,15.4640,1879742
2023-06-19T08:00:00Z,15.4660,15.5630,15.4000,15.5520,1850471
2023-06-19T12:00:00Z,15.5510,15.6970,15.4420,15.5540,3891913
2023-06-19T16:00:00Z,15.5550,15.9890,15.4190,15.8490,8490297
2023-06-19T20:00:00Z,15.8490,16.1540,15.7810,16.1000,4278382
2023-06-20T00:00:00Z,16.1000,16.3160,16.0000,16.0210,5118271
2023-06-20T04:00:00Z,16.0200,16.1200,15.9030,15.9680,2454121
2023-06-20T08:00:00Z,15.9680,15.9750,15.7800,15.9150,2548530
2023-06-20T12:00:00Z,15.9150,16.0900,15.7150,15.9390,5538526
2023-06-20T16:00:00Z,15.9390,16.4970,15.8400,16.3450,9781154
2023-06-20T20:00:00Z,16.3440,16.6820,16.2640,16.6320,4876897
2023-06-21T00:00:00Z,16.6320,17.2210,16.5510,16.7550,7053044
2023-06-21T04:00:00Z,16.7550,16.9570,16.7020,16.8160,4147496
2023-06-21T08:00:00Z,16.8170,16.8800,16.6200,16.7760,3903055
2023-06-21T12:00:00Z,16.7750,17.0890,16.5110,16.8830,7028772
2023-06-21T16:00:00Z,16.8830,17.3070,16.8020,17.1220,8624089
2023-06-21T20:00:00Z,17.1240,17.3950,16.9540,17.2200,4524340
2023-06-22T00:00:00Z,17.2210,17.7370,17.1550,17.5250,4635445
2023-06-22T04:00:00Z,17.5240,17.5500,17.1300,17.3650,3545415
2023-06-22T08:00:00Z,17.3650,17.3930,16.5380,16.8440,6529193
2023-06-22T12:00:00Z,16.8440,17.1660,16.6210,16.8870,5914552
2023-06-22T16:00:00Z,16.8880,17.1030,16.7880,16.9290,3926797
2023-06-22T20:00:00Z,16.9290,16.9480,16.5600,16.6200,2897628
2023-06-23T00:00:00Z,16.6190,16.7900,16.5040,16.7760,2810558
2023-06-23T04:00:00Z,16.7770,16.8580,16.6740,16.7660,2160399
2023-06-23T08:00:00Z,16.7660,16.8330,16.5270,16.5850,3525300
2023-06-23T12:00:00Z,16.5840,17.0510,16.1290,16.9610,9850184
2023-06-23T16:00:00Z,16.9610,17.2900,16.8320,17.1130,9009858
2023-06-23T20:00:00Z,17.1130,17.5260,16.9050,17.1290,5993815
2023-06-24T00:00:00Z,17.1290,17.5350,17.0330,17.3600,5223593
2023-06-24T04:00:00Z,17.3600,17.4170,17.0050,17.0640,2693199
2023-06-24T08:00:00Z,17.0600,17.3160,17.0550,17.2000,2310579
2023-06-24T12:00:00Z,17.2010,17.3880,16.4000,16.6140,6157290
2023-06-24T16:00:00Z,16.6120,16.7850,16.3760,16.6770,4405161
2023-06-24T20:00:00Z,16.6760,16.6870,16.3200,16.6340,2507746
2023-06-25T00:00:00Z,16.6330,16.9850,16.5550,16.9740,2745772
2023-06-25T04:00:00Z,16.9760,17.3600,16.9180,17.2600,4595824
2023-06-25T08:00:00Z,17.2620,17.3760,16.9960,17.2390,3912880
2023-06-25T12:00:00Z,17.2380,17.2920,16.7500,17.1040,5154083
2023-06-25T16:00:00Z,17.1030,17.2740,16.8740,16.9780,4153850
2023-06-25T20:00:00Z,16.9790,17.0990,16.7810,16.9470,2360435
2023-06-26T00:00:00Z,16.9490,16.9570,16.5140,16.7420,4129542
2023-06-26T04:00:00Z,16.7410,17.0540,16.5970,16.9200,3195271
2023-06-26T08:00:00Z,16.9190,16.9700,16.7070,16.9180,3151315
2023-06-26T12:00:00Z,16.9180,17.1150,16.7250,16.8130,4473619
2023-06-26T16:00:00Z,16.8120,16.8120,16.0720,16.2990,7049885
2023-06-26T20:00:00Z,16.2990,16.3220,15.8880,16.2640,4130990
2023-06-27T00:00:00Z,16.2650,16.4880,16.1210,16.4820,3161718
2023-06-27T04:00:00Z,16.4820,16.7330,16.3400,16.7330,3169735
2023-06-27T08:00:00Z,16.7320,16.7700,16.5000,16.6820,3359419
2023-06-27T12:00:00Z,16.6810,16.8300,16.3210,16.3920,5171175
2023-06-27T16:00:00Z,16.3920,16.8150,16.3320,16.7160,3530295
2023-06-27T20:00:00Z,16.7160,16.9380,16.4820,16.6210,4174581
2023-06-28T00:00:00Z,16.6240,16.6490,16.1120,16.3930,5806684
2023-06-28T04:00:00Z,16.3930,16.3930,15.7440,15.9560,5754011
2023-06-28T08:00:00Z,15.9550,16.2200,15.8990,16.1980,2924096
2023-06-28T12:00:00Z,16.1970,16.5230,16.0740,16.3190,6083770
2023-06-28T16:00:00Z,16.3190,16.3980,15.4730,15.8930,6475846
2023-06-28T20:00:00Z,15.8930,16.0900,15.7650,15.9670,3349862
2023-06-29T00:00:00Z,15.9680,16.1940,15.8570,16.0290,2861603
2023-06-29T04:00:00Z,16.0290,16.3460,15.9930,16.2490,2910538
2023-06-29T08:00:00Z,16.2500,18.2830,16.2340,18.0440,25842010
2023-06-29T12:00:00Z,18.0450,18.2320,17.2500,17.6640,19738844
2023-06-29T16:00:00Z,17.6630,17.8050,17.5100,17.7250,8947591
2023-06-29T20:00:00Z,17.7200,18.0680,17.4260,17.9880,8216860
2023-06-30T00:00:00Z,17.9880,19.0850,17.8500,18.9510,21908987
2023-06-30T04:00:00Z,18.9500,19.0610,18.4030,18.7820,12197600
2023-06-30T08:00:00Z,18.7810,19.0190,18.5720,18.8650,8746394
2023-06-30T12:00:00Z,18.8650,19.6000,16.9910,18.2700,26301207
2023-06-30T16:00:00Z,18.2700,20.0380,18.1520,19.0910,19675213
2023-06-30T20:00:00Z,19.0900,19.3480,18.8230,18.8580,5205974
2023-07-01T00:00:00Z,18.8580,19.0080,18.1550,18.3060,7494772
2023-07-01T04:00:00Z,18.3070,18.4670,17.9000,18.4300,7403708
2023-07-01T08:00:00Z,18.4310,18.4980,18.1860,18.3280,4749766
2023-07-01T12:00:00Z,18.3280,18.5550,18.2410,18.4220,4240507
2023-07-01T16:00:00Z,18.4220,18.4790,18.2480,18.3190,2663769
2023-07-01T20:00:00Z,18.3200,18.7290,18.3190,18.6770,2118619
2023-07-02T00:00:00Z,18.6760,18.9140,18.4340,18.7640,7602011
2023-07-02T04:00:00Z,18.7640,19.4910,18.5450,19.2090,9421458
2023-07-02T08:00:00Z,19.2080,19.4040,18.9970,19.0330,6013938
2023-07-02T12:00:00Z,19.0340,19.4000,18.8500,19.2820,8745724
2023-07-02T16:00:00Z,19.2820,19.4940,19.0680,19.3600,6716607
2023-07-02T20:00:00Z,19.3600,19.7500,19.2240,19.4530,5507871
2023-07-03T00:00:00Z,19.4540,19.6580,19.1660,19.5700,4107296
2023-07-03T04:00:00Z,19.5710,19.5760,19.2140,19.4290,3281752
2023-07-03T08:00:00Z,19.4290,19.4990,19.3000,19.4650,3290725
2023-07-03T12:00:00Z,19.4660,19.4960,18.9310,19.2800,7543544
2023-07-03T16:00:00Z,19.2820,19.3470,19.0110,19.2740,4472614
2023-07-03T20:00:00Z,19.2750,19.3120,18.8500,19.2510,4060683
2023-07-04T00:00:00Z,19.2520,19.4980,19.2110,19.2850,3880931
2023-07-04T04:00:00Z,19.2860,19.3100,19.0500,19.0910,2881735
2023-07-04T08:00:00Z,19.0900,19.2520,19.0610,19.2390,2625908
2023-07-04T12:00:00Z,19.2400,19.9500,19.2040,19.8510,8744274
2023-07-04T16:00:00Z,19.8510,19.8630,19.2570,19.4980,7419061
2023-07-04T20:00:00Z,19.4980,19.5760,19.0870,19.1300,3185731
2023-07-05T00:00:00Z,19.1300,19.2950,19.0960,19.2840,2293589
2023-07-05T04:00:00Z,19.2840,19.3750,19.1880,19.3090,2093864
2023-07-05T08:00:00Z,19.3100,19.3220,18.1510,18.6950,7475477
2023-07-05T12:00:00Z,18.6950,18.8910,18.4300,18.5750,5803724
2023-07-05T16:00:00Z,18.5750,18.8770,18.5010,18.5900,3376562
2023-07-05T20:00:00Z,18.5900,19.0240,18.5280,18.9810,2457781
2023-07-06T00:00:00Z,18.9820,19.7500,18.9360,19.4540,9020959
2023-07-06T04:00:00Z,19.4550,19.7400,19.3280,19.5860,5376305
2023-07-06T08:00:00Z,19.5850,20.3500,19.5360,19.8900,12791561
2023-07-06T12:00:00Z,19.8880,19.9120,18.8030,19.6890,18437269
2023-07-06T16:00:00Z,19.6890,20.9500,19.4880,20.8850,20928931
2023-07-06T20:00:00Z,20.8840,20.9800,19.5500,19.5920,15094383
2023-07-07T00:00:00Z,19.5920,20.5320,19.4050,20.1970,12602542
2023-07-07T04:00:00Z,20.1960,20.2870,19.2850,19.4360,10585261
2023-07-07T08:00:00Z,19.4360,20.3590,19.2590,20.1490,12554396
2023-07-07T12:00:00Z,20.1500,21.7400,20.1500,21.2130,32488245
2023-07-07T16:00:00Z,21.2140,21.5390,21.0200,21.4180,15803328
2023-07-07T20:00:00Z,21.4170,21.9820,21.1150,21.4840,9100890
2023-07-08T00:00:00Z,21.4850,21.9990,21.4060,21.6810,11119883
2023-07-08T04:00:00Z,21.6820,22.2340,21.3150,21.9710,10674846
2023-07-08T08:00:00Z,21.9720,22.4680,21.8000,21.9290,19738763
2023-07-08T12:00:00Z,21.9290,21.9920,21.3620,21.5180,11635615
2023-07-08T16:00:00Z,21.5180,22.0000,21.3790,21.6160,10969631
2023-07-08T20:00:00Z,21.6170,21.9900,21.4000,21.8070,5761259
2023-07-09T00:00:00Z,21.8070,22.3920,21.5130,21.6630,10387202
2023-07-09T04:00:00Z,21.6630,21.8720,21.3750,21.5460,5855693
2023-07-09T08:00:00Z,21.5460,21.8940,21.4800,21.5960,5917487
2023-07-09T12:00:00Z,21.5960,21.8390,21.0830,21.2500,10226547
2023-07-09T16:00:00Z,21.2500,21.3930,21.1600,21.2830,4035117
2023-07-09T20:00:00Z,21.2840,21.4670,21.0000,21.3140,5068367
2023-07-10T00:00:00Z,21.3150,21.3620,20.7630,21.2440,9124232
2023-07-10T04:00:00Z,21.2450,21.2700,20.5420,20.7230,6259232
2023-07-10T08:00:00Z,20.7240,20.8730,20.4340,20.7810,8089943
2023-07-10T12:00:00Z,20.7810,21.3000,20.6560,21.1380,8472737
2023-07-10T16:00:00Z,21.1380,21.6190,20.9070,21.5680,8196998
2023-07-10T20:00:00Z,21.5680,21.7880,21.0620,21.2860,10620106
2023-07-11T00:00:00Z,21.2860,21.7930,21.1870,21.7250,6919653
2023-07-11T04:00:00Z,21.7260,22.2800,21.6860,22.1000,9490862
2023-07-11T08:00:00Z,22.1000,22.1460,21.8240,22.0330,6822538
2023-07-11T12:00:00Z,22.0310,22.3800,21.8590,22.1380,14691577
2023-07-11T16:00:00Z,22.1390,22.1880,21.8830,21.9630,6164216
2023-07-11T20:00:00Z,21.9640,22.0980,21.7180,22.0500,4508118
2023-07-12T00:00:00Z,22.0490,22.2720,21.8880,21.9030,5307391
2023-07-12T04:00:00Z,21.9030,22.1500,21.8430,22.0130,4244327
2023-07-12T08:00:00Z,22.0120,22.1740,21.9270,22.1110,3851505
2023-07-12T12:00:00Z,22.1110,23.0590,21.9700,22.4030,19518327
2023-07-12T16:00:00Z,22.4030,22.4560,21.7380,21.8400,9229233
2023-07-12T20:00:00Z,21.8400,22.1280,21.7560,21.9280,4596036
2023-07-13T00:00:00Z,21.9280,22.0160,21.5370,21.6480,6048645
2023-07-13T04:00:00Z,21.6490,21.9400,21.3490,21.7510,6883093
2023-07-13T08:00:00Z,21.7500,22.5010,21.7110,22.4060,8561156
2023-07-13T12:00:00Z,22.4070,25.7670,22.0340,24.0940,26405299
2023-07-13T16:00:00Z,24.0940,26.8870,24.0930,26.2140,40172861
2023-07-13T20:00:00Z,26.2130,26.2340,25.3650,26.0180,10369197
2023-07-14T00:00:00Z,26.0180,33.5790,25.6160,28.5710,37078777
2023-07-14T04:00:00Z,28.5710,28.9440,28.2550,28.7400,11171026
2023-07-14T08:00:00Z,28.7380,29.8000,27.6540,28.0770,17757070
2023-07-14T12:00:00Z,28.0770,28.3690,27.3860,28.1910,11881359
2023-07-14T16:00:00Z,28.1910,28.2700,25.5250,26.0790,22978288
2023-07-14T20:00:00Z,26.0780,26.9080,25.2200,26.6710,12404066
2023-07-15T00:00:00Z,26.6700,27.9700,26.4240,27.1550,14886333
2023-07-15T04:00:00Z,27.1550,28.9370,27.1120,28.7170,13087000
2023-07-15T08:00:00Z,28.7170,29.1110,28.4460,28.9320,12238110
2023-07-15T12:00:00Z,28.9300,29.0430,27.2580,27.5610,13457597
2023-07-15T16:00:00Z,27.5600,28.2000,27.0400,27.8860,11579015
2023-07-15T20:00:00Z,27.8860,27.8970,27.2050,27.4590,6082057
2023-07-16T00:00:00Z,27.4600,27.9440,26.3790,27.0180,11972525
2023-07-16T04:00:00Z,27.0190,27.9420,27.0140,27.6980,6059381
2023-07-16T08:00:00Z,27.6970,28.3410,27.6430,28.0620,7689684
2023-07-16T12:00:00Z,28.0660,28.7080,27.9000,28.0990,8957912
2023-07-16T16:00:00Z,28.0970,28.1340,27.3000,27.3600,6452481
2023-07-16T20:00:00Z,27.3590,27.7700,27.0600,27.4040,5887738
2023-07-17T00:00:00Z,27.4030,28.4370,27.2170,28.0120,8451195
2023-07-17T04:00:00Z,28.0120,28.4880,27.3740,27.6340,6611058
2023-07-17T08:00:00Z,27.6340,27.6360,26.5000,27.1250,11133183
2023-07-17T12:00:00Z,27.1250,27.3860,26.3920,27.0090,10318470
2023-07-17T16:00:00Z,27.0090,27.2590,25.5000,26.1670,15345908
2023-07-17T20:00:00Z,26.1680,26.9790,26.1430,26.7900,7683818
2023-07-18T00:00:00Z,26.7900,27.0980,26.4280,26.5550,5136064
2023-07-18T04:00:00Z,26.5560,26.6150,25.6560,25.7160,6938052
2023-07-18T08:00:00Z,25.7150,26.1250,24.8200,25.0180,13696624
2023-07-18T12:00:00Z,25.0190,25.7000,24.7510,25.5120,13140203
2023-07-18T16:00:00Z,25.5120,25.7900,24.8000,25.2920,9847564
2023-07-18T20:00:00Z,25.2910,25.5720,25.0250,25.5440,4412441
2023-07-19T00:00:00Z,25.5430,26.5890,25.3400,26.3960,8119412
2023-07-19T04:00:00Z,26.3970,26.5200,26.0610,26.1990,5360304
2023-07-19T08:00:00Z,26.1990,26.4990,25.6700,26.4730,6936810
2023-07-19T12:00:00Z,26.4730,26.7330,25.8200,26.3460,10648150
2023-07-19T16:00:00Z,26.3460,26.9030,26.1730,26.7560,9129223
2023-07-19T20:00:00Z,26.7570,26.9840,26.2360,26.2980,6067089
2023-07-20T00:00:00Z,26.3000,26.8070,26.1220,26.4840,4442812
2023-07-20T04:00:00Z,26.4830,26.9420,26.2880,26.8540,5064682
2023-07-20T08:00:00Z,26.8540,27.3860,26.7910,27.1430,7073514
2023-07-20T12:00:00Z,27.1430,27.2340,25.5600,25.6730,11836802
2023-07-20T16:00:00Z,25.6730,25.7580,25.1730,25.3910,7938902
2023-07-20T20:00:00Z,25.3920,25.6630,25.0000,25.3650,4868167
2023-07-21T00:00:00Z,25.3650,25.6180,25.0650,25.4710,4926029
2023-07-21T04:00:00Z,25.4710,25.4900,25.1000,25.1680,3932958
2023-07-21T08:00:00Z,25.1680,25.4720,25.0290,25.2680,4744626
2023-07-21T12:00:00Z,25.2690,25.5980,25.2330,25.2920,6765656
2023-07-21T16:00:00Z,25.2930,25.9960,25.1580,25.7820,7607389
2023-07-21T20:00:00Z,25.7830,25.8940,25.4360,25.4930,3651719
2023-07-22T00:00:00Z,25.4940,25.9650,25.4370,25.8310,3369367
2023-07-22T04:00:00Z,25.8300,25.8570,25.5720,25.7630,2465593
2023-07-22T08:00:00Z,25.7620,25.8860,25.3710,25.5940,3561883
2023-07-22T12:00:00Z,25.5940,25.7500,25.4920,25.6790,2557752
2023-07-22T16:00:00Z,25.6800,25.7320,25.1860,25.2860,3649726
2023-07-22T20:00:00Z,25.2850,25.3720,23.9500,24.5120,6799456
2023-07-23T00:00:00Z,24.5120,24.7950,24.1280,24.6970,4448562
2023-07-23T04:00:00Z,24.6970,24.8960,24.6140,24.6770,2985251
2023-07-23T08:00:00Z,24.6790,24.8440,24.6160,24.6540,2228408
2023-07-23T12:00:00Z,24.6530,24.7030,24.5040,24.6740,2380341
2023-07-23T16:00:00Z,24.6740,25.2490,24.6700,24.8910,5535155
2023-07-23T20:00:00Z,24.8910,24.9920,24.5110,24.7520,2951298
2023-07-24T00:00:00Z,24.7520,24.8320,24.2100,24.3290,3864319
2023-07-24T04:00:00Z,24.3300,24.6790,24.0470,24.5690,3502882
2023-07-24T08:00:00Z,24.5690,24.6260,22.7600,23.6170,9028132
2023-07-24T12:00:00Z,23.6160,23.6690,22.8140,23.2060,8879254
2023-07-24T16:00:00Z,23.2040,23.5000,23.0490,23.2920,4940664
2023-07-24T20:00:00Z,23.2910,23.5950,23.2260,23.3540,2919919
2023-07-25T00:00:00Z,23.3530,23.5150,23.1250,23.3640,3036510
2023-07-25T04:00:00Z,23.3640,23.3790,22.9440,23.0850,3178372
2023-07-25T08:00:00Z,23.0840,23.3900,23.0170,23.1670,3512210
2023-07-25T12:00:00Z,23.1660,23.5800,22.7000,23.1930,8768101
2023-07-25T16:00:00Z,23.1920,23.4600,23.0630,23.1560,4136052
2023-07-25T20:00:00Z,23.1550,23.3520,23.1040,23.2640,2227915
2023-07-26T00:00:00Z,23.2640,23.6870,23.1580,23.4990,4829362
2023-07-26T04:00:00Z,23.4990,23.6190,23.3500,23.4610,2934862
2023-07-26T08:00:00Z,23.4600,23.9700,23.4280,23.8120,5581654
2023-07-26T12:00:00Z,23.8110,24.9850,23.7960,24.8930,13843022
2023-07-26T16:00:00Z,24.8930,25.7220,24.4950,25.3600,17377480
2023-07-26T20:00:00Z,25.3590,25.5880,25.0500,25.1630,7506068
2023-07-27T00:00:00Z,25.1640,25.5000,24.6500,24.9140,8117862
2023-07-27T04:00:00Z,24.9130,25.3400,24.9130,25.0000,4710994
2023-07-27T08:00:00Z,24.9950,25.4810,24.9120,25.3780,5851123
2023-07-27T12:00:00Z,25.3780,25.6540,25.0250,25.1420,10280873
2023-07-27T16:00:00Z,25.1450,25.3270,24.7000,24.9380,7555079
2023-07-27T20:00:00Z,24.9390,25.2370,24.7480,25.0800,3646112
2023-07-28T00:00:00Z,25.0790,25.3950,24.8030,24.9200,3733182
2023-07-28T04:00:00Z,24.9200,25.0130,24.5410,24.6170,3990162
2023-07-28T08:00:00Z,24.6150,24.8330,24.5180,24.6300,3369337
2023-07-28T12:00:00Z,24.6300,25.5550,24.6250,25.2170,8374406
2023-07-28T16:00:00Z,25.2180,25.4110,24.8240,25.0320,5462002
2023-07-28T20:00:00Z,25.0310,25.1160,24.7890,24.7980,2332745
2023-07-29T00:00:00Z,24.7990,25.2080,24.7240,25.1270,3065350
2023-07-29T04:00:00Z,25.1270,25.2460,25.0240,25.0620,2189787
2023-07-29T08:00:00Z,25.0620,25.1710,24.9200,24.9550,2976124
2023-07-29T12:00:00Z,24.9550,25.1950,24.9000,25.0640,2763042
2023-07-29T16:00:00Z,25.0650,25.3450,25.0190,25.2040,3268072
2023-07-29T20:00:00Z,25.2050,25.3780,25.1250,25.1590,1942855
2023-07-30T00:00:00Z,25.1590,25.2000,25.0110,25.0220,1894624
2023-07-30T04:00:00Z,25.0220,25.1140,24.8110,24.9170,2369953
2023-07-30T08:00:00Z,24.9170,25.0490,24.8160,24.9670,2526623
2023-07-30T12:00:00Z,24.9670,25.0950,24.7060,24.8800,4425229
2023-07-30T16:00:00Z,24.8800,25.0000,23.6910,24.2390,5683968
2023-07-30T20:00:00Z,24.2390,24.3230,23.3960,24.2360,6178075
2023-07-31T00:00:00Z,24.2360,24.7690,24.1010,24.6300,4419675
2023-07-31T04:00:00Z,24.6310,24.6760,24.3560,24.4850,2893877
2023-07-31T08:00:00Z,24.4840,24.5830,24.3200,24.4560,2485312
2023-07-31T12:00:00Z,24.4560,24.6750,23.8910,23.9240,6334553
2023-07-31T16:00:00Z,23.9230,24.1500,23.5000,23.6650,5248190
2023-07-31T20:00:00Z,23.6640,23.9240,23.5440,23.7160,4315862
2023-08-01T00:00:00Z,23.7170,23.9790,22.6000,23.3900,7758010
2023-08-01T04:00:00Z,23.3910,23.6430,23.2570,23.4680,3499967
2023-08-01T08:00:00Z,23.4670,23.6230,23.2890,23.3310,3135628
2023-08-01T12:00:00Z,23.3320,23.4700,22.7380,23.2600,6611965
2023-08-01T16:00:00Z,23.2610,23.7910,23.1680,23.6050,5311125
2023-08-01T20:00:00Z,23.6050,24.0700,23.4540,24.0450,3860069
2023-08-02T00:00:00Z,24.0450,24.2760,23.6340,23.6560,6072485
2023-08-02T04:00:00Z,23.6560,23.8030,23.5670,23.6240,2987608
2023-08-02T08:00:00Z,23.6230,23.7000,23.4020,23.6700,3441284
2023-08-02T12:00:00Z,23.6700,23.7100,23.0900,23.2440,6783958
2023-08-02T16:00:00Z,23.2450,23.3220,22.7430,23.1670,6912076
2023-08-02T20:00:00Z,23.1670,23.3150,23.0010,23.1350,2527257
2023-08-03T00:00:00Z,23.1350,23.3860,23.0570,23.2410,2897299
2023-08-03T04:00:00Z,23.2410,23.2760,22.4400,22.6980,6081213
2023-08-03T08:00:00Z,22.6980,22.8380,22.4020,22.7330,5311854
2023-08-03T12:00:00Z,22.7330,23.1000,22.5920,22.7880,5962271
2023-08-03T16:00:00Z,22.7880,23.0640,22.6850,22.8750,4409900
2023-08-03T20:00:00Z,22.8740,23.1000,22.4430,22.6340,4591023
2023-08-04T00:00:00Z,22.6340,22.7760,22.4580,22.7360,4470396
2023-08-04T04:00:00Z,22.7350,23.0130,22.6400,22.9620,4247037
2023-08-04T08:00:00Z,22.9600,23.0610,22.8200,22.9020,3047434
2023-08-04T12:00:00Z,22.9010,23.5500,22.8490,23.3460,9047290
2023-08-04T16:00:00Z,23.3460,23.4580,22.7500,22.9330,6927815
2023-08-04T20:00:00Z,22.9330,23.0300,22.4320,22.7920,5189270
2023-08-05T00:00:00Z,22.7910,22.8240,22.4600,22.7170,3846106
2023-08-05T04:00:00Z,22.7170,22.8600,22.5460,22.7550,2177920
2023-08-05T08:00:00Z,22.7550,22.9340,22.7000,22.7770,2034898
2023-08-05T12:00:00Z,22.7780,22.8000,22.4710,22.5840,4074551
2023-08-05T16:00:00Z,22.5830,22.6800,22.1700,22.5840,4536316
2023-08-05T20:00:00Z,22.5830,22.6920,22.4730,22.6410,1658395
2023-08-06T00:00:00Z,22.6420,22.9000,22.5700,22.8280,2592937
2023-08-06T04:00:00Z,22.8280,23.1200,22.8170,23.0060,3608445
2023-08-06T08:00:00Z,23.0060,23.4700,22.9750,23.2060,5165950
2023-08-06T12:00:00Z,23.2050,23.2570,22.8440,23.0180,3460682
2023-08-06T16:00:00Z,23.0170,23.2790,22.9100,23.2020,2953066
2023-08-06T20:00:00Z,23.2020,23.3920,23.0450,23.1820,3165896
2023-08-07T00:00:00Z,23.1830,23.6710,23.0150,23.2880,4857220
2023-08-07T04:00:00Z,23.2890,23.4130,22.9630,23.1440,3012654
2023-08-07T08:00:00Z,23.1450,23.1540,23.0100,23.0910,2329255
2023-08-07T12:00:00Z,23.0920,23.1610,22.6350,22.7540,6288142
2023-08-07T16:00:00Z,22.7540,23.0690,22.2500,22.9590,7912436
2023-08-07T20:00:00Z,22.9600,23.1120,22.9060,23.1080,2008198
2023-08-08T00:00:00Z,23.1070,23.2230,23.0070,23.1410,2484060
2023-08-08T04:00:00Z,23.1410,23.3810,23.0880,23.2280,3478304
2023-08-08T08:00:00Z,23.2280,23.3780,23.1510,23.3750,2903469
2023-08-08T12:00:00Z,23.3740,23.9000,23.1750,23.7190,8903995
2023-08-08T16:00:00Z,23.7200,24.7870,23.6980,24.5710,13245435
2023-08-08T20:00:00Z,24.5710,24.6480,24.0440,24.2050,7202768
2023-08-09T00:00:00Z,24.2050,24.4760,24.1360,24.2960,3781285
2023-08-09T04:00:00Z,24.2960,24.6150,24.2480,24.5550,3732539
2023-08-09T08:00:00Z,24.5540,24.9900,24.5180,24.8470,6708556
2023-08-09T12:00:00Z,24.8470,24.9780,24.4100,24.5510,9414423
2023-08-09T16:00:00Z,24.5520,24.6080,24.2220,24.2960,4740520
2023-08-09T20:00:00Z,24.2980,24.4750,24.0920,24.3750,3199947
2023-08-10T00:00:00Z,24.3740,24.5360,24.2010,24.2340,2876079
2023-08-10T04:00:00Z,24.2350,24.3850,24.1210,24.3170,2707653
2023-08-10T08:00:00Z,24.3160,24.4960,24.2350,24.3960,2756328
2023-08-10T12:00:00Z,24.3970,24.8850,24.3520,24.5490,8221552
2023-08-10T16:00:00Z,24.5480,24.6240,24.3500,24.5850,3311570
2023-08-10T20:00:00Z,24.5830,24.7350,24.5410,24.6140,2584737
2023-08-11T00:00:00Z,24.6150,24.9320,24.6130,24.6800,4004659
2023-08-11T04:00:00Z,24.6790,24.8400,24.4620,24.4900,2805276
2023-08-11T08:00:00Z,24.4890,24.5710,24.3760,24.5290,2728521
2023-08-11T12:00:00Z,24.5290,24.8680,24.3870,24.5410,5647359
2023-08-11T16:00:00Z,24.5450,24.6600,24.3400,24.4490,3282141
2023-08-11T20:00:00Z,24.4490,24.6370,24.3700,24.6130,2338545
2023-08-12T00:00:00Z,24.6130,24.7600,24.3830,24.4650,2453519
2023-08-12T04:00:00Z,24.4650,24.5600,24.4130,24.5340,1718544
2023-08-12T08:00:00Z,24.5340,24.5550,24.4400,24.5470,1283772
2023-08-12T12:00:00Z,24.5480,24.7030,24.4910,24.6550,2124964
2023-08-12T16:00:00Z,24.6560,24.8390,24.6180,24.7280,2968614
2023-08-12T20:00:00Z,24.7280,25.3000,24.7030,24.9020,3761103
2023-08-13T00:00:00Z,24.9030,24.9440,24.6710,24.8810,2302198
2023-08-13T04:00:00Z,24.8810,24.8940,24.6320,24.7590,1640810
2023-08-13T08:00:00Z,24.7590,24.8640,24.6600,24.6940,1761473
2023-08-13T12:00:00Z,24.6930,24.7630,24.4510,24.5800,3293421
2023-08-13T16:00:00Z,24.5800,24.6860,24.3680,24.6450,3167229
2023-08-13T20:00:00Z,24.6450,24.6680,24.2070,24.2160,3128206
2023-08-14T00:00:00Z,24.2170,24.4230,24.0440,24.3840,4228392
2023-08-14T04:00:00Z,24.3850,24.5080,24.3640,24.4070,1698227
2023-08-14T08:00:00Z,24.4070,24.5800,24.3970,24.4980,2137606
2023-08-14T12:00:00Z,24.4980,24.8800,24.3070,24.8030,4470667
2023-08-14T16:00:00Z,24.8030,25.2900,24.5160,24.8170,8837868
2023-08-14T20:00:00Z,24.8170,25.2220,24.7510,25.1750,3793555
2023-08-15T00:00:00Z,25.1760,25.5000,24.8740,24.9820,5107346
2023-08-15T04:00:00Z,24.9820,25.0570,24.7060,24.8720,3600222
2023-08-15T08:00:00Z,24.8720,25.0440,24.7220,24.8260,3899710
2023-08-15T12:00:00Z,24.8260,24.9880,24.6200,24.7110,5038039
2023-08-15T16:00:00Z,24.7120,24.8320,23.4770,24.0370,8813569
2023-08-15T20:00:00Z,24.0360,24.1560,23.7220,23.8890,4510827
2023-08-16T00:00:00Z,23.8880,24.0120,23.6090,23.6730,3647424
2023-08-16T04:00:00Z,23.6760,23.7670,23.3360,23.4380,4696715
2023-08-16T08:00:00Z,23.4390,23.5750,23.2000,23.4960,4254203
2023-08-16T12:00:00Z,23.4960,23.4980,22.9040,23.0700,8217318
2023-08-16T16:00:00Z,23.0690,23.6210,22.8490,23.3280,7017400
2023-08-16T20:00:00Z,23.3280,23.3970,22.3000,22.8110,8945936
2023-08-17T00:00:00Z,22.8120,23.4260,22.4110,23.3030,6757488
2023-08-17T04:00:00Z,23.3020,23.3860,23.1940,23.2500,2523418
2023-08-17T08:00:00Z,23.2500,23.2980,22.9740,23.0840,3034484
2023-08-17T12:00:00Z,23.0840,23.4260,22.4680,22.8510,10227773
2023-08-17T16:00:00Z,22.8520,23.3180,22.6000,23.0780,7021069
2023-08-17T20:00:00Z,23.0790,23.1100,19.6300,21.6610,21619484
2023-08-18T00:00:00Z,21.6640,22.0270,21.2910,21.5420,6219884
2023-08-18T04:00:00Z,21.5420,22.1880,21.3800,22.0770,5248520
2023-08-18T08:00:00Z,22.0760,22.1680,21.7910,22.0040,3804915
2023-08-18T12:00:00Z,22.0050,22.0460,21.5580,21.6010,5306345
2023-08-18T16:00:00Z,21.6020,21.7450,20.8110,21.2760,10172759
2023-08-18T20:00:00Z,21.2760,21.4990,21.2200,21.3360,3621070
2023-08-19T00:00:00Z,21.3350,21.6540,21.2760,21.4160,2914397
2023-08-19T04:00:00Z,21.4150,21.8410,21.3560,21.8060,2966720
2023-08-19T08:00:00Z,21.8050,21.8730,21.5750,21.6300,2512726
2023-08-19T12:00:00Z,21.6300,21.9890,21.6140,21.9600,3167681
2023-08-19T16:00:00Z,21.9540,22.1700,21.7750,21.8710,4117685
2023-08-19T20:00:00Z,21.8660,21.9000,21.6950,21.8800,1873693
2023-08-20T00:00:00Z,21.8800,21.9500,21.7250,21.8010,1675077
2023-08-20T04:00:00Z,21.8000,21.8100,21.5500,21.7360,1887702
2023-08-20T08:00:00Z,21.7360,22.0160,21.6350,21.9540,2540735
2023-08-20T12:00:00Z,21.9540,21.9660,21.6550,21.7870,2765293
2023-08-20T16:00:00Z,21.7860,21.8700,21.5120,21.7840,2400677
2023-08-20T20:00:00Z,21.7840,21.9460,21.7040,21.7600,1795595
2023-08-21T00:00:00Z,21.7620,21.7670,21.3200,21.3910,3278557
2023-08-21T04:00:00Z,21.3920,21.6930,21.2670,21.3330,2977828
2023-08-21T08:00:00Z,21.3320,21.3520,20.9040,21.2250,5346197
2023-08-21T12:00:00Z,21.2240,21.4040,20.2000,20.7080,8902977
2023-08-21T16:00:00Z,20.7070,21.3790,20.6480,21.2780,5339728
2023-08-21T20:00:00Z,21.2780,21.4070,21.1790,21.1870,2507540
2023-08-22T00:00:00Z,21.1860,21.2630,21.0190,21.0950,1648758
2023-08-22T04:00:00Z,21.0950,21.1760,20.9500,21.1610,2545355
2023-08-22T08:00:00Z,21.1620,21.1960,20.9160,20.9260,2252985
2023-08-22T12:00:00Z,20.9250,21.0620,20.5400,20.6830,5822520
2023-08-22T16:00:00Z,20.6820,20.7180,19.9640,20.0480,11984235
2023-08-22T20:00:00Z,20.0480,20.6900,19.2000,20.5720,9196300
2023-08-23T00:00:00Z,20.5710,20.7550,20.4520,20.5770,3568682
2023-08-23T04:00:00Z,20.5770,20.8880,20.4720,20.7420,3686788
2023-08-23T08:00:00Z,20.7410,20.9240,20.6030,20.6210,2915694
2023-08-23T12:00:00Z,20.6210,21.0000,20.2830,20.9010,6354169
2023-08-23T16:00:00Z,20.9010,21.6750,20.8820,21.4810,9348145
2023-08-23T20:00:00Z,21.4800,21.8210,21.2450,21.7170,4944602
2023-08-24T00:00:00Z,21.7180,21.7980,21.5810,21.7460,2447165
2023-08-24T04:00:00Z,21.7450,21.9990,21.6560,21.7270,3555583
2023-08-24T08:00:00Z,21.7270,21.9000,21.6110,21.7680,2779938
2023-08-24T12:00:00Z,21.7680,21.7730,21.0010,21.0360,8663736
2023-08-24T16:00:00Z,21.0360,21.2020,20.6680,20.9140,6074158
2023-08-24T20:00:00Z,20.9140,21.0770,20.6520,21.0390,3372333
2023-08-25T00:00:00Z,21.0390,21.0430,20.4500,20.7210,3786214
2023-08-25T04:00:00Z,20.7220,20.7520,20.4070,20.5490,3382798
2023-08-25T08:00:00Z,20.5500,20.7550,20.5360,20.6630,2373075
2023-08-25T12:00:00Z,20.6640,20.8890,20.2290,20.3320,9173706
2023-08-25T16:00:00Z,20.3320,20.4530,20.0770,20.2290,5249789
2023-08-25T20:00:00Z,20.2290,20.4180,20.1770,20.4090,2212216
2023-08-26T00:00:00Z,20.4080,20.4150,20.2000,20.3860,1698674
2023-08-26T04:00:00Z,20.3850,20.4340,20.1860,20.3030,1962335
2023-08-26T08:00:00Z,20.3020,20.3400,20.2250,20.2840,1671469
2023-08-26T12:00:00Z,20.2840,20.3840,20.1730,20.3620,1989931
2023-08-26T16:00:00Z,20.3610,20.3780,20.1820,20.3320,2074199
2023-08-26T20:00:00Z,20.3320,20.3620,20.2220,20.2720,882437
2023-08-27T00:00:00Z,20.2730,20.3780,20.2320,20.2760,1407347
2023-08-27T04:00:00Z,20.2770,20.4200,20.2710,20.3690,1291068
2023-08-27T08:00:00Z,20.3680,20.7200,20.3550,20.5700,3815852
2023-08-27T12:00:00Z,20.5690,20.9160,20.5400,20.7410,3494857
2023-08-27T16:00:00Z,20.7410,20.7890,20.5350,20.7640,2766335
2023-08-27T20:00:00Z,20.7640,20.8260,20.6110,20.7790,1532517
2023-08-28T00:00:00Z,20.7780,20.7780,20.4160,20.4710,2967561
2023-08-28T04:00:00Z,20.4700,20.4940,20.1900,20.3790,3111719
2023-08-28T08:00:00Z,20.3800,20.3880,20.0050,20.3550,3454814
2023-08-28T12:00:00Z,20.3540,20.7850,20.3300,20.5290,6107258
2023-08-28T16:00:00Z,20.5280,20.6830,20.3510,20.4640,3411764
2023-08-28T20:00:00Z,20.4640,20.6350,20.3550,20.5490,2009512
2023-08-29T00:00:00Z,20.5490,20.7590,20.4200,20.4840,2385743
2023-08-29T04:00:00Z,20.4840,20.5160,20.2070,20.2520,2880293
2023-08-29T08:00:00Z,20.2510,20.3280,20.1020,20.1380,3375002
2023-08-29T12:00:00Z,20.1370,22.0630,20.1000,21.3240,19255113
2023-08-29T16:00:00Z,21.3220,21.9680,21.1810,21.5720,8760749
2023-08-29T20:00:00Z,21.5720,21.9580,21.5710,21.7720,4693523
2023-08-30T00:00:00Z,21.7720,21.9880,21.4540,21.6250,3840456
2023-08-30T04:00:00Z,21.6250,21.7380,21.5330,21.6300,2155675
2023-08-30T08:00:00Z,21.6300,21.7050,21.3570,21.4080,2970041
2023-08-30T12:00:00Z,21.4070,21.5140,20.6510,20.8260,9262697
2023-08-30T16:00:00Z,20.8270,20.8470,20.5780,20.6690,4273142
2023-08-30T20:00:00Z,20.6700,20.8800,20.6520,20.8070,1839140
2023-08-31T00:00:00Z,20.8070,20.8080,20.5980,20.6380,1912360
2023-08-31T04:00:00Z,20.6380,20.8270,20.6200,20.7580,1850676
2023-08-31T08:00:00Z,20.7580,21.0920,20.6590,20.8770,3410735
2023-08-31T12:00:00Z,20.8770,20.8840,20.1500,20.3190,6708818
2023-08-31T16:00:00Z,20.3180,20.3250,19.3560,19.8180,11455039
2023-08-31T20:00:00Z,19.8170,19.8360,19.4110,19.7200,4365100
2023-09-01T00:00:00Z,19.7210,19.9160,19.6810,19.8690,2194183
2023-09-01T04:00:00Z,19.8680,19.9250,19.7590,19.7930,2860830
2023-09-01T08:00:00Z,19.7920,19.9010,19.7170,19.8320,1932251
2023-09-01T12:00:00Z,19.8330,19.9240,19.2320,19.3890,7231722
2023-09-01T16:00:00Z,19.3890,19.5500,19.0090,19.2740,8546937
2023-09-01T20:00:00Z,19.2750,19.5140,19.2000,19.3150,2774524
2023-09-02T00:00:00Z,19.3160,19.5840,19.2960,19.5560,2180556
2023-09-02T04:00:00Z,19.5560,19.6470,19.4320,19.5580,2020379
2023-09-02T08:00:00Z,19.5590,19.6560,19.4800,19.5580,2011700
2023-09-02T12:00:00Z,19.5590,19.7000,19.3520,19.5460,3147707
2023-09-02T16:00:00Z,19.5450,19.5910,19.1140,19.3890,3469097
2023-09-02T20:00:00Z,19.3890,19.5420,19.3540,19.4800,1489671
2023-09-03T00:00:00Z,19.4810,19.6500,19.4430,19.6200,1499006
2023-09-03T04:00:00Z,19.6200,19.6320,19.4550,19.5160,1194236
2023-09-03T08:00:00Z,19.5170,19.5300,19.3140,19.4130,1631736
2023-09-03T12:00:00Z,19.4140,19.5570,19.2720,19.3210,2332948
2023-09-03T16:00:00Z,19.3220,19.5690,19.2100,19.4750,2352119
2023-09-03T20:00:00Z,19.4740,19.6270,19.4130,19.5550,1790689
2023-09-04T00:00:00Z,19.5540,20.0350,19.5360,19.7350,3928351
2023-09-04T04:00:00Z,19.7360,19.8500,19.5920,19.7640,2544832
2023-09-04T08:00:00Z,19.7640,19.8760,19.5720,19.5760,2464517
2023-09-04T12:00:00Z,19.5760,19.6380,19.2140,19.3980,5326887
2023-09-04T16:00:00Z,19.3980,19.5370,19.3200,19.4210,2177859
2023-09-04T20:00:00Z,19.4220,19.5240,19.1380,19.5140,2838999
2023-09-05T00:00:00Z,19.5140,19.5550,19.0180,19.2110,3814101
2023-09-05T04:00:00Z,19.2110,19.4650,19.2010,19.3950,2776746
2023-09-05T08:00:00Z,19.3950,19.6220,19.2440,19.5370,4504690
2023-09-05T12:00:00Z,19.5370,20.6000,19.4810,20.3830,16529668
2023-09-05T16:00:00Z,20.3840,20.5700,20.1570,20.2300,6259526
2023-09-05T20:00:00Z,20.2290,20.3480,20.0560,20.2570,3265802
2023-09-06T00:00:00Z,20.2570,20.3800,20.0730,20.1360,3719218
2023-09-06T04:00:00Z,20.1350,20.1540,19.6610,19.7190,5286089
2023-09-06T08:00:00Z,19.7180,19.8620,19.6930,19.7410,3158043
2023-09-06T12:00:00Z,19.7400,19.8200,19.1000,19.3770,8804745
2023-09-06T16:00:00Z,19.3770,19.9100,19.1050,19.4660,9192821
2023-09-06T20:00:00Z,19.4660,19.6560,19.4620,19.6200,2182094
2023-09-07T00:00:00Z,19.6190,19.7960,19.5550,19.7500,3242634
2023-09-07T04:00:00Z,19.7510,19.8140,19.5320,19.5400,2961926
2023-09-07T08:00:00Z,19.5410,19.5870,19.3500,19.3930,2877691
2023-09-07T12:00:00Z,19.3930,19.6270,19.3120,19.5120,4097005
2023-09-07T16:00:00Z,19.5120,19.7470,19.5100,19.6510,3927143
2023-09-07T20:00:00Z,19.6500,19.9920,19.6020,19.9000,5380675
2023-09-08T00:00:00Z,19.9010,20.2800,19.8190,20.0040,3974634
2023-09-08T04:00:00Z,20.0040,20.0720,19.8120,19.9000,3150947
2023-09-08T08:00:00Z,19.8990,19.9050,19.3410,19.5300,6192634
2023-09-08T12:00:00Z,19.5310,19.6920,19.4860,19.5220,3069795
2023-09-08T16:00:00Z,19.5210,19.5720,19.3690,19.5580,2595622
2023-09-08T20:00:00Z,19.5570,19.6400,19.4660,19.5960,1298540
2023-09-09T00:00:00Z,19.5970,19.5990,19.4520,19.5150,1118610
2023-09-09T04:00:00Z,19.5150,19.5710,19.4480,19.4570,1377615
2023-09-09T08:00:00Z,19.4560,19.5640,19.4360,19.5510,1359846
2023-09-09T12:00:00Z,19.5520,19.5730,19.4550,19.5090,1649881
2023-09-09T16:00:00Z,19.5080,19.5570,19.3520,19.4300,1830717
2023-09-09T20:00:00Z,19.4310,19.5220,19.4070,19.4250,989675
2023-09-10T00:00:00Z,19.4250,19.4260,19.1740,19.1920,3344870
2023-09-10T04:00:00Z,19.1920,19.1920,17.7660,18.5160,14958480
2023-09-10T08:00:00Z,18.5150,18.5150,18.2150,18.3180,5161070
2023-09-10T12:00:00Z,18.3170,18.4460,17.7330,18.1850,10663283
2023-09-10T16:00:00Z,18.1850,18.2570,17.8000,18.1680,9951569
2023-09-10T20:00:00Z,18.1670,18.5990,18.1160,18.2190,7773831
2023-09-11T00:00:00Z,18.2200,18.4440,17.9540,18.3300,7295201
2023-09-11T04:00:00Z,18.3300,18.4170,18.1370,18.1900,4864206
2023-09-11T08:00:00Z,18.1910,18.2140,17.3200,17.6480,14915179
2023-09-11T12:00:00Z,17.6480,18.0080,17.3330,17.8270,19785655
2023-09-11T16:00:00Z,17.8270,17.9900,17.4040,17.5010,8538478
2023-09-11T20:00:00Z,17.5010,17.7500,17.4050,17.7150,5317521
2023-09-12T00:00:00Z,17.7160,18.5310,17.5540,18.1760,12067257
2023-09-12T04:00:00Z,18.1750,18.2840,17.8500,17.9660,8026157
2023-09-12T08:00:00Z,17.9660,18.8400,17.9170,18.3000,11395636
2023-09-12T12:00:00Z,18.2990,18.3940,17.9000,17.9890,12376616
2023-09-12T16:00:00Z,17.9900,18.3100,17.6780,17.9240,10603126
2023-09-12T20:00:00Z,17.9240,18.0450,17.8520,17.9040,3104299
2023-09-13T00:00:00Z,17.9030,18.1660,17.7660,17.8230,4627925
2023-09-13T04:00:00Z,17.8240,18.5990,17.6760,17.8840,9940237
2023-09-13T08:00:00Z,17.8830,18.2800,17.8500,18.1730,8234282
2023-09-13T12:00:00Z,18.1730,18.5440,17.9340,18.3400,12061143
2023-09-13T16:00:00Z,18.3400,18.5300,17.8590,18.3370,17745389
2023-09-13T20:00:00Z,18.3370,18.4980,18.2360,18.3890,4612761
2023-09-14T00:00:00Z,18.3900,19.3350,18.3720,18.9210,15359630
2023-09-14T04:00:00Z,18.9210,18.9300,18.5960,18.7750,5965765
2023-09-14T08:00:00Z,18.7740,18.8960,18.5150,18.8310,6625994
2023-09-14T12:00:00Z,18.8310,19.1840,18.7280,18.9660,10705757
2023-09-14T16:00:00Z,18.9660,19.1240,18.8480,19.0370,6901833
2023-09-14T20:00:00Z,19.0380,19.0900,18.7630,18.8350,3511662
2023-09-15T00:00:00Z,18.8350,19.2000,18.7040,19.1300,4231079
2023-09-15T04:00:00Z,19.1310,19.2830,19.0120,19.0750,4181440
2023-09-15T08:00:00Z,19.0750,19.2400,18.9780,18.9970,4267988
2023-09-15T12:00:00Z,18.9970,19.0500,18.7140,18.8770,5722137
2023-09-15T16:00:00Z,18.8770,18.9120,18.5430,18.7180,4674642
2023-09-15T20:00:00Z,18.7170,19.4950,18.6620,19.1360,6648310
2023-09-16T00:00:00Z,19.1370,19.4590,19.0370,19.2000,5175705
2023-09-16T04:00:00Z,19.2000,19.3670,19.0500,19.0930,3385391
2023-09-16T08:00:00Z,19.0920,19.2620,19.0160,19.1400,2972094
2023-09-16T12:00:00Z,19.1390,19.1820,18.8460,18.9510,3759236
2023-09-16T16:00:00Z,18.9510,19.1260,18.9100,18.9440,2299602
2023-09-16T20:00:00Z,18.9450,19.1400,18.9340,19.1120,1693821
2023-09-17T00:00:00Z,19.1110,19.1260,18.7120,19.0180,3898459
2023-09-17T04:00:00Z,19.0170,19.0500,18.8810,18.8950,1886720
2023-09-17T08:00:00Z,18.8950,19.0950,18.8600,19.0160,2020661
2023-09-17T12:00:00Z,19.0170,19.0670,18.9420,18.9680,1597530
2023-09-17T16:00:00Z,18.9660,18.9830,18.7270,18.8760,3154926
2023-09-17T20:00:00Z,18.8760,18.8790,18.6000,18.7980,3167225
2023-09-18T00:00:00Z,18.7990,19.2840,18.5600,19.1950,6540266
2023-09-18T04:00:00Z,19.1950,19.3000,18.9830,19.1120,4948501
2023-09-18T08:00:00Z,19.1110,19.7490,19.0750,19.5790,8574092
2023-09-18T12:00:00Z,19.5790,20.1500,19.5130,19.9400,9864858
2023-09-18T16:00:00Z,19.9400,20.0450,19.4940,19.7670,9684280
2023-09-18T20:00:00Z,19.7670,19.8900,19.5820,19.6280,3148007
2023-09-19T00:00:00Z,19.6270,19.9770,19.5530,19.9560,3459096
2023-09-19T04:00:00Z,19.9570,19.9700,19.7300,19.7870,2631168
2023-09-19T08:00:00Z,19.7870,20.4440,19.7580,20.2070,8520672
2023-09-19T12:00:00Z,20.2080,20.2170,19.7940,20.1230,7506692
2023-09-19T16:00:00Z,20.1220,20.1520,19.8140,19.9170,5182983
2023-09-19T20:00:00Z,19.9180,20.0800,19.8250,20.0190,2345178
2023-09-20T00:00:00Z,20.0180,20.2380,19.8340,19.9000,3304698
2023-09-20T04:00:00Z,19.8990,19.9630,19.7760,19.9440,2978220
2023-09-20T08:00:00Z,19.9440,20.1580,19.8500,20.0470,4815927
2023-09-20T12:00:00Z,20.0480,20.3800,19.8730,20.1890,7011868
2023-09-20T16:00:00Z,20.1890,20.5470,19.8480,20.1040,9090993
2023-09-20T20:00:00Z,20.1030,20.4500,20.0800,20.2780,3603549
2023-09-21T00:00:00Z,20.2770,20.2880,19.9070,20.1750,3231590
2023-09-21T04:00:00Z,20.1740,20.1800,19.7400,19.9010,3902268
2023-09-21T08:00:00Z,19.9010,19.9500,19.4760,19.5880,6852391
2023-09-21T12:00:00Z,19.5880,19.6510,19.2730,19.5990,7267246
2023-09-21T16:00:00Z,19.5980,19.6990,19.5200,19.6140,2765049
2023-09-21T20:00:00Z,19.6150,19.6240,19.4100,19.4420,2377939
2023-09-22T00:00:00Z,19.4430,19.6740,19.2100,19.6550,4184659
2023-09-22T04:00:00Z,19.6560,19.7240,19.5300,19.6290,2551095
2023-09-22T08:00:00Z,19.6290,19.8040,19.5820,19.6740,2976466
2023-09-22T12:00:00Z,19.6740,19.7000,19.4440,19.4530,3308077
2023-09-22T16:00:00Z,19.4520,19.4960,19.2890,19.3480,4308581
2023-09-22T20:00:00Z,19.3480,19.4800,19.1300,19.4170,3023225
2023-09-23T00:00:00Z,19.4160,19.5760,19.2740,19.3710,2507886
2023-09-23T04:00:00Z,19.3700,19.5300,19.3070,19.5110,1548587
2023-09-23T08:00:00Z,19.5100,19.5270,19.4280,19.5080,1414601
2023-09-23T12:00:00Z,19.5090,19.5180,19.2900,19.3090,2074605
2023-09-23T16:00:00Z,19.3090,19.4800,19.2800,19.4580,1849876
2023-09-23T20:00:00Z,19.4580,19.4770,19.3730,19.4720,1264590
2023-09-24T00:00:00Z,19.4720,19.6500,19.4450,19.5600,2285111
2023-09-24T04:00:00Z,19.5600,19.6370,19.4800,19.6110,1374011
2023-09-24T08:00:00Z,19.6110,19.6710,19.5250,19.5900,1412671
2023-09-24T12:00:00Z,19.5900,19.6400,19.4240,19.5100,2229499
2023-09-24T16:00:00Z,19.5090,19.6490,19.4160,19.4530,3376008
2023-09-24T20:00:00Z,19.4520,19.5200,19.1700,19.3510,2986834
2023-09-25T00:00:00Z,19.3500,19.6000,19.0580,19.4690,4437434
2023-09-25T04:00:00Z,19.4700,19.5410,19.3260,19.4790,2151047
2023-09-25T08:00:00Z,19.4780,19.5750,19.3850,19.5310,2547752
2023-09-25T12:00:00Z,19.5320,19.6660,19.4340,19.5590,4155898
2023-09-25T16:00:00Z,19.5600,19.7300,19.4550,19.5080,3672636
2023-09-25T20:00:00Z,19.5100,19.5640,19.3430,19.3810,1611236
2023-09-26T00:00:00Z,19.3800,19.5210,19.2760,19.4360,2574219
2023-09-26T04:00:00Z,19.4360,19.4690,19.2900,19.3180,2867426
2023-09-26T08:00:00Z,19.3180,19.4270,19.2280,19.3760,2696126
2023-09-26T12:00:00Z,19.3770,19.3960,19.1160,19.1580,3690307
2023-09-26T16:00:00Z,19.1570,19.2930,19.1120,19.2280,2241187
2023-09-26T20:00:00Z,19.2270,19.2580,18.8120,19.0160,3531375
2023-09-27T00:00:00Z,19.0160,19.1270,18.9220,19.0220,2203226
2023-09-27T04:00:00Z,19.0210,19.0390,18.8850,18.9390,1717604
2023-09-27T08:00:00Z,18.9380,19.4740,18.8530,19.3920,6800866
2023-09-27T12:00:00Z,19.3920,19.4500,18.7550,18.9340,7666699
2023-09-27T16:00:00Z,18.9330,19.0180,18.7160,18.9660,3355188
2023-09-27T20:00:00Z,18.9660,19.1490,18.8630,19.1200,1897909
2023-09-28T00:00:00Z,19.1200,19.4290,19.0850,19.1970,3593924
2023-09-28T04:00:00Z,19.1970,19.2750,19.1620,19.2190,1741162
2023-09-28T08:00:00Z,19.2180,19.3190,19.1040,19.1590,2570325
2023-09-28T12:00:00Z,19.1590,19.6220,19.1380,19.5940,5422843
2023-09-28T16:00:00Z,19.5960,19.7170,19.4150,19.7000,4669051
2023-09-28T20:00:00Z,19.7010,19.9820,19.5620,19.9480,3510653
2023-09-29T00:00:00Z,19.9480,20.3250,19.8310,20.1960,5390972
2023-09-29T04:00:00Z,20.1950,20.3500,20.0420,20.2650,3874097
2023-09-29T08:00:00Z,20.2660,20.2960,20.0260,20.0710,3050643
2023-09-29T12:00:00Z,20.0710,20.4570,20.0040,20.3220,6760924
2023-09-29T16:00:00Z,20.3220,20.3400,20.0660,20.2340,2801265
2023-09-29T20:00:00Z,20.2340,20.3450,20.1900,20.2600,1670659
2023-09-30T00:00:00Z,20.2590,20.4390,20.1850,20.2110,1729799
2023-09-30T04:00:00Z,20.2110,20.3400,20.0550,20.3040,1868063
2023-09-30T08:00:00Z,20.3050,20.3820,20.2400,20.2710,2029436
2023-09-30T12:00:00Z,20.2700,21.6470,20.2650,21.4150,16733620
2023-09-30T16:00:00Z,21.4140,21.7970,21.2440,21.3840,8773229
2023-09-30T20:00:00Z,21.3840,21.4440,21.2200,21.3480,2385297
2023-10-01T00:00:00Z,21.3470,21.4190,21.1180,21.1940,3149407
2023-10-01T04:00:00Z,21.1950,21.3970,21.1480,21.3500,2406776
2023-10-01T08:00:00Z,21.3500,24.4000,21.3380,22.9550,19336319
2023-10-01T12:00:00Z,22.9530,23.4280,22.8130,23.0840,10783991
2023-10-01T16:00:00Z,23.0840,23.0880,22.4310,22.7140,7506621
2023-10-01T20:00:00Z,22.7130,24.5060,22.5710,23.8730,16084833
2023-10-02T00:00:00Z,23.8730,24.3330,23.5640,24.0840,8474692
2023-10-02T04:00:00Z,24.0840,24.8300,23.9280,24.3220,10862909
2023-10-02T08:00:00Z,24.3220,24.5120,23.7500,23.8250,9255471
2023-10-02T12:00:00Z,23.8230,24.4730,23.5680,24.0470,15106852
2023-10-02T16:00:00Z,24.0460,24.2940,22.8260,23.8200,15372738
2023-10-02T20:00:00Z,23.8150,23.8240,22.8810,23.3660,8386035
2023-10-03T00:00:00Z,23.3660,23.7560,23.2900,23.6450,4731348
2023-10-03T04:00:00Z,23.6450,24.2490,23.4700,23.8100,7182767
2023-10-03T08:00:00Z,23.8100,24.4580,23.7600,23.9080,10867848
2023-10-03T12:00:00Z,23.9080,24.7770,23.7370,23.9780,20073370
2023-10-03T16:00:00Z,23.9780,24.3230,23.4160,23.5140,10186835
2023-10-03T20:00:00Z,23.5150,23.7420,23.1650,23.5940,7968514
2023-10-04T00:00:00Z,23.5950,23.6450,22.7670,23.0950,12467935
2023-10-04T04:00:00Z,23.0940,23.2340,22.7590,23.1510,5759994
2023-10-04T08:00:00Z,23.1510,23.8500,23.0910,23.5680,8274316
2023-10-04T12:00:00Z,23.5670,23.6350,22.6270,22.6840,10792426
2023-10-04T16:00:00Z,22.6860,23.2780,22.5430,22.9120,9566025
2023-10-04T20:00:00Z,22.9130,23.2990,22.8440,23.1060,3158442
2023-10-05T00:00:00Z,23.1060,23.7500,23.0260,23.2180,6579331
2023-10-05T04:00:00Z,23.2170,23.4700,22.8260,22.9950,4952116
2023-10-05T08:00:00Z,22.9960,23.3450,22.8790,23.2070,4705616
2023-10-05T12:00:00Z,23.2070,23.5930,22.5520,22.7900,12631392
2023-10-05T16:00:00Z,22.7890,23.0400,22.4830,22.7820,9479232
2023-10-05T20:00:00Z,22.7780,22.8600,22.5970,22.6820,3354835
2023-10-06T00:00:00Z,22.6810,23.3460,22.6480,23.1690,5151646
2023-10-06T04:00:00Z,23.1700,23.4450,22.9320,23.3160,5341569
2023-10-06T08:00:00Z,23.3150,23.5620,23.0710,23.1690,7027295
2023-10-06T12:00:00Z,23.1700,23.6640,22.6660,23.4870,13173041
2023-10-06T16:00:00Z,23.4870,23.7490,23.3150,23.4150,6648901
2023-10-06T20:00:00Z,23.4150,23.7800,23.2900,23.3910,4061960
2023-10-07T00:00:00Z,23.3910,23.7300,23.3230,23.6630,3902187
2023-10-07T04:00:00Z,23.6630,24.2080,23.4520,23.5050,6708383
2023-10-07T08:00:00Z,23.5060,23.8130,23.3420,23.4670,5306278
2023-10-07T12:00:00Z,23.4670,23.5680,23.2800,23.3340,4026732
2023-10-07T16:00:00Z,23.3340,23.4380,23.0640,23.1170,3581071
2023-10-07T20:00:00Z,23.1170,23.3390,23.0970,23.2790,1716727
2023-10-08T00:00:00Z,23.2790,23.6420,23.1500,23.5120,3592053
2023-10-08T04:00:00Z,23.5130,23.5390,23.1760,23.3180,2980142
2023-10-08T08:00:00Z,23.3170,23.5200,23.1310,23.2150,4076864
2023-10-08T12:00:00Z,23.2150,23.4850,23.0460,23.4720,4482347
2023-10-08T16:00:00Z,23.4720,23.5500,23.2480,23.3130,3553439
2023-10-08T20:00:00Z,23.3120,23.4730,23.1510,23.2040,2381327
2023-10-09T00:00:00Z,23.2040,23.3140,23.0660,23.2380,3432075
2023-10-09T04:00:00Z,23.2380,23.3640,22.8350,22.9720,3861915
2023-10-09T08:00:00Z,22.9730,22.9980,21.8200,22.1650,11339085
2023-10-09T12:00:00Z,22.1650,22.3740,22.0630,22.1870,5095573
2023-10-09T16:00:00Z,22.1870,22.4190,21.5000,22.1850,10779930
2023-10-09T20:00:00Z,22.1860,22.2370,21.9710,22.0770,2484071
2023-10-10T00:00:00Z,22.0780,22.2450,21.8710,22.1330,3741120
2023-10-10T04:00:00Z,22.1340,22.3860,22.0290,22.3040,2482284
2023-10-10T08:00:00Z,22.3050,22.4370,22.0970,22.1170,4109848
2023-10-10T12:00:00Z,22.1170,22.4770,21.9110,21.9700,7331203
2023-10-10T16:00:00Z,21.9700,22.0630,21.6760,22.0140,6040935
2023-10-10T20:00:00Z,22.0130,22.1930,21.7820,22.1070,2710663
2023-10-11T00:00:00Z,22.1060,22.2800,21.7050,21.9620,5475976
2023-10-11T04:00:00Z,21.9620,22.3500,21.9380,21.9960,4733797
2023-10-11T08:00:00Z,21.9980,22.4000,21.9790,22.1300,5040649
2023-10-11T12:00:00Z,22.1300,22.3220,21.8000,21.9800,6704981
2023-10-11T16:00:00Z,21.9810,22.0220,21.6120,21.8920,6300515
2023-10-11T20:00:00Z,21.8930,22.0200,21.7300,21.9980,2566377
2023-10-12T00:00:00Z,21.9980,22.0450,21.4640,21.6950,4405201
2023-10-12T04:00:00Z,21.6950,21.8330,21.6290,21.6390,2569238
2023-10-12T08:00:00Z,21.6380,21.6520,21.0800,21.4910,7773967
2023-10-12T12:00:00Z,21.4910,21.5220,21.2240,21.2700,5108646
2023-10-12T16:00:00Z,21.2710,21.3570,20.8200,21.2000,7307629
2023-10-12T20:00:00Z,21.1980,21.3380,21.1150,21.2740,2248713
2023-10-13T00:00:00Z,21.2740,21.4650,21.1100,21.1200,2563561
2023-10-13T04:00:00Z,21.1200,21.4520,21.1030,21.3770,2412488
2023-10-13T08:00:00Z,21.3770,21.5750,21.2900,21.4650,3201147
2023-10-13T12:00:00Z,21.4650,21.6000,21.3370,21.4080,4408317
2023-10-13T16:00:00Z,21.4070,21.5940,21.4000,21.5630,2442804
2023-10-13T20:00:00Z,21.5620,22.1960,21.5480,21.8290,8685348
2023-10-14T00:00:00Z,21.8280,22.0570,21.7800,22.0140,2920050
2023-10-14T04:00:00Z,22.0150,22.1160,21.9200,22.0460,2889211
2023-10-14T08:00:00Z,22.0470,22.3680,21.8960,21.9660,4378445
2023-10-14T12:00:00Z,21.9650,22.0880,21.8330,22.0690,2784729
2023-10-14T16:00:00Z,22.0680,22.0850,21.9600,22.0330,1503645
2023-10-14T20:00:00Z,22.0300,22.0310,21.9110,21.9830,1246662
2023-10-15T00:00:00Z,21.9820,22.1710,21.8120,21.9230,2540143
2023-10-15T04:00:00Z,21.9230,21.9580,21.8540,21.9260,1341022
2023-10-15T08:00:00Z,21.9270,22.0100,21.8020,21.8570,2450368
2023-10-15T12:00:00Z,21.8570,21.9280,21.6400,21.7200,3353095
2023-10-15T16:00:00Z,21.7200,21.9760,21.6900,21.9000,2535928
2023-10-15T20:00:00Z,21.9010,22.1000,21.8090,21.9180,3389912
2023-10-16T00:00:00Z,21.9180,22.2200,21.8760,22.0930,2929665
2023-10-16T04:00:00Z,22.0920,22.8440,22.0880,22.8080,7805058
2023-10-16T08:00:00Z,22.8090,23.1550,22.6200,23.1310,6417030
2023-10-16T12:00:00Z,23.1320,25.0480,22.8920,23.1500,25954877
2023-10-16T16:00:00Z,23.1510,24.1260,23.1320,23.8500,8468179
2023-10-16T20:00:00Z,23.8510,24.1980,23.6350,23.9390,6311208
2023-10-17T00:00:00Z,23.9390,24.3370,23.7560,23.9890,6476765
2023-10-17T04:00:00Z,23.9890,24.2200,23.7300,24.0710,6302082
2023-10-17T08:00:00Z,24.0710,24.5660,24.0260,24.0700,9971293
2023-10-17T12:00:00Z,24.0710,24.1770,23.3800,23.8840,11359343
2023-10-17T16:00:00Z,23.8840,24.3890,23.7090,24.1620,7378135
2023-10-17T20:00:00Z,24.1630,24.2440,23.8820,23.9300,3130616
2023-10-18T00:00:00Z,23.9300,24.0970,23.7800,24.0300,4188912
2023-10-18T04:00:00Z,24.0310,24.4330,23.8630,23.8850,6389106
2023-10-18T08:00:00Z,23.8850,24.1400,23.7620,23.7940,4362765
2023-10-18T12:00:00Z,23.7950,23.9100,23.6050,23.6770,5066298
2023-10-18T16:00:00Z,23.6780,23.7830,23.5520,23.6870,3837088
2023-10-18T20:00:00Z,23.6870,23.7270,23.3450,23.4080,4525994
2023-10-19T00:00:00Z,23.4080,23.5600,23.0680,23.4400,4417814
2023-10-19T04:00:00Z,23.4390,23.8790,23.4290,23.8310,3928097
2023-10-19T08:00:00Z,23.8320,24.2910,23.6750,24.2590,6773430
2023-10-19T12:00:00Z,24.2590,24.8780,24.0520,24.7490,11975426
2023-10-19T16:00:00Z,24.7480,25.9630,24.6510,25.1370,17112570
2023-10-19T20:00:00Z,25.1380,25.2380,24.7100,24.9100,5388438
2023-10-20T00:00:00Z,24.9090,25.7010,24.7120,25.6440,9138713
2023-10-20T04:00:00Z,25.6430,26.4900,25.5520,26.2200,13408513
2023-10-20T08:00:00Z,26.2200,27.5200,26.2040,26.8760,21438197
2023-10-20T12:00:00Z,26.8730,27.1330,26.5400,26.8730,11672842
2023-10-20T16:00:00Z,26.8730,27.0380,26.2830,26.8740,9014052
2023-10-20T20:00:00Z,26.8740,27.3550,26.7040,27.0100,5079888
2023-10-21T00:00:00Z,27.0100,27.1140,26.6280,26.8010,5013880
2023-10-21T04:00:00Z,26.8010,28.7330,26.6430,28.0490,11351825
2023-10-21T08:00:00Z,28.0490,30,27.8190,29.5130,17332394
2023-10-21T12:00:00Z,29.5130,29.6610,28.6000,29.0150,13833598
2023-10-21T16:00:00Z,29.0140,29.9200,28.8550,29.4720,12249437
2023-10-21T20:00:00Z,29.4730,30.3680,29.1960,29.3120,12324332
2023-10-22T00:00:00Z,29.3120,29.9390,29.1400,29.7080,7276325
2023-10-22T04:00:00Z,29.7080,29.9950,27.9100,28.7950,11621911
2023-10-22T08:00:00Z,28.7940,29.0470,28.0510,28.3260,9144763
2023-10-22T12:00:00Z,28.3260,28.8750,28.2780,28.4180,6314751
2023-10-22T16:00:00Z,28.4180,29.1600,28.3820,28.6790,4736241
2023-10-22T20:00:00Z,28.6800,29.3500,28.6550,29.0310,5319951
2023-10-23T00:00:00Z,29.0300,30.7510,28.7200,30.6480,16850282
2023-10-23T04:00:00Z,30.6480,31.3740,29.8350,30.1040,15935168
2023-10-23T08:00:00Z,30.1030,30.3360,29.3100,29.6900,10287665
2023-10-23T12:00:00Z,29.6910,29.8640,28.7750,28.9660,11634816
2023-10-23T16:00:00Z,28.9660,29.9970,28.8580,29.8910,13381673
2023-10-23T20:00:00Z,29.8910,32.9290,29.7200,31.9020,23938335
2023-10-24T00:00:00Z,31.9020,32.5850,31.2550,31.3800,17731739
2023-10-24T04:00:00Z,31.3800,31.7800,30.6300,31.2370,8844639
2023-10-24T08:00:00Z,31.2370,31.9860,31.1580,31.8330,7256143
2023-10-24T12:00:00Z,31.8340,32.6220,30.3900,30.8940,19681194
2023-10-24T16:00:00Z,30.8940,31.2050,30.0130,30.4960,11270956
2023-10-24T20:00:00Z,30.4950,30.7890,29.4540,30.1570,10527060
2023-10-25T00:00:00Z,30.1570,32.2350,29.9720,31.0380,10855593
2023-10-25T04:00:00Z,31.0380,31.8720,30.6320,30.9520,6571257
2023-10-25T08:00:00Z,30.9530,32.3010,30.7590,32.2020,9260352
2023-10-25T12:00:00Z,32.2000,33.9600,32.1920,33.3780,18708068
2023-10-25T16:00:00Z,33.3780,33.5670,32.2990,32.7690,11497582
2023-10-25T20:00:00Z,32.7700,33.0760,31.8430,32.4460,6151682
2023-10-26T00:00:00Z,32.4450,32.8060,31.7010,32.7570,6482275
2023-10-26T04:00:00Z,32.7570,33.2880,32.0020,32.8370,6248994
2023-10-26T08:00:00Z,32.8370,32.9880,31.5670,31.8200,8865100
2023-10-26T12:00:00Z,31.8210,32.3930,30.8850,31.2970,10644790
2023-10-26T16:00:00Z,31.2970,31.7090,30.7120,31.5470,7076232
2023-10-26T20:00:00Z,31.5490,33.2500,31.4630,32.7700,7376460
2023-10-27T00:00:00Z,32.7710,32.8670,31.8140,32.3900,6453083
2023-10-27T04:00:00Z,32.3910,32.9060,32.1210,32.3590,4846401
2023-10-27T08:00:00Z,32.3590,33.1350,32.1620,32.5850,6242028
2023-10-27T12:00:00Z,32.5850,33.4220,31.9000,32.2000,11552414
2023-10-27T16:00:00Z,32.1970,32.5250,31.0500,31.9260,8816118
2023-10-27T20:00:00Z,31.9270,32.2770,31.4550,31.7390,3616262
2023-10-28T00:00:00Z,31.7390,32.3900,31.6410,32.3560,3044977
2023-10-28T04:00:00Z,32.3570,32.4930,32.0660,32.2900,2637340
2023-10-28T08:00:00Z,32.2880,32.5320,32.0660,32.1940,3216992
2023-10-28T12:00:00Z,32.1950,32.2290,31.5820,32.0270,4176388
2023-10-28T16:00:00Z,32.0270,32.0980,31.4300,31.5790,3142915
2023-10-28T20:00:00Z,31.5780,31.9750,31.2980,31.6140,2495670
2023-10-29T00:00:00Z,31.6150,31.8400,31.2380,31.5640,2762390
2023-10-29T04:00:00Z,31.5630,32.3600,31.4900,32.2710,3906768
2023-10-29T08:00:00Z,32.2710,32.3650,32.1170,32.2500,2944970
2023-10-29T12:00:00Z,32.2510,32.7040,32.1740,32.6160,4780687
2023-10-29T16:00:00Z,32.6160,33.2000,32.5120,32.9920,4800890
2023-10-29T20:00:00Z,32.9940,33.0330,32.5100,32.8260,2741580
2023-10-30T00:00:00Z,32.8280,33.0980,32.5110,32.7330,3650556
2023-10-30T04:00:00Z,32.7330,32.9800,32.2560,32.5200,3605350
2023-10-30T08:00:00Z,32.5220,35.4090,32.4520,34.9510,15172994
2023-10-30T12:00:00Z,34.9500,35.3950,34.5260,35.0460,7993727
2023-10-30T16:00:00Z,35.0470,35.0530,34.2240,34.9030,6009211
2023-10-30T20:00:00Z,34.8990,35.0370,34.4800,34.9580,2912158
2023-10-31T00:00:00Z,34.9580,36.4800,34.8320,35.7970,10367459
2023-10-31T04:00:00Z,35.7970,36.6340,35.5580,35.7100,7310597
2023-10-31T08:00:00Z,35.7110,36.9770,35.5680,36.5510,8852024
2023-10-31T12:00:00Z,36.5520,36.6640,35.5680,36.0930,9383578
2023-10-31T16:00:00Z,36.0930,36.4470,35.8060,36.2430,4734648
2023-10-31T20:00:00Z,36.2430,38.6190,36.2250,38.3720,11179633
2023-11-01T00:00:00Z,38.3730,38.7890,37.8530,38.2560,9467771
2023-11-01T04:00:00Z,38.2570,39.5040,37.7590,38.4310,8498379
2023-11-01T08:00:00Z,38.4320,39.7800,37.9500,39.2490,16247726
2023-11-01T12:00:00Z,39.2480,41.9990,38.8000,40.5940,32331388
2023-11-01T16:00:00Z,40.5930,46.8000,40.2780,42.0520,43598255
2023-11-01T20:00:00Z,42.0520,43.7770,40.6180,41.2040,18856317
2023-11-02T00:00:00Z,41.2030,42.8820,41.1440,42.5810,9898289
2023-11-02T04:00:00Z,42.5810,43.4190,41.1300,43.0920,10487878
2023-11-02T08:00:00Z,43.0920,44.5590,42.5320,44.4340,12397783
2023-11-02T12:00:00Z,44.4340,44.4940,39.9470,40.0410,24234507
2023-11-02T16:00:00Z,40.0450,41.5540,38.6460,41.3890,24232703
2023-11-02T20:00:00Z,41.3890,42.1300,39.5240,40.2510,12644853
2023-11-03T00:00:00Z,40.2480,40.2700,37.9910,38.9100,14806321
2023-11-03T04:00:00Z,38.9100,39.1250,37.9170,39.0560,8027142
2023-11-03T08:00:00Z,39.0560,39.7700,38.1000,39.1790,12285664
2023-11-03T12:00:00Z,39.1800,40.3150,38.8130,39.8170,12240093
2023-11-03T16:00:00Z,39.8160,40.1000,38.5220,39.1900,8396904
2023-11-03T20:00:00Z,39.1900,39.9430,39.0550,39.4970,4486096
2023-11-04T00:00:00Z,39.4970,41.2370,39.0350,41.1100,7451710
2023-11-04T04:00:00Z,41.1090,42.0760,40.4100,41.6890,9125045
2023-11-04T08:00:00Z,41.6900,42.7850,41.3000,41.5460,8637160
2023-11-04T12:00:00Z,41.5440,42.2090,40.8110,41.2780,7251525
2023-11-04T16:00:00Z,41.2780,41.8900,41.0090,41.3810,4345735
2023-11-04T20:00:00Z,41.3820,42.7310,41.2920,42.4220,4809691
2023-11-05T00:00:00Z,42.4220,42.8960,41.6920,42.5250,5313065
2023-11-05T04:00:00Z,42.5250,42.5490,41.4100,41.5710,4109924
2023-11-05T08:00:00Z,41.5720,41.8230,41.1030,41.6770,4099389
2023-11-05T12:00:00Z,41.6760,41.9000,40.4400,40.7370,5941409
2023-11-05T16:00:00Z,40.7370,41.6360,40.6540,40.7900,3668135
2023-11-05T20:00:00Z,40.7890,41.5730,40,41.1670,4022689
2023-11-06T00:00:00Z,41.1670,41.8710,40.8810,41.1180,3906951
2023-11-06T04:00:00Z,41.1220,41.2480,39.6560,39.9390,6183780
2023-11-06T08:00:00Z,39.9400,40.7390,39.6920,40.3430,4386679
2023-11-06T12:00:00Z,40.3450,40.7570,39.9000,40.2480,5450371
2023-11-06T16:00:00Z,40.2460,40.5500,39.8800,40.5070,4296727
2023-11-06T20:00:00Z,40.5070,42.2410,40.0410,42.1810,6096067
2023-11-07T00:00:00Z,42.1800,42.3290,40.0870,40.8390,7792055
2023-11-07T04:00:00Z,40.8390,41.7300,40.6760,41.5960,4037692
2023-11-07T08:00:00Z,41.5960,41.7970,40.5040,41.1250,6484699
2023-11-07T12:00:00Z,41.1240,42.1550,40.7470,41.2190,9715168
2023-11-07T16:00:00Z,41.2180,44.4040,41.0390,43.8970,16769915
2023-11-07T20:00:00Z,43.8980,45,42.8090,42.9760,8289865
2023-11-08T00:00:00Z,42.9760,43.5490,42.2700,43.3770,5106108
2023-11-08T04:00:00Z,43.3780,43.7970,43.0220,43.4850,3776206
2023-11-08T08:00:00Z,43.4850,43.9130,43.1200,43.3230,3755785
2023-11-08T12:00:00Z,43.3220,43.6130,42.2840,42.7700,6238774
2023-11-08T16:00:00Z,42.7680,43.6540,42.5480,43.1060,4953035
2023-11-08T20:00:00Z,43.1060,43.5550,42.6200,43.1420,5219500
2023-11-09T00:00:00Z,43.1380,44.1760,42.5000,44.1180,7153562
2023-11-09T04:00:00Z,44.1200,44.6510,43.7960,43.9040,5932619
2023-11-09T08:00:00Z,43.9030,47.5290,43.8900,47.1480,15166741
2023-11-09T12:00:00Z,47.1480,49,45.7330,46.4520,20559281
2023-11-09T16:00:00Z,46.4510,46.8770,40.9120,44.4170,22308990
2023-11-09T20:00:00Z,44.4200,45.7590,43.0340,45.3050,7802911
2023-11-10T00:00:00Z,45.3050,48,45.0550,47.4200,8532842
2023-11-10T04:00:00Z,47.4200,48.9990,46.8310,47.6020,8107468
2023-11-10T08:00:00Z,47.6010,51.3000,46.6000,50.7350,14943105
2023-11-10T12:00:00Z,50.7350,52.0260,48.6460,51.1510,14513306
2023-11-10T16:00:00Z,50.9140,54.9990,50.6510,54.1000,16576093
2023-11-10T20:00:00Z,54.1000,57.5730,53.0390,56.6790,14081294
2023-11-11T00:00:00Z,56.6790,57.8130,54.5170,55.8510,14516983
2023-11-11T04:00:00Z,55.8510,56.0360,53.5380,54.3000,9564401
2023-11-11T08:00:00Z,54.3000,55.9300,53.7850,55.2790,7838277
2023-11-11T12:00:00Z,55.2860,64.0360,55.0600,60.9840,30979370
2023-11-11T16:00:00Z,60.9840,62.6240,58.1930,60.5660,15450096
2023-11-11T20:00:00Z,60.5650,60.5660,55.4000,56.4090,13978753
2023-11-12T00:00:00Z,56.4090,57.9790,54.4800,57.4220,12892864
2023-11-12T04:00:00Z,57.4240,61.9430,56.5100,61.1460,12914866
2023-11-12T08:00:00Z,61.1420,61.5550,58.4010,60.0230,10403799
2023-11-12T12:00:00Z,60.0230,60.4450,57.6800,58.6970,9645389
2023-11-12T16:00:00Z,58.6970,58.8300,55.5330,56.0950,8877973
2023-11-12T20:00:00Z,56.0940,57.6300,55.6100,56.3150,6225858
2023-11-13T00:00:00Z,56.3150,59.5000,55.0740,57.0400,10189536
2023-11-13T04:00:00Z,57.0410,59.6250,56.6640,58.2860,7909416
2023-11-13T08:00:00Z,58.2850,59.7430,56.5120,57.0690,7808935
2023-11-13T12:00:00Z,57.0690,59.9590,54.1980,55.6820,20299876
2023-11-13T16:00:00Z,55.6820,56.9890,52.0540,54.7120,12896263
2023-11-13T20:00:00Z,54.7260,54.7390,51.5540,51.6620,9855864
2023-11-14T00:00:00Z,51.6610,54.8650,51.1660,54.0690,9362021
2023-11-14T04:00:00Z,54.0670,55.5070,53.8010,55.1810,4658509
2023-11-14T08:00:00Z,55.1820,55.8800,52.0100,52.7100,8439195
2023-11-14T12:00:00Z,52.7110,58.1910,52.0420,56.2690,21642073
2023-11-14T16:00:00Z,56.2690,57.0970,52.1000,55.1340,15282506
2023-11-14T20:00:00Z,55.1320,57.5100,54.8240,56.8490,7898238
2023-11-15T00:00:00Z,56.8420,57.9990,56.1600,56.2990,5664291
2023-11-15T04:00:00Z,56.3000,59.7940,56.2730,59.1860,7036596
2023-11-15T08:00:00Z,59.1900,63.7260,58.7160,63.0440,12588842
2023-11-15T12:00:00Z,63.0420,63.9140,61.3660,62.4910,13464628
2023-11-15T16:00:00Z,62.4910,65.8840,60.7050,65.3910,15832065
2023-11-15T20:00:00Z,65.3890,67.2280,64.2410,65.5060,10200943
2023-11-16T00:00:00Z,65.5060,66.8300,64.5020,65.9160,7024185
2023-11-16T04:00:00Z,65.9150,68.3560,64.7570,65.7330,8426867
2023-11-16T08:00:00Z,65.7320,66.1300,63.2560,64.0820,10607586
2023-11-16T12:00:00Z,64.0750,64.7990,60.3680,61.6470,14493593
2023-11-16T16:00:00Z,61.6490,62.8900,58.9190,62.3700,11539230
2023-11-16T20:00:00Z,62.3770,62.8990,56.4000,57.8420,14534458
2023-11-17T00:00:00Z,57.8420,60.6180,57.6050,58.9340,10162608
2023-11-17T04:00:00Z,58.9340,59.9720,57.9910,58.1770,6002284
2023-11-17T08:00:00Z,58.1790,59.0820,56.4500,58.1750,8925644
2023-11-17T12:00:00Z,58.1670,59.6840,54.0930,55.0530,15241962
2023-11-17T16:00:00Z,55.0530,58.7380,54.3650,57.5850,12083113
2023-11-17T20:00:00Z,57.5760,59.5230,57.4860,58.4900,5264854
2023-11-18T00:00:00Z,58.4980,58.6190,56.3000,56.7370,4897768
2023-11-18T04:00:00Z,56.7340,57.4940,54.7000,56.3720,6163781
2023-11-18T08:00:00Z,56.3700,57.6990,56.0580,57.0120,4455141
2023-11-18T12:00:00Z,57.0130,58.3880,55.5050,57.9930,8231366
2023-11-18T16:00:00Z,57.9930,59.4000,57.5220,59.0500,7387270
2023-11-18T20:00:00Z,59.0490,59.3410,57.9960,58.5810,4029240
2023-11-19T00:00:00Z,58.5810,58.5840,56.5760,58.2520,4622280
2023-11-19T04:00:00Z,58.2530,60.9580,57.7520,60.4550,5891899
2023-11-19T08:00:00Z,60.4570,61.8000,59.4200,59.8760,8142241
2023-11-19T12:00:00Z,59.8770,60.3690,59.0870,59.9990,6017936
2023-11-19T16:00:00Z,60.0020,61.3170,59.4000,61.1960,5108676
2023-11-19T20:00:00Z,61.1960,62.1510,60.1130,61.0990,5727287
2023-11-20T00:00:00Z,61.0990,61.3580,59.7600,59.9640,4894836
2023-11-20T04:00:00Z,59.9640,60.2310,59.1310,59.9310,3972981
2023-11-20T08:00:00Z,59.9300,61.1640,59.3100,60.0840,5571798
2023-11-20T12:00:00Z,60.0840,60.6860,56.9710,59.0080,10746191
2023-11-20T16:00:00Z,59.0010,59.4270,56.5000,57.5640,11096829
2023-11-20T20:00:00Z,57.5640,57.8180,55.9610,56.6030,5964219
2023-11-21T00:00:00Z,56.6030,57.4110,55.1110,56.0270,6110502
2023-11-21T04:00:00Z,56.0270,56.5000,55.3110,55.3990,3330292
2023-11-21T08:00:00Z,55.3990,57.1900,55.3770,56.2990,5002484
2023-11-21T12:00:00Z,56.3010,56.6800,52.7000,55.1300,14716171
2023-11-21T16:00:00Z,55.1290,56.2570,52.3490,54.8350,14342466
2023-11-21T20:00:00Z,54.8410,55.7990,51.2000,51.6820,10600577
2023-11-22T00:00:00Z,51.6840,54.4440,51.4790,54.3510,5813555
2023-11-22T04:00:00Z,54.3510,55.2900,53.9150,54.6520,4220275
2023-11-22T08:00:00Z,54.6540,55.2500,54.3560,54.5300,4103628
2023-11-22T12:00:00Z,54.5380,55.7980,54.0350,54.9440,7463037
2023-11-22T16:00:00Z,54.9450,57.6800,54.4100,57.3130,7874538
2023-11-22T20:00:00Z,57.3130,58.9230,56.9240,57.5790,6910325
2023-11-23T00:00:00Z,57.5750,58.4970,57.0210,57.6570,4526802
2023-11-23T04:00:00Z,57.6570,58.5820,57.5230,57.8230,3474819
2023-11-23T08:00:00Z,57.8230,59.0190,57.1890,57.9690,5430662
2023-11-23T12:00:00Z,57.9720,59.6880,56.4550,56.6400,8942447
2023-11-23T16:00:00Z,56.6400,57.3430,56.1210,56.3740,3913944
2023-11-23T20:00:00Z,56.3730,57.1370,56.3060,56.5370,2689224
2023-11-24T00:00:00Z,56.5390,57.6320,56.1960,57.2770,3139505
2023-11-24T04:00:00Z,57.2770,57.4560,56.6620,57.3590,2036214
2023-11-24T08:00:00Z,57.3620,58.8400,57.1000,58.0570,5881870
2023-11-24T12:00:00Z,58.0600,58.5500,57.2000,58.1580,5461835
2023-11-24T16:00:00Z,58.1600,58.4640,56.8030,57.1660,4615131
2023-11-24T20:00:00Z,57.1650,57.6180,56.4240,56.8690,2427641
2023-11-25T00:00:00Z,56.8690,59.8690,55.6300,58.8500,8182210
2023-11-25T04:00:00Z,58.8510,59.0150,58.4230,58.6220,2371449
2023-11-25T08:00:00Z,58.6230,58.8570,57.3510,57.8250,3347009
2023-11-25T12:00:00Z,57.8250,58.7660,57.7080,58.5460,2856118
2023-11-25T16:00:00Z,58.5460,59.7380,58.3300,59.0540,3558327
2023-11-25T20:00:00Z,59.0540,59.3140,58.6150,58.8300,1679178
2023-11-26T00:00:00Z,58.8300,59.0640,58.0010,58.3450,2147896
2023-11-26T04:00:00Z,58.3440,58.6740,58.1680,58.4280,1537214
2023-11-26T08:00:00Z,58.4300,58.6380,57.7500,57.8650,2228370
2023-11-26T12:00:00Z,57.8690,58.1250,56.6630,57.1060,4971690
2023-11-26T16:00:00Z,57.1010,57.2990,56.1000,57.1970,4252341
2023-11-26T20:00:00Z,57.2000,58.7590,57,57.5930,4056560
2023-11-27T00:00:00Z,57.5930,58.1100,56.1510,56.6000,3535336
2023-11-27T04:00:00Z,56.6010,57.3500,55.5000,55.9210,4411733
2023-11-27T08:00:00Z,55.9270,56.2800,54.7000,55.0260,5731838
2023-11-27T12:00:00Z,55.0250,55.2180,53.9000,53.9620,6083228
2023-11-27T16:00:00Z,53.9620,55.1370,53.4120,54.1240,5588379
2023-11-27T20:00:00Z,54.1240,55.1430,53.6680,55.0300,3437176
2023-11-28T00:00:00Z,55.0300,55.3960,54.6090,54.9340,2466341
2023-11-28T04:00:00Z,54.9330,55.3000,53.9230,55.0570,4302235
2023-11-28T08:00:00Z,55.0570,56.3490,54.6500,56.1630,4307013
2023-11-28T12:00:00Z,56.1640,56.3990,55.4260,56.0700,4849101
2023-11-28T16:00:00Z,56.0680,58.4220,55.9370,58.0300,8687058
2023-11-28T20:00:00Z,58.0290,58.6700,57.5680,58.1830,3864513
2023-11-29T00:00:00Z,58.1840,58.8760,57.7440,58.5290,3561633
2023-11-29T04:00:00Z,58.5290,59.6570,58.2010,59.3710,4315007
2023-11-29T08:00:00Z,59.3710,61.7990,59.3670,60.6480,9600334
2023-11-29T12:00:00Z,60.6480,61.6600,59.1120,60.0660,8254125
2023-11-29T16:00:00Z,60.0660,60.3960,58.8770,60.0630,4853324
2023-11-29T20:00:00Z,60.0630,60.2590,58.5500,59.3240,3988346
2023-11-30T00:00:00Z,59.3240,60.7320,58.7380,60.4010,4077790
2023-11-30T04:00:00Z,60.4010,61.2940,59.6220,59.9900,4092034
2023-11-30T08:00:00Z,59.9900,60.9500,59.2360,60.7760,3846842
2023-11-30T12:00:00Z,60.7750,61.7620,59.1460,59.5780,7960424
2023-11-30T16:00:00Z,59.5780,59.9900,58.9020,59.9840,3476937
2023-11-30T20:00:00Z,59.9800,60.1630,58.9530,59.3090,2672971
2023-12-01T00:00:00Z,59.3090,61.0990,58.5850,60.7880,5644753
2023-12-01T04:00:00Z,60.7880,61.3090,60.2250,60.8810,4135970
2023-12-01T08:00:00Z,60.8810,61.9370,60.6740,61.0500,5412653
2023-12-01T12:00:00Z,61.0510,61.1980,59.7560,60.1470,4827643
2023-12-01T16:00:00Z,60.1470,61.1160,59.8630,60.5060,5797405
2023-12-01T20:00:00Z,60.5060,60.7470,59.5870,59.7500,2763906
2023-12-02T00:00:00Z,59.7490,61.2040,59.6700,61.0540,3090313
2023-12-02T04:00:00Z,61.0540,62.7000,60.8330,62.0550,5108646
2023-12-02T08:00:00Z,62.0550,62.5500,61.6540,62.1830,3498991
2023-12-02T12:00:00Z,62.1820,62.6220,61.4560,61.9120,4048496
2023-12-02T16:00:00Z,61.9110,63.4990,61.4000,63.0120,5305948
2023-12-02T20:00:00Z,63.0110,63.9540,62.7360,63.6840,4018554
2023-12-03T00:00:00Z,63.6840,65.6220,63.5420,64.1570,6897696
2023-12-03T04:00:00Z,64.1570,64.3320,63.5200,63.9860,2661327
2023-12-03T08:00:00Z,63.9860,64.1790,63.0500,63.5720,3108763
2023-12-03T12:00:00Z,63.5720,63.6600,62.4460,63.0340,4878373
2023-12-03T16:00:00Z,63.0330,63.0830,62.2340,62.9710,2491831
2023-12-03T20:00:00Z,62.9700,64.1560,62.5180,63.0150,4758421
2023-12-04T00:00:00Z,63.0200,64.9990,62.9410,64.2920,4925107
2023-12-04T04:00:00Z,64.2910,65.3400,63.6030,63.7740,5749030
2023-12-04T08:00:00Z,63.7740,64.4140,59,62.1230,10767491
2023-12-04T12:00:00Z,62.1180,62.2880,59.9040,60.5770,8110023
2023-12-04T16:00:00Z,60.5770,61.3720,60.3570,61.0660,3219016
2023-12-04T20:00:00Z,61.0660,62.1100,60.6660,61.6710,3732601
2023-12-05T00:00:00Z,61.6710,62.2220,59.6200,60.6400,5253256
2023-12-05T04:00:00Z,60.6370,60.7000,59.1040,59.6980,4542709
2023-12-05T08:00:00Z,59.6990,60.4630,59.4440,60.1900,3241682
2023-12-05T12:00:00Z,60.1900,61.7220,60.0030,60.9990,4889917
2023-12-05T16:00:00Z,60.9980,62.6610,60.3880,61.4370,7658144
2023-12-05T20:00:00Z,61.4370,61.7000,60.2200,61.0610,3561902
2023-12-06T00:00:00Z,61.0580,64.5500,61.0480,64.4230,10662928
2023-12-06T04:00:00Z,64.4240,64.7330,62.6110,63.4270,6332690
2023-12-06T08:00:00Z,63.4270,66.7970,61.8490,63.0510,13833346
2023-12-06T12:00:00Z,63.0510,63.7560,62.4010,62.6720,5661713
2023-12-06T16:00:00Z,62.6740,64.4880,62.5400,64.4680,4453016
2023-12-06T20:00:00Z,64.4670,64.6660,61.4560,61.8780,5589769
2023-12-07T00:00:00Z,61.8780,64.0090,61.6570,62.9530,3648298
2023-12-07T04:00:00Z,62.9530,63.8830,62.8630,63.3850,2583217
2023-12-07T08:00:00Z,63.3860,64.4100,61.6960,64.2890,8739830
2023-12-07T12:00:00Z,64.2880,66.3110,63.6500,65.9170,9206327
2023-12-07T16:00:00Z,65.9180,67.7350,64.5260,64.8370,8712419
2023-12-07T20:00:00Z,64.8370,69.5460,64.6870,67.8060,9726330
2023-12-08T00:00:00Z,67.8070,72.4100,67.8060,71.5410,9162656
2023-12-08T04:00:00Z,71.5410,73,70.8770,71.4350,8294470
2023-12-08T08:00:00Z,71.4360,73.9330,70.5320,73.0150,7356500
2023-12-08T12:00:00Z,73.0150,74.5000,71.7160,72.0710,8147318
2023-12-08T16:00:00Z,72.0720,74.2940,72.0330,72.3290,5899274
2023-12-08T20:00:00Z,72.3290,75.4600,72.3030,74.9800,5074564
2023-12-09T00:00:00Z,74.9790,75.6000,73.0010,74.2170,4354542
2023-12-09T04:00:00Z,74.2170,77.8790,73.6610,76.9840,6770559
2023-12-09T08:00:00Z,76.9780,77.6960,74.5500,77.2070,7980169
2023-12-09T12:00:00Z,77.2060,77.5750,75.0700,75.6120,5919201
2023-12-09T16:00:00Z,75.6130,75.9020,72.7700,74.1520,6017770
2023-12-09T20:00:00Z,74.1510,74.4470,71.4720,72.3680,4507444
2023-12-10T00:00:00Z,72.3700,74.0550,72.2440,73.0810,3193676
2023-12-10T04:00:00Z,73.0810,73.6990,71.7000,72.5240,3083481
2023-12-10T08:00:00Z,72.5240,72.8440,70.7280,71.4960,4896739
2023-12-10T12:00:00Z,71.4970,74.6950,71.4110,73.7670,5056795
2023-12-10T16:00:00Z,73.7610,74.1570,72.1920,73.5450,3571367
2023-12-10T20:00:00Z,73.5460,74.9610,73.3750,74.9070,3987859
2023-12-11T00:00:00Z,74.9040,75.0240,63.5010,70.8880,15065241
2023-12-11T04:00:00Z,70.8880,71.2200,67.9340,68.5220,6828101
2023-12-11T08:00:00Z,68.5190,70.0140,67.8050,69.6760,4652909
2023-12-11T12:00:00Z,69.6700,69.8630,66.9360,69.2720,7893399
2023-12-11T16:00:00Z,69.2760,70.9600,68,69.3750,10410532
2023-12-11T20:00:00Z,69.3760,70.6870,67.7650,70.2860,5087519
2023-12-12T00:00:00Z,70.2820,72.4790,70.2700,71.2320,5196858
2023-12-12T04:00:00Z,71.2320,71.8200,69.6220,71.7910,3851105
2023-12-12T08:00:00Z,71.7900,72.2780,70.5300,70.6590,3482412
2023-12-12T12:00:00Z,70.6600,71.8550,68.2670,68.5140,7567725
2023-12-12T16:00:00Z,68.5140,68.8500,65.7890,67.6750,7814429
2023-12-12T20:00:00Z,67.6750,69.1400,66.9220,68.6440,3562296
2023-12-13T00:00:00Z,68.6350,68.8230,65.1100,65.5170,6138575
2023-12-13T04:00:00Z,65.5180,66.2890,63.6400,64.9240,5551740
2023-12-13T08:00:00Z,64.9240,66.7220,64.8160,65.4440,3419229
2023-12-13T12:00:00Z,65.4450,68.2080,65.1540,67.5810,4896876
2023-12-13T16:00:00Z,67.5810,70.5820,66.8080,70.3350,5466125
2023-12-13T20:00:00Z,70.3340,72.6660,70.0800,70.6680,6092363
2023-12-14T00:00:00Z,70.6690,71.0960,69.6800,70.1220,2965507
2023-12-14T04:00:00Z,70.1300,71.9460,69.7280,71.5730,3332535
2023-12-14T08:00:00Z,71.5700,73.7800,71.0800,73.5230,4533354
2023-12-14T12:00:00Z,73.5270,73.8580,67,71.6600,9982975
2023-12-14T16:00:00Z,71.6600,74.5520,71.6570,73.3020,6660897
2023-12-14T20:00:00Z,73.2960,76.3150,72.6910,75.7510,5142196
2023-12-15T00:00:00Z,75.7510,75.9330,74.1000,74.4550,3605143
2023-12-15T04:00:00Z,74.4580,77.1670,74.3900,76.6630,5207970
2023-12-15T08:00:00Z,76.6640,79.3980,76.2370,79.1820,6287802
2023-12-15T12:00:00Z,79.1820,79.6790,75.2540,76.0970,8794211
2023-12-15T16:00:00Z,76.0970,77.4950,73.6140,76.9570,6982462
2023-12-15T20:00:00Z,76.9560,77.2730,72.1660,72.5520,4806115
2023-12-16T00:00:00Z,72.5580,74.4370,71.2200,74.2250,4873907
2023-12-16T04:00:00Z,74.2240,74.6000,73.6630,74.3920,1956790
2023-12-16T08:00:00Z,74.3920,75.1620,73.7780,75.1320,2400633
2023-12-16T12:00:00Z,75.1330,77.2400,74.8920,77.1740,4847633
2023-12-16T16:00:00Z,77.1740,77.2390,73.8130,74.2100,4194460
2023-12-16T20:00:00Z,74.2110,74.6280,72.8010,73.7370,3285598
2023-12-17T00:00:00Z,73.7360,74.1640,72.5970,73.5730,2742089
2023-12-17T04:00:00Z,73.5730,74.3350,72.0450,72.3880,3137838
2023-12-17T08:00:00Z,72.3870,73.3500,71.7550,73.1040,2756148
2023-12-17T12:00:00Z,73.1000,73.3380,71.3890,72.7160,4045782
